{"type":"FeatureCollection","name":"macrozoneamento","features":[{"type":"Feature","id":"73-0","properties":{"FID":"1","FID_Macroz":"6","id":"0","Macrozona":"Macrozona de Desenvolvimento Agropecuário","FID_Difere":"-1","FID_1":"0","Shape_Leng":"98489,197964","name":"Macrozona de Desenvolvimento Agropecuário","sourceId":"1D-snwAnIyCZDF4FcUYM5-uS5wsKKIEC6","sourceSha256":"177f60cf86a59d9867f56d738f13eef9041db4e818ac7a0578a1ccca6d51bfc3","sourceDate":"2023","scope":"municipal-cartography-context-not-property-boundary"},"geometry":{"type":"Polygon","coordinates":[[[-44.00044229497641,-20.25835578379638],[-44.0004537640915,-20.25826814012245],[-44.0005685437741,-20.25739105413075],[-44.00059251746924,-20.25720785765091],[-44.00064282928722,-20.25682339655161],[-44.00110859764347,-20.25326408676215],[-44.00115835485918,-20.25288383981044],[-44.00118759145415,-20.25266040420858],[-44.0012086332416,-20.25249960215066],[-44.00126967770127,-20.25203309448403],[-44.00129358602549,-20.25185038527826],[-44.00130306904347,-20.25177791048208],[-44.00141678664482,-20.2509088520751],[-44.0014959235459,-20.25030406221581],[-44.00273605893364,-20.24336365779928],[-44.00297178618801,-20.24204432960263],[-44.00438003575486,-20.23416205563016],[-44.00487134526753,-20.23141187590501],[-44.01122662238711,-20.22323562988596],[-44.01223733049886,-20.22184624272766],[-44.01315761799899,-20.22039538047965],[-44.01398375628396,-20.21888892017921],[-44.01471240157888,-20.21733296142958],[-44.01534060076369,-20.21573380743014],[-44.01586581162839,-20.21409793343982],[-44.01628590582969,-20.21243196508522],[-44.01659918241547,-20.21074264950231],[-44.01680437176107,-20.20903682823488],[-44.01690064428681,-20.20732141016311],[-44.01689214391134,-20.20620100837739],[-44.01676532050723,-20.20388958046425],[-44.01627285310454,-20.20088769286836],[-44.01575007721964,-20.19884330530452],[-44.01574628783051,-20.19883208643434],[-44.01520010475353,-20.19721558241451],[-44.01446652573312,-20.19524533053547],[-44.01449781227126,-20.19514483100151],[-44.01541330946053,-20.19220404211931],[-44.0159675819941,-20.19042352912418],[-44.01642209138362,-20.18739117417874],[-44.01645275593773,-20.18690859107592],[-44.01652713123779,-20.18573807614657],[-44.01653398627658,-20.1844071488146],[-44.01651713476593,-20.18358812212088],[-44.01640414399993,-20.18204002329946],[-44.01627905930288,-20.18112118149952],[-44.01627705313131,-20.18110644515469],[-44.01627639631291,-20.18110161834103],[-44.01627532509043,-20.18109374696296],[-44.01617678541362,-20.1803698901282],[-44.01601390646353,-20.17955696744543],[-44.015968047123,-20.17932808427103],[-44.01596384004968,-20.17930708757254],[-44.01596205572103,-20.17929818035044],[-44.01596167249863,-20.17929626810549],[-44.01584565003884,-20.17871719991016],[-44.01572532343759,-20.17826522233999],[-44.01562413959835,-20.17788514866927],[-44.01487761335249,-20.17548982467968],[-44.01449660950093,-20.17454978040541],[-44.01385776889239,-20.17312204486916],[-44.01368999809605,-20.17277251364175],[-44.01365710067132,-20.17270397487641],[-44.01355621722142,-20.17249379508809],[-44.01351511093147,-20.17240815399062],[-44.01342295727287,-20.17224339114894],[-44.01340055905103,-20.17220334317013],[-44.01300011329609,-20.17148736901836],[-44.01298998262051,-20.1714692547746],[-44.01297936271828,-20.17145026766879],[-44.01331836715335,-20.17108068771435],[-44.01373106910965,-20.17073691437282],[-44.01371781994678,-20.17046687783988],[-44.013982171421,-20.17085253113097],[-44.01431135368168,-20.1708543754945],[-44.01470394689816,-20.1709604643807],[-44.01470479436892,-20.17096082422099],[-44.01517680642689,-20.17116173065345],[-44.01517729791696,-20.17116194031706],[-44.01557003538532,-20.17125899263297],[-44.01600483380311,-20.17129569635117],[-44.01633800634571,-20.17132381640892],[-44.01703283268663,-20.17130149654596],[-44.0174419606617,-20.17126457668193],[-44.0179376801099,-20.17121982652699],[-44.01862426712594,-20.17113783816065],[-44.01879843339442,-20.17098334382336],[-44.01891972503398,-20.170716623656],[-44.0189948545427,-20.17033662911511],[-44.01896912772413,-20.17000847000023],[-44.01883425748188,-20.169696959227],[-44.01861971505968,-20.16933996207952],[-44.01845449527445,-20.169065011978],[-44.01836510700366,-20.16865880955211],[-44.01806508263486,-20.1683302123633],[-44.01791605666484,-20.16797846007164],[-44.01775402319086,-20.16758929857702],[-44.01775621052094,-20.16723988096568],[-44.01766362198035,-20.16684869541165],[-44.017720198555,-20.16642434186074],[-44.01776252922712,-20.16623045042444],[-44.01776447336925,-20.16591985604061],[-44.01794066119009,-20.16554853059685],[-44.01794287596604,-20.1655493561505],[-44.01793403739957,-20.16510547400535],[-44.01826870129114,-20.16479835316414],[-44.01840399036851,-20.16458762189279],[-44.01857934078181,-20.16448741118008],[-44.01872571579029,-20.16436139597951],[-44.01892703383356,-20.16418806077737],[-44.01907349341104,-20.16401015393014],[-44.01912469147972,-20.16394796778706],[-44.01947409022436,-20.1636984023101],[-44.01977701306047,-20.16355748131959],[-44.02014070648342,-20.16335984882344],[-44.02048967492946,-20.16325527161012],[-44.02077694462614,-20.16304964879352],[-44.02104966777465,-20.16290855840378],[-44.02144463199201,-20.16253996353088],[-44.0223551839095,-20.16183196690051],[-44.02302989198868,-20.1613842255263],[-44.02340373465464,-20.16135001250011],[-44.02400332302746,-20.16106254799124],[-44.02450191577451,-20.16092420319029],[-44.02540241572881,-20.16087617079237],[-44.02593714238206,-20.16084030491976],[-44.02647162807116,-20.16084326172174],[-44.0269649900665,-20.16084598958499],[-44.0274994759387,-20.16084894326713],[-44.02795173247987,-20.16085144126502],[-44.02832176156647,-20.1608534842228],[-44.02889736192682,-20.16085666060863],[-44.02918372187298,-20.16109119413933],[-44.02946706520451,-20.16091912988097],[-44.02927248006959,-20.16019517667381],[-44.02940128084492,-20.1596411225423],[-44.02964237623497,-20.15918434937713],[-44.03014018247342,-20.1585738140359],[-44.03063825339838,-20.15812277381189],[-44.03094360586357,-20.15795543618025],[-44.0313010609505,-20.15785893415191],[-44.03187851889155,-20.15778260602763],[-44.0324557313408,-20.15774603190981],[-44.03296999213448,-20.15766936277618],[-44.03335914782454,-20.15756310056283],[-44.03392798307544,-20.15716954367965],[-44.03426502322829,-20.15682440900347],[-44.03478358092486,-20.15620383540759],[-44.03504784470496,-20.15589260803208],[-44.0354383939607,-20.15535283125132],[-44.03577413551689,-20.1548223761991],[-44.03604218224243,-20.15442710110298],[-44.03628504469756,-20.15414107296188],[-44.03678028772832,-20.15389616269473],[-44.03740997142268,-20.15386979790314],[-44.03793399760998,-20.15392234838403],[-44.0382402006573,-20.15376682963702],[-44.03900840523516,-20.15347372616626],[-44.03918883499994,-20.15356539538904],[-44.03939161599991,-20.15367888238901],[-44.03983334799993,-20.15364199438901],[-44.04011101899993,-20.153726980389],[-44.04038629354925,-20.15385779416642],[-44.04069637860578,-20.15397811622484],[-44.04078120486552,-20.15401103116552],[-44.04092500599993,-20.154061599389],[-44.04169562399994,-20.15405667138901],[-44.04243754584816,-20.15399045574343],[-44.04248652399996,-20.15398608438898],[-44.04291816415082,-20.15391603789302],[-44.04342751299997,-20.15383337938902],[-44.04342751299997,-20.15383337938902],[-44.04362339699998,-20.15365485238905],[-44.0436636722007,-20.15371416305626],[-44.04375651754204,-20.15402732495074],[-44.04407327990288,-20.1541717797639],[-44.04423131443176,-20.15430091649439],[-44.04447799565147,-20.15479829977114],[-44.04463789117253,-20.15489079710307],[-44.04464956650907,-20.154907729854],[-44.04505761400141,-20.15513358271882],[-44.04535845732331,-20.15530009515505],[-44.04580032182383,-20.15554467160116],[-44.04615882239297,-20.15600150167119],[-44.04643539397732,-20.15635392319622],[-44.04665863182688,-20.15682967203454],[-44.04686451775036,-20.15726841637749],[-44.04706721288952,-20.15770036655172],[-44.04741745294764,-20.15857522616241],[-44.04776404939742,-20.15887320586312],[-44.0481248681859,-20.15918341556304],[-44.04883189070812,-20.1598587434632],[-44.04975712038174,-20.15972944369508],[-44.05082658973769,-20.15926515487392],[-44.05128964822155,-20.15899531875824],[-44.05207303811922,-20.15879154794643],[-44.05237676570259,-20.15967325013573],[-44.05253292165603,-20.15995874747253],[-44.05259474387856,-20.16034391534317],[-44.05256823836567,-20.16060404335995],[-44.05235203705811,-20.16107814271404],[-44.05225631119181,-20.16139390046774],[-44.05255289102582,-20.16203698671305],[-44.05290455959271,-20.16227113961381],[-44.05326559378003,-20.16230434493618],[-44.05352804871927,-20.16232848989342],[-44.05391638642679,-20.16236420802307],[-44.05485121343821,-20.16236380882102],[-44.05579163110163,-20.16271945458134],[-44.05623479215071,-20.16316999701042],[-44.05685686592678,-20.16387454767379],[-44.05731150552651,-20.16424554558654],[-44.05772585981291,-20.16479554115586],[-44.05810705735073,-20.16530152134131],[-44.05838731156177,-20.16563104063258],[-44.0586646282683,-20.16582051846402],[-44.05940219534935,-20.16617948812004],[-44.06012340058677,-20.16686015349674],[-44.06038583559415,-20.16746600930226],[-44.06068784737658,-20.16799889679873],[-44.0607477690186,-20.16837601044994],[-44.06075120349755,-20.16876457697571],[-44.06069686788566,-20.1693660315237],[-44.06094943263602,-20.17050138316914],[-44.06129038768309,-20.17093511234118],[-44.06186431624204,-20.17131463273012],[-44.06233829965673,-20.17176726778272],[-44.06358260247237,-20.17262978220713],[-44.06407806146105,-20.17312686473344],[-44.06449879407882,-20.1736292229698],[-44.06480935166121,-20.17418537081351],[-44.06536263152442,-20.17484565988904],[-44.0659059246894,-20.17537448975909],[-44.06623449324749,-20.17580001305205],[-44.06633725235618,-20.17606163363497],[-44.06639646638111,-20.17671798667184],[-44.066664150751,-20.17724435757529],[-44.06682118842534,-20.17738882943963],[-44.06742618262239,-20.1780010012294],[-44.06754359584045,-20.1783721017499],[-44.06738644953134,-20.17921429887344],[-44.06704082518864,-20.17955946052482],[-44.06648565476507,-20.17990892174267],[-44.06614655367139,-20.18028473770249],[-44.06593238160574,-20.18073628405235],[-44.06540681977971,-20.1815729075978],[-44.06544704548981,-20.18240712527195],[-44.06545010183229,-20.18330076211226],[-44.06545691121706,-20.18360171017478],[-44.0659740030462,-20.18383955487502],[-44.06666229889523,-20.18389322106788],[-44.06714020177293,-20.1836957080561],[-44.06745801009042,-20.18369739355952],[-44.0677758174832,-20.18369907848373],[-44.06809332858882,-20.18375077321902],[-44.06872894469525,-20.1837541402109],[-44.06926100988367,-20.18335685121387],[-44.06974098530952,-20.18280925807892],[-44.07022006667127,-20.18241169471827],[-44.07059202600279,-20.18221361277524],[-44.07117466887783,-20.18221669077086],[-44.07181027932313,-20.18222004638315],[-44.07266013667367,-20.18182443247253],[-44.07308387639407,-20.18182666618406],[-44.07350879728965,-20.18162885609222],[-44.07377363470054,-20.18163025099268],[-44.07403965255673,-20.18143160358065],[-44.07446427700712,-20.18128380157116],[-44.07467614575966,-20.18128491635028],[-44.07504692663729,-20.18128686665516],[-44.07536473078707,-20.18128853768071],[-44.07614069040065,-20.18106911967724],[-44.07639174220424,-20.18060157082353],[-44.07681014659475,-20.17982233042528],[-44.07713202861854,-20.17892232845811],[-44.07807918693828,-20.17824122511822],[-44.07847638350513,-20.17795559722393],[-44.07905708708803,-20.17772420948335],[-44.08005157444021,-20.17749498329546],[-44.08138419610923,-20.17706248125362],[-44.08160937920964,-20.17668956440464],[-44.08229263187022,-20.17638922519403],[-44.08287194408211,-20.17639224633118],[-44.08390066937021,-20.17613499425504],[-44.08426349629974,-20.17626968888136],[-44.08443279476435,-20.17661484627883],[-44.08518975257301,-20.17661878428885],[-44.08552373280379,-20.17706787542997],[-44.08592265764935,-20.1770699487734],[-44.08652104453262,-20.17707305709035],[-44.08731890409181,-20.17707719840061],[-44.08785007362413,-20.17720551253923],[-44.08844846134699,-20.17720861432034],[-44.08911078417815,-20.17765151111615],[-44.08977312042112,-20.17809439745782],[-44.09015655997261,-20.17839746738906],[-44.09092145968906,-20.17835354137155],[-44.09147419805163,-20.17808529190035],[-44.09174948124556,-20.17796927732827],[-44.09243802695454,-20.17789152755579],[-44.09296605604518,-20.17759784597084],[-44.09349067065832,-20.17773063633263],[-44.09465895268812,-20.17826080236357],[-44.09479229616413,-20.17770210922498],[-44.09487707114703,-20.17760136342918],[-44.095071963716,-20.17749577265031],[-44.09502690680161,-20.17683778132991],[-44.09511579394579,-20.17653190226591],[-44.09526598093648,-20.17637719841613],[-44.09631755125519,-20.17605829511755],[-44.09657859201741,-20.17576865189441],[-44.0967148127009,-20.17538171217449],[-44.09706286381182,-20.1752606321477],[-44.09745089924356,-20.17551476308271],[-44.09770203230909,-20.17560277545755],[-44.09818143900526,-20.17561065502971],[-44.09868820295893,-20.17585535420019],[-44.09881820081159,-20.17587770574022],[-44.09923599524154,-20.17577143479461],[-44.0997155937475,-20.17525254978275],[-44.10023570169142,-20.1749913333591],[-44.1006758109934,-20.17500803170797],[-44.1016667962087,-20.17475111396329],[-44.10243071646733,-20.17487516018613],[-44.10288778238567,-20.17459916605725],[-44.1031080204266,-20.17457137394507],[-44.10370372556951,-20.17481480449487],[-44.10379071161426,-20.17467251128978],[-44.1038024107431,-20.17430480047574],[-44.10415027253898,-20.17420719790765],[-44.10437154353785,-20.17433841994927],[-44.10447038781506,-20.17446720242096],[-44.10430425083344,-20.17473565646548],[-44.10429822525643,-20.17494791867574],[-44.10456113361967,-20.17515802690787],[-44.10446007015973,-20.17543123883541],[-44.10437600676767,-20.17557454116769],[-44.10440964989309,-20.17570750956186],[-44.1047856945131,-20.17639157264548],[-44.1049136588904,-20.17660280892086],[-44.10547522530452,-20.17680350117894],[-44.10586305604068,-20.1767945668139],[-44.10643324280432,-20.17688844411986],[-44.10646144894267,-20.1768708503826],[-44.10667249008497,-20.17711411507445],[-44.10690985556045,-20.17761137017571],[-44.10715808847468,-20.17772646158197],[-44.10743514838503,-20.17779380989382],[-44.10762313968733,-20.17790055324116],[-44.10813102909194,-20.17787567866957],[-44.10857763259314,-20.17792012995575],[-44.1096053867528,-20.17792533516407],[-44.11067195957686,-20.17807499415295],[-44.11103867214286,-20.17804431933665],[-44.11123991491475,-20.17799835976131],[-44.11175026462156,-20.17793617886371],[-44.11215926191024,-20.17804636450754],[-44.11273237580787,-20.17810991269606],[-44.1132241480783,-20.1780701958921],[-44.11380505040088,-20.17807312336426],[-44.11447484507817,-20.17816088062981],[-44.1154611611947,-20.17831785030732],[-44.11563088302249,-20.17839364560446],[-44.11597677801708,-20.1783330561458],[-44.11616798233746,-20.17830728940952],[-44.1163022445411,-20.17834137790709],[-44.11658201015979,-20.17841032487431],[-44.11677580167651,-20.17846721985586],[-44.11716548717331,-20.17846447750521],[-44.11750062818111,-20.17846615920789],[-44.11772404692599,-20.17846727994516],[-44.11846371592577,-20.17840157619296],[-44.11915216935509,-20.17868307114482],[-44.11930244588839,-20.17867076703773],[-44.11995712214397,-20.17868943139003],[-44.12051569268805,-20.17869222504379],[-44.12124330236462,-20.17843215394742],[-44.12169457943697,-20.17764329593248],[-44.12181101780282,-20.17680002306819],[-44.12198499379676,-20.17620339629145],[-44.12190614428481,-20.1754523344158],[-44.12209858512982,-20.17523566108103],[-44.12238361096492,-20.17491474284527],[-44.12283452413901,-20.17440704307612],[-44.12318396052742,-20.1740805351913],[-44.12383744378982,-20.17401485741008],[-44.124228432203,-20.17401680409952],[-44.12523617397391,-20.17359989449714],[-44.12568506488964,-20.17323293507101],[-44.12630211564595,-20.17276133574785],[-44.12658196807536,-20.17265724236539],[-44.12753149394506,-20.17266195336898],[-44.12900691291711,-20.17232061054387],[-44.1293943362625,-20.1718400290818],[-44.12989674102971,-20.17131302957703],[-44.13016087517197,-20.17093119322631],[-44.13055808008171,-20.17025734715331],[-44.1310061075319,-20.16970198337307],[-44.13125848538267,-20.16923543143308],[-44.13174533282518,-20.16824366835674],[-44.1321481348802,-20.16738905805164],[-44.13288149462335,-20.16685157686804],[-44.13327765771521,-20.1666202440404],[-44.13400058538445,-20.16601933808001],[-44.13442061918821,-20.16550005105767],[-44.13452630161468,-20.16490786225003],[-44.13439332159343,-20.16421231466645],[-44.13432032051386,-20.16339872011566],[-44.13461526649263,-20.16248304201903],[-44.13490703940745,-20.16215474342142],[-44.13522866143995,-20.16195206202453],[-44.13544103854753,-20.16144169088457],[-44.13570283411239,-20.16125553407183],[-44.13631807510149,-20.16081804697986],[-44.13647185876906,-20.16070398433558],[-44.13667315950267,-20.16079221651586],[-44.13685527261016,-20.16087203828221],[-44.13714088581459,-20.16084076709435],[-44.13739992195264,-20.16092371608393],[-44.13771932505422,-20.1610396327425],[-44.13790934522128,-20.16108957148892],[-44.13823739894702,-20.16120552868969],[-44.13859158019213,-20.16128894262814],[-44.13895396463624,-20.1614540745643],[-44.13916908241383,-20.16165932629255],[-44.13922030802053,-20.16178209601444],[-44.13935758115463,-20.16198696684139],[-44.13958202172846,-20.16206974355092],[-44.13984980075345,-20.1621363960476],[-44.14013496841815,-20.16218679737057],[-44.14034246868793,-20.16220414660177],[-44.14062714378596,-20.16234439253712],[-44.14079045759196,-20.16253305282024],[-44.14116087064308,-20.16281257228945],[-44.14161889780373,-20.16288831773209],[-44.14187780594241,-20.16299576370211],[-44.14211009576715,-20.16322559973925],[-44.14271570427461,-20.16320404637806],[-44.1428367993931,-20.16320463613318],[-44.14313039622058,-20.16329591349974],[-44.14347571322556,-20.16342011352844],[-44.1437525910829,-20.1634051249407],[-44.14390034829134,-20.16327515604339],[-44.14400485624941,-20.16314497668853],[-44.14414396301808,-20.16301496549993],[-44.14434370655053,-20.16286891324116],[-44.14460377311051,-20.16276399368237],[-44.14476026799951,-20.16261772983976],[-44.1449168061344,-20.16246329864218],[-44.14503027409198,-20.16227598663221],[-44.14516995752757,-20.16203979374541],[-44.1451710696029,-20.16183559930814],[-44.14536198287852,-20.16172217438505],[-44.14605372544046,-20.16176637136437],[-44.14689379888119,-20.16157441319167],[-44.14742971657792,-20.16164235355107],[-44.14775609300051,-20.16206866966213],[-44.14793565111627,-20.16245343384707],[-44.1484444712579,-20.16273360832245],[-44.14881578497068,-20.16284975631946],[-44.1491532086939,-20.1628350510583],[-44.14947333335782,-20.16282026246258],[-44.14977655717711,-20.16273187942761],[-44.15001941062111,-20.16261053284853],[-44.15011491035642,-20.16254565008245],[-44.15026288181188,-20.16237483684798],[-44.15037621082621,-20.16221202369058],[-44.15047268273582,-20.16196744943524],[-44.15054355912357,-20.1616574076838],[-44.15051840597245,-20.16151026272361],[-44.15047595400188,-20.16136303427449],[-44.1504769707259,-20.16117517486484],[-44.15056461509071,-20.16096323031481],[-44.15076386417127,-20.16090701608394],[-44.15109254640268,-20.16090860145153],[-44.15137837761019,-20.16083646737432],[-44.15148318785465,-20.16064910915448],[-44.15169161484356,-20.16049492173379],[-44.15223697446387,-20.16041586926744],[-44.15259186898066,-20.16036856984982],[-44.15295550035889,-20.16030497598731],[-44.15322394381101,-20.16024909094358],[-44.1534751314287,-20.16018495507487],[-44.15369189751528,-20.16008798183094],[-44.15390058581688,-20.15988478474821],[-44.15431690475893,-20.15967441752594],[-44.15481049543006,-20.15957060414116],[-44.15561318281133,-20.15989300769911],[-44.15634808135079,-20.15995370773415],[-44.15679025823113,-20.15975979426125],[-44.15682,-20.1601299993889],[-44.1568,-20.16061999938888],[-44.15665000000001,-20.16158999938885],[-44.15673,-20.16207999938885],[-44.15725,-20.16299999938882],[-44.15761318038111,-20.16331259642381],[-44.15806544634778,-20.16285190694089],[-44.1582329357634,-20.16280369999253],[-44.15826852723104,-20.16261872882214],[-44.15826538896586,-20.16212863368654],[-44.15837103102453,-20.16124699451428],[-44.15849983923949,-20.16034640722106],[-44.15861387356843,-20.16005018146329],[-44.15873929418348,-20.15978123670595],[-44.1588820278787,-20.15950965189106],[-44.15921033264911,-20.1590429211682],[-44.15954689131111,-20.15864974122101],[-44.15950267564033,-20.16125345572911],[-44.15951952452028,-20.16127485609405],[-44.15958149084211,-20.16132863381399],[-44.15967179737537,-20.16137983516968],[-44.1597027408765,-20.16140663300771],[-44.15973081543749,-20.16143883770857],[-44.15977312108547,-20.16146578012934],[-44.15988914788807,-20.16145829388229],[-44.15992288266027,-20.16150922601328],[-44.15998773977823,-20.16153889547956],[-44.16002135215615,-20.16159786704379],[-44.16009194010317,-20.16163289402521],[-44.16013726449445,-20.16161179036571],[-44.16019397953715,-20.16158532047479],[-44.16022772893867,-20.16163354188687],[-44.1602783045134,-20.16169259433066],[-44.1603431551753,-20.16173834461352],[-44.16042784497391,-20.16176277831892],[-44.16046428444835,-20.1618243836635],[-44.16046099340439,-20.16192319950328],[-44.1605593359078,-20.16203587029284],[-44.16059023012087,-20.16208678785319],[-44.1606355050247,-20.16208962412735],[-44.16066627781309,-20.16214858203531],[-44.16067163017589,-20.16221003819997],[-44.16066837479275,-20.1622875333908],[-44.16071072382457,-20.16230643576694],[-44.1607302994035,-20.1623492602035],[-44.16074413713626,-20.16240271678814],[-44.16070154509313,-20.16242925418923],[-44.16071535432067,-20.16248804084519],[-44.16075483496247,-20.16251225883729],[-44.16079412869583,-20.16257125735087],[-44.1608134898742,-20.16265419147936],[-44.16083256562536,-20.16279051394682],[-44.16083776108872,-20.1628813302137],[-44.16085146993769,-20.16295890718406],[-44.16086539324859,-20.16299637355031],[-44.16083656131522,-20.16310572803703],[-44.16085332555187,-20.16314320885171],[-44.16087862514464,-20.1631780196225],[-44.160878382204,-20.16322345939053],[-44.16087240138031,-20.1632795313107],[-44.16086930350112,-20.16332757784304],[-44.16089461809163,-20.16335976830784],[-44.16089728660414,-20.16339185171471],[-44.16089417519834,-20.16344260801226],[-44.16090792710178,-20.16351214424264],[-44.16090437232894,-20.1636456498824],[-44.16092082222473,-20.16374193945219],[-44.16093730015562,-20.16383280949454],[-44.16097954966719,-20.16387041088317],[-44.16097638128299,-20.1639318273183],[-44.16099595712548,-20.16397465082371],[-44.16100713303626,-20.1640094846102],[-44.16103233888568,-20.16404700564718],[-44.16106895847732,-20.16408991128868],[-44.16111081431742,-20.16418632193436],[-44.16112757776889,-20.16422380272023],[-44.16115847401255,-20.16427462983928],[-44.16115256469095,-20.16431733276926],[-44.16117192624379,-20.16440026595291],[-44.16120822271456,-20.16448861095025],[-44.16123348058067,-20.16453146150945],[-44.16124728967984,-20.16459033847894],[-44.16127251812957,-20.16463851909755],[-44.16129491964216,-20.16468406676999],[-44.1613001653504,-20.16475085260502],[-44.16129714697524,-20.16479889951905],[-44.16129402021392,-20.16485236557514],[-44.1613107277668,-20.16490050558384],[-44.16133864636875,-20.16496206925147],[-44.16133264510452,-20.16503684152554],[-44.16132950434409,-20.1650929278896],[-44.16132910460968,-20.16516772685417],[-44.16135115040381,-20.16528003365933],[-44.16134812406121,-20.16531470939163],[-44.16134783826313,-20.16536818898323],[-44.16135036542692,-20.16542692182518],[-44.16135855062521,-20.16547511248008],[-44.16135830827629,-20.16552046188641],[-44.16132662070454,-20.16563251173741],[-44.16133477741852,-20.16568603246099],[-44.16133716167854,-20.16577150419193],[-44.16133400689571,-20.16583020995571],[-44.16135930651962,-20.16586511192509],[-44.16135045722748,-20.16592650038279],[-44.16134749580108,-20.16596388715429],[-44.16133597691402,-20.16599319221031],[-44.16133000311853,-20.16606263440132],[-44.16135235485119,-20.16610285252832],[-44.16132105385476,-20.16614272372382],[-44.16130949898729,-20.16619343887555],[-44.16131198920294,-20.16624422186132],[-44.16132036875528,-20.16627091190959],[-44.16132509283425,-20.16644998734603],[-44.16133019471635,-20.16654351295698],[-44.16110683873126,-20.16758695411902],[-44.16110633886192,-20.16768045301871],[-44.16112033408171,-20.16770455037201],[-44.16113434379719,-20.16772593706128],[-44.16114793866409,-20.16782492370649],[-44.16107118873953,-20.16789393812883],[-44.16108794598999,-20.16794749985122],[-44.1611160364528,-20.16797699369627],[-44.16111590798103,-20.16800102372307],[-44.16109568880299,-20.16807843800905],[-44.16107848255948,-20.16812370653088],[-44.16107250154561,-20.16817977932646],[-44.16108069423766,-20.16824124898914],[-44.16107158722593,-20.16835078691089],[-44.16103163462208,-20.16841473777988],[-44.16101464134913,-20.16841998696648],[-44.16100321515699,-20.16844658259896],[-44.16098331032527,-20.16846518813387],[-44.16098596536823,-20.16849998128841],[-44.16097451769827,-20.16851591731518],[-44.16097143369958,-20.16856134260773],[-44.16097126220947,-20.16859341245741],[-44.16095399837967,-20.16864943144908],[-44.16095909397867,-20.16875894671604],[-44.16087965900657,-20.16879867865225],[-44.16082271383403,-20.16886787863802],[-44.16078297457308,-20.16889171885878],[-44.16075727452171,-20.16893161753434],[-44.16070339788975,-20.16895810104405],[-44.16069462658518,-20.16901948980636],[-44.16067704011084,-20.16912094721592],[-44.16066824027119,-20.16918766604062],[-44.16066741147539,-20.16934259484316],[-44.16065301604278,-20.16939329637124],[-44.1606018573548,-20.16942774338204],[-44.16058193785061,-20.16944905862193],[-44.16056451669775,-20.16953443674256],[-44.16056131847908,-20.1696011822783],[-44.16059199948783,-20.16969221041776],[-44.1605916993504,-20.16974830937545],[-44.16057158018548,-20.16980693416353],[-44.16058823046365,-20.16986582471033],[-44.160563783477,-20.1702023131234],[-44.16061648948018,-20.17039489724087],[-44.16053271309834,-20.17071502164207],[-44.16054931333311,-20.17079794257946],[-44.16054280318227,-20.17095284334206],[-44.1605594240774,-20.17101706394763],[-44.16055338569198,-20.17108379592171],[-44.16054994522744,-20.17119598117199],[-44.16053794640573,-20.17132953584488],[-44.16054347048647,-20.171358923027],[-44.16058829789267,-20.17143122696054],[-44.16063925619085,-20.1714341807845],[-44.16071279681283,-20.17143453157929],[-44.16079744177182,-20.17148299565795],[-44.16083409757265,-20.17150458073576],[-44.16084525295004,-20.17152866456612],[-44.16089887340578,-20.17155024017923],[-44.16096666834917,-20.1715773039255],[-44.16101183854501,-20.17158555933962],[-44.16111377728601,-20.17157267514619],[-44.16113365401081,-20.1715593996812],[-44.16122986854875,-20.17155452815749],[-44.16130325131822,-20.17158423878604],[-44.16132846633334,-20.1716351300613],[-44.16132248522942,-20.17169120193812],[-44.16129352330606,-20.1718245854614],[-44.16130173723805,-20.17186744603081],[-44.16128745620777,-20.17189673788475],[-44.16121944053918,-20.17192577449123],[-44.16122764045457,-20.17197125356236],[-44.16127266079242,-20.17202223925666],[-44.16139377681788,-20.17212697819429],[-44.16144462841235,-20.17213526058057],[-44.16153821659373,-20.17209026569584],[-44.16157748535399,-20.17215459413626],[-44.16159139556493,-20.17219468074808],[-44.16158814022686,-20.17227217678139],[-44.16156551626892,-20.17228272847305],[-44.16156231932972,-20.17234947402412],[-44.16160163017251,-20.17240576263218],[-44.16161565434859,-20.17242452988613],[-44.16162672301581,-20.17246469331286],[-44.16160110198166,-20.1725045915574],[-44.16156961985118,-20.17256325265469],[-44.16156366027584,-20.17262998503893],[-44.16156050581142,-20.17268878111961],[-44.16157151750926,-20.17273960377444],[-44.16158246619959,-20.17281707712996],[-44.16157925476463,-20.17288653243535],[-44.16158731238544,-20.1729586618128],[-44.16159554794265,-20.1730121819673],[-44.16158655530505,-20.17310031105405],[-44.16157468607356,-20.17320974542452],[-44.16159967304264,-20.17330336572681],[-44.16160773068667,-20.17337549510104],[-44.16160760225283,-20.17339952511613],[-44.16156807678322,-20.17338334706976],[-44.16154249011031,-20.17340192466062],[-44.16154223322211,-20.17344998468982],[-44.16153056430501,-20.17352211041417],[-44.16150477672912,-20.17357808789374],[-44.1615045912998,-20.17361277713209],[-44.1614819526496,-20.17362603946582],[-44.16147599998391,-20.17367678217421],[-44.16148405758317,-20.17374891154975],[-44.16148936750424,-20.17381840745658],[-44.16152857966611,-20.17389339603777],[-44.16153954844229,-20.17395225941559],[-44.16153637292042,-20.17402966455001],[-44.16151616753258,-20.17410436995747],[-44.16151005791197,-20.17418447183652],[-44.16151255617666,-20.17424862414062],[-44.16149243670745,-20.17430724899609],[-44.16146679143823,-20.17433657794974],[-44.16151148508445,-20.17444899260526],[-44.16154772687055,-20.17454799674565],[-44.161584212543,-20.17460156116629],[-44.16158117246245,-20.17463894662396],[-44.16162940513777,-20.17462047604862],[-44.1616604089533,-20.17463670474361],[-44.16169422495105,-20.17465818577123],[-44.16176484849494,-20.17468788309674],[-44.16180703560488,-20.17472286457089],[-44.16184923119891,-20.17477112594377],[-44.161917026734,-20.17479818936472],[-44.16192237279105,-20.17484627517753],[-44.16190809157646,-20.17487556797009],[-44.16196987860168,-20.1749640333204],[-44.16198951292613,-20.1749961974967],[-44.1620059924025,-20.17508706738806],[-44.16201984648077,-20.17513790354984],[-44.16204486245035,-20.17522619462876],[-44.16204471959385,-20.1752529343993],[-44.16201021759217,-20.17535964150587],[-44.16199308215988,-20.17539154017629],[-44.16197017803263,-20.17543958177489],[-44.16196702410464,-20.17549828749232],[-44.16194710397599,-20.17551960285146],[-44.16195248556414,-20.17557572975902],[-44.16195212885917,-20.17564248882559],[-44.16197457497869,-20.17567999569349],[-44.16200559352013,-20.17569351367323],[-44.16204794628053,-20.17571241583333],[-44.16209580107082,-20.17575004461295],[-44.16216114244728,-20.17570491493791],[-44.1621948877989,-20.17573985612229],[-44.1622116386465,-20.17577995621163],[-44.16220566564436,-20.17584939926468],[-44.16225875939955,-20.17596989377012],[-44.16228974955527,-20.17598874176582],[-44.16231506542334,-20.17602093296239],[-44.16226954328119,-20.17606344633905],[-44.16224362811231,-20.17614345392161],[-44.16220111239388,-20.17616990154411],[-44.16215292080539,-20.17618042278841],[-44.1621411240299,-20.17627648728552],[-44.16209534548057,-20.17636715099166],[-44.1620413660693,-20.17641224439295],[-44.16193652656954,-20.17643586595862],[-44.16184596192926,-20.17644609398826],[-44.16177835014635,-20.17638434128581],[-44.16171354409807,-20.17634392181827],[-44.16162851092672,-20.17636754722169],[-44.16162604111168,-20.17629806396556],[-44.16161491378946,-20.17626865102233],[-44.16157280480493,-20.17620430905128],[-44.16157300473556,-20.17616690916181],[-44.16155348433163,-20.17611342559452],[-44.1615423145377,-20.17609196211139],[-44.16146882966677,-20.1760809514656],[-44.16142366422032,-20.17605670646391],[-44.16135605373371,-20.17599495270932],[-44.16131659818505,-20.17596540470261],[-44.16124329938641,-20.17591961438288],[-44.16119824195408,-20.17589003964227],[-44.16113622649741,-20.17584430307802],[-44.16108825044804,-20.17581471348974],[-44.16103748321882,-20.17579044167963],[-44.16099236189479,-20.17575815585388],[-44.16091600756144,-20.17575246149572],[-44.16084249391218,-20.17574669029696],[-44.16077194950994,-20.17571699387638],[-44.1606788447608,-20.17567119920353],[-44.16061097657802,-20.17565750517737],[-44.16056008087298,-20.17565726233245],[-44.16047223530706,-20.17567554356768],[-44.16039295525204,-20.1756858256146],[-44.16029957836411,-20.17569070924017],[-44.16026019563711,-20.17564779113134],[-44.16021208401106,-20.17565822186939],[-44.16017222921904,-20.17570347156951],[-44.16010992776334,-20.17571121507117],[-44.16001940651922,-20.17571340235494],[-44.1599543500309,-20.17570505169842],[-44.15990621699941,-20.17570482185564],[-44.15986637518345,-20.17574745207732],[-44.15981545186366,-20.17575253908091],[-44.15974472182979,-20.1757575314695],[-44.15969667397599,-20.1757412219318],[-44.15965424988003,-20.17573568909174],[-44.15960615223313,-20.17574349935739],[-44.15958617464162,-20.17577547455617],[-44.15957199311329,-20.17578606629799],[-44.15952677190022,-20.17577248004288],[-44.15947860162613,-20.17579366104761],[-44.15944457894855,-20.1757961179603],[-44.15938800186958,-20.17579584762953],[-44.15933712017539,-20.17579298502881],[-44.15930047765949,-20.17576877931718],[-44.15922705075787,-20.17574701817452],[-44.15918729590967,-20.17577356860955],[-44.15917296325483,-20.17579752981321],[-44.15911635760322,-20.17580258945446],[-44.15909080656378,-20.17582920775741],[-44.15909052031854,-20.17588259689881],[-44.15886941363693,-20.17595634152458],[-44.15843612354805,-20.17602907006479],[-44.15813304555832,-20.17609980122972],[-44.15792051839609,-20.17616283494757],[-44.15768524320259,-20.17624454934708],[-44.15738793969069,-20.17628323623403],[-44.15720402628671,-20.1762930156308],[-44.15718148076611,-20.17627420721409],[-44.15713331053455,-20.17629529629981],[-44.15705390036843,-20.17632969715634],[-44.15697153441977,-20.17638540277782],[-44.15694037247775,-20.17639862365392],[-44.15686100593114,-20.17642489335108],[-44.15680422759259,-20.17646202202386],[-44.15674171006501,-20.1765098730071],[-44.15669892693623,-20.17657109842037],[-44.15664514802898,-20.17657879117472],[-44.15660258005006,-20.17659999732393],[-44.15658819712908,-20.17664798865396],[-44.15655981188599,-20.17665860330624],[-44.15652283925439,-20.17669582593642],[-44.15651121050975,-20.17675982104218],[-44.15648849252867,-20.17677308232109],[-44.15644609696259,-20.17676221955042],[-44.15642330706261,-20.17678885068429],[-44.15640903827062,-20.1768154323196],[-44.15640605423065,-20.17684215842654],[-44.15641159177913,-20.17686892539785],[-44.15638888739769,-20.17687947600141],[-44.15636037332383,-20.17691403023709],[-44.15633487803176,-20.17692998799888],[-44.1563007676184,-20.17694852480777],[-44.15629497904816,-20.17698318711902],[-44.15628331448156,-20.17703923237448],[-44.15622642060392,-20.17709776961207],[-44.15622913249216,-20.17712181321134],[-44.15603036708153,-20.17725176161265],[-44.15593657350217,-20.17733406194651],[-44.15583725501448,-20.17738706619435],[-44.15580309452017,-20.17742963324945],[-44.15579986624884,-20.17750170861984],[-44.15572342478415,-20.17751209159799],[-44.15572887615262,-20.17755484874649],[-44.15568635107229,-20.17756801485153],[-44.15562990278758,-20.17754371332268],[-44.15557608021605,-20.17755944554155],[-44.15557321129405,-20.17756476196113],[-44.15553065750362,-20.17758325717777],[-44.155513519074,-20.17761524550398],[-44.15547090785267,-20.17764440171541],[-44.1554565818872,-20.17768173282503],[-44.15545636588915,-20.17772184240155],[-44.15547317353736,-20.17775128387157],[-44.15548152343225,-20.17778339455832],[-44.15546429143652,-20.17781800189376],[-44.15547799194403,-20.17791156874153],[-44.15551182184087,-20.1779304315476],[-44.15551457644023,-20.17794652479837],[-44.15548887350844,-20.17798642165942],[-44.15544888640625,-20.17805570107102],[-44.15534666964979,-20.17811935148466],[-44.15531262418124,-20.17814050786441],[-44.15526152628794,-20.17817766237471],[-44.15516229462305,-20.17821458660459],[-44.15508304078524,-20.17821953614006],[-44.15504061718655,-20.17821400217526],[-44.15496998672768,-20.17820029268877],[-44.15490779898317,-20.17818671409249],[-44.15485701791237,-20.17816505990843],[-44.15476945813082,-20.17812994914858],[-44.15475560716204,-20.17807911160825],[-44.15474448247679,-20.17804960792714],[-44.15469060847249,-20.17806009888281],[-44.15466492583723,-20.17811074645078],[-44.15464514903039,-20.17810523086351],[-44.1545884557722,-20.17812636861826],[-44.15456289624635,-20.17813961597875],[-44.1545234283503,-20.17811268588284],[-44.15452074544454,-20.17808331312055],[-44.1545152656585,-20.17804588599997],[-44.15447865310381,-20.17801635015423],[-44.15437380430291,-20.1780558664021],[-44.15434825843182,-20.17806640307157],[-44.15427190428668,-20.17806070670741],[-44.15414797635226,-20.17795061922927],[-44.15408882392759,-20.17791564473182],[-44.15409739720222,-20.17789156502175],[-44.15408350309988,-20.17784876814189],[-44.1540298961683,-20.17782447976829],[-44.15401013355257,-20.17781634471531],[-44.15396498298269,-20.17778947752673],[-44.15386944202827,-20.17766877655341],[-44.15383282969071,-20.17763923967598],[-44.15382724918447,-20.17762051244288],[-44.15384718479109,-20.17759657866106],[-44.15385586531028,-20.17756716928899],[-44.15383618900609,-20.17754304496809],[-44.15381658485116,-20.17750554988812],[-44.1538053370871,-20.177484175929],[-44.15376307897793,-20.17746256243716],[-44.15372630099589,-20.17744901531014],[-44.15372648818878,-20.17741432525296],[-44.15372667586396,-20.17737954574404],[-44.15376356886686,-20.1773717735698],[-44.15375514720256,-20.17735303266687],[-44.1537412244803,-20.17731556490996],[-44.15371316995331,-20.17726465987016],[-44.15369081192819,-20.17721116186394],[-44.15367120784699,-20.1771736667691],[-44.15367716320545,-20.17712292443963],[-44.15367742303722,-20.17707477507637],[-44.15368892233015,-20.17703481015393],[-44.15370612489897,-20.17700553304695],[-44.15369779099022,-20.17697071163727],[-44.15365551112806,-20.17693843854288],[-44.15364153045233,-20.17691172033248],[-44.15365025386077,-20.1768743624244],[-44.15365036939741,-20.17685295276792],[-44.15368431533083,-20.17685040535607],[-44.15371269396799,-20.17682651220336],[-44.15371006875447,-20.17678647842445],[-44.15371021304369,-20.17675973871604],[-44.15367358680292,-20.17673282211097],[-44.15365960613611,-20.1767061048055],[-44.15367959965764,-20.17667142057907],[-44.15367422101374,-20.17661529443316],[-44.15368301654615,-20.17656456576339],[-44.15369167559236,-20.17652458717333],[-44.15368085344424,-20.17643907406787],[-44.15370926757913,-20.17642313073746],[-44.15368692429076,-20.17636692207488],[-44.15363054891625,-20.17632925007308],[-44.1536081466911,-20.17628379275855],[-44.15361956109408,-20.17625972673617],[-44.15363952531298,-20.17623046291761],[-44.15367648387324,-20.17619594976018],[-44.15366263244608,-20.17614511304051],[-44.15364879661161,-20.17609156566917],[-44.15364618699869,-20.17604882213996],[-44.15364643171488,-20.17600347287806],[-44.1536155723273,-20.17596059434161],[-44.15361291982062,-20.17592580116348],[-44.15357381196209,-20.17583211104501],[-44.1535401699686,-20.17577855872792],[-44.15351492814666,-20.17573299647818],[-44.15347845967463,-20.17567672072796],[-44.15341362061247,-20.17562834846042],[-44.15339684282821,-20.17559348640175],[-44.15343930951142,-20.17559107129362],[-44.1534452360955,-20.17554565901522],[-44.15341989340283,-20.17551879665984],[-44.15339173786053,-20.17548668093214],[-44.15333801674959,-20.17548371258056],[-44.15330128896054,-20.17547549580885],[-44.15329298349087,-20.17543543558726],[-44.15325914026332,-20.17541919177443],[-44.15321109905626,-20.1754163410798],[-44.15318859756371,-20.17538949236809],[-44.15317176181109,-20.17536538074782],[-44.15318319034955,-20.17533869535491],[-44.1531578765131,-20.17530650291246],[-44.15310121287553,-20.17532231107573],[-44.15307322417743,-20.17527402481781],[-44.15301960268429,-20.17525244681686],[-44.15299966726265,-20.17527638142087],[-44.15296591832847,-20.17522815867541],[-44.15296607688297,-20.1751987986676],[-44.1529181518659,-20.17517444788382],[-44.15287324860959,-20.17510214083295],[-44.1528450575321,-20.1750913447066],[-44.1527683433558,-20.1751524057458],[-44.15267520593726,-20.1750984763894],[-44.15264989848491,-20.17507965410916],[-44.15264450560344,-20.17502623768818],[-44.15258518975249,-20.17500725249986],[-44.15254866418908,-20.17496163576847],[-44.15253487178252,-20.1749001379693],[-44.152512456872,-20.17485729992733],[-44.15244174128734,-20.1748596690865],[-44.15233958361421,-20.1749125673501],[-44.15225495331208,-20.1748613894922],[-44.15217901835317,-20.17477827236286],[-44.1521423352142,-20.17476201555982],[-44.15205743060316,-20.17476160636313],[-44.15201507188976,-20.17475878183295],[-44.15199530976761,-20.17475064656841],[-44.15195872680221,-20.17471568982189],[-44.15191075195964,-20.17468609870001],[-44.1518882073244,-20.1746672896325],[-44.15185434880158,-20.17465375620891],[-44.15181483877291,-20.17463486534371],[-44.15177519880537,-20.17464000442064],[-44.15173578991987,-20.1746024136375],[-44.15171614313064,-20.17457295904653],[-44.15167661752751,-20.17455677789757],[-44.15165684079376,-20.17455135234709],[-44.15163684760708,-20.17458594689392],[-44.15158028574078,-20.1745829634138],[-44.15156353776768,-20.1745428624084],[-44.15152112901787,-20.17453461787734],[-44.15149582179897,-20.17451579543811],[-44.15147334956568,-20.17448361646982],[-44.15141680190754,-20.17447801444665],[-44.15136324713832,-20.17442969497555],[-44.15133240430647,-20.17438410541503],[-44.15129869008871,-20.1743439225441],[-44.15127344914016,-20.1742983609006],[-44.15125102048647,-20.17425814210587],[-44.15120595084752,-20.17423127373169],[-44.15117492748018,-20.17420438366113],[-44.15116091910014,-20.17418290586712],[-44.15112142249635,-20.17416139545247],[-44.15109313906826,-20.1741532189749],[-44.15095739029353,-20.17415789411085],[-44.15089513265724,-20.17415759365305],[-44.15082426654186,-20.17417333164213],[-44.15077615484808,-20.17418375979489],[-44.15071372356535,-20.17421552901676],[-44.15067388117501,-20.17425806673716],[-44.15062282707471,-20.17428718012344],[-44.15058298463666,-20.1743297187249],[-44.15055429469287,-20.17439643118922],[-44.15050877699046,-20.17445231166314],[-44.1504688478799,-20.17451083947655],[-44.15045438388939,-20.1745588307759],[-44.15046571710939,-20.17456430514291],[-44.15045993454147,-20.17458297760382],[-44.15042597584235,-20.17458814380917],[-44.1504003152892,-20.17462009047224],[-44.15038311940105,-20.17466273748044],[-44.15035197197703,-20.17467324743454],[-44.15034313099653,-20.17473201570671],[-44.15033448540999,-20.17476937471825],[-44.15032005118706,-20.17481203505604],[-44.15027668715292,-20.17498012725139],[-44.15025398965727,-20.17500404819241],[-44.15025088816274,-20.17505209344628],[-44.15026783892097,-20.17505488604264],[-44.15027900756445,-20.17507625983123],[-44.15027318743501,-20.17511634230443],[-44.15025601333151,-20.17514028992231],[-44.15024742545094,-20.17516698883126],[-44.15024162864106,-20.17518828067643],[-44.15021584379343,-20.17525762656473],[-44.1502182291232,-20.17532710942413],[-44.15021530834779,-20.17535645516708],[-44.15019811952634,-20.17538311252685],[-44.15019516986216,-20.17541778921997],[-44.15018937254505,-20.17543917141731],[-44.15016949443868,-20.17545244558921],[-44.15016372648599,-20.17546840738312],[-44.15016924872454,-20.17549779481299],[-44.1501775904371,-20.17551653548885],[-44.15014589264909,-20.17562858374582],[-44.15010570218055,-20.17573526077966],[-44.15007727964939,-20.17576719404044],[-44.15007719300466,-20.17578318327768],[-44.15008272341601,-20.17579658018918],[-44.15005141615576,-20.175836539515],[-44.15003424795037,-20.17587385732716],[-44.1500171820349,-20.17589247525236],[-44.15003681396792,-20.17592463977235],[-44.15003943126937,-20.17595130244579],[-44.15001396441214,-20.1759619301325],[-44.14998004897398,-20.1759590564439],[-44.14993468371515,-20.17597220743576],[-44.14993171233267,-20.17599622273916],[-44.14994010457808,-20.17602029385557],[-44.14989707271071,-20.17612695709983],[-44.1499534906438,-20.17615659046867],[-44.14997031128308,-20.17618341212911],[-44.14995889683024,-20.17620738663635],[-44.14994463521182,-20.17621797809656],[-44.14991608231746,-20.17627394035633],[-44.14994976623021,-20.17631954388261],[-44.14994388217578,-20.17635691620651],[-44.14996626863826,-20.17640508460207],[-44.14998866931038,-20.17645063360113],[-44.1499884955018,-20.17648270333099],[-44.14998540856474,-20.1765280388193],[-44.14999378615764,-20.17655481968195],[-44.15000770791724,-20.17659228680055],[-44.15001325904411,-20.17661634418562],[-44.14999895381769,-20.17663497544377],[-44.14997341583396,-20.17665888170712],[-44.14997316955744,-20.17670432127745],[-44.1499729521685,-20.17674443080133],[-44.14997277835396,-20.17677650053001],[-44.14996977806371,-20.17680584678123],[-44.14999789677179,-20.17683001230795],[-44.15001749991852,-20.17686750778055],[-44.14998919319692,-20.17687803047536],[-44.14996634443895,-20.17691532082453],[-44.14997480823994,-20.17692602209316],[-44.14990086800734,-20.17698447574785],[-44.14989783976873,-20.17701915114354],[-44.1498948606167,-20.17705924731917],[-44.14985233523939,-20.17707241200171],[-44.1498265585755,-20.17712567783289],[-44.14982912356794,-20.17717646117122],[-44.14982892083094,-20.17721386003928],[-44.14979768664723,-20.1772404494658],[-44.1497552194908,-20.17724286457979],[-44.1497125490781,-20.17728276890519],[-44.14968701820808,-20.17729068550308],[-44.14958765562896,-20.17735163559074],[-44.14957325580716,-20.17740233691555],[-44.14949680036764,-20.17741524711646],[-44.14943151166156,-20.17744971182779],[-44.14933813456557,-20.17745459049176],[-44.14930704434093,-20.17745444014534],[-44.14927608446294,-20.17743026076959],[-44.14921389904239,-20.17741658983723],[-44.14917712743839,-20.17741641199045],[-44.14915427745591,-20.17745370131394],[-44.14913716764054,-20.17748035893315],[-44.14908610530995,-20.17749610249715],[-44.14905233416881,-20.17746657839643],[-44.14903255717487,-20.17746115254274],[-44.14900696840064,-20.1774797291283],[-44.14895902961139,-20.17745808702166],[-44.14893649821808,-20.17743665818258],[-44.14889972661202,-20.17743648027766],[-44.14886573832987,-20.17744697529675],[-44.14881198040933,-20.17743605572119],[-44.14877507933842,-20.17745990681559],[-44.14875238124734,-20.17748382753499],[-44.14873261897154,-20.17747569190011],[-44.14871001552486,-20.17746754251384],[-44.14861666638978,-20.17746709074508],[-44.14859972374204,-20.17744830837419],[-44.14855748063617,-20.17742407336157],[-44.14853490614499,-20.17741059390953],[-44.14846980704207,-20.17741027879964],[-44.14844991382311,-20.17742626341116],[-44.14841317116647,-20.177420755361],[-44.14839348151791,-20.17739924985411],[-44.14839081544722,-20.1773671663912],[-44.14836558078126,-20.17733497366991],[-44.14834299160495,-20.1773242039417],[-44.14829487244664,-20.17732135151194],[-44.14826673874428,-20.17729980510841],[-44.14823283143863,-20.17728094056376],[-44.14818477653918,-20.17728070787677],[-44.14813398204469,-20.17726176154083],[-44.14812269190595,-20.17724833668191],[-44.14810314707704,-20.17720018183129],[-44.1480833981497,-20.17718942582516],[-44.148038286032,-20.1771705069812],[-44.14799029700986,-20.17714353419014],[-44.14798205027783,-20.17709272422836],[-44.14796810001712,-20.17706058610705],[-44.14795404816827,-20.17704714786174],[-44.1478382996466,-20.17700123681269],[-44.14779587574498,-20.17699570111615],[-44.14775617715445,-20.17701149934572],[-44.14775035047609,-20.17703821148768],[-44.14764293652169,-20.17702694034647],[-44.14761483144204,-20.17700015415535],[-44.14755817563294,-20.17699987962454],[-44.14753279585482,-20.17699442645557],[-44.14750152561934,-20.177012975288],[-44.14744777520122,-20.17701533426219],[-44.14742228798043,-20.17701521073953],[-44.14738264730411,-20.17702034879836],[-44.14734596273951,-20.17700418134856],[-44.14732593931333,-20.17704410448916],[-44.1473061039897,-20.17704942888482],[-44.14726939094255,-20.17703850020284],[-44.1472468665766,-20.17703044137318],[-44.14722704648282,-20.17703296475449],[-44.14722407465594,-20.17705698089715],[-44.14722953216222,-20.17708374772045],[-44.14721821890325,-20.1770890230602],[-44.14718428856019,-20.17708885857275],[-44.14717288209488,-20.17709684327586],[-44.14714440076262,-20.17713943520794],[-44.14710180244985,-20.17716596904691],[-44.14704792128244,-20.17719235871451],[-44.14702221588631,-20.17723234462369],[-44.14699371974957,-20.17727764627497],[-44.14697650166993,-20.17730954297351],[-44.14693102507835,-20.1773574738973],[-44.14689102115832,-20.17742936973062],[-44.1468908319619,-20.17746415008103],[-44.14686246025588,-20.17747196212887],[-44.14683409474864,-20.17749323474143],[-44.14682807917843,-20.17755463593604],[-44.14685342101852,-20.17758149920621],[-44.14683867942356,-20.17768025880752],[-44.1467819283311,-20.17771205410171],[-44.1468184375648,-20.17776029226935],[-44.14682114801693,-20.17778433505691],[-44.14679243398783,-20.17786965670114],[-44.14678654911208,-20.17790702888366],[-44.14678635989254,-20.1779418083277],[-44.14678901138804,-20.1779765111926],[-44.14681704230399,-20.17801675769267],[-44.14682240425753,-20.17807550424761],[-44.14681100438987,-20.17809685913655],[-44.14681077192031,-20.17813958891578],[-44.1468556379085,-20.1782039476075],[-44.14685258474555,-20.17825732316589],[-44.14688921106062,-20.17828424116203],[-44.14690320493622,-20.17830833866968],[-44.14691129969387,-20.17837242865628],[-44.14691097977678,-20.17843123800952],[-44.14693623478962,-20.17847409048999],[-44.14696170845635,-20.178476924746],[-44.14697006466823,-20.17849295490985],[-44.14697561538069,-20.17851701237129],[-44.14698966726914,-20.17853045069428],[-44.1470094295773,-20.17853858652555],[-44.14703485906107,-20.17854937019899],[-44.14703462665175,-20.17859209907497],[-44.14704572186731,-20.17862693323677],[-44.14705982325137,-20.17864570197607],[-44.14707942589175,-20.17868319775132],[-44.14710458826806,-20.17872867012382],[-44.14712416194561,-20.17877149503196],[-44.14717477340603,-20.17883859132242],[-44.14720560253576,-20.17888680097308],[-44.14724483693671,-20.17895646245068],[-44.14728124586815,-20.17902339950172],[-44.14732063997953,-20.17906370101203],[-44.1473542804605,-20.17911725444785],[-44.1473313785559,-20.17917857379836],[-44.14732826225157,-20.17922932959734],[-44.14737601271329,-20.1792856621482],[-44.1473843320282,-20.17932310229465],[-44.14742104514708,-20.17933394060978],[-44.14744906221689,-20.17937680640888],[-44.14749680477745,-20.17944921888897],[-44.14751930677753,-20.17947606830711],[-44.14753890962564,-20.17951356403536],[-44.14760361192934,-20.17957259814214],[-44.14765406426321,-20.1796690533542],[-44.14765933335835,-20.1797305101557],[-44.14766759386115,-20.17977861036784],[-44.14767880566242,-20.17979203487708],[-44.14768710987296,-20.17983209530085],[-44.1476953566121,-20.17988290616614],[-44.14772061953825,-20.1799097689384],[-44.14774294783625,-20.17996859677013],[-44.14776826124356,-20.18000078996211],[-44.14784719648803,-20.1800546531212],[-44.14788120013293,-20.18004144767494],[-44.14792095790376,-20.18001489991556],[-44.14794070621027,-20.1800256559443],[-44.147951801718,-20.18006049005426],[-44.1479515116152,-20.18011387901586],[-44.14795984438067,-20.1801486997421],[-44.14796802651724,-20.18019680046542],[-44.14798461504326,-20.18026635118542],[-44.14799858707218,-20.18030914977158],[-44.14801181486439,-20.18032899759265],[-44.14801823382155,-20.18033860475957],[-44.14803211171443,-20.18038411270495],[-44.14809409594764,-20.18043518383496],[-44.14810249605314,-20.18044317416167],[-44.14814209390497,-20.18044607576079],[-44.14815322476407,-20.18048886057551],[-44.14819820825922,-20.1805318084312],[-44.14824628422963,-20.18054279196838],[-44.14828876749984,-20.18053757715113],[-44.14833118507593,-20.1805298329024],[-44.14836781947637,-20.18057003047151],[-44.14839311157554,-20.18059156311159],[-44.14841554176949,-20.18063169189798],[-44.14843513025306,-20.18067189728098],[-44.14845473346227,-20.1807093929154],[-44.14845166113744,-20.18075210804583],[-44.14845984931313,-20.18081357895931],[-44.14841739540999,-20.18081337341864],[-44.14838324640685,-20.18085331862206],[-44.1483830290534,-20.18089333775543],[-44.14838851581463,-20.18091477450171],[-44.14841385845097,-20.18094163756614],[-44.14842510569519,-20.18096301184426],[-44.14837662187551,-20.18102691818444],[-44.14837601248792,-20.18113911650372],[-44.1483504230219,-20.18115769296166],[-44.14835869947045,-20.18120308340228],[-44.14838118618759,-20.18123264246098],[-44.14837260647928,-20.18124326128144],[-44.14834962519495,-20.18130458036846],[-44.1483097945341,-20.18134449804022],[-44.14826459339413,-20.18134156933759],[-44.14823878599942,-20.18140025435823],[-44.14823287234518,-20.18144295662294],[-44.14825807027093,-20.18149646901152],[-44.14826366445807,-20.18151257609946],[-44.14827765881249,-20.1815366744106],[-44.14831712690826,-20.18156351553518],[-44.1482800937456,-20.18161148674177],[-44.14824323430298,-20.18162729878698],[-44.1482402487521,-20.18165402468765],[-44.14824010349204,-20.18168076434315],[-44.1482285946817,-20.18170735860935],[-44.14816603610748,-20.18177652599082],[-44.14812885709557,-20.1818511473591],[-44.14809171590733,-20.18190435782072],[-44.14804902159056,-20.18196296191245],[-44.14800356754728,-20.18199210154629],[-44.14797220054222,-20.18204272049098],[-44.1479323695936,-20.18208263806372],[-44.14788116127576,-20.18212511996414],[-44.1478499395342,-20.18214899923258],[-44.14783832945139,-20.18219438369333],[-44.14785515662464,-20.18223448539897],[-44.1478607307446,-20.18223984258636],[-44.14784932973291,-20.18226119752215],[-44.1477754950393,-20.18231423011915],[-44.14772411131862,-20.18238878165332],[-44.14767263359568,-20.18249540324827],[-44.14764148443222,-20.18250591265049],[-44.14761583621274,-20.18253523851778],[-44.14761558966625,-20.1825805876749],[-44.14758981078326,-20.18263394344023],[-44.14755268973303,-20.18269781422884],[-44.14754398452455,-20.18274592255983],[-44.14753520036731,-20.18279394105352],[-44.14750681393699,-20.18280446291687],[-44.14748136053034,-20.1828123795336],[-44.14747260628924,-20.18285506798858],[-44.14746094384699,-20.18292448179293],[-44.14742412724333,-20.18293234422087],[-44.14739862481643,-20.18293484005036],[-44.14736175023926,-20.18295336163914],[-44.1473588372146,-20.18296671769185],[-44.14733611662955,-20.18297997771453],[-44.14732483288535,-20.18297992300831],[-44.14724801096209,-20.18305968123009],[-44.14719115528111,-20.18311017642563],[-44.14716549262306,-20.18314212251213],[-44.14715673732248,-20.18318481003785],[-44.14715383001915,-20.18321153628818],[-44.14712812409188,-20.18325143179623],[-44.14714201668783,-20.18329423005209],[-44.14713604416745,-20.1833476817854],[-44.14711027217522,-20.18341431731681],[-44.14712125077097,-20.1834704707124],[-44.14711825072718,-20.18349981687371],[-44.14711250212769,-20.18352652934301],[-44.14709531902518,-20.18356646617491],[-44.14711205147601,-20.1836093676584],[-44.1471231765014,-20.18363878231968],[-44.14713136426356,-20.1837002523582],[-44.14715641093525,-20.18376713433081],[-44.14717049898679,-20.18378861281691],[-44.14719284985608,-20.18382874136489],[-44.14719280612208,-20.18383678114765],[-44.14720393692297,-20.1838795660055],[-44.14722367091343,-20.1838930318706],[-44.14725471866675,-20.18390122241401],[-44.14728572893317,-20.18393073348503],[-44.14733907540363,-20.18400308282651],[-44.14734448939677,-20.1840378894177],[-44.14736420917331,-20.18405397465778],[-44.14738953737196,-20.18408354852065],[-44.14742046074969,-20.18412904787695],[-44.14745433415604,-20.18413996280511],[-44.14747408293662,-20.18415071889886],[-44.14749928947575,-20.18418824089109],[-44.14753028510987,-20.18422046166657],[-44.14756692763276,-20.18424466981316],[-44.14758940036228,-20.1842768492668],[-44.14764284971566,-20.18433049866732],[-44.14765971352544,-20.18434928075358],[-44.14776993056459,-20.18436851435026],[-44.14779240431054,-20.18440069378432],[-44.14784030854914,-20.18444365680203],[-44.14785709972626,-20.18447580778902],[-44.14789369866082,-20.1845080556544],[-44.14791923080094,-20.1845001393689],[-44.14795030767873,-20.18450300065945],[-44.14798983437738,-20.184519181796],[-44.14804086338316,-20.18449539848038],[-44.14809192764366,-20.18447956586214],[-44.14812004688769,-20.18450382206238],[-44.14818196057008,-20.18456817266573],[-44.14822711054654,-20.18459513170344],[-44.14827792211556,-20.18461136833768],[-44.14832315899153,-20.18462233723427],[-44.14835149763685,-20.18460639448163],[-44.14839114021842,-20.18460125627684],[-44.14840801838251,-20.18461741800113],[-44.1484588657387,-20.18464169475329],[-44.14849272559796,-20.18465513852284],[-44.14853512215247,-20.18466609451651],[-44.14857462000909,-20.18468760556441],[-44.148599883832,-20.18471446822921],[-44.1486451364361,-20.18472272730388],[-44.14867624185474,-20.18472016806894],[-44.14868475009583,-20.18472291907324],[-44.14870735506254,-20.18473097813881],[-44.14873269834587,-20.18475784116997],[-44.14878049458616,-20.1848061335982],[-44.14880014152481,-20.18483567886453],[-44.14881123801353,-20.18487042256562],[-44.148816658723,-20.18491850987418],[-44.14893832645458,-20.18492180854102],[-44.14899773231448,-20.18492480584104],[-44.14907391638576,-20.18496257520345],[-44.14911050147295,-20.18499744221766],[-44.14915002841961,-20.18501362400486],[-44.14918377173472,-20.18504856761252],[-44.14922618365086,-20.18505672244037],[-44.14927700970248,-20.1850703384998],[-44.14931100555506,-20.18507321367468],[-44.14938449451959,-20.1850842286107],[-44.14939576371328,-20.18508699383967],[-44.14942953746723,-20.1851165170117],[-44.14951449028771,-20.18510888788682],[-44.14959096420836,-20.18509326717481],[-44.14963038979485,-20.18512814872451],[-44.14968127373167,-20.18513110458767],[-44.14970367546399,-20.18517665362026],[-44.14970348730758,-20.18521134270706],[-44.14971170504922,-20.18526748351686],[-44.14971144437489,-20.18531554243072],[-44.14972241026904,-20.18537440634448],[-44.14972791800065,-20.1854065035111],[-44.14975882070191,-20.18544134292151],[-44.14978122249786,-20.18548689194506],[-44.14987999749133,-20.18553542964873],[-44.14991659614066,-20.1855676771085],[-44.14998154041473,-20.18559735085612],[-44.1500210818157,-20.1856109121604],[-44.15008890265081,-20.1856192799541],[-44.15011163810011,-20.1856033098388],[-44.15014548313795,-20.18561955340245],[-44.15019621457211,-20.18566514892714],[-44.15021322425692,-20.1856572814844],[-44.15024148948174,-20.18565470825289],[-44.15028675619492,-20.18566025626255],[-44.15030079430061,-20.18567640499338],[-44.15035149738228,-20.18572741997261],[-44.15037121768168,-20.18574350579471],[-44.15040497611528,-20.1857757394342],[-44.15043319778724,-20.18578120596032],[-44.150458585115,-20.18580002806497],[-44.15046406412401,-20.18583745525431],[-44.15046657254248,-20.18589889772996],[-44.15050322916344,-20.18592048589451],[-44.15053700330783,-20.185950008865],[-44.15062979220957,-20.18605461832581],[-44.15066901514633,-20.1861269888492],[-44.15068567784149,-20.18618316950439],[-44.15074775231329,-20.18621815929982],[-44.15076463138148,-20.18623423135851],[-44.15082099481695,-20.18627461408675],[-44.15084635339763,-20.18629876618051],[-44.15088857735217,-20.18634170097305],[-44.15091663962715,-20.18637661683193],[-44.15095047072566,-20.18639548054335],[-44.15097875777458,-20.18640356676132],[-44.15100127601561,-20.18642770602373],[-44.15104914539297,-20.1864627174909],[-44.15108873065171,-20.1864682387764],[-44.15115655896055,-20.18648997638687],[-44.1512636774094,-20.18655725397739],[-44.15132579424559,-20.18658429413874],[-44.15143592778324,-20.18661951563669],[-44.15148681884411,-20.18663575175418],[-44.15152913674084,-20.18664670576345],[-44.15160552470807,-20.18664707432507],[-44.15166211219405,-20.18666062715444],[-44.15171006977043,-20.18667955887402],[-44.15174378517619,-20.18671983205985],[-44.15176059205271,-20.18674927385993],[-44.15182281119885,-20.1867576139804],[-44.15185674367518,-20.18675777764817],[-44.15192464456191,-20.18676614513716],[-44.15202055087873,-20.18681999802365],[-44.15204857759212,-20.18687623426694],[-44.15206831238761,-20.18688969961233],[-44.15211613915194,-20.18693266023602],[-44.15215005796389,-20.18693553450398],[-44.15217533037207,-20.18697567654465],[-44.1522177127168,-20.18698925106698],[-44.15224318077029,-20.1869787134883],[-44.15229698569735,-20.18698159233889],[-44.15233924609855,-20.18700320714823],[-44.15241540938653,-20.18705967447135],[-44.1524492564301,-20.18707582816187],[-44.15250022707051,-20.18706270274324],[-44.15255126343152,-20.18705228925154],[-44.15256825804229,-20.18704704097124],[-44.15261082273649,-20.18701255608654],[-44.1526165479405,-20.18700454367555],[-44.15266772787032,-20.18696738957072],[-44.15265932051793,-20.18694593887412],[-44.15268207008084,-20.18692734813023],[-44.15273019977225,-20.1869143002142],[-44.15274709473202,-20.18692766144467],[-44.15276678614153,-20.18694916650556],[-44.15280062476745,-20.18698140009044],[-44.15282867342762,-20.18701893595725],[-44.15286521543545,-20.18706184201646],[-44.15289334355663,-20.18709937825635],[-44.15292423361579,-20.18713692689339],[-44.15292678549123,-20.18719032956403],[-44.1529123422577,-20.18724907090415],[-44.15292323770368,-20.18732121413394],[-44.15287500539156,-20.18735305232779],[-44.1528775723642,-20.18740383560938],[-44.15288574166817,-20.18745464497659],[-44.15286861619408,-20.18748392320398],[-44.15285980548826,-20.18753727113194],[-44.15284259309369,-20.18758262893838],[-44.15283122209471,-20.18759865415584],[-44.15279704431307,-20.18764383986175],[-44.15275155915679,-20.18767840107071],[-44.15272859412206,-20.18773701097055],[-44.15267757886247,-20.18775817532973],[-44.15263208043819,-20.18779535680569],[-44.15261496953244,-20.18782192435335],[-44.15260908556755,-20.18785929672545],[-44.15253817655368,-20.18789635481148],[-44.15251812361505,-20.18794169888993],[-44.15246728166587,-20.18793079437897],[-44.15240513527416,-20.18790908373804],[-44.1523737900919,-20.18794100318457],[-44.15230850606315,-20.18798874955692],[-44.15230531781619,-20.18805287436955],[-44.15226542868648,-20.18810345296667],[-44.15225114439693,-20.18813274392029],[-44.15217484218134,-20.18811638638966],[-44.15210694069526,-20.1881080189771],[-44.15209545329532,-20.18814536340276],[-44.15207547252427,-20.18817733759251],[-44.15202429205432,-20.18821449150067],[-44.15198177086663,-20.18824102679324],[-44.15192776364963,-20.18827545631779],[-44.15179169291399,-20.18832286105898],[-44.15174364876673,-20.18832000892779],[-44.15165566513132,-20.18836231535514],[-44.15156215051312,-20.18839122396666],[-44.15145162639302,-20.18842809134351],[-44.15136365681025,-20.18846777732441],[-44.15125894451144,-20.18848064208892],[-44.15112574270417,-20.18852272906637],[-44.15102087994917,-20.18854887278018],[-44.1509160515881,-20.18858314785384],[-44.15079712002664,-20.18859856313416],[-44.15075143247469,-20.18867052353279],[-44.15069496689114,-20.18864884062852],[-44.15067818795534,-20.18861406868812],[-44.15063863154467,-20.18860312780119],[-44.15055632927294,-20.18864546020315],[-44.15050848776283,-20.1886052089056],[-44.15046323488546,-20.18859695027487],[-44.15040649417061,-20.1886260368338],[-44.15039213652452,-20.18866878780007],[-44.15036940113485,-20.18868466757621],[-44.15031573339596,-20.18867103806653],[-44.15026759554717,-20.18867080543935],[-44.15023077769911,-20.18867866840638],[-44.1501939466073,-20.188689149857],[-44.1501258711159,-20.18871285136128],[-44.15008605362647,-20.18875005960545],[-44.15002955872529,-20.18873379598038],[-44.15000390162984,-20.18877911265111],[-44.14997828215647,-20.18880301933096],[-44.14993588437962,-20.18879206364646],[-44.14989348707604,-20.18878119831151],[-44.14988515896358,-20.18875983823578],[-44.14982003995498,-20.1887621437454],[-44.14979187560201,-20.1887460170268],[-44.14976363230795,-20.18872980046836],[-44.14972406075006,-20.188721659477],[-44.14967029161479,-20.18872672872896],[-44.14959664163155,-20.18874507288819],[-44.14959077161501,-20.18877973447984],[-44.14955415760383,-20.18875019758774],[-44.14948903860421,-20.18875250207117],[-44.14948366810631,-20.1887097461179],[-44.1494498876787,-20.18866685183548],[-44.14942183956556,-20.18862931635861],[-44.14933164383768,-20.18857015950805],[-44.14929777669269,-20.18854325531271],[-44.14926396006086,-20.18852168153356],[-44.14924148591503,-20.18848959262992],[-44.14921343693104,-20.18845205621382],[-44.14919949430584,-20.18840383824039],[-44.14914318843465,-20.18835279491345],[-44.14914334781239,-20.18832343588213],[-44.14910674775098,-20.18829118824933],[-44.14907856933322,-20.18827768171458],[-44.14902486558832,-20.18825610200726],[-44.14886654372933,-20.18824467535885],[-44.14879867136219,-20.18823097663543],[-44.14874207572124,-20.18823332301297],[-44.14863163797752,-20.18825419848567],[-44.14849285554972,-20.18827755608449],[-44.14840503159945,-20.18829050183339],[-44.14831461805198,-20.18827136357427],[-44.14824971022552,-20.18824963810319],[-44.14819325263289,-20.18821196482072],[-44.14794993314456,-20.18821611610054],[-44.14788790227745,-20.18817308463537],[-44.14778621899519,-20.18815127203585],[-44.14773813930176,-20.18814037864956],[-44.14770140987192,-20.18813216062854],[-44.14759425723928,-20.18805684073575],[-44.14752936290038,-20.18803249561162],[-44.14747829694711,-20.18804823856037],[-44.14742171657972,-20.188047964227],[-44.14737097673871,-20.18801835749954],[-44.14730588799279,-20.18801533205687],[-44.14724087723852,-20.18801239642211],[-44.1471816580542,-20.18797470943097],[-44.14710824164771,-20.18795032282139],[-44.14707717264308,-20.18793147177572],[-44.14702625887294,-20.1879338451642],[-44.1469894120621,-20.18794703658518],[-44.14692427960135,-20.18795205078099],[-44.14689323107873,-20.18794385925107],[-44.14685663204505,-20.18791170243145],[-44.14678610799345,-20.18786320884775],[-44.14669563735292,-20.18785482020056],[-44.14668712993987,-20.18785206910076],[-44.14661659785051,-20.1878196562965],[-44.14656008941871,-20.18780601187164],[-44.14640745768587,-20.18777862102212],[-44.14630833458063,-20.18779412942976],[-44.14619802731259,-20.18779088403842],[-44.14614146133124,-20.18778798900503],[-44.1460534475625,-20.18783562262172],[-44.14598549367844,-20.18785137257174],[-44.14594317027657,-20.18782704704037],[-44.14589511987437,-20.18781082312406],[-44.14585821491642,-20.18783467437332],[-44.14582983307278,-20.18785856611408],[-44.14580990918052,-20.18787988038429],[-44.14570511752254,-20.18789274145373],[-44.14568812015843,-20.18789843992932],[-44.14567396811594,-20.18790324955863],[-44.14562293109432,-20.18791366193012],[-44.14550673859013,-20.18794787763513],[-44.14543882989388,-20.18795549724439],[-44.14538492941762,-20.18798468632335],[-44.14534796622314,-20.18801919662309],[-44.14535055328726,-20.18805127969638],[-44.14528832581591,-20.18805901721654],[-44.14525425555155,-20.18806951195064],[-44.14521171903902,-20.18809866495354],[-44.14513231421761,-20.18813034942191],[-44.1451181102708,-20.18813028036516],[-44.14505576550994,-20.18815933792659],[-44.14498492159311,-20.18816974325603],[-44.14490562016172,-20.18818263743017],[-44.14486318412478,-20.18819318176045],[-44.14487422177923,-20.18823858573827],[-44.1447722125374,-20.18826220957326],[-44.14474367024889,-20.18831546103002],[-44.14470138935171,-20.18828318578016],[-44.14460213320129,-20.18832281342598],[-44.14460769862761,-20.18834416029],[-44.14452281687751,-20.18833841716471],[-44.1444773016391,-20.1883783061935],[-44.14442605239431,-20.18844210745695],[-44.14438891332479,-20.18850877753578],[-44.14432908311576,-20.18858328681094],[-44.14427509542271,-20.18862837436719],[-44.14423846674039,-20.18860154614149],[-44.14417021536723,-20.18865731494563],[-44.14415594433315,-20.18868389544226],[-44.14410227721169,-20.18867026405538],[-44.14405960218711,-20.18871016679353],[-44.14405081752304,-20.18875818413141],[-44.14403079019959,-20.18879819710959],[-44.1439998299655,-20.18877401588529],[-44.14392909379257,-20.18877900167624],[-44.14391189349858,-20.18882164876306],[-44.14389182366692,-20.18886961114464],[-44.14379549617,-20.18889317260414],[-44.14372484186703,-20.18886879803699],[-44.14365417820262,-20.1888605042694],[-44.14355785068587,-20.18888406469407],[-44.1434615522658,-20.18890229593863],[-44.14339102043225,-20.18886988185119],[-44.14331193728407,-20.18884275624382],[-44.14322154789153,-20.18880491606995],[-44.14313409367515,-20.18876446979581],[-44.14304947408333,-20.18871057678225],[-44.14301286042382,-20.18868103766454],[-44.14300739794807,-20.18864090057536],[-44.14300760244241,-20.18860350091897],[-44.14297383018041,-20.18857397654615],[-44.14295126991185,-20.1885578769727],[-44.14291496356798,-20.18847214890078],[-44.14285014297299,-20.18843443227206],[-44.14278528741151,-20.1883887658233],[-44.14276000291869,-20.18835124280677],[-44.14274903949408,-20.18829237856545],[-44.14269822203843,-20.18826277013673],[-44.1426588466126,-20.1882332183874],[-44.14265635608627,-20.18816906528198],[-44.1425857754386,-20.18813132047518],[-44.14254357448687,-20.18809904511093],[-44.14252674812447,-20.18805894294979],[-44.14247035715483,-20.18802388675013],[-44.14241109614668,-20.18799423796714],[-44.14236576178608,-20.18801533663656],[-44.14234620271611,-20.18796989095974],[-44.14234924775678,-20.18793250606477],[-44.14234088674463,-20.1879030142585],[-44.14232405143157,-20.18787890254891],[-44.14227885761346,-20.18785998177657],[-44.14226228531313,-20.18778781035143],[-44.14225966440688,-20.18774768710322],[-44.14220898403018,-20.1877074197699],[-44.14217515377518,-20.18768855440703],[-44.1420677555213,-20.18765866976583],[-44.14203106959951,-20.18764241080156],[-44.14197160409618,-20.18765016062434],[-44.14194916030974,-20.18761265135957],[-44.14196924538869,-20.18756197856529],[-44.14198371330446,-20.18751398907477],[-44.1419755561468,-20.18744709850073],[-44.14196741958264,-20.1873909578221],[-44.14196825282831,-20.18723874073358],[-44.14193469438016,-20.18715573659754],[-44.14193501581991,-20.18709701773404],[-44.14193239500201,-20.18705689448129],[-44.14193265809063,-20.18700883477119],[-44.14194990798858,-20.18697151919693],[-44.14199247394175,-20.18693703605794],[-44.14200973336195,-20.18688363965214],[-44.14201286597484,-20.18683026467361],[-44.14206423859222,-20.18675833437732],[-44.14209553528902,-20.18672108731866],[-44.14214975724406,-20.18663318038054],[-44.14218111849694,-20.18659864343229],[-44.14223220637702,-20.18656420270434],[-44.1422439886162,-20.18647337889588],[-44.14224423676829,-20.18642802982262],[-44.14225302231696,-20.18637992222297],[-44.14221662977896,-20.18631027446632],[-44.14220842807345,-20.18625151401758],[-44.14219169624153,-20.18620870156984],[-44.14216356187227,-20.18618715418406],[-44.14211278920053,-20.18614950583796],[-44.14201678455641,-20.18611434750957],[-44.14192669604308,-20.18603639681375],[-44.14191839305137,-20.18599633618727],[-44.14184486079439,-20.18599326755017],[-44.14179699321912,-20.18595834400955],[-44.14176042444566,-20.18592076488437],[-44.14170104763048,-20.18591243510177],[-44.14165299829344,-20.18589621005983],[-44.14159073614827,-20.1858959061408],[-44.14149452745567,-20.18589805683465],[-44.14143243232161,-20.18588176316103],[-44.14135036324742,-20.18588136245148],[-44.14133623799213,-20.1858812934798],[-44.141310808255,-20.18587041951106],[-44.14129694626259,-20.18582229173123],[-44.14124045343109,-20.18580602534784],[-44.14121499402302,-20.1858005708456],[-44.14115554308223,-20.1858056106734],[-44.14109339924527,-20.18578389701965],[-44.1410369064463,-20.1857676314756],[-44.14091268152267,-20.18572691418333],[-44.14079102696635,-20.18572098965388],[-44.14072599783195,-20.18570730175798],[-44.14065248107536,-20.18570161234429],[-44.14057619630865,-20.18568253921924],[-44.14051966002107,-20.18567422292436],[-44.1404888265782,-20.18561264198636],[-44.14046066379889,-20.18559651382252],[-44.14041264441713,-20.18557486897051],[-44.14039291083702,-20.18556140235708],[-44.14033905346304,-20.18558254921786],[-44.14027967687036,-20.18557421896235],[-44.14020617456657,-20.18556590998036],[-44.14017805641976,-20.18554165165137],[-44.14011872250143,-20.18552537192611],[-44.14004233531028,-20.18552499839481],[-44.13999141668408,-20.18551408904573],[-44.13995773387865,-20.18546848369257],[-44.13992955072967,-20.18544160555284],[-44.13987592874432,-20.18542002351346],[-44.1398590063394,-20.18541190076158],[-44.13978827162438,-20.1854168849388],[-44.13972328634763,-20.18539524636497],[-44.13966389548607,-20.1853895361928],[-44.13963577696136,-20.18536536813557],[-44.1396217919709,-20.18532527961812],[-44.13960207336549,-20.18530910318031],[-44.13942971820854,-20.18529588269701],[-44.13929300992395,-20.18522917610776],[-44.13914803956789,-20.18518709105611],[-44.13908511622093,-20.18516347629466],[-44.13891800896099,-20.18515750867664],[-44.1387373842327,-20.1851126292519],[-44.13862511275565,-20.18509401154592],[-44.13851581714894,-20.18503647164138],[-44.13836523709962,-20.18500989719465],[-44.1383104783908,-20.18499409107291],[-44.13824218196363,-20.18495753042224],[-44.13818206439794,-20.18492615928189],[-44.13808618558655,-20.18492568938724],[-44.13798745298837,-20.18492782490549],[-44.13790529065324,-20.18493004160015],[-44.13785863979791,-20.18493234290104],[-44.13775473964971,-20.18489822696829],[-44.13771633817299,-20.18489289012876],[-44.13767252863235,-20.18489520440874],[-44.13739539215774,-20.18495075849017],[-44.13733257696026,-20.18492199418944],[-44.13720929406237,-20.18491109047823],[-44.13710503118494,-20.18492864672704],[-44.13703626465307,-20.18497754398845],[-44.13700318801026,-20.18500836784282],[-44.13693182967148,-20.1850261758149],[-44.1368988324284,-20.18505700003816],[-44.13688494437066,-20.18508547930594],[-44.13681639209332,-20.18509544083547],[-44.13677260254532,-20.18507968808007],[-44.13670363685319,-20.18516471984796],[-44.13667592664206,-20.18522411741003],[-44.1367003476418,-20.18526046327489],[-44.13670291002894,-20.18529670092743],[-44.13665350401534,-20.18531199709352],[-44.13663139576173,-20.18534296507744],[-44.13662839158781,-20.18538694520946],[-44.13659539325156,-20.18541776936487],[-44.13656760352112,-20.18547716651506],[-44.13654828596627,-20.18550290837972],[-44.13647348950489,-20.18565783426625],[-44.13645376453322,-20.18574310770872],[-44.13644525873324,-20.18579744917425],[-44.13643130716542,-20.18585167444236],[-44.13645028385757,-20.18588799360472],[-44.13644735077991,-20.18591905572217],[-44.13643340632175,-20.18595774321578],[-44.13641697847285,-20.18596028199369],[-44.13640860008488,-20.1859913173685],[-44.13640289117013,-20.18602489585151],[-44.13639701835948,-20.18610246750131],[-44.13638248907911,-20.18624730003107],[-44.13637931359883,-20.18632235582945],[-44.13636258658519,-20.18637918690839],[-44.13633218529301,-20.18642565282567],[-44.13632339373807,-20.18653166719822],[-44.13630682346707,-20.18656004287726],[-44.13630919235325,-20.18661696773946],[-44.13631651557106,-20.18677744629268],[-44.13627476851877,-20.18690660640179],[-44.1362385859623,-20.18699956786395],[-44.13621349475677,-20.1870848148976],[-44.13624570949558,-20.18719627049315],[-44.1362536031363,-20.18725322248989],[-44.13628080796831,-20.18729988098767],[-44.13630796221766,-20.18734148013938],[-44.13632699629092,-20.18736741033711],[-44.1363049295181,-20.18739060956263],[-44.13626101921351,-20.18741108113371],[-44.13627720479436,-20.18745253605366],[-44.13627161753305,-20.18747843567277],[-44.13621913524279,-20.18755062979934],[-44.13623510676457,-20.1876309290873],[-44.13620187256755,-20.18769020904642],[-44.13618245459793,-20.18773410852097],[-44.13616844548934,-20.18779872181975],[-44.13613528192822,-20.18784517411492],[-44.13610769944917,-20.18788126456566],[-44.13610181910597,-20.18794591869712],[-44.13612352854383,-20.18798739986478],[-44.13611502247132,-20.18804174219555],[-44.13611469485102,-20.18810118379973],[-44.13611164762937,-20.18815293259356],[-44.13610611661032,-20.18816844412642],[-44.13603455850735,-20.18822238630113],[-44.1360178512999,-20.18826114962079],[-44.13600102382789,-20.18833613830715],[-44.13598169040939,-20.18836450036457],[-44.13595979570901,-20.18835662387434],[-44.13593221309583,-20.18839271429069],[-44.13592650397605,-20.1884262918387],[-44.13590169721615,-20.1884598667959],[-44.1358766117982,-20.18852957507696],[-44.135871066798,-20.18854761562641],[-44.13580781538299,-20.18858353072175],[-44.13577749915319,-20.18861445822562],[-44.13576088475573,-20.18865060252055],[-44.13571964207922,-20.18867370740696],[-44.13569472886728,-20.1887123399968],[-44.13568891233925,-20.1887796138672],[-44.13570521293116,-20.18880038124438],[-44.13568580816217,-20.18884166126341],[-44.13565540616654,-20.18888812702601],[-44.13562789462932,-20.18891129938711],[-44.13558951395208,-20.18891625924984],[-44.13555660707082,-20.18891609747],[-44.1355455092414,-20.18893935051295],[-44.13553971431204,-20.1889884663253],[-44.13552317202615,-20.18901169259866],[-44.13549567394392,-20.18903224464882],[-44.13547902476819,-20.18906061984089],[-44.1354348986491,-20.18911993642954],[-44.13538808955812,-20.18915069240348],[-44.13534686881822,-20.18918418565397],[-44.13527833490985,-20.18917607971636],[-44.13523706361368,-20.18920433378937],[-44.13521497615717,-20.18924560055487],[-44.13522818630925,-20.18932588632683],[-44.13514588637476,-20.18933839987653],[-44.1350748336264,-20.18931483312322],[-44.13502524800687,-20.18934819478831],[-44.13500866272556,-20.18937919059983],[-44.1350058010689,-20.18939724341355],[-44.13498927216023,-20.18941785024671],[-44.13492342249017,-20.18943821351873],[-44.1349176557644,-20.1894821799918],[-44.13492836778988,-20.18952884789629],[-44.13492544877197,-20.18955729058251],[-44.13488699660853,-20.18957516918432],[-44.1348757415572,-20.18962687754903],[-44.13487555555534,-20.18966057348625],[-44.13486988270203,-20.18970192006362],[-44.13486690586272,-20.18974066135911],[-44.13485003477166,-20.18982341858432],[-44.1347649581311,-20.18983853863686],[-44.13475102684207,-20.18987469602369],[-44.13474533947961,-20.1899186628775],[-44.13468781022112,-20.18991837975497],[-44.13463013211635,-20.18993101422653],[-44.13459439888663,-20.18995667503977],[-44.13459431308584,-20.18997221331687],[-44.13453945282603,-20.18997456273257],[-44.13448195294483,-20.18996913023929],[-44.13446284804308,-20.18995602748828],[-44.13441914273664,-20.1899248261924],[-44.13433953399652,-20.18995027094535],[-44.13430905907015,-20.19000965443541],[-44.1342651477774,-20.19003012546558],[-44.1342264452753,-20.19007908007943],[-44.13416328582695,-20.19011237464445],[-44.13413847036022,-20.19013303003571],[-44.13410821089513,-20.19015356915881],[-44.13406984435041,-20.19015590929732],[-44.13389110479928,-20.19026894651093],[-44.13384712842615,-20.19028679766148],[-44.13381139449183,-20.19031254866142],[-44.13377038028498,-20.19029418845009],[-44.13372897959877,-20.19034574910236],[-44.13368496024302,-20.19037136889527],[-44.13364377520531,-20.19038408430066],[-44.13366545532666,-20.19043080540954],[-44.1336653264865,-20.19045411236641],[-44.13361869501509,-20.19046680092791],[-44.1335803637819,-20.19044854424993],[-44.13352837371409,-20.19044566858874],[-44.13350905407076,-20.19047141005968],[-44.13348959946052,-20.19050754011206],[-44.13342373466599,-20.1905305230778],[-44.13333600251575,-20.19054047988649],[-44.13325916177212,-20.19055039908308],[-44.13320975378483,-20.19056569419947],[-44.13317966600642,-20.1905551566138],[-44.13314963519187,-20.19053432131627],[-44.13311674198648,-20.19053162914032],[-44.13307838933296,-20.19053144003491],[-44.13305627915051,-20.19056231804259],[-44.13303437683219,-20.19056997893714],[-44.13298779524785,-20.19055945034319],[-44.13295499550875,-20.1905540487914],[-44.13290016448388,-20.19055124929041],[-44.13286725728283,-20.19055108699473],[-44.1328369536387,-20.19057939366336],[-44.13282591372287,-20.19059225845546],[-44.13269433391523,-20.19059675796234],[-44.13263154592848,-20.19056284264454],[-44.1325905313068,-20.19054457251566],[-44.13254372125164,-20.19057532769128],[-44.13248341627244,-20.19057765049742],[-44.13243148321226,-20.19056447499907],[-44.132412342452,-20.19054369331523],[-44.13233828458759,-20.1905640150862],[-44.13231104486417,-20.19053795362123],[-44.13224783487939,-20.19056609868696],[-44.13219583691733,-20.19055030335039],[-44.1320889288565,-20.19056016488357],[-44.13205886967557,-20.1905444787087],[-44.13202892507761,-20.19050810495969],[-44.13197407913248,-20.19050783418911],[-44.13194105736529,-20.19052835838563],[-44.13188358497357,-20.19051777573044],[-44.13182057560438,-20.19050969571083],[-44.13178236660136,-20.19048358000067],[-44.13174129454968,-20.19047569863902],[-44.13168103315745,-20.19047016123251],[-44.1316725965015,-20.1905114949291],[-44.13162049801014,-20.190513857066],[-44.13159040985895,-20.19050340956705],[-44.13153832588549,-20.19050315230267],[-44.13153270968297,-20.19053411067807],[-44.13149971638722,-20.19054948638994],[-44.1314915805596,-20.19053652786401],[-44.13147793532688,-20.19052092176962],[-44.13143942498239,-20.19054918855256],[-44.13140115846171,-20.19053346081821],[-44.13134345773908,-20.19056425221976],[-44.13134880304921,-20.19058234640892],[-44.13135690886784,-20.19060054459351],[-44.13131292544115,-20.19063393375031],[-44.13127712707418,-20.19065706445141],[-44.13123578308772,-20.19069823461777],[-44.13117777982224,-20.19078340851663],[-44.13109510718301,-20.19086313031805],[-44.1310205611246,-20.19097143962186],[-44.13092127875986,-20.19107185772375],[-44.13086336231424,-20.19114149324899],[-44.13081375301466,-20.19119301259238],[-44.1307174696388,-20.19126498747262],[-44.13064014030215,-20.19136289359216],[-44.13060184510125,-20.19135231588568],[-44.13055783900813,-20.19137540584193],[-44.13054398604901,-20.19141156233778],[-44.13048073135189,-20.19144747541299],[-44.1304857893754,-20.19151733279381],[-44.1304828041234,-20.19157170206721],[-44.13046884407967,-20.19161300746782],[-44.13045494020624,-20.1916440160675],[-44.13044107220204,-20.19168270247263],[-44.1304518546916,-20.19171645171393],[-44.13043797987945,-20.1917422206562],[-44.13040764745584,-20.1917757665376],[-44.13037155419491,-20.19186610758962],[-44.13039576006742,-20.19194129857762],[-44.13035196159693,-20.19194108192941],[-44.13031886762304,-20.19197452467921],[-44.13034849624098,-20.19206781027086],[-44.13034825209277,-20.19211180385555],[-44.13033411853626,-20.19218418574642],[-44.13032270384403,-20.19226434997417],[-44.13031966231662,-20.19232901693936],[-44.13031654134687,-20.19239368441455],[-44.13030810420918,-20.19243501801969],[-44.13028587885772,-20.19248667174953],[-44.13027741262476,-20.19253324500682],[-44.13029092131362,-20.19255914849661],[-44.13031812564401,-20.19260589821713],[-44.13032613212078,-20.19264216372513],[-44.13030671140548,-20.19268597208416],[-44.13029806641759,-20.19275061132494],[-44.1302951958741,-20.19278429393357],[-44.1302648637115,-20.1928177494234],[-44.13022087169099,-20.19283821989915],[-44.13021242091705,-20.19288217287593],[-44.13024527092014,-20.19289272464057],[-44.13022561322398,-20.19296507827879],[-44.13023341085214,-20.19305310733496],[-44.13025501230027,-20.19309973808397],[-44.13025751557753,-20.19314636560599],[-44.13026832719232,-20.19317487610463],[-44.13025704174002,-20.19323173338695],[-44.13023759279915,-20.19328078139083],[-44.13020997940833,-20.19332202010879],[-44.13023716206914,-20.19335838049525],[-44.13025882748981,-20.19340763191082],[-44.13025570646015,-20.19347229847183],[-44.13022770492424,-20.19358345706917],[-44.13023568283775,-20.19362487187777],[-44.1302491271255,-20.19367670296967],[-44.13020689145185,-20.1938783106939],[-44.13015715165916,-20.1939531358187],[-44.13014595235463,-20.1939944557373],[-44.13012103639939,-20.19403317778711],[-44.13007977745531,-20.19405881027434],[-44.1300577882413,-20.19408200902283],[-44.13002732636019,-20.19413877138027],[-44.13003256984852,-20.19417502322204],[-44.13004059086722,-20.19420866936234],[-44.1300020933899,-20.19423440585188],[-44.1298732735056,-20.19423891770755],[-44.129864850182,-20.19427772135107],[-44.12984253860983,-20.19434482289453],[-44.12979282708864,-20.19441449860211],[-44.12975427232114,-20.19445053362996],[-44.12971016486957,-20.19449169059842],[-44.12958079826864,-20.1945945783091],[-44.12958313610316,-20.19465665242326],[-44.12954466850282,-20.19467715006053],[-44.12951698145007,-20.19473139606338],[-44.12947032074815,-20.19474923276161],[-44.12942061678336,-20.19480337061765],[-44.12934366549715,-20.19484689391407],[-44.12930496643903,-20.19490885602963],[-44.12927213014904,-20.19489577415517],[-44.12924474614616,-20.19489563851059],[-44.12920060981705,-20.19494194463682],[-44.12921691630802,-20.19497572220839],[-44.12921946988799,-20.19499895115648],[-44.12917821003705,-20.19502467467244],[-44.12913131874463,-20.19508397490797],[-44.12907338545318,-20.19515604929212],[-44.1290675304441,-20.19521555372202],[-44.1290619562314,-20.19523883366163],[-44.12894387374826,-20.1952848627794],[-44.12892485554178,-20.19525631244584],[-44.12886456236738,-20.19525601365898],[-44.12882894993378,-20.19524544793578],[-44.12877405221137,-20.19526848341357],[-44.12873835241876,-20.19527345591094],[-44.12869440271952,-20.19528615639283],[-44.12867544183763,-20.19524730653778],[-44.12863449885751,-20.19521602714682],[-44.1285989071478,-20.19521585071371],[-44.12857963026175,-20.19523382291271],[-44.12837979093515,-20.19519407715995],[-44.12831143533926,-20.19516781120679],[-44.12825114316585,-20.19516751221554],[-44.12821842202207,-20.19513374351202],[-44.12816914182761,-20.19512573022209],[-44.12807601248507,-20.19511234998584],[-44.1279665266436,-20.19508849932783],[-44.12792554156877,-20.19506498845115],[-44.12790652262043,-20.19503643800979],[-44.12781624285272,-20.19500753310593],[-44.12776431585027,-20.19497881846507],[-44.12772886803685,-20.19495280593107],[-44.12772061108965,-20.19494752516449],[-44.12770444777591,-20.19490218611103],[-44.12763338773208,-20.194865607606],[-44.1275895965167,-20.19484985161058],[-44.12754030282176,-20.1948444575262],[-44.12749664744462,-20.1948184042113],[-44.12740892118874,-20.19481272897203],[-44.12729947844097,-20.19478119959606],[-44.12718994968595,-20.19476511803714],[-44.12711347388394,-20.19472336300002],[-44.12702579698732,-20.19472292761035],[-44.12695467980838,-20.19469664742759],[-44.12690552970481,-20.19466532688669],[-44.12686176732053,-20.19464442142017],[-44.12680138877663,-20.19465966017576],[-44.12670300253061,-20.19461264668977],[-44.12662621687983,-20.1946122652091],[-44.12655489692798,-20.19462220972543],[-44.12646177547086,-20.19462174700346],[-44.12639613273789,-20.19459034436656],[-44.12629204165421,-20.19458982703974],[-44.12622083751889,-20.19457917425159],[-44.12616068873824,-20.19455303862991],[-44.12607296366363,-20.19454736273571],[-44.12597443264023,-20.19452618566676],[-44.12593633861401,-20.19447947152548],[-44.12588693020318,-20.1944946741553],[-44.12579922422925,-20.19449947780576],[-44.12572810738156,-20.19447319623387],[-44.12567884261912,-20.19446265324484],[-44.12561302574436,-20.19446232587896],[-44.12554740376233,-20.19444131135938],[-44.12548173256069,-20.19441505768232],[-44.12543232267024,-20.19443035053314],[-44.1254050829949,-20.19440437747766],[-44.12533379278337,-20.19440917221192],[-44.12532279440396,-20.19441426692265],[-44.12525705699042,-20.1944139398195],[-44.12522435128979,-20.19437755121396],[-44.12515314734092,-20.19436689799927],[-44.12508735976824,-20.19436133169541],[-44.12504370591766,-20.19433527689111],[-44.12498358670307,-20.19430390123054],[-44.12490141317821,-20.19429319421616],[-44.12461625198857,-20.19431246161782],[-44.12451227672654,-20.19429125662871],[-44.12447361357322,-20.19433243935521],[-44.12440237308871,-20.19434238249018],[-44.12426538216148,-20.19432625269428],[-44.12417203708706,-20.19435162427421],[-44.12415536227924,-20.1943981562682],[-44.12414983035626,-20.19441357610447],[-44.12408404327228,-20.19440809888121],[-44.12403419944063,-20.19450098939631],[-44.1239355540615,-20.19450049781203],[-44.12386965031632,-20.19451570801754],[-44.12377077355368,-20.19455659046535],[-44.12373757610796,-20.19460818858466],[-44.12372642520438,-20.194654748067],[-44.12368243187667,-20.19467521594794],[-44.12361629661508,-20.19473180017683],[-44.12362138664478,-20.19480942576775],[-44.12359394458722,-20.19481967817691],[-44.12357701679797,-20.19489719489707],[-44.12352195931506,-20.19494868397907],[-44.12352694201214,-20.19503145937095],[-44.12349949991457,-20.19504171085989],[-44.12347732910626,-20.19508297558313],[-44.12348815374212,-20.19510895653273],[-44.12348806681617,-20.1951244947547],[-44.12345481153542,-20.19518639138773],[-44.12344358157581,-20.19523285919056],[-44.12341579221268,-20.19530517229254],[-44.12341014393222,-20.1953413699646],[-44.12340973858302,-20.19541381962023],[-44.1234095935276,-20.19543974586994],[-44.12338175398969,-20.19550681892366],[-44.1233541672341,-20.19554290718425],[-44.12335370372502,-20.19562574576892],[-44.1233535010345,-20.19566197059508],[-44.12336974249369,-20.19569312799794],[-44.12330310732736,-20.19585314640749],[-44.12332464042887,-20.19592570547424],[-44.12331352657637,-20.1959515770158],[-44.12331332387299,-20.19598780184024],[-44.12335150292269,-20.1960190686564],[-44.12336192271451,-20.19611740890729],[-44.12338898845282,-20.19617445690528],[-44.1233942517521,-20.19622109820989],[-44.1233939626344,-20.19627276999577],[-44.1234263001756,-20.1963609215853],[-44.12345332967127,-20.19643865657476],[-44.1235075189477,-20.19654245486796],[-44.12352346248529,-20.19664091300864],[-44.12356435409751,-20.19672350601214],[-44.1238201815989,-20.19749103301023],[-44.12398167650903,-20.19800799374842],[-44.12406789761454,-20.19828399441086],[-44.12411051130388,-20.19849641233521],[-44.12415340612088,-20.19867260491457],[-44.12417992303421,-20.19882793923842],[-44.12423430865709,-20.19891105021757],[-44.12427234414708,-20.19896815365121],[-44.12431587605774,-20.19903043299047],[-44.12434838834822,-20.19908750798633],[-44.12438092106919,-20.19915497229813],[-44.12438048825894,-20.19923257123405],[-44.12444017450248,-20.19934154517224],[-44.12446188224268,-20.19938302857509],[-44.12446709623215,-20.19942452016755],[-44.12448857370165,-20.19950737677805],[-44.12454837572933,-20.19959566498336],[-44.12456999669641,-20.19965268568897],[-44.12455876713643,-20.19969924480268],[-44.12455842028609,-20.19976130551454],[-44.12453610412824,-20.19982849657969],[-44.12453034123596,-20.19988538087995],[-44.12453549674309,-20.19993717013677],[-44.12455181783019,-20.19996823838079],[-44.12451318200943,-20.20000427084693],[-44.12451292147268,-20.20005088459612],[-44.12451277706863,-20.20007672048559],[-44.12449869673355,-20.20015298643578],[-44.12452305895622,-20.20019972284275],[-44.1244898530661,-20.20026685964916],[-44.12445697222934,-20.20026145605752],[-44.12441850260289,-20.20028195158072],[-44.12441543647584,-20.20033632022265],[-44.12440698263578,-20.20038027280338],[-44.12440131394081,-20.20040608207189],[-44.1243656488768,-20.20041882268191],[-44.12433817708305,-20.20043422354999],[-44.12432414086629,-20.20048853752893],[-44.1243020138301,-20.2005220336591],[-44.1242934730797,-20.20058152354407],[-44.12429049427142,-20.20062026451389],[-44.12426293555966,-20.20065120358374],[-44.12424089390131,-20.20066925183838],[-44.12419133840109,-20.20071038014228],[-44.12418288447404,-20.20075433270733],[-44.12417981875452,-20.20080861098466],[-44.12414675035835,-20.20083690223079],[-44.1241001292375,-20.20084705909522],[-44.12403967580413,-20.20087521473495],[-44.12404762210667,-20.20092186847636],[-44.12402263749064,-20.20098642671324],[-44.12395397032183,-20.20100153181775],[-44.1239343289437,-20.2010842747632],[-44.12390685699088,-20.2010996755568],[-44.12386824160621,-20.20114600772799],[-44.12385154553522,-20.20118215030966],[-44.1238293229459,-20.20124672137971],[-44.12381272696747,-20.20126479672513],[-44.12374420989919,-20.20126707545062],[-44.12375765212299,-20.20131881567699],[-44.12374931472433,-20.20134208162277],[-44.12370809578338,-20.20136003418351],[-44.12363886287192,-20.20147604491395],[-44.1236002902823,-20.20151469781478],[-44.12356737335043,-20.20153007230061],[-44.12346303904364,-20.20155800888165],[-44.12345715275789,-20.20162266137608],[-44.12345426730981,-20.20165887279766],[-44.12342668695246,-20.20167942239881],[-44.12335538490453,-20.20169975480307],[-44.12331149064551,-20.2017021552765],[-44.12325371192544,-20.20174586171087],[-44.12323708700213,-20.2017690862815],[-44.12318497152987,-20.20177397569387],[-44.12316306718939,-20.20178163527299],[-44.12313823426024,-20.20180481887945],[-44.12312710479865,-20.20183322028784],[-44.12308316750556,-20.20184329990449],[-44.12303336500383,-20.20192842039743],[-44.12299492265696,-20.20194376719726],[-44.12297296768003,-20.20194627707033],[-44.12292342560615,-20.20198487597007],[-44.12289878840737,-20.20198728209018],[-44.12285474936767,-20.20201551922207],[-44.12281360250223,-20.20202055362525],[-44.12279973256801,-20.20205923928341],[-44.12273115039174,-20.20205889693279],[-44.12268985879169,-20.20208976717737],[-44.12267595946994,-20.20213369246226],[-44.1226539467725,-20.2021465008622],[-44.1226454786015,-20.20219307360294],[-44.12259058568811,-20.20220047805093],[-44.12256003240225,-20.2022727771094],[-44.12244714214246,-20.20236282309413],[-44.122391935842,-20.20244014843449],[-44.12236444882085,-20.20245816924072],[-44.12236418812159,-20.20250469169231],[-44.12235308827935,-20.20252794376384],[-44.12216538664658,-20.20275727932516],[-44.12212112186993,-20.20283989810522],[-44.1220715581027,-20.20286810742613],[-44.12202474787232,-20.20291186822345],[-44.12197511865933,-20.20296591377578],[-44.12195854303193,-20.20299428698153],[-44.12191105962041,-20.20314410233129],[-44.12189101159491,-20.20329929364086],[-44.12189077961026,-20.20334066770341],[-44.12189612973608,-20.20337177080699],[-44.12186843287507,-20.20341300762357],[-44.12186541632403,-20.20347252584585],[-44.12186792532998,-20.20350352439534],[-44.12189782725409,-20.20354766848039],[-44.12190031338967,-20.20359691534726],[-44.12190564934384,-20.20363054746223],[-44.12188359280686,-20.20365112530525],[-44.12187534212084,-20.20365885294093],[-44.12188591384268,-20.2037158187219],[-44.12189953031142,-20.20373657482703],[-44.12189659387819,-20.2037676365207],[-44.12194538209701,-20.20386363850007],[-44.12198091029106,-20.20388965351421],[-44.12198346938605,-20.20392589209477],[-44.12199417738315,-20.20397255969783],[-44.12202419495375,-20.20399592682615],[-44.12202204752631,-20.20406927125007],[-44.12205139233899,-20.20411413538077],[-44.12203344733258,-20.20414756081417],[-44.12208047129545,-20.20420642548734],[-44.12209223120194,-20.20422048681343],[-44.12210364725491,-20.20429588594468],[-44.1221361472254,-20.20429884846627],[-44.12213892656561,-20.20432397698584],[-44.12213278761037,-20.20436306261896],[-44.12213256833896,-20.20440217782594],[-44.1221353491327,-20.2044412185677],[-44.12218251349478,-20.20446105706781],[-44.12219428867385,-20.20447222795425],[-44.1222058921471,-20.20451420237539],[-44.12224983918783,-20.20458705420745],[-44.12226442610108,-20.20463175422788],[-44.12227309377413,-20.20466251246451],[-44.12225823343329,-20.20468059630864],[-44.12224914296185,-20.20471126674246],[-44.12228161162992,-20.20473383286467],[-44.12229351285927,-20.20472268989361],[-44.12233455459518,-20.20477872446898],[-44.12232544940561,-20.20482619665429],[-44.12234002066076,-20.20485969417168],[-44.12235174924663,-20.20487935653465],[-44.12237818889075,-20.20490740337929],[-44.12239285383306,-20.20493819156426],[-44.12239266600475,-20.20497170662234],[-44.12238654373513,-20.20500799128961],[-44.12238929173331,-20.20503872085774],[-44.12242461835837,-20.20507241238834],[-44.12247479872152,-20.20508937536933],[-44.12249531968349,-20.20513139521062],[-44.12249508530403,-20.20517322104193],[-44.12251843224756,-20.20521805514655],[-44.12258312076301,-20.20529381063303],[-44.12258285502622,-20.20534123661369],[-44.12264768237976,-20.20537787646913],[-44.12266247338627,-20.20538635168506],[-44.12267409227574,-20.20542543654813],[-44.12265022846669,-20.20545883248618],[-44.12266781365512,-20.20548963523099],[-44.12270334388986,-20.20548701248004],[-44.12271802409022,-20.2055010883478],[-44.1227089336586,-20.20553175790059],[-44.12273546860634,-20.20555700411434],[-44.12276184663749,-20.20559625211267],[-44.12279717346157,-20.20562994447743],[-44.12281177575187,-20.20565793216405],[-44.12283245470348,-20.20567194761363],[-44.12285010118855,-20.20567763601322],[-44.12287671410473,-20.20568897128425],[-44.12292400441704,-20.20568640719526],[-44.12293571795816,-20.20570877924301],[-44.12294129267816,-20.20577023695071],[-44.12296742090956,-20.20586811340078],[-44.12301758494516,-20.20588787721033],[-44.1230410580589,-20.20591039830192],[-44.12303501437109,-20.20594668428743],[-44.12303780956122,-20.2059690118163],[-44.12307021631125,-20.20598868607938],[-44.12310563688207,-20.20600566558144],[-44.12312912628436,-20.20603929880572],[-44.1231437747581,-20.2060588853345],[-44.12318812934631,-20.20605910668023],[-44.12319373553574,-20.20611496332853],[-44.12320251330463,-20.20614012176609],[-44.12321116555623,-20.20617368003592],[-44.12322871956962,-20.20621008378226],[-44.12326407799205,-20.20623817500655],[-44.12329350194729,-20.20626903676604],[-44.12331997430648,-20.20629148243112],[-44.12336142302098,-20.20628897853626],[-44.12337900834009,-20.20630577954629],[-44.12339664079517,-20.20632818109595],[-44.12341433641806,-20.20633947089635],[-44.12342600208794,-20.20637024403754],[-44.12345256803601,-20.20637597778151],[-44.12345844031988,-20.20638431808323],[-44.12348787950936,-20.20641247009134],[-44.12351435192104,-20.2064349157287],[-44.12356724889663,-20.20650221068896],[-44.12362355191382,-20.20648288774649],[-44.12363540616492,-20.20648014672016],[-44.1236649080989,-20.20649709659306],[-44.12367955668197,-20.20651668308023],[-44.12369708045248,-20.20655868784217],[-44.12375319497062,-20.20657287901428],[-44.12376484600628,-20.20660645311865],[-44.12380609305312,-20.20664017391188],[-44.12378219697787,-20.2066791719536],[-44.12380576498276,-20.20669880200814],[-44.12383810929487,-20.20672967914798],[-44.12384991560088,-20.20673533832825],[-44.12387952728825,-20.20673268583456],[-44.12390904482427,-20.20673283301962],[-44.12393251788265,-20.2067692662145],[-44.1240087966599,-20.20688970615599],[-44.12403223842941,-20.20693174039248],[-44.12406740952245,-20.20697934305192],[-44.12409378827548,-20.20703259343938],[-44.12412903722468,-20.20706628516222],[-44.12414665420846,-20.20709148671701],[-44.12416416204984,-20.20713620115292],[-44.12420811070737,-20.20720905253469],[-44.12421968407526,-20.20725653753715],[-44.12424318860886,-20.20728736964006],[-44.12426953597405,-20.20733221848309],[-44.12424563989882,-20.20737121658518],[-44.12426920806498,-20.20739084658204],[-44.12428090625365,-20.20741601952638],[-44.12429561827248,-20.20743849679148],[-44.12429844498705,-20.2074552232503],[-44.12429541567096,-20.20747472157816],[-44.12428934019934,-20.20750269553939],[-44.12431273547752,-20.20753903794255],[-44.12433341334986,-20.20755314357605],[-44.12436588272947,-20.20756170676462],[-44.1243834537746,-20.20759531033518],[-44.12440994121979,-20.20761495486324],[-44.12443949042608,-20.20762350438923],[-44.12447492768715,-20.20763759229835],[-44.12450428931384,-20.20766565340239],[-44.12454859759287,-20.20768827812556],[-44.12459570112228,-20.20771922777233],[-44.12466376390192,-20.20771396657986],[-44.12471691272969,-20.20773654494996],[-44.12474625897696,-20.20778140866611],[-44.12477854159284,-20.20782339559171],[-44.12475466121921,-20.20785959278386],[-44.1247750268853,-20.20791552382077],[-44.12482233373508,-20.20792416084134],[-44.12482794150601,-20.20798001745461],[-44.12482174042037,-20.20803030529383],[-44.12483929646737,-20.20806661854382],[-44.12480949719368,-20.20810278625804],[-44.124785585472,-20.20814458450615],[-44.12474382389483,-20.20821700786637],[-44.12472289495436,-20.20824761944752],[-44.12468124290995,-20.20830044045647],[-44.1246956740624,-20.20835914208692],[-44.12463610663535,-20.20842587639819],[-44.12460640138978,-20.20845924348464],[-44.12456193630193,-20.20846462313438],[-44.12455875091677,-20.20851203457196],[-44.12457336943196,-20.20853722204967],[-44.12458213188872,-20.20856518049971],[-44.12456413892991,-20.20860700729981],[-44.12453131017052,-20.20866267328858],[-44.12451328682275,-20.20871010114029],[-44.12446872984968,-20.20874610488925],[-44.12446246647414,-20.20880750355495],[-44.12442103130002,-20.20880729705586],[-44.12439718246284,-20.20883798349255],[-44.12436158837542,-20.20885171830529],[-44.12438803016484,-20.20889376745006],[-44.12440859987131,-20.20891338339203],[-44.12440553921349,-20.20893848186764],[-44.12436407267918,-20.20894387640688],[-44.12431963894291,-20.20895765750849],[-44.12431051776996,-20.20899383783525],[-44.12430441140773,-20.20902732248891],[-44.12428949628727,-20.20905516292892],[-44.12428345206576,-20.20907753673337],[-44.12427734473662,-20.20911102138069],[-44.12425658901356,-20.20912483013308],[-44.12423292807119,-20.2091219120341],[-44.12417665549165,-20.20913563408114],[-44.12417659283028,-20.20914683528289],[-44.12416756510201,-20.20916630369966],[-44.12412027469976,-20.20916886808903],[-44.12410529575598,-20.20919390804069],[-44.12409915800441,-20.20923299373704],[-44.12407832391013,-20.2092608046463],[-44.12406037869224,-20.20929423026159],[-44.12405422480146,-20.2093360265744],[-44.1240510543952,-20.20938072827152],[-44.12400654362496,-20.20940842111708],[-44.12397074617091,-20.2094584709732],[-44.12394997420095,-20.20947517011453],[-44.12390844533638,-20.20949167538645],[-44.12388175442952,-20.20950834500236],[-44.12386676070088,-20.20953618500908],[-44.12387547606394,-20.20957254461474],[-44.12383396283657,-20.20958624979347],[-44.1238160488692,-20.20961407523101],[-44.12376575770772,-20.20961662455426],[-44.12375081046338,-20.20963615377796],[-44.12371820013285,-20.20965270348594],[-44.12369749080796,-20.20965820139544],[-44.12369733456758,-20.20968611449218],[-44.12370316090963,-20.20970285682159],[-44.12367339190073,-20.20973351361779],[-44.12366434901241,-20.20976969429215],[-44.12365832034957,-20.20978926709147],[-44.12364318597076,-20.2098422210012],[-44.12361633775729,-20.20988680456714],[-44.12358088491545,-20.20987542528859],[-44.12353948092046,-20.20988362008777],[-44.12350668278501,-20.20991968223488],[-44.12353014147536,-20.20995891556329],[-44.12354186961227,-20.20997857785048],[-44.12348814307745,-20.21005925307557],[-44.1234582809791,-20.21012053393832],[-44.1234224527773,-20.2101761847218],[-44.1233927620266,-20.21019283928823],[-44.1233776746411,-20.21025139370676],[-44.12330661200762,-20.21025664029564],[-44.12330344186487,-20.21030125161196],[-44.12326464532811,-20.21036528800088],[-44.12322016397684,-20.21037346826505],[-44.12318169671499,-20.21037887657637],[-44.12316963926,-20.21041784322681],[-44.1231960496034,-20.21046549268833],[-44.12320773214321,-20.21049346577096],[-44.1231986101054,-20.21052973637499],[-44.12321294726827,-20.21060514999273],[-44.12321575828999,-20.21063867909978],[-44.1231710897089,-20.21069428569939],[-44.1231502076298,-20.21071658539294],[-44.12316495165103,-20.21073337134569],[-44.12319154969283,-20.21073350410323],[-44.12322380057458,-20.21078118361551],[-44.12321769293868,-20.21081466820872],[-44.12317900698259,-20.21085910225393],[-44.1231847696116,-20.21088704578967],[-44.12316093639507,-20.21091484160331],[-44.12320530810802,-20.21092626458385],[-44.12318419077545,-20.21099039008655],[-44.12317214845024,-20.21102664611011],[-44.12319866868698,-20.21105469234879],[-44.12318928192504,-20.21113838981421],[-44.12319493477054,-20.21118593566843],[-44.12320068172875,-20.21121667927632],[-44.12320930334493,-20.21125574913676],[-44.1232031810164,-20.21130603636927],[-44.12320872451348,-20.21135909343],[-44.12317603533388,-20.21138964519123],[-44.12316396160402,-20.21143150135752],[-44.12317525307034,-20.21152930369159],[-44.12318357773302,-20.21163540312027],[-44.12317144174266,-20.21168837103021],[-44.1231653815613,-20.21171354485287],[-44.12315627562151,-20.21174692501972],[-44.12315599377033,-20.21179724230344],[-44.12313795443252,-20.21184737968738],[-44.12312005580389,-20.2118864075231],[-44.12311982100508,-20.21192832277986],[-44.12310780996017,-20.21195897774272],[-44.12306940504855,-20.21195318572264],[-44.12303368462558,-20.21198932352388],[-44.12304805319143,-20.21205913609563],[-44.12302715576495,-20.21209814804506],[-44.1230180178843,-20.21213721960444],[-44.12300021333136,-20.2121594442775],[-44.12297049223562,-20.21218160945283],[-44.12294957758731,-20.21220950925091],[-44.1229403318498,-20.21228200497901],[-44.12291049992387,-20.21232377335671],[-44.12289842654253,-20.21236554004452],[-44.12292482141645,-20.21241598961807],[-44.12294535903698,-20.21244120677788],[-44.12295402625666,-20.21247196497012],[-44.12292121176391,-20.21252482960649],[-44.12289139547905,-20.21256379700186],[-44.12286439109554,-20.21263629440345],[-44.12285531739705,-20.21267807606438],[-44.12284324346864,-20.21271993219571],[-44.12280771062609,-20.21272255581083],[-44.12277514612175,-20.21273079454393],[-44.12273947348913,-20.21275853115739],[-44.12273936413547,-20.21277804311661],[-44.12270088056835,-20.21278625227449],[-44.12266815862749,-20.21280840240452],[-44.12265324379069,-20.21283624267442],[-44.12266191097606,-20.21288100343859],[-44.12268830583999,-20.21291745138849],[-44.12262600333995,-20.21295065617641],[-44.12258444201477,-20.21297276213734],[-44.12255173667157,-20.21300611383194],[-44.12251893762363,-20.21305617830872],[-44.12252451327829,-20.21311763598731],[-44.12250053784928,-20.21317054468736],[-44.12247949884057,-20.21322075825911],[-44.12247332863398,-20.2132653545487],[-44.12240785494832,-20.21334326087944],[-44.12241947473711,-20.21338243519924],[-44.12235701548381,-20.21344355295584],[-44.12233897567672,-20.21349369113547],[-44.12230926897475,-20.2135130561062],[-44.12226475575197,-20.21354074843779],[-44.12222876926036,-20.21362440233891],[-44.12221377528758,-20.21366615436961],[-44.12216630983491,-20.2136855200197],[-44.12211008352122,-20.21369084021673],[-44.12208915472193,-20.2137353627232],[-44.12208004791766,-20.21376883226428],[-44.12205048194141,-20.2137770867444],[-44.12197937105999,-20.21379064349702],[-44.12192909425382,-20.21379039217097],[-44.12184323913922,-20.21380116446413],[-44.12179885094752,-20.21380654374383],[-44.12173664219538,-20.21382294505485],[-44.12168330469221,-20.21383388076046],[-44.12161225557531,-20.21385023782101],[-44.12155596632596,-20.21386675902552],[-44.12152032465652,-20.21388889432457],[-44.12149655208451,-20.21390557813316],[-44.1214402466322,-20.213924809915],[-44.12135148683738,-20.21393276728592],[-44.12131601755065,-20.21392418850195],[-44.1212895756906,-20.21389614147164],[-44.12123631675027,-20.2138930748781],[-44.12120953001855,-20.21392645591439],[-44.12118585174913,-20.2139263374477],[-44.12111781764421,-20.2139259970429],[-44.12105273514643,-20.21393407363686],[-44.12101420322945,-20.21393668096791],[-44.1209268775398,-20.21394220657674],[-44.12080535823975,-20.21397890748306],[-44.1207155721442,-20.21400086194623],[-44.12062318158671,-20.21402280332346],[-44.12050702992286,-20.21405953179517],[-44.12038549622639,-20.21409876231516],[-44.12029838018448,-20.21412316955811],[-44.12018464115404,-20.21417987416931],[-44.12011318367993,-20.21422676274786],[-44.12001281583378,-20.21426366030677],[-44.12001576585475,-20.21421633820721],[-44.11998146034311,-20.21421119762902],[-44.11990764979319,-20.21421335688945],[-44.11984152220737,-20.21425286463241],[-44.119822815989,-20.21429504961419],[-44.11977247389574,-20.21433463643086],[-44.11976702724932,-20.21437688695023],[-44.1197457631033,-20.21439665520486],[-44.11966655234954,-20.21441866211666],[-44.11960854148437,-20.21441837135652],[-44.11956099498099,-20.21443809820639],[-44.11956082728921,-20.21446790869015],[-44.11955538497921,-20.21449525401178],[-44.1194710348842,-20.21450485893958],[-44.1194233956817,-20.21452693365157],[-44.11938389496068,-20.21451932728371],[-44.11935216147462,-20.21453407429403],[-44.11936785729078,-20.21456405466859],[-44.11936243013007,-20.21458887098006],[-44.11928839523388,-20.21463086793646],[-44.11922753264145,-20.21466037497402],[-44.11916946082376,-20.2146850167339],[-44.11910081725525,-20.21469460988885],[-44.11905591726285,-20.21470685118356],[-44.11904784243977,-20.21473915198609],[-44.11904245596218,-20.21475656015996],[-44.11897111072165,-20.21478357490228],[-44.1189367859795,-20.21479577885431],[-44.11888410503151,-20.21478810716079],[-44.11883678313189,-20.21476790459115],[-44.11881813156978,-20.21480015231959],[-44.11880747140597,-20.21481509530573],[-44.11878102616009,-20.21482986783598],[-44.11876508645024,-20.21485716046007],[-44.11874905400214,-20.21488698259896],[-44.1187173709009,-20.21490669754237],[-44.11869100955951,-20.21490656527219],[-44.11863309670926,-20.21488883948729],[-44.11857220541506,-20.2149234043019],[-44.11857210722764,-20.21494083899744],[-44.11854307121587,-20.21495316067081],[-44.11847169686963,-20.21498514285756],[-44.11842157861715,-20.21498489131083],[-44.11836870172573,-20.21501199849648],[-44.11836338086549,-20.2150318466007],[-44.11830793201003,-20.2150390660448],[-44.11827339742633,-20.21508866916531],[-44.11823914324867,-20.21508849720354],[-44.11822577988033,-20.21512077141081],[-44.11818875781388,-20.2151354916518],[-44.11816218622882,-20.2151726673396],[-44.11812257439155,-20.21518493493848],[-44.11805920465663,-20.21519708413753],[-44.11800383422011,-20.21520430387688],[-44.11797983903097,-20.21524646207886],[-44.11793495306101,-20.21525617316736],[-44.11790588894577,-20.21527346238923],[-44.11790576267899,-20.21529586564278],[-44.11783186760262,-20.21531293059924],[-44.11777905982171,-20.21532757056072],[-44.11773936847322,-20.21533983767132],[-44.11773413154756,-20.21534478006759],[-44.11766288316479,-20.21535435956302],[-44.1176549063098,-20.21536922559689],[-44.11761771651226,-20.21541384653657],[-44.11760698546024,-20.21544116521288],[-44.1175989112589,-20.21547346503483],[-44.11754341438374,-20.21550308877877],[-44.11748242430793,-20.2155550878845],[-44.11742692884937,-20.21558462124035],[-44.11740308781128,-20.21559940663954],[-44.11733181076571,-20.21561404491011],[-44.1173266864163,-20.21559902269577],[-44.11727399154412,-20.21559378916453],[-44.11725802809724,-20.21561114411589],[-44.11723946113597,-20.2156284868838],[-44.11718665415653,-20.21564312666538],[-44.11715217514093,-20.21568279242261],[-44.11711786478586,-20.21569255735849],[-44.11710983129347,-20.21571745083944],[-44.11704658767565,-20.21570719551055],[-44.11702804922669,-20.21571947843675],[-44.11698050106787,-20.21573920455346],[-44.11697514286722,-20.21575155373787],[-44.11694871105767,-20.21576388732687],[-44.11694080394794,-20.21576637664876],[-44.11686149472076,-20.2158058178456],[-44.11682704880578,-20.21582551854006],[-44.11677945974598,-20.21585265181611],[-44.11675820316362,-20.21588488620402],[-44.116718661404,-20.21588468734945],[-44.11664997487745,-20.21590177708485],[-44.11661310179483,-20.21590412070529],[-44.1165679769097,-20.21595610981965],[-44.1165362709303,-20.21596588773837],[-44.11647832941224,-20.21595321924939],[-44.11641754429414,-20.21598272566465],[-44.11640167540028,-20.21599755102844],[-44.11637253153973,-20.21601483958396],[-44.11631416868516,-20.21607678978414],[-44.11626126302675,-20.21610886396022],[-44.11619005605977,-20.21611103563099],[-44.11613998790536,-20.21611575237385],[-44.11609489087135,-20.21616277189478],[-44.11603671052681,-20.21619238073443],[-44.11600752474654,-20.21621707733916],[-44.11598889523782,-20.21625935170137],[-44.11593877661096,-20.21625909943103],[-44.11591221858527,-20.21629374664571],[-44.11588309696781,-20.21632097262758],[-44.11581968523206,-20.21634061765744],[-44.11578543080314,-20.21634044520695],[-44.11575909635699,-20.21633534392457],[-44.11573777530105,-20.21636504877743],[-44.11567147779246,-20.21643445567199],[-44.11552905928464,-20.21645361331119],[-44.11551817310188,-20.21650830273084],[-44.11547334279986,-20.21650807695731],[-44.11544430531238,-20.21652039809137],[-44.11537583074718,-20.21650008805414],[-44.11536512199037,-20.21653743444222],[-44.11533840906672,-20.21659945245138],[-44.1152988719601,-20.21658434719739],[-44.11522747616247,-20.21663376398259],[-44.11520614162406,-20.21666599777332],[-44.11516133262705,-20.21667570942385],[-44.11513469536524,-20.21671044556512],[-44.11508458460369,-20.21672265955942],[-44.11502120026059,-20.21673724627796],[-44.1149894516359,-20.21675452146784],[-44.11494989537292,-20.21675685121056],[-44.11496294900936,-20.21677932086221],[-44.11495757726257,-20.21679419988838],[-44.11488109103018,-20.21680872052994],[-44.11481500353894,-20.21684072872003],[-44.11476195533162,-20.21689773555319],[-44.11473013759589,-20.21692738646142],[-44.11470364824902,-20.21694965680527],[-44.11466139369359,-20.21695450285879],[-44.11459796191665,-20.2169914930489],[-44.11456331817789,-20.21704606262129],[-44.11446275051773,-20.21711773587026],[-44.1143860588171,-20.21715465911984],[-44.11435714887919,-20.21714457593954],[-44.11429895404995,-20.21717662372709],[-44.11423819619534,-20.21720115989141],[-44.11418524729793,-20.21724073277372],[-44.11417983206334,-20.21726310932589],[-44.11418229542255,-20.21728805469136],[-44.11415058411328,-20.21731273732642],[-44.11412665761853,-20.21734251918071],[-44.11409761196442,-20.21734237266767],[-44.11405273309719,-20.2173645501435],[-44.11402356060284,-20.21738680684278],[-44.11397601305777,-20.21740644085668],[-44.11396793703323,-20.2174387413715],[-44.11398089282326,-20.21747864576495],[-44.11390425614742,-20.21750563167645],[-44.11389348280071,-20.21754044765257],[-44.11382460717562,-20.21760478264024],[-44.11377953619841,-20.21764683386042],[-44.11370009838116,-20.21770867587418],[-44.11364723265179,-20.21773334200786],[-44.11360206379133,-20.21779282784997],[-44.11352534342473,-20.21783471835186],[-44.11349620677845,-20.21786447381281],[-44.11346442961485,-20.21788671726434],[-44.11339040744027,-20.21792609225011],[-44.11336913554828,-20.21796085518589],[-44.11335574372625,-20.21799809752451],[-44.1133344777847,-20.21801795439639],[-44.11329998345234,-20.21806005888253],[-44.11325752550994,-20.21811458961781],[-44.11320443432681,-20.21817900313711],[-44.11316462375735,-20.21822613980114],[-44.11312212877326,-20.21827317163874],[-44.11310865187598,-20.21832540906531],[-44.11307412925213,-20.21837248205444],[-44.11303943712512,-20.21844945580716],[-44.11298923283749,-20.2184641977796],[-44.11295465285849,-20.21852120784393],[-44.11294646434533,-20.21857347196607],[-44.11293570408384,-20.21860575886194],[-44.11289603371396,-20.21862796233096],[-44.11286670659776,-20.21867759059229],[-44.11285601193295,-20.21871231653128],[-44.11278476128021,-20.21872198432913],[-44.11277146714998,-20.21874179104341],[-44.11276588307373,-20.21879406831153],[-44.1127709452152,-20.21883384344865],[-44.11274162582319,-20.21889593818884],[-44.11270967879273,-20.21894808225641],[-44.11266452356226,-20.21900503791775],[-44.11269058895283,-20.2190574760006],[-44.11264281386581,-20.21911694749095],[-44.11260832514049,-20.21914414576571],[-44.11259491772694,-20.21918391702731],[-44.11254945139184,-20.21929570653384],[-44.11250690829959,-20.21936514271456],[-44.11249092449832,-20.21939993225055],[-44.11248278390968,-20.21942970237307],[-44.11245107137929,-20.21945447592623],[-44.11240601384495,-20.21949399684665],[-44.11243722629423,-20.21957139390473],[-44.11243172617164,-20.21960867513735],[-44.1124156218143,-20.21965087237017],[-44.11242064180482,-20.21969823451937],[-44.11240989059388,-20.21974289752475],[-44.11238334451185,-20.21977519494368],[-44.11236723916543,-20.21981739216529],[-44.1123352789345,-20.21987197479971],[-44.11230099557685,-20.2198767701925],[-44.11228218675151,-20.21993638889441],[-44.11226349162618,-20.2199761333918],[-44.11222886944881,-20.22004064083831],[-44.11221263128235,-20.22012023675489],[-44.11220188606345,-20.220149993691],[-44.11216988219795,-20.22021207473939],[-44.1121433083032,-20.22024925031306],[-44.11212939215419,-20.22037863434869],[-44.11209772705738,-20.2203810042191],[-44.1120790964794,-20.22042318773491],[-44.11209731746739,-20.22045318148234],[-44.11210771099823,-20.22048557527069],[-44.11207855973821,-20.22051776910585],[-44.11207294765934,-20.22057492452772],[-44.1120753543185,-20.22060980700487],[-44.1120671505729,-20.22066451060417],[-44.11203797202937,-20.22070167298611],[-44.11200875606838,-20.22073142685961],[-44.11200072148057,-20.22075632005266],[-44.11195846634854,-20.2207610750583],[-44.11194511553055,-20.22079081879652],[-44.11196342937665,-20.22081828395374],[-44.11191821639764,-20.22088526683575],[-44.11189697291581,-20.22091506100856],[-44.11188101752436,-20.22094479156767],[-44.11189667653981,-20.22096727461109],[-44.11190712550578,-20.22098973130321],[-44.11188045244512,-20.22104434147838],[-44.11186195501032,-20.2210492166159],[-44.11182748728331,-20.22108644256186],[-44.11182723344294,-20.22113115861175],[-44.11183220204038,-20.2211735518128],[-44.11181354307782,-20.22122070474429],[-44.11176825914076,-20.22130015367851],[-44.11174691614545,-20.22134729212061],[-44.111736085607,-20.22139204502166],[-44.11175693325833,-20.22143199037911],[-44.11178857036435,-20.22143458912877],[-44.11182017875294,-20.22144224677663],[-44.11183320408738,-20.22146968519711],[-44.11179609577305,-20.22149940001007],[-44.11178001311218,-20.22155153375552],[-44.11176670519676,-20.22157387028212],[-44.11173223783999,-20.22161100584828],[-44.11172675130364,-20.22164584839496],[-44.1117318701087,-20.22167577589797],[-44.11171586335903,-20.22170053838719],[-44.11169726685209,-20.22172284815353],[-44.11171291978074,-20.22176023635642],[-44.11171012337659,-20.22178018733645],[-44.11168887928327,-20.22180989111647],[-44.11165451033602,-20.22182968236827],[-44.11163319639764,-20.22187185224492],[-44.11164353867694,-20.22189927710388],[-44.11164056684675,-20.22196394452256],[-44.11167206248761,-20.22199147639907],[-44.11166390575912,-20.22202386581281],[-44.11167680486231,-20.22207370744718],[-44.11169251423412,-20.22210115945581],[-44.11168438103712,-20.22214339692104],[-44.11170527230432,-20.22217584293279],[-44.11171546691526,-20.22224310603183],[-44.11175214355392,-20.22227563279778],[-44.11176788116681,-20.22229811625067],[-44.11178351208455,-20.22232556785486],[-44.11180438903266,-20.22236054375927],[-44.11182268917594,-20.22239044848203],[-44.1118277936604,-20.22242290498128],[-44.11185909198191,-20.22248521667508],[-44.11193509980021,-20.22255534171452],[-44.11196639819467,-20.22261765248734],[-44.11201101888332,-20.2226552784283],[-44.11208188896238,-20.22271282061083],[-44.11212898765211,-20.22277277254027],[-44.11217882584125,-20.22282280092488],[-44.11222344664485,-20.22286042591156],[-44.11230244997287,-20.2228757314225],[-44.11234923818945,-20.22299042589373],[-44.11238070596909,-20.22302292620241],[-44.1123990201384,-20.22305039131995],[-44.11242535461776,-20.22305549313579],[-44.1124700319175,-20.22308318186682],[-44.11251471536831,-20.22309578382743],[-44.11254367700936,-20.22311092664653],[-44.11253024152396,-20.22315557606857],[-44.11260663994312,-20.22317095773422],[-44.11268820648915,-20.22319377379737],[-44.1127251182444,-20.22319892902172],[-44.11275679773924,-20.22319412041332],[-44.1127458254841,-20.22326371612062],[-44.11276402703616,-20.22331105450089],[-44.11281920227195,-20.22333879619386],[-44.11282960951055,-20.22336866003306],[-44.1128663568248,-20.2233888108331],[-44.11291352163745,-20.22345120161446],[-44.11296078894459,-20.22348134202786],[-44.11299741855616,-20.22353627215382],[-44.11303672346499,-20.22357874932866],[-44.11307349903036,-20.2235939306335],[-44.11315239016309,-20.22362910907712],[-44.11317861159225,-20.22365417534098],[-44.11323831661745,-20.22373225830788],[-44.11330095071946,-20.22378081495859],[-44.1133322967579,-20.2238069904529],[-44.11333971162458,-20.22387758171337],[-44.11340994467228,-20.22397812163678],[-44.11344507493769,-20.22401913194408],[-44.11350002134921,-20.22404542657656],[-44.11354312841395,-20.22407157106124],[-44.1135861300461,-20.22411632478796],[-44.11362896425702,-20.22419079946243],[-44.11368771498994,-20.22422822435919],[-44.1137190616893,-20.22425431033872],[-44.11372664512959,-20.22429518063354],[-44.11376561035571,-20.22436963574673],[-44.11378102413158,-20.2244216575824],[-44.11381625854494,-20.22444414891705],[-44.1138869766728,-20.22445932156793],[-44.11393810306475,-20.22446328329958],[-44.11397705287648,-20.2245266262725],[-44.11400823677358,-20.22456761655803],[-44.11407097684221,-20.22459756369738],[-44.1141845706679,-20.22467980269158],[-44.1142430275966,-20.22476917086775],[-44.11427416376364,-20.2248324743588],[-44.11434038872051,-20.22494419518397],[-44.11441077016797,-20.22501871828373],[-44.11441028687489,-20.2251040844882],[-44.11444541765151,-20.22514509460937],[-44.11446091463056,-20.2251823019897],[-44.11449606103311,-20.2252344232957],[-44.11453106459701,-20.22529774625011],[-44.11453866387809,-20.22534972951608],[-44.11454595354134,-20.2254425432363],[-44.11467502337022,-20.22556569290537],[-44.11470236044471,-20.22560295906816],[-44.11475676697148,-20.22571091644595],[-44.11479178782007,-20.22578526110178],[-44.11486568020535,-20.22592303759793],[-44.11490870367317,-20.22596408742501],[-44.1150144055698,-20.22604628612867],[-44.11507296386588,-20.22613195085244],[-44.11512764423459,-20.22619157791195],[-44.11517056308502,-20.22625114658081],[-44.11522918970001,-20.22631088475956],[-44.11529980261709,-20.22634466522242],[-44.1153269933309,-20.22640785830074],[-44.11536999610613,-20.22645261162181],[-44.11541707222958,-20.22647516232157],[-44.11545241257586,-20.22647904499571],[-44.11548743825223,-20.22653857291828],[-44.11553865010919,-20.22652771981491],[-44.11560166401919,-20.22650942748039],[-44.11562509666647,-20.22653926642787],[-44.11570352466086,-20.22657308700551],[-44.1157816747355,-20.22666996130744],[-44.11588767117846,-20.22670021695039],[-44.11593071606887,-20.22673756203761],[-44.11597378337523,-20.22677111406923],[-44.11605596841475,-20.22683837802478],[-44.11615793461815,-20.22688342803956],[-44.11623262173239,-20.22689491606031],[-44.11628325001153,-20.22697313216779],[-44.11636927833144,-20.22705893476213],[-44.11643195658536,-20.22710008316243],[-44.11647500266954,-20.22713742903182],[-44.11651800597692,-20.22718218208768],[-44.11655714205116,-20.2272269156724],[-44.11661203159793,-20.22724950538241],[-44.11671011006297,-20.22729823923083],[-44.11673333904987,-20.22735030015326],[-44.116768464809,-20.22740612553751],[-44.11682320850077,-20.22745473165234],[-44.11685848217382,-20.2274845405617],[-44.11691744551152,-20.22748483717734],[-44.1169722724749,-20.22751853758215],[-44.11710537724283,-20.22762689012007],[-44.11715627430702,-20.22767168272721],[-44.11722695245383,-20.2276942612958],[-44.1172267010868,-20.22773879667],[-44.11724616659586,-20.22777232007333],[-44.11729723660159,-20.22777257687286],[-44.11735239453367,-20.22776174218887],[-44.11740337997595,-20.22777681426115],[-44.11745824479937,-20.22781792302639],[-44.11755223503046,-20.22787774698731],[-44.11760703768626,-20.22793005777466],[-44.11771267871924,-20.2280233657373],[-44.11780280188833,-20.22808317103769],[-44.11795184548845,-20.22815077012371],[-44.11812841654423,-20.22822212072603],[-44.11829287604653,-20.22834174193513],[-44.11837913544538,-20.22838671181302],[-44.11843398488428,-20.22841670818412],[-44.11848901772259,-20.22842809656878],[-44.11851255558561,-20.22843941624161],[-44.11853978969467,-20.22849520166509],[-44.11857895306277,-20.2285213251641],[-44.11862600846625,-20.22854757863579],[-44.11866147462074,-20.22852923726308],[-44.11868503389159,-20.22853676295766],[-44.11871253990401,-20.22854430936669],[-44.11874362148458,-20.2286038177834],[-44.11879462368832,-20.22863009102488],[-44.1188456939955,-20.22863034738436],[-44.11887340921663,-20.22860076468082],[-44.118889221076,-20.2285823255109],[-44.1189836887127,-20.22857168762479],[-44.11903458663388,-20.22861647971399],[-44.11909701538853,-20.22870216259648],[-44.11919115331927,-20.22873597014471],[-44.11926189433559,-20.22874752656216],[-44.11934040724872,-20.22876643990364],[-44.11940703470328,-20.22880760709309],[-44.11943844585381,-20.22882257949194],[-44.11959147936276,-20.22888278982452],[-44.11970911384889,-20.22893532474226],[-44.11978783144784,-20.22893201486119],[-44.11986237737621,-20.22895470214623],[-44.1198857700258,-20.22899185831678],[-44.11990122697812,-20.22903647246953],[-44.11999928628916,-20.22908899941069],[-44.12007389535342,-20.22910048454195],[-44.12014089828243,-20.22907480317889],[-44.12017224654078,-20.22910097751837],[-44.12023077198202,-20.2291792330393],[-44.12026993485764,-20.22920535617104],[-44.12036030971417,-20.22922071425826],[-44.12044669570873,-20.22924337117981],[-44.12051334450294,-20.22928083345818],[-44.12064695315875,-20.22930011261733],[-44.12070570899779,-20.22933744583216],[-44.12089443967862,-20.22933839110877],[-44.12101213310861,-20.22939471863185],[-44.12109872892234,-20.22938024704035],[-44.12111861277721,-20.22933951363863],[-44.12117772161996,-20.22931388180685],[-44.12120516546959,-20.22933253864735],[-44.12128800176401,-20.22928471295422],[-44.1213669073164,-20.22924797867169],[-44.12146092025959,-20.22930418827012],[-44.12152775708553,-20.2293082264731],[-44.12160246569013,-20.22931600775037],[-44.12166523094618,-20.22934224958777],[-44.12170453971753,-20.22934244627157],[-44.12178689649645,-20.22937998667033],[-44.12184581756459,-20.22938778011985],[-44.12195570204938,-20.22942907240694],[-44.12203402380847,-20.22949631434621],[-44.12200221667608,-20.22955180305705],[-44.12200599658941,-20.22958154379976],[-44.12207663427997,-20.22961161803284],[-44.12211986910806,-20.22961553797061],[-44.1222259525727,-20.22963088421713],[-44.12228877897124,-20.22964610356515],[-44.12230413274033,-20.2297092364611],[-44.12236265949304,-20.22978749131377],[-44.1224094244541,-20.22986568734498],[-44.12236982404283,-20.22991743344975],[-44.12234188006598,-20.22998784763228],[-44.12235741726733,-20.23003246199061],[-44.12239651786125,-20.2300697867397],[-44.12243939899113,-20.23013676095823],[-44.12246281270819,-20.23017030355819],[-44.12250977001475,-20.23020025923926],[-44.12255672270791,-20.23024503062576],[-44.12261558327608,-20.23026384429672],[-44.12268229442453,-20.23029019496136],[-44.12278050195422,-20.23031661265136],[-44.12280800850052,-20.23032415843602],[-44.12285111839689,-20.23035039109244],[-44.12290993699234,-20.23037670223245],[-44.12294920449407,-20.23038430585855],[-44.12298828454874,-20.23042533408849],[-44.12301963407294,-20.23045141758923],[-44.1231019917612,-20.23048895830306],[-44.12314109360667,-20.23052628289993],[-44.12315646805471,-20.23058580247906],[-44.12317990327065,-20.23061555012659],[-44.12328935141976,-20.23073489111403],[-44.12331289049886,-20.23074612071554],[-44.12332859826483,-20.2307461991684],[-44.12339927731379,-20.23076886567735],[-44.1234383585399,-20.23080989381803],[-44.12346191840638,-20.23081741889072],[-44.12358780273227,-20.23080693634931],[-44.12362322378261,-20.23081081691346],[-44.12367423260412,-20.23082218271325],[-44.12374524481389,-20.23078540887013],[-44.12379242683055,-20.23078934811182],[-44.12382770662855,-20.23080442941598],[-44.12385122500906,-20.23081936255344],[-44.12394939012709,-20.23085327807304],[-44.12393310389433,-20.23094227015583],[-44.12394456982536,-20.23100917758627],[-44.12399923456768,-20.23107250654815],[-44.12404647892349,-20.23106533400182],[-44.12410567243366,-20.23102479641987],[-44.1241408648461,-20.23106950961887],[-44.12419982869371,-20.23106980383379],[-44.12421158968208,-20.23106986251583],[-44.12425480520325,-20.23107748555541],[-44.12427819871156,-20.23111473153596],[-44.12431359911432,-20.23112231557058],[-44.12437611474227,-20.23119318136476],[-44.12440341363862,-20.23123785423251],[-44.12440312278645,-20.23128979779187],[-44.1244185407261,-20.23134181880968],[-44.12440651310558,-20.23137518436604],[-44.12441421959783,-20.23140864746108],[-44.12444559029794,-20.23143102711354],[-44.1244571434296,-20.23146821400858],[-44.12447648602841,-20.23152404866499],[-44.12445649904091,-20.23158330139623],[-44.12442863911809,-20.23163881114109],[-44.12441274410354,-20.23167215650038],[-44.12437326733176,-20.23170168141014],[-44.12439666096123,-20.23173892647324],[-44.12441216189001,-20.23177613306428],[-44.12434870971043,-20.23187229820999],[-44.12430900567741,-20.23194256368112],[-44.12426153188404,-20.23199065756909],[-44.12416261667525,-20.23209034940498],[-44.12413475251871,-20.23216076426774],[-44.12401649409919,-20.23220471077574],[-44.1239573845746,-20.23223034262852],[-44.12386661174347,-20.23228562860426],[-44.12375221698207,-20.23234440995517],[-44.12361423718311,-20.2324142749492],[-44.12352344387484,-20.23247317398939],[-44.12344455429754,-20.23252102039936],[-44.12337738278008,-20.23257642307341],[-44.12329843441903,-20.23262056541161],[-44.12324329128899,-20.23264251311732],[-44.12321572200273,-20.23264608000911],[-44.1231763500794,-20.23265699444794],[-44.12313699840864,-20.23266429653022],[-44.12309747961373,-20.23270122743775],[-44.12305393180637,-20.23275295484641],[-44.12301023805457,-20.23283069782989],[-44.12299800226948,-20.23290110112282],[-44.12298185701693,-20.23297898174849],[-44.12300136594328,-20.23300509645092],[-44.12302874832952,-20.2330348647481],[-44.1230008871274,-20.23309046367926],[-44.12300460496979,-20.2331313152126],[-44.12302405159477,-20.23316854163025],[-44.12303174123131,-20.2331908032069],[-44.12304744560203,-20.23320569741296],[-44.123023677163,-20.23323529957725],[-44.12302355201424,-20.23325761246206],[-44.12303506337552,-20.23330220664467],[-44.12306626754956,-20.23335430663962],[-44.12307399970103,-20.23336916101019],[-44.12310123574575,-20.23342503614095],[-44.12312853463285,-20.23346970919672],[-44.12312034957817,-20.23352161238275],[-44.12313204480288,-20.2335475976763],[-44.12317503048877,-20.23359614406689],[-44.12320243836599,-20.23360739211785],[-44.1232454869059,-20.23364473642104],[-44.12324532075661,-20.23367436616149],[-44.12324910097461,-20.23370410687606],[-44.12328427294411,-20.23375252294765],[-44.12330777042818,-20.23377125012596],[-44.12335450052689,-20.23384194707309],[-44.12341699597803,-20.23391651681606],[-44.12344043120632,-20.23394635569535],[-44.123424452668,-20.23399451626217],[-44.12348715730781,-20.23403195868292],[-44.12351443564435,-20.23408033528832],[-44.12356910027182,-20.23414366439077],[-44.12360832313351,-20.23417358118506],[-44.12364730092322,-20.23423321857824],[-44.12369425511801,-20.2342779896969],[-44.12374106857102,-20.23433387122633],[-44.12379196971966,-20.23437866202677],[-44.12387040349419,-20.23441247913658],[-44.12395280044376,-20.23445742712091],[-44.12399950881887,-20.23453191786325],[-44.12416815062226,-20.23462553749366],[-44.12430152088591,-20.23467444340301],[-44.12437598280561,-20.23472675901926],[-44.12452524359423,-20.23475722550087],[-44.12460367773257,-20.2347910413908],[-44.12467431782186,-20.23482102521107],[-44.1247173670556,-20.23485836826988],[-44.12477996818595,-20.23491441953471],[-44.12483887225573,-20.23492582441013],[-44.12487836512154,-20.234907412444],[-44.12490990685011,-20.23488534566215],[-44.12509045648381,-20.23495300658338],[-44.12542016784178,-20.23505492482199],[-44.12555372147545,-20.2350852218111],[-44.12559301051211,-20.23508921163758],[-44.12573040707212,-20.23513813654588],[-44.12587582569509,-20.23514997204525],[-44.12593873802746,-20.23515028539168],[-44.12600929618969,-20.23519517347422],[-44.12608006097219,-20.23520293419978],[-44.12612331818356,-20.2352031496028],[-44.12621373908668,-20.23521100724701],[-44.12628417600314,-20.23526339239485],[-44.12633919120826,-20.23527848202638],[-44.12638637467047,-20.2352824206211],[-44.12643351674188,-20.23529376732094],[-44.12648851555998,-20.23529774479083],[-44.12652792934478,-20.23527942151021],[-44.1265432655655,-20.23534625769083],[-44.12658253069792,-20.23536876663401],[-44.12661768669555,-20.23540607086322],[-44.12668467071015,-20.23538409068744],[-44.12673576022025,-20.23539554640407],[-44.12682229545051,-20.23539227327272],[-44.12688508474602,-20.23541480883672],[-44.12695961419935,-20.23544119685032],[-44.12701458817877,-20.23546369348967],[-44.1271642441633,-20.23542360580361],[-44.12724276195612,-20.23544260520994],[-44.12732549550763,-20.23541329568958],[-44.12737643940937,-20.23545067827974],[-44.12747074868737,-20.23545485090603],[-44.1275103043732,-20.2354253266191],[-44.12751822307851,-20.23540684652967],[-44.12753802344952,-20.23538092682737],[-44.12758923658063,-20.23537007028995],[-44.1276088090837,-20.23538498333393],[-44.1276758140886,-20.23535938862117],[-44.12770743453414,-20.23533723226615],[-44.12774292193602,-20.23531518548136],[-44.12780978129111,-20.23531551777673],[-44.12782561496964,-20.23529328294052],[-44.12785727670246,-20.23526371934005],[-44.1279044014194,-20.23526395352442],[-44.12795547033135,-20.23527911340007],[-44.12808532618237,-20.23526485250514],[-44.12813664251843,-20.23523547685751],[-44.12825089650113,-20.23518780311694],[-44.1282786731696,-20.23514710810018],[-44.12842057663286,-20.23509577841779],[-44.12844812875234,-20.2350810994987],[-44.12852306816921,-20.23504804698008],[-44.1285941235282,-20.23500386310356],[-44.12861787008558,-20.23497805322152],[-44.12866509939242,-20.2349596788021],[-44.12868878400488,-20.23494498064159],[-44.12870072846385,-20.23492643012309],[-44.12877153864704,-20.23491196590978],[-44.1288148577215,-20.2349010698177],[-44.12886619495175,-20.23486789907889],[-44.1289135233364,-20.23484582046648],[-44.12898054854193,-20.23481652253134],[-44.12907909377912,-20.23476877117017],[-44.12913410912312,-20.23478385902624],[-44.12918943747744,-20.23472848571938],[-44.12920543643936,-20.23467652970607],[-44.12926861373566,-20.23464350885125],[-44.12931598630043,-20.23459920716605],[-44.12937131148403,-20.23455864863132],[-44.12939096752313,-20.23455874614033],[-44.12945394205072,-20.23454785612933],[-44.12956471998364,-20.23442970155149],[-44.12961965580779,-20.23444478885917],[-44.12970615022973,-20.23444892241341],[-44.12976920811526,-20.23442321694492],[-44.12984815570092,-20.23437907167079],[-44.12990747179138,-20.23431630956401],[-44.12992731284766,-20.23428298325091],[-44.13002201064273,-20.23423150764653],[-44.13007715398156,-20.23420946744626],[-44.13011660831106,-20.23418373610939],[-44.13015215447727,-20.23416530246343],[-44.13019553507738,-20.23414329428105],[-44.13027843371539,-20.23408426317467],[-44.13033355490815,-20.23406601685094],[-44.13040066243293,-20.23402181264507],[-44.13043624973161,-20.23399597081193],[-44.13047967194318,-20.2339664649784],[-44.13051522140379,-20.23393330677343],[-44.13060979427635,-20.23390405340454],[-44.13082264956996,-20.23381233050504],[-44.13086218653903,-20.23377169328525],[-44.13088198614785,-20.23374577407644],[-44.13092954038083,-20.23368295335334],[-44.13095334861459,-20.23364594193911],[-44.1309731903191,-20.23361261549869],[-44.13103236158067,-20.23357577916905],[-44.13106821676156,-20.23350169807646],[-44.13112745065965,-20.23345375087921],[-44.13123388721768,-20.23340603731887],[-44.13127733065817,-20.23337282676298],[-44.13131694970335,-20.23331737497936],[-44.13138785898227,-20.23329920645254],[-44.1314823939702,-20.23326254497693],[-44.13151808282186,-20.23321818483969],[-44.13155753812976,-20.23319236280881],[-44.13164012526043,-20.23318906772282],[-44.13167149689312,-20.23321153648435],[-44.13172649518177,-20.23321551229149],[-44.13175406442501,-20.23321194496298],[-44.13177222024554,-20.23321203477835],[-44.13182486982819,-20.23321229522098],[-44.13187990975067,-20.23320877339945],[-44.13195484709189,-20.23317580879933],[-44.13204531165005,-20.2331613500765],[-44.13208089798231,-20.23313559914783],[-44.13209671027789,-20.23311706750401],[-44.13222267836253,-20.23309176345985],[-44.13243116907329,-20.23308909045624],[-44.1325688371171,-20.23307486478486],[-44.13260051806734,-20.23304159665771],[-44.13264763894865,-20.23305673474747],[-44.13269846385781,-20.23310152266147],[-44.13278890455612,-20.23310567417631],[-44.13287149164376,-20.23310237760463],[-44.13292278637437,-20.23307661375156],[-44.13297803161682,-20.23303605363098],[-44.13306070176397,-20.23301794251514],[-44.13308827095034,-20.23301437497455],[-44.13313557768059,-20.23299599879109],[-44.13319869508926,-20.23295918209856],[-44.13326177187027,-20.23292986206702],[-44.13329339105995,-20.23290770465237],[-44.13334411296893,-20.23297110171718],[-44.13347396656661,-20.23295683674271],[-44.13351368376257,-20.23289768120065],[-44.13354135964358,-20.23286068850287],[-44.13359253055294,-20.23285723739515],[-44.13362368026432,-20.23290563163875],[-44.13372213680126,-20.23288759813135],[-44.13374982956944,-20.23286171753578],[-44.13384808446879,-20.23286590616472],[-44.13390688548105,-20.23289591732987],[-44.13404076694025,-20.23286685694091],[-44.13407207733558,-20.2329004370348],[-44.13412666440126,-20.23297866782024],[-44.13418577414532,-20.23295294214416],[-44.13422503986155,-20.23297544940164],[-44.13426416511124,-20.2330089776555],[-44.13431498998747,-20.23305385547205],[-44.13436603792856,-20.23307262583563],[-44.13440530675978,-20.233080227845],[-44.13447214573355,-20.23308426118821],[-44.13449950939494,-20.23311782084253],[-44.13455049537176,-20.23314779416308],[-44.13464478311555,-20.23315566650707],[-44.13471943294157,-20.23317455404076],[-44.13478989295332,-20.23322314188695],[-44.13485268215632,-20.23324576496982],[-44.13489968038186,-20.23328312596954],[-44.1349549012532,-20.23326108458367],[-44.13497829767462,-20.23329832923423],[-44.1350489837041,-20.23330608503901],[-44.13507258553985,-20.23330620135233],[-44.13510780215764,-20.23334720795451],[-44.13513506605754,-20.23338447164386],[-44.13518599175609,-20.23342555473718],[-44.13523712186169,-20.23342951129219],[-44.13531578367045,-20.23342249051576],[-44.13535895856717,-20.2334375189948],[-44.13537842871087,-20.23347103963123],[-44.13542172650899,-20.23346384549165],[-44.1354768240052,-20.23346411689997],[-44.13550811777362,-20.23348658461043],[-44.13552762940913,-20.23351260764376],[-44.13563379905495,-20.2335131305532],[-44.13566529470075,-20.233513285664],[-44.13572806272354,-20.2335396129576],[-44.13575927465845,-20.23357689509295],[-44.13582601058794,-20.2335994469134],[-44.13590485426209,-20.23357390818077],[-44.13597181585445,-20.23355562799601],[-44.13599912188912,-20.23358548432934],[-44.13604196845588,-20.23365995303555],[-44.13613629418249,-20.2336752331163],[-44.13619151838919,-20.2336383755815],[-44.13623886590121,-20.23361259132145],[-44.13629780755422,-20.23363149124376],[-44.13639209571514,-20.23363936266234],[-44.13639951798095,-20.23372476903151],[-44.13650564688726,-20.23373269865415],[-44.13660377925578,-20.23375919872664],[-44.13668673293743,-20.23370395885276],[-44.13681670962744,-20.23366746880562],[-44.13692666507165,-20.23368282533358],[-44.13695018520215,-20.23369775586898],[-44.1371463864748,-20.23377668299283],[-44.13723703169861,-20.23374370298033],[-44.13732375087991,-20.2337070911632],[-44.13746168302736,-20.23365943731977],[-44.13761818665131,-20.2337939080331],[-44.13778712282213,-20.23383557022026],[-44.13793669316453,-20.23381028765771],[-44.13796416349427,-20.23381042258596],[-44.13801510956017,-20.23384780216817],[-44.1381171687737,-20.23387802440999],[-44.13826256401229,-20.23390836992667],[-44.13838838905058,-20.23390898768526],[-44.1384790141684,-20.23387980100343],[-44.13859334638186,-20.23381721553736],[-44.13866039037666,-20.23378411984528],[-44.13873115536567,-20.23379187456634],[-44.1388060544657,-20.23375140902103],[-44.13887326062603,-20.23368868247302],[-44.13899180245807,-20.23359278300557],[-44.13905518444743,-20.23350772403967],[-44.13911051040533,-20.23345225619901],[-44.13919720767398,-20.23341934704879],[-44.13928018215162,-20.23336031103336],[-44.13935133743283,-20.23328269751242],[-44.13942232743266,-20.23324971122159],[-44.13945775214014,-20.23323868249294],[-44.13953688049337,-20.23316110888702],[-44.13968285097858,-20.23307275083294],[-44.13964793635352,-20.23299091349816],[-44.13970726943039,-20.23292444429001],[-44.13979388528436,-20.2329062589585],[-44.13981779322106,-20.23285072724771],[-44.13980628005759,-20.2327913191199],[-44.13983413534006,-20.23273571639464],[-44.13990125915595,-20.2326878048042],[-44.13992907313987,-20.23263970056209],[-44.13996106155357,-20.23253596788209],[-44.14000059589514,-20.23249532849928],[-44.14008719207057,-20.23248084663866],[-44.14013073433138,-20.23242911569629],[-44.14014666485718,-20.23240317642931],[-44.14019392942042,-20.2323922959029],[-44.14024502161148,-20.23238884245978],[-44.14030425142897,-20.23234089203647],[-44.14032022264625,-20.23230754460458],[-44.14034018343808,-20.23225199347714],[-44.14045817456734,-20.23224146017488],[-44.14048366373522,-20.23221412197701],[-44.1405037287845,-20.23218278242168],[-44.14058361175728,-20.23218317358284],[-44.14061380467064,-20.23213309302047],[-44.14064054353271,-20.2321081101917],[-44.14070042886839,-20.2320990080946],[-44.14078380697812,-20.23205234945643],[-44.14081391343176,-20.23201798779256],[-44.14089376849049,-20.23200898338071],[-44.1409538186244,-20.23198416354538],[-44.14100721129103,-20.2319498254578],[-44.1410539386053,-20.23192186825572],[-44.14109708234943,-20.23192831219113],[-44.1411570460873,-20.23191921122224],[-44.14118718716695,-20.23187852559203],[-44.14124385957577,-20.23185061699797],[-44.1412936612689,-20.23186648875291],[-44.14139359106384,-20.2318387926376],[-44.14141701471063,-20.23181379256335],[-44.14151384355534,-20.23173260086066],[-44.14154736069285,-20.23169509325856],[-44.14156103543327,-20.23161981797579],[-44.1416210410402,-20.23158876397342],[-44.14165780519644,-20.23156382910412],[-44.14167116946072,-20.23154510477215],[-44.14168464693471,-20.23152005602033],[-44.1416915883731,-20.2314635383865],[-44.14169507547098,-20.23143220797173],[-44.14171853371256,-20.23140088485653],[-44.14171875733035,-20.23136014318821],[-44.14172233214836,-20.23131300348069],[-44.14171595943756,-20.23126590639182],[-44.14172928945987,-20.23125341469502],[-44.14174969045042,-20.23117510014968],[-44.14173326950377,-20.23114674451868],[-44.14173675707959,-20.23111532374707],[-44.14175019021427,-20.23108404196191],[-44.14175070683587,-20.23098991172599],[-44.14171761299703,-20.23096463524896],[-44.14173777348205,-20.23093013441923],[-44.14174471437553,-20.23087370622868],[-44.14173159794949,-20.23083280987699],[-44.14172512162999,-20.23080459232387],[-44.14170539251882,-20.23076050114991],[-44.14167573520447,-20.23071328929623],[-44.14168926416183,-20.23067884639931],[-44.14170921736706,-20.23068210554924],[-44.14173927178459,-20.23065713874788],[-44.14173949588393,-20.23061630672153],[-44.14171968052285,-20.23058793358865],[-44.14170982027055,-20.2305722572704],[-44.14170330067264,-20.23053762507828],[-44.1417034385063,-20.23051251199507],[-44.14170029553238,-20.23048114915675],[-44.14170045072301,-20.23045287367173],[-44.14173057401061,-20.23041535032782],[-44.14170084687596,-20.23038069501577],[-44.14169109026403,-20.23034613825499],[-44.14168801670775,-20.23030212851987],[-44.14167158483207,-20.23026130540444],[-44.1416650752863,-20.23023932139876],[-44.14165192471837,-20.23020465768291],[-44.14161895154857,-20.23015742960609],[-44.14157583340653,-20.23013210498918],[-44.1415759712626,-20.2301069910021],[-44.14160277854051,-20.23006945146098],[-44.14158644351627,-20.23002546722856],[-44.14157992346781,-20.22999092538588],[-44.14154691613967,-20.22994993174591],[-44.14150046474981,-20.22992775149021],[-44.14148086683301,-20.22987426563789],[-44.14149101864879,-20.22983664465188],[-44.14147118607103,-20.22981143299183],[-44.14145797666807,-20.22980197308929],[-44.14141844940679,-20.22972643758009],[-44.14138887866093,-20.22966350764274],[-44.14138932652202,-20.22958193394247],[-44.14138632103851,-20.22952536765524],[-44.14136337984112,-20.22946256049772],[-44.14141673682585,-20.22943454523786],[-44.14143689666881,-20.22940013478634],[-44.14141051949503,-20.22935917264765],[-44.14141076102131,-20.22931517912052],[-44.14140431092365,-20.22926808163684],[-44.14140794544809,-20.22922419415825],[-44.14143477092367,-20.22918349223783],[-44.14146492823615,-20.22913973538162],[-44.14146515238883,-20.22909890335118],[-44.14146872574548,-20.22905185489093],[-44.14146566912686,-20.22900477310104],[-44.14146596220782,-20.22895138452689],[-44.14145286286079,-20.22890741610635],[-44.14142988799217,-20.22885075214728],[-44.14142011416636,-20.22881935686959],[-44.14142042462093,-20.22876280589292],[-44.14143061154582,-20.22871895136205],[-44.14143092198996,-20.2286624012881],[-44.14140128103552,-20.22861211824542],[-44.14140162570983,-20.22854933462493],[-44.14136539003891,-20.22849260579762],[-44.14139228287288,-20.22843943768233],[-44.14140916916592,-20.22838296777658],[-44.14140937596322,-20.22834529814538],[-44.14145285606119,-20.22830476802672],[-44.14146325979321,-20.22823570952816],[-44.14141696413343,-20.22818525467822],[-44.14147038909483,-20.22814477319204],[-44.14142416334588,-20.22808176180488],[-44.14140115388054,-20.22803142174261],[-44.14142145139849,-20.22797189728885],[-44.14142505944395,-20.22791852492192],[-44.14150192517353,-20.22784979145672],[-44.14150869340844,-20.2278248011487],[-44.1415323231713,-20.22776213139045],[-44.14152583013571,-20.22773698497071],[-44.14153926349017,-20.22770561282647],[-44.14156267006862,-20.22768377510511],[-44.14158289855461,-20.22763680807536],[-44.1416064419918,-20.22758985634827],[-44.14159346463428,-20.22752384599254],[-44.14161035982379,-20.22748002424279],[-44.14163718493031,-20.2274393222707],[-44.14168062954474,-20.22740502562312],[-44.1417372501171,-20.22738642149105],[-44.14179393812149,-20.22735535114345],[-44.14182084844346,-20.2272989310896],[-44.14183784809174,-20.22723622886926],[-44.14186156337251,-20.22715793045901],[-44.14190164911021,-20.2271172932608],[-44.14194191640329,-20.22705786634054],[-44.14196539075267,-20.22702347200621],[-44.14198867674904,-20.22702358581605],[-44.14201196855828,-20.22700798118255],[-44.14204557169656,-20.22695475538158],[-44.14207230942461,-20.22692977137621],[-44.1421490029108,-20.22689247549994],[-44.14216593977514,-20.22682670080142],[-44.14218609909723,-20.2267922902356],[-44.14221932988803,-20.22679245260615],[-44.14225944241166,-20.22676121075023],[-44.14225635138727,-20.22672036250399],[-44.14221319938457,-20.22670136106424],[-44.14222008737225,-20.22665432876285],[-44.14231669921757,-20.22662652452439],[-44.14236002309261,-20.22661417929063],[-44.14240664456576,-20.22660501173933],[-44.14247319320242,-20.22658961834255],[-44.14248339604844,-20.22654260131565],[-44.14253677928104,-20.22652407145508],[-44.14257665817999,-20.22652110464181],[-44.14260988891659,-20.22652126693636],[-44.14265645885334,-20.22652149436722],[-44.1426864608099,-20.22650592150426],[-44.1427430106701,-20.22649996483382],[-44.14276643423133,-20.22647496453239],[-44.14281963498605,-20.22647522429685],[-44.14284621805022,-20.22647842622034],[-44.1428795450656,-20.22647551680179],[-44.14292613994856,-20.22645686422483],[-44.14292620875709,-20.22644430676981],[-44.14293654238237,-20.22638789595098],[-44.1430266842111,-20.22631615534519],[-44.14306655639097,-20.22632890685895],[-44.14316314962063,-20.22630426454058],[-44.14319322026923,-20.22627613503472],[-44.14323653426972,-20.2262512326423],[-44.14329314570159,-20.22624834641643],[-44.14332304413439,-20.22625165480212],[-44.14338297904141,-20.22623306629028],[-44.14341632993733,-20.22621127682427],[-44.1434429812441,-20.22620201155368],[-44.1434762913716,-20.22620217406945],[-44.14353614017387,-20.22619930446243],[-44.1435827100261,-20.22619953164414],[-44.14364911944981,-20.22620934124855],[-44.14370551584234,-20.22623156852287],[-44.14372560601234,-20.22620971431737],[-44.14375875114515,-20.22622550409355],[-44.14379200889562,-20.22623506159816],[-44.1438285381664,-20.22623840133278],[-44.14388512251352,-20.2262261203827],[-44.14391502096363,-20.22622942776432],[-44.14396826603002,-20.22623592111262],[-44.14405486894447,-20.22620499586556],[-44.1440814524636,-20.22620828705691],[-44.14411456303139,-20.22623040067401],[-44.14424419794748,-20.22624042791994],[-44.14426066422784,-20.22627501726939],[-44.14436699695157,-20.22628809333175],[-44.14442998876603,-20.22631667569359],[-44.14448668664286,-20.22629816228682],[-44.14450652678156,-20.2263076533692],[-44.14453630424549,-20.2263329131568],[-44.14461270492919,-20.22634900390051],[-44.14466590566684,-20.22634926310398],[-44.14468927657145,-20.22633365848785],[-44.14471586012954,-20.22633694958434],[-44.14478897951556,-20.22634670109355],[-44.14483214855656,-20.22636262985734],[-44.14485864668002,-20.22638154954171],[-44.14489809540321,-20.22645708394713],[-44.14494133408061,-20.22646045703551],[-44.14499133945344,-20.22643865802306],[-44.1449980216412,-20.22642929526033],[-44.145017974392,-20.22643255401858],[-44.1451108234322,-20.22648639623376],[-44.1451837617355,-20.22651493731228],[-44.14521348156223,-20.2265653104943],[-44.14523992793709,-20.22659371463094],[-44.14530614958628,-20.22663794143795],[-44.14539254666511,-20.22664468611224],[-44.14542891470027,-20.22669193003636],[-44.14548536191006,-20.2267047616915],[-44.14551192828116,-20.22671121417282],[-44.14554847402739,-20.22671139204735],[-44.14561176777293,-20.22669914319734],[-44.14577461771236,-20.22671249255901],[-44.14580754017671,-20.22676911495022],[-44.14585730625418,-20.22679130928691],[-44.14594379921414,-20.2267948916691],[-44.14601707329005,-20.22677636714792],[-44.14603711875496,-20.22674827963663],[-44.14611040957031,-20.22672668302304],[-44.14616371351844,-20.22670806220924],[-44.14621700020223,-20.22669260197843],[-44.14636990441916,-20.22670590242021],[-44.1464961559845,-20.22672855882059],[-44.14661887085143,-20.22679185040515],[-44.14670856675422,-20.22680177205883],[-44.1467415408334,-20.22684899922732],[-44.14672805733395,-20.22688976687281],[-44.14676752434155,-20.22696213938737],[-44.14682379450109,-20.22702203575565],[-44.14684035297037,-20.22702527781425],[-44.14694653372175,-20.2270665366205],[-44.14696969907735,-20.22708860138927],[-44.14701140496329,-20.22711891004667],[-44.14698199981324,-20.22713199993606],[-44.14681000046012,-20.22725099992546],[-44.14677999996991,-20.22727599953746],[-44.14695700067193,-20.22743300001137],[-44.14705200056741,-20.22755099965072],[-44.14718799984718,-20.22769199997805],[-44.14733600051013,-20.22793699963772],[-44.14750300005841,-20.22817299973445],[-44.14763300046943,-20.22841000009608],[-44.14773099984895,-20.22867499930644],[-44.14780600037513,-20.22890299952047],[-44.14787299982323,-20.22930199921294],[-44.14783100034609,-20.2297099996936],[-44.14773100023719,-20.23008899950954],[-44.1476300004814,-20.23046900005508],[-44.14748100070859,-20.23076499935054],[-44.14729300021945,-20.23104199944508],[-44.14712400060324,-20.23128299949623],[-44.14716300053978,-20.23149599924668],[-44.14732800034071,-20.23175699968169],[-44.14742800049121,-20.23197799952604],[-44.14756299981691,-20.2322179996669],[-44.14774800014009,-20.23252799979917],[-44.14794600048867,-20.23281199942674],[-44.1482290007302,-20.23307499951228],[-44.14856700070818,-20.23329700001104],[-44.14886100018938,-20.23344100009509],[-44.14909200074787,-20.23354199975818],[-44.14931599987638,-20.23359899934691],[-44.14956600064142,-20.23373399961842],[-44.14965599999719,-20.23385699936367],[-44.1497390001001,-20.23408499959329],[-44.14985599993009,-20.23433899931966],[-44.14995400012067,-20.23462399964914],[-44.15000700052502,-20.23492699973528],[-44.14998699984898,-20.23521599964173],[-44.14990600022484,-20.23544899996905],[-44.14980500006451,-20.23566699989294],[-44.14969199987873,-20.23585799990032],[-44.14959900046349,-20.23605699935362],[-44.14950999982914,-20.23625999924793],[-44.1494470006804,-20.23644599977966],[-44.14938600074555,-20.2366430000726],[-44.14928800063228,-20.2368399998772],[-44.14922699986092,-20.23697200009984],[-44.14915800047616,-20.23711999985106],[-44.1490810006173,-20.23731300003597],[-44.14904800012011,-20.23749099926608],[-44.1490060003409,-20.23764599969248],[-44.14894400003158,-20.23781799951661],[-44.14895600048297,-20.23793999965977],[-44.14904400001894,-20.2380699999043],[-44.1491290006506,-20.23816599965729],[-44.14920100018833,-20.23823500006525],[-44.14941700068098,-20.23835199941449],[-44.14963099996405,-20.23845099966873],[-44.1498580005203,-20.23853199942644],[-44.15027400053826,-20.2386629996737],[-44.15063000061959,-20.23878499994233],[-44.15107400018253,-20.23898499932681],[-44.15140099997633,-20.23912899970643],[-44.1517929999043,-20.23931600009736],[-44.15206699990031,-20.23942900004627],[-44.15232200072987,-20.23955399934853],[-44.15258400030066,-20.2397029992492],[-44.15277200029782,-20.23995699938797],[-44.15296199981809,-20.24031699939585],[-44.15303400033191,-20.24057499955521],[-44.15312600058758,-20.24102199988059],[-44.15321900062911,-20.24148900004527],[-44.15320600027098,-20.24195499974936],[-44.15316100022589,-20.24235199938252],[-44.15305299990172,-20.24288699955229],[-44.1529350007407,-20.24325299941141],[-44.15285000044773,-20.24360899968944],[-44.15277499988143,-20.24396599964953],[-44.15270600012495,-20.24432399987115],[-44.15266500011663,-20.24461800001907],[-44.15260400034398,-20.24484399949036],[-44.15250300012583,-20.24503800009329],[-44.152423000481,-20.24514399969232],[-44.15234900066274,-20.24524399963567],[-44.15231599987533,-20.24526299942921],[-44.15222900054311,-20.24530599997104],[-44.15215600010134,-20.24532499978682],[-44.15200199986725,-20.24536799985521],[-44.15190900020668,-20.24537999963024],[-44.15182300066954,-20.24537899923432],[-44.15172300034409,-20.245365999481],[-44.15165000031401,-20.2453409998477],[-44.15154400006166,-20.24533399958252],[-44.15139799980655,-20.24528299988912],[-44.15131800025664,-20.24523299977795],[-44.15115900060621,-20.24516300002659],[-44.15111200044613,-20.24514400007361],[-44.15091300042844,-20.2450429993946],[-44.15054900031856,-20.24482099980589],[-44.14997100050739,-20.24459899999732],[-44.14956000029714,-20.24442799934757],[-44.1491080006144,-20.24428699974672],[-44.14876299999236,-20.24413499954044],[-44.14830500059367,-20.24396299993269],[-44.14788100072786,-20.2437979997887],[-44.14745600073578,-20.24362099983199],[-44.14711800075026,-20.24343899953246],[-44.14676399999653,-20.24326700007664],[-44.14632200075965,-20.24309999948366],[-44.14587400026161,-20.24292099993684],[-44.14552600046631,-20.24284399938992],[-44.14519099982481,-20.24280399931661],[-44.14489600012414,-20.2428409994757],[-44.14458800056329,-20.24288299933901],[-44.14434600034456,-20.24292600003939],[-44.14409099980445,-20.2430010000447],[-44.14378300053223,-20.24308200003101],[-44.14354100056894,-20.24317499936787],[-44.14327200060914,-20.24329399946528],[-44.1430640002586,-20.24341299982889],[-44.14288200001062,-20.24355799968538],[-44.14269300051973,-20.24375299922415],[-44.14259900034542,-20.24392299945296],[-44.14239000062955,-20.24412999963646],[-44.14224100017956,-20.24440799969348],[-44.14210300008582,-20.24461300006451],[-44.14197900031549,-20.24488199970921],[-44.14188200055599,-20.24524699968786],[-44.14176400043904,-20.24558699998334],[-44.14166100048475,-20.24589399943714],[-44.14155700038928,-20.24622699944512],[-44.14147300049653,-20.24658599977663],[-44.14143799980503,-20.24688799988155],[-44.14144900032403,-20.24725299945867],[-44.14146300049984,-20.2475569995185],[-44.1414960003801,-20.24779599968142],[-44.14152200046748,-20.24814500000928],[-44.14152000039512,-20.24849399972081],[-44.14150500071899,-20.24880499958617],[-44.14148200054774,-20.24913399996615],[-44.14141200010849,-20.24936699953201],[-44.14126800047218,-20.24948899968277],[-44.14097300003147,-20.24955799978988],[-44.14063700023873,-20.24953699946829],[-44.14030800058278,-20.24947799994136],[-44.14003399984102,-20.24941199938751],[-44.13987000016877,-20.24932700009297],[-44.13965900057842,-20.249222000106],[-44.13946799992514,-20.24902099930458],[-44.13914700000135,-20.24874099952688],[-44.13888800050131,-20.24850099991561],[-44.13870400047985,-20.2483709996105],[-44.13842400040367,-20.24818799973699],[-44.13815800032532,-20.24792199986086],[-44.13802100033695,-20.24779199938576],[-44.13777600040124,-20.24756499973352],[-44.13757200054508,-20.24735000009701],[-44.13745100074467,-20.24722499958487],[-44.13734600022534,-20.24709599988768],[-44.13726800000067,-20.24695699944633],[-44.13716800059454,-20.24678199934964],[-44.1370680004527,-20.24661999969084],[-44.13697199991061,-20.24638600009494],[-44.1368910000131,-20.24616499975688],[-44.13682400027741,-20.24595300001486],[-44.13676200020149,-20.24578899964257],[-44.1366480001408,-20.24565699970711],[-44.1365630005971,-20.2455740000196],[-44.13639700032414,-20.24551599985823],[-44.13622400031235,-20.24548699933359],[-44.13606500048663,-20.24548599949619],[-44.1359310003439,-20.24549599977153],[-44.13579100004319,-20.24550499995583],[-44.13565400007126,-20.24551799953268],[-44.13551400027551,-20.24552499990796],[-44.13525899989759,-20.24557999992911],[-44.13494100063347,-20.24565399990516],[-44.13471500052053,-20.24570199944925],[-44.13448000057048,-20.24575799963318],[-44.13423100059829,-20.24581399997594],[-44.13399600038164,-20.24587499982514],[-44.13378499988139,-20.24592699999431],[-44.13363600073752,-20.24596999941446],[-44.1334620007225,-20.24601999981345],[-44.13328100035219,-20.24606599970384],[-44.13309400031952,-20.24611400006326],[-44.13296699985207,-20.24614799968804],[-44.13275900067643,-20.24620299971345],[-44.13260500000015,-20.24624799930327],[-44.13233599994228,-20.24633499959567],[-44.13209800064176,-20.24642599932257],[-44.13181499999111,-20.24654299923607],[-44.13154100029287,-20.24666499929011],[-44.13127099993514,-20.2467649997553],[-44.13105600019798,-20.24685300005225],[-44.13082600029136,-20.24694899999875],[-44.13061100054981,-20.24704499988704],[-44.13039500031688,-20.2471369998866],[-44.13015200010955,-20.24723299952632],[-44.12988200024387,-20.24736800004145],[-44.12966000029463,-20.24746099940531],[-44.12940700043323,-20.24756999943516],[-44.12921200039998,-20.24764599974857],[-44.12906700025479,-20.24772199962626],[-44.12888600029629,-20.24780599965458],[-44.12875500057272,-20.2478689996507],[-44.12858700038723,-20.2479619992671],[-44.12843800019482,-20.24807599977469],[-44.12826999998071,-20.24821199965186],[-44.12812900005525,-20.24830100009255],[-44.12795700032471,-20.24840199922124],[-44.12775300025347,-20.24845599922823],[-44.12747800057213,-20.24848899940531],[-44.12723400024397,-20.24848399954114],[-44.1270130001052,-20.24846999957253],[-44.12685500074102,-20.2484429998567],[-44.12662500041701,-20.24838699945698],[-44.12654999991994,-20.24835199965035],[-44.12644100072328,-20.24829499950586],[-44.12634300065123,-20.24822199957401],[-44.12625400012134,-20.2481419993392],[-44.1261719999774,-20.24808600004046],[-44.12610499992256,-20.24801399924626],[-44.12605399982888,-20.24790299995272],[-44.12601600006169,-20.24778399931494],[-44.12598800038725,-20.24767799926586],[-44.12597400074413,-20.24757199939824],[-44.12596000011607,-20.2475039997693],[-44.12593900025638,-20.24734199922774],[-44.12590800056598,-20.24713599954674],[-44.12583400042255,-20.24703099998997],[-44.12574400070296,-20.24694699988409],[-44.12566099993244,-20.24689099989542],[-44.12548000037419,-20.24687199924792],[-44.12536199983314,-20.24687099979495],[-44.12524900000454,-20.24689799950851],[-44.12514600032078,-20.24695299983791],[-44.12506200050052,-20.24701799973115],[-44.12498800029389,-20.24710099964303],[-44.12487499988253,-20.24717899980494],[-44.12483000047888,-20.24726599982913],[-44.12478600005285,-20.24736300003538],[-44.12475100075471,-20.24746499937639],[-44.12473500068054,-20.24759899921754],[-44.12472500040365,-20.24775199929314],[-44.12472399996115,-20.24794099974603],[-44.12473799994816,-20.24806199972944],[-44.12478100031171,-20.24824199978194],[-44.12486300013146,-20.24838599949454],[-44.12494500023168,-20.24855099977704],[-44.12501800048696,-20.2487329999348],[-44.1250270007197,-20.24892399925324],[-44.12500600005303,-20.24912399928505],[-44.12491600031181,-20.24930599945673],[-44.12475199994172,-20.2494169997275],[-44.12455900063203,-20.24950899955322],[-44.12436100055865,-20.24960099949213],[-44.12408100029268,-20.24970799996192],[-44.12378200017535,-20.24979599981763],[-44.12351300024571,-20.24985599949529],[-44.12323899993383,-20.24989699985319],[-44.12294500016453,-20.24993800006572],[-44.1225660004655,-20.24996399920655],[-44.12221200021342,-20.24999500007035],[-44.12186399998268,-20.25000299936413],[-44.12156500058526,-20.25002399987932],[-44.12109300028987,-20.25003099975977],[-44.12081699999687,-20.25002999957032],[-44.12051600030004,-20.25003299925284],[-44.12017499997603,-20.2500269997837],[-44.11987400068126,-20.25001599948575],[-44.11954800008991,-20.25000899973409],[-44.11924200015078,-20.25004999941805],[-44.11896500016948,-20.25011999947532],[-44.1187140007571,-20.25019399968849],[-44.11842300055184,-20.25027799968446],[-44.11824199990431,-20.25036199926317],[-44.11810000060997,-20.2504890000737],[-44.11793400044287,-20.25069199966324],[-44.11781200021946,-20.25089999933946],[-44.11773300069288,-20.25103499968079],[-44.11765300014626,-20.25116599939681],[-44.11762800037751,-20.25129899979219],[-44.11760100012702,-20.25145800002393],[-44.11760200011067,-20.25161299920567],[-44.11762099995708,-20.25177199956087],[-44.11765500051455,-20.2518989998716],[-44.11774499995294,-20.25205799959865],[-44.11781800039648,-20.25217599962722],[-44.11785900030022,-20.25235600004866],[-44.11783800015348,-20.25252399922736],[-44.11781400016074,-20.25272000002333],[-44.11778399981583,-20.2529149992964],[-44.11775400024724,-20.25312899954399],[-44.11770199981516,-20.25333299961596],[-44.11767499995153,-20.25353999967959],[-44.11765699995109,-20.25376799949439],[-44.1176460007464,-20.25397699921],[-44.11766800018939,-20.25411300002491],[-44.11772000071014,-20.25422700008575],[-44.11783700026363,-20.25432699936563],[-44.11799000021377,-20.25441399940642],[-44.11819600039522,-20.25450299977655],[-44.11835500021431,-20.25456299965635],[-44.11854700014997,-20.25466100008352],[-44.11872900013667,-20.25479899948593],[-44.11887400029486,-20.25493800007297],[-44.11906499983771,-20.25517699922837],[-44.11915200003777,-20.25529099943229],[-44.11925699992604,-20.25542900003434],[-44.11936100074728,-20.25556999990005],[-44.11948200043162,-20.25573999992331],[-44.11960000063535,-20.25597199981189],[-44.11969700068751,-20.25616099944902],[-44.11976400020676,-20.25630499928292],[-44.11987600045939,-20.25648899972992],[-44.12000200073152,-20.25671599945833],[-44.12008600069865,-20.25688099922334],[-44.12012000047977,-20.25694799992135],[-44.12017800005483,-20.2570519998821],[-44.12023800042014,-20.25716999969836],[-44.12028500000284,-20.25728299992125],[-44.12032500005778,-20.25738199957728],[-44.12036899997804,-20.25745999975274],[-44.12044900049101,-20.25755699988173],[-44.12053600033738,-20.25765599942598],[-44.1205900001692,-20.25772599988316],[-44.12067899998438,-20.25782199962989],[-44.12078100029618,-20.25793499996974],[-44.12088700021825,-20.2580409996386],[-44.12102699989013,-20.25818199926377],[-44.12113900074217,-20.25826499981219],[-44.12130700075402,-20.25838899992718],[-44.12144099993554,-20.25848299935145],[-44.12160299989673,-20.25858999934841],[-44.1217660004093,-20.25873499986082],[-44.12191400074789,-20.25887299930857],[-44.12204100056438,-20.25902099980788],[-44.12217800061924,-20.25920199955017],[-44.1222700000544,-20.2593599996503],[-44.12233000030876,-20.25947299939482],[-44.1224040003388,-20.25962900009805],[-44.1224640003456,-20.25979999938648],[-44.12253300040233,-20.26000700001129],[-44.1226180006658,-20.26020399965327],[-44.12266500050973,-20.26035199962803],[-44.12272600006791,-20.26052600004167],[-44.12271999984837,-20.26072599946416],[-44.12266400064204,-20.26090699978082],[-44.12252499997056,-20.26104600006033],[-44.12232600017384,-20.2612049992499],[-44.12213800013244,-20.26132999987647],[-44.12189800014508,-20.26147199965409],[-44.12167600026425,-20.26159699932328],[-44.12148300050013,-20.26165099946397],[-44.1213019998853,-20.26170599923507],[-44.12106899999628,-20.26175899966321],[-44.12089400021016,-20.26180199998734],[-44.12068899982781,-20.26185599959407],[-44.12052000007266,-20.26192199994891],[-44.12039700024951,-20.26201999923393],[-44.1202379998944,-20.26220599984105],[-44.12014599991297,-20.26229300005192],[-44.12006399982436,-20.26244199941069],[-44.12001500055462,-20.26268199931128],[-44.12001399982068,-20.26292899967891],[-44.11998400019803,-20.26326199990239],[-44.1199289999638,-20.26359199945986],[-44.11986800011751,-20.26389799921109],[-44.11980900008834,-20.26431099952496],[-44.11977800043333,-20.26464800009987],[-44.11975800034924,-20.26504799969354],[-44.1196790002727,-20.26531699937987],[-44.11957000061127,-20.26559799940225],[-44.11939500011655,-20.26588399966087],[-44.1191430005393,-20.26611899986071],[-44.11889800063081,-20.26632600010556],[-44.11862799983869,-20.26656599966752],[-44.11844100045103,-20.26671999982772],[-44.11821600026519,-20.26690799929082],[-44.11791800030565,-20.26713399981996],[-44.11777200025389,-20.26733900004922],[-44.11768500013509,-20.26766999945265],[-44.1177170002797,-20.26788799968847],[-44.11775299997161,-20.26828199998799],[-44.11780900014084,-20.26871299959991],[-44.11787500034208,-20.26904399929718],[-44.1179999998924,-20.26927299943709],[-44.11835800059554,-20.2695780000889],[-44.11873600056794,-20.26975400004541],[-44.11902700018688,-20.2699019997015],[-44.11926900065605,-20.27001299945714],[-44.11946300047244,-20.2700689992943],[-44.11970600032107,-20.27009800003227],[-44.11995700016439,-20.2701059994175],[-44.12022400001217,-20.27013699936618],[-44.12043999995991,-20.27026599964488],[-44.12066100035093,-20.27043699962448],[-44.1208900000131,-20.27057799971924],[-44.12106900057096,-20.27067800002294],[-44.12124800011041,-20.27070799956099],[-44.12145300017491,-20.27069199982976],[-44.12164499981809,-20.27065199939573],[-44.12176300007321,-20.27058799982098],[-44.12190600044691,-20.27050699935838],[-44.12205500034205,-20.27043199955463],[-44.12219699981323,-20.27041499930901],[-44.12231500001138,-20.27045699958752],[-44.12245700002347,-20.27053899949622],[-44.12257400043917,-20.27065699935875],[-44.12272100007491,-20.27080899939953],[-44.1228859998221,-20.27104599966864],[-44.12306499986973,-20.27136399992152],[-44.12323100020625,-20.27175899959856],[-44.12340300040744,-20.27220699944597],[-44.12358200008618,-20.27266099944552],[-44.12374799997546,-20.27309200010428],[-44.12388800042829,-20.27353900006822],[-44.12396100018079,-20.27382999964216],[-44.12403500013047,-20.27407899948956],[-44.12405299988053,-20.27437599927568],[-44.12403199992815,-20.27470099966751],[-44.12399900015618,-20.27501499974455],[-44.12389700053009,-20.27525199948757],[-44.12373200032085,-20.27542899944078],[-44.1235050004972,-20.27562399971118],[-44.12322700009582,-20.27581199938006],[-44.1228999999008,-20.27598199924682],[-44.12266499983139,-20.27606799987283],[-44.12227200062976,-20.27617999924339],[-44.12186600063337,-20.27623199946024],[-44.12142899991166,-20.27624099920353],[-44.12112499984023,-20.27623999946865],[-44.12072600037034,-20.27623199967328],[-44.12034600013001,-20.27622399948855],[-44.12004900069935,-20.27619299963773],[-44.11973899983137,-20.276136999352],[-44.11940400004013,-20.27608199961632],[-44.11902400048626,-20.2760559994955],[-44.11863100055292,-20.27605399944371],[-44.11822000027725,-20.27605200008071],[-44.11785800060723,-20.27607999975781],[-44.11756700032488,-20.27611399992058],[-44.1173450002967,-20.27617899954451],[-44.11714800001482,-20.27628500003528],[-44.11693800017577,-20.2765349999342],[-44.11689200001757,-20.27680399955789],[-44.11688600062453,-20.27713199985187],[-44.11691000010585,-20.27739099932104],[-44.11699800059034,-20.27769799943151],[-44.11715500023443,-20.27805399932006],[-44.11733200048725,-20.27838599923936],[-44.1174620001092,-20.27858399945111],[-44.1176600004652,-20.27883999994375],[-44.11783299983491,-20.27896800004587],[-44.1180240002795,-20.27918099979873],[-44.11824200030908,-20.27941299974925],[-44.11837500072208,-20.27963800010352],[-44.1184759999011,-20.27995700004909],[-44.1186110003478,-20.28018999956377],[-44.11870000023257,-20.28057499996842],[-44.11873600003215,-20.28091699990351],[-44.11873499999299,-20.28124699965638],[-44.11874699989306,-20.28144099977186],[-44.11878500030146,-20.28160099967971],[-44.11875200063688,-20.2817859998488],[-44.11872500022902,-20.28193999929],[-44.11874300050318,-20.28212400008557],[-44.11883400035268,-20.28219899963847],[-44.11893800037693,-20.282229999812],[-44.11901000055477,-20.28223599926121],[-44.11912099992508,-20.28221899956896],[-44.11920600042367,-20.28219399998297],[-44.11929800051258,-20.28216400001847],[-44.11943499981888,-20.28212799980946],[-44.11950000035604,-20.28210999969398],[-44.11968999984757,-20.28207999967725],[-44.11978800065805,-20.28207400010779],[-44.11984000033273,-20.282061999216],[-44.11995700040814,-20.28206899964023],[-44.12004200038424,-20.28210600001042],[-44.12012000068652,-20.2821559999132],[-44.12020500019027,-20.28220599969958],[-44.12032200008262,-20.28227400001799],[-44.12037400044478,-20.28232300001112],[-44.12038000024378,-20.28235399960743],[-44.12046300071651,-20.28246999960195],[-44.12060000037935,-20.28262599924041],[-44.12077000019402,-20.2828679997769],[-44.12083399996622,-20.28306099945065],[-44.12085300025836,-20.28319699995223],[-44.12088600008579,-20.2832899998926],[-44.12095699999333,-20.28342699957614],[-44.12102199990671,-20.28355799931168],[-44.12107400068088,-20.28371899970098],[-44.12110600070825,-20.28386199931644],[-44.12117199982636,-20.28415999968308],[-44.12124300004059,-20.28441599971016],[-44.12128799993081,-20.28460999990951],[-44.12136600074713,-20.28489199966334],[-44.12139799980672,-20.28504799961603],[-44.12143700022177,-20.28524800002675],[-44.12149500074755,-20.28547999947694],[-44.12154100010495,-20.28569199988941],[-44.1215259999953,-20.28591699922104],[-44.1214720001831,-20.28609799930956],[-44.12126499984321,-20.28630999995086],[-44.12111400050902,-20.28642600002188],[-44.12096600058705,-20.28654499946166],[-44.12080400013753,-20.28665799933299],[-44.12063600073625,-20.28675199962522],[-44.1204479998274,-20.28680799955382],[-44.12022699985611,-20.28685699989476],[-44.11999900012634,-20.28687499984844],[-44.11977099997824,-20.28691800004457],[-44.11950300063012,-20.28693599978824],[-44.11923499998008,-20.28694099962726],[-44.11903399986409,-20.28692099944928],[-44.11883299980408,-20.28690099994596],[-44.1186190006247,-20.2868369992996],[-44.11842500045126,-20.28671599964869],[-44.11828500058952,-20.28659499970206],[-44.11813900051236,-20.28644299999718],[-44.11798500011592,-20.28632799942248],[-44.11789900027278,-20.28627699958029],[-44.11779100031139,-20.28626400003047],[-44.11761099997754,-20.28626299923006],[-44.11752300041486,-20.2862749996208],[-44.11736900042318,-20.2862929994788],[-44.11723500066672,-20.28632400010475],[-44.11700000003226,-20.28637399921796],[-44.11691899996152,-20.28643599951003],[-44.11677199985652,-20.28649899966433],[-44.11663000048076,-20.28658699924008],[-44.11653600027665,-20.28664899973001],[-44.11647600028034,-20.28666799973418],[-44.1163010005118,-20.28679299946408],[-44.11617300027937,-20.28690599933636],[-44.11604500036142,-20.28701299948957],[-44.115884000114,-20.28712000010161],[-44.11567500073838,-20.28731499956773],[-44.11552700075533,-20.2874869996042],[-44.11530900026322,-20.28775899943697],[-44.11509200034578,-20.28802599922001],[-44.11491499996009,-20.28828599952698],[-44.11475800074748,-20.28855200006211],[-44.11460800023805,-20.28884399952058],[-44.11451799990834,-20.28916899924228],[-44.11449000039466,-20.28943599960382],[-44.11443000058501,-20.28965499931186],[-44.11438700030908,-20.29001399979936],[-44.11438499996206,-20.29041799963467],[-44.11441700010099,-20.29074499955936],[-44.1144970005441,-20.29109199939162],[-44.11461700000696,-20.29143899995647],[-44.11475200042231,-20.29172199967659],[-44.11485099996771,-20.29190799942218],[-44.11501400008664,-20.29221299933865],[-44.11517000031239,-20.29249099980624],[-44.11527100051687,-20.29269199944265],[-44.11543500041117,-20.29290599964431],[-44.11562499985776,-20.2932429993542],[-44.11580100043282,-20.29349599952273],[-44.1160260006663,-20.29371699990549],[-44.11636100032855,-20.29384799989282],[-44.11665500070781,-20.29395799975379],[-44.11692400034362,-20.29404399925795],[-44.1171440006973,-20.29408399968172],[-44.1173450002001,-20.29410499982554],[-44.11755900018493,-20.29412499997439],[-44.11780700052815,-20.29411999990739],[-44.11802800073391,-20.29413399990278],[-44.1182700006613,-20.29415499952158],[-44.11853199999781,-20.29420899981692],[-44.11881499987246,-20.29425599985493],[-44.11897200063274,-20.29432299994861],[-44.11912900029257,-20.29438700009041],[-44.11932200030279,-20.29447099981347],[-44.1194980002191,-20.29454999938373],[-44.11968800032825,-20.29464499979486],[-44.1199030007507,-20.29474699994946],[-44.12007200047181,-20.29481500000609],[-44.12016500013367,-20.2948710000343],[-44.12028000001693,-20.29494799990521],[-44.12039500054063,-20.29504899999268],[-44.12050100070515,-20.29513900006534],[-44.12060200013044,-20.2952399992586],[-44.12066500028327,-20.29531999951667],[-44.12072900004165,-20.29538799920928],[-44.12079399985895,-20.29542100009559],[-44.1209029999707,-20.29545599920982],[-44.1210440001249,-20.29549799975612],[-44.12117600073767,-20.29551999995117],[-44.12128800015154,-20.29553399985452],[-44.12141500059948,-20.2955370000699],[-44.12149900018083,-20.29554299927115],[-44.1215690003459,-20.29554099947163],[-44.12164500059425,-20.29552299973719],[-44.12173600015686,-20.29550499931922],[-44.12180000060362,-20.29550499962076],[-44.12187599980234,-20.29552099974109],[-44.12193800047122,-20.29553700009545],[-44.12201599985037,-20.29558299925916],[-44.12213499983892,-20.29565399941614],[-44.12222100051391,-20.29573099991395],[-44.12234300054681,-20.29584699948929],[-44.12241900039196,-20.2959669997519],[-44.12248200062972,-20.29608699987798],[-44.12252200049797,-20.29621099949723],[-44.12255700038052,-20.29634399968192],[-44.12258400065702,-20.29648499961877],[-44.12265100000918,-20.29659199946916],[-44.12273700051792,-20.29666099963143],[-44.1228639999353,-20.29670399930927],[-44.12299900043122,-20.29671799954676],[-44.12315800014171,-20.29670199980217],[-44.12326700051698,-20.29665499963829],[-44.12335400075438,-20.29661699980516],[-44.12342200012718,-20.29656199922151],[-44.12354500027271,-20.29644699946594],[-44.1236729998456,-20.29632000009794],[-44.12373699980721,-20.29620400006099],[-44.12381400045272,-20.29608099924407],[-44.12390600064549,-20.29594499987625],[-44.12398400072817,-20.29582099921806],[-44.12403000006675,-20.29570199952192],[-44.12412099999423,-20.29560399956258],[-44.12419400025822,-20.29556099942582],[-44.12429800033316,-20.29550599966512],[-44.12448899990789,-20.29548999970418],[-44.12463300001028,-20.2954749996957],[-44.12476599984836,-20.2955099998759],[-44.12485800073848,-20.29554999950367],[-44.12500000045286,-20.29564599942383],[-44.12513300018942,-20.29575099977586],[-44.12518300021596,-20.29585899983394],[-44.12528300045047,-20.29604599931382],[-44.12535100040769,-20.29622499959201],[-44.1254049998352,-20.29640299923434],[-44.12544999990871,-20.29662399940305],[-44.12547799991912,-20.2969659995281],[-44.12548700033567,-20.29748800007481],[-44.12547300067737,-20.29795399973214],[-44.12547000008878,-20.29839799937169],[-44.12547900010711,-20.29887499994945],[-44.12537100070848,-20.29924099936539],[-44.12512200055966,-20.29959499951089],[-44.12490899986565,-20.29981599937501],[-44.1245660002098,-20.30004699994464],[-44.12422400061513,-20.30023399975664],[-44.12382299986404,-20.30036599946051],[-44.12362099982266,-20.30043899944006],[-44.12332100062259,-20.30053399969973],[-44.12309700017214,-20.30063000004641],[-44.12282500068395,-20.30076999951079],[-44.12259100005345,-20.30088300009316],[-44.12235199983779,-20.30100500000736],[-44.12210300074995,-20.30115399921165],[-44.12177500070915,-20.30130599993278],[-44.1215950003442,-20.3014319993863],[-44.12136100019728,-20.30159399994488],[-44.12111899989927,-20.30174899990206],[-44.12087800067233,-20.30191099986989],[-44.12066600060156,-20.30208799965706],[-44.12051400035006,-20.30224999986095],[-44.12033199998971,-20.30246199922786],[-44.1200680005394,-20.30263099971272],[-44.1197510007055,-20.30277199945785],[-44.11939599989279,-20.30291899947476],[-44.11919300049053,-20.30296099985549],[-44.11893700047417,-20.30302999979654],[-44.11864200033621,-20.3031209997124],[-44.11837800036118,-20.30326199995218],[-44.11813600060411,-20.30340900001327],[-44.11797799999074,-20.30353600001636],[-44.11781100049696,-20.30367799961295],[-44.11761500044938,-20.30383299955562],[-44.11744100066495,-20.30398099922984],[-44.11725899982856,-20.30410799948211],[-44.11698000002453,-20.30424099946543],[-44.1166860005808,-20.30431099966814],[-44.11622600051045,-20.30438599990547],[-44.1158800005736,-20.30437099978851],[-44.11562400066198,-20.30435500000845],[-44.11538300003594,-20.30432500009106],[-44.11510500051345,-20.3043169995643],[-44.11493200052529,-20.30434399938789],[-44.11479600055817,-20.30436499955519],[-44.11472000043408,-20.30444999926918],[-44.11474200026888,-20.30454899925173],[-44.11477200000371,-20.30469099922916],[-44.1148310003704,-20.30483399975239],[-44.11491400011246,-20.30505299949209],[-44.11498100022999,-20.30520199937433],[-44.11509400016366,-20.3054099999792],[-44.11516500052739,-20.30554999983276],[-44.11530199980493,-20.30572199933226],[-44.1154689999079,-20.30590699983729],[-44.11571200021487,-20.30603899951323],[-44.11598800033995,-20.30617099932057],[-44.11636399989595,-20.30635299955556],[-44.11670299991216,-20.30650400010383],[-44.11705999997856,-20.30662099969371],[-44.11745400052092,-20.30677199984763],[-44.11783800028537,-20.3069149992371],[-44.11817899982668,-20.30705299949492],[-44.11841600063719,-20.30711299980128],[-44.1186630007473,-20.30717399979296],[-44.11898700043904,-20.30724799987651],[-44.11928299989761,-20.3073279999087],[-44.11970900054968,-20.30739799967985],[-44.12004400067109,-20.30742700007239],[-44.12040200025513,-20.30745199974612],[-44.12069300009986,-20.30748099998995],[-44.12100800072493,-20.3074919995035],[-44.1212119999099,-20.30749699979788],[-44.12142999981345,-20.3074939995893],[-44.1214980005406,-20.30749899974137],[-44.12159000035596,-20.30752599995783],[-44.12171399982633,-20.30756900008723],[-44.12186700019591,-20.3076539993003],[-44.12188700055758,-20.30766599950617],[-44.12197999998823,-20.30772399922714],[-44.12212300063103,-20.30780899954913],[-44.12224100033207,-20.30788899965911],[-44.12233499998202,-20.30798199985263],[-44.12242300045321,-20.30808499938429],[-44.12246700060199,-20.3081739998807],[-44.12252600040362,-20.30826299968992],[-44.12258900057809,-20.30837499968656],[-44.12261300041681,-20.30852899927525],[-44.12259800062597,-20.30866399939021],[-44.12257700046909,-20.30881699987517],[-44.12250000060445,-20.30909299981472],[-44.12239500070968,-20.30933299983034],[-44.12226600029803,-20.3095359998219],[-44.12214500072715,-20.30974699927125],[-44.12208800010827,-20.30997199959943],[-44.12196600007262,-20.31022799999784],[-44.12181300071858,-20.31049900003898],[-44.12170800067638,-20.31069399974804],[-44.12161099999033,-20.31088199994009],[-44.12153000050807,-20.31103999923277],[-44.12149699992465,-20.31121299999247],[-44.12149600010444,-20.31137899984872],[-44.1216150005429,-20.3115449995617],[-44.12175799987491,-20.31179499946503],[-44.12189300067993,-20.3119689998912],[-44.12205100004121,-20.31220299969806],[-44.12216199980718,-20.31239999966628],[-44.1222969999805,-20.31261199973811],[-44.12237800058644,-20.31281199976698],[-44.12245399993486,-20.31296999999035],[-44.12254900041442,-20.3131469996819],[-44.12264900056559,-20.31333899993275],[-44.12276500026513,-20.31354999991581],[-44.1228960000106,-20.31376599941478],[-44.12298100000636,-20.31393399992935],[-44.12303500006764,-20.31415400004581],[-44.12304500029681,-20.31434599975228],[-44.12301299991671,-20.31458999995836],[-44.12297600012831,-20.31472799974945],[-44.12289900060792,-20.31488599976497],[-44.12277700043596,-20.31499499923931],[-44.12266000015966,-20.31512399950556],[-44.12251699994781,-20.31526199969164],[-44.12231800024558,-20.31538399962676],[-44.1221180006086,-20.31551799984662],[-44.12192800040381,-20.31568099993481],[-44.12173800017678,-20.31581099924919],[-44.12154300022359,-20.31595399979296],[-44.12132699991092,-20.31609799966341],[-44.12114800056308,-20.31623199938484],[-44.12096300067838,-20.31637099975093],[-44.12071700027069,-20.31654299922015],[-44.12052700075444,-20.31666199997577],[-44.12027999992522,-20.31683899945894],[-44.12006000026906,-20.31697299960215],[-44.11985500034994,-20.31709299935526],[-44.11964400041033,-20.31719300009596],[-44.11943400060529,-20.3172549993832],[-44.11924500016358,-20.31728699951895],[-44.11909200028025,-20.31729600006699],[-44.11889800048392,-20.31725699952258],[-44.11875000010781,-20.31721699988854],[-44.11861200071705,-20.31713499999857],[-44.11850000004259,-20.31708099936564],[-44.11840300050259,-20.31702299924164],[-44.11833200010935,-20.31696500000765],[-44.11824000066263,-20.31689700006211],[-44.11820500064407,-20.31685799968575],[-44.11811300046741,-20.3167559998177],[-44.11805200031637,-20.31667899944664],[-44.11788499991465,-20.31649999985921],[-44.11769700011396,-20.31630099973486],[-44.11744200022778,-20.31612099925479],[-44.117253999803,-20.31597599960978],[-44.11704500043804,-20.31585399947029],[-44.11679500035154,-20.31567999943181],[-44.11646899985632,-20.31547100002195],[-44.11624999998164,-20.31533000001578],[-44.11598100041518,-20.31518099999473],[-44.11575300073014,-20.31500899994295],[-44.11553099996999,-20.31483199985187],[-44.11528899985314,-20.31456599944806],[-44.11509300016368,-20.31428699978287],[-44.1148670003252,-20.3138890000137],[-44.11474399980578,-20.31362399944581],[-44.1146159999817,-20.31335899969802],[-44.11444100056957,-20.31299600009282],[-44.11429300023796,-20.31268299966045],[-44.11418200033454,-20.31247699922871],[-44.11402100066223,-20.31222799927546],[-44.11384800047166,-20.31196299970138],[-44.11369700032718,-20.3116989996156],[-44.11347700053172,-20.31146499926729],[-44.11331999991933,-20.31130999945761],[-44.11313600012502,-20.3112199998769],[-44.11289400000962,-20.31112899944742],[-44.11267300028864,-20.31111299990003],[-44.11240400013629,-20.31109199934821],[-44.11209400003051,-20.31106599966846],[-44.11181999986604,-20.31105399935218],[-44.11147200070938,-20.31104699985988],[-44.11113500005624,-20.31104600003573],[-44.11085100015588,-20.31106899986636],[-44.11056100019554,-20.31110699934623],[-44.11021799990516,-20.31116500002522],[-44.10992800018227,-20.31118899968945],[-44.10970099980015,-20.31122199991034],[-44.10942700023299,-20.31126599989906],[-44.10916500069991,-20.31131400004936],[-44.10887300060811,-20.31137299955452],[-44.10860200016349,-20.31145199999875],[-44.10836300001836,-20.31153099956277],[-44.10809100003765,-20.31165899921486],[-44.10788400043648,-20.31176799927904],[-44.10769699986302,-20.31186200000794],[-44.10755400043497,-20.31193199983141],[-44.10738300001199,-20.3120059994596],[-44.10719700046224,-20.3120800000762],[-44.10707000006287,-20.31211399955437],[-44.10682500015819,-20.31215799973493],[-44.10661800009822,-20.31216699933365],[-44.1064700004094,-20.31213099951184],[-44.10629000010372,-20.3120899993774],[-44.10611500036885,-20.31202399981224],[-44.10593800010499,-20.31198799955126],[-44.10565399987119,-20.31198699972616],[-44.10544000053502,-20.31201599933924],[-44.10521499996499,-20.31207500000321],[-44.10495800045614,-20.3121549996738],[-44.10475400001607,-20.31220899938647],[-44.10448100008049,-20.31231299974819],[-44.10425099985451,-20.31240299973469],[-44.10396100001721,-20.31255299971149],[-44.10368700023871,-20.31272799932821],[-44.10350500022654,-20.31285299935384],[-44.10328500014972,-20.31292699946889],[-44.10304899992443,-20.31300199972025],[-44.1028779998956,-20.31303099974178],[-44.10266900040234,-20.31305499959494],[-44.10247100031754,-20.31306999932718],[-44.1022470005226,-20.31310399993106],[-44.10203800011553,-20.31311799940966],[-44.10172199990217,-20.31312599992622],[-44.10138700071298,-20.31314099967888],[-44.10108600074144,-20.31313899968583],[-44.10085400073424,-20.31315299973325],[-44.10057900055462,-20.31316699976843],[-44.10029900050769,-20.31315599948941],[-44.10009400071839,-20.31313900009355],[-44.09988999993293,-20.31312299950563],[-44.09971699990182,-20.31311199945053],[-44.0995230002902,-20.31310099956005],[-44.09924300055096,-20.31306399971341],[-44.09901199985289,-20.31304699980645],[-44.09874300007298,-20.31299999929237],[-44.09856499987999,-20.31298400010196],[-44.09836000023184,-20.31293199962964],[-44.09819400071327,-20.31284499941909],[-44.09809200016857,-20.31269199931753],[-44.09804000044753,-20.3125139999904],[-44.09803000007404,-20.31233100008601],[-44.09805300026196,-20.31214799954661],[-44.09812400041643,-20.31190999970984],[-44.09817899998057,-20.31174799998981],[-44.09830899996521,-20.3115350000389],[-44.09842300046962,-20.3114389997189],[-44.09858000067273,-20.31129299967819],[-44.09871000024338,-20.31113599970107],[-44.0988460004161,-20.31103999947119],[-44.09896500003248,-20.31093899986895],[-44.09910500001545,-20.31080699993928],[-44.09917800075717,-20.31073799932387],[-44.09929999992585,-20.31065599944382],[-44.09942700051218,-20.3105989993868],[-44.09961299995105,-20.310518999368],[-44.09977800055785,-20.31044900003661],[-44.09998000029352,-20.31036799948551],[-44.10025299995943,-20.31027999988452],[-44.10050699985192,-20.31022699973858],[-44.1008310006949,-20.31016699955486],[-44.1011760003398,-20.31011399983931],[-44.10151400001224,-20.31003499991733],[-44.10197700039777,-20.30995499920894],[-44.10233100008395,-20.30986799933579],[-44.10264100037302,-20.30983299930289],[-44.10293500042285,-20.30976699982693],[-44.10313399994493,-20.30968399957506],[-44.10335599995989,-20.30961799984081],[-44.10360600058041,-20.30951999939209],[-44.10375000052785,-20.30942199956434],[-44.10395500006861,-20.3092819995469],[-44.10408900057289,-20.30916799960466],[-44.10425600009054,-20.30901199968489],[-44.10440000044157,-20.30884599971308],[-44.10460000006069,-20.3087059994976],[-44.10478399985894,-20.30855599978302],[-44.10491600038297,-20.30835599959837],[-44.1049670005665,-20.30816699956831],[-44.10499000042796,-20.3079829993185],[-44.10500800069551,-20.3078200000702],[-44.10497500017374,-20.30766199953332],[-44.10494300055955,-20.30751499944646],[-44.1048490004945,-20.30736199974212],[-44.10475000020207,-20.30718799932803],[-44.10465600063425,-20.30698799941102],[-44.10451800021874,-20.30675599993221],[-44.1044370007118,-20.30657499948312],[-44.10431999981679,-20.3063149996032],[-44.1042430006494,-20.30606600007206],[-44.10418300072647,-20.30583199977147],[-44.10408900032528,-20.30553599976175],[-44.10403400023819,-20.30530199970817],[-44.10390700034593,-20.30500999963995],[-44.10381800039143,-20.30483500001409],[-44.1037660006406,-20.3047169998389],[-44.10368100011453,-20.30459300000015],[-44.10357599998174,-20.30449199972345],[-44.10347300025908,-20.30443799981647],[-44.1033029999568,-20.30438699970316],[-44.10316100067301,-20.30438299938091],[-44.10300500003444,-20.30439199978298],[-44.10285500026572,-20.30442499935835],[-44.10263500005533,-20.30446399997965],[-44.10245000049503,-20.30449599930198],[-44.10228999986077,-20.3045249994699],[-44.10210500002054,-20.30456499938115],[-44.10192400046002,-20.30461099933465],[-44.10174599983466,-20.30463999968896],[-44.10155400051857,-20.30468199968805],[-44.10140900057528,-20.3047149992765],[-44.10123800012932,-20.30473399929224],[-44.10109600029314,-20.30474399963715],[-44.10093600067187,-20.30475299932211],[-44.10080099993206,-20.30476499970758],[-44.10065600051766,-20.30477099961408],[-44.10052400042297,-20.3047469996032],[-44.10041499986903,-20.3047129997444],[-44.10030800068185,-20.30465900003572],[-44.10019900010703,-20.30459800009143],[-44.10008500030958,-20.30453399987927],[-44.10002500022419,-20.30449000004977],[-44.09980000040282,-20.30434099994452],[-44.09961700026268,-20.30420500001585],[-44.09936100015507,-20.30403199964176],[-44.0991389999231,-20.30384199920784],[-44.09891100044555,-20.30364099939527],[-44.09864899998284,-20.30346699942485],[-44.09833599994641,-20.30320099957676],[-44.09816500056484,-20.30300599933517],[-44.09800000010016,-20.30284899982844],[-44.09777900025471,-20.30263699960634],[-44.09761400063346,-20.30245800007085],[-44.09739800028304,-20.30222499951245],[-44.09722700049669,-20.30202499995385],[-44.09702300006292,-20.30176499947037],[-44.09688300049706,-20.30153299940182],[-44.09679699987609,-20.30136799980047],[-44.09669599985391,-20.30116199996899],[-44.09663200041143,-20.30097699986543],[-44.09657100036622,-20.30079799944733],[-44.09653600040194,-20.30060299939158],[-44.09648699990122,-20.30034999942381],[-44.09645899982743,-20.30012300004046],[-44.09642000025034,-20.29990099924135],[-44.09638099999341,-20.29972900010388],[-44.09631000001399,-20.29953700006741],[-44.09619400066352,-20.29940999960642],[-44.09607100048925,-20.29935499952122],[-44.09593300044753,-20.29933999983827],[-44.09579900052047,-20.29936299971787],[-44.09568600030423,-20.29940099943041],[-44.09558799990873,-20.2994509998459],[-44.09547899987651,-20.29950599963978],[-44.09535100024426,-20.29960099990228],[-44.09526000036875,-20.2996999997894],[-44.09520099981876,-20.29979199987348],[-44.09511300005474,-20.29992499957953],[-44.09505800046299,-20.30001999930237],[-44.09501000008598,-20.30017099939168],[-44.09496500018972,-20.30032099938466],[-44.09496100011363,-20.3004379995112],[-44.09490900021119,-20.30060199996317],[-44.09486899992732,-20.30072799942426],[-44.09481400000679,-20.30085099921266],[-44.09477700042625,-20.30095699958802],[-44.09471800040905,-20.30107299961588],[-44.09465199988376,-20.30123999962384],[-44.0945930003542,-20.30135999962521],[-44.09453300067368,-20.30154099952639],[-44.09440999992956,-20.30182299951622],[-44.09432399995244,-20.30206900001576],[-44.09419200068285,-20.3023069999795],[-44.09400300069846,-20.30256199963632],[-44.09379600053634,-20.30278999990469],[-44.09365400015142,-20.3029749995013],[-44.0934570005597,-20.30315000000306],[-44.09328700024816,-20.30330799978192],[-44.09315499981697,-20.30347499959065],[-44.09305100061945,-20.30365100010759],[-44.09293799986716,-20.30380899943148],[-44.0928249999366,-20.30394099989684],[-44.09266500020675,-20.30408099970514],[-44.09248600012177,-20.30423899985619],[-44.09229899988767,-20.30437099929502],[-44.09203600020003,-20.3045110000208],[-44.09182000047704,-20.30454499932183],[-44.0915490004064,-20.30456999990586],[-44.09125900068063,-20.30455099968294],[-44.09098700006351,-20.30453999944845],[-44.09076300075311,-20.30450399937677],[-44.09052000073963,-20.30445000003447],[-44.09015500006733,-20.30435999933507],[-44.08993100029261,-20.3043139995198],[-44.08963200070158,-20.30422499965263],[-44.08932399980944,-20.30413500010214],[-44.08914600039304,-20.30405399929979],[-44.08883800017374,-20.30397300008438],[-44.08858599982299,-20.30386599957949],[-44.08841800060856,-20.30381399988767],[-44.08818200032838,-20.30376399949861],[-44.08790400034027,-20.30370899922264],[-44.08767100023954,-20.30368299943284],[-44.0874500003485,-20.30368499967856],[-44.08721700057975,-20.30369099941831],[-44.08698400050025,-20.30368299924163],[-44.08671400065879,-20.30368899953882],[-44.08645100030795,-20.30371599921824],[-44.08619100021001,-20.30375299929476],[-44.08595400031948,-20.30378700005748],[-44.08572100020539,-20.30381799992128],[-44.08545800022758,-20.30386999931676],[-44.08522899998681,-20.30390399932693],[-44.08506300071298,-20.30393499974307],[-44.08474400062018,-20.30395799949824],[-44.08444700040455,-20.30395299982226],[-44.08418500054902,-20.30393399979119],[-44.08391800004009,-20.30391800008384],[-44.08375100022414,-20.30390999952834],[-44.08347700066848,-20.3039429999349],[-44.08311300030163,-20.30398699985667],[-44.08286900056787,-20.30401999925812],[-44.0826690000866,-20.30405899992467],[-44.08250999987526,-20.30409300003109],[-44.08234600046424,-20.30413199931647],[-44.08220600043562,-20.30419999993114],[-44.08212100022466,-20.30427399934013],[-44.08207700023711,-20.30438299949835],[-44.08202800014117,-20.30450299942203],[-44.08196600066114,-20.3046679992525],[-44.08193499991474,-20.30487999984962],[-44.08189599991652,-20.30505399947348],[-44.08185100015451,-20.30529500008668],[-44.08179900016876,-20.30567699978558],[-44.08174100012472,-20.30609399944801],[-44.08168200040647,-20.3064879994042],[-44.08165799992526,-20.30676399973626],[-44.08166900059722,-20.30709599956268],[-44.08169800052529,-20.30752899943838],[-44.08171600017908,-20.3077550000258],[-44.08179600011982,-20.30807199978284],[-44.0819140001411,-20.30844899935275],[-44.08198599986315,-20.30875799949348],[-44.08151900020361,-20.30899399961308],[-44.08065700050133,-20.3096739997225],[-44.07972800022917,-20.31058099992979],[-44.07924100021757,-20.31113799936299],[-44.07892800004771,-20.31198599922851],[-44.07876799995184,-20.31306399976554],[-44.07871300046105,-20.31345299993535],[-44.07865900016062,-20.3139729998163],[-44.07863899989917,-20.31433899921375],[-44.07864500013852,-20.31484299968824],[-44.07867800021538,-20.31503799997836],[-44.07876200000001,-20.3154369997906],[-44.07892400066519,-20.31573099977533],[-44.07909500061692,-20.31608100006714],[-44.07935200055123,-20.31639999949335],[-44.07962600015111,-20.31661299981903],[-44.07999699995753,-20.31700199963754],[-44.08011900073055,-20.31734099989697],[-44.08017200000715,-20.31779699987323],[-44.08007300028692,-20.31812299949497],[-44.07986400031156,-20.31839499995045],[-44.07964300012416,-20.31845900006757],[-44.07908900015966,-20.3186259995765],[-44.07852099995531,-20.31881799966134],[-44.07796800007453,-20.31897099943756],[-44.07746900013534,-20.31909899922815],[-44.07686100046334,-20.31913499963036],[-44.07639200040135,-20.31897599945815],[-44.07606200074464,-20.31876599986461],[-44.0757740006693,-20.31829500003812],[-44.07551500053945,-20.31770799945861],[-44.07536599986558,-20.3172769999728],[-44.07518800032935,-20.31684599974316],[-44.07509400065565,-20.31638999966682],[-44.07504199999574,-20.31595999980926],[-44.074781000435,-20.3156459996257],[-44.07431300004587,-20.31531699998423],[-44.07398900014189,-20.31524399979769],[-44.07353200038137,-20.31499799921962],[-44.07321800045513,-20.31485799933794],[-44.07272900031254,-20.31474399972383],[-44.0722200007372,-20.31473099949606],[-44.07172200061225,-20.31478899987711],[-44.07160100022417,-20.31481499968063],[-44.07105900026517,-20.31503399966315],[-44.07057200062007,-20.31521399946994],[-44.06979300012512,-20.315484999994],[-44.06925199980883,-20.31561499938824],[-44.06877699995753,-20.3156429993657],[-44.06817200058185,-20.31566999926492],[-44.06766399984109,-20.31570799974068],[-44.06725400001254,-20.31571599959302],[-44.06683200063594,-20.3157749992102],[-44.06638900018432,-20.31583399955465],[-44.06595700048437,-20.31591299964304],[-44.06546799992037,-20.31601299970128],[-44.06515399992332,-20.31611399970893],[-44.06495100056808,-20.3161779996775],[-44.06461100021456,-20.31628299973365],[-44.06421900022351,-20.31627199948747],[-44.06380100012282,-20.31618799920555],[-44.06321900021511,-20.31586499967599],[-44.06285500020151,-20.31555900006505],[-44.06243000041781,-20.31518699959478],[-44.06212800031304,-20.31494799975231],[-44.06181500070383,-20.31455900000191],[-44.06138000000062,-20.31421099943305],[-44.06090000018004,-20.31403499974686],[-44.06028799980848,-20.31411399985653],[-44.05993699981502,-20.3143510000736],[-44.05969100024854,-20.31453099923355],[-44.05929600033566,-20.31471900003245],[-44.05874400047511,-20.31497099976888],[-44.05777100005432,-20.31527899996458],[-44.0573780000818,-20.31537599947692],[-44.05708000023786,-20.31544099983572],[-44.05665000063262,-20.31547999949297],[-44.05627200071165,-20.31551899944546],[-44.0560180006963,-20.3154929992147],[-44.05550100001926,-20.31534999935225],[-44.05520400048616,-20.31521599933548],[-44.05463500022665,-20.31493999925044],[-44.05416400066759,-20.31445699984611],[-44.05354500070066,-20.31385899983518],[-44.0533770006702,-20.31356399949145],[-44.05316899982052,-20.31303899991154],[-44.05311899991668,-20.31250699996107],[-44.05308700058172,-20.31202399984072],[-44.05315100003565,-20.31160099949046],[-44.05317100043008,-20.31127699976868],[-44.05316400039189,-20.31087799991492],[-44.05309100060464,-20.31047899974892],[-44.05276600047081,-20.31013499928894],[-44.05238700049934,-20.30984099969279],[-44.0520000005818,-20.30947199988376],[-44.05158700025125,-20.30902799983215],[-44.05110199994721,-20.30877499948807],[-44.05065100018776,-20.30876400009106],[-44.05044699990979,-20.30883800005968],[-44.05029600046683,-20.30892099942841],[-44.04964100058434,-20.30899199962191],[-44.04896900010188,-20.30892999932449],[-44.04851200003444,-20.30886599977246],[-44.04821000015131,-20.30877999983267],[-44.04788300015707,-20.30864499979972],[-44.04748399996041,-20.30851700000677],[-44.04697000005814,-20.3083379996311],[-44.04653600073525,-20.30822699967935],[-44.04601299992873,-20.30815699954899],[-44.04558700052691,-20.30815499986354],[-44.04492100055522,-20.30810999988047],[-44.04447800049898,-20.30796499971796],[-44.04410700067486,-20.30766199923803],[-44.04357600040125,-20.30734899957081],[-44.04306300054235,-20.30712899978904],[-44.04246400067471,-20.3068589994588],[-44.04210900013738,-20.3066049992808],[-44.04170199986941,-20.30619899920368],[-44.04123299993987,-20.30564299966585],[-44.04086199990152,-20.30509499936073],[-44.0405319998935,-20.30483399973263],[-44.04022100028595,-20.30457099937553],[-44.039811000478,-20.30440899974445],[-44.03938300013775,-20.30424699976054],[-44.03897200066925,-20.30414300003031],[-44.0386690003509,-20.30412499981414],[-44.03832900014203,-20.30404699945462],[-44.03817000032615,-20.30386899920772],[-44.03791300026008,-20.30342999923104],[-44.03778100074383,-20.3031849995816],[-44.03764899995279,-20.3028130000073],[-44.03758800050057,-20.30248399995451],[-44.03759999994341,-20.30212199922762],[-44.03749499992756,-20.30176599972473],[-44.03720100018087,-20.30143499969504],[-44.03687899984501,-20.30128499954602],[-44.03678700036363,-20.30118899988739],[-44.03661100019582,-20.30101300008097],[-44.03646399984002,-20.30085199950491],[-44.03626500051842,-20.30068400010046],[-44.03598600002743,-20.30046599978175],[-44.0356990004143,-20.30025499987322],[-44.03543400069646,-20.30003799927102],[-44.03511699993674,-20.29979899956393],[-44.03469000027389,-20.29953200007576],[-44.03442100023701,-20.29935699960075],[-44.03415399982413,-20.29919399973991],[-44.03382000011152,-20.29902399949851],[-44.03364300063215,-20.29884699926421],[-44.03342800055162,-20.29856500007877],[-44.03323600051773,-20.2983739993994],[-44.03297600066055,-20.29830299968171],[-44.03270000068733,-20.29830099943705],[-44.03246200042108,-20.29833499981993],[-44.03205900055537,-20.29841699976063],[-44.03163400068172,-20.29849199930661],[-44.03134299995835,-20.2985819999589],[-44.03110200059988,-20.29870499947908],[-44.03097400046176,-20.29877999938324],[-44.03086600063765,-20.29885899966258],[-44.03076199993429,-20.29891600005038],[-44.03061700026953,-20.29893699948755],[-44.03050900034994,-20.29889699979411],[-44.03042500056414,-20.29878600004088],[-44.03037900004058,-20.29863099966692],[-44.03034300022565,-20.29845299997237],[-44.03035300052444,-20.29822799998561],[-44.03040200008915,-20.29797999957454],[-44.03046000028367,-20.29773699948246],[-44.03070300008712,-20.2972529999599],[-44.03081900038899,-20.29691099926552],[-44.03093400070302,-20.29663299967472],[-44.03106600032613,-20.29621899931578],[-44.0311890003734,-20.29579799988448],[-44.03145899999887,-20.29556699954728],[-44.03164400025625,-20.29514699958715],[-44.03161099988951,-20.29464799975398],[-44.03140600065181,-20.2941979996903],[-44.03130699992332,-20.29361800000535],[-44.03129600003096,-20.2931209993584],[-44.03146199988662,-20.29236300006696],[-44.03141900058168,-20.29210099938377],[-44.03136299980748,-20.29178299942943],[-44.03136500020176,-20.29143799999051],[-44.03120599998409,-20.29107799920742],[-44.03088600006465,-20.2908010000769],[-44.03068200068113,-20.29060600006327],[-44.03049400021525,-20.29023299974107],[-44.03042600016535,-20.28937699956158],[-44.03037500072475,-20.28900099982996],[-44.03035499993663,-20.28873799951625],[-44.03026400045155,-20.28852799984366],[-44.03015400046795,-20.28831899992619],[-44.030017000125,-20.28813499952927],[-44.0298700004788,-20.28788099968119],[-44.02976100070121,-20.28764500006552],[-44.02969800004588,-20.28738399950651],[-44.0296899999526,-20.28716599957291],[-44.02971000013402,-20.28695699953185],[-44.02977599984943,-20.28676499964786],[-44.02984100024669,-20.28664399981928],[-44.02989800044354,-20.28643899957193],[-44.02993500037081,-20.28609199922807],[-44.03008600036215,-20.28564699976322],[-44.03016199996553,-20.28527199953328],[-44.03006200030491,-20.28472899971512],[-44.02987200035391,-20.28442099926615],[-44.02961100067527,-20.28397300010785],[-44.02947800060616,-20.28369699952347],[-44.02930500019558,-20.28355099995345],[-44.02922400019768,-20.28337299987207],[-44.02914900022746,-20.28316999951834],[-44.02908900061545,-20.28298599971621],[-44.0290230007417,-20.28285599926404],[-44.02894800075542,-20.2826579999278],[-44.0289030002474,-20.28248600001784],[-44.02890900016204,-20.28244099991414],[-44.02892600007038,-20.28233799927336],[-44.02894799986142,-20.28228400005851],[-44.02896800059398,-20.28226299971223],[-44.02908200023605,-20.28217799950074],[-44.02913999998633,-20.28212499943979],[-44.0291860006392,-20.28207899944525],[-44.02926000067379,-20.28197199936255],[-44.02932799988289,-20.28189599990423],[-44.02939999981923,-20.28180599963241],[-44.02945599983968,-20.28169900000431],[-44.02945200038268,-20.28155999971221],[-44.0294479998595,-20.28128699978665],[-44.0294260006826,-20.28107800002575],[-44.02945799999586,-20.28088599960259],[-44.02955099981222,-20.280655999885],[-44.02967100024674,-20.28046199946657],[-44.02981900068244,-20.28021599983539],[-44.02993300068547,-20.28000899925311],[-44.02997999986931,-20.27989899949413],[-44.03007200029321,-20.27954399981694],[-44.03011100030526,-20.27937599987643],[-44.03017500014669,-20.27907699925844],[-44.0303079998934,-20.27881499927229],[-44.03044200025462,-20.27854599954377],[-44.03063700028334,-20.27816799968715],[-44.03071500037085,-20.27781099931105],[-44.03075900033467,-20.27753299985958],[-44.0307750004266,-20.27737099935725],[-44.03080300037026,-20.27683299949216],[-44.03083400022778,-20.2766119993612],[-44.03091200050815,-20.27639099988295],[-44.03100400030651,-20.27619799993447],[-44.03111100074464,-20.27592299973011],[-44.03117900068369,-20.27567499936449],[-44.03126700051856,-20.27544999986942],[-44.03143600006609,-20.27526999995263],[-44.03162800064484,-20.2751039999661],[-44.03184899998089,-20.27496099972653],[-44.03207000027632,-20.27486299920438],[-44.03227199984612,-20.27476900004674],[-44.03244700066325,-20.27469099966044],[-44.03254199986866,-20.27464599927065],[-44.032659000721,-20.2745709998174],[-44.03278399994532,-20.27446199986747],[-44.03287700054157,-20.27437899972357],[-44.03296400069344,-20.27431799928684],[-44.03299000067479,-20.27427599976487],[-44.03297600060297,-20.274206000071],[-44.03293700019977,-20.27413799927074],[-44.03292299995938,-20.27405999960848],[-44.03293799994807,-20.27397099945278],[-44.03300700051526,-20.27387299987312],[-44.03307900070183,-20.2737649992413],[-44.03318900031526,-20.27368099942532],[-44.03331100015339,-20.27363199940179],[-44.03339100001885,-20.27361799942871],[-44.03347100038911,-20.27362199979391],[-44.03353600066234,-20.27361600010425],[-44.03359000034879,-20.27356400000397],[-44.03361400001556,-20.27348299967763],[-44.03361500052299,-20.27341500007023],[-44.03364000050195,-20.2733089997158],[-44.03369299981718,-20.27320699924477],[-44.0337860003479,-20.27308499985906],[-44.03388400071232,-20.27298499942975],[-44.03399100034199,-20.27288599998371],[-44.03414199992595,-20.27277500000204],[-44.03431099985368,-20.27266199925123],[-44.03446500031769,-20.27256300010195],[-44.03459500047835,-20.27247400000741],[-44.03470800023586,-20.27241599977822],[-44.03478500064729,-20.2723579999587],[-44.03487400073312,-20.27228700006226],[-44.03492099984565,-20.27224399999704],[-44.03498600009524,-20.27216699934556],[-44.03506299984115,-20.27210999961264],[-44.03516599996835,-20.27199900000247],[-44.0352550000659,-20.271913999498],[-44.03536100028438,-20.2718480000707],[-44.03545799993437,-20.27178799935029],[-44.03556400059901,-20.27171399982542],[-44.03568200060537,-20.27161199950688],[-44.03572000054523,-20.27152699998648],[-44.03573000071556,-20.27144599996961],[-44.03575400037874,-20.27135499976871],[-44.03577200019375,-20.27128599944831],[-44.03581600019143,-20.27120899945459],[-44.0358490005206,-20.27116199980908],[-44.03589300073114,-20.27110199995863],[-44.03594700067134,-20.27100799966166],[-44.03599099990139,-20.27089699927998],[-44.03603800026959,-20.27078299936516],[-44.03606799990828,-20.27070199999872],[-44.03610500021788,-20.2706269998072],[-44.03616300070079,-20.27052999998425],[-44.03622500071673,-20.27042399935121],[-44.03625200057198,-20.27034899923787],[-44.03627000074549,-20.2702450000972],[-44.0362560003863,-20.27014400002116],[-44.03623000040666,-20.27007200003726],[-44.03620499994976,-20.27000699987606],[-44.03618100035815,-20.26993699958593],[-44.03615699981614,-20.26988699921986],[-44.03613900041734,-20.26982499937053],[-44.0361079998393,-20.26979199951827],[-44.03607000050601,-20.26977299951791],[-44.03599000019832,-20.26975100001484],[-44.03593100014655,-20.26975099982392],[-44.03585900046179,-20.26975199969664],[-44.0358060005346,-20.26974899927915],[-44.03577000000033,-20.26971799941144],[-44.03575300060927,-20.26967099933065],[-44.03576899990281,-20.26963299939712],[-44.03579099984466,-20.26960399924121],[-44.03586800018989,-20.26955299951814],[-44.03593599987409,-20.26950199994034],[-44.03599100068381,-20.26944799954269],[-44.03601900000486,-20.26937099999024],[-44.03604400038089,-20.26929399929633],[-44.03606400034285,-20.2692419992458],[-44.03608300017874,-20.26917999959755],[-44.03609400029061,-20.2691239997487],[-44.03608900073778,-20.26908499971163],[-44.03607299989981,-20.26903599928345],[-44.036016000556,-20.26898899967432],[-44.03597799982256,-20.26895599924657],[-44.03592700066146,-20.26888599948692],[-44.03588300008484,-20.26882899954517],[-44.03584500058109,-20.26876899941292],[-44.03582900011855,-20.26872599939844],[-44.03582400041395,-20.26866099989221],[-44.03582200003783,-20.26858399975907],[-44.03581699999697,-20.26852200001422],[-44.03580599992033,-20.26843199987895],[-44.03581799993572,-20.26835999927338],[-44.03583599997158,-20.26831599995904],[-44.03586400015007,-20.26826099989835],[-44.03589300024362,-20.26822300008204],[-44.03590900017713,-20.26817199994309],[-44.03591599984759,-20.26812699951592],[-44.0359260000145,-20.26806500006237],[-44.03591799984358,-20.26797699970854],[-44.03591500030503,-20.26793199939128],[-44.03591700055933,-20.26788099994196],[-44.03593099991414,-20.26784400004201],[-44.03595999980747,-20.26774199950929],[-44.03597300017608,-20.26766799942265],[-44.03596800058136,-20.26759599925714],[-44.03594600024627,-20.26755799988934],[-44.0359129999235,-20.26752499985412],[-44.03588900038442,-20.26749800006408],[-44.03585500030213,-20.26747199969205],[-44.03578100013413,-20.26746499943296],[-44.0357400003784,-20.26747299972515],[-44.03569200037337,-20.26750299982145],[-44.03565100045319,-20.26752899958138],[-44.03558000065834,-20.26755599982321],[-44.03552500032013,-20.26758599929913],[-44.03546899988946,-20.26761699980045],[-44.03542600064421,-20.26764299934445],[-44.03538399980243,-20.26765199968509],[-44.03533700056288,-20.26764399944049],[-44.03526900040387,-20.26762299995891],[-44.03521100039941,-20.26760199948158],[-44.03516300074677,-20.26756299943497],[-44.03511800005778,-20.26750199924454],[-44.03510500038352,-20.26745099945287],[-44.03511300022429,-20.2674029993822],[-44.03518600046139,-20.26734699936982],[-44.03525900006564,-20.26726600008141],[-44.03533000068722,-20.26719299966945],[-44.03539200060281,-20.26709399991977],[-44.03544900021935,-20.26702399986462],[-44.03550400008651,-20.26692199972893],[-44.03556100000019,-20.26681799928998],[-44.0356049999273,-20.26671399958133],[-44.03564300064507,-20.2665999998605],[-44.03567600031956,-20.2664859997189],[-44.03567100056951,-20.26638599962774],[-44.0356650007435,-20.26632899999891],[-44.03565000055902,-20.2662519997027],[-44.03563700025511,-20.26618899997463],[-44.03561300053448,-20.26609899966764],[-44.03559800075085,-20.26602999934426],[-44.03560000061083,-20.26596899946739],[-44.03561499980894,-20.26592899989671],[-44.0356359999744,-20.26585499956301],[-44.03565700027932,-20.26577399947342],[-44.03568800042659,-20.26571099967747],[-44.03574700014928,-20.26566399935869],[-44.03580300011828,-20.26561899922638],[-44.03584600073652,-20.26556399943021],[-44.03589700066046,-20.26549899982994],[-44.03593200067861,-20.26545900000607],[-44.03595899993634,-20.26539899959833],[-44.03597300052434,-20.26534299996488],[-44.03597000028212,-20.26527299947979],[-44.03593100064294,-20.26514499949032],[-44.03587900016818,-20.26504399996156],[-44.03584899982036,-20.26498299933963],[-44.03579000033992,-20.26491499936604],[-44.03571400045504,-20.26484999958308],[-44.03564700067061,-20.26480999974296],[-44.03557100016546,-20.26478200001451],[-44.03551100001679,-20.2647609995029],[-44.03545200044481,-20.26472899931457],[-44.03539800042049,-20.26466499960936],[-44.03536800006331,-20.26460900002616],[-44.03534799992719,-20.26453699950155],[-44.03534399983102,-20.26447699935065],[-44.03533999999377,-20.26444500002141],[-44.03531900071553,-20.26436099945146],[-44.03530300036612,-20.26429699922571],[-44.03528199997656,-20.26425299943063],[-44.03524800024992,-20.26421699944313],[-44.03522699988589,-20.26417299964212],[-44.03523600055586,-20.26413699959305],[-44.03526200073001,-20.26408900007593],[-44.03530400035784,-20.26399699928618],[-44.03532999987519,-20.26394599998766],[-44.03536500000763,-20.26386999946443],[-44.0353940000499,-20.26382599925311],[-44.03542900047129,-20.26375799959622],[-44.03545000074723,-20.26370299988388],[-44.03547600037604,-20.26360299956913],[-44.03549400074185,-20.26353499941708],[-44.03551100070445,-20.26347100007122],[-44.03552400049418,-20.2633999997404],[-44.03554600046506,-20.26329600000164],[-44.03555500001822,-20.26319600010016],[-44.03555600046796,-20.26318299999348],[-44.03548900000369,-20.26318599976256],[-44.03520800027486,-20.26333900005259],[-44.0349960002309,-20.26349900000337],[-44.0348160001966,-20.26367499964284],[-44.03470600064968,-20.26382099930912],[-44.03461899980908,-20.26397499994463],[-44.03434800046916,-20.26431699925425],[-44.03405700025046,-20.26456999997534],[-44.03385800049617,-20.26477399944573],[-44.03364400050862,-20.26494099989791],[-44.03339700064065,-20.26516299928488],[-44.03310600064242,-20.26536599982824],[-44.03278600004769,-20.26560599984459],[-44.03246000010517,-20.26576099964326],[-44.03219800055282,-20.26591899959172],[-44.03193600064512,-20.26608499999722],[-44.03166300042218,-20.26624499932357],[-44.0314569998597,-20.26625799972767],[-44.03122800071058,-20.26629299962768],[-44.03076099980046,-20.26639799986316],[-44.03047800015961,-20.2665119995508],[-44.03033200037451,-20.2665619998767],[-44.03003400020572,-20.26663899979913],[-44.02975799988376,-20.26668800004185],[-44.02963600055379,-20.26670899971644],[-44.02936799980108,-20.26674399986705],[-44.02904700001213,-20.26687900009458],[-44.02867900057215,-20.26698499937842],[-44.02838100039411,-20.26701899957204],[-44.02807600018686,-20.26696699925671],[-44.02798700048472,-20.26688099989913],[-44.02788700024203,-20.26679500002245],[-44.02755000031498,-20.26667199990003],[-44.02712100034876,-20.26664699985857],[-44.02667300073128,-20.26668499932707],[-44.02635900057382,-20.26672399959338],[-44.0259840004867,-20.26683799941067],[-44.02568400064243,-20.26698799952844],[-44.02537000058162,-20.26712099973208],[-44.02506600019442,-20.2672079996668],[-44.02476900020229,-20.26735299928461],[-44.02464499986184,-20.26743799930023],[-44.02456400065608,-20.26750199991474],[-44.02444000052375,-20.26757099986926],[-44.0242320002198,-20.26769799932307],[-44.02401700062211,-20.26781299936524],[-44.02377500031947,-20.26795399992167],[-44.02366100025802,-20.2681659997007],[-44.02361400015684,-20.2684209999286],[-44.02353000070578,-20.26868399994197],[-44.02342200063132,-20.26894599966124],[-44.02336100074022,-20.26907299935644],[-44.02325500061499,-20.26928599932456],[-44.02307900058501,-20.26966799940398],[-44.0229550006733,-20.26982099948067],[-44.02277500035078,-20.27006299946752],[-44.02261099985222,-20.27016399971905],[-44.0223200006575,-20.27026799945492],[-44.02201900011428,-20.2703439999862],[-44.02175000055011,-20.27042699945801],[-44.02142900006523,-20.27055899986815],[-44.02113800034779,-20.27071199927493],[-44.02092099990615,-20.27075999922073],[-44.0206010002641,-20.27083499930738],[-44.02027200010076,-20.2709109992944],[-44.01991400007678,-20.2710069998567],[-44.0195939999007,-20.27101899965047],[-44.0192959999358,-20.2710179998742],[-44.01905900056233,-20.2709939999294],[-44.01867100038688,-20.27074199972987],[-44.01842500037638,-20.2705610000892],[-44.01821200001378,-20.27041099931928],[-44.01803600046763,-20.27034799965456],[-44.01767000003754,-20.27024999971842],[-44.01735900041061,-20.27014700005776],[-44.01717300054651,-20.27009399986601],[-44.01686700028438,-20.27006599947572],[-44.01657500026358,-20.27000299991737],[-44.0164870000351,-20.26993299948966],[-44.01629600067024,-20.26977200009146],[-44.01601700038538,-20.26958299996011],[-44.01567200008314,-20.26941399990479],[-44.01542999982792,-20.26924599984355],[-44.01501100005525,-20.26908399993119],[-44.0145590000101,-20.26883099968242],[-44.01432500002306,-20.26869799926105],[-44.0139520002297,-20.26842599946309],[-44.01374800041738,-20.26827199988764],[-44.01354300040688,-20.26813299952711],[-44.01344800042867,-20.26806299980849],[-44.01330900033185,-20.26797199984779],[-44.01311900051227,-20.2678739993162],[-44.01274500044846,-20.26780299990046],[-44.01246700024284,-20.26780099997406],[-44.0121530005007,-20.2677999993092],[-44.01183800053794,-20.26781799927956],[-44.01139900028274,-20.26781599968137],[-44.01116400006965,-20.26784199964726],[-44.01095199985042,-20.26785499977759],[-44.01069600034856,-20.26788799958132],[-44.01011799994414,-20.26788499974795],[-44.00970800013202,-20.26786899945255],[-44.0094670001582,-20.26781199945782],[-44.00932800038186,-20.26776300010631],[-44.00911700020227,-20.26769299924428],[-44.00897799995591,-20.2676229995895],[-44.00889099990363,-20.2675189992122],[-44.00882600014225,-20.2674010000141],[-44.00871700015936,-20.26722099963184],[-44.00858800050818,-20.26707699956608],[-44.00831500060825,-20.26694199982147],[-44.00818800012239,-20.26689799990895],[-44.00804600039381,-20.2668449998077],[-44.00789300033004,-20.26683399972413],[-44.00775600055243,-20.26684699950959],[-44.00756000074842,-20.26686700002965],[-44.00721999991822,-20.26685799974813],[-44.00694500012784,-20.26682899957022],[-44.00667000000799,-20.26679299925662],[-44.00643899991056,-20.26674399938029],[-44.00624400013148,-20.26668799942383],[-44.00603399996216,-20.2666389997272],[-44.00567300065455,-20.26656200003353],[-44.0055069998023,-20.26644499972777],[-44.00539300033851,-20.26624699950185],[-44.00529299980807,-20.26604099922448],[-44.00527899998083,-20.26583599929883],[-44.00532400039675,-20.26559099938855],[-44.00535399983158,-20.26540699978624],[-44.00539899987758,-20.26518199963661],[-44.00549900058281,-20.264885999837],[-44.00551500038144,-20.26462099992499],[-44.00555200062878,-20.26437699990034],[-44.00563400054872,-20.26402499958293],[-44.00583799981615,-20.26369299977285],[-44.00595500065562,-20.26339499980767],[-44.00609300050984,-20.2631379993735],[-44.00617400071148,-20.26286000000045],[-44.00621899997052,-20.26263599971954],[-44.00628099993509,-20.26242099925357],[-44.00633900051383,-20.26226599991952],[-44.00644800008059,-20.26211099958006],[-44.00654200000471,-20.26199599962305],[-44.00667899992126,-20.26183499928518],[-44.00675900035157,-20.26166599942522],[-44.00681000020838,-20.26149699966203],[-44.00683300004233,-20.26129399922645],[-44.0068489998393,-20.26110499920468],[-44.00684200045747,-20.26098299996458],[-44.00685100075292,-20.26078699942243],[-44.00680800074225,-20.26065799981152],[-44.00677300074548,-20.26054999947053],[-44.00670200047746,-20.26050899942289],[-44.00654400029899,-20.26050099961468],[-44.00632199984512,-20.2604999998498],[-44.00599100010372,-20.26051799943347],[-44.00589800062701,-20.2605309998757],[-44.00569700069388,-20.26058399998598],[-44.00558200064509,-20.26065099920896],[-44.00536600025439,-20.26074499951751],[-44.00515099980148,-20.26077699993726],[-44.00494300055356,-20.26074899974],[-44.00477100064727,-20.26061299959601],[-44.00452900024864,-20.26037499990151],[-44.00414700062888,-20.2601159997855],[-44.00395500017017,-20.25999799939365],[-44.00377600074489,-20.25983699923053],[-44.00359500067458,-20.25971799931505],[-44.00343800049039,-20.25959999942797],[-44.00331400040994,-20.25949299965106],[-44.0030430007216,-20.25943800010125],[-44.00277100018352,-20.25943599957079],[-44.00262400034031,-20.25946699950284],[-44.00246599999335,-20.25950899963088],[-44.00209200028797,-20.25955999922482],[-44.00178700015022,-20.25954799961861],[-44.00173799988233,-20.25954099920326],[-44.00155400016327,-20.2595589997817],[-44.00137100011271,-20.25954299942982],[-44.00126899997961,-20.25951199991326],[-44.0011780006441,-20.25945499957945],[-44.00110800026176,-20.25935799998749],[-44.00101700030696,-20.25922599966187],[-44.00090500067631,-20.25905199977314],[-44.00079900054558,-20.25884299935794],[-44.00063300067255,-20.25861399953524],[-44.00051600065107,-20.25843499965372],[-44.00044229497641,-20.25835578379638]]]}},{"type":"Feature","id":"76-0","properties":{"FID":"0","FID_Macroz":"5","id":"0","Macrozona":"Macrozona de Amortecimento Ambiental","FID_Difere":"-1","FID_1":"0","Shape_Leng":"81336,043486","name":"Macrozona de Amortecimento Ambiental","sourceId":"1D-snwAnIyCZDF4FcUYM5-uS5wsKKIEC6","sourceSha256":"177f60cf86a59d9867f56d738f13eef9041db4e818ac7a0578a1ccca6d51bfc3","sourceDate":"2023","scope":"municipal-cartography-context-not-property-boundary"},"geometry":{"type":"Polygon","coordinates":[[[-44.03628805540485,-20.07449468160756],[-44.03689010904266,-20.07408402335692],[-44.04153526907361,-20.0709154344297],[-44.04324166217722,-20.0692836855821],[-44.04401751514051,-20.06972566523071],[-44.04463222195343,-20.07060536318418],[-44.04459728889599,-20.07156881434467],[-44.04615050809756,-20.07310808158704],[-44.04608068711389,-20.07323083634822],[-44.04689304209444,-20.07377002457439],[-44.04712277892323,-20.07435295266586],[-44.04724390253401,-20.07455323343707],[-44.04750779272069,-20.07463391743129],[-44.04766327794878,-20.07468145656544],[-44.0482243844205,-20.07485301179623],[-44.04851823419768,-20.07479721824969],[-44.04873134805312,-20.07470273845751],[-44.04889414602206,-20.07456017374023],[-44.04895913086359,-20.07430293873708],[-44.05325510322686,-20.07889031919365],[-44.05711027253302,-20.08300668718931],[-44.056252241486,-20.08416394419192],[-44.05610607803206,-20.08401315876627],[-44.05516393092147,-20.08474687741761],[-44.05471304221732,-20.08429207980045],[-44.05398818213622,-20.08498763399145],[-44.05389240679065,-20.08507953646118],[-44.05377361141866,-20.08519352786577],[-44.05364429042089,-20.08515547984261],[-44.05368642521323,-20.08527718848694],[-44.05370198898988,-20.08550908057877],[-44.05378612598879,-20.08558948020187],[-44.05383596994197,-20.08573356654107],[-44.05383299511492,-20.08622905760378],[-44.05390563406603,-20.08638573134772],[-44.05488123885757,-20.08737706812487],[-44.05555250261527,-20.08805914538756],[-44.05593899899996,-20.08845186439067],[-44.05540462618028,-20.08919878834807],[-44.05498460399996,-20.08978587139059],[-44.05458338699995,-20.09050766339061],[-44.05446565746843,-20.09081555999672],[-44.05537529076424,-20.09186137174492],[-44.05646406406382,-20.09293039165798],[-44.05837897166998,-20.09316227110066],[-44.05909079345512,-20.09326456161412],[-44.06010768605601,-20.09341658116947],[-44.06095381370786,-20.09354717326757],[-44.06097967579602,-20.09355116477851],[-44.062857268892,-20.09548106028111],[-44.06245030416386,-20.09569408518902],[-44.06215842079816,-20.09570599551081],[-44.06146586702113,-20.09553600041823],[-44.0607706221017,-20.09569861529722],[-44.06027960592272,-20.09568254130921],[-44.05995283678115,-20.0955799832571],[-44.05962554808053,-20.09555131957788],[-44.05898359623581,-20.09578322933394],[-44.05904625122971,-20.09609441854442],[-44.0594872287823,-20.09620905953699],[-44.05996269378301,-20.0962276734108],[-44.06069213193481,-20.09637591760829],[-44.06121757205912,-20.09657131457983],[-44.06143736214461,-20.09673292441858],[-44.06160676199012,-20.09681404643489],[-44.0619294831643,-20.09681576126926],[-44.06228601991464,-20.09683364629507],[-44.06276082009701,-20.09696453950094],[-44.06342157903261,-20.09725694916732],[-44.06401370811769,-20.09764511333904],[-44.06447041198756,-20.09796850850132],[-44.06502806114039,-20.09845278729903],[-44.06551782484601,-20.09892071527977],[-44.06590520298534,-20.0994844003143],[-44.06615642518009,-20.1000794353173],[-44.06635375843431,-20.10013340141622],[-44.06655789016377,-20.10018922647303],[-44.06702361023054,-20.10033005495006],[-44.06799675881088,-20.09912445851526],[-44.06836916350036,-20.09923483327245],[-44.06854611971922,-20.10003988555199],[-44.06890783622146,-20.10033097356962],[-44.06933384421506,-20.10107410100785],[-44.06976252451052,-20.10136554056259],[-44.07018337074255,-20.10136775881431],[-44.0712767500432,-20.10084945352565],[-44.0718223442479,-20.10078908620223],[-44.07194594964813,-20.1009071786942],[-44.07176050719639,-20.10153867530462],[-44.07182102285959,-20.10263229123772],[-44.07084521358551,-20.10428968589388],[-44.07096711449346,-20.10469694909234],[-44.07114819353971,-20.10480631080484],[-44.07163601060715,-20.10480887849547],[-44.07205787792284,-20.10463945154936],[-44.07327890477166,-20.10475759932669],[-44.07346351226671,-20.10470104348672],[-44.07378564903455,-20.10434878276573],[-44.07469951744539,-20.10495192791894],[-44.07509832328568,-20.10483507170867],[-44.07509407042296,-20.10555897867961],[-44.07522295224994,-20.10641797721481],[-44.07540058646112,-20.10711470903634],[-44.07552356276997,-20.10734120421454],[-44.07576201422314,-20.10745989606319],[-44.07612551135389,-20.10745276618119],[-44.07655623614771,-20.10740081735428],[-44.07685271752678,-20.10740236916125],[-44.07722546631449,-20.1074585236263],[-44.07740687076184,-20.10751367666152],[-44.07740586424932,-20.10768540829588],[-44.07747122479412,-20.10788489853345],[-44.07734442020607,-20.10837176345408],[-44.07697991440126,-20.10855053702511],[-44.0766721120816,-20.10883810529873],[-44.07654680104557,-20.10900909580556],[-44.07636306223617,-20.10935151709742],[-44.07599892431686,-20.10946705225956],[-44.07581550202624,-20.10975527041826],[-44.07569864617452,-20.11009795099947],[-44.07569700102977,-20.11037808744389],[-44.07569599302666,-20.11054972860149],[-44.07581968766759,-20.11066781907948],[-44.07605782556249,-20.1108408035021],[-44.07642095943535,-20.11089690954563],[-44.07666964964681,-20.11089821162197],[-44.07695712351619,-20.1109649824875],[-44.07728009721585,-20.11119049509911],[-44.07727845478836,-20.11147063163384],[-44.07691229846302,-20.11192954121282],[-44.07624002649542,-20.11238684683209],[-44.07623896594747,-20.11256752172137],[-44.07654375451765,-20.11279496845454],[-44.07703119978309,-20.11285181460024],[-44.07733630788791,-20.1130250575437],[-44.07878950203265,-20.11314106256505],[-44.07915441285152,-20.11290808358588],[-44.07970461820607,-20.11205254212333],[-44.08006807332529,-20.11205443828311],[-44.08043806301664,-20.1125713978473],[-44.08067721227025,-20.11257264461473],[-44.08080228423756,-20.11245585412484],[-44.08079704201949,-20.11170582150812],[-44.08097977153518,-20.1115351271496],[-44.0813433044648,-20.11153702104622],[-44.08256459368681,-20.11205840845489],[-44.08365532829057,-20.11200084066515],[-44.08402078222285,-20.11165935527527],[-44.08420526987756,-20.11119948700024],[-44.08402746051036,-20.11051188635499],[-44.08329538050607,-20.10975816745833],[-44.08196121645625,-20.10890184835868],[-44.08110540469634,-20.10803897805247],[-44.08074296110689,-20.10786544294021],[-44.08032510518701,-20.10734823454104],[-44.08099080686351,-20.10637584726035],[-44.08129719923249,-20.1063142048955],[-44.08160129811835,-20.10665917213175],[-44.08190708481127,-20.1067149680749],[-44.08214714715773,-20.10654457054874],[-44.08244702448993,-20.10597680533279],[-44.08300109807883,-20.10608818516236],[-44.08366732832085,-20.10666088207189],[-44.08408850572143,-20.10660886509223],[-44.08476165031604,-20.10597979497614],[-44.08512446141693,-20.10609017579403],[-44.08542888398843,-20.10638084376883],[-44.08615645097954,-20.10626717164673],[-44.08633749058979,-20.10638555200857],[-44.08633549768267,-20.10672892584263],[-44.08609412764975,-20.10712526394725],[-44.08611002178756,-20.10719282428256],[-44.08669558620815,-20.10781462516524],[-44.08687774550386,-20.10763558418468],[-44.08770374786689,-20.10872671921531],[-44.08803359310048,-20.10916243398072],[-44.08833275310057,-20.10941146385111],[-44.08878059310049,-20.10948544381269],[-44.08905491310055,-20.11015747346278],[-44.08912871310049,-20.11080448312595],[-44.08883063310052,-20.11125250289268],[-44.08815887310055,-20.11142746280158],[-44.08793459310056,-20.11175047263342],[-44.08782263310056,-20.11204945247773],[-44.08774775310054,-20.11237345230924],[-44.08787267310057,-20.11336849179081],[-44.0887438731005,-20.11364245164826],[-44.0888929131005,-20.11376746158317],[-44.08963991310049,-20.11371742160929],[-44.09038583310054,-20.11309543193319],[-44.09153063310047,-20.11312045192012],[-44.0924326918584,-20.11340117343988],[-44.09260091310048,-20.11399147146655],[-44.09235179310053,-20.11461346114264],[-44.09202778647197,-20.11495158836503],[-44.09174016936959,-20.11530946181354],[-44.09158067310049,-20.11570849057245],[-44.09160587310048,-20.11643047019636],[-44.09185463310055,-20.11700241989859],[-44.09220275310058,-20.11730148974288],[-44.09275206231681,-20.11760253425765],[-44.0916754805858,-20.11822824181229],[-44.09123665994655,-20.11838288286274],[-44.09085832299947,-20.11852357082261],[-44.09048006786355,-20.11864999455507],[-44.08979922366843,-20.11887470248794],[-44.08938894949736,-20.11931476232241],[-44.08947773688898,-20.11962902459701],[-44.08971678833669,-20.12007243690113],[-44.08989618092917,-20.12038716670872],[-44.0901066831841,-20.12054515499825],[-44.0902561230502,-20.12081693846933],[-44.09043551753025,-20.12113166777647],[-44.09072004117446,-20.12154678577031],[-44.09102016168774,-20.12187640089292],[-44.09125946792689,-20.12227702114095],[-44.0914835920471,-20.12269182666278],[-44.09161818239353,-20.12292074111304],[-44.09197862892912,-20.12326492932786],[-44.09220366184433,-20.12352283677061],[-44.09256287664205,-20.12408097467065],[-44.09289279662431,-20.12448205924044],[-44.09311651679845,-20.12496817980811],[-44.09312972627527,-20.12529631539832],[-44.09318766370918,-20.12572452773156],[-44.09435915235687,-20.1268431273621],[-44.09435147847412,-20.12686448365344],[-44.09429821305255,-20.12693552904091],[-44.09415405191515,-20.12705603067381],[-44.09404017546206,-20.12716242402057],[-44.09397168515679,-20.12725478676416],[-44.09381980839724,-20.12740377606108],[-44.09356985446777,-20.1275379970976],[-44.09344120478263,-20.12758725882885],[-44.0932597000974,-20.12763624858383],[-44.09294195351539,-20.12774159234477],[-44.09278326522514,-20.12776217139524],[-44.09261702619053,-20.12778271143257],[-44.09247331577051,-20.12782476300817],[-44.09232201339984,-20.12787390727184],[-44.09215528011971,-20.12798002713998],[-44.09209442143727,-20.12805816459976],[-44.09205584425838,-20.12820060391865],[-44.0920167316506,-20.12843575517828],[-44.09201416870111,-20.12844521837352],[-44.09199358524604,-20.12852121875363],[-44.09191721291003,-20.12867059522564],[-44.09155325241811,-20.12893260007231],[-44.09141672056349,-20.12903887482994],[-44.09133316756785,-20.12912402690502],[-44.09127226680503,-20.12920929572467],[-44.09124928473939,-20.12926623242872],[-44.09121858699889,-20.1293516569431],[-44.09120303201425,-20.12943002762918],[-44.09117996744524,-20.12950122769301],[-44.09117212810357,-20.12955111056263],[-44.09114906350058,-20.12962231062023],[-44.09111853052735,-20.12967920836519],[-44.0910650977694,-20.12977877940324],[-44.09096619517697,-20.12990664350889],[-44.0908676223159,-20.12997745406948],[-44.09075394773952,-20.130048186666],[-44.09059517440824,-20.13008302700934],[-44.09051970751092,-20.13007550571228],[-44.09045183269203,-20.13006089166477],[-44.0904066928411,-20.1300321311275],[-44.09030118778377,-20.12999592712876],[-44.09017307162065,-20.12995247445367],[-44.08999965069873,-20.1299087877848],[-44.08986361235672,-20.12992948105521],[-44.089757777211,-20.12995033020283],[-44.08974263430941,-20.12995738389465],[-44.08955382283701,-20.12996354057786],[-44.08950096718732,-20.12996326754172],[-44.0893043983645,-20.13000504336132],[-44.08915263853099,-20.13013263327196],[-44.089068959792,-20.13023917923763],[-44.08882671363139,-20.13034490547559],[-44.08867528378558,-20.13041544149848],[-44.08859903138347,-20.13054342130265],[-44.08857608949083,-20.13059322592445],[-44.08842449390152,-20.13069228843555],[-44.08822029036642,-20.13074828730091],[-44.08806869441243,-20.13084734948978],[-44.08789115645254,-20.1310794059493],[-44.08797134038562,-20.13114163063639],[-44.08809163019374,-20.13123259037625],[-44.0881668630978,-20.1312805255757],[-44.08828715312767,-20.13137148518913],[-44.08835746251994,-20.13140037645985],[-44.08852311315292,-20.13148206135595],[-44.08863878303991,-20.13150167791211],[-44.08877973278624,-20.13150240671599],[-44.08893622512658,-20.13142714221937],[-44.08899696273429,-20.13137040103186],[-44.08905269393218,-20.13130887934909],[-44.08910861790957,-20.13121407646995],[-44.08918473253692,-20.13110986872127],[-44.08926092968549,-20.13099139757223],[-44.08929151867297,-20.1309249912849],[-44.08936251652184,-20.1308350207977],[-44.08940298047148,-20.130801947686],[-44.08947892949244,-20.13072626651759],[-44.08964526829027,-20.13068908899133],[-44.08970053102351,-20.13070839281286],[-44.08980120893499,-20.13070891277248],[-44.08995725970403,-20.13070971859629],[-44.09002278290468,-20.13069579311541],[-44.09011859201049,-20.13066776017064],[-44.09027970415748,-20.13066383723913],[-44.09034497974367,-20.13069270173811],[-44.09037994194529,-20.13074042815922],[-44.09043982611533,-20.13083107456989],[-44.09049470395342,-20.13091694052921],[-44.09052939122,-20.13101221148127],[-44.09054859176283,-20.13117396688135],[-44.09050752285723,-20.13131163828448],[-44.09049679491943,-20.13142569326364],[-44.09051131909135,-20.13152561476185],[-44.09057073607425,-20.13169708687807],[-44.09058517780385,-20.13181127173628],[-44.0905846277541,-20.13190636084472],[-44.09056938843366,-20.13193005519397],[-44.09050810104383,-20.13208188603801],[-44.09046227295359,-20.13217198687692],[-44.09042158878741,-20.13224309586182],[-44.09041110827074,-20.13231436072457],[-44.09041050308361,-20.13241895873277],[-44.09043000620298,-20.132528415119],[-44.09045952224807,-20.13264743237298],[-44.09049935381672,-20.13272371148728],[-44.09053395892107,-20.13283324579918],[-44.09054818065058,-20.13298546628708],[-44.09055758846831,-20.13309962515679],[-44.0905620998451,-20.13318998577389],[-44.09060190408655,-20.13327101932228],[-44.0906620643123,-20.13331412112672],[-44.09074227799854,-20.13337159016906],[-44.09082741573832,-20.13344810296702],[-44.09090248558643,-20.13352456378952],[-44.09100781443144,-20.13359167146863],[-44.09107309135558,-20.13362053574054],[-44.09116846230468,-20.13366857357933],[-44.09129400979402,-20.13372152157215],[-44.0914094069377,-20.13378868093638],[-44.09146912792922,-20.13390785376697],[-44.09152876657675,-20.13404128994574],[-44.0915532222111,-20.13416503554336],[-44.09155176593887,-20.13441702167909],[-44.09155110648756,-20.1345311286061],[-44.09153460305374,-20.1347735279655],[-44.09151334030757,-20.13496835681229],[-44.09148280634127,-20.13502525455135],[-44.09144176457375,-20.13515817165083],[-44.09139599100095,-20.13523876377827],[-44.0913453207575,-20.13529555766033],[-44.09126967265377,-20.135318940545],[-44.09119405201798,-20.13533756894193],[-44.09107285001966,-20.13540350815963],[-44.09098154976562,-20.13552190209818],[-44.09094584395586,-20.13560254602962],[-44.09091525465897,-20.13566895256125],[-44.09090991812111,-20.13572122558195],[-44.09091426472039,-20.13584011289656],[-44.09094314919946,-20.1360684824976],[-44.09094254424373,-20.13617308047674],[-44.09093687771022,-20.13628240693727],[-44.09090623326597,-20.13635832236387],[-44.09084040523061,-20.13642454706278],[-44.09077983124934,-20.1364527620847],[-44.09067887456706,-20.13649978707291],[-44.0906183555464,-20.13651849313091],[-44.09045690722697,-20.13657946957074],[-44.09038092819242,-20.13665990547261],[-44.09038048793886,-20.1367359767133],[-44.09039003331984,-20.13682636328559],[-44.09042967322254,-20.13693592358694],[-44.09051954412423,-20.13706476153594],[-44.09062460001162,-20.13717941402884],[-44.0907295735328,-20.13730832982159],[-44.09081925236082,-20.13747044879895],[-44.09083864622814,-20.13759892292391],[-44.09084249770184,-20.13780339036168],[-44.09074995800835,-20.13813573444275],[-44.09075966869273,-20.138197594279],[-44.09077441352249,-20.1382594800927],[-44.09081936320783,-20.13832152176892],[-44.09093525845544,-20.13830310138894],[-44.09101602469516,-20.13826548132664],[-44.09108669512417,-20.13823256374047],[-44.09121813257934,-20.13813814983167],[-44.09128894036333,-20.13808145989513],[-44.09147060894416,-20.13800632322301],[-44.09157109920651,-20.13804012352534],[-44.09162122069311,-20.13807841869609],[-44.09166135637101,-20.1381023985881],[-44.09182228384943,-20.13813175571759],[-44.09187262521163,-20.13813201519011],[-44.09204397812246,-20.13809961611123],[-44.09209946347672,-20.13808088364383],[-44.09215486642574,-20.13807641452084],[-44.09235144481605,-20.13803463591934],[-44.09244227886946,-20.13799706704875],[-44.09253814701275,-20.1379595240569],[-44.09264405592408,-20.13792678731455],[-44.09286101752086,-20.13784232173062],[-44.09300224750027,-20.13779550282248],[-44.09319403811607,-20.13771090724231],[-44.09328990591987,-20.13767336382651],[-44.09354697528902,-20.13761763134424],[-44.09368804038024,-20.13759933860799],[-44.09380390742315,-20.13758567076247],[-44.0939195825783,-20.13760528403717],[-44.09406529806916,-20.13765357928056],[-44.09422559541066,-20.1377922867277],[-44.09432556563174,-20.13791642016225],[-44.09440518029242,-20.13807848570635],[-44.09443513856355,-20.13812143106273],[-44.09455480745714,-20.13832173918479],[-44.09460971742801,-20.13840284952059],[-44.09464968933634,-20.13845535549508],[-44.09473915380332,-20.13865550829508],[-44.09477824946789,-20.13886015687421],[-44.09482232462344,-20.13907434022164],[-44.09488713902962,-20.13918402894923],[-44.09493143346391,-20.13936017661393],[-44.0949104752587,-20.13950270688182],[-44.09487890094804,-20.13974027455622],[-44.09488792873512,-20.13992099563997],[-44.09488218253951,-20.14004458565203],[-44.09486614883675,-20.14020615958785],[-44.09462726751634,-20.14059956370305],[-44.09455654189105,-20.14064199160039],[-44.09439503583749,-20.1407124804283],[-44.09422351600638,-20.14077340842618],[-44.09404696182256,-20.14083431036389],[-44.09398137982172,-20.14085774608651],[-44.09391552365077,-20.14092872633341],[-44.09388485220387,-20.14100939671403],[-44.09388402971335,-20.14115203035839],[-44.09388315238232,-20.14130417290982],[-44.09388733670561,-20.14145158689708],[-44.09388183637068,-20.14153238673194],[-44.09386126069445,-20.14160835442985],[-44.09387551350324,-20.14175582019995],[-44.09393047907021,-20.14182742184001],[-44.09400577362327,-20.14186584584459],[-44.09413067074085,-20.14203289896754],[-44.09416508831083,-20.14217571381065],[-44.09414888910013,-20.14236581433279],[-44.09414812161002,-20.14249893905688],[-44.09418275855673,-20.14260371825866],[-44.09443890414457,-20.14270963626235],[-44.0945844874915,-20.14278170351077],[-44.09458952178051,-20.14278172938547],[-44.09474005737953,-20.14286808574949],[-44.09488586012927,-20.14290211711754],[-44.09497636786539,-20.14292160050876],[-44.09512712287462,-20.14296992091072],[-44.09530326847939,-20.1429803348162],[-44.09543405069834,-20.14300002480715],[-44.0955648876909,-20.14301020579024],[-44.09571561562279,-20.14306328015438],[-44.0958203509265,-20.14323498324624],[-44.09582979023985,-20.14334438741821],[-44.09582913357752,-20.14345849436523],[-44.09579326406064,-20.14356766596987],[-44.09577263426412,-20.14365314281082],[-44.09577173128014,-20.14381003985458],[-44.09581646559099,-20.14391011600074],[-44.09587586517947,-20.14408634094874],[-44.09589575627027,-20.14412923440793],[-44.09595055941821,-20.14422936220085],[-44.09597975320641,-20.14440543208897],[-44.09596393885853,-20.14452897042656],[-44.09589299287037,-20.14460943443243],[-44.09579673823055,-20.14471354147257],[-44.09577660082027,-20.14471343810143],[-44.09548967011072,-20.14470721035769],[-44.09517217735991,-20.14476263489708],[-44.09499611194042,-20.14473795742327],[-44.09496087147487,-20.14473777636191],[-44.09479851207358,-20.14495565344648],[-44.09481309466371,-20.14504606568433],[-44.09487771960106,-20.14518903561377],[-44.09493252242714,-20.14528916370086],[-44.09498727054234,-20.14539880068034],[-44.09509706824399,-20.14556577559923],[-44.09514207641998,-20.14561830735967],[-44.09523209286148,-20.14572337084858],[-44.09523707248105,-20.14573290561656],[-44.095297156529,-20.14579026937291],[-44.09533691141134,-20.14588081086215],[-44.09535122058397,-20.14601876760224],[-44.09535105630824,-20.1460472943267],[-44.09524418394882,-20.14624643836342],[-44.09519337440456,-20.14632700546797],[-44.09508699462699,-20.14644056922508],[-44.09504127412517,-20.14651165323659],[-44.09504086328366,-20.14658297003743],[-44.0950854061164,-20.14671632752417],[-44.09519071807123,-20.14678818746556],[-44.09526601528131,-20.14682661101316],[-44.09545661141891,-20.14695120939667],[-44.09550632600894,-20.14706082037548],[-44.09556107509665,-20.14717045719388],[-44.09563620834888,-20.14723740731488],[-44.09572152001611,-20.14728539128616],[-44.09574165775574,-20.14728549467622],[-44.0959332672869,-20.14723417777095],[-44.09598864605636,-20.14723446202079],[-44.09607945737601,-20.14720164593859],[-44.09612520499133,-20.14712580719821],[-44.09613573892285,-20.14704503314286],[-44.09614121105979,-20.14696898770503],[-44.09616189588269,-20.14687400195227],[-44.09623812341223,-20.14675077363135],[-44.09654555108407,-20.14669529567561],[-44.09669636488483,-20.14673410596047],[-44.09676616330629,-20.14685332880425],[-44.0968260843303,-20.14693921880281],[-44.09688606008731,-20.14701559987152],[-44.09689539092265,-20.14714402179928],[-44.09687971359726,-20.1472437879211],[-44.09684392583203,-20.1473386963223],[-44.09675760223852,-20.14746662772324],[-44.09672725888694,-20.14749024508571],[-44.09654514389621,-20.14764145805175],[-44.09639337202071,-20.14776905351887],[-44.09629722508791,-20.14785414291678],[-44.0961354933253,-20.14796266866198],[-44.09612019844162,-20.14799587232922],[-44.09610424692278,-20.14814318288979],[-44.09618427854267,-20.1482339309042],[-44.09629451706824,-20.14832483388362],[-44.09637465829712,-20.14839656400092],[-44.09647463665665,-20.14852069639247],[-44.09657967699806,-20.14864010010234],[-44.09670956180862,-20.14881668631515],[-44.0967692100974,-20.14895012088541],[-44.09681898087089,-20.14905022261973],[-44.09686886105744,-20.14913130652371],[-44.09700462843982,-20.149160530265],[-44.09716562302464,-20.14918037404001],[-44.09745275332443,-20.1491533181797],[-44.09753349650488,-20.14912044978407],[-44.09756906577883,-20.14906357690423],[-44.09762994406341,-20.14898306071709],[-44.09766061534806,-20.14890238974226],[-44.09762616604518,-20.14876432996704],[-44.09758668231742,-20.14862624438923],[-44.09754200027858,-20.14851665973967],[-44.09747220056999,-20.1483974371747],[-44.09738716095259,-20.14830190945871],[-44.09730693731787,-20.14824444315197],[-44.09721672678877,-20.14817266183238],[-44.09718203207058,-20.14807739207865],[-44.09720249783474,-20.14802044184052],[-44.09738885484067,-20.14800713321077],[-44.09743413766489,-20.14801211986997],[-44.09753460834859,-20.148050671483],[-44.09773100699078,-20.14804216854112],[-44.09804804160546,-20.14806756538972],[-44.0981386619443,-20.14806802944715],[-44.09835957792993,-20.14817376166543],[-44.09845988523451,-20.14824083950428],[-44.09852470574526,-20.14835052702292],[-44.09850916573162,-20.14842652102665],[-44.09848870037553,-20.14848347143015],[-44.09836760001,-20.1485303974716],[-44.0982669650315,-20.14852037305581],[-44.09819670071457,-20.14848197651796],[-44.09811111461203,-20.14848153826232],[-44.09804563911614,-20.14848595755392],[-44.09800495376401,-20.14855706812993],[-44.09800435310282,-20.14866166616582],[-44.09802364465783,-20.14880915744177],[-44.09802337163243,-20.14885670200257],[-44.09807774086712,-20.14903290049253],[-44.09815235741244,-20.14919018426658],[-44.09818727133012,-20.1492474182007],[-44.09832265698235,-20.14934320332534],[-44.09837803653193,-20.14934348685235],[-44.09851908452724,-20.14932994510952],[-44.09858973130505,-20.14930177914083],[-44.09866037805853,-20.14927361314275],[-44.09876098627151,-20.1492883918091],[-44.09887617974551,-20.14939358238108],[-44.09890614129663,-20.1494365270521],[-44.09895585904825,-20.14954613714884],[-44.09902557856118,-20.14967962254376],[-44.0990452802596,-20.1497557968789],[-44.09907004376913,-20.14982724251027],[-44.09912003445857,-20.14988930799568],[-44.09914019982124,-20.14988465655293],[-44.09930680259127,-20.14980468055967],[-44.09935214054092,-20.14980015783219],[-44.09949898667536,-20.14965351625419],[-44.09951931554877,-20.14962033802066],[-44.0995749677814,-20.1495730765981],[-44.09970641018952,-20.14947865664307],[-44.09976701507368,-20.14944568426555],[-44.09984797595337,-20.14937477913168],[-44.09996894036008,-20.1493516243764],[-44.10001871332811,-20.14945172528467],[-44.10011404214264,-20.14950926758527],[-44.1002295907959,-20.14955264934894],[-44.10030989790829,-20.14959585100617],[-44.10034513951573,-20.14959603103899],[-44.1004306445858,-20.14961073160865],[-44.10047622752394,-20.14956341845835],[-44.10050700640715,-20.14946372910547],[-44.10052251835799,-20.14939248936034],[-44.10052303568333,-20.14930215463777],[-44.10052358023327,-20.14920706545515],[-44.10051884523293,-20.14915474069136],[-44.10048425720582,-20.14904045367712],[-44.10046958937274,-20.14896430518789],[-44.1004598743585,-20.14890244578943],[-44.10043546431956,-20.14876919235713],[-44.10044088001789,-20.14870265564168],[-44.10048210888703,-20.14853645527454],[-44.10051277863089,-20.14845578373959],[-44.10053327048497,-20.1483940786129],[-44.10055876957213,-20.14833715365335],[-44.10062454442859,-20.14828043436467],[-44.10067992363865,-20.14828071715364],[-44.10073530284965,-20.14828099992518],[-44.10082088890484,-20.14828143690153],[-44.10088647314154,-20.14825799873117],[-44.10096721520245,-20.14822512871279],[-44.10114350335937,-20.14821176470875],[-44.10125431615551,-20.14820282101978],[-44.101470798458,-20.14820392559047],[-44.10159666026842,-20.14820456766044],[-44.101717487611,-20.14820518396302],[-44.10186879364755,-20.14815840961002],[-44.1020098403928,-20.14814486501724],[-44.10233697235148,-20.14816555105437],[-44.10241738806619,-20.14818973390359],[-44.10243728144665,-20.14823262669234],[-44.10246191047197,-20.14832784421942],[-44.10247663356616,-20.14839448365841],[-44.10250637861867,-20.14847546344916],[-44.10252619055931,-20.1485326196152],[-44.10256589597581,-20.14863266855473],[-44.10258565362728,-20.14869933363892],[-44.10261036429548,-20.14878028776016],[-44.10264538844147,-20.14881850302296],[-44.10272545145605,-20.14890449375292],[-44.10278072228343,-20.14892379373876],[-44.10283098578434,-20.14893831359886],[-44.10289635278993,-20.1489529103799],[-44.10293159427822,-20.1489530898897],[-44.10302232385541,-20.14893453360373],[-44.10305258514379,-20.14892517852273],[-44.10318372640279,-20.14888305495572],[-44.10330950738872,-20.14889795921128],[-44.10342494801476,-20.14896035674991],[-44.10350525577248,-20.14900355697468],[-44.10359563257995,-20.14904680841436],[-44.10374136185093,-20.14909509610999],[-44.10383666477755,-20.14915739090479],[-44.10391662013322,-20.14926239897554],[-44.10397134878235,-20.14937678786903],[-44.1040259961429,-20.14950544013784],[-44.10405598628074,-20.14954362952298],[-44.10410592467654,-20.14961520259369],[-44.10417616391663,-20.14965835130677],[-44.10427165716096,-20.14968736463535],[-44.10436717755438,-20.14971162344948],[-44.10443270770492,-20.14969769289269],[-44.10450340790698,-20.14966001559028],[-44.10455394288166,-20.14962699033062],[-44.10463476627338,-20.14957985524027],[-44.10473570059479,-20.1495375769479],[-44.10491204426005,-20.14951470028757],[-44.10504797627824,-20.14951539110648],[-44.10524410585661,-20.14955442449203],[-44.10535426951732,-20.14965958541722],[-44.10535386328846,-20.14973090239526],[-44.1053938686937,-20.14977865164657],[-44.10553965340349,-20.14981742896609],[-44.10567585643035,-20.14977057465486],[-44.10589272007587,-20.14970511135065],[-44.10609418232237,-20.14969187023809],[-44.10613957423465,-20.14967783682185],[-44.10621511918149,-20.14967346563337],[-44.10637646747487,-20.14963149298541],[-44.10648738930849,-20.14960352816469],[-44.10656298830654,-20.14958964789158],[-44.10682989918826,-20.1495767379465],[-44.10692049358214,-20.14958195198598],[-44.1070411870071,-20.14960633701378],[-44.10716702310656,-20.1496117296134],[-44.10728785171614,-20.14961234213566],[-44.10736339662034,-20.14960797045214],[-44.10747924474279,-20.14959904838904],[-44.10763542308256,-20.14958082139797],[-44.10775137921372,-20.14955288128099],[-44.10784722421899,-20.14952008460285],[-44.10807412876636,-20.14945942403909],[-44.1082353144469,-20.14944597647417],[-44.10833600487769,-20.14944648630041],[-44.10856255835827,-20.149447633199],[-44.10871846666444,-20.14947694993343],[-44.10883907941237,-20.14951559714618],[-44.10903012164558,-20.14956410981486],[-44.1092763011472,-20.14965569261725],[-44.10932629594199,-20.14971775535734],[-44.10937036654303,-20.1499366901448],[-44.10934422323149,-20.15010772376621],[-44.10928851968418,-20.1501644973181],[-44.10911190604745,-20.15023492305424],[-44.10902615690389,-20.15026301688454],[-44.10892516920911,-20.15031480659792],[-44.10886941148625,-20.1503810889462],[-44.10889412565894,-20.15046204230323],[-44.10894403961787,-20.15053836855848],[-44.10903420313247,-20.15061965304549],[-44.10914959349219,-20.15069155589237],[-44.10925483393297,-20.15077767114604],[-44.10931484426524,-20.15084929376451],[-44.10934911558057,-20.15102063291629],[-44.10931309160748,-20.1511583342914],[-44.10926721412827,-20.15125794896842],[-44.10920631373966,-20.15134322382096],[-44.10893864456591,-20.15148926238965],[-44.10884304135462,-20.15147926939892],[-44.10874245753453,-20.1514597419388],[-44.10863673121539,-20.15145920681261],[-44.10851582017416,-20.15147285856719],[-44.10847002306865,-20.15155820960566],[-44.10849438632597,-20.15170097109415],[-44.10855434265925,-20.15178210290111],[-44.10863920219427,-20.15191090679457],[-44.10873437392323,-20.15199697139899],[-44.10881971936735,-20.15204019478098],[-44.10891505314068,-20.15209773248209],[-44.10898529486517,-20.15214087935688],[-44.10909029339646,-20.15226978494619],[-44.10915033116358,-20.15233665315878],[-44.10926060728741,-20.1524227939049],[-44.10935569877488,-20.1525231215997],[-44.1094307866973,-20.15259957505346],[-44.10947561300928,-20.15268538465061],[-44.10948530480555,-20.15275199813793],[-44.10947450758057,-20.15288031787524],[-44.10943899551861,-20.15292768432919],[-44.10926684708384,-20.15309797938536],[-44.10917075738399,-20.15317356696645],[-44.10900913628473,-20.15326308672933],[-44.10889277287309,-20.15336234458556],[-44.10885201002426,-20.15344772117095],[-44.10879573841909,-20.15360433831388],[-44.1088102487583,-20.15370901304485],[-44.10882992868967,-20.15378994091768],[-44.10892558726007,-20.1537904250308],[-44.10909178504901,-20.15378175679966],[-44.10921765159203,-20.1537823935924],[-44.10932854899165,-20.15375918155475],[-44.10944946175488,-20.15374552930938],[-44.10955026281865,-20.15372702067145],[-44.10954576737509,-20.15363190584102],[-44.10953618335831,-20.15354627448636],[-44.10952159165936,-20.15345586320138],[-44.10952215784381,-20.15335601936041],[-44.10953790884233,-20.15324198849311],[-44.10958868663371,-20.15316617158591],[-44.10960893303674,-20.15314725554353],[-44.10979594251083,-20.15301982672245],[-44.10995702398864,-20.15302539559674],[-44.11008781681994,-20.15304507507062],[-44.11019346342756,-20.15305987277492],[-44.11042476060846,-20.15311334208463],[-44.11051013407724,-20.15315181021228],[-44.11061534996261,-20.15324267918951],[-44.11068553883037,-20.15329533435779],[-44.11078090099575,-20.15334811662481],[-44.11087637090726,-20.15338188096077],[-44.11104224525149,-20.15343026451441],[-44.11113784983593,-20.15344025635892],[-44.1112789008605,-20.15342670449861],[-44.11140490171483,-20.15340356736214],[-44.11154113323978,-20.15335195411278],[-44.11163700679027,-20.15331440097188],[-44.1117177763496,-20.15327677158415],[-44.11179353811562,-20.1532343622905],[-44.11193989244423,-20.15317329056838],[-44.1120307311527,-20.15313571181328],[-44.1121668547337,-20.15310311595048],[-44.11233310549508,-20.15308493567992],[-44.11244895604707,-20.15307601043667],[-44.11257492961249,-20.15305762691757],[-44.11267072216096,-20.15303433661514],[-44.11279171475453,-20.15300641862218],[-44.11281694168544,-20.15299703650816],[-44.1128875341029,-20.1529783737261],[-44.11299334213343,-20.15296464291873],[-44.11314928174757,-20.15298920140762],[-44.1132343873909,-20.15307521297337],[-44.11329445412261,-20.15313732537127],[-44.11332439354624,-20.15318502222083],[-44.11335920656898,-20.15326127125867],[-44.11338903865896,-20.15332798599286],[-44.11343424316547,-20.15334723203283],[-44.11346935153325,-20.15337118183988],[-44.1135145560627,-20.15339042785996],[-44.11355456491322,-20.15343817536637],[-44.11356433899924,-20.15349052526908],[-44.11360906049773,-20.15359535179512],[-44.11362386927316,-20.15364772703876],[-44.11365364787093,-20.15372395067983],[-44.11370876084866,-20.15377177418276],[-44.11379418920525,-20.153800731811],[-44.11390481777269,-20.15382506160643],[-44.11401041170661,-20.15384936600068],[-44.1141059095098,-20.1538783741468],[-44.11420146099064,-20.15389787329356],[-44.11433228202547,-20.15391279518517],[-44.11439781321796,-20.15389886095895],[-44.11447852885205,-20.15387073924307],[-44.11456939422763,-20.15382840469852],[-44.1146451823542,-20.15378123968643],[-44.11472597829972,-20.15373885442734],[-44.1147664432636,-20.15370577559513],[-44.11484225807424,-20.15365385601773],[-44.1149331500293,-20.15360676680054],[-44.11509468796469,-20.15353150491644],[-44.1152006033904,-20.15349875488664],[-44.11539719622246,-20.15345695113372],[-44.11554815568475,-20.15347197328339],[-44.11564874179374,-20.15349149693151],[-44.11574426649508,-20.15351574971674],[-44.11584983378437,-20.15354480748818],[-44.11600092721653,-20.15353605686984],[-44.11608662354241,-20.15351746862744],[-44.1161823891742,-20.15349893088371],[-44.11631342417384,-20.15347581547991],[-44.11645942936625,-20.15347654815287],[-44.11661542364983,-20.15349159465437],[-44.11684190325612,-20.15350699455525],[-44.11704813732821,-20.15354131109776],[-44.11715319703064,-20.15366070318581],[-44.11722320128238,-20.15374663718327],[-44.11732336020568,-20.15384223154378],[-44.11741915264208,-20.15381893865137],[-44.11753420201109,-20.15395264443275],[-44.11755420713178,-20.15397651775438],[-44.11748206490723,-20.15427094216256],[-44.1173657058423,-20.15437020578089],[-44.11717347870518,-20.15453089889574],[-44.11710754645149,-20.15461615132018],[-44.11706177966802,-20.15469675022687],[-44.11706625294153,-20.1547966195039],[-44.11709110565838,-20.15485379946725],[-44.11711601185944,-20.15490147047219],[-44.11715591527622,-20.15496823511812],[-44.11720586142108,-20.15503980471982],[-44.1172307409546,-20.15509223018758],[-44.11723017961848,-20.15519207421786],[-44.1171795918518,-20.15523461208328],[-44.11709354713688,-20.15531500902981],[-44.1170176787306,-20.1553764385193],[-44.11695648661676,-20.15551401535962],[-44.11698613348037,-20.15561401088032],[-44.11703591931696,-20.15571410739227],[-44.11711074522917,-20.1558381025121],[-44.11719065946474,-20.15595261389318],[-44.11725059521658,-20.15603849740709],[-44.11731053103293,-20.15612438090221],[-44.11739548030677,-20.15623891743895],[-44.11748042970277,-20.15635345393786],[-44.11762547569017,-20.15652534693102],[-44.1177000886922,-20.15668737764019],[-44.11776468573197,-20.15683984890759],[-44.11786439275889,-20.15701626912985],[-44.1180045385279,-20.15716436422214],[-44.11805459255978,-20.15721691569576],[-44.11818999764525,-20.15731268617462],[-44.11825041509304,-20.15731298877557],[-44.11830595795949,-20.15728473927447],[-44.11834663674501,-20.15721362381499],[-44.11836206148567,-20.15715664571756],[-44.11835265939911,-20.15703773334177],[-44.11830801389929,-20.15691864447161],[-44.11830367333166,-20.15679500282754],[-44.11832394591273,-20.15677133129057],[-44.11854579611756,-20.15671538678754],[-44.1189099603132,-20.1567494205326],[-44.11913708805751,-20.15677064685504],[-44.11917234479284,-20.15676844594105],[-44.11927069619224,-20.15673803298066],[-44.11934384703977,-20.15671224852559],[-44.1194472598084,-20.15667710616794],[-44.11953805895137,-20.15664665528226],[-44.11965156783012,-20.1566068086773],[-44.11972474521647,-20.15657626957895],[-44.11982313638052,-20.15653872458044],[-44.11988874823265,-20.15651052489629],[-44.12003246550849,-20.15647082904374],[-44.12015331313921,-20.156469055696],[-44.12028925173988,-20.15646973497599],[-44.12040756867465,-20.15647032611574],[-44.1205383926261,-20.15648524349356],[-44.12060604237919,-20.15654263677295],[-44.12063076350879,-20.15662358868988],[-44.12056215497618,-20.15673735673822],[-44.12050128494104,-20.15681788111489],[-44.12044562275004,-20.15686752649482],[-44.12029645749941,-20.15698089196569],[-44.12025324893145,-20.15705437257393],[-44.12022221432191,-20.15720161051398],[-44.12025178363661,-20.15731586899642],[-44.12029400657786,-20.15741830416762],[-44.12032870401646,-20.15751594711435],[-44.12038115648772,-20.15758990569754],[-44.12047649804594,-20.15764743738747],[-44.12060484552913,-20.15765521045353],[-44.12071826170697,-20.15763200386502],[-44.12087464671001,-20.15757810678111],[-44.1210159804552,-20.15751462518099],[-44.12131633591677,-20.15737586337204],[-44.12174189568407,-20.15735659102832],[-44.12192306848075,-20.15737175856177],[-44.12208118594263,-20.15745813017195],[-44.12211135484731,-20.15746541253239],[-44.12227690509843,-20.15757321680417],[-44.12232213857039,-20.15758770615635],[-44.12249544061694,-20.15765988925862],[-44.12263094192213,-20.15773901574099],[-44.12300867198157,-20.15771950199426],[-44.12310673121424,-20.15774138620972],[-44.12319731792375,-20.15774896930763],[-44.12336314801302,-20.15780685051113],[-44.12343099849174,-20.15782858412526],[-44.12355914728973,-20.15787201367999],[-44.12361197300976,-20.15787940857836],[-44.12364218188664,-20.15787955895519],[-44.12377072883348,-20.15785167109174],[-44.12383122618235,-20.15783770833152],[-44.1238689872707,-20.15783789625436],[-44.12402762363897,-20.1578315537146],[-44.12412576268282,-20.15783917391505],[-44.12434433946028,-20.15791871239542],[-44.12449526460055,-20.1579408587854],[-44.12468391115243,-20.15797032452513],[-44.12485741357311,-20.15800684671138],[-44.1250535727712,-20.15804348133084],[-44.12516669725817,-20.15807257121143],[-44.12541540442029,-20.15816652196277],[-44.12548317591515,-20.15820251826092],[-44.12571681871766,-20.15828926183824],[-44.12589791372432,-20.15831868879432],[-44.12601119740044,-20.15831925122169],[-44.12618525630392,-20.15825592788905],[-44.12622333506565,-20.15819906146114],[-44.12629925436536,-20.15812811896512],[-44.12636002944282,-20.15806423321089],[-44.12639822714895,-20.1579859715447],[-44.12642887258944,-20.15790767239422],[-44.12645204514016,-20.15781507229985],[-44.12646758608106,-20.15773669819266],[-44.12650586300714,-20.15764417303092],[-44.12657446775233,-20.15753040253234],[-44.1267034900208,-20.15741693170374],[-44.12673369883372,-20.15741708154686],[-44.12677897238699,-20.15742443803475],[-44.12692202799801,-20.15750359874687],[-44.12704986036861,-20.1576040796542],[-44.12715511555042,-20.15769018468051],[-44.12720770353704,-20.15774036890487],[-44.1272526600431,-20.15780477914309],[-44.12726764555318,-20.15782624922015],[-44.12734953076444,-20.1580406130258],[-44.12734889648935,-20.15815472076108],[-44.12734810363935,-20.15829735542805],[-44.12737004682767,-20.15842583893171],[-44.12745260631479,-20.15851896322658],[-44.1275425596234,-20.15864065184667],[-44.12757197601118,-20.1587834362222],[-44.12754141021367,-20.15884747211237],[-44.12738977011225,-20.1589536994803],[-44.12735924384938,-20.15901060360089],[-44.12734366355333,-20.15909610952003],[-44.1273583716841,-20.15916750171963],[-44.12736517073909,-20.15930304207468],[-44.12734136413906,-20.1595097500031],[-44.12731747817097,-20.15973072138536],[-44.1273169627569,-20.15982343390182],[-44.12732427719477,-20.15986626173301],[-44.12743732417871,-20.15990961367689],[-44.12745246846929,-20.15990255681281],[-44.12764898743592,-20.15987500304964],[-44.12784522897832,-20.15989737119518],[-44.12788986936048,-20.16001883515116],[-44.12790477591655,-20.16005456864555],[-44.12792679899023,-20.16016878861467],[-44.12800872582094,-20.16037602040294],[-44.12812869193436,-20.1605335170593],[-44.12822592197818,-20.16070516490172],[-44.12822512981602,-20.16084779956087],[-44.12821646839667,-20.16104745067688],[-44.12829159614898,-20.16111914201877],[-44.12836704078999,-20.16113377946724],[-44.12842018468776,-20.16108411910455],[-44.1284430398313,-20.1610485726203],[-44.12848088093272,-20.16103449611608],[-44.12855660270958,-20.16099921134902],[-44.12859456256501,-20.16096373961895],[-44.12864790427975,-20.16087842051353],[-44.12869361439181,-20.16080732747474],[-44.12871658818929,-20.16075038574842],[-44.12877768003929,-20.16062944530667],[-44.12883106111573,-20.16053699440038],[-44.1288999030245,-20.16038043260966],[-44.12902892611067,-20.16026696013725],[-44.12921785342641,-20.16024649899859],[-44.12939108270246,-20.16033293898738],[-44.12947360483351,-20.16043319413136],[-44.12953335134783,-20.16055473241106],[-44.12959353295399,-20.16059782157985],[-44.12983512947878,-20.16061327986552],[-44.1299715068325,-20.1605355027019],[-44.12999515208777,-20.16035732126609],[-44.12999578451471,-20.16024321347873],[-44.12998910175641,-20.16008627794364],[-44.13004264003195,-20.15996529968296],[-44.13009586205212,-20.15990137529925],[-44.13014896547231,-20.15985884610951],[-44.1302248443866,-20.15979503363521],[-44.13030835458376,-20.15971699496099],[-44.13038443090315,-20.15961752372212],[-44.13040744341073,-20.15955345000034],[-44.13041539078367,-20.15948216992513],[-44.13040854958264,-20.1593537613314],[-44.13040930019172,-20.15921825830341],[-44.13041748457064,-20.15910418779401],[-44.13046339086368,-20.15899743553973],[-44.1305619260766,-20.15893373480096],[-44.13064500120093,-20.1589341450661],[-44.13075029879516,-20.15901311629641],[-44.13077256077258,-20.15908454555894],[-44.13077181048245,-20.15922004860206],[-44.13075635047731,-20.15928415967221],[-44.13077817810979,-20.15943403806154],[-44.13082282067548,-20.15955550135887],[-44.13083689864103,-20.15974100114496],[-44.13085931869333,-20.15978390344094],[-44.13097209031975,-20.15987717532116],[-44.13098719498009,-20.15987724988587],[-44.13107058642819,-20.15982060605577],[-44.13119138420098,-20.15982833420743],[-44.13122147510406,-20.15984987851582],[-44.13128897246424,-20.1599357948241],[-44.13135658829013,-20.1600003158898],[-44.13148450451713,-20.16008653024885],[-44.13154468651231,-20.16012961876591],[-44.13164994590726,-20.16021572123354],[-44.13175528431179,-20.16028756016153],[-44.13180028286313,-20.16034483757557],[-44.1318068885459,-20.1605160365844],[-44.13179127102741,-20.16060867470651],[-44.13178285084212,-20.16076553573287],[-44.13181254755256,-20.16085839734484],[-44.13191800477673,-20.16090884096939],[-44.13201689558845,-20.16078095379126],[-44.13207802438836,-20.16065288037078],[-44.13217671776301,-20.16056065179155],[-44.13228308165222,-20.1604470651567],[-44.13232851407667,-20.16042589329252],[-44.13240443184466,-20.16035494811893],[-44.1324272859942,-20.16031940107724],[-44.13248837485661,-20.16019845923019],[-44.13254187186843,-20.16008461188304],[-44.13264064342184,-20.15997811953074],[-44.13281489877793,-20.15987913091164],[-44.13299646991261,-20.1598229697635],[-44.13322327614227,-20.15978129503075],[-44.1335253693579,-20.15978278220938],[-44.13392517074454,-20.15987033285727],[-44.13402303636776,-20.15992786981512],[-44.1341356133675,-20.16005679846359],[-44.1341875750587,-20.16022108861678],[-44.13420979943171,-20.1602996492434],[-44.13423174848435,-20.16042813207994],[-44.13427639400979,-20.16054959459643],[-44.1343137625446,-20.16062109774961],[-44.1344114714684,-20.16070716148799],[-44.13453195560847,-20.16077194133672],[-44.13466011018168,-20.16081536299715],[-44.1348560397596,-20.16089477736713],[-44.13496885393982,-20.16098091504599],[-44.13511943022326,-20.16106723819463],[-44.13518724461547,-20.16109609912694],[-44.13528507218783,-20.16116076716619],[-44.13537550457497,-20.1611968710729],[-44.1354885942185,-20.16123308620991],[-44.13565462930532,-20.16125529738056],[-44.13570283411239,-20.16125553407183],[-44.1354410385475,-20.16144169088456],[-44.13522866143995,-20.16195206202453],[-44.13490703940744,-20.16215474342142],[-44.13461526649263,-20.162483042019],[-44.13432032051383,-20.16339872011566],[-44.13439332159343,-20.16421231466645],[-44.13452630161468,-20.16490786225003],[-44.13442061918821,-20.16550005105766],[-44.13400058538445,-20.16601933808001],[-44.13327765771521,-20.16662024404039],[-44.13288149462335,-20.16685157686805],[-44.13214813488018,-20.16738905805164],[-44.13174533282518,-20.16824366835674],[-44.13125848538267,-20.16923543143307],[-44.1310061075319,-20.16970198337305],[-44.13055808008169,-20.17025734715331],[-44.13016087517197,-20.17093119322631],[-44.1298967410297,-20.171313029577],[-44.1293943362625,-20.1718400290818],[-44.12900691291711,-20.17232061054386],[-44.12753149394504,-20.17266195336899],[-44.12658196807535,-20.17265724236539],[-44.12630211564595,-20.17276133574785],[-44.12568506488963,-20.17323293507101],[-44.1252361739739,-20.17359989449714],[-44.12422843220298,-20.17401680409952],[-44.12383744378982,-20.17401485741006],[-44.12318396052741,-20.1740805351913],[-44.12283452413901,-20.1744070430761],[-44.12238361096492,-20.17491474284527],[-44.12209858512983,-20.17523566108103],[-44.12190614428479,-20.1754523344158],[-44.12198499379675,-20.17620339629145],[-44.12181101780281,-20.1768000230682],[-44.12169457943697,-20.17764329593247],[-44.12124330236462,-20.17843215394742],[-44.12051569268804,-20.17869222504379],[-44.11995712214395,-20.17868943139],[-44.11930244588838,-20.17867076703772],[-44.11915216935509,-20.17868307114481],[-44.11846371592577,-20.17840157619296],[-44.11772404692599,-20.17846727994516],[-44.11750062818111,-20.17846615920789],[-44.11716548717331,-20.17846447750521],[-44.1167758016765,-20.17846721985585],[-44.11658201015978,-20.17841032487429],[-44.1163022445411,-20.17834137790708],[-44.11616798233746,-20.17830728940952],[-44.11597677801706,-20.1783330561458],[-44.11563088302249,-20.17839364560446],[-44.11546116119468,-20.17831785030731],[-44.11447484507817,-20.1781608806298],[-44.11380505040088,-20.17807312336426],[-44.1132241480783,-20.1780701958921],[-44.11273237580787,-20.17810991269606],[-44.11215926191022,-20.17804636450753],[-44.11175026462155,-20.17793617886369],[-44.11123991491475,-20.17799835976131],[-44.11103867214285,-20.17804431933666],[-44.11067195957683,-20.17807499415293],[-44.10960538675278,-20.17792533516404],[-44.10857763259313,-20.17792012995574],[-44.10813102909192,-20.17787567866955],[-44.10762313968732,-20.17790055324116],[-44.10743514838502,-20.17779380989382],[-44.10715808847467,-20.17772646158197],[-44.10690985556044,-20.17761137017572],[-44.10667249008497,-20.17711411507445],[-44.10646144894267,-20.17687085038259],[-44.10643324280432,-20.17688844411986],[-44.10586305604068,-20.1767945668139],[-44.10547522530451,-20.17680350117895],[-44.1049136588904,-20.17660280892086],[-44.1047856945131,-20.17639157264548],[-44.10440964989306,-20.17570750956186],[-44.10437600676767,-20.17557454116769],[-44.10446007015972,-20.1754312388354],[-44.10456113361967,-20.17515802690787],[-44.10429822525642,-20.17494791867574],[-44.10430425083344,-20.17473565646548],[-44.10447038781505,-20.17446720242096],[-44.10437154353784,-20.17433841994926],[-44.10415027253897,-20.17420719790765],[-44.1038024107431,-20.17430480047572],[-44.10379071161425,-20.17467251128978],[-44.10370372556951,-20.17481480449487],[-44.10310802042659,-20.17457137394506],[-44.10288778238567,-20.17459916605724],[-44.10243071646732,-20.17487516018612],[-44.10166679620869,-20.17475111396328],[-44.1006758109934,-20.17500803170797],[-44.10023570169141,-20.1749913333591],[-44.09971559374748,-20.17525254978274],[-44.09923599524151,-20.17577143479461],[-44.09881820081158,-20.17587770574022],[-44.09868820295892,-20.17585535420019],[-44.09818143900524,-20.1756106550297],[-44.09770203230908,-20.17560277545756],[-44.09745089924356,-20.17551476308271],[-44.09706286381182,-20.1752606321477],[-44.0967148127009,-20.17538171217448],[-44.0965785920174,-20.17576865189441],[-44.09631755125519,-20.17605829511755],[-44.09526598093648,-20.17637719841612],[-44.09511579394579,-20.1765319022659],[-44.09502690680161,-20.17683778132989],[-44.095071963716,-20.1774957726503],[-44.09487707114703,-20.17760136342918],[-44.09479229616412,-20.17770210922498],[-44.09465895268812,-20.17826080236357],[-44.0934906706583,-20.17773063633263],[-44.09296605604519,-20.17759784597082],[-44.09243802695453,-20.17789152755579],[-44.09174948124555,-20.17796927732825],[-44.09147419805163,-20.17808529190035],[-44.09092145968906,-20.17835354137155],[-44.09015655997261,-20.17839746738906],[-44.08977312042111,-20.17809439745782],[-44.08911078417812,-20.17765151111615],[-44.08844846134699,-20.17720861432034],[-44.08785007362412,-20.17720551253923],[-44.08731890409181,-20.17707719840061],[-44.08652104453262,-20.17707305709035],[-44.08592265764935,-20.1770699487734],[-44.08552373280376,-20.17706787542998],[-44.08518975257299,-20.17661878428886],[-44.08443279476435,-20.17661484627884],[-44.08426349629974,-20.17626968888134],[-44.08390066937021,-20.17613499425504],[-44.0828719440821,-20.17639224633119],[-44.08229263187022,-20.17638922519403],[-44.08160937920964,-20.17668956440465],[-44.08138419610923,-20.17706248125364],[-44.08005157444021,-20.17749498329544],[-44.07905708708803,-20.17772420948333],[-44.07847638350511,-20.17795559722394],[-44.07807918693828,-20.17824122511822],[-44.07713202861851,-20.17892232845811],[-44.07681014659475,-20.17982233042528],[-44.07639174220424,-20.18060157082353],[-44.07614069040063,-20.18106911967724],[-44.07536473078707,-20.18128853768071],[-44.07504692663728,-20.18128686665516],[-44.07467614575966,-20.18128491635028],[-44.07446427700712,-20.18128380157116],[-44.07403965255676,-20.18143160358065],[-44.07377363470054,-20.18163025099268],[-44.07350879728965,-20.18162885609222],[-44.07308387639408,-20.18182666618404],[-44.07266013667365,-20.18182443247255],[-44.07181027932313,-20.18222004638315],[-44.07117466887784,-20.18221669077086],[-44.07059202600277,-20.18221361277524],[-44.07022006667127,-20.18241169471827],[-44.06974098530952,-20.18280925807891],[-44.06926100988367,-20.18335685121387],[-44.06872894469525,-20.1837541402109],[-44.06809332858882,-20.18375077321902],[-44.0677758174832,-20.18369907848372],[-44.06745801009041,-20.18369739355951],[-44.06714020177293,-20.18369570805609],[-44.06666229889523,-20.18389322106787],[-44.0659740030462,-20.18383955487501],[-44.06545691121705,-20.18360171017478],[-44.06545010183228,-20.18330076211226],[-44.06544704548983,-20.18240712527194],[-44.06540681977972,-20.1815729075978],[-44.06593238160576,-20.18073628405235],[-44.06614655367139,-20.18028473770249],[-44.06648565476505,-20.17990892174265],[-44.06704082518864,-20.17955946052482],[-44.06738644953133,-20.17921429887344],[-44.06754359584044,-20.17837210174991],[-44.06742618262239,-20.1780010012294],[-44.06682118842532,-20.17738882943962],[-44.06666415075099,-20.17724435757529],[-44.06639646638111,-20.17671798667184],[-44.06633725235618,-20.17606163363494],[-44.0662344932475,-20.17580001305203],[-44.06590592468939,-20.17537448975909],[-44.06536263152439,-20.17484565988902],[-44.06480935166121,-20.17418537081351],[-44.06449879407881,-20.1736292229698],[-44.06407806146103,-20.17312686473344],[-44.06358260247237,-20.17262978220712],[-44.06233829965672,-20.17176726778271],[-44.06186431624204,-20.17131463273012],[-44.06129038768309,-20.17093511234118],[-44.06094943263602,-20.17050138316914],[-44.06069686788566,-20.1693660315237],[-44.06075120349755,-20.16876457697571],[-44.0607477690186,-20.16837601044994],[-44.06068784737656,-20.16799889679873],[-44.06038583559415,-20.16746600930225],[-44.06012340058675,-20.16686015349674],[-44.05940219534935,-20.16617948812002],[-44.05866462826827,-20.16582051846401],[-44.05838731156177,-20.16563104063256],[-44.05810705735073,-20.16530152134131],[-44.05772585981291,-20.16479554115586],[-44.05731150552651,-20.16424554558654],[-44.05685686592677,-20.16387454767377],[-44.05623479215071,-20.16316999701042],[-44.05579163110163,-20.16271945458134],[-44.05485121343821,-20.16236380882102],[-44.05391638642679,-20.16236420802305],[-44.05352804871927,-20.16232848989342],[-44.05326559378002,-20.16230434493618],[-44.0529045595927,-20.16227113961381],[-44.05255289102582,-20.16203698671304],[-44.05225631119181,-20.16139390046774],[-44.05235203705811,-20.16107814271404],[-44.05256823836567,-20.16060404335994],[-44.05259474387856,-20.16034391534315],[-44.05253292165603,-20.15995874747253],[-44.05237676570259,-20.15967325013573],[-44.05207303811922,-20.15879154794642],[-44.05128964822153,-20.15899531875824],[-44.05082658973768,-20.15926515487392],[-44.04975712038174,-20.15972944369506],[-44.04883189070812,-20.1598587434632],[-44.04812486818591,-20.15918341556302],[-44.04776404939741,-20.15887320586312],[-44.04741745294764,-20.1585752261624],[-44.04706721288952,-20.1577003665517],[-44.04686451775035,-20.1572684163775],[-44.04665863182688,-20.15682967203453],[-44.04643539397732,-20.1563539231962],[-44.04615882239296,-20.15600150167119],[-44.04580032182381,-20.15554467160116],[-44.04535845732331,-20.15530009515503],[-44.04505761400141,-20.15513358271882],[-44.04464956650907,-20.154907729854],[-44.04463789117252,-20.15489079710307],[-44.04447799565147,-20.15479829977114],[-44.04423131443176,-20.15430091649439],[-44.04407327990288,-20.15417177976389],[-44.04375651754204,-20.15402732495074],[-44.04366367220069,-20.15371416305625],[-44.04362339699998,-20.15365485238905],[-44.04342751299996,-20.15383337938899],[-44.04291816415081,-20.15391603789301],[-44.04243754584816,-20.15399045574341],[-44.04169562399991,-20.15405667138901],[-44.04092500599993,-20.15406159938898],[-44.04069637860578,-20.15397811622484],[-44.04050255199996,-20.15391304138899],[-44.04038629354925,-20.15385779416642],[-44.04011101899993,-20.15372698038899],[-44.03983334799992,-20.15364199438901],[-44.03939161599991,-20.15367888238901],[-44.03900840523514,-20.15347372616626],[-44.03824020065728,-20.15376682963701],[-44.03793399760998,-20.15392234838403],[-44.03740997142266,-20.15386979790313],[-44.03678028772832,-20.15389616269473],[-44.03628504469756,-20.15414107296188],[-44.03604218224244,-20.15442710110295],[-44.03577413551687,-20.1548223761991],[-44.0354383939607,-20.15535283125132],[-44.03504784470496,-20.15589260803208],[-44.03478358092486,-20.15620383540758],[-44.03426502322828,-20.15682440900345],[-44.03392798307544,-20.15716954367965],[-44.03335914782453,-20.15756310056281],[-44.03296999213448,-20.15766936277615],[-44.03245573134079,-20.1577460319098],[-44.03187851889155,-20.15778260602763],[-44.0313010609505,-20.1578589341519],[-44.03094360586356,-20.15795543618023],[-44.03063825339838,-20.15812277381188],[-44.0301401824734,-20.1585738140359],[-44.02964237623495,-20.15918434937712],[-44.02940128084492,-20.15964112254229],[-44.02927248006958,-20.16019517667382],[-44.02946706520451,-20.16091912988097],[-44.02918372187298,-20.16109119413933],[-44.02889736192681,-20.16085666060864],[-44.02832176156647,-20.1608534842228],[-44.02795173247987,-20.16085144126502],[-44.02749947593868,-20.16084894326714],[-44.02696499006649,-20.16084598958499],[-44.02647162807118,-20.16084326172174],[-44.02593714238206,-20.16084030491976],[-44.02540241572881,-20.16087617079237],[-44.0245019157745,-20.16092420319029],[-44.02400332302744,-20.16106254799124],[-44.02340373465464,-20.16135001250011],[-44.02302989198868,-20.1613842255263],[-44.02235518390948,-20.1618319669005],[-44.02144463199201,-20.16253996353088],[-44.02104966777465,-20.16290855840378],[-44.02077694462614,-20.16304964879352],[-44.02048967492946,-20.16325527161011],[-44.02014070648341,-20.16335984882344],[-44.01977701306048,-20.16355748131958],[-44.01947409022435,-20.1636984023101],[-44.0191246914797,-20.16394796778704],[-44.01907349341103,-20.16401015393014],[-44.01892703383356,-20.16418806077737],[-44.01872571579029,-20.16436139597951],[-44.01857934078181,-20.16448741118008],[-44.0184039903685,-20.16458762189279],[-44.01826870129114,-20.16479835316414],[-44.01793403739956,-20.16510547400534],[-44.01794287596604,-20.1655493561505],[-44.01794066119009,-20.16554853059683],[-44.01776447336925,-20.1659198560406],[-44.01776252922712,-20.16623045042444],[-44.01772019855501,-20.16642434186074],[-44.01766362198035,-20.16684869541162],[-44.01775621052094,-20.16723988096568],[-44.01775402319086,-20.16758929857702],[-44.01791605666483,-20.16797846007162],[-44.01806508263485,-20.1683302123633],[-44.01836510700365,-20.16865880955209],[-44.01845449527445,-20.16906501197799],[-44.01861971505966,-20.1693399620795],[-44.01883425748187,-20.16969695922699],[-44.01896912772411,-20.17000847000021],[-44.01899485454268,-20.1703366291151],[-44.01891972503398,-20.170716623656],[-44.01879843339442,-20.17098334382336],[-44.01862426712592,-20.17113783816065],[-44.0179376801099,-20.17121982652698],[-44.0174419606617,-20.17126457668192],[-44.01703283268663,-20.17130149654596],[-44.01633800634571,-20.17132381640892],[-44.0160048338031,-20.17129569635116],[-44.01557003538531,-20.17125899263297],[-44.01517729791696,-20.17116194031705],[-44.01517680642689,-20.17116173065345],[-44.01470479436892,-20.17096082422099],[-44.01470394689815,-20.1709604643807],[-44.01431135368166,-20.1708543754945],[-44.013982171421,-20.17085253113095],[-44.01371781994678,-20.17046687783985],[-44.01373106910965,-20.17073691437282],[-44.01331836715333,-20.17108068771435],[-44.01297936271826,-20.17145026766877],[-44.01298998262048,-20.17146925477459],[-44.01300011329607,-20.17148736901835],[-44.01340055905103,-20.17220334317013],[-44.01342295727287,-20.17224339114894],[-44.01351511093146,-20.17240815399061],[-44.01355621722141,-20.17249379508809],[-44.0136571006713,-20.17270397487641],[-44.01368999809603,-20.17277251364174],[-44.01385776889239,-20.17312204486916],[-44.0144966095009,-20.1745497804054],[-44.01487761335251,-20.17548982467969],[-44.01562413959835,-20.17788514866927],[-44.01572532343759,-20.17826522233998],[-44.01584565003884,-20.17871719991015],[-44.01596167249862,-20.17929626810546],[-44.01596205572103,-20.17929818035043],[-44.01596384004967,-20.17930708757252],[-44.015968047123,-20.17932808427103],[-44.01601390646353,-20.17955696744543],[-44.01617678541361,-20.18036989012819],[-44.01627532509043,-20.18109374696296],[-44.01627639631289,-20.18110161834102],[-44.01627705313131,-20.18110644515469],[-44.01627905930287,-20.18112118149952],[-44.01640414399991,-20.18204002329946],[-44.01651713476591,-20.18358812212088],[-44.01653398627658,-20.1844071488146],[-44.01652713123779,-20.18573807614657],[-44.01645275593773,-20.18690859107592],[-44.01642209138359,-20.18739117417871],[-44.0159675819941,-20.19042352912418],[-44.01541330946053,-20.19220404211931],[-44.01449781227126,-20.19514483100152],[-44.01446652573311,-20.19524533053546],[-44.01520010475352,-20.19721558241451],[-44.01574628783051,-20.19883208643434],[-44.01575007721961,-20.19884330530453],[-44.01627285310455,-20.20088769286837],[-44.01676532050723,-20.20388958046425],[-44.01689214391137,-20.20620100837741],[-44.01690064428681,-20.20732141016311],[-44.01680437176107,-20.20903682823487],[-44.01659918241546,-20.21074264950231],[-44.01628590582968,-20.21243196508522],[-44.01586581162837,-20.21409793343981],[-44.0153406007637,-20.21573380743014],[-44.01471240157887,-20.21733296142958],[-44.01398375628396,-20.21888892017921],[-44.01315761799899,-20.22039538047965],[-44.01223733049886,-20.22184624272764],[-44.0112266223871,-20.22323562988596],[-44.00487134526752,-20.231411875905],[-44.00438003575486,-20.23416205563016],[-44.00297178618801,-20.24204432960262],[-44.00273605893361,-20.24336365779925],[-44.0014959235459,-20.25030406221581],[-44.00141678664481,-20.25090885207511],[-44.00130306904345,-20.25177791048208],[-44.00129358602549,-20.25185038527825],[-44.00126967770127,-20.25203309448403],[-44.0012086332416,-20.25249960215065],[-44.00118759145415,-20.25266040420857],[-44.00115835485918,-20.25288383981043],[-44.00110859764347,-20.25326408676215],[-44.00064282928719,-20.2568233965516],[-44.00059251746922,-20.25720785765091],[-44.0005685437741,-20.25739105413075],[-44.0004537640915,-20.25826814012244],[-44.00044229497639,-20.25835578379638],[-44.00030200032804,-20.25820499945261],[-44.00008500019081,-20.25793699900674],[-43.9997590001184,-20.25758499901852],[-43.99961400044459,-20.25727499944993],[-43.99954799994138,-20.25684299959159],[-43.99957500031787,-20.25657399988373],[-43.99957700026809,-20.25636299923198],[-43.99954300044364,-20.25620799860551],[-43.99951300027535,-20.25607399911979],[-43.99915331940906,-20.25582492482536],[-43.99908700033004,-20.25577899896523],[-43.99878900004304,-20.25565499939099],[-43.99840800068064,-20.25556399948609],[-43.99814700006591,-20.25550099925374],[-43.99786700072381,-20.25546499887745],[-43.99764700007409,-20.25545299925342],[-43.99744400074084,-20.25547299863814],[-43.99710099988158,-20.25558099939752],[-43.99687500066264,-20.25567799877688],[-43.99669400002958,-20.25578599929097],[-43.99649299992141,-20.25584999947658],[-43.9960870000984,-20.25597799882586],[-43.99571700013442,-20.25611499933014],[-43.99533800010767,-20.25629599936987],[-43.99507900069821,-20.25641599922747],[-43.99490900060652,-20.25641899948327],[-43.99468099989991,-20.25628799880526],[-43.99448999987214,-20.25614899869379],[-43.99425300016915,-20.25601799918567],[-43.99388700044052,-20.25587699888097],[-43.99384155424425,-20.25585833669329],[-43.99356800074463,-20.25574599869009],[-43.9933759999336,-20.25563299905031],[-43.99319400020417,-20.25551099868643],[-43.99304800054686,-20.25538899887459],[-43.99285700021323,-20.25528399892206],[-43.99242700033879,-20.25513499860422],[-43.99219800046362,-20.25515099885961],[-43.991850000738,-20.25517499946096],[-43.99152000025761,-20.25523399923744],[-43.99117200005207,-20.25534399879247],[-43.99101600044122,-20.25543799863167],[-43.99086800059012,-20.25556699943706],[-43.99075800014699,-20.25568699915138],[-43.99067400009005,-20.25585899873333],[-43.99053600022464,-20.25601399999815],[-43.99013099983119,-20.25628799967876],[-43.98983800021842,-20.25639799969035],[-43.98965400060197,-20.2564659994347],[-43.98942500008236,-20.2565339998381],[-43.98912199994779,-20.2567139992644],[-43.98899299998292,-20.25680799925239],[-43.98851700047821,-20.25707599994637],[-43.98811699982269,-20.25725299929355],[-43.9873920003498,-20.25741099993138],[-43.98678500010369,-20.25745899921041],[-43.98613200051409,-20.25759199871183],[-43.98557000071768,-20.25766499904215],[-43.98510700037207,-20.25779899898322],[-43.98477999998426,-20.25795099934128],[-43.98450699997412,-20.25821399924473],[-43.98417900016089,-20.25845199909865],[-43.98396900001047,-20.25862999904171],[-43.98367900045219,-20.25873599862029],[-43.98339600031637,-20.2588469986881],[-43.98311500008607,-20.25894899894385],[-43.98279900000303,-20.25901799921819],[-43.98249500069415,-20.25909499887231],[-43.98233499990963,-20.25909599924717],[-43.98224799987589,-20.25908699920556],[-43.98205900015693,-20.25908199867805],[-43.98181699985795,-20.2590779993707],[-43.98157500036422,-20.25910499904959],[-43.98135199998878,-20.25920099865414],[-43.98119300051549,-20.25932599924032],[-43.9810897098755,-20.25941056778934],[-43.98103300037027,-20.25945699873465],[-43.98080000047343,-20.25959599914724],[-43.98058200023083,-20.25971199938318],[-43.98042400070286,-20.25982899883338],[-43.98029200058168,-20.25994799888877],[-43.98021900039283,-20.2600259990989],[-43.98016100072334,-20.26006099887293],[-43.97997000071737,-20.26012899888504],[-43.97984799984948,-20.26020999906379],[-43.97972600007193,-20.26030399918455],[-43.97956599996316,-20.26041399914773],[-43.97939900025749,-20.26049799881526],[-43.97932340165164,-20.26053428637672],[-43.97929900025267,-20.26054599865218],[-43.97913200060225,-20.26059099888608],[-43.9788250004167,-20.26062999904188],[-43.9786690003015,-20.2606429992482],[-43.97844500051609,-20.26067399899818],[-43.97832000013691,-20.26070899892789],[-43.9781649998391,-20.26077299895864],[-43.97801200023699,-20.26085999907791],[-43.97791100044459,-20.26095999867056],[-43.97781400070428,-20.26109699947514],[-43.9777590005129,-20.26114899869264],[-43.97769400047019,-20.2612119988082],[-43.97763400032704,-20.26130099917971],[-43.97754700059355,-20.26138099918787],[-43.97746000057374,-20.26146599929282],[-43.9773240000868,-20.26153199864323],[-43.97720099989971,-20.26157999948266],[-43.97713600029369,-20.26161349906116],[-43.97707100066059,-20.26164699861428],[-43.97700000054355,-20.26168299933918],[-43.97682200038771,-20.26169899930271],[-43.97658600062155,-20.26173399877943],[-43.9763890003278,-20.26179999904782],[-43.97616900051535,-20.26192299867959],[-43.97607600033479,-20.26202999924067],[-43.97606307842688,-20.26191893213767],[-43.97590904103664,-20.26059489973306],[-43.97584728943694,-20.2600641080642],[-43.97567316079413,-20.25856736078697],[-43.975671583783,-20.25855380672764],[-43.97566415376041,-20.25848993873261],[-43.97565762006893,-20.25843377948638],[-43.97565200540306,-20.25838551795983],[-43.97561099991118,-20.25803303919636],[-43.97761205088823,-20.25597803896452],[-43.9782508803907,-20.25532196880106],[-43.97789916026527,-20.25409103861201],[-43.97807483988566,-20.25296396922352],[-43.9787080806728,-20.25074699875566],[-43.97870808053973,-20.24985230923241],[-43.97870808048192,-20.24803700935233],[-43.97898996036003,-20.24613602893672],[-43.97803992039763,-20.24384795901706],[-43.97800392007331,-20.24240498912163],[-43.97800392022686,-20.24236997898931],[-43.97805684008886,-20.24089199896753],[-43.97939388040759,-20.23842797873081],[-43.97932847266176,-20.23681344346748],[-43.9793240406187,-20.23670402944239],[-43.9792891200303,-20.23561295889504],[-43.97960592001175,-20.23480295878313],[-43.98013404035423,-20.23374698875287],[-43.98018418811221,-20.23290740162053],[-43.98023916005258,-20.23198703922958],[-43.98027408046936,-20.23005095907991],[-43.98034500026421,-20.22941798892741],[-43.98041484023895,-20.2286079889592],[-43.98111899991558,-20.22684902928383],[-43.98192900005965,-20.22632099901912],[-43.98266808052275,-20.22589799925975],[-43.98460415992249,-20.22533495949109],[-43.98604704045979,-20.22463097875415],[-43.98610896022753,-20.22396200933287],[-43.98634512031234,-20.22399197894788],[-43.98613812047611,-20.22381395871743],[-43.98613812060431,-20.22331103886763],[-43.98492492043015,-20.22191999863412],[-43.98397812064346,-20.22180101932804],[-43.9832379603354,-20.22097301891597],[-43.98330513839586,-20.21996506572656],[-43.98333911774995,-20.21945523459871],[-43.98338592031116,-20.21875298894935],[-43.9835929206675,-20.21783498860679],[-43.98377111982371,-20.21677001889098],[-43.98353415776239,-20.21673796343288],[-43.98382452391201,-20.21655239911154],[-43.98431944852096,-20.21623610719128],[-43.98722844322143,-20.21249367834363],[-43.98807996565841,-20.21139817553432],[-43.98829989902443,-20.2111152250379],[-43.9894697210559,-20.20961020753726],[-43.99211389144055,-20.20620833523006],[-43.98813888499634,-20.20696111084881],[-43.98810255611608,-20.20675343382653],[-43.9880689327446,-20.20674051671011],[-43.98801584874715,-20.20672340870408],[-43.98799185736386,-20.2067060559779],[-43.98780587920712,-20.2065067110979],[-43.98733055555554,-20.20599722160997],[-43.9866056056476,-20.20585974944505],[-43.98574142359006,-20.20569587051429],[-43.9849722222814,-20.20554999939895],[-43.9838861111111,-20.20084722161009],[-43.98402865171518,-20.1999458789659],[-43.98418085959052,-20.19898339273752],[-43.98422845200503,-20.1986824393349],[-43.98430825180177,-20.19817781762512],[-43.98465048034239,-20.19601365909683],[-43.98474444444443,-20.19541944383245],[-43.9831939095745,-20.19470746406457],[-43.98311111111111,-20.19466944383244],[-43.98308423351325,-20.19442100472315],[-43.98313195873295,-20.19436889485875],[-43.98318052556518,-20.19431586600978],[-43.98319656481016,-20.19422779136885],[-43.98320579932985,-20.19409387692887],[-43.9831990970487,-20.19383773520336],[-43.98318880027066,-20.19349087624616],[-43.9831854097779,-20.19336872243183],[-43.98317352997621,-20.1932780467313],[-43.98316159559055,-20.19318339604159],[-43.98312490284489,-20.19304921592813],[-43.98302221762344,-20.19279640416422],[-43.98304922695427,-20.19248923664719],[-43.98306680128186,-20.19235925475168],[-43.98306315622542,-20.19227648566469],[-43.98303051703143,-20.19216202163215],[-43.9830018545964,-20.19206727506113],[-43.98293596446918,-20.19193292600013],[-43.98290350521246,-20.19179091043701],[-43.98291312281045,-20.19159782806944],[-43.98300574243464,-20.19146836976157],[-43.98314880428382,-20.19129972658676],[-43.98324978564958,-20.19117031830245],[-43.98334671509124,-20.19102110170106],[-43.98340592903619,-20.19090716885942],[-43.98344849160244,-20.19078130604745],[-43.98348284205444,-20.19063181785647],[-43.98351326551938,-20.19044283037035],[-43.98354787281217,-20.19025386706073],[-43.98362837864295,-20.19006914375198],[-43.98368787181499,-20.18990010817897],[-43.9837181698416,-20.18974264713817],[-43.98371911624574,-20.18959685009844],[-43.9837124625947,-20.18933275917389],[-43.98372582486959,-20.18919498414606],[-43.98375999927465,-20.18908479071376],[-43.98381490014425,-20.18897878299538],[-43.98384465863634,-20.18889223226188],[-43.98387503394482,-20.18872293703605],[-43.98385922369688,-20.18858101780858],[-43.98389398253152,-20.18836838789498],[-43.98392838383219,-20.18821103993577],[-43.9840001160406,-20.18808922979204],[-43.98413039673046,-20.1879560145712],[-43.98428138269306,-20.18784261242552],[-43.98440963768054,-20.18780493898289],[-43.98446536397925,-20.18778856998164],[-43.98455091585816,-20.18799908094566],[-43.98459652314971,-20.18763502437115],[-43.98778370765331,-20.1861886217672],[-43.98862392066457,-20.1861659687643],[-43.98913562060724,-20.18557509518654],[-43.99175555470763,-20.18438610623096],[-43.99225243652087,-20.1828404699223],[-43.99310454902035,-20.18016068876645],[-43.99362095464043,-20.17853661072407],[-43.99235659455415,-20.17857833507759],[-43.99253099999917,-20.17781999905111],[-43.99251944394794,-20.17512808218583],[-43.99251588010883,-20.17429802940985],[-43.99488396024041,-20.17397195938504],[-43.99497288034523,-20.17329101869132],[-43.99503191995568,-20.17166399903308],[-43.99517987999725,-20.17000601906479],[-43.99523934012718,-20.16978015163149],[-43.99532784003286,-20.16944396901936],[-43.9961270406843,-20.16787499913362],[-43.9971030004731,-20.1667799686744],[-43.99733987998025,-20.16518201910132],[-43.99772508045292,-20.16355400944526],[-43.9983169198907,-20.16225197942147],[-43.99852392050609,-20.16219302901113],[-43.99855308064303,-20.16204497898866],[-43.99837596052365,-20.16207395898146],[-43.99902684060867,-20.16032795913037],[-43.99929287989062,-20.16035801927977],[-43.99932312010958,-20.16020996887584],[-43.99914491997173,-20.16009098873193],[-43.9993326658013,-20.15969479009118],[-44.00047692072524,-20.15728001868377],[-43.99851424014711,-20.15492496202727],[-43.99796087981604,-20.15426096934682],[-43.99963259236507,-20.15384770531385],[-44.00047691983319,-20.15363897931552],[-44.00083188031259,-20.15221796860678],[-44.0012170806991,-20.15180396889415],[-44.00121708022862,-20.15079803901205],[-44.00125992057466,-20.15065997859882],[-44.00180100000389,-20.1505529689897],[-44.00275716023271,-20.15036603883718],[-44.00282592023841,-20.14990199889569],[-44.00297388019478,-20.14910396873982],[-44.00254787218491,-20.14865038307808],[-44.00251092014009,-20.14861103929898],[-44.00214588070749,-20.14818695915978],[-44.00179412348294,-20.14742345882046],[-44.00231908113336,-20.14728080295615],[-44.00290764631033,-20.14733975481093],[-44.00317089481226,-20.14761933826906],[-44.00349338839013,-20.1478436377345],[-44.00387424617129,-20.14815169412736],[-44.00405004163451,-20.14829173546993],[-44.00425545898992,-20.14840413379641],[-44.00466682325866,-20.14854550536562],[-44.00487206522316,-20.1486857123408],[-44.00516529425246,-20.14888203409258],[-44.00548849767374,-20.14899509634645],[-44.00569391702859,-20.14910749397181],[-44.00601694630272,-20.14924836373671],[-44.00631088160992,-20.1493334507971],[-44.00672295379933,-20.1493635848398],[-44.00728208169413,-20.14942235546639],[-44.00754692307635,-20.14945165760377],[-44.0080771330657,-20.14942683531608],[-44.00872512783802,-20.14940267444263],[-44.00904973878551,-20.14929326436972],[-44.00922782077464,-20.14907179156607],[-44.00925779245244,-20.14898853180398],[-44.00925866949631,-20.1488494903497],[-44.00928899286664,-20.14871061454194],[-44.00949651916775,-20.14848930704689],[-44.00973296518115,-20.14835158937708],[-44.01011611626643,-20.14829812529799],[-44.01082282286037,-20.1483020959732],[-44.01129536165617,-20.14808227449415],[-44.01147413916039,-20.14774956522394],[-44.01168201109902,-20.14747263885797],[-44.01200749073013,-20.14722418055744],[-44.01215612016589,-20.14700253928686],[-44.01218748883493,-20.14669681180581],[-44.01227705075359,-20.14650264859482],[-44.01236643760653,-20.14633629383074],[-44.01263232288481,-20.14619873800111],[-44.01283809464666,-20.14625550947094],[-44.01324911268936,-20.14645247813895],[-44.01351307745345,-20.14662081372241],[-44.01389395305672,-20.14692884918801],[-44.01415774481414,-20.14712499147333],[-44.01448182426785,-20.14709899566256],[-44.01480695105043,-20.14690614901376],[-44.01510350184673,-20.14657409532955],[-44.01531136689631,-20.14629716341196],[-44.01537234941713,-20.14596379206372],[-44.01540353821551,-20.14568587224257],[-44.01555198621571,-20.14549203633631],[-44.01567011784854,-20.14543707752047],[-44.01590620571289,-20.14535496907661],[-44.01617156494769,-20.14530083241403],[-44.01664339144163,-20.14519222909675],[-44.01688000055778,-20.14502669366603],[-44.01705771781833,-20.14486082926853],[-44.01723700030882,-20.14444468860565],[-44.01729850065061,-20.14402789066315],[-44.01735913003146,-20.14375013453808],[-44.01712565574149,-20.14341511947713],[-44.0167153353697,-20.1431069257035],[-44.01642297281519,-20.14277158105758],[-44.0160410558484,-20.14263040151553],[-44.0158642111076,-20.14265722225584],[-44.01571541790316,-20.1429066757045],[-44.01544884282065,-20.14315547074787],[-44.01518331273915,-20.14323741501481],[-44.01497754486606,-20.14318064549774],[-44.01465539195449,-20.14290074958699],[-44.01439108305819,-20.14278803382782],[-44.01424385671494,-20.14278721003144],[-44.01415412598381,-20.14300918305049],[-44.01394626454319,-20.14328611290238],[-44.01373857691878,-20.14353523484704],[-44.0132085616148,-20.14353226654686],[-44.01279632798029,-20.14352995676918],[-44.0123835699848,-20.14361107157144],[-44.01200078069149,-20.14360892500466],[-44.0116183422879,-20.14355116059515],[-44.01123625421451,-20.1434377792593],[-44.0110611583338,-20.1431865118636],[-44.01079860260149,-20.14279570667165],[-44.01065347764931,-20.14246117873851],[-44.01053779934934,-20.14212681699639],[-44.01045139047701,-20.1418204281817],[-44.01039460300019,-20.14148639714008],[-44.01042579834613,-20.14120847838775],[-44.01051623450603,-20.14087527428062],[-44.01054795573016,-20.14051392995262],[-44.01054970672593,-20.14023584666583],[-44.01037426504674,-20.14004019571176],[-44.01031660156898,-20.13984520625046],[-44.01043630559362,-20.13953997511232],[-44.01055548481839,-20.13931816940702],[-44.01055723569358,-20.13904008517837],[-44.01038232061016,-20.13876100962606],[-44.010206705569,-20.13859316615964],[-44.01006123502046,-20.13831425572499],[-44.01003371750455,-20.13800819755841],[-44.01018269059174,-20.13773094135059],[-44.01039020045048,-20.13750963186887],[-44.01039142614958,-20.13731497315064],[-44.01042262128219,-20.13703705424021],[-44.01060086079495,-20.13678777055381],[-44.01077874968404,-20.13659410370301],[-44.01110368338073,-20.13642907146941],[-44.01163402317818,-20.13637642803183],[-44.01222307696237,-20.13635192165121],[-44.01263546639098,-20.13632642344316],[-44.01304803034524,-20.13627311662432],[-44.0132257411412,-20.13610725478242],[-44.0133147714414,-20.13599651614698],[-44.01343394281535,-20.13577470811813],[-44.01352314730433,-20.13563616081003],[-44.01376009362108,-20.13541501182582],[-44.0144374744908,-20.13539099223012],[-44.01478923047095,-20.13564324418146],[-44.01516990886108,-20.13597908481909],[-44.01558090475903,-20.13617604727516],[-44.01593405725242,-20.13620582943575],[-44.01646422229923,-20.13618097993446],[-44.01708167501813,-20.13632347214386],[-44.01743361135367,-20.1365479104748],[-44.01763798118512,-20.13682714457945],[-44.01766568727966,-20.13710539363018],[-44.01778190010186,-20.13735632652906],[-44.01813297108734,-20.13771980557809],[-44.01851435645493,-20.13794440598936],[-44.01874973706818,-20.13797352657328],[-44.01910376326011,-20.1378642596302],[-44.01934001150086,-20.13775433737404],[-44.01963462772846,-20.1377281673355],[-44.02001740262159,-20.13773029671516],[-44.02042875530345,-20.13787163106257],[-44.02080945148577,-20.13820746106132],[-44.02107202568429,-20.13859825225084],[-44.02127623149191,-20.13890529015107],[-44.02148061123042,-20.13918452013603],[-44.02177419134438,-20.13932519735684],[-44.0222149946166,-20.13946669213541],[-44.02271503410883,-20.13955289438269],[-44.02297969000848,-20.13960998138595],[-44.02342084092755,-20.13969585598319],[-44.02383289308262,-20.13972594820299],[-44.0241857104939,-20.13981133145664],[-44.02456797313681,-20.13989687704486],[-44.02486242037097,-20.13989850703027],[-44.02483401095751,-20.13973149226944],[-44.02471830378196,-20.13939713856503],[-44.02451409046818,-20.13909010436644],[-44.02425047074333,-20.13886616881067],[-44.02389920892929,-20.13853050902359],[-44.02369482555886,-20.13825128168128],[-44.02357946732948,-20.13786131006627],[-44.02369931706142,-20.13752826098624],[-44.02405264852058,-20.13753021843259],[-44.02437567155663,-20.13767105439605],[-44.02475706731782,-20.1378956416644],[-44.02510936375237,-20.13806444794745],[-44.02549145034936,-20.13817780003424],[-44.02584478345781,-20.13817975394737],[-44.02619863258342,-20.13809828120512],[-44.02637615998805,-20.13796021519304],[-44.02643573799649,-20.13784930599641],[-44.02643763289426,-20.13754341264654],[-44.02638063909152,-20.13723719299179],[-44.02632347415769,-20.13695878287821],[-44.02620759228937,-20.13665223774512],[-44.02612098366369,-20.13637366394066],[-44.02606295690466,-20.13623429610093],[-44.02618107712059,-20.13617932973203],[-44.02635774193809,-20.13618030599572],[-44.02659329408758,-20.13618160739991],[-44.02674085821873,-20.1361268042032],[-44.02685932248478,-20.1360162200473],[-44.02697778753528,-20.13590563671228],[-44.02703770856285,-20.13573910991364],[-44.02703874139167,-20.13557225884487],[-44.02701119091147,-20.13526620278389],[-44.02692458053637,-20.13498762929875],[-44.02689703033468,-20.13468157230983],[-44.02686930805009,-20.13440332487872],[-44.02687120175749,-20.13409743046628],[-44.02687275112743,-20.13384715337601],[-44.0268743004684,-20.13359687718205],[-44.02687584979157,-20.13334660007735],[-44.02687722694746,-20.13312413163417],[-44.02687894836771,-20.13284604584631],[-44.0268517427176,-20.13248437235888],[-44.02685260342696,-20.13234532900528],[-44.02682471025488,-20.13209489019168],[-44.02676720072186,-20.1318720965418],[-44.02676806147754,-20.13173305318204],[-44.02676961081398,-20.1314827760324],[-44.0268004311955,-20.13126047103914],[-44.02689013688151,-20.13103849026679],[-44.02695040012051,-20.13081634688515],[-44.02701031898677,-20.13064981992217],[-44.0270120399362,-20.1303717349488],[-44.02719007380707,-20.13015024156623],[-44.02736759109185,-20.13001217312218],[-44.02748570706635,-20.12995720653723],[-44.0276330930019,-20.12993021008235],[-44.02772176586612,-20.12987507999215],[-44.02789842272412,-20.1298760544142],[-44.02813413742795,-20.12984954468065],[-44.0283109661389,-20.12982270999733],[-44.0284287379956,-20.12982335923993],[-44.02857595186634,-20.1298241706773],[-44.02882572799995,-20.12939450938959],[-44.02871698599994,-20.12881794538964],[-44.02836988099995,-20.12779446838967],[-44.02810676899994,-20.12672793838966],[-44.02769670699994,-20.12566068738974],[-44.02733469699994,-20.12473255038972],[-44.02667648099995,-20.12415012438977],[-44.02500708199995,-20.12405625438977],[-44.02463619799992,-20.12163082638981],[-44.02321409399995,-20.12076231538984],[-44.02225460199996,-20.12039361638982],[-44.02185610599994,-20.11963690538986],[-44.02245344999994,-20.1186102973899],[-44.02284325199997,-20.1177900693899],[-44.0232737819999,-20.11693181638994],[-44.02362242899994,-20.11621654738996],[-44.02376866599995,-20.11549059538996],[-44.02408049099994,-20.11418223738997],[-44.02438090182817,-20.11359474357289],[-44.02468511299997,-20.11299981238999],[-44.02483148899994,-20.11224995239003],[-44.02528229699994,-20.11138224239008],[-44.02640522399994,-20.11003452939008],[-44.02653078099996,-20.1093753983901],[-44.02632700799995,-20.10933048039014],[-44.02581472699994,-20.10893405039012],[-44.02544940099993,-20.10856155839011],[-44.02496122399996,-20.10823472939012],[-44.02494839699994,-20.10547082839022],[-44.02635860499998,-20.10025478539034],[-44.02665355899994,-20.10011747339031],[-44.02729144099991,-20.10000526739035],[-44.0278312259999,-20.09991564639031],[-44.02827304399991,-20.09980226639036],[-44.02910849299994,-20.09945960639038],[-44.02952585999994,-20.09934608839034],[-44.02967429399994,-20.09911536939035],[-44.02972691399997,-20.09853686339041],[-44.02971554910673,-20.09846427563471],[-44.02963259187171,-20.09793442458072],[-44.02955195503547,-20.09755333357388],[-44.02946583001623,-20.09714630346041],[-44.02965064879498,-20.0967061092249],[-44.02981239699612,-20.09659254059138],[-44.03032949483757,-20.09620178032884],[-44.03074791282913,-20.09590307226002],[-44.0315593790393,-20.09546758139193],[-44.03188013631208,-20.09537727602897],[-44.0321240221454,-20.09530861243223],[-44.03268965882408,-20.09498758024099],[-44.03340479121292,-20.09427376356258],[-44.03409354412945,-20.0938608045762],[-44.03470765810751,-20.09363262754053],[-44.03519964212821,-20.09333431052202],[-44.03581516808829,-20.09287469123105],[-44.03635626310995,-20.0925534235312],[-44.03731526398212,-20.09202620361568],[-44.03758609084317,-20.09181927045633],[-44.03756348198809,-20.09151814031024],[-44.03736969191799,-20.09114669744732],[-44.03698112392758,-20.09056569157355],[-44.03655267278334,-20.09002015120189],[-44.03600964490773,-20.08912491824329],[-44.03579204322578,-20.08863753053931],[-44.03523380600785,-20.0877546782156],[-44.03491988604642,-20.08698897335337],[-44.03479747883943,-20.0869650872954],[-44.03442962519731,-20.08700941948296],[-44.03384048912449,-20.08716826326408],[-44.03310407012569,-20.0873726425632],[-44.03276066295869,-20.08741701429068],[-44.03214799302659,-20.08741365659006],[-44.03163371084162,-20.08736458351368],[-44.0307273971487,-20.0872901403497],[-44.03008999602942,-20.08733289332826],[-44.02950128289298,-20.08742225526505],[-44.02874139499993,-20.08744129339065],[-44.02849192299994,-20.08747915939065],[-44.03039787999995,-20.08017461039087],[-44.03111877985696,-20.08012089543989],[-44.03249533035722,-20.07838161070361],[-44.03473098117787,-20.07555673540098],[-44.03628805540485,-20.07449468160756]]]}},{"type":"Feature","id":"78-0","properties":{"FID":"3","FID_Macroz":"0","id":"0","Macrozona":"Macrozona de Preservação Ambiental","FID_Difere":"0","FID_1":"0","Shape_Leng":"0","name":"Macrozona de Preservação Ambiental","sourceId":"1D-snwAnIyCZDF4FcUYM5-uS5wsKKIEC6","sourceSha256":"177f60cf86a59d9867f56d738f13eef9041db4e818ac7a0578a1ccca6d51bfc3","sourceDate":"2023","scope":"municipal-cartography-context-not-property-boundary"},"geometry":{"type":"Polygon","coordinates":[[[-44.217293567947,-20.13450163927766],[-44.21634562399999,-20.13349232538951],[-44.21600837499994,-20.13259429238953],[-44.2154973479422,-20.13195021570794],[-44.21495187799994,-20.13126272138958],[-44.21355225199992,-20.1302165033896],[-44.21273740899993,-20.12956544938964],[-44.21261926299997,-20.12889551138959],[-44.21257981799991,-20.12868494838962],[-44.21152809399996,-20.12843160838964],[-44.21104489199996,-20.1278747923896],[-44.21078337799997,-20.12752935238961],[-44.21053454299994,-20.12683103538966],[-44.21038543499997,-20.12628049438969],[-44.21008614099996,-20.12539457438971],[-44.21002490399996,-20.12498787238968],[-44.20957260699997,-20.12432838738977],[-44.20898260599994,-20.12336944038977],[-44.20879469799995,-20.12298607638978],[-44.20885971899995,-20.12263970838979],[-44.20924118399995,-20.12228280738979],[-44.20945968899996,-20.12161437538982],[-44.20936048999991,-20.1212075023898],[-44.20913473799991,-20.12080006238979],[-44.20911291299996,-20.12010664538983],[-44.20914242899992,-20.11927001338984],[-44.20891878399992,-20.11844420038984],[-44.20844029799997,-20.11796390238991],[-44.20771909899995,-20.11764010338993],[-44.20729555399996,-20.11730827538992],[-44.20716039799996,-20.11700643238992],[-44.20710522999995,-20.11624702038991],[-44.20697282299995,-20.11540009838995],[-44.20687325127269,-20.11500797423124],[-44.20679413699997,-20.11469641238997],[-44.20682841199993,-20.11392196238999],[-44.20687642699993,-20.11343446438999],[-44.20686965868428,-20.11315666393977],[-44.2068638439999,-20.11291800438999],[-44.20706414699996,-20.11234512339003],[-44.20714238599992,-20.11188645039007],[-44.20731123199994,-20.11152859539007],[-44.20684530399996,-20.1111580753901],[-44.20707779599996,-20.1110563043901],[-44.20717999999992,-20.11096999839008],[-44.20760999999994,-20.11051999839008],[-44.20831999999995,-20.10954999839014],[-44.20869450199994,-20.10888320339011],[-44.20775969876173,-20.10822237201268],[-44.20706207099994,-20.10798437539015],[-44.20630203499994,-20.10813635639018],[-44.20522618399997,-20.10817932839012],[-44.20506619190157,-20.11003920259589],[-44.2044456665904,-20.1096312663278],[-44.20379065649706,-20.10920356881796],[-44.20327267547154,-20.10903786775468],[-44.20276882827626,-20.10881341860606],[-44.20251341342215,-20.10870771221927],[-44.20189111119407,-20.10865262197645],[-44.20130266712888,-20.10874144172717],[-44.20093521495453,-20.10890314006653],[-44.19874126240576,-20.10911536142595],[-44.19870777294207,-20.10889957110053],[-44.19793228987521,-20.10903980577162],[-44.19773793601767,-20.1091696118074],[-44.19754983304971,-20.1094301358433],[-44.19730685636449,-20.10959892712215],[-44.19718140919539,-20.10978132194501],[-44.19702869189616,-20.10988517867444],[-44.19693171414613,-20.10991087516649],[-44.1965996761736,-20.10990936325956],[-44.19624076920066,-20.10975090060135],[-44.19565983701978,-20.10972211475965],[-44.19549375148612,-20.10973442636308],[-44.19394871317265,-20.1096550565924],[-44.19298135856329,-20.10976350787585],[-44.19208930411491,-20.11001595662311],[-44.19073447945239,-20.11022939895966],[-44.19042317012964,-20.10998200115847],[-44.190043004605,-20.10992307932247],[-44.18979434928654,-20.10951353245481],[-44.18966632943454,-20.10918622043836],[-44.18915810559581,-20.10880815259581],[-44.18882214525518,-20.10856156511542],[-44.18851782542594,-20.10888688947386],[-44.1883514735395,-20.10928636098139],[-44.18814390893969,-20.10929357395146],[-44.18798193773964,-20.108843583097],[-44.18798294895961,-20.10864755340598],[-44.18764724378406,-20.1083519563376],[-44.18692248057441,-20.1080463978724],[-44.18644741871901,-20.10794619058254],[-44.18601588658307,-20.10778900621168],[-44.18571388644551,-20.10766509110975],[-44.18530842267874,-20.10748352108367],[-44.18529218611656,-20.10727924373425],[-44.18480042661062,-20.10706460167098],[-44.18449910584863,-20.10680999818456],[-44.18392096750425,-20.10657861825517],[-44.18382708276953,-20.10634130924971],[-44.18384075310058,-20.10617749553464],[-44.18351783310056,-20.10600343562519],[-44.18277083310051,-20.10572947576797],[-44.18249687310045,-20.1056054558324],[-44.18204631632658,-20.10537215390417],[-44.18182475310056,-20.1052574260135],[-44.18048109943385,-20.10521773378917],[-44.18058640947847,-20.10527735439807],[-44.18067833823942,-20.10562517479318],[-44.17971744625213,-20.10615799228255],[-44.1792308521423,-20.10626499905984],[-44.17920878016685,-20.10651591817772],[-44.17963987579242,-20.10675479775189],[-44.17977741303459,-20.10691063088033],[-44.17979351473483,-20.10713941216121],[-44.17880507179002,-20.10765757142721],[-44.17721923274688,-20.10831996520505],[-44.17597020081641,-20.10851016928603],[-44.17544009807504,-20.10846412926917],[-44.1756493297281,-20.10813838395003],[-44.17557767310053,-20.10801943457583],[-44.17473167310056,-20.10801943457585],[-44.1740347131005,-20.10779542469246],[-44.17358687310056,-20.10734749492572],[-44.17355675333181,-20.10701994252235],[-44.1730589232126,-20.10664679505951],[-44.17271401850007,-20.10680197772686],[-44.17276743836084,-20.10709338697739],[-44.17249775842923,-20.10727414941038],[-44.17219438209883,-20.10741430611738],[-44.17196928325943,-20.10746770358052],[-44.1719282162269,-20.10760364538716],[-44.17186403409705,-20.10775036943959],[-44.1718115526048,-20.10786447609915],[-44.17195331482793,-20.10831166287922],[-44.17234512593506,-20.10834617381513],[-44.17282673642851,-20.10884396249593],[-44.17331947857879,-20.10941803745185],[-44.17347280397828,-20.10985983191274],[-44.17346578135341,-20.11009939584171],[-44.17332740424049,-20.1101041927963],[-44.17340727826442,-20.11026248318441],[-44.17336036131059,-20.11041473403218],[-44.17339888285246,-20.11076341900499],[-44.17343706137968,-20.11117744693589],[-44.17319527537833,-20.11138868365773],[-44.1730053021312,-20.11133878465549],[-44.17296163868835,-20.11142026065624],[-44.17287897848917,-20.11151788992968],[-44.17273636971665,-20.11150496905035],[-44.17258960930021,-20.11145935629747],[-44.1725843412021,-20.11163902914898],[-44.17258731202735,-20.11189633731661],[-44.17252200952554,-20.11198179571947],[-44.17223128643622,-20.11218054933488],[-44.17183658487053,-20.11241965461722],[-44.17153271776791,-20.11265101757847],[-44.17114250952946,-20.11285747006133],[-44.17110884672361,-20.11268169841426],[-44.17104982404572,-20.1123955386619],[-44.17094685719729,-20.11224394546536],[-44.17087312192857,-20.11228852324796],[-44.17078045747741,-20.11264339856811],[-44.17064346028216,-20.1132063510581],[-44.17071603395843,-20.113382305726],[-44.1707121601998,-20.11411741346047],[-44.17069159482978,-20.11473808973573],[-44.17046263846913,-20.11552114717941],[-44.17061337786211,-20.11645301542293],[-44.17086900404033,-20.11717300703025],[-44.17103927928157,-20.11768022744533],[-44.17024563286049,-20.11731710017656],[-44.17006348216578,-20.11742242782831],[-44.16899045583675,-20.11756439969826],[-44.16800450438748,-20.11759242300048],[-44.16689593529456,-20.1179139115717],[-44.16571939693686,-20.11800636595059],[-44.16545920111199,-20.11815215973692],[-44.16508123796419,-20.11767662351941],[-44.16446219899994,-20.11761853338993],[-44.16230293099994,-20.11770476738988],[-44.16132605199991,-20.11811059638991],[-44.16107295599994,-20.11882855038992],[-44.16078357199994,-20.11902725638987],[-44.16021738199996,-20.11926442438991],[-44.15997248999996,-20.11866283938987],[-44.15998872699996,-20.11737381838992],[-44.15925692299992,-20.1172344133899],[-44.1591985135889,-20.11677875569049],[-44.15810871299993,-20.11684574638991],[-44.15751766999994,-20.11718105438992],[-44.1566877529342,-20.11720248942296],[-44.1559655934281,-20.11735242922622],[-44.15536763348302,-20.11755141910454],[-44.1547207130531,-20.11844745860742],[-44.15320259323787,-20.1191444186839],[-44.15280479297277,-20.11909446813242],[-44.15243183323111,-20.11911948871501],[-44.15218271326556,-20.11896945873677],[-44.15185871315317,-20.11852143875754],[-44.15190875366088,-20.11720248953377],[-44.15195879365066,-20.11660542982174],[-44.15178491298403,-20.11620744992312],[-44.15131187376718,-20.11570948053222],[-44.15103791355079,-20.11568446012058],[-44.15056487324958,-20.11590846967924],[-44.15053967334181,-20.11640643990159],[-44.15051483307209,-20.11663044980351],[-44.15018775024159,-20.11759304944498],[-44.15006663345667,-20.11794948932867],[-44.14971887321092,-20.1182734884982],[-44.14899671328695,-20.11847247913545],[-44.14874759292846,-20.11844745924899],[-44.14832459350574,-20.1181484786874],[-44.14812587369238,-20.11775049930733],[-44.14815071347108,-20.11760145901457],[-44.14752863304046,-20.11765041960023],[-44.14703075353841,-20.1180734192867],[-44.14635863346474,-20.11809843905078],[-44.14596083362816,-20.11864644862698],[-44.14576175362064,-20.11896945824694],[-44.14551263293009,-20.11966641813455],[-44.1449997028368,-20.12000435343947],[-44.14456691364612,-20.12028948770453],[-44.14429259352042,-20.12056245795477],[-44.14354667364486,-20.12120946741879],[-44.14339691315767,-20.1214834269691],[-44.14319783316433,-20.12205645716455],[-44.14252571372511,-20.1221054165228],[-44.14182983361348,-20.12213043661571],[-44.14100759384594,-20.12178141745837],[-44.14060979369803,-20.12118444733536],[-44.14011191368643,-20.12061249725204],[-44.13993767361279,-20.1203384478287],[-44.1391168736517,-20.12013945825983],[-44.13881771335147,-20.12018949774736],[-44.13839471351447,-20.12031342802442],[-44.13799477830856,-20.12030587021881],[-44.13707567294491,-20.12028849768631],[-44.13672791298392,-20.12086143741392],[-44.1361796332724,-20.12183145698931],[-44.13592359276574,-20.12195048389317],[-44.13548267355937,-20.12215545674279],[-44.13518387341182,-20.12257845671613],[-44.13491063384816,-20.12327541599797],[-44.13456179376922,-20.12377248569576],[-44.13443759295894,-20.12419647580253],[-44.13336767375055,-20.12429547607871],[-44.13291405412141,-20.12437876551644],[-44.13291244981285,-20.12438380048697],[-44.13290284289468,-20.12444354470801],[-44.13287538189669,-20.12451495031807],[-44.13286086892639,-20.12454578125335],[-44.13284001040924,-20.12459658525668],[-44.13282389331616,-20.12461783942175],[-44.13280317128434,-20.12466834952502],[-44.1327859410688,-20.12473723747767],[-44.13278305601404,-20.12477554487101],[-44.13275913783802,-20.12480696203298],[-44.13274041850493,-20.12486588524011],[-44.13271835956858,-20.12490623345659],[-44.13270426605765,-20.1249361032265],[-44.1326648514104,-20.12498775924634],[-44.13264127854841,-20.12501865220716],[-44.13260818645753,-20.12505068833807],[-44.13255781388195,-20.12509409316949],[-44.13252669652927,-20.12513492989606],[-44.13249567937672,-20.12517563518737],[-44.13247607152637,-20.1252239143744],[-44.13245654125998,-20.12527200057501],[-44.13244476371017,-20.12530984855097],[-44.13242536447093,-20.12535759022567],[-44.13241367832951,-20.12539516667209],[-44.13240202919187,-20.12543262402743],[-44.1323828143837,-20.12547987686514],[-44.13238065083026,-20.12551587464051],[-44.13237092291156,-20.12556160465448],[-44.13235942302482,-20.12559853505152],[-44.13226304429537,-20.12573218935612],[-44.13225856771138,-20.12577196714887],[-44.13224061865063,-20.12586530497662],[-44.13222948495754,-20.12593138924834],[-44.1322273854555,-20.12598316377676],[-44.13223426762907,-20.12602078552657],[-44.13222550205165,-20.12609858457417],[-44.13222342324815,-20.12614972760355],[-44.13221016003214,-20.12620211130352],[-44.13219694572503,-20.12625429826306],[-44.13217722280094,-20.12633222859692],[-44.13216184268573,-20.12637174488289],[-44.13209793169064,-20.12645471014891],[-44.13205183388542,-20.12651023564609],[-44.13200826141964,-20.12657758420943],[-44.13197118572916,-20.12661925529745],[-44.13195387261697,-20.12664603065417],[-44.13193896781387,-20.12668469085972],[-44.13188494046354,-20.12675263486461],[-44.13184825966133,-20.12679381090141],[-44.13182504446569,-20.126845267274],[-44.13180558011755,-20.12685985090861],[-44.131801913534,-20.1268965334032],[-44.13179703161584,-20.12698128197041],[-44.13174878415327,-20.12707107394996],[-44.13172599628975,-20.1271215303445],[-44.13170573368716,-20.12718330471862],[-44.13168556350475,-20.12724479762898],[-44.13168456032282,-20.12729185815956],[-44.13168013099237,-20.12737415031628],[-44.13167914281708,-20.12742074467472],[-44.13167232703672,-20.12749100389802],[-44.13166312210904,-20.12754971900975],[-44.131640894004,-20.12759840442512],[-44.1316269313492,-20.12763446422633],[-44.13162273670383,-20.12771461425098],[-44.13161943667478,-20.1277490043625],[-44.13130793346324,-20.12844943506844],[-44.13095130738985,-20.12880184544148],[-44.13061764432102,-20.1288546332447],[-44.1302154096341,-20.12892645561481],[-44.12985213041738,-20.12889919984299],[-44.12940892503356,-20.12881808039755],[-44.12924007892361,-20.12874351821317],[-44.12912040330043,-20.12861880008748],[-44.12902020411431,-20.12849004065254],[-44.12892032365166,-20.12832639840024],[-44.12882341601841,-20.12813732519837],[-44.12876318616027,-20.12796328349889],[-44.12869136044063,-20.12778807938878],[-44.12842311511484,-20.12751664923707],[-44.12827013135607,-20.1272964395655],[-44.12814106559876,-20.12702789383458],[-44.12815708864142,-20.12680513419951],[-44.1282462882267,-20.12658962621427],[-44.12824640325661,-20.12639232925458],[-44.12822115126521,-20.12624807594082],[-44.12819998928934,-20.1261443266499],[-44.12818454130142,-20.12599573314778],[-44.12823633042984,-20.12578195569593],[-44.12830249935518,-20.12548437401073],[-44.12810916500712,-20.1251665321297],[-44.12713619284764,-20.12454710888747],[-44.12676171054858,-20.1236128755671],[-44.12671945237994,-20.12210651591103],[-44.12663876366982,-20.12173484872482],[-44.12608418212431,-20.12150855887153],[-44.12641135815265,-20.12138825262109],[-44.12652201552988,-20.12119706750141],[-44.1255121389238,-20.12073782340579],[-44.12549081722882,-20.12002050357941],[-44.12410210337575,-20.11941593163692],[-44.12291681136005,-20.11864501069805],[-44.12241168598795,-20.11845124136598],[-44.12158074146539,-20.1176820758473],[-44.12092670336198,-20.11696160303423],[-44.12019447230124,-20.11664715688296],[-44.11978114415796,-20.11644839599755],[-44.11901491411025,-20.11607992954854],[-44.11865780902097,-20.11617009213379],[-44.11815488184849,-20.11629707020541],[-44.11752331603984,-20.11668210377155],[-44.11723503361706,-20.11663762730505],[-44.11693185936839,-20.11622442917066],[-44.11689436355675,-20.11645661817309],[-44.11693831484436,-20.11676535923305],[-44.11680155613713,-20.11689317800984],[-44.11578623104371,-20.11741404436477],[-44.11522821495289,-20.11762641000454],[-44.1150490310698,-20.11798411681121],[-44.11446032490289,-20.1185673649163],[-44.11477070477486,-20.11873388247492],[-44.11477989546928,-20.1188172570943],[-44.11479069262428,-20.11891519815849],[-44.11476751217859,-20.11943625772288],[-44.11510030825419,-20.11966743588794],[-44.11531230439243,-20.11995333684108],[-44.11535653189512,-20.12001298407711],[-44.11582551903443,-20.1203309095708],[-44.11638820261506,-20.12019028786828],[-44.11644179459628,-20.12020604910282],[-44.11611773059806,-20.12036520416746],[-44.11465155621892,-20.12108526219051],[-44.1130350963836,-20.12187910538265],[-44.11043875538034,-20.12315411933869],[-44.11020947323549,-20.12291825754642],[-44.1100969138974,-20.12280246677259],[-44.10962459296589,-20.12275242679307],[-44.10929967090291,-20.12289124772207],[-44.1092757537018,-20.12290146646882],[-44.10912671315469,-20.12329944634214],[-44.10917675322148,-20.12367348626861],[-44.10952487366517,-20.12404644600168],[-44.10949967371003,-20.12464341553607],[-44.10882791323142,-20.12489244563621],[-44.10828071338599,-20.12471748581598],[-44.10738467326679,-20.12484249539123],[-44.10643859310893,-20.12511645532111],[-44.10628991371463,-20.12524047494042],[-44.1059652563432,-20.12532695951282],[-44.10595616592822,-20.12532938106479],[-44.10597773845397,-20.12558884530541],[-44.10575767406503,-20.12579448072658],[-44.105840837864,-20.12613948766645],[-44.10618100784928,-20.12619864379294],[-44.10643016272224,-20.1262499891912],[-44.10653137475729,-20.12635601948073],[-44.10658397734525,-20.12644423070216],[-44.10663639804854,-20.12653213648358],[-44.10666534108997,-20.12662282373775],[-44.1067176407055,-20.12669612717514],[-44.10674205945117,-20.12673035259946],[-44.10679391290275,-20.12681727147345],[-44.10679925799322,-20.12691002939058],[-44.10685214345101,-20.12701940542272],[-44.10687914802049,-20.12708541803081],[-44.10693168100451,-20.12719404590475],[-44.10698398996959,-20.12730220909706],[-44.10699019734073,-20.12741598664183],[-44.10699637877381,-20.12752927883593],[-44.10698216599673,-20.1276901021899],[-44.10698463552087,-20.12773501226321],[-44.10694403520024,-20.12783063303296],[-44.10692629785926,-20.12792292250342],[-44.10686324263883,-20.12802090978285],[-44.10679909710743,-20.12809643324438],[-44.10671248461279,-20.12817476316582],[-44.10657670953998,-20.12819274010521],[-44.10651025173539,-20.12822378247097],[-44.10641978001409,-20.12823575518405],[-44.10628710872567,-20.12829775335996],[-44.10622085406148,-20.12832872074287],[-44.10610949613257,-20.12836564432016],[-44.1059998667595,-20.12842445747257],[-44.10590962555679,-20.12843641120897],[-44.10579682643354,-20.12845135242236],[-44.10565667684257,-20.12858510902799],[-44.10558479180322,-20.12873232093087],[-44.10566217458018,-20.12895484840078],[-44.1058165461845,-20.12907479998255],[-44.10578726417059,-20.12914500437922],[-44.10593396301648,-20.12927783981262],[-44.10597105130132,-20.12943883377587],[-44.10600996995858,-20.12954527848881],[-44.10605540172308,-20.12957566018034],[-44.10611015004071,-20.1295716305222],[-44.10613248639695,-20.12965358294597],[-44.10607611999214,-20.12967483369718],[-44.10592431743911,-20.12963745193466],[-44.10575251773906,-20.12964160514154],[-44.10564290293702,-20.12972391185353],[-44.10554361828541,-20.12979846225592],[-44.10553211950997,-20.12990466836596],[-44.10546781749196,-20.12998474538777],[-44.10550366302866,-20.13009691769933],[-44.10526039717956,-20.13010429758661],[-44.10507543416755,-20.13055131913832],[-44.1051473864373,-20.13072972044775],[-44.10511590540681,-20.13091908187257],[-44.10500639145742,-20.13093001198003],[-44.10479937732733,-20.1309777769402],[-44.10436531117642,-20.13085496668223],[-44.10401643773125,-20.13072110319899],[-44.10382532859183,-20.13064547133781],[-44.10384391368609,-20.13058526334342],[-44.10393067072377,-20.13056632104914],[-44.1039241129839,-20.1305167539687],[-44.10392361838208,-20.130470089261],[-44.10386835155005,-20.13043175981555],[-44.10373658043556,-20.13034709748077],[-44.10358737776921,-20.13025373175406],[-44.10349214284005,-20.13015992208203],[-44.10347711482321,-20.13004459250621],[-44.10340108023567,-20.12985503601092],[-44.10332399377138,-20.12990464383948],[-44.10328529170854,-20.12995209402428],[-44.10320533985938,-20.1300260339271],[-44.10312558604521,-20.130099792277],[-44.10306520140484,-20.13014983013569],[-44.10298296071762,-20.13020268882565],[-44.10290085727132,-20.1302554614309],[-44.10275021867496,-20.13029630857096],[-44.10266251152078,-20.13030790484174],[-44.10257779069529,-20.13034001918908],[-44.10246820505049,-20.13035450923628],[-44.1023428688018,-20.13041288130661],[-44.10227717591054,-20.13042157790125],[-44.10219272701144,-20.1304536283864],[-44.10210834996727,-20.13048565479949],[-44.10200217585304,-20.1305205518975],[-44.10191795115934,-20.13055252387513],[-44.10176824988942,-20.13059315175077],[-44.10172455219514,-20.13059894049835],[-44.10162204125465,-20.13065405895627],[-44.10153472146921,-20.13066562410179],[-44.10143245496177,-20.13072063978085],[-44.10135215062417,-20.13077267807303],[-44.10105782467978,-20.13087363203046],[-44.10096352990993,-20.13084482323579],[-44.10092355534167,-20.1307465837834],[-44.10088341951811,-20.13064794412194],[-44.10086871570851,-20.13056642131049],[-44.10085027042189,-20.13046414338187],[-44.10083545911823,-20.13038201733756],[-44.10081886401491,-20.13030902451294],[-44.10082242803919,-20.13014802741779],[-44.10076828018368,-20.12993929484569],[-44.10082235632168,-20.12969836179172],[-44.1008709592787,-20.12956448017384],[-44.10087829616945,-20.12947644842829],[-44.10090431426947,-20.12936376228566],[-44.10093044217979,-20.12925060322592],[-44.10096042629211,-20.12915854050671],[-44.10099051163994,-20.1290661665649],[-44.10097553799907,-20.12897947576054],[-44.10097561971342,-20.12884588422666],[-44.10099075226453,-20.12879919803672],[-44.10099463782577,-20.12868666011205],[-44.10098333778831,-20.12862071955785],[-44.10101376845482,-20.12852648872],[-44.10099112037623,-20.12839363512461],[-44.10097215625947,-20.12828239745178],[-44.10095310600448,-20.12817066869841],[-44.1009378063597,-20.12808094293759],[-44.10094546187163,-20.12798785732064],[-44.10094544483466,-20.12784493138805],[-44.10093819108332,-20.12769557487916],[-44.10089693116744,-20.12746755537702],[-44.10088758565886,-20.12732967347528],[-44.10097525079692,-20.12724014577895],[-44.10116114486106,-20.12734064012146],[-44.10130281919385,-20.12728586518465],[-44.10145092773914,-20.1271725200591],[-44.10153166952037,-20.12705346062434],[-44.10161599290087,-20.12700791221206],[-44.10172536084851,-20.12685344035724],[-44.1017440719763,-20.12677121771641],[-44.10170600042404,-20.12669444972056],[-44.10162126982331,-20.12662510078856],[-44.10141914058153,-20.12652835261212],[-44.10132425481256,-20.12646278020537],[-44.10123756306773,-20.12638193491063],[-44.10117741659352,-20.12626676726586],[-44.10115564770415,-20.12617476676307],[-44.10114620352392,-20.12605411362992],[-44.10115306063442,-20.12591822899724],[-44.10114357173968,-20.12580523339349],[-44.10115438451135,-20.12568659820951],[-44.1011497493533,-20.12557666605959],[-44.10117938084371,-20.12521387813622],[-44.10101484032123,-20.1249239706399],[-44.10109472658918,-20.12477240516911],[-44.101124008509,-20.12471782872964],[-44.1010986647687,-20.12462627434404],[-44.10105056607552,-20.12447346863564],[-44.10103681137231,-20.12434570509146],[-44.10103807555612,-20.12412452831186],[-44.10123767237423,-20.12383823578328],[-44.1013204677211,-20.12371324466793],[-44.10135470778774,-20.12363589105102],[-44.10134729449101,-20.12353557557813],[-44.10137271367559,-20.12344216244948],[-44.10142894085522,-20.12331931608492],[-44.10146318077535,-20.12324196243824],[-44.10148288412773,-20.1231736556589],[-44.1014763322731,-20.12305276955113],[-44.10147000186016,-20.12289312049069],[-44.10145030291033,-20.12278665360599],[-44.10136277574872,-20.12264630806986],[-44.10131035681722,-20.12252518816342],[-44.10127980781026,-20.12237909708369],[-44.10128563907488,-20.122203548324],[-44.10131790766872,-20.12204865647778],[-44.10137635300377,-20.12196002500491],[-44.10144205345244,-20.12186915024439],[-44.1014835872704,-20.12178271278187],[-44.10147989231159,-20.1215843130459],[-44.10145178338614,-20.12143367393577],[-44.10133444332261,-20.1212976014202],[-44.1013132929046,-20.12116617998393],[-44.10128984292481,-20.12104520771989],[-44.10127122105156,-20.12092426006198],[-44.10126226837146,-20.12080108144692],[-44.10119250888381,-20.12075740128896],[-44.10108882266578,-20.12073635054779],[-44.10100239957789,-20.12065154103681],[-44.10086804783656,-20.12050492059845],[-44.10070942571442,-20.12038097868349],[-44.10059396951851,-20.12030742210586],[-44.10051247928622,-20.12020439560736],[-44.10035822940625,-20.12016028410088],[-44.10022731127275,-20.12025766640797],[-44.10016960940978,-20.12021632762889],[-44.10007821557975,-20.12015657495894],[-44.09999639964479,-20.12011055257132],[-44.09988571985441,-20.12004614088467],[-44.09981374278969,-20.11996824528189],[-44.09971801705898,-20.11982182120092],[-44.09974304454457,-20.1196668926661],[-44.09977754536371,-20.11954393584853],[-44.09972096605098,-20.11930650202056],[-44.0997121973046,-20.11915140092593],[-44.0997514477446,-20.11904214979395],[-44.09981037548433,-20.11886915237877],[-44.09981110610402,-20.11874146265618],[-44.09962832046863,-20.11862195695575],[-44.09962582604314,-20.11862043963804],[-44.09956979348097,-20.11862043960289],[-44.09904671312751,-20.11904343912905],[-44.09873428516934,-20.1191000011676],[-44.09849987341697,-20.11914243873865],[-44.09778059572657,-20.11870589453246],[-44.09727983348975,-20.11901841936013],[-44.09685683312483,-20.11988943844314],[-44.09676144334616,-20.12015202009587],[-44.09665775338858,-20.12043744871574],[-44.09615987323078,-20.1206364385765],[-44.09518967371786,-20.12041242818929],[-44.09498782393626,-20.12031684196551],[-44.09497196977794,-20.12030933419393],[-44.09471663295722,-20.12018841858941],[-44.09401967362052,-20.11921749876108],[-44.09329787330727,-20.11807242922088],[-44.09297459363432,-20.11772448983994],[-44.09275206231681,-20.11760253425765],[-44.09220275382889,-20.11730149044022],[-44.09185463370454,-20.11700242001029],[-44.09160587292494,-20.11643047040796],[-44.09158067293134,-20.11570849052332],[-44.09174016966116,-20.11530946251847],[-44.09202778662672,-20.11495158836258],[-44.0923517932599,-20.11461346144244],[-44.0926009131158,-20.11399147155618],[-44.09243269191396,-20.11340117379924],[-44.09153063333678,-20.11312045210222],[-44.09038583318996,-20.1130954322666],[-44.08963991384815,-20.11371742229817],[-44.08889291322574,-20.11376746200687],[-44.08874387342686,-20.11364245214086],[-44.08787267301673,-20.11336849179147],[-44.08774775356795,-20.11237345237949],[-44.08782263345763,-20.11204945282836],[-44.08793459345766,-20.11175047324347],[-44.08815887342844,-20.11142746281356],[-44.08883063369461,-20.11125250360307],[-44.08912871340041,-20.11080448376496],[-44.08905491313348,-20.11015747379855],[-44.08878059313364,-20.10948544373164],[-44.08833275293804,-20.10941146408186],[-44.08803359295468,-20.10916243452202],[-44.08770374818661,-20.10872671919772],[-44.08687774586745,-20.10763558421113],[-44.08669558651616,-20.10781462509726],[-44.08611002165603,-20.10719282463317],[-44.08609412797355,-20.1071252646315],[-44.08633549771231,-20.10672892614465],[-44.08633749053494,-20.10638555199681],[-44.08615645115921,-20.10626717197927],[-44.08542888430476,-20.10638084419824],[-44.08512446130717,-20.10609017602404],[-44.08476165070972,-20.10597979546466],[-44.08408850601123,-20.10660886567507],[-44.08366732857381,-20.10666088190622],[-44.08300109836449,-20.10608818535876],[-44.08244702514091,-20.1059768058793],[-44.08214714704288,-20.1065445712128],[-44.08190708493682,-20.10671496855247],[-44.08160129883088,-20.10665917280854],[-44.0812971995055,-20.10631420540463],[-44.08099080731504,-20.10637584771131],[-44.08032510550935,-20.10734823447532],[-44.08074296160855,-20.10786544358606],[-44.08110540471172,-20.10803897821692],[-44.08196121664759,-20.10890184843239],[-44.08329538055742,-20.10975816736735],[-44.08402746104628,-20.11051188631566],[-44.08420526987747,-20.11119948748221],[-44.08402078208611,-20.11165935590412],[-44.08365532877366,-20.11200084088395],[-44.08256459386515,-20.11205840899282],[-44.0813433050858,-20.11153702126305],[-44.08097977216951,-20.11153512754217],[-44.08079704200718,-20.11170582168254],[-44.08080228437449,-20.11245585471804],[-44.08067721277295,-20.11257264501519],[-44.08043806319749,-20.11257139836167],[-44.08006807350426,-20.11205443896596],[-44.07970461892072,-20.1120525420811],[-44.07915441266061,-20.11290808412927],[-44.07878950191645,-20.1131410627755],[-44.0773363079572,-20.11302505765033],[-44.07703120040821,-20.11285181516047],[-44.07654375460378,-20.11279496837593],[-44.07623896657564,-20.1125675221441],[-44.07624002708141,-20.11238684681229],[-44.07691229875552,-20.11192954171131],[-44.07727845539296,-20.1114706318984],[-44.07728009774851,-20.1111904957457],[-44.07695712387945,-20.11096498235327],[-44.07666964991455,-20.110898212217],[-44.07642095993405,-20.11089691026223],[-44.07605782562673,-20.1108408035366],[-44.07581968832226,-20.11066781951904],[-44.07569599303464,-20.11054972844911],[-44.0756970009934,-20.11037808759396],[-44.07569864606645,-20.11009795153191],[-44.0758155020524,-20.10975527059819],[-44.07599892495924,-20.10946705289614],[-44.07636306231736,-20.10935151781031],[-44.0765468017345,-20.10900909611973],[-44.07667211283031,-20.1088381058561],[-44.07697991447959,-20.10855053706896],[-44.07734442066256,-20.10837176378588],[-44.07747122475455,-20.10788489883856],[-44.07740586416398,-20.1076854088897],[-44.07740687063745,-20.10751367663834],[-44.07722546644177,-20.10745852374035],[-44.07685271820687,-20.10740236950694],[-44.07655623643652,-20.10740081784119],[-44.07612551119654,-20.10745276682562],[-44.07576201459973,-20.10745989672739],[-44.07552356279969,-20.10734120434389],[-44.07540058632882,-20.10711470957643],[-44.07522295221339,-20.10641797737491],[-44.07509407106385,-20.10555897860121],[-44.07509832374736,-20.10483507159008],[-44.07469951759845,-20.1049519279752],[-44.07378564950816,-20.10434878334605],[-44.07346351266026,-20.10470104371605],[-44.07327890466039,-20.10475759978157],[-44.07205787818567,-20.10463945160216],[-44.07163601085819,-20.1048088784482],[-44.07114819370079,-20.10480631099282],[-44.07096711489277,-20.10469694946591],[-44.0708452137814,-20.10428968622032],[-44.07182102285973,-20.10263229132412],[-44.07176050784822,-20.10153867561645],[-44.07194594987688,-20.100907179163],[-44.07182234434776,-20.10078908608231],[-44.07127675044005,-20.10084945346377],[-44.07018337095101,-20.10136775912785],[-44.06976252466355,-20.10136554107924],[-44.06933384479658,-20.10107410137404],[-44.06890783616542,-20.10033097358077],[-44.06854612012591,-20.10003988538065],[-44.06836916397234,-20.09923483374082],[-44.06799675887198,-20.09912445835511],[-44.06702361037674,-20.10033005481041],[-44.06655789016377,-20.10018922647303],[-44.06635375843431,-20.10013340141622],[-44.06615642518009,-20.1000794353173],[-44.06590520298534,-20.0994844003143],[-44.06551782484601,-20.09892071527977],[-44.06502806114039,-20.09845278729903],[-44.06447041198756,-20.09796850850132],[-44.06364346159534,-20.0974024024631],[-44.06342157903261,-20.09725694916732],[-44.06276082009701,-20.09696453950094],[-44.06228601991464,-20.09683364629507],[-44.06160676199012,-20.09681404643489],[-44.06143736214461,-20.09673292441858],[-44.06121757205912,-20.09657131457983],[-44.06069213193481,-20.09637591760829],[-44.05996269378301,-20.0962276734108],[-44.0594872287823,-20.09620905953699],[-44.05904625122971,-20.09609441854442],[-44.05898359623581,-20.09578322933394],[-44.05962554808053,-20.09555131957788],[-44.05995283678115,-20.0955799832571],[-44.06027960592272,-20.09568254130921],[-44.0607706221017,-20.09569861529722],[-44.06146586702113,-20.09553600041823],[-44.06215842079816,-20.09570599551081],[-44.06245030416386,-20.09569408518902],[-44.062857268892,-20.09548106028111],[-44.06097967579602,-20.09355116477851],[-44.05837897166998,-20.09316227110066],[-44.05646406406382,-20.09293039165798],[-44.05537529076424,-20.09186137174492],[-44.05446565746843,-20.09081555999672],[-44.05458338699995,-20.09050766339061],[-44.05498460399996,-20.08978587139059],[-44.05540462618028,-20.08919878834807],[-44.05593899899996,-20.08845186439067],[-44.05555250261527,-20.08805914538756],[-44.05488123885758,-20.08737706812486],[-44.05390563406603,-20.08638573134772],[-44.05383299511492,-20.08622905760378],[-44.05383596994197,-20.08573356654107],[-44.05378612598879,-20.08558948020187],[-44.05370198898988,-20.08550908057877],[-44.05368642521323,-20.08527718848694],[-44.05364429038089,-20.08515547983083],[-44.05377361141866,-20.08519352786577],[-44.05389240679065,-20.08507953646118],[-44.05398818213622,-20.08498763399145],[-44.05471304221732,-20.08429207980045],[-44.05516393092147,-20.08474687741761],[-44.05610607803206,-20.08401315876627],[-44.056252241486,-20.08416394419192],[-44.05711027253302,-20.08300668718931],[-44.05521132589342,-20.08097911798237],[-44.05325510322686,-20.07889031919365],[-44.04895913086359,-20.07430293873708],[-44.04889414602206,-20.07456017374023],[-44.04873134805312,-20.07470273845751],[-44.04851823419768,-20.07479721824969],[-44.0482243844205,-20.07485301179623],[-44.04766327794878,-20.07468145656544],[-44.04750779272069,-20.07463391743129],[-44.04724390253401,-20.07455323343707],[-44.04717372662174,-20.07453177718697],[-44.0471158359999,-20.07426221539102],[-44.04689304209444,-20.07377002457439],[-44.04608068711389,-20.07323083634822],[-44.04615050809756,-20.07310808158704],[-44.04459728889599,-20.07156881434467],[-44.04463222195343,-20.07060536318418],[-44.04401751514051,-20.06972566523071],[-44.04324166217722,-20.0692836855821],[-44.04153526907361,-20.0709154344297],[-44.03894820579838,-20.07268017169478],[-44.03825085631836,-20.0731558475],[-44.03689010904266,-20.07408402335692],[-44.03628805540485,-20.07449468160756],[-44.03473098117787,-20.07555673540098],[-44.03249533035722,-20.07838161070361],[-44.03111877985696,-20.08012089543989],[-44.03039787999995,-20.08017461039087],[-44.02849192299994,-20.08747915939065],[-44.02874139499993,-20.08744129339065],[-44.02950128289298,-20.08742225526505],[-44.03008999602942,-20.08733289332826],[-44.0307273971487,-20.0872901403497],[-44.03214799302659,-20.08741365659006],[-44.03276066295869,-20.08741701429068],[-44.03310407012569,-20.0873726425632],[-44.03442962519731,-20.08700941948296],[-44.03479747883943,-20.0869650872954],[-44.03491988604642,-20.08698897335337],[-44.03523380600785,-20.0877546782156],[-44.03579204322578,-20.08863753053931],[-44.03600964490773,-20.08912491824329],[-44.03655267278334,-20.09002015120189],[-44.03698112392758,-20.09056569157355],[-44.03756348198809,-20.09151814031024],[-44.03758609084317,-20.09181927045633],[-44.03731526398212,-20.09202620361568],[-44.03581516808829,-20.09287469123105],[-44.03470765810751,-20.09363262754053],[-44.03409354412945,-20.0938608045762],[-44.03340479121292,-20.09427376356258],[-44.03268965882408,-20.09498758024099],[-44.0321240221454,-20.09530861243223],[-44.03188013631208,-20.09537727602897],[-44.0315593790393,-20.09546758139193],[-44.03074791282913,-20.09590307226002],[-44.02965064879498,-20.0967061092249],[-44.02946583001623,-20.09714630346041],[-44.02955195503547,-20.09755333357388],[-44.0297269140026,-20.09853686357319],[-44.02967429380296,-20.09911536924686],[-44.02952585980299,-20.09934608824114],[-44.02910849310728,-20.09945960622654],[-44.02827304417288,-20.09980226627002],[-44.0278312262216,-20.09991564638199],[-44.02729144120744,-20.10000526752211],[-44.02665355892326,-20.10011747354007],[-44.0263586051254,-20.10025478560543],[-44.02562365571418,-20.10297324676515],[-44.02494839699994,-20.10547082839022],[-44.02496122399996,-20.10823472939012],[-44.02544940099993,-20.10856155839011],[-44.02581472699994,-20.10893405039012],[-44.02632700799995,-20.10933048039014],[-44.02653078099996,-20.1093753983901],[-44.02640522399994,-20.11003452939008],[-44.02528229699994,-20.11138224239008],[-44.02483148899994,-20.11224995239003],[-44.02468511299997,-20.11299981238999],[-44.02438090182817,-20.11359474357289],[-44.02408049099994,-20.11418223738997],[-44.02376866599995,-20.11549059538996],[-44.02362242899994,-20.11621654738996],[-44.0232737819999,-20.11693181638994],[-44.02284325199997,-20.1177900693899],[-44.02245344999994,-20.1186102973899],[-44.02185610599994,-20.11963690538986],[-44.02225460199996,-20.12039361638982],[-44.02321409399995,-20.12076231538984],[-44.02463619799992,-20.12163082638981],[-44.02500708199995,-20.12405625438977],[-44.02667648099995,-20.12415012438977],[-44.02733469699994,-20.12473255038972],[-44.02769670699994,-20.12566068738974],[-44.02810676899994,-20.12672793838966],[-44.02836988099995,-20.12779446838967],[-44.02871698599994,-20.12881794538964],[-44.02882572799995,-20.12939450938959],[-44.02857595186634,-20.1298241706773],[-44.0284287379956,-20.12982335923993],[-44.0283109661389,-20.12982270999733],[-44.02813413742795,-20.12984954468065],[-44.02789842272412,-20.1298760544142],[-44.02772176586612,-20.12987507999215],[-44.0276330930019,-20.12993021008235],[-44.02748570706635,-20.12995720653723],[-44.02736759109185,-20.13001217312218],[-44.02719007380707,-20.13015024156623],[-44.0270120399362,-20.1303717349488],[-44.02701031898677,-20.13064981992217],[-44.02695040012051,-20.13081634688515],[-44.02689013688151,-20.13103849026679],[-44.0268004311955,-20.13126047103914],[-44.02676961081398,-20.1314827760324],[-44.02676806147754,-20.13173305318204],[-44.02676720072186,-20.1318720965418],[-44.02682471025488,-20.13209489019168],[-44.02685260342696,-20.13234532900528],[-44.0268517427176,-20.13248437235888],[-44.02687894836771,-20.13284604584631],[-44.02687722694746,-20.13312413163417],[-44.02687584979157,-20.13334660007735],[-44.0268743004684,-20.13359687718205],[-44.02687275112743,-20.13384715337601],[-44.02687120175749,-20.13409743046628],[-44.02686930805009,-20.13440332487872],[-44.02689703033468,-20.13468157230983],[-44.02692458053637,-20.13498762929875],[-44.02701119091147,-20.13526620278389],[-44.02703874139167,-20.13557225884487],[-44.02703770856285,-20.13573910991364],[-44.02697778753528,-20.13590563671228],[-44.02685932248478,-20.1360162200473],[-44.02674085821873,-20.1361268042032],[-44.02659329408758,-20.13618160739991],[-44.02635774193809,-20.13618030599572],[-44.02618107712059,-20.13617932973203],[-44.02606295690466,-20.13623429610093],[-44.02612098366369,-20.13637366394066],[-44.02620759228937,-20.13665223774512],[-44.02632347415769,-20.13695878287821],[-44.02638063909152,-20.13723719299179],[-44.02643763289426,-20.13754341264654],[-44.02643573799649,-20.13784930599641],[-44.02637615998805,-20.13796021519304],[-44.02619863258342,-20.13809828120512],[-44.02584478345781,-20.13817975394737],[-44.02549145034936,-20.13817780003424],[-44.02510936375237,-20.13806444794745],[-44.02475706731782,-20.1378956416644],[-44.02437567155663,-20.13767105439605],[-44.02405264852058,-20.13753021843259],[-44.02369931706142,-20.13752826098624],[-44.02357946732948,-20.13786131006627],[-44.02369482555886,-20.13825128168128],[-44.02389920892929,-20.13853050902359],[-44.02425047074333,-20.13886616881067],[-44.02451409046818,-20.13909010436644],[-44.02471830378196,-20.13939713856503],[-44.02483401095751,-20.13973149226944],[-44.02486242037097,-20.13989850703027],[-44.02456797313681,-20.13989687704486],[-44.0241857104939,-20.13981133145664],[-44.02383289308262,-20.13972594820299],[-44.02342084092755,-20.13969585598319],[-44.02297969000848,-20.13960998138595],[-44.02271503410883,-20.13955289438269],[-44.0222149946166,-20.13946669213541],[-44.02177419134438,-20.13932519735684],[-44.02148061123042,-20.13918452013603],[-44.02127623149191,-20.13890529015107],[-44.02107202568429,-20.13859825225084],[-44.02080945148577,-20.13820746106132],[-44.02042875530345,-20.13787163106257],[-44.02001740262159,-20.13773029671516],[-44.01963462772846,-20.1377281673355],[-44.01934001150086,-20.13775433737404],[-44.01910376326011,-20.1378642596302],[-44.01874973706818,-20.13797352657328],[-44.01851435645493,-20.13794440598936],[-44.01813297108734,-20.13771980557809],[-44.01778190010186,-20.13735632652906],[-44.01766568727966,-20.13710539363018],[-44.01763798118512,-20.13682714457945],[-44.01743361135367,-20.1365479104748],[-44.01708167501813,-20.13632347214386],[-44.01646422229923,-20.13618097993446],[-44.01593405725242,-20.13620582943575],[-44.01558090475903,-20.13617604727516],[-44.01516990886108,-20.13597908481909],[-44.01478923047095,-20.13564324418146],[-44.0144374744908,-20.13539099223012],[-44.01376009362108,-20.13541501182582],[-44.01352314730433,-20.13563616081003],[-44.01343394281535,-20.13577470811813],[-44.0133147714414,-20.13599651614698],[-44.0132257411412,-20.13610725478242],[-44.01304803034524,-20.13627311662432],[-44.01263546639098,-20.13632642344316],[-44.01222307696237,-20.13635192165121],[-44.01163402317818,-20.13637642803183],[-44.01110368338073,-20.13642907146941],[-44.01077874968404,-20.13659410370301],[-44.01060086079495,-20.13678777055381],[-44.01042262128219,-20.13703705424021],[-44.01039142614958,-20.13731497315064],[-44.01039020045048,-20.13750963186887],[-44.01018269059174,-20.13773094135059],[-44.01003371750455,-20.13800819755841],[-44.01006123502046,-20.13831425572499],[-44.010206705569,-20.13859316615964],[-44.01038232061016,-20.13876100962606],[-44.01055723569358,-20.13904008517837],[-44.01055548481839,-20.13931816940702],[-44.01043630559362,-20.13953997511232],[-44.01031660156898,-20.13984520625046],[-44.01037426504674,-20.14004019571176],[-44.01054970672593,-20.14023584666583],[-44.01054795573016,-20.14051392995262],[-44.01051623450603,-20.14087527428062],[-44.01042579834613,-20.14120847838775],[-44.01039460300019,-20.14148639714008],[-44.01045139047701,-20.1418204281817],[-44.01053779934934,-20.14212681699639],[-44.01065347764931,-20.14246117873851],[-44.01079860260149,-20.14279570667165],[-44.0110611583338,-20.1431865118636],[-44.01123625421451,-20.1434377792593],[-44.0116183422879,-20.14355116059515],[-44.01200078069149,-20.14360892500466],[-44.0123835699848,-20.14361107157144],[-44.01279632798029,-20.14352995676918],[-44.0132085616148,-20.14353226654686],[-44.01373857691878,-20.14353523484704],[-44.01394626454319,-20.14328611290238],[-44.01415412598381,-20.14300918305049],[-44.01424385671494,-20.14278721003144],[-44.01439108305819,-20.14278803382782],[-44.01465539195449,-20.14290074958699],[-44.01497754486606,-20.14318064549774],[-44.01518331273915,-20.14323741501481],[-44.01544884282065,-20.14315547074787],[-44.01571541790316,-20.1429066757045],[-44.0158642111076,-20.14265722225584],[-44.0160410558484,-20.14263040151553],[-44.01642297281519,-20.14277158105758],[-44.0167153353697,-20.1431069257035],[-44.01712565574149,-20.14341511947713],[-44.01735913003146,-20.14375013453808],[-44.01729850065061,-20.14402789066315],[-44.01723700030882,-20.14444468860565],[-44.01705771781833,-20.14486082926853],[-44.01688000055778,-20.14502669366603],[-44.01664339144163,-20.14519222909675],[-44.01617156494769,-20.14530083241403],[-44.01590620571289,-20.14535496907661],[-44.01567011784854,-20.14543707752047],[-44.01555198621571,-20.14549203633631],[-44.01540353821551,-20.14568587224257],[-44.01537234941713,-20.14596379206372],[-44.01531136689631,-20.14629716341196],[-44.01510350184673,-20.14657409532955],[-44.01480695105043,-20.14690614901376],[-44.01448182426785,-20.14709899566256],[-44.01415774481414,-20.14712499147333],[-44.01389395305672,-20.14692884918801],[-44.01351307745345,-20.14662081372241],[-44.01324911268936,-20.14645247813895],[-44.01283809464666,-20.14625550947094],[-44.01263232288481,-20.14619873800111],[-44.01236643760653,-20.14633629383074],[-44.01227705075359,-20.14650264859482],[-44.01218748883493,-20.14669681180581],[-44.01215612016589,-20.14700253928686],[-44.01200749073013,-20.14722418055744],[-44.01168201109902,-20.14747263885797],[-44.01147413916039,-20.14774956522394],[-44.01129536165617,-20.14808227449415],[-44.01082282286037,-20.1483020959732],[-44.01011611626643,-20.14829812529799],[-44.00973296518115,-20.14835158937708],[-44.00949651916775,-20.14848930704689],[-44.00928899286664,-20.14871061454194],[-44.00925866949631,-20.1488494903497],[-44.00925779245244,-20.14898853180398],[-44.00922782077464,-20.14907179156607],[-44.00904973878551,-20.14929326436972],[-44.00872512783802,-20.14940267444263],[-44.0080771330657,-20.14942683531608],[-44.00754692307635,-20.14945165760377],[-44.00728208169413,-20.14942235546639],[-44.00672295379933,-20.1493635848398],[-44.00631088160992,-20.1493334507971],[-44.00601694630272,-20.14924836373671],[-44.00569391702859,-20.14910749397181],[-44.00548849767374,-20.14899509634645],[-44.00516529425246,-20.14888203409258],[-44.00487206522316,-20.1486857123408],[-44.00466682325866,-20.14854550536562],[-44.00425545898992,-20.14840413379641],[-44.00405004163451,-20.14829173546993],[-44.00387424617129,-20.14815169412736],[-44.00349338839013,-20.1478436377345],[-44.00317089481226,-20.14761933826906],[-44.00290764631033,-20.14733975481093],[-44.00231908113336,-20.14728080295615],[-44.00179412348294,-20.14742345882046],[-44.00214588070749,-20.14818695915978],[-44.00251092014009,-20.14861103929898],[-44.00254787218491,-20.14865038307808],[-44.00297388019478,-20.14910396873982],[-44.00282592023841,-20.14990199889569],[-44.00275716023271,-20.15036603883718],[-44.00180100000389,-20.1505529689897],[-44.00125992057466,-20.15065997859882],[-44.00121708022862,-20.15079803901205],[-44.0012170806991,-20.15180396889415],[-44.00083188031259,-20.15221796860678],[-44.00047691983319,-20.15363897931552],[-43.99963259236507,-20.15384770531385],[-43.99796087981604,-20.15426096934682],[-43.99851424014711,-20.15492496202727],[-44.00047692072524,-20.15728001868377],[-43.9993326658013,-20.15969479009118],[-43.99914491997173,-20.16009098873193],[-43.99932312010958,-20.16020996887584],[-43.99929287989062,-20.16035801927977],[-43.99902684060867,-20.16032795913037],[-43.99837596052365,-20.16207395898146],[-43.99855308064303,-20.16204497898866],[-43.99852392050609,-20.16219302901113],[-43.9983169198907,-20.16225197942147],[-43.99772508045292,-20.16355400944526],[-43.99733987998025,-20.16518201910132],[-43.9971030004731,-20.1667799686744],[-43.9961270406843,-20.16787499913362],[-43.99532784003286,-20.16944396901936],[-43.99523934012718,-20.16978015163149],[-43.99517987999725,-20.17000601906479],[-43.99503191995568,-20.17166399903308],[-43.99497288034523,-20.17329101869132],[-43.99488396024041,-20.17397195938504],[-43.99251588010883,-20.17429802940985],[-43.99251944394794,-20.17512808218583],[-43.99253099999917,-20.17781999905111],[-43.99235659455415,-20.17857833507759],[-43.99362095464043,-20.17853661072407],[-43.99310454902035,-20.18016068876645],[-43.99225243652087,-20.1828404699223],[-43.99175555470763,-20.18438610623096],[-43.98913562060724,-20.18557509518654],[-43.98862392066457,-20.1861659687643],[-43.98778370765331,-20.1861886217672],[-43.98459652314971,-20.18763502437115],[-43.98455091585816,-20.18799908094566],[-43.98440963768054,-20.18780493898289],[-43.98428138269306,-20.18784261242552],[-43.98413039673046,-20.1879560145712],[-43.9840001160406,-20.18808922979204],[-43.98392838383219,-20.18821103993577],[-43.98389398253152,-20.18836838789498],[-43.98385922369688,-20.18858101780858],[-43.98387503394482,-20.18872293703605],[-43.98384465863634,-20.18889223226188],[-43.98381490014425,-20.18897878299538],[-43.98375999927465,-20.18908479071376],[-43.98372582486959,-20.18919498414606],[-43.9837124625947,-20.18933275917389],[-43.98371911624574,-20.18959685009844],[-43.9837181698416,-20.18974264713817],[-43.98368787181499,-20.18990010817897],[-43.98362837864295,-20.19006914375198],[-43.98354787281217,-20.19025386706073],[-43.98351326551938,-20.19044283037035],[-43.98348284205444,-20.19063181785647],[-43.98344849160244,-20.19078130604745],[-43.98340592903619,-20.19090716885942],[-43.98334671509124,-20.19102110170106],[-43.98324978564958,-20.19117031830245],[-43.98314880428382,-20.19129972658676],[-43.98300574243464,-20.19146836976157],[-43.98291312281045,-20.19159782806944],[-43.98290350521246,-20.19179091043701],[-43.98293596446918,-20.19193292600013],[-43.9830018545964,-20.19206727506113],[-43.98303051703143,-20.19216202163215],[-43.98306315622542,-20.19227648566469],[-43.98306680128186,-20.19235925475168],[-43.98304922695427,-20.19248923664719],[-43.98302770414671,-20.19259543801626],[-43.98301028431521,-20.19270175256671],[-43.98302221762344,-20.19279640416422],[-43.98312490284489,-20.19304921592813],[-43.98316159559055,-20.19318339604159],[-43.98317352997621,-20.1932780467313],[-43.9831854097779,-20.19336872243183],[-43.98318880027066,-20.19349087624616],[-43.9831990970487,-20.19383773520336],[-43.98320579932985,-20.19409387692887],[-43.98319656481016,-20.19422779136885],[-43.98318052556518,-20.19431586600978],[-43.98313195873295,-20.19436889485875],[-43.98308423351325,-20.19442100472315],[-43.98311111111111,-20.19466944383244],[-43.9831939095745,-20.19470746406457],[-43.98474444444443,-20.19541944383245],[-43.98465048034239,-20.19601365909683],[-43.98430825180177,-20.19817781762512],[-43.98422845200503,-20.1986824393349],[-43.98418085959052,-20.19898339273752],[-43.9838861111111,-20.20084722161009],[-43.9849722222814,-20.20554999939895],[-43.98574142359006,-20.20569587051429],[-43.9866056056476,-20.20585974944505],[-43.98733055555554,-20.20599722160997],[-43.98780587920712,-20.2065067110979],[-43.98799185736386,-20.2067060559779],[-43.98805410904292,-20.20677278169025],[-43.98810255611608,-20.20675343382653],[-43.98813888499634,-20.20696111084881],[-43.99211389144055,-20.20620833523006],[-43.9894697210559,-20.20961020753726],[-43.98829989902443,-20.2111152250379],[-43.98807996565841,-20.21139817553432],[-43.98722844322143,-20.21249367834363],[-43.98431944852096,-20.21623610719128],[-43.98382452391201,-20.21655239911154],[-43.98353415776239,-20.21673796343288],[-43.98377111982371,-20.21677001889098],[-43.9835929206675,-20.21783498860679],[-43.98338592031116,-20.21875298894935],[-43.98333911774995,-20.21945523459871],[-43.98330513839586,-20.21996506572656],[-43.9832379603354,-20.22097301891597],[-43.98397812064346,-20.22180101932804],[-43.98492492043015,-20.22191999863412],[-43.98613812060431,-20.22331103886763],[-43.98613812047611,-20.22381395871743],[-43.98634512031234,-20.22399197894788],[-43.98610896022753,-20.22396200933287],[-43.98604704045979,-20.22463097875415],[-43.98460415992249,-20.22533495949109],[-43.98266808052275,-20.22589799925975],[-43.98192900005965,-20.22632099901912],[-43.98111899991558,-20.22684902928383],[-43.98041484023895,-20.2286079889592],[-43.98034500026421,-20.22941798892741],[-43.98027408046936,-20.23005095907991],[-43.98023916005258,-20.23198703922958],[-43.98018418811221,-20.23290740162053],[-43.98013404035423,-20.23374698875287],[-43.97960592001175,-20.23480295878313],[-43.9792891200303,-20.23561295889504],[-43.9793240406187,-20.23670402944239],[-43.97932847266176,-20.23681344346748],[-43.97939388040759,-20.23842797873081],[-43.97805684008886,-20.24089199896753],[-43.97800392022686,-20.24236997898931],[-43.97800392007331,-20.24240498912163],[-43.97803992039763,-20.24384795901706],[-43.97898996036003,-20.24613602893672],[-43.97870808048192,-20.24803700935233],[-43.97870808053973,-20.24985230923241],[-43.9787080806728,-20.25074699875566],[-43.97807483988566,-20.25296396922352],[-43.97789916026527,-20.25409103861201],[-43.9782508803907,-20.25532196880106],[-43.97761205088823,-20.25597803896452],[-43.97561099991118,-20.25803303919636],[-43.97565200540306,-20.25838551795983],[-43.97565762006893,-20.25843377948638],[-43.97566415376041,-20.25848993873261],[-43.975671583783,-20.25855380672764],[-43.97567316079413,-20.25856736078697],[-43.97584728943694,-20.2600641080642],[-43.97590904103664,-20.26059489973306],[-43.97606307842688,-20.26191893213767],[-43.97607600033479,-20.26202999924067],[-43.97586800039477,-20.26217799880294],[-43.97564900038786,-20.26235699904064],[-43.97545700072725,-20.26249899906411],[-43.97522699985494,-20.26267299934845],[-43.97508100006899,-20.26272099880461],[-43.97480300074093,-20.26273599904044],[-43.97445599980215,-20.26271799936799],[-43.97395400068081,-20.26267399896772],[-43.97352000029178,-20.26261399895935],[-43.97315600070932,-20.2625379989282],[-43.97283600051527,-20.2624709994458],[-43.97254999982748,-20.26241199885181],[-43.97222100003694,-20.26232799889399],[-43.97191800036359,-20.26221199867975],[-43.97160700069442,-20.26207099912387],[-43.97139900019985,-20.26197099937893],[-43.971043999877,-20.2618549988647],[-43.97082199995891,-20.26180499897763],[-43.97045000045993,-20.26171099874336],[-43.97013199988174,-20.2616739988562],[-43.96974399985387,-20.26164099895939],[-43.96944200006509,-20.26160899894027],[-43.96918899997565,-20.26153099869164],[-43.96881800005182,-20.26147799860501],[-43.96880300028064,-20.26146399871911],[-43.9685509999375,-20.26144199881807],[-43.96828300027131,-20.26141499913255],[-43.96793000004806,-20.26136199921406],[-43.96774199980403,-20.26132099874057],[-43.9674640007325,-20.26117199945826],[-43.96723499994543,-20.26103999920158],[-43.96710600012675,-20.26096799948271],[-43.96702100049039,-20.2609269988334],[-43.96684999986175,-20.26084499874246],[-43.96680200062085,-20.26081399946357],[-43.96666800018968,-20.26077299897875],[-43.96663000008182,-20.26074799930061],[-43.96651800032923,-20.26070099884322],[-43.96637900004657,-20.26064499898951],[-43.96622900045163,-20.26057299861679],[-43.96612800042649,-20.26050699921147],[-43.9660480001182,-20.26042999934916],[-43.96595199985347,-20.26037399888034],[-43.96580199987465,-20.26032799902369],[-43.96564100035826,-20.26031199908682],[-43.96560899985231,-20.26031199911409],[-43.96539300033649,-20.26038599935737],[-43.96508299987655,-20.26043099861561],[-43.96498000027507,-20.26037699918749],[-43.96496900068063,-20.26031699953182],[-43.96502500072956,-20.26021699953625],[-43.96505900033146,-20.26008599965802],[-43.96509200067363,-20.25997299940413],[-43.96511699988124,-20.25973299970243],[-43.9651400006449,-20.25965899998083],[-43.9651590005658,-20.25960200003729],[-43.96517300045419,-20.2595409995656],[-43.96519200002573,-20.25944099974386],[-43.96521600056639,-20.25937099950842],[-43.96523500012098,-20.25930999962524],[-43.96526800017626,-20.25922299928098],[-43.96530600018271,-20.25912699946638],[-43.96535700012523,-20.25901799957662],[-43.96539999980335,-20.25892299963142],[-43.96546500065457,-20.25879599998605],[-43.96551200061023,-20.25869200006061],[-43.96556400003681,-20.25856099962425],[-43.96559200003993,-20.25847399951433],[-43.9656439997995,-20.25837400005441],[-43.9656910004549,-20.258270000071],[-43.96575199996916,-20.2581219994361],[-43.96575800037076,-20.25797799954389],[-43.96577200028663,-20.25782499979299],[-43.96580800014554,-20.25761499961849],[-43.96582299995228,-20.25750400001029],[-43.96584599997492,-20.25736899923664],[-43.96587599983344,-20.25717599969575],[-43.96591400052957,-20.25695599925994],[-43.96595300030725,-20.25665999976284],[-43.96604900025443,-20.25641899993579],[-43.9661530004898,-20.25625399974904],[-43.96627900001977,-20.25602000010361],[-43.96646200009197,-20.25588299960349],[-43.96673400010255,-20.25572599969228],[-43.96693900064302,-20.25560999985229],[-43.96710100071287,-20.25549399945249],[-43.96726300015551,-20.25530899989175],[-43.96735800008642,-20.25521299999998],[-43.96742499984252,-20.25513099981437],[-43.96747000025121,-20.25500699955684],[-43.96755800038292,-20.25482799977322],[-43.96758900063455,-20.2546009995009],[-43.96759800051296,-20.25437299868372],[-43.96757000066433,-20.25412499902817],[-43.96762500067729,-20.25374999896207],[-43.96768500069084,-20.25347699894501],[-43.96772299980982,-20.25319699893624],[-43.96774600009814,-20.25301899874087],[-43.96774800024335,-20.25281399940444],[-43.96779999997826,-20.25255499939854],[-43.96786000039545,-20.25231599912176],[-43.96790100033352,-20.25218999910487],[-43.96804100011335,-20.25197399908389],[-43.9681569998906,-20.25177999874757],[-43.96831900010842,-20.25161799913464],[-43.9684920002148,-20.25143499913407],[-43.96863100018737,-20.2513379994697],[-43.9687580006366,-20.25119799875366],[-43.96885099988857,-20.25102499894204],[-43.96889800017652,-20.25089599894956],[-43.96895600028841,-20.25074399916764],[-43.96894500055253,-20.25063599866865],[-43.96894599985283,-20.25047299938863],[-43.96892499997804,-20.25026699912217],[-43.96889199987182,-20.25009399934925],[-43.96882400039907,-20.24995299926101],[-43.96877799996745,-20.24984399875467],[-43.96868700021133,-20.24974599886398],[-43.96858500059105,-20.24958299926258],[-43.96850500066908,-20.2494199988841],[-43.96849499985849,-20.24932199909324],[-43.96846100020514,-20.24918099915386],[-43.96847400013787,-20.24896499973497],[-43.96851000028563,-20.24879200000049],[-43.96860300056801,-20.24857500007036],[-43.96882299995364,-20.24832799959244],[-43.96897299995454,-20.24816599998145],[-43.96917000007427,-20.24790699954664],[-43.9692750006602,-20.24770199994002],[-43.96947200007093,-20.24746500010196],[-43.96964500031837,-20.24731399994096],[-43.96978400027043,-20.24719599927014],[-43.96991100071548,-20.24704499970144],[-43.97001600018855,-20.24681799947159],[-43.97003999985491,-20.24666600009823],[-43.97003000057156,-20.24640599980158],[-43.97005499985119,-20.2461250000089],[-43.9700620003271,-20.24579599920076],[-43.97005700072246,-20.24541799895851],[-43.97008099999628,-20.24509999903994],[-43.97011600039585,-20.24482899946663],[-43.97014500029441,-20.24462099865499],[-43.97021300003235,-20.24439299940171],[-43.97029500016027,-20.24418599905591],[-43.97038300003633,-20.24401599917927],[-43.97039699998248,-20.24392899891923],[-43.97040200048533,-20.24363399881462],[-43.97038700042442,-20.24343399886236],[-43.97039099996184,-20.24322799892272],[-43.9704589999601,-20.24292699861586],[-43.970510000348,-20.24265999872022],[-43.97057800014384,-20.24242899859359],[-43.97062599981654,-20.24232899898593],[-43.97076400063208,-20.24209399933088],[-43.9708530007245,-20.2419459987703],[-43.97099000037432,-20.24164499901557],[-43.971035000688,-20.24149999931005],[-43.97104000063013,-20.24136799903905],[-43.97105000065858,-20.24123599917679],[-43.9710379998175,-20.24110699921643],[-43.97104799985271,-20.24095899959499],[-43.97104900052585,-20.2408309992912],[-43.97101900076552,-20.24069899884927],[-43.97102000055299,-20.240595999285],[-43.97098999994942,-20.24043999919894],[-43.9709690004578,-20.24033599870004],[-43.97094800021999,-20.24024999927473],[-43.97091300008407,-20.24016299884211],[-43.97083100003748,-20.2400389986392],[-43.97077100012789,-20.23989799918708],[-43.97072500067779,-20.23976199887112],[-43.97069899991331,-20.23951299899818],[-43.97068700072023,-20.23911399905646],[-43.97067600002921,-20.23877299910745],[-43.97071300058966,-20.23840699897669],[-43.97074300022349,-20.23809899889187],[-43.97077899984975,-20.2378709993462],[-43.97085000068239,-20.23765499888338],[-43.97094100013906,-20.23744599877458],[-43.97106000022142,-20.23724399892445],[-43.97122900026126,-20.23698299866842],[-43.97140400034101,-20.23667699949495],[-43.9716429998219,-20.23627899884187],[-43.97180100046035,-20.23597199874716],[-43.9719550002678,-20.23565999928084],[-43.9721160004287,-20.23528999947142],[-43.97216000008956,-20.23493299916944],[-43.97221000065773,-20.2346659988064],[-43.97219200031472,-20.23435999941849],[-43.97221400057478,-20.23411899956623],[-43.97221600042171,-20.23378099938341],[-43.97223800018745,-20.23360499971084],[-43.97230900003364,-20.23333199988745],[-43.97243500051187,-20.23296800009217],[-43.97254799989016,-20.23264999976332],[-43.97266200047094,-20.23226899997521],[-43.97276900048484,-20.23168799983105],[-43.9728960000629,-20.23114599926909],[-43.97290600005125,-20.23068699927512],[-43.97288600073422,-20.23051899930171],[-43.97284600072116,-20.23039599935215],[-43.97269700049463,-20.23016899990209],[-43.97260900012056,-20.23003899938443],[-43.97254800039183,-20.22990299929143],[-43.97249400013112,-20.22971499930385],[-43.97246100014561,-20.22953399993578],[-43.97246300058803,-20.22927500006088],[-43.97251200012586,-20.2290239996047],[-43.97259400025265,-20.22876299950679],[-43.97267500017441,-20.22858499937636],[-43.9727110006037,-20.2284640000487],[-43.9727410002834,-20.22837399928301],[-43.97278100050575,-20.2282569997952],[-43.97283800067025,-20.22791199983477],[-43.97290700056305,-20.22768199960692],[-43.97303700033388,-20.22745899989218],[-43.97319500042087,-20.22726799987673],[-43.97329200008448,-20.22718899926238],[-43.97341100051817,-20.22706599952905],[-43.97352500059042,-20.22696699996871],[-43.97363500021855,-20.22686099984533],[-43.97373300027489,-20.22678599934102],[-43.97385100039115,-20.22669499933809],[-43.97394400043148,-20.22661199940131],[-43.9740549999124,-20.22649299935627],[-43.97414800011369,-20.2264059993538],[-43.97421100007955,-20.22636299962419],[-43.97423700066033,-20.22635099990883],[-43.97430900066227,-20.22633599996206],[-43.97439300034005,-20.22629299997431],[-43.97447199985604,-20.22621999958291],[-43.97451899988513,-20.22615299964212],[-43.97456900057403,-20.22605799950225],[-43.97464600053036,-20.22590799984922],[-43.9747309999527,-20.22577799963273],[-43.97484500043197,-20.2256089995752],[-43.97491700020446,-20.22549099999075],[-43.97501800071574,-20.2253969995207],[-43.97508100044283,-20.225317999903],[-43.97518700022893,-20.22520399984995],[-43.97524200061536,-20.22512099960255],[-43.97529700034315,-20.22503399938131],[-43.97538100011361,-20.22492799989294],[-43.975491000712,-20.22478300010294],[-43.97556200032457,-20.22469699939741],[-43.9756970006999,-20.22452899947274],[-43.97586099983136,-20.22430499941594],[-43.9760210003334,-20.22411299986464],[-43.97610900059716,-20.22397199957069],[-43.97614800046082,-20.2238849996985],[-43.97626700040351,-20.2235629995447],[-43.97633900057692,-20.22341799983029],[-43.97641500003798,-20.22318900001327],[-43.97647900004469,-20.2230049994565],[-43.97651800061134,-20.22287699974697],[-43.97657899998688,-20.22267799921976],[-43.97658600058057,-20.22264499953463],[-43.97663399990456,-20.22242199938648],[-43.97670099982363,-20.22225399974234],[-43.97674900071549,-20.22193499978664],[-43.9767640000649,-20.22176699973592],[-43.97681100047752,-20.2215859999581],[-43.97683200062625,-20.22146099979205],[-43.97691300028593,-20.22121799958296],[-43.97698700033136,-20.22106199976338],[-43.97709999986871,-20.22093799993515],[-43.97717400007801,-20.2208319998913],[-43.97725399986614,-20.22071399965701],[-43.97734799990175,-20.22053999934238],[-43.97745500040407,-20.22037200006068],[-43.97755600034803,-20.22015399931568],[-43.97765600010007,-20.21989799988399],[-43.97775099986379,-20.21961200007139],[-43.97784600045348,-20.21921899981796],[-43.97792300001161,-20.21895900005802],[-43.97792500018831,-20.21877499931023],[-43.97789400029775,-20.21843699931432],[-43.97792899989845,-20.21811399994182],[-43.97801299988685,-20.21777699989325],[-43.97817800064215,-20.21739399950244],[-43.97822900043071,-20.21702599939569],[-43.97836200058283,-20.21662699977673],[-43.97847800014355,-20.21633599935297],[-43.97849699996249,-20.2159369996486],[-43.97856400004056,-20.21558399894825],[-43.97855100070715,-20.21516999870466],[-43.97860100039638,-20.21493999873623],[-43.97866700059483,-20.21480199864925],[-43.97878200031443,-20.21461799885678],[-43.97880000003756,-20.21443399973892],[-43.97875200055104,-20.21417299875823],[-43.97875500017309,-20.21384999903602],[-43.97880500005849,-20.21354399884045],[-43.97885600074413,-20.21316099868056],[-43.97890600071616,-20.21294499884226],[-43.97894100036655,-20.21268199923415],[-43.97882699988219,-20.21248099975814],[-43.97881200013218,-20.21231099969297],[-43.97887899995308,-20.21207999965342],[-43.97901200026795,-20.21175599992394],[-43.97906300065998,-20.21153999947268],[-43.97908100023664,-20.21123099946996],[-43.97905100051281,-20.21087599969719],[-43.97895600022301,-20.21033499940793],[-43.97895900018643,-20.20982499891514],[-43.97887999984284,-20.20942299868165],[-43.97887099987339,-20.20904499937244],[-43.97895700049582,-20.20853299920873],[-43.97897600065179,-20.20819099960119],[-43.9789780007166,-20.20778699981845],[-43.97891500034635,-20.2073369999325],[-43.97885300053133,-20.20683899997097],[-43.97872400031836,-20.2063409999613],[-43.97856299991413,-20.20584299995983],[-43.97836899982619,-20.20529799927504],[-43.97820700030483,-20.2048929997222],[-43.97819299980553,-20.20451999936869],[-43.97819499995185,-20.2041789986782],[-43.97821399982341,-20.20374399968819],[-43.97819700056586,-20.20362200003013],[-43.97813399985735,-20.20343600001219],[-43.97809299992009,-20.20332099962311],[-43.97801000047169,-20.20315399941021],[-43.97791300008297,-20.20297699959096],[-43.97783000046351,-20.20281799922375],[-43.97777500031374,-20.2027069995127],[-43.97775399992511,-20.20261299976589],[-43.97773100001517,-20.20247899960616],[-43.97772899993259,-20.2023970000419],[-43.97766599991988,-20.20222599950642],[-43.97759799994594,-20.20205899963919],[-43.97756999993034,-20.20191099986473],[-43.97754400071454,-20.20175999933137],[-43.97752800073216,-20.20162899986131],[-43.97752399988474,-20.20149899994498],[-43.97752200055866,-20.20130899868348],[-43.97754600052229,-20.20116499872064],[-43.97757000062782,-20.20104999870596],[-43.97759399980735,-20.20097999938885],[-43.97764799998082,-20.20086799925389],[-43.97773000037871,-20.20072299942125],[-43.97781800024574,-20.20062599875611],[-43.97792800065896,-20.20050899877973],[-43.9780160001152,-20.20043299893821],[-43.97810700075459,-20.20032899868548],[-43.97819200060915,-20.20023699861852],[-43.97829700023672,-20.20013899872797],[-43.97837800043947,-20.20004799901746],[-43.97841899997209,-20.19999099910418],[-43.97844300002482,-20.1999559991059],[-43.97846000009181,-20.19988899936335],[-43.97848099984316,-20.19980099933754],[-43.97850500048145,-20.19970499875086],[-43.97852900030146,-20.19960999927444],[-43.97857600032989,-20.19953599887954],[-43.97864700060773,-20.19938099930007],[-43.97867800004912,-20.19930599873175],[-43.97874200024955,-20.19920499905506],[-43.97879300010561,-20.19912299931523],[-43.97883399981782,-20.19904799899293],[-43.97887100068247,-20.19897199870038],[-43.97889200061683,-20.19890299911478],[-43.97890900008301,-20.19880799864874],[-43.97892599995819,-20.198725999197],[-43.97893000026109,-20.19861899920653],[-43.97891699980487,-20.1985519994847],[-43.97889200004875,-20.19848700005489],[-43.9788500001039,-20.19835899930679],[-43.97880800002193,-20.19821399937505],[-43.97880100064188,-20.1980050000634],[-43.97877700050391,-20.19775599989863],[-43.97876399994806,-20.19757099983463],[-43.97875200035662,-20.19743299952812],[-43.97874599993032,-20.19731799931744],[-43.97874300012845,-20.19721499926914],[-43.97873300070898,-20.19710299996391],[-43.97873399999413,-20.19695499891675],[-43.97872500001926,-20.19680199921851],[-43.97873099994091,-20.19664899993305],[-43.97874200011664,-20.19652600007466],[-43.97877000050876,-20.19631899941199],[-43.97879700047507,-20.19620599980361],[-43.97879800031815,-20.19606699979503],[-43.9788090003258,-20.19594900010349],[-43.9788209999826,-20.19578099986428],[-43.97886300012707,-20.19563399957075],[-43.97890100031414,-20.19550600003534],[-43.97892800070466,-20.19540199963706],[-43.97896799985891,-20.19525199967829],[-43.97904699987151,-20.19511499956159],[-43.97909400063121,-20.19500199948702],[-43.97912599990353,-20.19488499994958],[-43.97913699988248,-20.19474799968953],[-43.97914400025422,-20.1946000000073],[-43.97919100011283,-20.19447299955046],[-43.97924900001919,-20.19435600007398],[-43.97929700042102,-20.19425299977144],[-43.97935999994392,-20.19410099997473],[-43.97943400030278,-20.19397900007249],[-43.97948300021786,-20.19376099943862],[-43.97948400055281,-20.19353599870781],[-43.97943199998248,-20.19338599936341],[-43.97935400028168,-20.19322299892326],[-43.97934200044057,-20.19293599865277],[-43.97935400005415,-20.19267499971438],[-43.97924999992086,-20.19249999926372],[-43.97915900056761,-20.1923629994042],[-43.97916000049299,-20.19216500002051],[-43.97917500040025,-20.19192899955554],[-43.97924200009796,-20.19171899947578],[-43.97936200036082,-20.191482999612],[-43.979402000401,-20.19137199981333],[-43.97950900039822,-20.19117399950054],[-43.97957600038329,-20.19102599921869],[-43.97972200068386,-20.19075399934454],[-43.97986800017387,-20.19053100007191],[-43.9800669998512,-20.19030899933817],[-43.98029200001265,-20.19006200003189],[-43.98046500073918,-20.18977799980373],[-43.98057299995316,-20.18955399973415],[-43.98063900063998,-20.18941899961838],[-43.98070599993223,-20.18913499979896],[-43.98072100005508,-20.18880199860208],[-43.98071000073858,-20.18850599932614],[-43.98062000050171,-20.18829599906759],[-43.98049100022743,-20.18802399942364],[-43.98046600046148,-20.1878019992811],[-43.98042900034832,-20.18756699898876],[-43.98045600018897,-20.18732099873866],[-43.98050900008144,-20.18723499899835],[-43.98056300032019,-20.18708699960664],[-43.98052500020267,-20.18687699989265],[-43.98044799987111,-20.18666699992837],[-43.98024100054945,-20.186344999522],[-43.97997999981214,-20.18614599988673],[-43.97978500063617,-20.18600899972954],[-43.9795509998518,-20.18584699978394],[-43.97931800005271,-20.18571799991744],[-43.97912500012258,-20.18563199922736],[-43.97879400009579,-20.18546699922224],[-43.97852399982271,-20.18532799993821],[-43.97830400047759,-20.18518899982924],[-43.97808999983796,-20.18507100005161],[-43.9778970004212,-20.18495799939726],[-43.97771700052086,-20.18485899946274],[-43.97758000053012,-20.18471500009729],[-43.97746200059641,-20.1845869998557],[-43.97710800001774,-20.18427999922638],[-43.97691899986686,-20.18408000001999],[-43.9766319999385,-20.18379399980815],[-43.9763660002543,-20.18356099923316],[-43.97623300031356,-20.1833399999502],[-43.97618999998284,-20.18318199977102],[-43.97616799982421,-20.18306599998893],[-43.97615800031777,-20.18293999921758],[-43.97619199993192,-20.18284599864211],[-43.97627700031727,-20.18263999943477],[-43.9763660001312,-20.18241999871056],[-43.97644800042108,-20.18222799944526],[-43.97661699987682,-20.18181799887501],[-43.97680600001553,-20.18144799940378],[-43.976828000055,-20.18121299923827],[-43.97666499997026,-20.18082099980973],[-43.97647900008914,-20.18070199924562],[-43.9760450002013,-20.18050399954061],[-43.97569299998109,-20.18030699951193],[-43.97538400043342,-20.18006999933224],[-43.97505300001171,-20.17991199971637],[-43.97476300047144,-20.17981199996438],[-43.97434900062632,-20.17969199970571],[-43.97399800000085,-20.17953399990411],[-43.97377100065555,-20.17929799937248],[-43.97362800039666,-20.17902299955017],[-43.97348800064594,-20.17879199961853],[-43.97338500025707,-20.17854699924545],[-43.97331400064718,-20.17834899977961],[-43.97324200070318,-20.17813499999572],[-43.97312300004897,-20.17788299943233],[-43.97294700007947,-20.1776449997512],[-43.97284399994182,-20.17733999956506],[-43.97278100000302,-20.17704199951458],[-43.97273500025986,-20.176860999539],[-43.97271099985745,-20.17663099988056],[-43.97271300060086,-20.17636499964003],[-43.97277800016827,-20.1761479993754],[-43.97289500018807,-20.1760039996677],[-43.97298500055206,-20.1758229995229],[-43.97303800008914,-20.1756659999909],[-43.97303900057297,-20.1754849988568],[-43.97302700030774,-20.17530399862621],[-43.97302800051534,-20.17513399898135],[-43.97304200050323,-20.17497699945017],[-43.97321000015076,-20.17484499891573],[-43.97344100025004,-20.17471399921976],[-43.97362100003701,-20.17456999880391],[-43.97373799987333,-20.17444999916298],[-43.97391800001899,-20.17425699945417],[-43.97408600028527,-20.1740049988861],[-43.97425400075562,-20.17381199929065],[-43.97438399995072,-20.17359499862281],[-43.97455200068492,-20.17337899909294],[-43.97464900053657,-20.17321799881634],[-43.97466500015761,-20.17305299901886],[-43.97459600011845,-20.1728969991463],[-43.97454600064107,-20.17280699884974],[-43.97445800030148,-20.17260799894273],[-43.9743340006527,-20.17240399947347],[-43.97421900048093,-20.17229899906943],[-43.97412000035217,-20.1721849995633],[-43.97412999987614,-20.17212399933861],[-43.97410599989606,-20.1720400000385],[-43.97397300065309,-20.17194599994756],[-43.97390300059467,-20.17189799956296],[-43.97384900021384,-20.17180899946344],[-43.9738250002155,-20.17168699904118],[-43.97382599984882,-20.17156899892297],[-43.97387100037949,-20.17143799867945],[-43.97391200062063,-20.17133499929187],[-43.97393700005047,-20.17124099890757],[-43.97395300020006,-20.17111899954234],[-43.97394500018026,-20.1709590000794],[-43.97392100069996,-20.17082799950025],[-43.97392299988559,-20.17050799890668],[-43.97392500007808,-20.17012799871741],[-43.97397700014868,-20.16987899891455],[-43.97400300005232,-20.16973599901398],[-43.97406699992091,-20.16962999927365],[-43.97421900068466,-20.1695119993994],[-43.97435800003735,-20.16940599942056],[-43.97452300057549,-20.16927599921692],[-43.97467400075536,-20.1691699993342],[-43.97490200035691,-20.16906499905143],[-43.9751170000111,-20.16892299865444],[-43.97522999992976,-20.16884099905364],[-43.9753830002009,-20.16861599940322],[-43.97548500047857,-20.16841499889163],[-43.97551100046029,-20.16823699912922],[-43.97547500023311,-20.16803499996726],[-43.97537799980737,-20.16776799999925],[-43.97534100017788,-20.16757899875027],[-43.97535600036793,-20.16728399869245],[-43.97537100040957,-20.16683499911307],[-43.97541099996456,-20.16644599922165],[-43.97545200019912,-20.16592699912741],[-43.97535500035797,-20.16555999973781],[-43.97528199990196,-20.16516999944414],[-43.9752710001077,-20.16488699965149],[-43.97524900025348,-20.16444999950779],[-43.97510200001854,-20.16402399945347],[-43.9749650005667,-20.16382199929057],[-43.97483000004936,-20.16352599902899],[-43.97483100027109,-20.16334899934457],[-43.97494500051664,-20.16317299932887],[-43.97498300010913,-20.16301999902044],[-43.97502200001261,-20.1628069994483],[-43.97511100057902,-20.16254799897626],[-43.97512900001234,-20.16238999942005],[-43.9750530007434,-20.16208099934871],[-43.97499200066726,-20.16183199951071],[-43.97498600000212,-20.16156699926935],[-43.97499600031607,-20.16131799904294],[-43.97499700052419,-20.16111999919838],[-43.97499900050366,-20.16086999913535],[-43.97500000037867,-20.16063599947798],[-43.97492399999226,-20.16034899875326],[-43.97484799982496,-20.16016499901221],[-43.97473200038362,-20.15997399875212],[-43.97465600036193,-20.15970199942198],[-43.97460300055683,-20.15945199883636],[-43.97457800061125,-20.15926099905293],[-43.97451100000887,-20.15889599905587],[-43.97441900021445,-20.1587129992272],[-43.97441300065447,-20.15850199998476],[-43.97446099989433,-20.15820299954891],[-43.97453200037272,-20.15791899993934],[-43.97461200033062,-20.15760599931834],[-43.97475200061479,-20.15737299978231],[-43.97485399998873,-20.15703300008397],[-43.97486400027379,-20.15662699941391],[-43.9748510003099,-20.15631499940172],[-43.97482200060587,-20.15597399920207],[-43.97477900024627,-20.15561099934548],[-43.9747410002569,-20.15541899949702],[-43.97489800020968,-20.15462299959659],[-43.9750730001373,-20.15358399986955],[-43.97536400011919,-20.15290799977434],[-43.97577800012745,-20.15187099938231],[-43.97617099983768,-20.15051699957212],[-43.97639400031292,-20.14934299999821],[-43.97642400059196,-20.14839399984059],[-43.97638200048473,-20.14742199976999],[-43.97636399981654,-20.14663099950588],[-43.97634500044382,-20.14586200007153],[-43.97608300001155,-20.14512899936533],[-43.9760110005539,-20.14487700005125],[-43.975806000081,-20.14449699950219],[-43.97558500012432,-20.14415999927752],[-43.97520100029264,-20.14390599967112],[-43.97483099993828,-20.14366499960112],[-43.9745210002752,-20.14345399966903],[-43.97421400050737,-20.14324699950427],[-43.97409900042548,-20.14312299979198],[-43.97405599993596,-20.14303999927857],[-43.97397700032122,-20.14293099925458],[-43.97389800001394,-20.14286899969111],[-43.97379700061934,-20.14276499995278],[-43.97373200071361,-20.14268299973308],[-43.97363100075955,-20.14257999922127],[-43.97353100070534,-20.14244199942237],[-43.97348799987335,-20.14231899983924],[-43.97346699982917,-20.14219599924521],[-43.97346800032371,-20.14206599880123],[-43.97350499982786,-20.14196299907616],[-43.973535000479,-20.14183999929547],[-43.97348500001367,-20.14165599959046],[-43.97338400029017,-20.14153199971561],[-43.97330700072102,-20.141231000061],[-43.97321700067344,-20.14098299962165],[-43.9731500006277,-20.14083199933532],[-43.97296900043131,-20.14059400004086],[-43.97271900029119,-20.1403989999312],[-43.97250400003821,-20.14016200003109],[-43.97236900070185,-20.14003199967464],[-43.97226700006755,-20.13991299990257],[-43.9721650001195,-20.13972999942692],[-43.97203000048702,-20.13955699922219],[-43.97195100030981,-20.13940599988398],[-43.97185000005195,-20.13921199901975],[-43.97185100019737,-20.13907199908109],[-43.97197600033879,-20.13900799868244],[-43.97215900042457,-20.13894499886275],[-43.97228500027769,-20.13886999891384],[-43.97243400033081,-20.13878499887641],[-43.97260500028529,-20.13871099932936],[-43.97289000016493,-20.13863699922051],[-43.97314200066717,-20.13848799926179],[-43.97340300052333,-20.13821799914564],[-43.97346600064807,-20.13810099864767],[-43.97352900021102,-20.13798699878633],[-43.97356099980486,-20.13784899909415],[-43.97356199997862,-20.13776499978246],[-43.97353099982219,-20.1376640000065],[-43.97351799987202,-20.13759199860335],[-43.97350500006613,-20.13749200000435],[-43.97345300024771,-20.13734799931687],[-43.97342200052823,-20.13724299953876],[-43.97339600020253,-20.13714199995755],[-43.97334800058744,-20.13701599944812],[-43.97333100026979,-20.13689399973613],[-43.97336200044899,-20.13680499972371],[-43.97338500019703,-20.13657899939474],[-43.97336400022862,-20.13638299875571],[-43.97338700071307,-20.13624899902388],[-43.97346300015979,-20.13615399869267],[-43.9736030000341,-20.13602699897985],[-43.97366900063967,-20.13595299919551],[-43.9737630006011,-20.13582899861751],[-43.97384700014855,-20.13565899906776],[-43.97391800065782,-20.13554299905618],[-43.97396300017489,-20.13543099939698],[-43.97400000016363,-20.13529799906244],[-43.9739710005235,-20.13512899944894],[-43.97396299983632,-20.13491399980748],[-43.97392900024894,-20.13466299977378],[-43.97397600021356,-20.13432699973854],[-43.97407799993812,-20.13407600000845],[-43.97418999989577,-20.13394000003997],[-43.97434700005413,-20.13375200002322],[-43.97446999987833,-20.13364699941445],[-43.97467100024375,-20.13360699994212],[-43.9748710006123,-20.13355499987152],[-43.9749829998249,-20.13352399930484],[-43.97516100041739,-20.13350400005891],[-43.97532800040086,-20.13347399948859],[-43.97560700014487,-20.13344399929612],[-43.97575100064235,-20.13344499985407],[-43.9759190000953,-20.13342499953302],[-43.9760750000256,-20.13338399962769],[-43.97620900013555,-20.13324799961126],[-43.97651100073256,-20.13302899984969],[-43.97691300010581,-20.13287399989367],[-43.97731600015447,-20.13269800009129],[-43.97742599982748,-20.13260199977269],[-43.97753600074684,-20.13253799932785],[-43.97770799990904,-20.13247399975639],[-43.97781099998772,-20.13235199973341],[-43.97795499991255,-20.13219799984339],[-43.97809300034621,-20.13200499965899],[-43.97832700035688,-20.13183299951138],[-43.978547000349,-20.13168599939586],[-43.97863700049155,-20.13144099979231],[-43.97864900004007,-20.13115999993754],[-43.97867000069124,-20.13103199984065],[-43.97872600044803,-20.13084700000884],[-43.97884900048803,-20.13068799934827],[-43.97896800058858,-20.13055299978231],[-43.97904300005987,-20.13040699938161],[-43.97906400052228,-20.13031799984009],[-43.97909200064824,-20.13017200002314],[-43.97909299989409,-20.13003800009864],[-43.97910000037675,-20.12990499991978],[-43.97908800048496,-20.12978399990068],[-43.9790690005613,-20.12951099926291],[-43.9790780006987,-20.12927599947938],[-43.97909300037477,-20.12903399943389],[-43.97910800068021,-20.12878599893718],[-43.97911599994374,-20.12862099913347],[-43.97916300007117,-20.12842199890454],[-43.97925999999187,-20.1282109990882],[-43.979305000485,-20.12798899921414],[-43.97934800048004,-20.12781799920991],[-43.97934999996792,-20.12758599924408],[-43.97940600055568,-20.12719299922419],[-43.97942900020601,-20.12686099982709],[-43.97935600047728,-20.12660799998942],[-43.97920800067355,-20.12635499952518],[-43.97904900005661,-20.12615300002429],[-43.97897600001471,-20.12594099933395],[-43.97895600074598,-20.12572899931052],[-43.97892599992699,-20.12536599951285],[-43.97897200074866,-20.12495299946509],[-43.97901600039918,-20.12463999947273],[-43.97903800046186,-20.12445699982179],[-43.97904499988948,-20.12436299930161],[-43.97907300040838,-20.1241880000491],[-43.97906500014466,-20.12402399988878],[-43.97900800010245,-20.12371799929067],[-43.97891100022873,-20.12341899988878],[-43.97880000055272,-20.12309999977102],[-43.97876200002622,-20.12295699951122],[-43.97870400017598,-20.12272599999098],[-43.97868500049078,-20.1225579993363],[-43.97866699986724,-20.12232099975296],[-43.97868800025186,-20.12209099997795],[-43.97871599994403,-20.12184199940665],[-43.97871100030581,-20.12166099920069],[-43.97869300039063,-20.12157799909762],[-43.97858299985086,-20.12132899873407],[-43.97853900006018,-20.12104399940578],[-43.97855400001021,-20.12075899942978],[-43.97868000067744,-20.12047499934541],[-43.97878699988077,-20.1202409997686],[-43.9788730004714,-20.12009899956331],[-43.97897200061384,-20.11995100004293],[-43.97907200031467,-20.11973399969906],[-43.9791129998401,-20.11948099923609],[-43.97912500012266,-20.11926799982187],[-43.97913800051695,-20.11914999964203],[-43.97918300032607,-20.119003999487],[-43.97921400001336,-20.11895699936737],[-43.97926500049824,-20.11888100004423],[-43.97932800033847,-20.11878699923103],[-43.97936599993454,-20.11869300006261],[-43.97939800048363,-20.11856999936254],[-43.97944300012465,-20.11843899979574],[-43.97951300042949,-20.11826999987222],[-43.97963100041108,-20.11809600005324],[-43.9797380005245,-20.11790399928996],[-43.97980700065109,-20.11771699929917],[-43.97984500059607,-20.11751899996082],[-43.97987799991718,-20.11733199946661],[-43.97986700032322,-20.11707499965681],[-43.97989200025291,-20.11693099964821],[-43.97999200053409,-20.11675499974326],[-43.98013000006148,-20.11653399972356],[-43.98021999987554,-20.11634899942239],[-43.9802500005765,-20.11621099979494],[-43.98025200060413,-20.11596999923946],[-43.98024400042414,-20.11569199933216],[-43.98023700051875,-20.11525699944463],[-43.9802780001992,-20.11490499952843],[-43.98032900010021,-20.11461799985175],[-43.98041000000844,-20.11430399940096],[-43.98048700057823,-20.11411499960138],[-43.98051300033944,-20.1138849992468],[-43.98055700041002,-20.1136949990562],[-43.98060799990847,-20.11340199967032],[-43.98065800056161,-20.1131089999016],[-43.98072699990326,-20.11290799976436],[-43.98080300042455,-20.112464999564],[-43.98085899993212,-20.1122120000601],[-43.98089700029349,-20.11199899958219],[-43.98096599980332,-20.11178099995442],[-43.98107700065879,-20.11143399947337],[-43.98115800025344,-20.11109099999102],[-43.98126900072229,-20.11081100010075],[-43.98136200059466,-20.11057699969134],[-43.98143000033345,-20.11039399927564],[-43.98150400020289,-20.1101769995328],[-43.98154700023154,-20.10998299947825],[-43.98154300054525,-20.10977699999831],[-43.98152300042776,-20.10968699957958],[-43.98148500047204,-20.10963099964389],[-43.98144700031974,-20.10957399947204],[-43.98140900031285,-20.10950899928061],[-43.98136699980501,-20.1094039994081],[-43.98136699981061,-20.10933999930445],[-43.98138900026576,-20.10924399969284],[-43.98145700031639,-20.10910799997522],[-43.98155500048552,-20.10876399959192],[-43.98164300008224,-20.10850999983364],[-43.98196200044482,-20.10822200000846],[-43.98226200058065,-20.107997000071],[-43.9824850003496,-20.10771699922898],[-43.98261100011666,-20.10750899994391],[-43.98270900003569,-20.10731899860839],[-43.98278299997572,-20.107124998864],[-43.98288000064337,-20.10681999884207],[-43.98292800048699,-20.10665899939839],[-43.98294900011646,-20.10641699927963],[-43.98297000031258,-20.10606799912627],[-43.98301100073891,-20.10559299873663],[-43.98303199992043,-20.1053059991339],[-43.98307199988704,-20.10498299871295],[-43.98315000000932,-20.1047319988032],[-43.98328400070223,-20.10455399940734],[-43.98343700058957,-20.10441099899701],[-43.98369500072415,-20.10414399938149],[-43.98375799992494,-20.1039969988465],[-43.98379700070459,-20.10373899912551],[-43.98383599988546,-20.10356999895053],[-43.98389399983585,-20.10333099910476],[-43.98396100001159,-20.10313499945159],[-43.98400000061132,-20.10299299907886],[-43.98402000016613,-20.10279799913545],[-43.98398400030847,-20.10253099909198],[-43.98394900032929,-20.10220199873529],[-43.98389300074394,-20.10200599914608],[-43.98366900073818,-20.10176499932217],[-43.98349200036053,-20.10147899946719],[-43.98344700020749,-20.10116799884279],[-43.98355200059436,-20.10089299861345],[-43.98361600056557,-20.10060199973557],[-43.98354100046496,-20.10041299972415],[-43.98347800009508,-20.10020299984652],[-43.98338000040574,-20.09994300010894],[-43.98325900024356,-20.09961599973852],[-43.98316099982037,-20.09933399936457],[-43.98308100052952,-20.09904099985799],[-43.98303600014724,-20.09879199974987],[-43.98303200003357,-20.09855399988354],[-43.98303100065914,-20.0984459991993],[-43.98308700051282,-20.09829099904967],[-43.98314299999947,-20.09817899878821],[-43.98325400069598,-20.09803299948305],[-43.98338200002785,-20.09792999944985],[-43.98346500031234,-20.09783599880149],[-43.98348399984584,-20.09776699935083],[-43.98349400045163,-20.0976279988774],[-43.98346800023386,-20.09747299880655],[-43.98344100074002,-20.0972829994058],[-43.98340600037213,-20.09708399883418],[-43.98336100032109,-20.09697199945941],[-43.98331699995145,-20.09677299943281],[-43.98326300057076,-20.0966079992866],[-43.98314500066756,-20.0964779989455],[-43.98302700001975,-20.09629599925097],[-43.98300900029317,-20.09621799962535],[-43.98303799990033,-20.0960629992545],[-43.98305700009715,-20.09592499937229],[-43.98312200068461,-20.09580499938931],[-43.98319600006025,-20.09568399948721],[-43.98323500002347,-20.09545399970854],[-43.98320900075038,-20.09525699989144],[-43.98316600014341,-20.09500899974969],[-43.98316699991344,-20.0948029997909],[-43.98318700050002,-20.09448700000493],[-43.9832150003034,-20.09433299944836],[-43.98325199987043,-20.09422200006003],[-43.9832810006756,-20.0940589995694],[-43.98329900000019,-20.09396499943597],[-43.98331800053211,-20.0938029993868],[-43.98333700063341,-20.09368299994062],[-43.98335700000067,-20.09349499965967],[-43.98333999990928,-20.09325499931061],[-43.98333200047342,-20.09310100007841],[-43.98330600008984,-20.09288699993643],[-43.98329000051044,-20.09264699991319],[-43.98329999983989,-20.09243299929046],[-43.98332900025944,-20.09221499965485],[-43.98340300028833,-20.0918760000336],[-43.98347700026353,-20.09161299976255],[-43.98353299992485,-20.09137599936169],[-43.9835509999621,-20.09123999944032],[-43.9835530001508,-20.0909939986437],[-43.98354500036933,-20.090807999244],[-43.9835440000593,-20.09077699990566],[-43.98370699992247,-20.09048799992439],[-43.98409999993546,-20.08991899942862],[-43.9846000003254,-20.08947299928395],[-43.98505500051685,-20.08918999966717],[-43.9856180001103,-20.08905099932648],[-43.98644099993887,-20.08889199993805],[-43.98722000054625,-20.08871299984925],[-43.98782700032505,-20.08849199986219],[-43.98843499986113,-20.08810800004499],[-43.98867600050964,-20.08755899940726],[-43.98870300039384,-20.08676299945392],[-43.98838300061691,-20.08610799876006],[-43.98793199998754,-20.08565699876213],[-43.98735000042571,-20.0853479994773],[-43.98685499984506,-20.08497799912007],[-43.98625200040492,-20.08464799931916],[-43.98587200032025,-20.08426999870009],[-43.9855550001931,-20.08360099918565],[-43.98540900037612,-20.0829329988687],[-43.98534700015436,-20.08260899957489],[-43.98539200033493,-20.08228499972498],[-43.98550000011301,-20.08206399979428],[-43.98580100020985,-20.08194399951057],[-43.98612300000664,-20.08194599933656],[-43.98644300049843,-20.08202899954519],[-43.98676400034034,-20.08213199961591],[-43.98712700006726,-20.08235599971148],[-43.98744700034393,-20.08256000000299],[-43.98783200067931,-20.08266300010942],[-43.9881960000286,-20.08266599952765],[-43.9887970006079,-20.08250699955761],[-43.98931300005902,-20.08228799947296],[-43.98955200056506,-20.08207199955768],[-43.98975500008663,-20.08169799966455],[-43.99008600029822,-20.08136899925773],[-43.99037200068098,-20.08110199930547],[-43.99059300041572,-20.08081399923609],[-43.990812999804,-20.08062999928612],[-43.99125100008312,-20.0804879999899],[-43.99166900004897,-20.08024199938481],[-43.99186699992068,-20.07995399997267],[-43.99200300017188,-20.07933499933024],[-43.9921829998472,-20.0785720000037],[-43.99231700056188,-20.07817999987961],[-43.99253700053593,-20.07795399945438],[-43.99299900040511,-20.07754399921204],[-43.99333999985406,-20.07722499981921],[-43.993580000064,-20.07706199928619],[-43.99386400026683,-20.076920000055],[-43.99416899998433,-20.07685999997531],[-43.99425700043037,-20.07667599987534],[-43.99438900064022,-20.07642999986895],[-43.99452100027603,-20.07632800004042],[-43.99463100019661,-20.07614399934688],[-43.99467600026257,-20.07585699936849],[-43.99467699991219,-20.07567199965236],[-43.99461400049305,-20.0754049995812],[-43.9945500003609,-20.07505499963676],[-43.99450900073978,-20.07476799988124],[-43.99446600022144,-20.07460299925327],[-43.99438100025082,-20.07435599963157],[-43.99427400061798,-20.0741089994175],[-43.99425400032795,-20.0738009994746],[-43.99425399993198,-20.07379626304138],[-43.99425400013748,-20.07375604313572],[-43.99425400036419,-20.07375090914218],[-43.99425400048552,-20.07374309249573],[-43.99425400034672,-20.07373966531394],[-43.994253999812,-20.07373899939147],[-43.99419000006499,-20.0735129994725],[-43.99414900004983,-20.07324599889063],[-43.9940629999647,-20.07299899885191],[-43.99395500004652,-20.07285399861326],[-43.99378200030462,-20.07275099938417],[-43.99360900051526,-20.0725859990104],[-43.99339200031747,-20.07244099914016],[-43.9932410004506,-20.07229599925475],[-43.99300200065999,-20.07219199882524],[-43.99293700008371,-20.07212999870429],[-43.99289499995287,-20.07192399924944],[-43.99289600049443,-20.07173899864197],[-43.9928770003941,-20.07143099885447],[-43.99290000049818,-20.07120599951293],[-43.99273200007774,-20.07093599952257],[-43.99260500069139,-20.07070199945477],[-43.99241300075539,-20.07037699944311],[-43.99227600009823,-20.07012299978135],[-43.99215799997292,-20.06998100002719],[-43.99202000028977,-20.06975699970981],[-43.99190300030444,-20.06959399967866],[-43.99173300001303,-20.06934999982599],[-43.99161600061515,-20.0691869996231],[-43.99154200054016,-20.06900499996957],[-43.99142600044924,-20.06870999972054],[-43.99141700074639,-20.06847699945897],[-43.99139700021243,-20.06825399928146],[-43.99138700070952,-20.0681019987369],[-43.99138800039019,-20.06795999916559],[-43.99136800074696,-20.06772699934742],[-43.9913700005342,-20.06745400006321],[-43.99145700056142,-20.06727799997154],[-43.99163199990355,-20.06708299969375],[-43.99178999999328,-20.06690299972356],[-43.9918950006315,-20.06678900006876],[-43.99198400046311,-20.0666609997551],[-43.99202300002241,-20.06659899984643],[-43.9921080003985,-20.06638600006206],[-43.99214300013259,-20.06622499924082],[-43.9921789999892,-20.06604199984833],[-43.99225900018258,-20.06588099991999],[-43.99234000072047,-20.06575199961392],[-43.99244400016368,-20.06564500002842],[-43.99247900017174,-20.06552699927417],[-43.99247900066323,-20.06545099949134],[-43.99241100005623,-20.06535399921444],[-43.99237700044917,-20.06528899880839],[-43.99233200061003,-20.06523499879588],[-43.99229800015981,-20.06519199902221],[-43.99226400017709,-20.06513799937145],[-43.99218500022774,-20.06505099917918],[-43.99205500021544,-20.0649099989903],[-43.99197900056946,-20.06477699869351],[-43.99192400042457,-20.06463799928156],[-43.99187500055211,-20.06449799860865],[-43.99184800046834,-20.06436499947395],[-43.9918350004019,-20.0641989992587],[-43.99184300005604,-20.0640659991873],[-43.99178900057507,-20.06389899976897],[-43.99176099992722,-20.06379899995427],[-43.99176900017547,-20.06367099925316],[-43.99179100048812,-20.06356399932043],[-43.99188399990967,-20.06344399924778],[-43.99192000019284,-20.06340499935603],[-43.99203400059761,-20.06329800005753],[-43.99212600006214,-20.06325799939475],[-43.99227700011737,-20.06320999981166],[-43.99236799983262,-20.0632339993339],[-43.99249300034246,-20.06326599935356],[-43.99260200042671,-20.06325900010858],[-43.99285200031908,-20.06320499997458],[-43.99301800050565,-20.06318999992658],[-43.99320200032972,-20.06312100009644],[-43.99329400051452,-20.06305099988338],[-43.99333700010185,-20.06293299926836],[-43.9934210001808,-20.06278399986818],[-43.99352999993015,-20.06267399926951],[-43.99368000048941,-20.06258899940048],[-43.99381400016389,-20.06247999933118],[-43.99398999989026,-20.06240199975779],[-43.99416500051483,-20.06233999989442],[-43.99432399997245,-20.0622859992399],[-43.99445700068522,-20.06219199921645],[-43.99462400035561,-20.06212199936358],[-43.99476600025199,-20.0620999994999],[-43.99492500019029,-20.06209299943777],[-43.99513300005364,-20.06205499944268],[-43.99535000042908,-20.06200099959847],[-43.99556700027947,-20.06190799930745],[-43.99573400017598,-20.06178299984478],[-43.99585200019767,-20.06166599931267],[-43.99605299990775,-20.0615250000617],[-43.99652000013193,-20.0613629997692],[-43.99670400067381,-20.06130099960772],[-43.99693800000175,-20.06119199991471],[-43.99718800044899,-20.06109099950861],[-43.99739700025616,-20.06098999928786],[-43.9976479999716,-20.06087399942022],[-43.99792300009608,-20.06073399945419],[-43.99805600060648,-20.06065199941762],[-43.99816500040238,-20.06057499996043],[-43.99830100065197,-20.06045799940422],[-43.99842000017871,-20.06036099930321],[-43.99856100050682,-20.06024499999288],[-43.99865500001617,-20.06012299943306],[-43.99872800041911,-20.05996199983044],[-43.99882200045999,-20.0598259994652],[-43.9989160006206,-20.05969899936947],[-43.99902100056351,-20.05956800001971],[-43.99917700075149,-20.05940799967376],[-43.99932300018389,-20.05927700004053],[-43.99942700014886,-20.05916999955097],[-43.99954199992231,-20.0590429995798],[-43.99975500059855,-20.05892700011318],[-43.9999829998265,-20.05884999961456],[-44.00018300040933,-20.05878799942712],[-44.00038400009129,-20.05872599923556],[-44.00060500023297,-20.05866500008249],[-44.00084200014035,-20.05857899930255],[-44.00096500032259,-20.05851600004217],[-44.00118700002766,-20.05839699922686],[-44.0013510001942,-20.05828599945922],[-44.00153700058372,-20.05818499967487],[-44.00166000042627,-20.05813299981092],[-44.00179400017849,-20.05811899963399],[-44.00200400047547,-20.0580859992462],[-44.00217900004998,-20.05802899953425],[-44.00227700012066,-20.05801499998245],[-44.00236400070524,-20.05801599969905],[-44.00261600060993,-20.05797799947997],[-44.00286100046188,-20.05792100006326],[-44.00287400022245,-20.057915999915],[-44.00289300063466,-20.05790699922816],[-44.00292200019588,-20.05789299953367],[-44.00295400017695,-20.05787599977838],[-44.00298699997384,-20.05785799999631],[-44.00299800046195,-20.05785599921662],[-44.00301300060917,-20.05785099949708],[-44.00305200023396,-20.05783699925474],[-44.00309300022198,-20.05782799972953],[-44.00310300050338,-20.05782599962751],[-44.00311199982846,-20.05782199972856],[-44.00312499995003,-20.05781799980153],[-44.00313700024961,-20.05781499989503],[-44.00317400001649,-20.05780499923988],[-44.00322399986877,-20.05779599983374],[-44.00324800064201,-20.05779299981863],[-44.00327799993916,-20.05778799971366],[-44.003310000605,-20.05777799975666],[-44.00336700009658,-20.05777699921394],[-44.0034070002508,-20.05776399934912],[-44.00343400065325,-20.05776099995503],[-44.00346400071095,-20.05775300001072],[-44.00350200005285,-20.05774900002585],[-44.00352200041097,-20.05774199996136],[-44.00354900043492,-20.05773799940538],[-44.00356900059198,-20.05773299981112],[-44.00360400067477,-20.05772500001566],[-44.00363300014138,-20.05771599958516],[-44.00365900072114,-20.05771399927714],[-44.00368600035213,-20.05770899936281],[-44.00371999984152,-20.0577049993762],[-44.0037509998789,-20.05770399945862],[-44.00378699995193,-20.05770299970269],[-44.00380000024035,-20.05770199953775],[-44.00383999996302,-20.05770299929488],[-44.00387100057427,-20.05770599940981],[-44.00390400062543,-20.05770899994305],[-44.00396200030595,-20.05772299938518],[-44.00398100064521,-20.05772899944462],[-44.00400700027545,-20.05773699965799],[-44.00403800051993,-20.05774399979246],[-44.00407100022269,-20.05776100001812],[-44.00412100006725,-20.05777699999424],[-44.00415000032604,-20.0577899993093],[-44.0041769999895,-20.05779999928408],[-44.00421600053086,-20.05781599961747],[-44.00424800004368,-20.0578229999235],[-44.00428700000219,-20.05782999989834],[-44.00431600045529,-20.05783599932511],[-44.00436199990214,-20.05784299985488],[-44.00439800041457,-20.05784799960244],[-44.00442700048573,-20.05785299967406],[-44.00446999993751,-20.05786399959547],[-44.004500999846,-20.05786999940976],[-44.00452200060369,-20.05787099954529],[-44.00453700055019,-20.05787299955679],[-44.00455000012024,-20.05787999943487],[-44.00456900029748,-20.05788299961925],[-44.00459700075363,-20.05788699921723],[-44.00462800025826,-20.05788699938254],[-44.00466800060629,-20.05788699962254],[-44.00470599980982,-20.05788999924163],[-44.00473800068005,-20.05789299941675],[-44.00476999997181,-20.05788699923624],[-44.00486500005606,-20.05788999986231],[-44.00491199989767,-20.05788999969318],[-44.00493899991628,-20.05788599982803],[-44.00499199982545,-20.0578879995538],[-44.00502700066108,-20.05788199995695],[-44.00506100034516,-20.0578759992361],[-44.00508000010281,-20.05787299973811],[-44.00511299992993,-20.05786299965317],[-44.00513800024351,-20.05785099924265],[-44.00515600067,-20.05783799985656],[-44.0051729999447,-20.05782499935222],[-44.00521400052853,-20.05780799923044],[-44.00523199985879,-20.05780199969441],[-44.00525000049126,-20.05779200011219],[-44.0052750001743,-20.05777599962617],[-44.00529899991276,-20.05776799993814],[-44.00533499991506,-20.05775699928552],[-44.00535300014574,-20.05774599945122],[-44.00538400060795,-20.05772899994583],[-44.00540700035861,-20.05772399985063],[-44.00544199990159,-20.05772699960126],[-44.00549699982577,-20.05773299963528],[-44.00554600024915,-20.05773599952094],[-44.00561600041453,-20.05775199954849],[-44.00565000050102,-20.05775199924447],[-44.00568900017721,-20.05776299986558],[-44.00569900009266,-20.05776499966528],[-44.00576300060732,-20.05777999998597],[-44.00580300011009,-20.05778999964191],[-44.00584900064565,-20.05780200008381],[-44.00588300031356,-20.05781299965072],[-44.00592200019131,-20.05782199974472],[-44.00596099984136,-20.05782800001566],[-44.00600800067274,-20.05784500000816],[-44.00603800067829,-20.05785400007076],[-44.00607000069596,-20.05786199938835],[-44.0061130006035,-20.05786899976794],[-44.00616400075034,-20.05788699985532],[-44.00619500018148,-20.05789399961126],[-44.00622500068335,-20.05790899927259],[-44.00625600019617,-20.05792099931008],[-44.00628300033826,-20.05793899997999],[-44.00631200017985,-20.0579479997963],[-44.00634700043448,-20.05795499942663],[-44.00639400054975,-20.05796999974061],[-44.00643900019501,-20.0579799993497],[-44.00647300033901,-20.05799199995113],[-44.00648200063963,-20.0579929992715],[-44.00648700012971,-20.05799399959855],[-44.00650200004745,-20.05800299931076],[-44.00653700007541,-20.05800699999282],[-44.00657200019524,-20.0580160000568],[-44.00661000052683,-20.05802399956714],[-44.00663200026157,-20.05802899969834],[-44.00667100039562,-20.05803600005717],[-44.0067220004257,-20.05805099926949],[-44.00675900047313,-20.0580540000642],[-44.00678899991919,-20.05805899994604],[-44.00683099987646,-20.05806399947872],[-44.00688299987785,-20.05807599993186],[-44.00693200074384,-20.05809399941358],[-44.00698499980759,-20.05811499947026],[-44.00703700074592,-20.05813399975148],[-44.00707200007031,-20.0581480000063],[-44.00709900075614,-20.05816699989462],[-44.00718100075623,-20.05824199950729],[-44.00720599980792,-20.05826499993778],[-44.00722500037232,-20.05828999968335],[-44.00724499995519,-20.05833099982926],[-44.00726000018585,-20.05836900009339],[-44.0072679998642,-20.05837599970828],[-44.00727699991785,-20.05839999997169],[-44.00728000004413,-20.0584130000513],[-44.00728700058507,-20.05842499976822],[-44.00729699997424,-20.05843499958324],[-44.00730900020324,-20.0584650000574],[-44.00733300020708,-20.05851199969844],[-44.00734900039102,-20.05852799940483],[-44.00736700043213,-20.05854499973635],[-44.00738500025907,-20.05855199947992],[-44.00741800043487,-20.05855699984472],[-44.00746300060947,-20.05856300005413],[-44.00750800032458,-20.05858199974551],[-44.00753300023519,-20.05858799968448],[-44.00756400042089,-20.05859399987555],[-44.00760500049051,-20.05859699946285],[-44.00760900035584,-20.05859699932923],[-44.00763200055225,-20.05859999995999],[-44.00767000015406,-20.05860099937707],[-44.00769800016302,-20.05860099933838],[-44.00774600071622,-20.05860399933723],[-44.007757999902,-20.05860299958848],[-44.00778699983204,-20.05860699978071],[-44.00781000030702,-20.05861299930086],[-44.00785399988666,-20.05862499974925],[-44.00791500023193,-20.05864199921326],[-44.00793299982175,-20.05864599999002],[-44.00796600003532,-20.05865799921868],[-44.0080060000441,-20.05867299958784],[-44.00805900027157,-20.05869599981867],[-44.00807900015147,-20.0587019996344],[-44.00809500029563,-20.0587129998865],[-44.00810400023436,-20.05871999965667],[-44.00811600038094,-20.05872599975769],[-44.00812500072916,-20.0587339997685],[-44.00815700008093,-20.05876299922306],[-44.00818800004985,-20.05878700000001],[-44.00821700017084,-20.0588099992512],[-44.00824300062834,-20.05883299973951],[-44.00828700073622,-20.05888099966866],[-44.00830500024619,-20.05890799958942],[-44.00834500049857,-20.05893500004836],[-44.00837000064725,-20.05894599926313],[-44.00840300026996,-20.05896100003177],[-44.00844499985209,-20.05896899990715],[-44.00847600056981,-20.05897599928083],[-44.00850600038825,-20.05897899930588],[-44.00853999993345,-20.05897699978068],[-44.00857399989436,-20.05897599958712],[-44.00860600011062,-20.05897200010298],[-44.00863500039907,-20.05897200010689],[-44.00866100059242,-20.05896399943656],[-44.00869400075557,-20.05896399927358],[-44.00875700058444,-20.05896199969578],[-44.00877900047762,-20.05895299982869],[-44.00880800035186,-20.05895199956224],[-44.00885999999013,-20.05896199987117],[-44.00889300018552,-20.05896899954074],[-44.0089280001292,-20.05897899938842],[-44.00898100002707,-20.05899599971869],[-44.009025000265,-20.05901599999508],[-44.00906300060327,-20.05902999952418],[-44.00910100069175,-20.05904800000215],[-44.00914200046635,-20.05906599921568],[-44.00915400055364,-20.05907399972717],[-44.00918500024553,-20.05908299945171],[-44.00921599981419,-20.05909399964938],[-44.00926300069315,-20.05910699964947],[-44.00932900003244,-20.0591319996579],[-44.00937100013259,-20.05914099955892],[-44.00940800009549,-20.05914299956974],[-44.00945600038289,-20.05915399921954],[-44.00946600013987,-20.05915299989806],[-44.00952200032251,-20.05914599938472],[-44.00964300070359,-20.0591550000272],[-44.00964399996111,-20.05915499930074],[-44.00967400037806,-20.05915699979672],[-44.00971400002525,-20.05915899938168],[-44.00974300035099,-20.05915900010876],[-44.00978899999441,-20.05915800004183],[-44.00982300030253,-20.0591599994266],[-44.00984700000725,-20.0591609994715],[-44.00988999997796,-20.05915999974327],[-44.00993099983914,-20.05916199946031],[-44.00996400047423,-20.05916299930404],[-44.0100160006102,-20.05916699964912],[-44.01003800032175,-20.05916899954961],[-44.01008100026832,-20.05917699922205],[-44.0101070000854,-20.05917499977422],[-44.01012300045664,-20.05917699949944],[-44.01014800068697,-20.05918099950091],[-44.01017300060734,-20.05918199968134],[-44.01022700019929,-20.05919499976581],[-44.01025400054552,-20.05919599938965],[-44.01028900065341,-20.05919699952572],[-44.01031599993151,-20.05919999961376],[-44.01037099987531,-20.0592019999068],[-44.010405000734,-20.059202999847],[-44.01046900011843,-20.05921499957983],[-44.01051499987911,-20.05922100010049],[-44.01054999989211,-20.0592239997608],[-44.01060300007217,-20.0592319992632],[-44.01064600038083,-20.05923400007311],[-44.01067900072749,-20.0592409994147],[-44.0107470005643,-20.05925199951242],[-44.01078500068597,-20.05925599989225],[-44.01081200041743,-20.05925999924412],[-44.01085500075531,-20.0592709994525],[-44.01088100070189,-20.05927599976427],[-44.01092400052452,-20.05928799928968],[-44.01094700049504,-20.05929899960602],[-44.01097299982004,-20.05930699971737],[-44.01101299998123,-20.05931899960572],[-44.01106300064306,-20.05932499978121],[-44.01108500072456,-20.05932999937106],[-44.0111210001544,-20.0593399998658],[-44.01114900054748,-20.05934499958366],[-44.01118800028972,-20.05935199986509],[-44.01121900069167,-20.05935999990627],[-44.01127000067061,-20.05937499964207],[-44.01132600042612,-20.05938699950123],[-44.01135600072739,-20.0593929997699],[-44.01138900061679,-20.05940099921865],[-44.01141099995224,-20.05940199961136],[-44.0114260001527,-20.05940399995123],[-44.01145499982294,-20.05940899978852],[-44.01149200046964,-20.05941899948343],[-44.01152000064675,-20.05941899974889],[-44.01155300059294,-20.05941599923752],[-44.01159700066384,-20.05941899932394],[-44.01162200073179,-20.05941799972522],[-44.01164600049862,-20.05941899952791],[-44.01167200016031,-20.05942099990662],[-44.011724000448,-20.05942499975446],[-44.01174900067351,-20.05943100001248],[-44.01178700044287,-20.05943399993711],[-44.01181600022706,-20.05943699923609],[-44.01185999987501,-20.05943899991845],[-44.01188800022113,-20.0594460000007],[-44.01190200074785,-20.05944699989352],[-44.01193300000237,-20.05944999950763],[-44.0119740003267,-20.05945499947736],[-44.0120110005079,-20.05945499937132],[-44.01204800042117,-20.05946099979366],[-44.01206400041591,-20.05946200000623],[-44.01208900075322,-20.059465999737],[-44.01210500066396,-20.05946899952225],[-44.01214799985828,-20.05947699959763],[-44.01217600074892,-20.05948299939771],[-44.01219700067753,-20.0594879995868],[-44.01222600004337,-20.05948999948011],[-44.01224799983509,-20.05949200001202],[-44.01227800045824,-20.05949199958999],[-44.01231900028608,-20.05949799971795],[-44.01235600039331,-20.05950000002012],[-44.01239200002463,-20.05949699984834],[-44.01244300015458,-20.05950099931944],[-44.01249700021033,-20.05949899963647],[-44.01255100059409,-20.05948899982339],[-44.01256500033906,-20.05948599960193],[-44.0125770002611,-20.05947999923342],[-44.01259000022422,-20.05947799999026],[-44.0126380006397,-20.05947099988316],[-44.01267600013274,-20.05945799938477],[-44.01268299993997,-20.05945199999431],[-44.01269700071888,-20.05944699928722],[-44.01270900003079,-20.05944399962708],[-44.0127370001806,-20.05943299976641],[-44.01275900017273,-20.05941799976379],[-44.01281100012454,-20.05939500002902],[-44.0128490002561,-20.05937700010083],[-44.01288500063297,-20.05935399954111],[-44.01290500025508,-20.05933699961397],[-44.01291400062906,-20.059326999581],[-44.01295200029497,-20.05930799938648],[-44.01298399987059,-20.05928299947668],[-44.01300399991179,-20.0592669997803],[-44.01301700068089,-20.05925599924889],[-44.01303699991084,-20.05923599948567],[-44.01304500050009,-20.05922699952496],[-44.01307700011725,-20.05920000001982],[-44.01309900072344,-20.05916699926128],[-44.01312600007601,-20.05914399989811],[-44.01314500054197,-20.05912299972628],[-44.01315900024512,-20.05910699994359],[-44.01318400034574,-20.05906499929684],[-44.01319500014372,-20.05904200005486],[-44.01322400046927,-20.05900299986517],[-44.0132460001302,-20.05896799950272],[-44.01327000034173,-20.05892899940292],[-44.01328200068992,-20.05889599971979],[-44.01330300048063,-20.05886399991057],[-44.01332400004957,-20.05883799973344],[-44.01334200045684,-20.05881099974041],[-44.01334900035901,-20.05880099935942],[-44.01335999981521,-20.05877299980371],[-44.01339799998389,-20.05872099970068],[-44.01341400032007,-20.05869700010054],[-44.01343100018876,-20.05866499963456],[-44.01344600058935,-20.05863299975386],[-44.01345700032249,-20.05860999958808],[-44.01348100058713,-20.05857999981298],[-44.01350000046409,-20.05854499983954],[-44.01350500072017,-20.05852599967957],[-44.01350899983924,-20.05851999977143],[-44.01353600015827,-20.05847799938508],[-44.01356300045695,-20.0584359998973],[-44.01358499988849,-20.05840299996487],[-44.01361300061188,-20.05836799960343],[-44.0136290006774,-20.05834999961589],[-44.01366000059362,-20.05831399947643],[-44.01370000068836,-20.05826999973298],[-44.01374300023578,-20.0582170000906],[-44.01378100052047,-20.05816799971183],[-44.01380400051999,-20.05813599924612],[-44.01382700031177,-20.05810999931678],[-44.01384800051193,-20.058088000035],[-44.01386199992594,-20.05807599934321],[-44.01389800042855,-20.05803499964557],[-44.01389900018608,-20.05803399956036],[-44.01393100005177,-20.05800199958384],[-44.01394400026135,-20.05798800005814],[-44.01396699982117,-20.05796799974496],[-44.01399500038861,-20.05794799931253],[-44.01403800040661,-20.05791999928808],[-44.01406599999493,-20.05789999974175],[-44.01411600005741,-20.05786900006644],[-44.01413900035429,-20.05785499937134],[-44.01416900044174,-20.05783100006157],[-44.01420700061406,-20.05780999999999],[-44.01428300009128,-20.05776399978618],[-44.01434000069919,-20.05772699968412],[-44.01437099986595,-20.05770699964352],[-44.0143770006798,-20.05770399985028],[-44.01441600071666,-20.05767600001526],[-44.01444000070594,-20.0576610000935],[-44.01447200016626,-20.05763699922568],[-44.01450700021005,-20.05761299971865],[-44.01452200000978,-20.05760799990937],[-44.01453200032779,-20.05759999951612],[-44.01455300008708,-20.05758799983997],[-44.01457699993981,-20.0575769999581],[-44.01459300055077,-20.05756699999867],[-44.01463099997728,-20.05753399965537],[-44.01470000066822,-20.05748799999659],[-44.01473100064966,-20.05746999947196],[-44.014764999808,-20.05745100005529],[-44.01482100058937,-20.05742799939828],[-44.01486800016136,-20.05739999976348],[-44.01488200068843,-20.05739499977512],[-44.01490099995035,-20.05738499932877],[-44.01491900031181,-20.05737999994084],[-44.01493100043929,-20.0573749996442],[-44.01496500036252,-20.05736199983098],[-44.01501899992609,-20.05733099958224],[-44.01505800021257,-20.0573039998394],[-44.01510100032576,-20.05727699978269],[-44.0151330001085,-20.05725199945184],[-44.01519200060925,-20.05719999935441],[-44.01519600003865,-20.05719699922536],[-44.01521100065298,-20.0571749997774],[-44.01523000019335,-20.05715099953288],[-44.01525100007189,-20.05712900006847],[-44.01526500033916,-20.05711300010431],[-44.01526699982529,-20.05711099991702],[-44.01527700062318,-20.05707900001732],[-44.01528700046052,-20.05704700011145],[-44.01529400025138,-20.05703299958218],[-44.01531700022539,-20.05700200004299],[-44.01532800075215,-20.05698999968974],[-44.01533500030706,-20.05698599976243],[-44.01536100032382,-20.05697899922393],[-44.01536599994015,-20.05697599924007],[-44.01538200066271,-20.05695599950334],[-44.01542200066596,-20.05692199993841],[-44.01543900048583,-20.05690799997944],[-44.01547300053074,-20.05688299987868],[-44.01547700044801,-20.05687899950412],[-44.01549700068848,-20.05684999997967],[-44.01553900012476,-20.05681399929188],[-44.01556100007002,-20.05679399951339],[-44.01559300071675,-20.05676499993836],[-44.01561500073168,-20.05674100009121],[-44.0156390001777,-20.05671699962785],[-44.01566300061085,-20.0566909995873],[-44.01571200002954,-20.05664799999863],[-44.01575200030936,-20.05661699927096],[-44.01577300046362,-20.05659799956008],[-44.01580500065298,-20.05656399963729],[-44.01582400025189,-20.05655299974904],[-44.01585800027273,-20.05652199992681],[-44.01588500045574,-20.05648599968118],[-44.01593200070467,-20.0564480000436],[-44.01598200041029,-20.05641800004466],[-44.01600700036845,-20.05639699949505],[-44.01603799998581,-20.0563789996273],[-44.01607800062607,-20.05634699948419],[-44.01611400033709,-20.05632299977849],[-44.01614400069267,-20.05630499975114],[-44.01618500042874,-20.05627899936277],[-44.01618600062034,-20.05627899950741],[-44.01618999997078,-20.05627799983659],[-44.01620900057001,-20.05626099936445],[-44.01621499991055,-20.05625499967586],[-44.01623100035386,-20.05624099949453],[-44.01624100003432,-20.05623199965554],[-44.01627300034687,-20.05620899958711],[-44.01630000074086,-20.05618000005984],[-44.01631199993949,-20.05616499995392],[-44.01633700040352,-20.05613699947305],[-44.01634800039004,-20.05611999964647],[-44.01637999998972,-20.05607899972256],[-44.01639900020314,-20.05605299976234],[-44.01643099980932,-20.05600999934478],[-44.01645700007207,-20.05597299952205],[-44.01646400022594,-20.05595600002363],[-44.01649799983097,-20.05590399950852],[-44.01651799984923,-20.05586899930665],[-44.01652800001058,-20.05585699963095],[-44.01656000058124,-20.055807999549],[-44.01658500021199,-20.05576399967503],[-44.01659499998217,-20.0557450001083],[-44.01662200003087,-20.05569699954595],[-44.01662900073459,-20.05567299925432],[-44.01663800027472,-20.0556560000257],[-44.01664999990214,-20.05560499932719],[-44.01665900044751,-20.05558400003954],[-44.0166770000376,-20.05554699995199],[-44.01668600008824,-20.05552699999798],[-44.01669500022106,-20.05550099949717],[-44.01669999989872,-20.0554879997664],[-44.01671599991307,-20.05546100000513],[-44.01674500040497,-20.05540099951259],[-44.01677600072402,-20.05534400001839],[-44.0168060002735,-20.05529399935507],[-44.01682200012426,-20.05527699928829],[-44.01686000041227,-20.05524599981222],[-44.01687600015317,-20.05523699986654],[-44.01688300052617,-20.05523499945743],[-44.01691600072664,-20.05521199939806],[-44.01692100023092,-20.05521099984946],[-44.01694900026214,-20.05520399934113],[-44.01695999995167,-20.05520099923931],[-44.01698999987881,-20.05519299966344],[-44.01701400018159,-20.05517999985068],[-44.01704100017487,-20.05515899941728],[-44.01706100021504,-20.05514499970403],[-44.01708800063695,-20.05512699999084],[-44.01711899990818,-20.05510699943174],[-44.01715300023295,-20.05508399946428],[-44.01717000069959,-20.05506599926284],[-44.01719000075824,-20.05504799947021],[-44.01721800045839,-20.05502199974147],[-44.01725300056429,-20.05498799993947],[-44.01727900075446,-20.05497000005646],[-44.01732699993271,-20.05493099990207],[-44.01734900038154,-20.05490699981772],[-44.01736700001805,-20.05489099930784],[-44.01738500060145,-20.05487499970479],[-44.01741900037047,-20.05485099943731],[-44.0174360006915,-20.05484299981939],[-44.01746600063188,-20.05482299996628],[-44.017491999815,-20.05480500004412],[-44.01753700061497,-20.05478099944519],[-44.01755000016134,-20.05477699933341],[-44.01759200039257,-20.05475299921362],[-44.01761199983423,-20.05474199925288],[-44.01763000031651,-20.05473399975148],[-44.01766400041884,-20.05472099938736],[-44.01768900025254,-20.05471499949694],[-44.01772200014784,-20.05470399946951],[-44.01776000047841,-20.05469199986774],[-44.01778400012252,-20.0546859998282],[-44.01784199991007,-20.05465500009565],[-44.01786999984023,-20.05464199979002],[-44.01790500009496,-20.05462699993189],[-44.01794800041661,-20.05460299985766],[-44.01796700010588,-20.05459299996522],[-44.01799300060903,-20.05457999937618],[-44.01801900015337,-20.05456500010073],[-44.01806100072604,-20.05454399968899],[-44.01808700027011,-20.05452699991875],[-44.01814400026782,-20.05448900006304],[-44.018175000241,-20.05446899931181],[-44.01818500065987,-20.05445799977628],[-44.01820199997147,-20.05444399952633],[-44.01822499990382,-20.05442499976053],[-44.0182539999986,-20.05439599926289],[-44.01826200003755,-20.05438699994193],[-44.01828000002345,-20.05436399944631],[-44.01829800001094,-20.05433699978691],[-44.01832600023442,-20.05435699926772],[-44.01842099997818,-20.05445299970343],[-44.0185819999385,-20.05452199940876],[-44.0187180002715,-20.05457299952534],[-44.01885499994041,-20.05466399941735],[-44.01900900052614,-20.05477799972213],[-44.01923000020869,-20.05485800011146],[-44.01953300037567,-20.0549210000029],[-44.01977699985942,-20.05497299940625],[-44.01996000039971,-20.0549929995601],[-44.02023500054947,-20.05503399945277],[-44.02046900022962,-20.05505799985734],[-44.02069000056495,-20.05517199948522],[-44.02088400005849,-20.0553639992608],[-44.02106700023132,-20.05554899948212],[-44.02136600074659,-20.05584399975241],[-44.02165499995053,-20.05613799997909],[-44.02194399996389,-20.05644299972739],[-44.02242700054911,-20.05681199956969],[-44.02276400016851,-20.05724399976567],[-44.02297600024892,-20.05747499974507],[-44.02314000069997,-20.05766799970137],[-44.02332300014376,-20.05784299981612],[-44.02347700037017,-20.05797200005973],[-44.02366100041999,-20.05811999971436],[-44.02380499988199,-20.0582579999499],[-44.02394999992988,-20.05841499937513],[-44.02411399986037,-20.05852599933275],[-44.02425800049113,-20.05871899994745],[-44.0243540001271,-20.05887499940753],[-44.02440200015866,-20.05902699949034],[-44.02445000072914,-20.05920599980221],[-44.02451000035321,-20.0593910000107],[-44.02456400073307,-20.05957599962284],[-44.02466100003205,-20.0596809992793],[-44.02492400043153,-20.05969399959013],[-44.02513800052829,-20.0597119997546],[-44.0254000005504,-20.05978899947109],[-44.0256990007569,-20.05989999959293],[-44.02586999997368,-20.05993900008839],[-44.02604300006693,-20.05997499987333],[-44.02628300015598,-20.06003400010895],[-44.02651600043244,-20.06010499963464],[-44.02679900000247,-20.06017699971333],[-44.02703900003475,-20.0602129996647],[-44.02724800013151,-20.06027799930508],[-44.02740800042279,-20.06033099995091],[-44.02759899980364,-20.06036199937745],[-44.02803500056839,-20.06053900003685],[-44.0281950006199,-20.06060299995715],[-44.02844700070106,-20.06069799978119],[-44.02871200032198,-20.06071699974805],[-44.0289420000409,-20.06067799980821],[-44.0292700002792,-20.06062099940405],[-44.02953700040667,-20.0605469999722],[-44.02985899981842,-20.06045499943067],[-44.03019400037257,-20.06035699948438],[-44.03037200053055,-20.06033599955324],[-44.03054700042461,-20.06026199985257],[-44.03075300030054,-20.06023299934293],[-44.03094200052759,-20.06023399946868],[-44.0310690002423,-20.06029499948996],[-44.03128900074167,-20.06040099968195],[-44.03147900004443,-20.06050599942782],[-44.03168400064101,-20.06061200008254],[-44.03188900026215,-20.06067299943421],[-44.03221800028194,-20.06075299998898],[-44.03250700012388,-20.06079199956742],[-44.03285600005334,-20.0607849994796],[-44.033125000613,-20.06076699935769],[-44.03331400058688,-20.06077799941739],[-44.03353300004306,-20.0608449999304],[-44.03373200002292,-20.06095899994778],[-44.03386100007756,-20.06108199974742],[-44.03401999980887,-20.06110199992883],[-44.0343190000299,-20.06110399969705],[-44.03453900034393,-20.06112399926242],[-44.0347179999962,-20.06114399963519],[-44.0348970004875,-20.06120999936762],[-44.03502600037593,-20.06126799957794],[-44.03520500074823,-20.06139099943466],[-44.03534300067341,-20.06157999936291],[-44.03549200064516,-20.06175099968532],[-44.0357300002771,-20.06198699993315],[-44.03596600013287,-20.06216899921455],[-44.03612399988131,-20.06221799921131],[-44.0362690006986,-20.06223799968397],[-44.0364150004806,-20.06224599982876],[-44.03660800001865,-20.06230299971523],[-44.03684000053825,-20.06237499966569],[-44.03705200000549,-20.06246899966106],[-44.03722500034213,-20.0625279997497],[-44.03748399988213,-20.06253499986313],[-44.03769300008712,-20.06251799977477],[-44.03793899981665,-20.0625079992586],[-44.038078000484,-20.06252599944678],[-44.03823299994581,-20.06253400009687],[-44.03838300027344,-20.06253899978172],[-44.03855200001422,-20.06251799961857],[-44.03871600055029,-20.0624939993747],[-44.0389080004864,-20.06244700010163],[-44.03902199995066,-20.06244099955109],[-44.03909500071021,-20.06242000004037],[-44.03921700055584,-20.06239099924896],[-44.03937000056459,-20.06235499978962],[-44.03946600064391,-20.0623019997852],[-44.03958099992572,-20.06224200004477],[-44.03972200011301,-20.06219399987815],[-44.0397600004491,-20.06218299942019],[-44.03992000008598,-20.06210500004977],[-44.0399969998779,-20.06203899995219],[-44.04004200009265,-20.06196099926254],[-44.04009400045761,-20.06190099944686],[-44.04021499981112,-20.06185999949303],[-44.04036800057388,-20.06184199996608],[-44.04049600001886,-20.06186099929723],[-44.04060400067578,-20.06191600005486],[-44.04066100047383,-20.06196399960528],[-44.04071200018699,-20.06198300008597],[-44.04091599988215,-20.06202600006024],[-44.04099799986117,-20.06206299962788],[-44.04106200028136,-20.06215399975054],[-44.04115700041842,-20.06221399955083],[-44.04131600056019,-20.06225099923847],[-44.04139300030359,-20.06229999976627],[-44.04148200028245,-20.06233700003675],[-44.04156800003663,-20.06240399952495],[-44.04166300030522,-20.06249599972795],[-44.04177800047457,-20.06265999957367],[-44.0419050003848,-20.06279400007594],[-44.04206500010254,-20.06290999962374],[-44.04218600005073,-20.06303799936774],[-44.0423390003651,-20.06315999927413],[-44.04252399993919,-20.06329400008297],[-44.04269699996608,-20.06340999994073],[-44.04285000025725,-20.06351399950204],[-44.04298400008857,-20.0636349996385],[-44.04311099989722,-20.06376899932303],[-44.04316700072406,-20.06383799968748],[-44.04323500028311,-20.06392600010749],[-44.04329500046295,-20.06401799975156],[-44.04335100041806,-20.06414899999966],[-44.04345200001336,-20.06425999941523],[-44.04353200039359,-20.06434099970539],[-44.04364100053856,-20.06440699958535],[-44.04369300026279,-20.06445699965557],[-44.04377400038915,-20.06456100008741],[-44.04393500057437,-20.06470700000849],[-44.04413699989652,-20.06489199986613],[-44.04437200044857,-20.06506199986896],[-44.04450900065535,-20.06518599961708],[-44.04472000065643,-20.06534399927496],[-44.0449059998823,-20.06544299989847],[-44.04508100037576,-20.06555100004971],[-44.04520500031779,-20.065649999664],[-44.04539100004459,-20.06571899961507],[-44.04561800070302,-20.06578899968162],[-44.0457730003796,-20.06585799988405],[-44.04592800048113,-20.06595699924108],[-44.04612299982588,-20.06612399987749],[-44.04628899987544,-20.06620300005145],[-44.04645300063527,-20.0663409993583],[-44.04663900025548,-20.06644000003536],[-44.04680400026602,-20.06655799947649],[-44.04693799980729,-20.06666699922335],[-44.04704100002418,-20.06680399946654],[-44.04716400016591,-20.06689299984401],[-44.04729900024198,-20.0669329994027],[-44.04750599981109,-20.06695299980478],[-44.0476920001077,-20.06698399975789],[-44.0478670007065,-20.06701399963836],[-44.04801199983861,-20.06706399989515],[-44.04815700014869,-20.06713299932472],[-44.04827000055522,-20.0672409994964],[-44.04841400067168,-20.0674179992955],[-44.0485680000121,-20.06754600003029],[-44.04872200066939,-20.0677619998474],[-44.0487420007154,-20.06791799976664],[-44.04874100055522,-20.06800599900435],[-44.04880300014131,-20.068104999462],[-44.04896800070023,-20.06821299992651],[-44.04906000060651,-20.06835999926191],[-44.04914200053558,-20.06848799967149],[-44.04927599996968,-20.06865499944974],[-44.04938900008393,-20.06871399946534],[-44.0494610005329,-20.06884199925173],[-44.0494700002245,-20.06899799955893],[-44.04944900052465,-20.06910599917523],[-44.04945800019784,-20.06927199924408],[-44.04947799988014,-20.06939900003576],[-44.04954000073227,-20.06950699977974],[-44.04961100069718,-20.06958399957157],[-44.04969600060485,-20.06966199988524],[-44.04976900004257,-20.0697399997761],[-44.0498460005099,-20.06982199955573],[-44.04995600068067,-20.06991499965838],[-44.05004600061105,-20.07001599986598],[-44.0500660002308,-20.07005099950014],[-44.05010200061221,-20.07011299967873],[-44.05019700047637,-20.07012899931605],[-44.05025000008331,-20.07010999940104],[-44.05033600074189,-20.07008699966071],[-44.05044200032498,-20.07006099999288],[-44.05055300070012,-20.07006099923921],[-44.050655000188,-20.07008899946037],[-44.05072000056489,-20.07015099992284],[-44.05081400027214,-20.07022500009955],[-44.05093200027964,-20.07032999948848],[-44.05097100074022,-20.07038599967303],[-44.05098700053299,-20.07044799977838],[-44.05102800060931,-20.0705419993275],[-44.05107300015139,-20.07060099992738],[-44.05109800026254,-20.07064399937803],[-44.05116800045882,-20.07067200003985],[-44.051254000075,-20.07068799958219],[-44.05136200024112,-20.07070799983293],[-44.05140700005924,-20.07073199980986],[-44.05148099997108,-20.07078299951606],[-44.05158000065047,-20.07085799929428],[-44.05165800007752,-20.07090499952857],[-44.05175300043771,-20.07095999989057],[-44.05185600007646,-20.07102299993646],[-44.05195500013292,-20.07109799951066],[-44.05202900042988,-20.07118399954703],[-44.05211500032583,-20.07122499946226],[-44.05222299991244,-20.07131599964064],[-44.05234300034002,-20.07136799933528],[-44.05248100008186,-20.07143199996938],[-44.05261800039903,-20.07151099976484],[-44.05274700000412,-20.07159499936713],[-44.05288799994639,-20.07166299960463],[-44.05300900064578,-20.07169899934992],[-44.05316700014856,-20.07176699922854],[-44.05333800047796,-20.07185799934429],[-44.05341300037833,-20.07196899955106],[-44.0534290005881,-20.07208800005992],[-44.05349500004847,-20.07219099972317],[-44.05354799996078,-20.07227399975599],[-44.05364799991497,-20.07235299935456],[-44.05379000037326,-20.07241699965567],[-44.05393500056429,-20.07250800002369],[-44.05415200011873,-20.07262399981936],[-44.05428299997924,-20.07266800002944],[-44.05442999998541,-20.07267499978929],[-44.05454399998954,-20.07269499954258],[-44.05463100046915,-20.07275199947441],[-44.05471800060078,-20.07284800001547],[-44.05480399982747,-20.07298799976633],[-44.05491000063672,-20.07310899965693],[-44.05503700043894,-20.07322999976827],[-44.05519700048813,-20.07339499927218],[-44.05545700072603,-20.07361199959104],[-44.05558400041916,-20.07375199953409],[-44.05572400008862,-20.07384799921244],[-44.0558639999801,-20.07396299989378],[-44.05601800055307,-20.07408999965568],[-44.05611800018856,-20.07417999975224],[-44.05615700066822,-20.07431299993373],[-44.0562030007465,-20.07445299948581],[-44.05629700011362,-20.07456099991684],[-44.0563700003903,-20.07466199933815],[-44.05653700025326,-20.07473899966253],[-44.05659400069646,-20.07474499925987],[-44.05674700051436,-20.07472999933551],[-44.05684000056205,-20.07471399946592],[-44.05698800047892,-20.07467599944454],[-44.05709000016246,-20.07469299966928],[-44.05719100027206,-20.07470700007985],[-44.05726400032861,-20.07471999984989],[-44.05733700039055,-20.07474499986473],[-44.05742000032119,-20.07477999967385],[-44.05748300035655,-20.07481199951699],[-44.05753900056773,-20.07483799935455],[-44.05758799998294,-20.07485800009115],[-44.05764400070727,-20.07488199940152],[-44.05768999991195,-20.07490299971551],[-44.05774900066156,-20.07492299954394],[-44.05779800037018,-20.07494199997667],[-44.05788700029032,-20.07497799929484],[-44.05794300013209,-20.07499799932005],[-44.05802600011302,-20.07503800009741],[-44.05808400001957,-20.07508099930115],[-44.05815300014822,-20.07512599980616],[-44.05824800024445,-20.07520299958086],[-44.05830300049109,-20.07524499964329],[-44.05836200063381,-20.07528899982323],[-44.0584280000433,-20.07534599986753],[-44.05851000033988,-20.07543399981951],[-44.05858499993738,-20.07549499997975],[-44.05866700015203,-20.07555100002756],[-44.05875599989804,-20.07561499957009],[-44.05885399980878,-20.07568299922469],[-44.05898000073008,-20.07577000002297],[-44.05909099998586,-20.07583099928963],[-44.05915699981267,-20.07585899998697],[-44.05926499994937,-20.07592499978043],[-44.05936399986015,-20.07597099991327],[-44.05946100025928,-20.07600799975411],[-44.05958100069878,-20.07605299929254],[-44.05970300056941,-20.07610799923629],[-44.05979100014995,-20.07614899987406],[-44.05987899990351,-20.076197999753],[-44.05993799989807,-20.07624199942868],[-44.06001300028451,-20.07630799935612],[-44.06008400023822,-20.07636599946627],[-44.06015900045453,-20.07642899949001],[-44.06026000063537,-20.07650099999629],[-44.06037000007002,-20.07657299952598],[-44.06044299990495,-20.07661399957479],[-44.0605780002894,-20.07668099969538],[-44.06071000028722,-20.0767369999942],[-44.06081700062485,-20.07674499988063],[-44.06091900070235,-20.0767729997919],[-44.0609980007028,-20.07684999983366],[-44.06107200057394,-20.07690699990151],[-44.06113900015506,-20.07702999997235],[-44.06118800037647,-20.07712699997516],[-44.0612529999387,-20.07719899924777],[-44.06131000014467,-20.07727799929713],[-44.06139899988766,-20.07736499968795],[-44.06143799988463,-20.07739499935358],[-44.06148300062789,-20.07743099986291],[-44.06154600064387,-20.07748100009101],[-44.06160599991031,-20.07752099993314],[-44.06165100030285,-20.07756799952917],[-44.06170200072765,-20.07762899924011],[-44.06177200008334,-20.07772999959737],[-44.06181900042521,-20.07780799943733],[-44.06186100060158,-20.07788799941084],[-44.06188999970279,-20.0779839993728],[-44.06184699988813,-20.07807199895086],[-44.06183399997317,-20.0781949994312],[-44.06182200015579,-20.07828299920309],[-44.06181200027626,-20.07842399931902],[-44.06186800073343,-20.07849899921986],[-44.06193100011991,-20.07854999956979],[-44.06198399995117,-20.07861900007494],[-44.06204800051812,-20.07867099962682],[-44.06210100008408,-20.07871899937851],[-44.0621709999245,-20.07881199940569],[-44.06220100045015,-20.07886800008239],[-44.06222600016054,-20.07893799938001],[-44.06224900031611,-20.07902999986949],[-44.0622840000381,-20.07913499953827],[-44.06233100009806,-20.07922199968899],[-44.0623969998915,-20.07926899945446],[-44.06244300053034,-20.07929699943638],[-44.06249900056181,-20.07933099886246],[-44.06258100038392,-20.0793729991139],[-44.06263400074698,-20.07939599880917],[-44.06269700051052,-20.07942499883753],[-44.06278700025802,-20.07944899901088],[-44.06282399989169,-20.0794439989231],[-44.0628920001641,-20.07946999936873],[-44.06295300027291,-20.07948499875906],[-44.06303099985504,-20.07948499873034],[-44.06310300026979,-20.07947999902849],[-44.06320100050613,-20.07948299914644],[-44.06326800006241,-20.07948299939995],[-44.06334099981297,-20.07948299892022],[-44.06343300027575,-20.07948399912046],[-44.06351800040594,-20.07948399895215],[-44.06360699987302,-20.07947999906937],[-44.06377500019338,-20.07952399890821],[-44.06389600044793,-20.07960599932741],[-44.06400300043108,-20.07964599901725],[-44.06408500034091,-20.07970499921957],[-44.06421300048567,-20.07975799946322],[-44.06432300008176,-20.07978199911537],[-44.06442600026095,-20.07981499911024],[-44.06448700040162,-20.07984599926571],[-44.06459899990034,-20.07990899920633],[-44.06470499986433,-20.0799689990863],[-44.06478399994085,-20.08001899891355],[-44.06487399991713,-20.08008499859971],[-44.06493500004505,-20.08012699864373],[-44.06505500005483,-20.08022399946308],[-44.06512300047741,-20.08027799884043],[-44.06524400051106,-20.08039799883228],[-44.06529900007094,-20.08046799929449],[-44.06536400020253,-20.08054399904603],[-44.06546700049391,-20.08067099935891],[-44.06549000073936,-20.08069299915746],[-44.06554200034923,-20.08074299945893],[-44.06567100037949,-20.08089199905555],[-44.06586900060471,-20.08107199901674],[-44.06593099987215,-20.08112399929023],[-44.06603600040361,-20.08121699866128],[-44.06618200034967,-20.08136299941167],[-44.06623300071869,-20.08139899886971],[-44.06636200036505,-20.08148899950321],[-44.06639199994753,-20.08150899864679],[-44.06643300007985,-20.08155299868761],[-44.06653500016196,-20.08158299869251],[-44.06663000022581,-20.0816359990204],[-44.06672599981405,-20.08169399860293],[-44.06678100005612,-20.08173999895849],[-44.06684100046183,-20.08176899887766],[-44.06694100040876,-20.08183399864702],[-44.0670110007385,-20.08189999915506],[-44.06708200023596,-20.0819729994374],[-44.06718200065635,-20.08207399904827],[-44.06730300050805,-20.08224899881359],[-44.06733800042706,-20.08229499909147],[-44.06740200026978,-20.08234799884744],[-44.06749300014052,-20.08242499897231],[-44.06756299989546,-20.08246999943902],[-44.06766799997469,-20.0825489989026],[-44.0677510001511,-20.08258699931655],[-44.0678140000751,-20.08262799878144],[-44.06792200055806,-20.0826849993979],[-44.06802999999866,-20.08272099920785],[-44.06810400022963,-20.08276799939534],[-44.06822599986896,-20.08281699941721],[-44.06834799991449,-20.08285299881607],[-44.06842000022338,-20.08292399885018],[-44.06853100057885,-20.08302999918696],[-44.06866400065845,-20.08314199861809],[-44.06878500055418,-20.08320699880786],[-44.06891700068693,-20.0832559986965],[-44.06904900021487,-20.08329199884486],[-44.06917800008944,-20.08333099919717],[-44.06932600059984,-20.08332899896975],[-44.06947599991578,-20.0833329989071],[-44.06959200014104,-20.08334099949861],[-44.06966100027601,-20.08334099888715],[-44.06973400025467,-20.08335699893186],[-44.06988100025412,-20.08340899927171],[-44.06997799995862,-20.08341199948082],[-44.07007200030643,-20.08340999885334],[-44.07013700023824,-20.0834139987764],[-44.07021200011495,-20.08341799892057],[-44.07028200065833,-20.08342999911422],[-44.07036000008661,-20.08345599881708],[-44.07041399989115,-20.08348299890267],[-44.07047300034088,-20.08352999868333],[-44.07056900048872,-20.08360099861075],[-44.07065099985562,-20.08365599940522],[-44.07071200012381,-20.08372199903735],[-44.07078100042818,-20.08384399876573],[-44.07085000066009,-20.0839059987859],[-44.07093799980539,-20.08399099878813],[-44.07104200009956,-20.08408999879023],[-44.07113700044748,-20.08412399924759],[-44.07118000042941,-20.08415599942736],[-44.07123400055853,-20.0841709989761],[-44.07130900007818,-20.08423599860319],[-44.07138400064988,-20.08430699880686],[-44.07147500018756,-20.08436899862555],[-44.07156000018921,-20.08440699878531],[-44.0716460002073,-20.08445399919177],[-44.07173799981717,-20.08451299886761],[-44.07189599996372,-20.08458499898271],[-44.07211000000017,-20.08473299876415],[-44.07221400001154,-20.08479699926504],[-44.07229499984637,-20.0848349988476],[-44.07238600049536,-20.0848809987242],[-44.07251200045674,-20.08491999901835],[-44.07258500032882,-20.08494399902012],[-44.07266100048733,-20.08496099943828],[-44.07272800062955,-20.08497399944795],[-44.07281400058116,-20.08499299950419],[-44.07285800016138,-20.08500799936931],[-44.0729160006824,-20.08502099904114],[-44.07299500017288,-20.08503799880079],[-44.0730480005481,-20.08505199863481],[-44.0731290002733,-20.08507299899719],[-44.07318800052136,-20.08509099875928],[-44.07324900045721,-20.08510999930908],[-44.07337600013082,-20.08514999907566],[-44.07342599994931,-20.08516699916671],[-44.07347199999673,-20.08518499928995],[-44.07354000026351,-20.085207998624],[-44.07361200018787,-20.08523099903751],[-44.07366400041896,-20.0852509994683],[-44.07372899986769,-20.08526499879939],[-44.07378000070339,-20.08527799942435],[-44.07385200028327,-20.08531099863827],[-44.07392500014593,-20.08533799885166],[-44.0740180001786,-20.08539299891138],[-44.07406799987571,-20.0854189992787],[-44.07413700059203,-20.08544999931993],[-44.07420499986375,-20.08548899880543],[-44.07427600034075,-20.08552799863926],[-44.0743330005443,-20.08555699934259],[-44.07436100044228,-20.08556099894456],[-44.07439500065212,-20.08557299947767],[-44.07442300057166,-20.08558399902214],[-44.07445900021912,-20.08559899903149],[-44.07451800014164,-20.08561499875911],[-44.07458100001799,-20.08563599900202],[-44.07466600019237,-20.08565499925975],[-44.07481000066824,-20.08569499946448],[-44.0748640007151,-20.08570299888048],[-44.07493400060655,-20.08570899937555],[-44.07501100051195,-20.08573599932513],[-44.07505800000649,-20.08574199945698],[-44.07511900039758,-20.08575399942482],[-44.07520600041181,-20.08577399931027],[-44.07529800024676,-20.08579599873305],[-44.07535899990659,-20.0858139992208],[-44.07545600054593,-20.08582299889066],[-44.07554600036348,-20.08586199921877],[-44.07562300071027,-20.08588699930982],[-44.07570899997186,-20.0859109992368],[-44.0757570000986,-20.08593099890936],[-44.07582600053164,-20.08594599879861],[-44.07590800055472,-20.08603599882202],[-44.07598500009687,-20.08608399912086],[-44.07608299991387,-20.08611999872896],[-44.07617900071009,-20.08614199875936],[-44.07628500009319,-20.08612999911731],[-44.07640199983324,-20.08607999949762],[-44.07652000039304,-20.08609699930805],[-44.07656800010453,-20.0861059987046],[-44.07662500015246,-20.08610999871819],[-44.0766800003677,-20.08611399909886],[-44.07679900041796,-20.08608299909429],[-44.07688699981576,-20.08609899876767],[-44.0769520005195,-20.08609999908675],[-44.07700499986404,-20.086120998609],[-44.07707400005777,-20.08614799923054],[-44.07714000053937,-20.08617899870869],[-44.07720800036543,-20.08619799926459],[-44.0773150002432,-20.08621799873801],[-44.07738799994973,-20.08623899874963],[-44.0774679998562,-20.08624099889462],[-44.07754999990817,-20.0862569994261],[-44.07759000050506,-20.08626499897457],[-44.07769600018003,-20.08630099883336],[-44.07779000015925,-20.08631799893753],[-44.07789400069776,-20.08633999916794],[-44.07797199989704,-20.0863759990134],[-44.07808599984951,-20.08643099912577],[-44.07820900040818,-20.08650499944062],[-44.07827600020055,-20.08653199909994],[-44.07838499999552,-20.08658099942206],[-44.07851300024957,-20.08661699888166],[-44.07864799986518,-20.08664099921992],[-44.07874300068501,-20.08664799881671],[-44.07883000053697,-20.08668799927792],[-44.07894600013284,-20.08674099883955],[-44.07909900035632,-20.08678399903935],[-44.07921800071172,-20.08685199888615],[-44.07926000013148,-20.08695499901635],[-44.07936700023961,-20.08710099923495],[-44.07947399983462,-20.08722599861139],[-44.07958800039126,-20.08732399869783],[-44.0796930004469,-20.08738299888758],[-44.07977799994799,-20.08742499891752],[-44.07990900027899,-20.08745399861544],[-44.08005200019945,-20.08749799946787],[-44.08014000071655,-20.08753399899344],[-44.08024700039594,-20.08759899904951],[-44.0803709998834,-20.08766899939711],[-44.08060900020163,-20.08778599889476],[-44.08076799990179,-20.08784599888928],[-44.08089599999553,-20.0878499994321],[-44.08109200049444,-20.08786999912788],[-44.08125600013375,-20.08786199940857],[-44.08138300017841,-20.08785199899128],[-44.08151900026185,-20.08782899864612],[-44.08167500059784,-20.08781899888445],[-44.08185400070952,-20.08781999938656],[-44.08193300026937,-20.08784299944838],[-44.08206600043697,-20.08795899923275],[-44.08215699984632,-20.08811999887433],[-44.08223600014276,-20.08832699922799],[-44.08229400048952,-20.08856899863209],[-44.08232200054944,-20.0887039993768],[-44.08237200033381,-20.08885999868909],[-44.08242399993711,-20.08902899901612],[-44.08249500075065,-20.0891309989224],[-44.08260400063783,-20.08921699885192],[-44.08270300003255,-20.08925999914175],[-44.08276800023545,-20.08929599897796],[-44.08291999989898,-20.08930299884364],[-44.08303100059674,-20.089286999395],[-44.08314300002447,-20.08926799888258],[-44.08321900068185,-20.0892249986648],[-44.08336600011322,-20.08920799863975],[-44.08346800030841,-20.08923499919853],[-44.08351199984445,-20.08924299922298],[-44.08356400043075,-20.08929299898299],[-44.0835960002474,-20.08933199875209],[-44.08362900018503,-20.08937499929697],[-44.08367900062299,-20.0894669992649],[-44.08375400024162,-20.08950699925101],[-44.08383900049247,-20.0894679994974],[-44.08396400000021,-20.08941899870191],[-44.08417000043566,-20.08938699944873],[-44.08422200036259,-20.08952799945362],[-44.08423400013651,-20.08962599884529],[-44.08423200036162,-20.0897159994947],[-44.08423100006218,-20.08984499983266],[-44.0842380004083,-20.08997199959935],[-44.08426100017289,-20.09013399994734],[-44.08428300019502,-20.09024799922893],[-44.08433000031449,-20.09036199987059],[-44.08440800029738,-20.09048899921263],[-44.08448299996143,-20.09059099922914],[-44.08459000017434,-20.09068999994302],[-44.08469000050309,-20.09074699976043],[-44.08486700031669,-20.09084499974296],[-44.08494800052198,-20.09088599988519],[-44.08505300071991,-20.09093799975866],[-44.08513400067274,-20.09095599941859],[-44.08529600043151,-20.09103799942618],[-44.08540100022356,-20.09108499963866],[-44.08551800048912,-20.09114599953796],[-44.08564599996083,-20.09120499980482],[-44.08585600018449,-20.09129699926252],[-44.08604100044401,-20.09137299962961],[-44.08619500034329,-20.09142700002748],[-44.08633100030096,-20.09147999994881],[-44.08646800031007,-20.09154099974076],[-44.08661099997587,-20.09165399936786],[-44.08665300000256,-20.0917190000161],[-44.08669900035576,-20.09177599944639],[-44.0867230004393,-20.09182199972707],[-44.08674400074702,-20.09190800003848],[-44.08674300046876,-20.09198799976491],[-44.08665900045144,-20.09209999924666],[-44.08662100034808,-20.09216199995199],[-44.08661900000725,-20.09226699992564],[-44.086667000517,-20.09235499949314],[-44.08668000066255,-20.09249899930546],[-44.08675100060107,-20.09268999935442],[-44.08682900039142,-20.0928069996834],[-44.08692200005757,-20.09306099931074],[-44.08702100014826,-20.09322399965823],[-44.08717300039976,-20.09325999972425],[-44.08750700067279,-20.09330299992461],[-44.08764200064208,-20.09331399934986],[-44.087864999877,-20.09333599989851],[-44.08806600074367,-20.0933419999308],[-44.08821600036856,-20.09336099982649],[-44.08834500075663,-20.09336999974879],[-44.08847200022915,-20.09337999943756],[-44.08867200051844,-20.09341199930344],[-44.08880500075185,-20.0934019993637],[-44.08895600013717,-20.09339699951698],[-44.08914800039492,-20.09341699969274],[-44.08928900024725,-20.09343200002142],[-44.08938900053243,-20.09343600009408],[-44.08956099987573,-20.0934509992858],[-44.08971199991775,-20.09347899994125],[-44.08993399995918,-20.09355999958056],[-44.09005799984395,-20.09360799954434],[-44.09026000042837,-20.09370199928289],[-44.09043600043645,-20.09378799923045],[-44.09058700072674,-20.09390799992147],[-44.09077000040847,-20.09405399934087],[-44.09095700028312,-20.09423099994503],[-44.09119600025902,-20.09437199963361],[-44.09136200058786,-20.09449999943944],[-44.09153300018463,-20.09460799986811],[-44.09164799990493,-20.09466699949978],[-44.09175999995362,-20.09466600000655],[-44.09185400041326,-20.09466699960402],[-44.09194900036908,-20.09466799977548],[-44.09202700008284,-20.09467699941552],[-44.09215900069646,-20.09467199943137],[-44.09224000036593,-20.09466000003448],[-44.09232800058608,-20.09463699946761],[-44.09237600047965,-20.09462999964431],[-44.09250600067706,-20.09460099927588],[-44.09253200009341,-20.09459700000632],[-44.09259900000322,-20.09458799970824],[-44.09268800041893,-20.09457299980929],[-44.09288699992493,-20.09465399957817],[-44.09298699987646,-20.09467499925103],[-44.0931360003662,-20.09457299977524],[-44.09334600015681,-20.09454899992516],[-44.09341999995467,-20.09456199930072],[-44.09348500036005,-20.09458199938688],[-44.09357600054339,-20.09463700001091],[-44.09367799999989,-20.09469500000257],[-44.09380300025584,-20.09476399974503],[-44.09394200063908,-20.09480599933973],[-44.094079999892,-20.09483099930145],[-44.09419800063358,-20.09485499928283],[-44.09431100021114,-20.09486799963899],[-44.0945010003617,-20.09488499930732],[-44.09479900029373,-20.09485699996812],[-44.09493299996785,-20.09486399947275],[-44.09502000022772,-20.09487899939555],[-44.09521499986577,-20.09490299951054],[-44.09535100045824,-20.09492499922442],[-44.09550500069345,-20.09494100009005],[-44.09562200038334,-20.09495499958287],[-44.09575200029815,-20.09495499968461],[-44.09600099991729,-20.09500899949591],[-44.09610300053237,-20.09503699951514],[-44.09623200013256,-20.09507499931315],[-44.09632900050155,-20.09512099987667],[-44.09645099988922,-20.0951549997054],[-44.09653700007924,-20.09518599965768],[-44.09675000016608,-20.09524199990368],[-44.09694600020241,-20.09528499996223],[-44.09704900073063,-20.09532000002177],[-44.09728700033938,-20.09538899981828],[-44.09736299997134,-20.09540799938253],[-44.09754800004724,-20.09544199986948],[-44.0976409999662,-20.09546799947215],[-44.09791600034773,-20.09549699937982],[-44.09805700028047,-20.09551200001774],[-44.09826100065867,-20.09553699968402],[-44.09845700034482,-20.09556499967777],[-44.09874000075295,-20.09563799981215],[-44.09882099999196,-20.09564899965378],[-44.09895499993317,-20.09566999970951],[-44.09909400042356,-20.09569699961417],[-44.09925900020036,-20.09575499996129],[-44.09940500034028,-20.09578699957719],[-44.09951800031431,-20.09580599997643],[-44.09973600025214,-20.09583399966769],[-44.09981300067186,-20.09584400009311],[-44.09995900069918,-20.095862999547],[-44.10008999995489,-20.09589699942361],[-44.10022700074275,-20.09591799936826],[-44.10032699988658,-20.09594399982637],[-44.10045200034701,-20.09597799958268],[-44.10067700016209,-20.0960389997723],[-44.10057300005343,-20.09601499951066],[-44.1007879999387,-20.09606999947536],[-44.10092100064945,-20.09610899937888],[-44.10105500042445,-20.09616199972229],[-44.10123600023485,-20.0962179997221],[-44.10144900071576,-20.09627399981442],[-44.10160200059858,-20.09631400008487],[-44.10169400028418,-20.09633799921341],[-44.10176099989755,-20.09636399988504],[-44.10187900054247,-20.09644699996644],[-44.10219600003526,-20.09659199995885],[-44.10237300034442,-20.09663599979825],[-44.1025210003885,-20.09665199933985],[-44.10264299998165,-20.09664999929924],[-44.10276899980934,-20.09667699983095],[-44.10289500020511,-20.0967379999511],[-44.10308400012051,-20.09680999948634],[-44.10321100022112,-20.09684899973444],[-44.10338400039316,-20.09693799972286],[-44.10348100006428,-20.09697899968543],[-44.10357400014828,-20.09704699975516],[-44.10372900004989,-20.0971780000773],[-44.10382999982681,-20.09727499928238],[-44.10392899981975,-20.09739299998724],[-44.10400900058703,-20.09747399951767],[-44.10413700072046,-20.09756400010416],[-44.10427600021989,-20.09761199957703],[-44.10445999990453,-20.09765599946604],[-44.10464900026614,-20.09770199974834],[-44.10473800042215,-20.09771899929094],[-44.10485300033451,-20.09774999961977],[-44.10502600003382,-20.09781299951343],[-44.1051410003075,-20.0978479997827],[-44.10525999987539,-20.09790300008462],[-44.10540600019208,-20.09797799954153],[-44.1055950005255,-20.09815499991508],[-44.10577199996811,-20.09829499937067],[-44.10592599995297,-20.09832400003523],[-44.10607299998936,-20.09831499963309],[-44.10625100019998,-20.09831599963925],[-44.10636999997948,-20.09828899984945],[-44.10648000025386,-20.09829200006752],[-44.10662600012308,-20.0983169992551],[-44.106782000125,-20.09832899951527],[-44.10702199995633,-20.09839199954892],[-44.10720300062385,-20.0984179994195],[-44.10734699991282,-20.09841799954562],[-44.10743590164028,-20.09845249858484],[-44.10748100006825,-20.09846999939419],[-44.10756500052172,-20.098486999356],[-44.10766099998205,-20.09852899950848],[-44.10778900046117,-20.09855699967164],[-44.10789400068314,-20.09860099963555],[-44.10796400055989,-20.0986219992416],[-44.10801100002713,-20.09859400009127],[-44.10815199999134,-20.09851899946153],[-44.10821299989423,-20.09849699935796],[-44.10833299982313,-20.0984799995381],[-44.10838664652709,-20.0984640333395],[-44.10841699997906,-20.0984550000426],[-44.10845300065807,-20.09842600006509],[-44.1084920000385,-20.09841099985287],[-44.10853799982482,-20.09839499949613],[-44.10860799995169,-20.09839499977232],[-44.10872299985089,-20.09840899957004],[-44.10881699981267,-20.09842999986716],[-44.10890000048183,-20.09844200009125],[-44.10899100025507,-20.09846599947386],[-44.10906700065829,-20.09849199950497],[-44.10916800014203,-20.09849999998347],[-44.10924400001116,-20.09851899994305],[-44.10930788464697,-20.09855228478365],[-44.10938299981875,-20.0985859994535],[-44.10947600026887,-20.09861599938825],[-44.10979900018258,-20.09875099930675],[-44.10989700069909,-20.09876299973389],[-44.10998700068062,-20.09877999990055],[-44.11004700044401,-20.09878499925843],[-44.1101750001017,-20.09879599965438],[-44.11036599980357,-20.09878800002104],[-44.11049800065521,-20.09882200007292],[-44.11066740657468,-20.09883571893718],[-44.11078200038301,-20.09884499960398],[-44.11106000068362,-20.0989339999228],[-44.11125200009572,-20.09901599954985],[-44.11144600063917,-20.09906799951106],[-44.11155094501638,-20.09912622294712],[-44.11159199999096,-20.09914900003077],[-44.11178500007441,-20.09920800000969],[-44.11197800015579,-20.09927500003699],[-44.11213999998425,-20.09936399956304],[-44.11222092045573,-20.09942396220802],[-44.11224519327343,-20.09944194889962],[-44.11244100023142,-20.09957699996739],[-44.11251910032814,-20.09961267464966],[-44.11260300003173,-20.0996509997336],[-44.11281199995494,-20.09968799930504],[-44.11300500034273,-20.09974800004896],[-44.11325200019022,-20.09977799944457],[-44.1134840003121,-20.09977199969666],[-44.11364700017509,-20.09975799981303],[-44.11382500043509,-20.09975899946105],[-44.11400300069979,-20.09975999983316],[-44.114127000344,-20.09976100003145],[-44.11426599988644,-20.09974699926949],[-44.11458300061881,-20.09973399999501],[-44.11490000037144,-20.09972099924069],[-44.11516400015991,-20.09967800002139],[-44.11544300059056,-20.09963599994958],[-44.11571400003866,-20.09955699947103],[-44.11600900064748,-20.099418999624],[-44.11616400020653,-20.0993619995094],[-44.1163340002142,-20.09931199937312],[-44.11651200013836,-20.09926899936554],[-44.11666600024398,-20.0991929997209],[-44.11679899991252,-20.09912699953152],[-44.11698600009448,-20.09907699979599],[-44.11709400001982,-20.09906999979804],[-44.11725700002849,-20.09906399951925],[-44.11742100036962,-20.09906399932076],[-44.117545000653,-20.09908000008365],[-44.11773900073965,-20.09913199951752],[-44.11793300016045,-20.09919899991339],[-44.11809500023682,-20.09925099985595],[-44.11830500063575,-20.09927399973988],[-44.11851500032732,-20.09930499963822],[-44.11867843102617,-20.09934206646637],[-44.11889500055264,-20.09938699934825],[-44.11901830748232,-20.09942836715223],[-44.11920499982863,-20.09949099976012],[-44.11932100021711,-20.09952399991389],[-44.11947700051367,-20.09953999999565],[-44.11963300020794,-20.09952599938561],[-44.1196813181221,-20.09951980983352],[-44.11975045784453,-20.09951146199939],[-44.119813615142,-20.09947216068277],[-44.119845,-20.0994529993904],[-44.11993099999999,-20.09940899939041],[-44.12004799999999,-20.09937299939041],[-44.12015857145842,-20.09932651714193],[-44.1202049055906,-20.09930710740451],[-44.12022509594899,-20.09930312769934],[-44.120314,-20.09928599939041],[-44.1204,-20.09928599939041],[-44.12041155856635,-20.09928599939366],[-44.12050983427837,-20.0992864891861],[-44.12060332474666,-20.09930775178665],[-44.12064299999999,-20.09931699939041],[-44.120752,-20.09934699939044],[-44.12081517379784,-20.09936703012869],[-44.12091562318363,-20.09939920161272],[-44.12096226332691,-20.09941640540395],[-44.12101701903052,-20.09943660269924],[-44.12112882195381,-20.09944889535239],[-44.121158,-20.09945199939041],[-44.12120227856572,-20.09945228324138],[-44.12131392398279,-20.09945283916584],[-44.12144408266355,-20.09944366014655],[-44.12150899999998,-20.09943899939043],[-44.12158531419153,-20.09942352060089],[-44.12172065487677,-20.09939582967144],[-44.12183809300024,-20.09935951805329],[-44.12199481607973,-20.09928650325275],[-44.12208880741636,-20.09925007459578],[-44.12218599047813,-20.0992403691426],[-44.12222980981706,-20.09923601827392],[-44.12223655186605,-20.09923605180754],[-44.12235461343092,-20.099236638981],[-44.12255789904943,-20.09922289191255],[-44.12259668154991,-20.09922155913639],[-44.12274551294772,-20.09921644440631],[-44.12286274524577,-20.0992170271171],[-44.1228711051115,-20.09921706866738],[-44.12297999999999,-20.09921799939042],[-44.12316,-20.09920399939042],[-44.12339399999999,-20.09919799939041],[-44.12352283923215,-20.09921030888165],[-44.12355054958503,-20.09921306410781],[-44.12373014009527,-20.0992434742754],[-44.12386372587631,-20.09924413752135],[-44.12396499999999,-20.09924499939043],[-44.12406936270296,-20.09925415403345],[-44.12413599999999,-20.09925999939042],[-44.12420843130992,-20.09926332534334],[-44.124332,-20.09926899939041],[-44.12452699999999,-20.09925499939042],[-44.12468833197285,-20.0992831426541],[-44.12501999999998,-20.09934099939043],[-44.12527275368414,-20.09930097394753],[-44.12536099999998,-20.0992869993904],[-44.125887,-20.09917499939043],[-44.12631783800695,-20.09921628195554],[-44.12646052686568,-20.09923012260576],[-44.12649453534311,-20.09923342137044],[-44.126559,-20.09923999939042],[-44.12711399999998,-20.0995409993904],[-44.12746404246683,-20.09962776205418],[-44.12746491173501,-20.09962797751286],[-44.12752102231721,-20.0996219767787],[-44.12795792780079,-20.09957525138683],[-44.12808672125073,-20.09960161268774],[-44.128195,-20.09962399939042],[-44.12821889644132,-20.09964359677294],[-44.128622764351,-20.09997505263905],[-44.12880395679096,-20.10016530776553],[-44.12884659764358,-20.10017771567121],[-44.1288800002959,-20.10020799953612],[-44.12945900005565,-20.10040999997799],[-44.1303640007087,-20.10089599988707],[-44.13055500013412,-20.10113499964548],[-44.13138700011976,-20.10119599983779],[-44.13178000069526,-20.1011540000717],[-44.1322100004865,-20.10129600002724],[-44.13372500062411,-20.10121799956612],[-44.13440200032405,-20.10128699927021],[-44.1351600003339,-20.10113499928595],[-44.13610400037379,-20.1019459992585],[-44.13630900070456,-20.1019400000271],[-44.13656600066302,-20.10183299988199],[-44.136741000689,-20.10170699983972],[-44.13743900039412,-20.10156699966902],[-44.13800100064763,-20.10156999979271],[-44.13861199997734,-20.10157299967853],[-44.13941700074801,-20.10185399940175],[-44.14002700066717,-20.1021109994847],[-44.14053555504532,-20.10229560284296],[-44.14073500019567,-20.10236799947488],[-44.14129600058547,-20.10250899989714],[-44.14180900037904,-20.10262699940956],[-44.1423950002228,-20.10269899948919],[-44.14295799994743,-20.10270199965155],[-44.14325100049471,-20.10274999939806],[-44.14366700036533,-20.10268299963917],[-44.14427900062515,-20.1024320000564],[-44.14496299986757,-20.10210799988577],[-44.14527200063272,-20.10202400005367],[-44.14557600058664,-20.10191599983214],[-44.14590100006286,-20.10178899991122],[-44.14621200016029,-20.10168799996014],[-44.14653800013338,-20.10152199967821],[-44.14700400038551,-20.10121899956266],[-44.14741600066964,-20.10086699987648],[-44.14858899987948,-20.10063199961997],[-44.14898600060963,-20.10062399958504],[-44.14985800032223,-20.10067599939956],[-44.15015599981846,-20.10071999981336],[-44.15081200031324,-20.10087799926107],[-44.15092600020989,-20.10098199984452],[-44.15122700001092,-20.10110199966284],[-44.15157799988709,-20.10112699999782],[-44.15180399986841,-20.1011279996887],[-44.15218000024234,-20.10105900004155],[-44.152481000271,-20.10101299971038],[-44.15288300054736,-20.10101499952869],[-44.15333399982614,-20.10101699950244],[-44.15376100044756,-20.10097199994614],[-44.15403800031146,-20.10073599933986],[-44.15441700041395,-20.10035899951619],[-44.15496800003054,-20.10006799965815],[-44.15517600052945,-20.09997799929739],[-44.1553990000372,-20.09986100002116],[-44.15563500009174,-20.09975699925489],[-44.15588400057847,-20.09970599948129],[-44.15614800028176,-20.09969399924874],[-44.15639699993939,-20.09970900008013],[-44.15674300061066,-20.09974999935731],[-44.15688200007667,-20.09974999935401],[-44.15713100045997,-20.0997119994695],[-44.15727099987079,-20.09954299948332],[-44.15746600045239,-20.09934699994669],[-44.15764700019481,-20.09908699938584],[-44.15775900027692,-20.09886499935263],[-44.15781600072781,-20.09864299972456],[-44.15795599992666,-20.09839499969825],[-44.15805400055618,-20.09823799970631],[-44.15819299980939,-20.09813399974523],[-44.1584560006333,-20.09799999925027],[-44.15858400013403,-20.09797399989866],[-44.15886300027032,-20.09793299962683],[-44.15920800030462,-20.09789300006848],[-44.15937500051096,-20.09784100006488],[-44.15964300069103,-20.09774800000489],[-44.15987700053747,-20.09766499939094],[-44.16000000031731,-20.09752899996367],[-44.16006700067367,-20.09742399976934],[-44.16013500048545,-20.09722499991434],[-44.16019200074761,-20.09705699935898],[-44.16022599998165,-20.0969210000156],[-44.16028200011586,-20.09680599982054],[-44.16034899992626,-20.09672199969646],[-44.16043899988364,-20.09664899985428],[-44.16047200015839,-20.09661799942973],[-44.16056100074346,-20.09657599945864],[-44.16077300028348,-20.09649299956362],[-44.16103000013857,-20.09643099937313],[-44.16139700017811,-20.09642299922747],[-44.16157500031425,-20.09644399932431],[-44.16171900009937,-20.09648699998186],[-44.16191900001243,-20.0965619994309],[-44.16206300037552,-20.0966149997875],[-44.16218500026693,-20.09670999993185],[-44.16227400070006,-20.09680499968978],[-44.1623959999107,-20.09689999969147],[-44.16251800022604,-20.09699499961762],[-44.16271800075205,-20.09701699933265],[-44.16291800018998,-20.09700699926653],[-44.16311900027934,-20.09696599991574],[-44.16325200003342,-20.09692499963988],[-44.16331576838139,-20.09691787447952],[-44.16340609523737,-20.09693941400991],[-44.16352883456896,-20.09690546345033],[-44.16364199998079,-20.09690599974069],[-44.16380900057521,-20.09689599950828],[-44.16405400043531,-20.09689699924242],[-44.16422100002578,-20.09689799976172],[-44.16434299997946,-20.09694099985073],[-44.16449800026369,-20.09703599927079],[-44.16482000074012,-20.09716299962326],[-44.16501100011179,-20.09720399992818],[-44.16527600001154,-20.09725799931755],[-44.16550700032899,-20.09729999969146],[-44.16572800055949,-20.09733299977454],[-44.16591499986849,-20.09737499944977],[-44.16612400010811,-20.09739699991341],[-44.16633399994858,-20.09741899943133],[-44.16660900035485,-20.09747199953517],[-44.16683000039455,-20.09754599934243],[-44.16701700067037,-20.09755699946808],[-44.16720499990108,-20.09753699938172],[-44.16741399993673,-20.09752799992357],[-44.16774500023091,-20.09752999931997],[-44.16794400070446,-20.09756199926233],[-44.16815300044205,-20.09761499935913],[-44.16850500031191,-20.09768900004564],[-44.16875900056075,-20.09773200001681],[-44.16902300043652,-20.09784799951241],[-44.16928700018211,-20.09793199993894],[-44.16940800019567,-20.0980369995543],[-44.169606000371,-20.09818399954089],[-44.16978200053522,-20.09824699968486],[-44.16988100041033,-20.09824700001979],[-44.16993600017584,-20.09824799964748],[-44.1700250005884,-20.09822699961776],[-44.17009100001515,-20.09822799942098],[-44.17014599987336,-20.09821699936241],[-44.17027900040272,-20.09818699945198],[-44.17045499993599,-20.09816700003992],[-44.17063200024779,-20.09817799996129],[-44.17084100033428,-20.09824199989205],[-44.17107199990111,-20.0983259998748],[-44.17131400036232,-20.09840999971243],[-44.17156699984,-20.0985159998668],[-44.17185400058067,-20.09857899942666],[-44.17222899987096,-20.09859199931188],[-44.17248200042646,-20.0986449992347],[-44.17289000012457,-20.09866799973861],[-44.17308900006726,-20.09866799976041],[-44.17330899991056,-20.09866999997692],[-44.17348600012799,-20.09868099976817],[-44.17370600058905,-20.09872299946037],[-44.17385000035316,-20.09873500006505],[-44.17402600017447,-20.09871499980891],[-44.17414800028874,-20.09868399943442],[-44.17428000060053,-20.09868399992877],[-44.17441200046015,-20.09868499968904],[-44.17464400005765,-20.09870699924482],[-44.17486400069381,-20.09873899931746],[-44.17500800059751,-20.09872999962533],[-44.17538300048179,-20.09875199978134],[-44.17555900024733,-20.0987530000588],[-44.17574600047686,-20.09881599964517],[-44.17582300046778,-20.09886899951262],[-44.17604400006694,-20.09887999981899],[-44.17629800001439,-20.09885000000947],[-44.17657400007241,-20.09879900010931],[-44.17673000031064,-20.09877899961355],[-44.17697099982172,-20.09873699998781],[-44.17717800015902,-20.09872399936945],[-44.17734000074679,-20.09872700000778],[-44.17741399995097,-20.0987469997599],[-44.17747700064096,-20.09877299954496],[-44.17754800017921,-20.09880199944709],[-44.17762000072467,-20.09881899983032],[-44.17776200035136,-20.09882799977052],[-44.17788000004681,-20.09881399993396],[-44.17797900058369,-20.09878299998597],[-44.17807700074388,-20.09876699938853],[-44.17820600061555,-20.0987539993283],[-44.17835000017364,-20.09875000006439],[-44.17848700034253,-20.09874099927467],[-44.17861599984625,-20.09874199999723],[-44.17878200007799,-20.09874399958493],[-44.17891300050166,-20.09872299981925],[-44.17899700000535,-20.09870099970968],[-44.17909500036015,-20.09868199953614],[-44.1792389998893,-20.09866899981265],[-44.17932399996639,-20.0986689993248],[-44.17948800054116,-20.09866999951916],[-44.17959700050491,-20.09867799970162],[-44.17971600012644,-20.09869399967265],[-44.17981999997958,-20.09871900006758],[-44.17992900000203,-20.0987270000467],[-44.17999199994547,-20.09873999993154],[-44.18008500045217,-20.09875300002243],[-44.18014600014465,-20.09875299968092],[-44.18023600042761,-20.09875399966529],[-44.18034300001474,-20.09875399967236],[-44.18044400014266,-20.09875699967651],[-44.18052600040031,-20.09875999995246],[-44.18064499980189,-20.09876099974461],[-44.18080499997382,-20.09875399965846],[-44.18092100003938,-20.09875899998248],[-44.18107600058578,-20.09879099969144],[-44.18119800061751,-20.09884699996653],[-44.18134100041277,-20.09887599987888],[-44.18146700006081,-20.09889199952414],[-44.18158100037063,-20.09892899974244],[-44.18166100046546,-20.09896500009023],[-44.18173600019685,-20.09898899925762],[-44.18182100005255,-20.09899699974525],[-44.18190900021012,-20.09899399936385],[-44.18195100068495,-20.09897399976852],[-44.18201500036822,-20.09894999984035],[-44.18206500030185,-20.09892699943133],[-44.18211599989947,-20.09889899957042],[-44.18219200017563,-20.09885999960831],[-44.18233099994089,-20.09884499985028],[-44.18247400005434,-20.09884099981797],[-44.18258400058986,-20.09879799977162],[-44.18273100042798,-20.09878299970216],[-44.18287900056824,-20.098791999826],[-44.18300099997145,-20.0988039995517],[-44.18320699984238,-20.09884500010057],[-44.18333600074099,-20.09885499983079],[-44.18338600071829,-20.0988479997799],[-44.18350300003457,-20.09880900009686],[-44.18360800030354,-20.09878599978386],[-44.18378000072367,-20.09875499989256],[-44.1839180004237,-20.09874800004353],[-44.18407300005007,-20.09874799926468],[-44.18422800059314,-20.09877699992465],[-44.18438700012313,-20.09882099952253],[-44.18451900043262,-20.09885099962579],[-44.18471899980463,-20.09885299983197],[-44.18484999980969,-20.09885599946159],[-44.18500400027125,-20.09886999977753],[-44.18515200068776,-20.09887899980938],[-44.18525400036971,-20.09888999934192],[-44.18532400026709,-20.09888899963495],[-44.18535399995789,-20.09888399940882],[-44.18538500024989,-20.09886399970891],[-44.18542400034105,-20.09883999969394],[-44.18547000046847,-20.09881500007957],[-44.18555800007039,-20.09879099937609],[-44.18566300016497,-20.0987849997523],[-44.18576600057838,-20.09878300006249],[-44.1859000007406,-20.09878199991607],[-44.18600200008763,-20.09877899971585],[-44.18608500029374,-20.09877899939869],[-44.18624699985137,-20.09878599927636],[-44.18638600040454,-20.09878800004553],[-44.18649500037308,-20.09878999976465],[-44.18659200010872,-20.09879199922694],[-44.18669500053131,-20.09878999989821],[-44.18681799982645,-20.09878699931686],[-44.18689800007051,-20.09878299996786],[-44.18695999994478,-20.09877399942378],[-44.18699900054364,-20.09874799941288],[-44.18705100073937,-20.09873000001278],[-44.18719099991417,-20.09869899935716],[-44.18732100055826,-20.0987039994179],[-44.18749700020014,-20.09870899972135],[-44.18767300010272,-20.09872099995411],[-44.1879140000602,-20.09872999921368],[-44.1880780002871,-20.09871499970732],[-44.1882500003788,-20.09869299969237],[-44.18843400007797,-20.09866999929712],[-44.18860199991684,-20.09865599989379],[-44.18874100053792,-20.09863699939447],[-44.18886300017501,-20.09863400001616],[-44.18895800064833,-20.09862599980888],[-44.18909200000613,-20.09862699958342],[-44.18929700026911,-20.09862799922623],[-44.1894479999476,-20.09863299930362],[-44.18963600040956,-20.09862599961239],[-44.1897430002561,-20.09861499994643],[-44.18982900052789,-20.09860299932276],[-44.18994199993288,-20.09855899998337],[-44.19011700024357,-20.09848099930504],[-44.19033800009048,-20.09830999971861],[-44.19050800018731,-20.09821899924875],[-44.19072899986222,-20.09809199943426],[-44.19095600048248,-20.09793999921594],[-44.19115800050858,-20.09784299946773],[-44.19124300062096,-20.09775799977727],[-44.19138600007154,-20.09766600001744],[-44.19154800001925,-20.09763699960438],[-44.19178100025932,-20.09764399972032],[-44.19208599988161,-20.09766399926663],[-44.19226800044908,-20.09768899971833],[-44.19233900001139,-20.09768899934899],[-44.1924110005131,-20.0975489995139],[-44.1925470003381,-20.09751299926825],[-44.19287100029388,-20.0975450000191],[-44.19306600027686,-20.09761299949759],[-44.19329199990875,-20.09773599921625],[-44.19353100034868,-20.09785399976485],[-44.19375800035366,-20.09793399981853],[-44.19386100037853,-20.09801999963099],[-44.19400300007214,-20.09820499952662],[-44.19423500064578,-20.0983589996463],[-44.19452000054804,-20.09844599980684],[-44.19475400055993,-20.09847699995317],[-44.19490100050012,-20.09846700010778],[-44.19511299998663,-20.09848699940801],[-44.1954020002736,-20.0985489996083],[-44.19562600027145,-20.09861000010494],[-44.19583800001409,-20.09864200003],[-44.19602500054781,-20.09864199992413],[-44.19630699998751,-20.09867400009551],[-44.1964810004411,-20.0987289996849],[-44.19661500014143,-20.098771999864],[-44.19680800041336,-20.09880999963424],[-44.19701399993745,-20.09884099949317],[-44.19721299994737,-20.09888999932723],[-44.19740499999328,-20.09892199948285],[-44.1976300005113,-20.09892299999149],[-44.19791300051293,-20.09892999981531],[-44.19808000063693,-20.09892499924045],[-44.19833100007951,-20.09894399995403],[-44.19871000052888,-20.09897599957529],[-44.19920500052933,-20.09897799967185],[-44.19933300005295,-20.09896099926064],[-44.1994880005092,-20.09891899959754],[-44.19957800071629,-20.09887099973175],[-44.1996430007294,-20.09880399958525],[-44.19973300045841,-20.09873800010206],[-44.19984900055657,-20.09866599933526],[-44.20005500052186,-20.09863599964882],[-44.2002660005564,-20.09861399927916],[-44.20036600012342,-20.09859999945527],[-44.20056600053872,-20.09857399928884],[-44.20076600059849,-20.09854900007107],[-44.20089399980854,-20.098537999259],[-44.20108600057074,-20.09854599965423],[-44.20122900009375,-20.09857299926174],[-44.20138100070747,-20.09861199942013],[-44.20151700058189,-20.09861599963931],[-44.2016370005897,-20.09860500004768],[-44.20170500039465,-20.09856399996711],[-44.20178500073294,-20.09854199973565],[-44.20186899991121,-20.09853099980083],[-44.20204399980575,-20.09853600005535],[-44.20234000008018,-20.09853699928699],[-44.2024250007333,-20.0985360000448],[-44.20257600052531,-20.09864199958045],[-44.20272600044334,-20.0987019998609],[-44.20304400014703,-20.09871499941035],[-44.20345700048794,-20.0987389992112],[-44.20376299995696,-20.09876299965384],[-44.20399700004066,-20.09877899973297],[-44.20422700069906,-20.0988139993647],[-44.20445300044678,-20.09885599976507],[-44.2046240004016,-20.09889099947249],[-44.20485399992602,-20.09898899942257],[-44.20505600068243,-20.09908799974363],[-44.20515500038241,-20.09913299995758],[-44.20542800013564,-20.09922799954523],[-44.20567200018539,-20.09932199984326],[-44.205787000299,-20.09934999926142],[-44.20600099987028,-20.09941099955716],[-44.20620800070908,-20.09947999924362],[-44.20641099989324,-20.09955199959829],[-44.20652800048762,-20.09960200006389],[-44.20668600073186,-20.09964899960103],[-44.20682500011078,-20.0997069997722],[-44.20706200037779,-20.09974699968963],[-44.20724699990332,-20.09976899927772],[-44.20740100065639,-20.09977299995382],[-44.20750700072651,-20.09977400007729],[-44.20768700017339,-20.09985199946992],[-44.20787000070234,-20.09994799996461],[-44.20925600041962,-20.10059299956382],[-44.20950400067467,-20.10071399929236],[-44.20971300051978,-20.10081800004141],[-44.20997900025343,-20.10098400001969],[-44.21002200061499,-20.10101199967583],[-44.21032100004135,-20.10116099940368],[-44.21052999993006,-20.10130299979706],[-44.21072400047916,-20.1014389998757],[-44.21085000059639,-20.10152399960125],[-44.21105500038259,-20.10169099927409],[-44.21117100011632,-20.10176900001941],[-44.21133500047115,-20.10190499997574],[-44.21144700066581,-20.10198999997124],[-44.21159799998918,-20.10214499926676],[-44.21178000055827,-20.10234299974141],[-44.2119610002686,-20.10252299961632],[-44.21210600052844,-20.10266399945257],[-44.2122089998126,-20.10278799941932],[-44.21236500053649,-20.10292500006892],[-44.2125250007074,-20.10305799925487],[-44.21270700017975,-20.10323599959543],[-44.21281899987797,-20.10330899994644],[-44.21294299984264,-20.1034019996622],[-44.21313800073424,-20.10353399963995],[-44.21335300029415,-20.10368799979046],[-44.21348900060097,-20.10379899979616],[-44.21369100057291,-20.1039349998658],[-44.21389400008173,-20.10404099946214],[-44.21403300002408,-20.10411899966386],[-44.21414599989933,-20.10418599928202],[-44.21425899991937,-20.10428499957184],[-44.21433400059841,-20.10437499978001],[-44.21441900008533,-20.10445099993222],[-44.21446100013732,-20.10449099922715],[-44.2145610006428,-20.10452299968145],[-44.21467400001107,-20.10459499945409],[-44.21477800027904,-20.10465799998434],[-44.21489100072248,-20.10472099984191],[-44.21491400018042,-20.10476599990615],[-44.21495199989183,-20.10487799945159],[-44.21500300060303,-20.10493999959226],[-44.21506500028163,-20.10499899992861],[-44.21518300022292,-20.10507499925041],[-44.21525900003365,-20.10512899986723],[-44.21536900071669,-20.10515199938963],[-44.21547800066384,-20.10515699934051],[-44.21556800064494,-20.10515799948405],[-44.21570199989711,-20.10515799971853],[-44.21593100037813,-20.10515199931204],[-44.21617800001095,-20.10521499922868],[-44.21632100033292,-20.10528899988396],[-44.21643200032128,-20.10530999992342],[-44.21651500041176,-20.10531599970584],[-44.21658500069542,-20.10531899962871],[-44.21665200010814,-20.1053230000321],[-44.21674400014685,-20.10533499976571],[-44.21682499993629,-20.10535199990225],[-44.21687900070019,-20.10537699985593],[-44.2169510004126,-20.10541899945895],[-44.21702299997458,-20.10546699979525],[-44.21712400047291,-20.10548799930563],[-44.21721900074419,-20.10549299932064],[-44.2173490000492,-20.10549299954121],[-44.21744000039869,-20.10548600004744],[-44.21755900011826,-20.1054669993597],[-44.21763900060026,-20.10546799928645],[-44.21773400027038,-20.10546599978773],[-44.21783499982865,-20.10547199924025],[-44.21788300066275,-20.10548000009965],[-44.21794100059691,-20.10550699994556],[-44.21800300041752,-20.10555699949463],[-44.2180430003383,-20.10561399924642],[-44.21807300040415,-20.10570299970669],[-44.21812499992711,-20.10581399985452],[-44.21815300023725,-20.10591699984709],[-44.21816000041251,-20.10598399978439],[-44.21816900024428,-20.10608499995603],[-44.21819400050217,-20.10621099936143],[-44.2182070001853,-20.10627799967659],[-44.21825800001899,-20.10639099952645],[-44.21831000007032,-20.10647999983761],[-44.21835099983358,-20.1065689992891],[-44.21840299998479,-20.10663700006628],[-44.21846099983164,-20.10671999994777],[-44.2185249999382,-20.10681499990431],[-44.21854200043124,-20.10683799936926],[-44.21857499996247,-20.10685199942678],[-44.21862600063656,-20.10687799940793],[-44.21868300018317,-20.10689699959979],[-44.21888100052075,-20.10692199958569],[-44.21910799988496,-20.10690899968216],[-44.21924900033729,-20.10687900003689],[-44.21942200007556,-20.10685599922872],[-44.21961000008429,-20.10685699988915],[-44.21978300048884,-20.10688499935274],[-44.21998800066355,-20.10695699965574],[-44.22016800026671,-20.10703599959705],[-44.22032900024621,-20.10713599984743],[-44.22063900028294,-20.10730499973372],[-44.2208110005055,-20.10742099929039],[-44.22104300044779,-20.10762199991633],[-44.22116900051191,-20.10770800002335],[-44.22130500018447,-20.10777899934645],[-44.22148800014664,-20.10783499940204],[-44.22168200054364,-20.10788599942486],[-44.22186099981172,-20.10792799924022],[-44.22205100058113,-20.10795199991167],[-44.22226300074242,-20.10797999998752],[-44.22249300037329,-20.10803399963194],[-44.22273800007648,-20.10809999973701],[-44.22299400031041,-20.1081920000789],[-44.22330800051791,-20.1083069997826],[-44.22354700022129,-20.10839399990332],[-44.22361500005022,-20.1084479997688],[-44.22368800063575,-20.10863199999559],[-44.22369900051717,-20.10884199936345],[-44.22371500009329,-20.10900899971637],[-44.22376000042976,-20.10912799955434],[-44.22383899989088,-20.10923599952818],[-44.22393600005435,-20.10930599940305],[-44.22404400046079,-20.10930699948019],[-44.22429000050737,-20.10928099976069],[-44.22437600011402,-20.10925999977046],[-44.22461000016402,-20.10921199944293],[-44.22474100052219,-20.1092179994718],[-44.22494000008052,-20.10926799960115],[-44.22504900006408,-20.10931699966375],[-44.22515100069029,-20.10938799944579],[-44.22526900034619,-20.10951199926978],[-44.22541700046399,-20.10964099931616],[-44.22556900051173,-20.10980299979795],[-44.22577300013633,-20.11000800001762],[-44.22592500003681,-20.11014099935025],[-44.22610499991876,-20.11029699950113],[-44.22637000068659,-20.11043099928878],[-44.22652200057281,-20.11046899964818],[-44.22667500016115,-20.11050699974319],[-44.22681000007866,-20.11058799967041],[-44.22695599988941,-20.11074299966893],[-44.22705699983293,-20.11094099960411],[-44.22709600066211,-20.11114999927022],[-44.22714000036685,-20.11136899921979],[-44.22718400050102,-20.11159299964907],[-44.22728500051242,-20.11175899957208],[-44.22744800035502,-20.11189899989979],[-44.22771900045726,-20.11204399998182],[-44.22802900024493,-20.1121729996245],[-44.22827800047609,-20.11226499984648],[-44.2285940002002,-20.11239999933521],[-44.22879100065887,-20.1124859992639],[-44.22923100037463,-20.11265399958348],[-44.2295300006229,-20.11279399954217],[-44.22968800032152,-20.11288499939798],[-44.22999299997665,-20.11303599985284],[-44.23015000031273,-20.11313799982237],[-44.23036400029738,-20.11333100000585],[-44.23074800052218,-20.11357799932953],[-44.23095200016925,-20.11363700001431],[-44.23109700033368,-20.11372900007366],[-44.23132800033852,-20.1138819997196],[-44.23146699985023,-20.113948999782],[-44.2315910005994,-20.11400999958287],[-44.23172500019342,-20.11407699935027],[-44.23186000065488,-20.11412299931726],[-44.23201500054622,-20.1142409997624],[-44.23206699989879,-20.11428599929932],[-44.2321482772093,-20.11439036596279],[-44.23215500017445,-20.11439899926142],[-44.23223699980505,-20.11451199926446],[-44.23233800016803,-20.11458899958733],[-44.23240600028009,-20.11466000003586],[-44.23245999999762,-20.11474700002542],[-44.23251700022125,-20.11486899934325],[-44.23256799990746,-20.11492800010842],[-44.23265000003499,-20.11501099968012],[-44.23271700001811,-20.11506999953841],[-44.23279900050395,-20.11509899931567],[-44.23294500019279,-20.1151250000759],[-44.23311200062339,-20.11511600002488],[-44.2332380001331,-20.11509399955426],[-44.23330000072175,-20.11507199999846],[-44.23342200048329,-20.1150729992802],[-44.23350000052428,-20.11506999950802],[-44.23356900036804,-20.11508299939981],[-44.23375600067295,-20.11506099978602],[-44.23390200018692,-20.11504600003711],[-44.23409000063493,-20.11503999985012],[-44.23430100019164,-20.11506399927573],[-44.23439900029517,-20.11506899962066],[-44.23451400050944,-20.1150709996676],[-44.23459099990192,-20.11509199997671],[-44.23466800026415,-20.11512500000016],[-44.23476699991428,-20.11516799975111],[-44.23483399998165,-20.11522500007617],[-44.23490900037372,-20.11527999928345],[-44.23498800054825,-20.11533299988903],[-44.23508900020939,-20.11541899939024],[-44.23519200026679,-20.1154799996109],[-44.23528700005392,-20.11551899958888],[-44.23535900030853,-20.11554299951655],[-44.23547600039196,-20.11556799959666],[-44.23558600043383,-20.11557499946159],[-44.23568300050536,-20.11561599942397],[-44.2357930003738,-20.11567800009928],[-44.23587100022523,-20.11573399953692],[-44.23594699987002,-20.11580299933667],[-44.23600900036025,-20.11586099953715],[-44.23605899981634,-20.11591099970822],[-44.23609800070185,-20.11596699998885],[-44.23616500063576,-20.11605099925226],[-44.23621700061828,-20.11612599968305],[-44.23630399997187,-20.11621899947695],[-44.23639299994566,-20.11633599925048],[-44.2364720007301,-20.11640899939454],[-44.23654400032304,-20.11647899998208],[-44.23661200071417,-20.11654399990222],[-44.2366769999857,-20.11662699997958],[-44.23674300047953,-20.11668800001478],[-44.23683500026996,-20.11677299998457],[-44.2369070006625,-20.11683599937727],[-44.23697700038509,-20.11691999958012],[-44.23703699982614,-20.11705999928023],[-44.23706100019763,-20.11715099937928],[-44.23717400002459,-20.11723799932761],[-44.23732899984203,-20.11731899935544],[-44.23742799996002,-20.11734299957108],[-44.2374810002276,-20.11737899937603],[-44.23752000007206,-20.11744999993925],[-44.2375330006152,-20.1175099997608],[-44.23754400043221,-20.11757699921636],[-44.23756100066257,-20.1176669994288],[-44.23754300008554,-20.11773999897047],[-44.23751100025314,-20.11781299942409],[-44.23747100021509,-20.11789999901579],[-44.23748100049883,-20.11800999896075],[-44.23748899996153,-20.11808299886928],[-44.23749900052399,-20.11820399918165],[-44.23751199988885,-20.11835899938709],[-44.23750099995232,-20.11848999933872],[-44.23754699999425,-20.11851099990269],[-44.23760400049194,-20.11851399960328],[-44.23769300005385,-20.11850399934226],[-44.23777600008912,-20.11847100009707],[-44.23785799988952,-20.11843099995032],[-44.23793300054064,-20.11839799948877],[-44.23800100062676,-20.11834799922377],[-44.2380800003845,-20.11830699928009],[-44.23813000026544,-20.11827699998112],[-44.23821600037472,-20.11823899943268],[-44.23841300016463,-20.11819299982211],[-44.23862200038918,-20.11816999951122],[-44.23890200055072,-20.11814400004747],[-44.23919900016806,-20.11814899993909],[-44.23946900071008,-20.11814000004945],[-44.23975600046018,-20.1181510000268],[-44.23984299991815,-20.11816999998596],[-44.23995500055391,-20.11821499929023],[-44.24012100044294,-20.1182909995575],[-44.24025900050587,-20.11837699931383],[-44.2403879998629,-20.11848299923615],[-44.24056499999113,-20.11859299999435],[-44.24074599980544,-20.11873099945081],[-44.24090400065813,-20.11886799974332],[-44.24103400046782,-20.1189989996867],[-44.24112800070053,-20.11905399949919],[-44.24118200024704,-20.1191360000675],[-44.24123200017141,-20.11924200008173],[-44.24132599983164,-20.11936599926717],[-44.24138299980808,-20.119466999944],[-44.24143300051443,-20.11953399981066],[-44.24146900002641,-20.11954899984738],[-44.24151500020415,-20.11953899973729],[-44.24156600005092,-20.11952099989947],[-44.24162499994065,-20.1194849995846],[-44.24168099990545,-20.11944599996389],[-44.24174699983654,-20.11939899951526],[-44.24182100054133,-20.11936500004159],[-44.24192199994326,-20.11934099923513],[-44.24204300069735,-20.1193420000973],[-44.24217300061765,-20.1193399998553],[-44.24228600042567,-20.11935999950977],[-44.24238400035009,-20.11940599977511],[-44.24246600068592,-20.11944999936562],[-44.24256400053421,-20.11950199941024],[-44.24266700014127,-20.11960599932929],[-44.24270800006845,-20.11962299946796],[-44.2428210005992,-20.11962799999987],[-44.24293899988373,-20.1196219998571],[-44.24306400052501,-20.11962499968718],[-44.24318599998982,-20.11960099974866],[-44.24328100056503,-20.1195669994262],[-44.24339200018129,-20.11952099927094],[-44.24356300020825,-20.11949999961521],[-44.24368800003649,-20.11949400008315],[-44.24378300008102,-20.11951599985388],[-44.24386800037276,-20.11954100000663],[-44.24396300001104,-20.11954099982407],[-44.24405300007693,-20.11954999966141],[-44.24418399991409,-20.11954599985807],[-44.24424199993521,-20.11953799952281],[-44.24428099984725,-20.11950099995018],[-44.24430300011871,-20.11947499928028],[-44.24434399998493,-20.11945499948726],[-44.24441600017899,-20.11945399961143],[-44.24449499980648,-20.11946699929359],[-44.24469800042831,-20.11947899943178],[-44.24469900010887,-20.11947900009939],[-44.24479900050036,-20.11950899949986],[-44.2449330006459,-20.11954300008125],[-44.245084000336,-20.11957299992885],[-44.24520100022811,-20.11960699981518],[-44.24536900009633,-20.11966099942267],[-44.24565400003291,-20.11976199940977],[-44.24583800022771,-20.11988399940699],[-44.24607200070886,-20.12007499928945],[-44.24632800025488,-20.12031899938076],[-44.24662300007965,-20.12055299938936],[-44.24687900029946,-20.12079699961932],[-44.24714000047939,-20.12113999990101],[-44.24748599998201,-20.12140999959973],[-44.24771699994664,-20.12164699932984],[-44.24786700019558,-20.12195899965901],[-44.2480169998841,-20.12220399998716],[-44.24823900063647,-20.12243999925768],[-44.24849600037114,-20.12268499997855],[-44.24862800035198,-20.12293799943625],[-44.2487790001603,-20.12321600004607],[-44.24885300039423,-20.12343899948062],[-44.24890700003479,-20.1236779995044],[-44.24889899987701,-20.12384899998059],[-44.24883299992692,-20.12400199947894],[-44.24869908996819,-20.12413098744465],[-44.24869700056743,-20.12413299988601],[-44.24853699998621,-20.12422999945851],[-44.24837700074067,-20.12424299966033],[-44.24819000048512,-20.12423199981273],[-44.24807499984828,-20.12424099984154],[-44.24797400008288,-20.12429699954003],[-44.24790900054152,-20.12436799974971],[-44.24789100003666,-20.12444899994452],[-44.2478870003161,-20.12452099950621],[-44.24793500027209,-20.12462899969843],[-44.24802400007709,-20.12467999970823],[-44.24814599996821,-20.12465499977328],[-44.24826900040598,-20.12460599998215],[-44.24843500023394,-20.12459099960716],[-44.24861899986458,-20.12459999940952],[-44.24885500011392,-20.12460900010806],[-44.2489869998841,-20.12458500000373],[-44.24926699997867,-20.12457799964954],[-44.24952100014247,-20.12460299928347],[-44.24979200061357,-20.12464600006023],[-44.25007200019731,-20.12459799953708],[-44.25032399997718,-20.12455499928079],[-44.25056100050974,-20.12448499958468],[-44.25068500065271,-20.12442899945705],[-44.25074100008905,-20.12438099985082],[-44.25106000044288,-20.12411799990856],[-44.25133100048211,-20.12395199996223],[-44.25162000060058,-20.12386499976145],[-44.25189541885677,-20.12385318577558],[-44.2519930002151,-20.12384899960237],[-44.25206868396208,-20.12384754422065],[-44.252357000716,-20.12384200007491],[-44.25260299986292,-20.12390099982337],[-44.2529270005358,-20.12398099956348],[-44.25324200061878,-20.12406999927559],[-44.25351000041063,-20.12416699957672],[-44.25374200034177,-20.12429099929237],[-44.25402800001949,-20.12442299995175],[-44.25422299988092,-20.12445899927795],[-44.25456500038149,-20.12449499923752],[-44.25482500061217,-20.12449599990219],[-44.25502900030386,-20.12451499995817],[-44.25532500043413,-20.12452500003136],[-44.25566800075237,-20.12453499925853],[-44.25604800069137,-20.12458899922178],[-44.25622400038029,-20.12459799980709],[-44.25675700065783,-20.12453499977257],[-44.2571259999014,-20.12442299989469],[-44.25729200019843,-20.12431899941847],[-44.25747700003785,-20.12412899935834],[-44.25764400068992,-20.12387800001847],[-44.25781099998917,-20.12364399988135],[-44.2579780001053,-20.12340099973367],[-44.25822800039413,-20.12322799977485],[-44.25848700044212,-20.12312499928169],[-44.25877200073315,-20.12305599986798],[-44.25908600008159,-20.12296200001505],[-44.25932599995138,-20.12288499987309],[-44.25964000034298,-20.12273799936125],[-44.26000000049812,-20.12260899946047],[-44.26036900040978,-20.12244599981342],[-44.26080499995773,-20.12224999983889],[-44.26115300027888,-20.12210499959854],[-44.261382000465,-20.12201999972788],[-44.2616650000362,-20.12191799947893],[-44.26191200055924,-20.12180700003264],[-44.26221500008093,-20.12165300006572],[-44.26248000056364,-20.1215159999624],[-44.26277300000223,-20.12137099948697],[-44.26294700035758,-20.12129399933942],[-44.26319400027698,-20.12115699968368],[-44.26341400025775,-20.12102899967578],[-44.26362500060554,-20.12089999946421],[-44.26387200026811,-20.12077199957012],[-44.26409200025491,-20.12062699926862],[-44.26436600040928,-20.12048999944653],[-44.26454900010453,-20.12041299996683],[-44.264777999975,-20.12024999956298],[-44.26497100005218,-20.12010499938712],[-44.26515399983424,-20.11994999964675],[-44.26545200035046,-20.1197320000283],[-44.26568799995461,-20.11953600006744],[-44.26591500005771,-20.11936599952974],[-44.26613300048197,-20.11917899975932],[-44.26639699982944,-20.11894099943459],[-44.266642000258,-20.11877099959732],[-44.26690500052296,-20.11862699941684],[-44.26712300030134,-20.11848299976157],[-44.26741400070538,-20.11836499968277],[-44.26759500046743,-20.11831399963752],[-44.26776700061659,-20.11828899926942],[-44.26795700034146,-20.11829800002151],[-44.26820199987304,-20.11830799958943],[-44.26847300070162,-20.11831800005614],[-44.26875400052406,-20.11825899928671],[-44.2689540001057,-20.11815699970905],[-44.26917304369894,-20.11797990108452],[-44.2691889999476,-20.11796699964311],[-44.2695910003671,-20.11767199959316],[-44.2699220000848,-20.11726799970854],[-44.27009500053886,-20.11701199930812],[-44.27032600002246,-20.11664799999651],[-44.27052800039879,-20.11627099956437],[-44.2707300007532,-20.11590699986636],[-44.27088900038699,-20.11567799990706],[-44.27103300006586,-20.11547599972878],[-44.27134900041224,-20.11526099978283],[-44.27170700023937,-20.11505999958242],[-44.27202299995254,-20.11491299976904],[-44.27219500018931,-20.11481899958968],[-44.27243900035405,-20.11481999998763],[-44.27265300058293,-20.11483499961653],[-44.27301100057598,-20.11484999984756],[-44.27348300068691,-20.11481099990722],[-44.27378500051789,-20.11467699985799],[-44.27402900001992,-20.11448899987859],[-44.27433099985939,-20.11426099991174],[-44.27480800010827,-20.11387199964689],[-44.27513499981388,-20.11367300000075],[-44.2754910004187,-20.11346000007382],[-44.27588900008141,-20.1132069994959],[-44.27628700010147,-20.1129679992912],[-44.27672800050571,-20.11274199930284],[-44.27712600051714,-20.11255599971309],[-44.27753900037747,-20.11235699996907],[-44.27788000033254,-20.11218399930308],[-44.27822100039255,-20.11202499927221],[-44.2785340006448,-20.11189199995432],[-44.27867800016623,-20.11185599930664],[-44.27890299999524,-20.11179999954167],[-44.27915900033162,-20.11178799968773],[-44.27948500016735,-20.11180299950996],[-44.27978300002588,-20.11185699955424],[-44.28006600053647,-20.11197899993766],[-44.2803289998204,-20.11209999930875],[-44.2806649999717,-20.11228699967758],[-44.28095900038841,-20.11245999948099],[-44.281112000521,-20.11264599991982],[-44.28129300064883,-20.11289799960968],[-44.28153000019547,-20.11320399972964],[-44.28178100038541,-20.11348299998164],[-44.28194899992086,-20.11365499984147],[-44.28218700044229,-20.1137749992865],[-44.28246700018761,-20.11388199927462],[-44.28270500033467,-20.1139629994436],[-44.28315300011157,-20.11403099979623],[-44.28363000030363,-20.11399299949442],[-44.28413600050771,-20.11387599973862],[-44.28452900005502,-20.11377199932775],[-44.28496400033957,-20.11365399980503],[-44.28532900034732,-20.11352399945013],[-44.28577800058186,-20.11341899962872],[-44.28611500062355,-20.11332799941014],[-44.28646600056182,-20.11324999929119],[-44.28698500054421,-20.11318599950393],[-44.28735000040668,-20.11320099976315],[-44.28764400070977,-20.11322900002554],[-44.28806400057379,-20.11340200006911],[-44.28834400002854,-20.11354899967597],[-44.28869400030533,-20.11374899921391],[-44.28908800058781,-20.11403499971327],[-44.28946200052205,-20.11424600009703],[-44.28982199982901,-20.1144970000908],[-44.29010000053953,-20.11468199993539],[-44.29037700048415,-20.1149059993879],[-44.29062600011662,-20.11506399952652],[-44.29084800009464,-20.11507799997768],[-44.29112700017617,-20.11502699989923],[-44.29140500011238,-20.11490999973552],[-44.29176700041581,-20.11475399985907],[-44.29214300005578,-20.11459799938076],[-44.29249199981743,-20.11440299955089],[-44.29278400041029,-20.1142589994002],[-44.293035000396,-20.11412899931238],[-44.2932439999574,-20.11402499984498],[-44.29360600060528,-20.1139089995498],[-44.29416300014686,-20.11374000003671],[-44.29472000007915,-20.11361099950062],[-44.29522100046238,-20.11349499948669],[-44.29554100001344,-20.11340499931812],[-44.29592999985286,-20.11331399992219],[-44.29630599998491,-20.11326300007875],[-44.29680600032004,-20.11326499960595],[-44.29711200064174,-20.11329299944138],[-44.29751500064322,-20.11330800000189],[-44.29784900015721,-20.11334799971219],[-44.29823799990814,-20.11337599998626],[-44.29828998386734,-20.11338736361965],[-44.29849224557069,-20.11350140617644],[-44.29855288341758,-20.11350839817344],[-44.29863500098954,-20.11354242468596],[-44.29874160127782,-20.11355815652215],[-44.29878773278407,-20.11356694947929],[-44.29884442807364,-20.11355943458576],[-44.2989038729166,-20.11356345518449],[-44.29913900027722,-20.11365199959872],[-44.29946900053403,-20.1137959998055],[-44.2997160007054,-20.11397899930551],[-44.29993600030157,-20.11421399951088],[-44.3002100000035,-20.11455300001832],[-44.3003740006058,-20.11482699939671],[-44.30048266856182,-20.1149629594832],[-44.30049162824393,-20.11501891011703],[-44.30042270400227,-20.11547013487092],[-44.30064221323907,-20.11555227571025],[-44.30088146351684,-20.11551793577496],[-44.30094900030266,-20.1156349998932],[-44.30121000002924,-20.11590899984635],[-44.3014760003482,-20.11613399954735],[-44.30173300050777,-20.1162979996821],[-44.30191300067722,-20.11649300008541],[-44.30208400003227,-20.11671999931084],[-44.30220300041101,-20.11701299980257],[-44.30226199989227,-20.11727999923557],[-44.3023290003031,-20.11753999934605],[-44.30237579278766,-20.11772625396786],[-44.30238000043581,-20.11774299905857],[-44.30246446572648,-20.1180003709418],[-44.30246499996202,-20.11800199954454],[-44.30255800073085,-20.11823000002071],[-44.30264500057606,-20.1184219996731],[-44.30273800035425,-20.11857499990938],[-44.30283200054009,-20.11864799974364],[-44.30298500067592,-20.11871299999693],[-44.30324200071637,-20.11873899942353],[-44.30345500046521,-20.11874699925905],[-44.30367700071307,-20.11872400005019],[-44.30390000023446,-20.11863600003114],[-44.30400199996783,-20.11854799930024],[-44.30405400041693,-20.11837899988103],[-44.30402100026291,-20.11815299988741],[-44.30399700057977,-20.11792799955456],[-44.30396299994634,-20.11770999973276],[-44.30397300009247,-20.11750899961082],[-44.30399900047236,-20.11731499961171],[-44.30410199983989,-20.11718699920647],[-44.30432500070808,-20.11708299933582],[-44.3045169998962,-20.11703199989712],[-44.30477399990535,-20.11695699920831],[-44.30512700029686,-20.11686899944391],[-44.30546600002139,-20.11675499949187],[-44.30577699981504,-20.1166669992527],[-44.30610300024746,-20.11652799922038],[-44.30636100072024,-20.11642599945775],[-44.30676800041622,-20.11623600003041],[-44.30703899989525,-20.1160969997804],[-44.30735099980568,-20.1159579992889],[-44.30762300046225,-20.11581799994428],[-44.30793400038129,-20.11574299961273],[-44.30832800032852,-20.11561600002416],[-44.3087210000989,-20.1154769993371],[-44.30906000051388,-20.11536399983849],[-44.30944000019034,-20.11526299926465],[-44.30981400014765,-20.11514199925007],[-44.30999800063529,-20.11508799949801],[-44.31017100005585,-20.11504399920775],[-44.31031300015695,-20.11499999951238],[-44.3105279998408,-20.11494199996966],[-44.31072800015945,-20.11488299998348],[-44.3109219998755,-20.11482500010858],[-44.31115299982041,-20.11475599944357],[-44.31133099993877,-20.11470299952975],[-44.31145800072008,-20.11462399965214],[-44.31161600014598,-20.11451599922346],[-44.31174199987875,-20.11443200008535],[-44.31188899990865,-20.11434299999594],[-44.31205199985034,-20.11426499944774],[-44.31224099993123,-20.11421599929489],[-44.31246100039814,-20.11418199948303],[-44.3126610000885,-20.11418299948316],[-44.31285100045634,-20.11416599929899],[-44.31307400061092,-20.11415699966254],[-44.31335000007649,-20.11413899922958],[-44.31356800014662,-20.11410999983885],[-44.31383400056804,-20.11408199926523],[-44.31405799995662,-20.11403399986039],[-44.31429199996833,-20.11397999933536],[-44.31452100003853,-20.11392699923636],[-44.31471800031688,-20.11387400011049],[-44.31495800042639,-20.11382599936526],[-44.31521799989692,-20.11381699973898],[-44.31545700030713,-20.11381799978031],[-44.31572700070583,-20.11381899958815],[-44.31607400001441,-20.11383799924806],[-44.31625400058346,-20.11384799977382],[-44.31651700048428,-20.11386400003992],[-44.31673899980837,-20.11389899938208],[-44.31678970610983,-20.11389920122607],[-44.31679813540196,-20.11390523835145],[-44.31690636782415,-20.11389966392957],[-44.31699099982198,-20.11389999981481],[-44.31724300064405,-20.11392000005374],[-44.31751099988208,-20.11392699928452],[-44.31772300037971,-20.11390499977702],[-44.31794400048592,-20.11392099990498],[-44.31828700050001,-20.11396900003264],[-44.31853999993137,-20.11406199935862],[-44.3188409998607,-20.11420999929007],[-44.31906100036293,-20.11435699927521],[-44.31932200042662,-20.11452799983309],[-44.31955999983289,-20.11466499977038],[-44.31986000008239,-20.11482700007544],[-44.32010300039188,-20.11498199948296],[-44.32033800034756,-20.11511299952659],[-44.32059800000638,-20.11521299970018],[-44.32089800049691,-20.11532999949483],[-44.3211570001865,-20.11543800007517],[-44.32140900031053,-20.11546199922154],[-44.32170200008413,-20.11546299983005],[-44.32192100067279,-20.11548699964146],[-44.3222130003346,-20.11550299997517],[-44.32255499992579,-20.1154889996204],[-44.32279000018474,-20.11546699927177],[-44.32299400003343,-20.11543699924108],[-44.32330200055574,-20.115415999493],[-44.32352200004485,-20.11543199969876],[-44.32370000031943,-20.11549399943256],[-44.32387700046277,-20.11559999999448],[-44.3239930006388,-20.11575300001248],[-44.32408900016169,-20.11588299965711],[-44.32415900057537,-20.11600699996043],[-44.32421500043092,-20.11608899926804],[-44.32427000052942,-20.11620399993829],[-44.32434000043988,-20.11625599972801],[-44.32441600058876,-20.11628499943055],[-44.32449200043101,-20.11628599988083],[-44.32458900005575,-20.11623799940899],[-44.32471500019665,-20.11621999949727],[-44.32488800066557,-20.11621999948783],[-44.32508500056654,-20.11622099928082],[-44.3251670001269,-20.11623699971559],[-44.32547300041822,-20.11622299965617],[-44.32573700063593,-20.1162699992608],[-44.32597000017142,-20.11632399952932],[-44.32633099988158,-20.11642399965233],[-44.32663600054369,-20.11653099965586],[-44.326924000603,-20.11664599987195],[-44.32714900059533,-20.11677499924875],[-44.32740500031245,-20.11698799950809],[-44.32766100047077,-20.11714800002763],[-44.32786900005107,-20.11729299986612],[-44.32796500032308,-20.11740699998872],[-44.32809299994081,-20.1175819999342],[-44.32821199998967,-20.11781699948694],[-44.32833999994827,-20.1180379992882],[-44.32850000048276,-20.11819699954058],[-44.32869200007525,-20.11831899940124],[-44.32879600045526,-20.11838200002698],[-44.32903300026548,-20.1185099999827],[-44.32927000031973,-20.11862299971679],[-44.32942000030436,-20.11870599922074],[-44.32964899996664,-20.11877399992296],[-44.32992600024427,-20.11882699938923],[-44.33024200065191,-20.11882799926476],[-44.33049500000406,-20.11881399983867],[-44.33073300037668,-20.11881499996582],[-44.33093800064513,-20.11883100008521],[-44.33112000003796,-20.1188769993019],[-44.33123900040106,-20.1189369994048],[-44.33124233150684,-20.11894058490929],[-44.3313570005354,-20.11906400008022],[-44.33145099987694,-20.11915399995475],[-44.33158600065288,-20.11925899969766],[-44.33175900052591,-20.11938699924074],[-44.33191700011248,-20.11947699922871],[-44.33207500001309,-20.1195369992464],[-44.33220699983039,-20.11955899966823],[-44.33247399982889,-20.11955200010919],[-44.33271800011782,-20.11953099933287],[-44.33295399983847,-20.11952400010582],[-44.33320600004939,-20.11952499927722],[-44.33338700060315,-20.11953299923886],[-44.33366200061403,-20.11953399976538],[-44.33388200019355,-20.11956499977729],[-44.33416500073592,-20.11962499931395],[-44.33439300009481,-20.11970800001515],[-44.33466000027472,-20.11981999984789],[-44.33472911550989,-20.11984148460485],[-44.33489548627835,-20.11989320320971],[-44.33513719600921,-20.11995180661049],[-44.3352499999791,-20.11997799923886],[-44.33560400072642,-20.12000199956477],[-44.33591800072098,-20.11995899947807],[-44.33605200039037,-20.11990699982123],[-44.33624899992508,-20.11983399966756],[-44.33647000026873,-20.11974499992261],[-44.33673000062416,-20.11967199952826],[-44.33699800004005,-20.11968099981216],[-44.33724099983664,-20.11971099960514],[-44.33736040382787,-20.11975834661813],[-44.337401954063,-20.11976766264906],[-44.33740298169754,-20.11976784452171],[-44.33756300066333,-20.11982399969224],[-44.33782300072607,-20.11992099928886],[-44.33805000046,-20.12005299976633],[-44.33818600039491,-20.12011800001511],[-44.33837600069431,-20.12017799979937],[-44.33851700008176,-20.12018299985812],[-44.33857100034921,-20.12018300001534],[-44.33856000018478,-20.1203059997506],[-44.33859699982681,-20.1205059999607],[-44.33863500048,-20.1206089995477],[-44.33866099990863,-20.12078299956687],[-44.33874200003872,-20.1209939999575],[-44.33878999989389,-20.12115799997708],[-44.3388600001194,-20.12131199999383],[-44.33890300043216,-20.12144099977376],[-44.33900600075064,-20.12161599956701],[-44.33909800008498,-20.12174899983129],[-44.33919000023348,-20.12184699961465],[-44.3392980006727,-20.12193999999509],[-44.33933600023653,-20.12200699959915],[-44.33945900014636,-20.1221649994565],[-44.33955699996757,-20.12229400000086],[-44.33965399980338,-20.12241900007967],[-44.33972500071624,-20.12253799946092],[-44.3397580002087,-20.12261499948277],[-44.33986099992627,-20.12275999983776],[-44.33992000068071,-20.12290999954853],[-44.33998600072313,-20.12304399991464],[-44.3400120004408,-20.12320400010181],[-44.34003400024794,-20.12332799993938],[-44.34003899984457,-20.12344200004111],[-44.34002700049053,-20.12357099969113],[-44.33997200043928,-20.1237000001101],[-44.33985000061509,-20.12386199979036],[-44.33974500031486,-20.12400699926837],[-44.33956800022573,-20.12419299956055],[-44.33943500043414,-20.12435299959575],[-44.33931100070962,-20.12454399996247],[-44.33917700030846,-20.12466399954739],[-44.33906600010754,-20.1247359996513],[-44.33894999980855,-20.12480899930223],[-44.33882800036336,-20.12487099932252],[-44.33865000007818,-20.12494399937005],[-44.33850599983139,-20.12497499961795],[-44.33832400043728,-20.12500499960695],[-44.33813500053442,-20.12503099995253],[-44.33800800039989,-20.12507699937618],[-44.3379080003017,-20.12513900002521],[-44.33780800068737,-20.12521699992987],[-44.33771900012709,-20.12532699996112],[-44.33770700023837,-20.12544199884648],[-44.33773999999244,-20.12556699895656],[-44.33774000003904,-20.1256639996428],[-44.33773500034447,-20.12569399967596],[-44.33772300027857,-20.12578199960522],[-44.33773999982242,-20.12593599968777],[-44.33788300044225,-20.12612699966549],[-44.33800100018026,-20.12627299986692],[-44.3381300007443,-20.12640500010585],[-44.33823300049546,-20.1265169997448],[-44.33834000037076,-20.12664899947332],[-44.33840700002983,-20.12676600000656],[-44.33845300038812,-20.12690299991648],[-44.33850400044273,-20.12707799999735],[-44.33856500009347,-20.12727799979785],[-44.3386100005717,-20.12751199930413],[-44.33861400027835,-20.1277549994352],[-44.33860900005371,-20.12852599902751],[-44.33861300019761,-20.1287929999033],[-44.33864800051225,-20.12904499970084],[-44.33870400036655,-20.12935599902589],[-44.33754279330372,-20.12905696900551],[-44.33607023838291,-20.12867774922517],[-44.33602925747321,-20.12879612126553],[-44.33549490141984,-20.12855029766966],[-44.33511523491214,-20.12823740192198],[-44.33375999826963,-20.1274593098821],[-44.33257540473483,-20.12637655784879],[-44.33162436138188,-20.12630556257542],[-44.33047446083738,-20.12639426263438],[-44.32995896126943,-20.12643402454958],[-44.32841477794545,-20.12602379650384],[-44.32710766522753,-20.12579417244097],[-44.32663267586818,-20.12563511111262],[-44.3267559190048,-20.12462470365696],[-44.32687531398376,-20.12451284015464],[-44.32704256336118,-20.12433376632739],[-44.32659165052074,-20.12410740487027],[-44.32452234810415,-20.12414441708965],[-44.32345211957872,-20.12414031341819],[-44.32280416303527,-20.12413782574404],[-44.32207271408119,-20.12413501465934],[-44.32164869108271,-20.12318989812704],[-44.32195999673734,-20.12269688817589],[-44.32208036259301,-20.12236039208857],[-44.32315280181887,-20.12184784101498],[-44.32327412984441,-20.121286708034],[-44.32327978339041,-20.12125342183704],[-44.32327252323077,-20.1212665604452],[-44.32325697105092,-20.12132410486247],[-44.32323588107989,-20.12134265992758],[-44.32319268052965,-20.12137194992303],[-44.32317054878583,-20.12138271278382],[-44.3231406828876,-20.12139448510153],[-44.32310189327588,-20.12139958525217],[-44.32305534554283,-20.12140570650511],[-44.32299852859355,-20.12139747878098],[-44.32298173006835,-20.12139182546596],[-44.32295457553529,-20.12137176411439],[-44.32292863544165,-20.12135938176457],[-44.32289220301423,-20.12133248331967],[-44.32287908574571,-20.12130237713905],[-44.32285538064772,-20.12125749516183],[-44.3228448258855,-20.12124281527502],[-44.32282605401769,-20.12118066260487],[-44.32281403319829,-20.12115786810801],[-44.32279266447816,-20.12112805552955],[-44.32278567922944,-20.1210879934469],[-44.32277351429684,-20.12106490020328],[-44.32275419716979,-20.12100119483995],[-44.3227484788984,-20.12096860684543],[-44.32274273541451,-20.12093587598376],[-44.3227340739944,-20.12088651114178],[-44.32272389521379,-20.12082850559316],[-44.32271804437487,-20.12079515896104],[-44.32270922521038,-20.12074488448191],[-44.32270331558716,-20.12071119425232],[-44.32269589239511,-20.12066887146308],[-44.32268992395993,-20.12063484396119],[-44.32268392562273,-20.12060065188754],[-44.32267336412338,-20.12054044548308],[-44.32266729108629,-20.12050582932958],[-44.32265813112758,-20.12045361439522],[-44.32265045020894,-20.1204098312865],[-44.32264117540301,-20.1203569635048],[-44.32263651419154,-20.12033039398103],[-44.32262871097188,-20.12028591191227],[-44.32261928771965,-20.12023219687808],[-44.32261822816319,-20.12017700042934],[-44.32262191736098,-20.12014870275454],[-44.3226158215087,-20.12011050370488],[-44.32258925551692,-20.11994404650452],[-44.32258794121819,-20.11993512736202],[-44.32256505400375,-20.11989254365259],[-44.32255838460582,-20.11984758160154],[-44.32253665139324,-20.11981360105626],[-44.32252439152591,-20.11978748034379],[-44.32251072289674,-20.11975216362037],[-44.32248876183125,-20.11971778370282],[-44.32245845761361,-20.11968434491137],[-44.32243691208799,-20.11960479612092],[-44.3224059576216,-20.11960062088018],[-44.32235948691702,-20.11960674587368],[-44.32232850549149,-20.11961082858973],[-44.32228973367452,-20.11960767598913],[-44.32225867975757,-20.11960349220794],[-44.32222759525742,-20.11959930197847],[-44.32218862485178,-20.11958784353105],[-44.3221419248547,-20.11958568240374],[-44.32211085635591,-20.11958976926486],[-44.32209503487192,-20.11957521727967],[-44.32205616048944,-20.11958032953621],[-44.32201710281784,-20.11957713782542],[-44.32198578885577,-20.11957291956314],[-44.32193130938505,-20.11958008532862],[-44.32190748609214,-20.11956651911628],[-44.32186827542529,-20.11956331323021],[-44.32182930244458,-20.11956843951518],[-44.32180534154391,-20.11955484113378],[-44.32176571158595,-20.1195432689134],[-44.3217260023271,-20.11953167469263],[-44.32169403687048,-20.11951903315034],[-44.32165417186395,-20.1195073985558],[-44.32160677471284,-20.11950518942523],[-44.32156717298641,-20.11950194040228],[-44.32154322521394,-20.11949661908525],[-44.32151140266692,-20.11949232649397],[-44.32145598635032,-20.11949113284553],[-44.32141622972352,-20.11948786783146],[-44.32137592505153,-20.11947614925441],[-44.32134446217334,-20.11948029319729],[-44.32128829700297,-20.11947062800087],[-44.3212568015791,-20.11947477632084],[-44.32121625409891,-20.11946301972515],[-44.32117684557461,-20.11946821015282],[-44.32112039643361,-20.11945851308741],[-44.32110461713495,-20.11946059117772],[-44.32107173132513,-20.11944775712669],[-44.3210243436577,-20.11945399751396],[-44.32099134314242,-20.1194411440307],[-44.32095972041623,-20.11944530807234],[-44.32091079140323,-20.11943452575029],[-44.32087837322436,-20.11943015755939],[-44.32083007817686,-20.11942786614891],[-44.32080631400703,-20.11943099146236],[-44.32077380881019,-20.1194266156883],[-44.32071748205493,-20.11942536318147],[-44.32067696429919,-20.11942202278081],[-44.32063640542592,-20.11941867859806],[-44.32061078665713,-20.1194046670465],[-44.3205780816535,-20.11940026335854],[-44.32054440549829,-20.11938725719061],[-44.32051065867129,-20.11937422453942],[-44.32047684308976,-20.11936116450872],[-44.32043497578231,-20.11934912795258],[-44.32039302153746,-20.11933706575055],[-44.32036801374736,-20.11933155133607],[-44.32033392976481,-20.11931839988318],[-44.32029977415017,-20.11930522284669],[-44.32025643355475,-20.11928434870748],[-44.32020492082821,-20.11926446955231],[-44.32017049018415,-20.11925118570892],[-44.3201348262561,-20.11922908692825],[-44.32009216801622,-20.11921679423248],[-44.3200587003542,-20.1192122311847],[-44.32001589592507,-20.1191998999555],[-44.31998917629431,-20.11918541238724],[-44.31994494200253,-20.11916415701862],[-44.31991679461125,-20.11914070195179],[-44.31988043299994,-20.11911824169792],[-44.31984395690833,-20.11909571051376],[-44.31980736633657,-20.11907310839931],[-44.31977066032815,-20.11905043535074],[-44.3197256616311,-20.11902876403108],[-44.31969548612399,-20.11899581593567],[-44.31966518303909,-20.1189627290911],[-44.31964153136391,-20.11891927912614],[-44.3196245460914,-20.1188653170058],[-44.31960212709785,-20.11883059973885],[-44.31957961213559,-20.11879573390721],[-44.3195539795008,-20.11874206280906],[-44.31953957942327,-20.11870572648898],[-44.31951214275234,-20.11864206446165],[-44.31949757133368,-20.11860531362466],[-44.31947295880809,-20.11855998404026],[-44.31944662479234,-20.11850481926749],[-44.31934819834556,-20.11839702301814],[-44.3193195363641,-20.11840079880345],[-44.31929072122239,-20.11839752133448],[-44.31925487842327,-20.11840224438305],[-44.31921186821755,-20.11840791022885],[-44.31916885993402,-20.11841357336067],[-44.3191397395462,-20.11840324022318],[-44.31910290083445,-20.11837967918509],[-44.31908777893936,-20.11836029172363],[-44.31907261422668,-20.11834085168637],[-44.31904992293161,-20.11831516305248],[-44.31904858081465,-20.118279344282],[-44.31904669349525,-20.11822891839461],[-44.31904560967125,-20.1181999517749],[-44.31905127377894,-20.11815533813603],[-44.3190501940129,-20.11812609683503],[-44.31905643431228,-20.11809578139832],[-44.31906243154842,-20.11805796778934],[-44.31906898431342,-20.11803480651725],[-44.31907555456931,-20.11801158205981],[-44.31908162522908,-20.11797337927817],[-44.31908798087606,-20.11794249139762],[-44.31910917431716,-20.11790953371438],[-44.31913044960167,-20.11787645164635],[-44.31913693499371,-20.11784520101397],[-44.31915066540383,-20.11780523414063],[-44.31914975002965,-20.11777469679622],[-44.31914837074611,-20.11772867072692],[-44.31914744612418,-20.11769783877042],[-44.31914628580797,-20.11765913186557],[-44.31914488840446,-20.11761242982712],[-44.31913639541122,-20.11758213882648],[-44.31912004902882,-20.11754485972402],[-44.31910387776389,-20.11751530714288],[-44.31905721600753,-20.11748965698121],[-44.31902649530977,-20.11748574230051],[-44.31898750586038,-20.11746692681725],[-44.31894906852731,-20.11746399436449],[-44.31890261224867,-20.11745409032178],[-44.31887934922246,-20.11744913183586],[-44.31884001211173,-20.11743019479798],[-44.31882432339133,-20.11742420833957],[-44.31879248810902,-20.11740419244469],[-44.31876823210411,-20.11738310522824],[-44.31874346894548,-20.11735387635069],[-44.31871860583622,-20.11732453503631],[-44.3187013624337,-20.11729406382708],[-44.31868452041319,-20.117271640794],[-44.31868991954686,-20.11722968907221],[-44.3186958109906,-20.11719577232502],[-44.31870950689439,-20.11716069296565],[-44.31873105415433,-20.11712444484804],[-44.3187526871768,-20.11708805067427],[-44.3187748365411,-20.11705988493734],[-44.31881272417317,-20.11702956434249],[-44.31882718420029,-20.11700226166178],[-44.31884954703033,-20.11697383740362],[-44.31887947058307,-20.1169358017518],[-44.31891776833734,-20.1169050905509],[-44.31894073256188,-20.11688491221697],[-44.31897922037829,-20.11685404541175],[-44.31899406717557,-20.11682622282753],[-44.3190162668286,-20.11678000858831],[-44.31903092731873,-20.11674328655078],[-44.31906159243063,-20.11670430674722],[-44.31907668801101,-20.11667602156459],[-44.31909928798668,-20.11662902904509],[-44.31911424485199,-20.11659167742515],[-44.31912952086227,-20.11656303149058],[-44.3191528911144,-20.11653323217335],[-44.31918462320197,-20.11651118284823],[-44.31919984995881,-20.11647335334942],[-44.31919896328255,-20.11643750741494],[-44.31919784938921,-20.11639248988642],[-44.3191806998425,-20.11635845706098],[-44.319139301593,-20.11633660794079],[-44.31909832707392,-20.11633290218317],[-44.31906575245402,-20.11633721312834],[-44.31902503418277,-20.11634260044586],[-44.3189924605198,-20.11634691047744],[-44.3189595368536,-20.11634212975957],[-44.31891027710206,-20.11633950159381],[-44.31887727695057,-20.11633471152924],[-44.31884465447933,-20.11633902586301],[-44.31879573243262,-20.11634545492771],[-44.31872282035135,-20.11636419061362],[-44.31867392318051,-20.11637061612585],[-44.31861793167123,-20.11639625654374],[-44.31860164920323,-20.11639839572614],[-44.3185614934263,-20.11641283383788],[-44.31852893985118,-20.1164171384391],[-44.31848011044011,-20.11642359578506],[-44.31843941989992,-20.11642897674813],[-44.31839744746972,-20.11641624986863],[-44.31837104037538,-20.11639225370566],[-44.31833570101436,-20.11636014204942],[-44.31831659987945,-20.11632572750767],[-44.31829671752445,-20.11628196121786],[-44.31829390811296,-20.11624503888303],[-44.31825953374537,-20.11623087930417],[-44.31824669948209,-20.116279268491],[-44.31824285805638,-20.11633548063611],[-44.31822940943377,-20.11637419884253],[-44.31823233494295,-20.11641059663021],[-44.31820193739956,-20.11644210358163],[-44.31817087529547,-20.11646448784486],[-44.31813910539645,-20.11647779352947],[-44.31809844371157,-20.1164831329588],[-44.31805778202032,-20.11648847328224],[-44.31800898818201,-20.11649488093574],[-44.31796832650102,-20.11650021762401],[-44.31791774728107,-20.11648859950576],[-44.31788518329078,-20.11649287232068],[-44.31786076005398,-20.11649607783057],[-44.31781816384007,-20.1164833727987],[-44.31779275425956,-20.11647754563558],[-44.31775818133137,-20.11646373036924],[-44.31771736746814,-20.11646908538668],[-44.31766839082194,-20.1164755130215],[-44.31762757695325,-20.11648086801797],[-44.31759386019868,-20.11647610204901],[-44.31755193572815,-20.11647240309962],[-44.31750179014112,-20.11646977291929],[-44.31746795287993,-20.11646500194203],[-44.31741655211213,-20.1164533506826],[-44.31738143696653,-20.11643950071481],[-44.31735565059227,-20.11643365215149],[-44.31732163251699,-20.11642888677177],[-44.31728757907288,-20.11642411582699],[-44.31723706315409,-20.11642151757173],[-44.31721114777164,-20.11641563957256],[-44.31716183878555,-20.1164221570443],[-44.31711942554149,-20.11641844977494],[-44.31709475908148,-20.11642171026054],[-44.31705228845468,-20.11641800004206],[-44.31700838822047,-20.11640512711742],[-44.31697404415939,-20.1164003143246],[-44.3169299920045,-20.11638740193722],[-44.31689410379322,-20.11637337086881],[-44.31685813918512,-20.11635931058186],[-44.31681382434478,-20.11634631401647],[-44.31676941960631,-20.11633331347742],[-44.3167497973109,-20.11631699872613],[-44.31671353648984,-20.11630286587764],[-44.31666731371406,-20.11628050050955],[-44.3166423810284,-20.11628382947845],[-44.31660591295065,-20.11626962442017],[-44.31655435467545,-20.11626695687192],[-44.31650441559366,-20.11627362623548],[-44.3164544793779,-20.11628029559592],[-44.31642951222717,-20.11628362982267],[-44.3163896355658,-20.11629852303215],[-44.31634500309298,-20.1163331063802],[-44.31631532808751,-20.11635610020123],[-44.31627921711618,-20.11638938735977],[-44.3162514895521,-20.11642146093865],[-44.31621740790153,-20.11646369534018],[-44.31618988320134,-20.11649552933543],[-44.31616884041728,-20.11651706113009],[-44.31615151678402,-20.11655669214338],[-44.31614245817808,-20.11659505762361],[-44.31613343853099,-20.11663326241206],[-44.31612445688621,-20.116671306505],[-44.31611919535291,-20.11672700886221],[-44.31611029856567,-20.11676467557494],[-44.31610511034187,-20.11681979629207],[-44.31610435991819,-20.11685599008843],[-44.31611530757651,-20.11690837942439],[-44.31612256757814,-20.11694312598219],[-44.31613340279838,-20.11699497542715],[-44.31611002437392,-20.11705886378805],[-44.31609414593765,-20.11708401376191],[-44.31610130473936,-20.11715172804352],[-44.31608790133453,-20.11719905310385],[-44.31609504064242,-20.11726597032763],[-44.31609859240422,-20.11729925402185],[-44.31610448256084,-20.11735445926323],[-44.3161115062208,-20.11742025466027],[-44.31610837896305,-20.11747594269826],[-44.31611534502592,-20.1175409047451],[-44.31612226328568,-20.11760542112752],[-44.31612311646298,-20.11761337708446],[-44.31612913371875,-20.1176694972671],[-44.31613368827988,-20.11771197182423],[-44.31613935252695,-20.11776479427759],[-44.31615488463505,-20.11782660613081],[-44.31617685760003,-20.11786601090619],[-44.31620638638164,-20.11789368362388],[-44.3162183606384,-20.11792361325232],[-44.31625748674325,-20.11796023816481],[-44.31628009606042,-20.11800929592153],[-44.31630053761366,-20.11803766802429],[-44.31632292782832,-20.11808629842359],[-44.31635184082788,-20.11811325849522],[-44.31636538088553,-20.11816262264558],[-44.31637220731377,-20.11823289012164],[-44.3163760843178,-20.11827279941487],[-44.31641409578902,-20.11830794528614],[-44.31644249625865,-20.1183342048684],[-44.31648602252777,-20.11833836210491],[-44.31649004049189,-20.1182876970538],[-44.31648642037808,-20.11824788363688],[-44.31648187358882,-20.11819787032265],[-44.31648499842044,-20.11813632960531],[-44.31648997112444,-20.11809468806214],[-44.31649314103207,-20.11803245896972],[-44.31648855826007,-20.1179812599822],[-44.31648395090613,-20.11792977445556],[-44.31647931706878,-20.11787799967156],[-44.31647278648369,-20.11780502523138],[-44.31647500913927,-20.11773028563582],[-44.31647030085919,-20.11767737111318],[-44.31647536498369,-20.11763361999905],[-44.31647158258352,-20.11759086832271],[-44.31647572614738,-20.11753594957043],[-44.31648084092958,-20.11749154624713],[-44.31649491691229,-20.1174457273657],[-44.31650718515579,-20.11737781550346],[-44.31652140500702,-20.11733146585531],[-44.31653400954646,-20.11727708410391],[-44.31653476412567,-20.11727382771628],[-44.31654912289767,-20.11722698523361],[-44.31655449163488,-20.11718114976863],[-44.31655988521808,-20.11713509934086],[-44.31657440264831,-20.11708762404093],[-44.31658808153011,-20.11702859738617],[-44.31663107335478,-20.11698832754878],[-44.31666592247231,-20.11696057635378],[-44.3166908404967,-20.11692253885978],[-44.31671500840099,-20.11687285095457],[-44.31674011718608,-20.11683449702543],[-44.31675527287656,-20.11678563714224],[-44.31678740640672,-20.11671065648444],[-44.31682446387494,-20.11670569556381],[-44.3168730385803,-20.11673458230333],[-44.31691999657474,-20.11674011625938],[-44.31695836183006,-20.11675849875226],[-44.31699528410505,-20.11675361046447],[-44.31705259891214,-20.11678111053356],[-44.31709928544589,-20.11678659821074],[-44.31712870396465,-20.11681762815507],[-44.31715058875671,-20.11688421027987],[-44.31719168551139,-20.11697065217913],[-44.31719223988607,-20.1169820036367],[-44.3172217223275,-20.11702366746766],[-44.31725210209913,-20.11708759965848],[-44.31727223710705,-20.11712997367264],[-44.31730177852246,-20.11718208884422],[-44.31732215816021,-20.11723511371869],[-44.31734287698546,-20.11729882144882],[-44.31735318307064,-20.11733051019817],[-44.31736390068958,-20.11737296250594],[-44.31736695945191,-20.1173940374382],[-44.317376310405,-20.11745845747978],[-44.31738604861074,-20.11747882092267],[-44.31740545961483,-20.117519411109],[-44.31740753429764,-20.11757283409238],[-44.31741758435116,-20.11760356763719],[-44.31742800127936,-20.11764477541282],[-44.31743876465016,-20.1176963163773],[-44.31744908103404,-20.11773710810294],[-44.31745062463366,-20.11777888152836],[-44.31745254402932,-20.11783083645047],[-44.31745445224789,-20.11788250127101],[-44.31744769530851,-20.11793503344974],[-44.31741507618291,-20.1179907528493],[-44.3173986230393,-20.11801344832566],[-44.31735679358022,-20.11804971534383],[-44.31732369896958,-20.11808470503179],[-44.31731690482951,-20.11812617599983],[-44.31730158474517,-20.11816861515767],[-44.31728633147477,-20.11821086662207],[-44.31727966407512,-20.11825178597424],[-44.3172640525238,-20.11828378733315],[-44.31724097440276,-20.11833650841618],[-44.31723444996928,-20.11837688434752],[-44.31721106618313,-20.11841935371933],[-44.31721405636203,-20.1184776136391],[-44.31722394767118,-20.11850547129888],[-44.31722639648796,-20.11855356986374],[-44.31723718841374,-20.11860029110376],[-44.31724792211693,-20.11864676272203],[-44.31726644866041,-20.11868242573987],[-44.3172761400247,-20.11870962841075],[-44.31729408853993,-20.11873564408243],[-44.31731241579235,-20.11877094217028],[-44.31733066430364,-20.11880608995265],[-44.3173492510802,-20.11885036818832],[-44.31737674847531,-20.11891174463802],[-44.3173861311475,-20.11893822322212],[-44.31740480669944,-20.11899093154918],[-44.31743003740873,-20.11900588361522],[-44.31744778418496,-20.11904004541532],[-44.31746545601052,-20.11907406505722],[-44.31748339174238,-20.11911693655338],[-44.31749282163108,-20.1191517230811],[-44.31750221197637,-20.11918636397447],[-44.31751992923392,-20.11922866173424],[-44.3174967765309,-20.11925842550595],[-44.31746532924308,-20.11928035632684],[-44.31742592772741,-20.11930332260926],[-44.31738622681765,-20.11931745857594],[-44.31735498581361,-20.11933924379051],[-44.31732339357553,-20.11935224186515],[-44.31729183391269,-20.11936522740962],[-44.31726030683298,-20.11937819861676],[-44.31720533344144,-20.11940304098698],[-44.3171813891374,-20.11940621932908],[-44.31713401575293,-20.11942126527936],[-44.31710210851806,-20.11942549981345],[-44.31707817761356,-20.11942867548242],[-44.31702234233941,-20.11943608567875],[-44.3169665080211,-20.11944349495736],[-44.31692662731835,-20.11944878742109],[-44.31689472390397,-20.11945302102852],[-44.3168555010634,-20.11946697619664],[-44.31681631939833,-20.11948092067206],[-44.3167931048044,-20.11949273485179],[-44.31674603683904,-20.11950770959086],[-44.31673950579469,-20.11952599588571],[-44.31671278987654,-20.1195902292016],[-44.31670777457404,-20.11962537906495],[-44.31671066922338,-20.1196593379018],[-44.31671427211456,-20.11970159279007],[-44.3167171403621,-20.11973524339424],[-44.31672142231381,-20.11978546530748],[-44.31671644683081,-20.1198198156321],[-44.31670369275879,-20.11985506381896],[-44.31668320603819,-20.11989120371905],[-44.31666427022947,-20.1199435973876],[-44.3166517066602,-20.11997837010695],[-44.31663146203167,-20.12001404919472],[-44.31660358330764,-20.12005061314357],[-44.31658351593143,-20.12008600466134],[-44.3165627512342,-20.12011322847936],[-44.31655895367341,-20.12015432879006],[-44.31656205136107,-20.12018624716519],[-44.31657964984121,-20.12020806519822],[-44.31660482778798,-20.1202288020718],[-44.31662993138291,-20.1202494790157],[-44.31665640665469,-20.12028583162731],[-44.31666615749626,-20.12030836742619],[-44.31669103824031,-20.12032881759632],[-44.31670827791154,-20.12035021766366],[-44.31674058335676,-20.12036954088454],[-44.3167659114736,-20.12039756319883],[-44.31678295975761,-20.12041876010955],[-44.31678621821052,-20.12045728718318],[-44.31678946216297,-20.12049562896097],[-44.31677838527587,-20.12054338324588],[-44.3167586042169,-20.12057672199136],[-44.31671588675714,-20.12060535803754],[-44.31667934282688,-20.12061785698362],[-44.31664956603081,-20.12062181956662],[-44.31662123729116,-20.12064083010444],[-44.31658479686671,-20.12065328244408],[-44.31655581980554,-20.12066473630274],[-44.3165186773277,-20.12066966970333],[-44.31648311139223,-20.12068958016974],[-44.31644681083146,-20.12070198332398],[-44.31640230742114,-20.12070789478236],[-44.31637263880076,-20.12071183514717],[-44.31632813826322,-20.12071774479062],[-44.31627622414985,-20.12072464042687],[-44.31624655935039,-20.1207285807851],[-44.31621689551015,-20.12073252023842],[-44.3161798180986,-20.12073744478314],[-44.31615851314417,-20.12074784851817],[-44.31612337146073,-20.12076764037588],[-44.31609666364021,-20.1207938127776],[-44.31607101184996,-20.12082727144005],[-44.3160582225112,-20.12084395302035],[-44.31603172233798,-20.12086988766459],[-44.31599895482078,-20.12090402894866],[-44.31596323977785,-20.12091618216579],[-44.31594327582895,-20.1209336690295],[-44.31590763935723,-20.12094579091362],[-44.31587096882095,-20.12095063383849],[-44.31583321539721,-20.12094820665022],[-44.3157954256383,-20.12094577569847],[-44.31575535358809,-20.12092876250892],[-44.315728752543,-20.12090243570194],[-44.31570942867148,-20.12087503473216],[-44.31568886979777,-20.12084014890892],[-44.31566938720793,-20.12081251147756],[-44.31564864406034,-20.12077732674434],[-44.31564388632093,-20.12074748744159],[-44.31563285382863,-20.12072601829377],[-44.31560443389407,-20.1206914145983],[-44.31558582016482,-20.12067077083396],[-44.31555841978281,-20.12064348307631],[-44.31553591388775,-20.12059986987108],[-44.31550701256486,-20.12056466068243],[-44.31549435989601,-20.12053497325676],[-44.3154740941647,-20.12050617072594],[-44.31544354678799,-20.12046275490393],[-44.31541415188671,-20.12042688415139],[-44.31539357998322,-20.12039765843856],[-44.31536393297706,-20.12036146953313],[-44.31534042134118,-20.1203161879549],[-44.31531955288291,-20.12028652735097],[-44.31528950265677,-20.12024979560728],[-44.31524530846614,-20.12022292963414],[-44.31521011790016,-20.12020296602939],[-44.31517482236914,-20.12018294327566],[-44.31514716659745,-20.12016183603989],[-44.31511942787359,-20.12014066703247],[-44.31508856495859,-20.12010318662355],[-44.31506370351021,-20.12009813738476],[-44.31502013366354,-20.12007884058649],[-44.31499361652299,-20.12006560184175],[-44.31495923899706,-20.12005336899329],[-44.31492318012217,-20.12003290768641],[-44.31488537898303,-20.1200041481058],[-44.31484289751646,-20.11999283614992],[-44.31479864698986,-20.11997322852334],[-44.31476212907313,-20.1199525223303],[-44.314727225423,-20.1199400723345],[-44.31470014215421,-20.11992657743296],[-44.31467124999109,-20.11990470900059],[-44.31464662970168,-20.11986495490696],[-44.31462188498351,-20.11982499882205],[-44.31461111326938,-20.11977424020861],[-44.31458795590218,-20.11974235136628],[-44.31456903020723,-20.11969214388202],[-44.31454566862544,-20.11965992352042],[-44.31453209464751,-20.11963513722611],[-44.31450669882327,-20.1195940129417],[-44.31448306255029,-20.11956139030282],[-44.3144612360685,-20.11953737432387],[-44.31444167127513,-20.11948587760557],[-44.31443203852694,-20.11944181461865],[-44.31442041454185,-20.11938863733879],[-44.31441262393016,-20.11935300222565],[-44.31438844669368,-20.1193193997687],[-44.31436019199135,-20.11926763612368],[-44.31433577716929,-20.1192336776185],[-44.31432353077668,-20.11921664399669],[-44.31429071468096,-20.11918357178589],[-44.31425361698908,-20.11916973787899],[-44.31419782433218,-20.11914893312325],[-44.31416880873842,-20.11913392160487],[-44.31412529637071,-20.119130273481],[-44.31408389453532,-20.11913580155161],[-44.31406516990102,-20.11912883419554],[-44.31402984649787,-20.11912406941764],[-44.31398839782219,-20.11912958915113],[-44.3139469491439,-20.11913510887477],[-44.31391379173238,-20.11913952411039],[-44.31387461524928,-20.11915421794191],[-44.31383548092168,-20.11916889566361],[-44.31380235893523,-20.1191733019798],[-44.31374438906565,-20.11918099740591],[-44.31369233960772,-20.11917844455613],[-44.3136568162325,-20.11917368796131],[-44.31362125557085,-20.11916892669622],[-44.31357149271489,-20.11917553353759],[-44.31352173081184,-20.1191821403685],[-44.31346367669375,-20.11918984712081],[-44.31343879621696,-20.11919315052456],[-44.31340814071154,-20.11920670273768],[-44.31338004559393,-20.11922936694614],[-44.31334118517528,-20.11924395978024],[-44.31325548078039,-20.11929601443689],[-44.31322157894275,-20.11931075396347],[-44.31317906912422,-20.11932660753669],[-44.31312719024072,-20.11933340209167],[-44.31309260495394,-20.11933793178893],[-44.31305639526423,-20.11932208966265],[-44.31302010441851,-20.11930621287586],[-44.31299240840593,-20.11928916596309],[-44.31294728022365,-20.1192743535171],[-44.312910745918,-20.11925837094131],[-44.31287504885519,-20.11925264394241],[-44.3128364916971,-20.11921597262226],[-44.31280746047221,-20.11918836092998],[-44.31278513409455,-20.11913869392557],[-44.31276465854594,-20.11910967973783],[-44.31274211028352,-20.11905956728895],[-44.31273909612634,-20.11902797990843],[-44.31271754686386,-20.11900058621566],[-44.31270856317181,-20.11898916575689],[-44.31267893545447,-20.11896080805118],[-44.31259712188864,-20.11894997477948],[-44.31256057662871,-20.11894396881227],[-44.3125162606041,-20.11894977521186],[-44.31248080721071,-20.11895441977902],[-44.31244535381545,-20.11895906433902],[-44.31239217323483,-20.11896603251903],[-44.31233899265395,-20.11897299977924],[-44.31231240188362,-20.11897648340144],[-44.3122592203359,-20.11898345153726],[-44.31220603780366,-20.1189904250747],[-44.31216171886212,-20.11899623679472],[-44.31213169076519,-20.11904328521878],[-44.31213574429462,-20.11907495888913],[-44.31213516509195,-20.11908993662048],[-44.31213366699146,-20.11912866387467],[-44.31212147294622,-20.11917279363506],[-44.31210192633988,-20.11922825123978],[-44.3120945280095,-20.11923976504938],[-44.31206226750136,-20.11926504771017],[-44.31201260827288,-20.11929256577702],[-44.31196893152543,-20.11929829139812],[-44.31193398919249,-20.11930286646191],[-44.31187284080122,-20.11931087777922],[-44.31183913086927,-20.1192626879135],[-44.31179797864121,-20.11922578395781],[-44.31177733297135,-20.11920726980798],[-44.31172866731882,-20.1191817300878],[-44.31168464503413,-20.11918750398875],[-44.3116406227426,-20.11919327878223],[-44.31159659949551,-20.11919905265728],[-44.31156304915386,-20.11921410768894],[-44.31151904983022,-20.11921987802339],[-44.31148385093849,-20.1192244953695],[-44.31142574130823,-20.11925338809283],[-44.31137477207645,-20.11927069191572],[-44.3113414210104,-20.11928567177943],[-44.31128873989413,-20.11929258374206],[-44.31123790850492,-20.11930986185838],[-44.31122221295634,-20.11932250706612],[-44.31118900366025,-20.11933743865927],[-44.31116459295176,-20.11935120281999],[-44.31115462688601,-20.11939462193765],[-44.31116403240753,-20.11944579828651],[-44.31117711478025,-20.11951697225424],[-44.31118824709047,-20.11957753749253],[-44.3111993046386,-20.11963770033306],[-44.31121888591545,-20.11969633503555],[-44.31124149937664,-20.11972381438644],[-44.31125905607204,-20.11977203795572],[-44.31127153735392,-20.11984067675903],[-44.31127685738792,-20.11986993282038],[-44.31127719769654,-20.11991959635851],[-44.31127929555978,-20.11997861276215],[-44.31127118925239,-20.12002879541209],[-44.31126136936728,-20.1200691934433],[-44.31125159232819,-20.12010941814857],[-44.3112250908576,-20.1201516711818],[-44.3112070670828,-20.12019264167581],[-44.3111706350082,-20.12022627977994],[-44.3111390426257,-20.12024003394928],[-44.31111113113117,-20.12027242582041],[-44.3110629802558,-20.12028832098711],[-44.31102320590186,-20.12030310219383],[-44.31097515369265,-20.1203189633845],[-44.31095019557168,-20.12032225166969],[-44.31091244717123,-20.12034625484139],[-44.31088114422089,-20.12035987907131],[-44.31084158055387,-20.12037460142141],[-44.31080205904679,-20.12038930675865],[-44.31076257969185,-20.12040399689032],[-44.31072941442743,-20.12040837986045],[-44.31067966653168,-20.12041495340029],[-44.31063821090439,-20.12042043164426],[-44.31060504564169,-20.12042481278362],[-44.31055529585904,-20.12043137814825],[-44.31049725476345,-20.12043903697067],[-44.3104702246273,-20.12043313102372],[-44.31040777362987,-20.1204223968352],[-44.31037844403664,-20.12040725064023],[-44.31035292287893,-20.12037246409294],[-44.31031059393111,-20.12033973256544],[-44.31026884831476,-20.12034524121475],[-44.31022105796682,-20.12036114298052],[-44.31024086237832,-20.12040634925717],[-44.31026057020261,-20.12045133196314],[-44.31028619595185,-20.12048582616401],[-44.3102996723789,-20.12054057958273],[-44.31033331462054,-20.1205736096647],[-44.31036242274964,-20.12058843422122],[-44.31040790603814,-20.12060104663047],[-44.31044078232736,-20.12059668970026],[-44.31046758445614,-20.12060245741253],[-44.31050257170666,-20.12060713394478],[-44.31054573067043,-20.12061072285416],[-44.31059704890308,-20.12061322589318],[-44.31064011129866,-20.12061680355871],[-44.31066470960214,-20.12061355367091],[-44.31069951805838,-20.12061820958597],[-44.31075688538046,-20.12061063029301],[-44.31078966684237,-20.12060629913147],[-44.31083883950853,-20.12059980283128],[-44.31087162096642,-20.12059547165435],[-44.31092899114359,-20.12058789231613],[-44.3109617735537,-20.12058356112603],[-44.31099826168467,-20.12059722075389],[-44.31104920877722,-20.12059971588588],[-44.31108374556351,-20.12060436976021],[-44.31113637063569,-20.1206158207401],[-44.31118539867938,-20.12060936082584],[-44.31122154079982,-20.12062295851477],[-44.31127051810571,-20.12061650651107],[-44.31131133331515,-20.12061113133991],[-44.31135865748732,-20.12059572624824],[-44.31140603051418,-20.12058030416586],[-44.31143710238288,-20.12056701960026],[-44.31147798170125,-20.12056163741153],[-44.31151571205318,-20.12053825392194],[-44.31156481948894,-20.12053178788583],[-44.31159602355682,-20.12051845682019],[-44.3116369689057,-20.12051306581582],[-44.31166672693592,-20.12049067224514],[-44.31169803450179,-20.12047729638465],[-44.31173611378416,-20.12045373890872],[-44.31177572045075,-20.12043923338977],[-44.31183322256437,-20.12043165155871],[-44.31188251186354,-20.12042515270919],[-44.31190720007357,-20.12047744949357],[-44.3119385452267,-20.12051934282542],[-44.31196572421977,-20.12053410266585],[-44.31200783460898,-20.1205377160415],[-44.31203359981914,-20.1205434749531],[-44.31208377854013,-20.12054601287213],[-44.3121094768337,-20.12055176157198],[-44.3121432929568,-20.12055649104162],[-44.31217950894926,-20.12057902910674],[-44.31220870100977,-20.12061145865539],[-44.31228600372992,-20.12057351411959],[-44.31230501165645,-20.1207012732727],[-44.31232033468028,-20.12074606697633],[-44.31233091851372,-20.12082608013795],[-44.31233992156817,-20.12089414687762],[-44.31236117632898,-20.12091432597664],[-44.31240353533418,-20.1209545426177],[-44.31242607823099,-20.1209857787432],[-44.31247578333207,-20.12101332201689],[-44.31251348788224,-20.1210196957822],[-44.31255250802287,-20.12103719173939],[-44.31258238325882,-20.12105583756784],[-44.31263027622158,-20.12107206058084],[-44.31266902427952,-20.12108943346525],[-44.31270768267083,-20.1211067490646],[-44.31274625132432,-20.12112402364358],[-44.31279373277992,-20.12114006970941],[-44.31283992396125,-20.12114510932487],[-44.31287822996603,-20.12116229068408],[-44.31291644718551,-20.12117943193045],[-44.3129534647769,-20.12118561859041],[-44.31296122745759,-20.12126176142302],[-44.31296563536678,-20.12130499719486],[-44.3129733008207,-20.12138018543888],[-44.31297656754818,-20.12141222559679],[-44.31298198732208,-20.12146538419904],[-44.31298845006656,-20.12152879014801],[-44.31300258525559,-20.12158014025372],[-44.31304084200966,-20.12160687521956],[-44.31307021536671,-20.12163467616139],[-44.31309848743729,-20.1216520027195],[-44.3131296519678,-20.12170033243715],[-44.31315774577201,-20.12171751913626],[-44.31316352654369,-20.12177916129341],[-44.31316831461071,-20.1218302165438],[-44.31317212644147,-20.12187085663695],[-44.31317686698876,-20.12192140297113],[-44.31318158101101,-20.12197167089086],[-44.31317582170299,-20.1220028310126],[-44.31317290687739,-20.12206371369902],[-44.31317572264013,-20.12209344157375],[-44.31316337652911,-20.12214501832533],[-44.31315015217859,-20.12218652005672],[-44.31314356134272,-20.12220720323455],[-44.31313232926211,-20.12226786827828],[-44.31313802337912,-20.12232591374154],[-44.31315768406871,-20.12235257533675],[-44.31317912225668,-20.12239829639587],[-44.3131846230609,-20.12245548538898],[-44.31318827074999,-20.12249340679188],[-44.31320855844315,-20.12252896954024],[-44.31321303237539,-20.12257594829743],[-44.3132414589842,-20.12261007077022],[-44.31326976378531,-20.12264404818718],[-44.31326579697868,-20.12269148743558],[-44.31326270761626,-20.12274786857598],[-44.31324971672574,-20.12278672636475],[-44.31323678107955,-20.12282541900745],[-44.31323207153108,-20.12286285966661],[-44.31320556003072,-20.12293042386603],[-44.31320819177684,-20.12295738417833],[-44.31320445205238,-20.12300320233411],[-44.31319985575154,-20.12303989976442],[-44.31319615519357,-20.12308529156988],[-44.31319072157355,-20.12311283943406],[-44.31319509584752,-20.12315678981571],[-44.31319055972742,-20.12319284862971],[-44.31317891668455,-20.12323850768393],[-44.31317531146638,-20.12328287607306],[-44.31316200539263,-20.12331086404639],[-44.3131487397894,-20.12333878440569],[-44.31311963142544,-20.12336874573445],[-44.31308969877852,-20.12339007711689],[-44.31305982850338,-20.1234113635567],[-44.31303001963548,-20.12343260685737],[-44.31299931431336,-20.12344531842321],[-44.31297751765866,-20.12346544083679],[-44.31293307107722,-20.12349712246763],[-44.31291828561603,-20.12350766143923],[-44.31288876074532,-20.12352870793183],[-44.3128435556696,-20.12355180774489],[-44.31280630625386,-20.1235738135653],[-44.31277698761329,-20.12359472891563],[-44.31274772940798,-20.12361560473774],[-44.31269501918202,-20.1236395842835],[-44.31265137254168,-20.12367076655341],[-44.31262121161808,-20.12368322987457],[-44.31257428722002,-20.12368949776485],[-44.31251954607013,-20.12369681045369],[-44.31248826568603,-20.12370098873915],[-44.3124569881704,-20.1237051670302],[-44.3124100723745,-20.12371143400636],[-44.31238661638861,-20.12371456749717],[-44.31233970441827,-20.12372083356575],[-44.31230843168679,-20.12372501004169],[-44.31226020403228,-20.12372302012901],[-44.31222109731545,-20.1237282440322],[-44.31215852888734,-20.12373659594295],[-44.31215070735556,-20.12373763981541],[-44.31211020748819,-20.12373460381624],[-44.31206682769768,-20.12371502238522],[-44.31204044979381,-20.12370158674955],[-44.3119983169886,-20.12369021942971],[-44.31196691311928,-20.12369441250174],[-44.31193401873673,-20.12369029922522],[-44.31190109184565,-20.12368618220129],[-44.31186660568791,-20.12367373145127],[-44.31181630335337,-20.12366336050573],[-44.31179268367462,-20.12366651677224],[-44.31172809942654,-20.12366658814762],[-44.31171234627102,-20.12366869349636],[-44.31168084091945,-20.12367290328971],[-44.31165721261933,-20.1236760613115],[-44.31161451572168,-20.12366462392792],[-44.31155764207919,-20.12366364101947],[-44.31148429123593,-20.12362604468764],[-44.31146889129886,-20.1236213282646],[-44.31144505341793,-20.12361095393866],[-44.31141973774525,-20.12359396395953],[-44.31138733023314,-20.12357785801641],[-44.31135630402038,-20.12356833932933],[-44.3113322589688,-20.12355787110786],[-44.31129258477962,-20.12354259880349],[-44.31127397076277,-20.12352448198124],[-44.31124823812552,-20.12350724818286],[-44.31122797117022,-20.12348231803423],[-44.31120762904131,-20.12345729722905],[-44.31118167621891,-20.1234398836471],[-44.31116118460073,-20.12341470412166],[-44.31113508400395,-20.12339717700496],[-44.31110569979832,-20.12336596278407],[-44.31109533736134,-20.12335324650865],[-44.311067397257,-20.12332869569365],[-44.31103218366223,-20.12330500559993],[-44.31100235747953,-20.12327336222964],[-44.31099015398293,-20.12325354002453],[-44.31097070837662,-20.12323462113383],[-44.31094399195555,-20.12321660725024],[-44.31090653301703,-20.12318551234153],[-44.31087238445657,-20.12316832601774],[-44.31083814140108,-20.12315109233062],[-44.31080024284496,-20.12311968484114],[-44.31076945436676,-20.1230871611734],[-44.31074945219019,-20.12306776840103],[-44.31071111339388,-20.12303597242866],[-44.31069095306449,-20.12301643355107],[-44.31066153864503,-20.1229906218011],[-44.31063389347392,-20.12297193105429],[-44.31060974023038,-20.12293772277679],[-44.31058929128088,-20.1229179044488],[-44.31055947194799,-20.12289171971706],[-44.31052953922332,-20.12286543423679],[-44.310516282963,-20.12284442144874],[-44.31050102158432,-20.12281597679134],[-44.31047081367161,-20.12278940287858],[-44.31044249275018,-20.12277014922432],[-44.31039916093039,-20.12275282840264],[-44.31036522417795,-20.12274191654845],[-44.31032916010839,-20.12272351721973],[-44.31029715580473,-20.12272002970971],[-44.31026302418004,-20.12270905562865],[-44.31021170447359,-20.12269255470971],[-44.3101752632117,-20.12267400477946],[-44.31013654783006,-20.12264785113563],[-44.31010741186503,-20.12262816864146],[-44.31007598574526,-20.1226008308674],[-44.31004666288413,-20.12258101299488],[-44.31000967966751,-20.12256214735926],[-44.30998017460183,-20.12254221490862],[-44.30995817831333,-20.12252121215199],[-44.30994143632267,-20.12249141979897],[-44.30992995191164,-20.1224527438887],[-44.30991377930917,-20.12239827357178],[-44.30989982780111,-20.12235128296094],[-44.30989047965495,-20.12231979907686],[-44.30988109475022,-20.12228819035078],[-44.30986931059793,-20.12224850032093],[-44.30985984085981,-20.1222166048185],[-44.30986109986341,-20.12216644515674],[-44.30985934778324,-20.12213318198397],[-44.30985519622412,-20.12209167214679],[-44.30985342538801,-20.12205810528873],[-44.30983899116533,-20.12200907153709],[-44.30982204018358,-20.12195148704877],[-44.30980741464319,-20.12190180014203],[-44.30980251871618,-20.12188516998785],[-44.30978777253311,-20.12183507327366],[-44.30978036551523,-20.12180990866993],[-44.30975751667654,-20.12176041185494],[-44.30973452570742,-20.12171060635105],[-44.30970297172594,-20.12168826314744],[-44.30967387263632,-20.12167439995247],[-44.30963957196562,-20.12164336865557],[-44.30960512933194,-20.1216122084843],[-44.30957316153478,-20.12158956092986],[-44.30953845491989,-20.12155817561807],[-44.3095036044371,-20.12152665961697],[-44.30946860818127,-20.12149501111188],[-44.30942805889294,-20.12147308895294],[-44.30939551044371,-20.1214500089767],[-44.3093493400433,-20.12143784993286],[-44.3093193659825,-20.1214234844632],[-44.30927582800879,-20.12142011062967],[-44.30924290347059,-20.12139684843149],[-44.30920171460045,-20.12137462552607],[-44.30915751822273,-20.12134342344213],[-44.30912715276937,-20.12132887568583],[-44.30906096621197,-20.12130976621545],[-44.30903042409768,-20.12129514907653],[-44.30898112897906,-20.1213017998047],[-44.30894525996486,-20.1212972559567],[-44.30891757717685,-20.12129159751094],[-44.30886823897506,-20.12129825526742],[-44.30882712524428,-20.12130380218803],[-44.30877779374007,-20.12131045813802],[-44.30875512515253,-20.1212947034553],[-44.30870260157257,-20.12129236864198],[-44.30869121569831,-20.1212844743773],[-44.30864048402215,-20.12126296572867],[-44.30860106847486,-20.1212493320876],[-44.30855833317069,-20.12122659514443],[-44.30851544806409,-20.12120377176112],[-44.30847242172116,-20.12118087191079],[-44.30844089189896,-20.12116593815021],[-44.30840261242868,-20.12113261031337],[-44.30836416714718,-20.12109913904838],[-44.30832895642489,-20.12107478519636],[-44.30829020710621,-20.12104106242433],[-44.3082512900716,-20.12100719440913],[-44.30822409382255,-20.12098141265516],[-44.30817294906859,-20.12093901359802],[-44.30809983141943,-20.12084408934777],[-44.30809060456185,-20.12083211108649],[-44.30807375842658,-20.12082633419193],[-44.30803838637725,-20.12080692779644],[-44.30799259794176,-20.12081304623476],[-44.30796803774341,-20.12080826916625],[-44.3079129021836,-20.12080756933686],[-44.30790356275546,-20.12080074208119],[-44.30786783909309,-20.12078124300783],[-44.30783793124569,-20.12075275871062],[-44.30780966221899,-20.12073208709267],[-44.30777539215467,-20.12072032044077],[-44.3077315603375,-20.12070160004375],[-44.30769712983366,-20.12068977310903],[-44.30766446664305,-20.12068590483809],[-44.30763177285777,-20.1206820328266],[-44.30759904752125,-20.12067815707073],[-44.30756251055846,-20.12065827161438],[-44.30752777721001,-20.12064635580806],[-44.30750341649101,-20.12063799846941],[-44.30749297509266,-20.1206344162312],[-44.30744260021688,-20.12062451817427],[-44.30741737598087,-20.12061956221888],[-44.30736308951643,-20.12062679469505],[-44.30731656126761,-20.1206329931842],[-44.30728554370876,-20.12063712550844],[-44.30726228054266,-20.12064022384441],[-44.30721989747838,-20.12066249385999],[-44.3071758445755,-20.12066836137767],[-44.30708615543391,-20.12073918777951],[-44.3069179033652,-20.12086703099364],[-44.30677514706989,-20.12095313643187],[-44.30670347059056,-20.12096293163068],[-44.30668338646533,-20.12097294503186],[-44.3066439359226,-20.12099552552797],[-44.3066045678467,-20.12101805935171],[-44.30657318788767,-20.12103949417049],[-44.30653381979241,-20.12105334703861],[-44.30649467033012,-20.12107576151713],[-44.30645561107968,-20.12109810857105],[-44.30642450835421,-20.12111936282797],[-44.3064011107621,-20.12113101585678],[-44.30637011259136,-20.12115220364816],[-44.30634703264597,-20.12117230753482],[-44.30630857984151,-20.12120290505207],[-44.3062859041805,-20.12123133543876],[-44.3062551824193,-20.12125231285255],[-44.30621639422681,-20.12126589232932],[-44.30616167406587,-20.12127313898631],[-44.30612259000882,-20.12127831555363],[-44.30609132257098,-20.12128245661972],[-44.3060600560923,-20.12128659678039],[-44.30602013819482,-20.12127499189597],[-44.3059810168048,-20.12128017280286],[-44.30594881230753,-20.12126751212895],[-44.30592531650012,-20.12127062382715],[-44.30587783391738,-20.12126843723228],[-44.30584649085814,-20.1212725878968],[-44.30581514779342,-20.12127673945929],[-44.30577596795099,-20.12128194087331],[-44.30573678616108,-20.12128714949969],[-44.3057054430274,-20.12129131549992],[-44.30567409893559,-20.12129548149076],[-44.30563492290342,-20.12130068469539],[-44.30558990510741,-20.12130663294941],[-44.3055800161216,-20.12131032408671],[-44.30550379586931,-20.12134339313354],[-44.30548102471921,-20.12135484519353],[-44.30544962137021,-20.12135899464567],[-44.30542231069175,-20.12136918906959],[-44.30540623151248,-20.12137670336396],[-44.30537456854554,-20.12140259885114],[-44.30535343495136,-20.121430566216],[-44.30531603627998,-20.12145224817341],[-44.30528648588651,-20.12147287581519],[-44.30525003264133,-20.12150272826844],[-44.3052283776835,-20.12152223672011],[-44.30518520129553,-20.12156112492553],[-44.30516367988545,-20.12158050016136],[-44.30514134601511,-20.12159170269661],[-44.30511218335324,-20.12161203816386],[-44.3050907885552,-20.121631334372],[-44.30505313446035,-20.12164455119318],[-44.30499919032504,-20.12165171831483],[-44.30495295372641,-20.12165786039177],[-44.30492213123879,-20.12166195511049],[-44.30489228807881,-20.1216741255908],[-44.30486247558678,-20.12168628263274],[-44.3048173064379,-20.12170047187281],[-44.30478193976741,-20.1217296860456],[-44.30477057143036,-20.1217390757633],[-44.3047625313082,-20.12174911474173],[-44.30473659739638,-20.12178955634608],[-44.30473555202213,-20.12179274556499],[-44.30472552079358,-20.12183445166924],[-44.30471448446907,-20.12186806834928],[-44.30471975403857,-20.12190739505418],[-44.30471741460211,-20.1219475275889],[-44.30471508656186,-20.12198746227878],[-44.3047041734843,-20.1220204631845],[-44.30468576975261,-20.12205432911895],[-44.30467495730913,-20.12208706927728],[-44.304656681963,-20.12212067186164],[-44.30463847890442,-20.12215415093499],[-44.30462782584787,-20.12218653931219],[-44.30460866612406,-20.12221222553192],[-44.30458211120808,-20.12223882052395],[-44.3045534113457,-20.1222502915435],[-44.30452586363977,-20.12226925889361],[-44.30449950465893,-20.1222956730206],[-44.30447207504154,-20.12231454233467],[-44.30444701633581,-20.12234826994124],[-44.30441972009631,-20.12236704489428],[-44.3043986975015,-20.12237741486134],[-44.30437149322519,-20.12239615944686],[-44.30432715645285,-20.12240205493541],[-44.30430498902221,-20.12240500267921],[-44.304260656072,-20.122410898166],[-44.30423159852857,-20.12241476207569],[-44.30422672242018,-20.12241541059785],[-44.30422371290256,-20.1224158107656],[-44.30418549082898,-20.12241333495281],[-44.30417070743476,-20.12241530068598],[-44.30413983880189,-20.1224118400387],[-44.30410629967776,-20.12239355966165],[-44.30408616222985,-20.12236581359889],[-44.30405986329746,-20.12234641692246],[-44.30403212257468,-20.12231947667718],[-44.30401173387821,-20.12229143955728],[-44.30400482899059,-20.12225375094314],[-44.303985693629,-20.12223304339092],[-44.30396368412034,-20.1221970626001],[-44.30393871724761,-20.12214559137594],[-44.3039089264214,-20.12211022774427],[-44.30388801506994,-20.12208140873604],[-44.30385501783409,-20.12203019856397],[-44.30383388785851,-20.12200106603903],[-44.30382029466963,-20.12197080484858],[-44.30379749770796,-20.1219335712428],[-44.30377764414188,-20.12191195813153],[-44.30373931095646,-20.12187647489877],[-44.30372085697236,-20.12186264825181],[-44.30369152875198,-20.12183388543988],[-44.30366979191464,-20.12180397791712],[-44.30364635965929,-20.12176590956339],[-44.30362443366401,-20.12173573111029],[-44.30359466380312,-20.12170646955582],[-44.30357585160662,-20.12169231347077],[-44.30353201359931,-20.12167310587346],[-44.30349752626531,-20.12166096344338],[-44.30347076101854,-20.12164775453531],[-44.3034404877172,-20.12161812500685],[-44.30341791399104,-20.12158732861516],[-44.30338741027256,-20.12155745690507],[-44.30335678369526,-20.12152746362141],[-44.30332603330262,-20.12149734876032],[-44.30329515718551,-20.12146711141061],[-44.30325994260917,-20.12145459287292],[-44.30320885930877,-20.12144416852409],[-44.30318328038236,-20.12143894941981],[-44.30314786803761,-20.12142637586223],[-44.30310446590364,-20.12141483697291],[-44.30306890263423,-20.12140221491214],[-44.30302531243566,-20.12139058941783],[-44.30298361735706,-20.12138738938915],[-44.30295778052007,-20.12138208700494],[-44.30293394000303,-20.1213852547705],[-44.3028901194743,-20.12137358224864],[-44.30282440402286,-20.12137355284221],[-44.30280052904597,-20.12137672497146],[-44.30277243971737,-20.12136290892315],[-44.30271239473268,-20.12135330199786],[-44.30267401073338,-20.12133195704763],[-44.30266094512705,-20.1213273349407],[-44.30257176837463,-20.12133104032255],[-44.30239440467464,-20.12137217740424],[-44.30223300760333,-20.12138050434325],[-44.30210645187697,-20.12138000347359],[-44.30190385682005,-20.12140310905225],[-44.3016506401726,-20.12142601481285],[-44.30152408442537,-20.12142551352413],[-44.30127108009348,-20.12140060261943],[-44.30101807584963,-20.12137569225758],[-44.30081569319875,-20.12135098227549],[-44.30061320432915,-20.12135017921475],[-44.30036009397344,-20.12134917506472],[-44.30015749876665,-20.12137227863029],[-44.29992927356798,-20.12146700381678],[-44.29982749749506,-20.12158613934983],[-44.2997315497441,-20.12169097493068],[-44.29967488583783,-20.12175288804919],[-44.29947165122506,-20.1219194363862],[-44.29929383449965,-20.12206217702058],[-44.29911612397954,-20.12218100941826],[-44.29888789700497,-20.12227573409807],[-44.29871061133203,-20.12229893660269],[-44.29845739292998,-20.12232183681434],[-44.29828000145807,-20.122368946927],[-44.29807740470707,-20.12239204805139],[-44.2978749146164,-20.12239124180627],[-44.29660935440386,-20.1223861975169],[-44.29638155349173,-20.12238528857981],[-44.29607771197238,-20.1224079842352],[-44.29592573768412,-20.1224312849761],[-44.29577354928717,-20.12250240073593],[-44.29551990102138,-20.12262092699859],[-44.29534218713193,-20.12273975548068],[-44.29512689393015,-20.12277176890575],[-44.29492750108988,-20.12278591363613],[-44.29470278291147,-20.12280294595422],[-44.29451926272771,-20.12280519994253],[-44.29438322762437,-20.12280166735164],[-44.29413022255605,-20.1227767470745],[-44.29394985358721,-20.12278200130354],[-44.29364611845062,-20.12278078471789],[-44.29351945445504,-20.1228041847629],[-44.29346883160943,-20.12280398190989],[-44.29331696403293,-20.12280337326752],[-44.29314010782532,-20.1227309407887],[-44.29298856270368,-20.12265860963501],[-44.29286200620079,-20.12265810209963],[-44.29277967805822,-20.12267271477612],[-44.29268643921575,-20.12273178068902],[-44.29250709844685,-20.12277920602478],[-44.29240565114129,-20.12282362667585],[-44.29229445742847,-20.12292478877055],[-44.29209458006552,-20.12304651405646],[-44.29194209349098,-20.1231833714172],[-44.29174832750763,-20.12335293680467],[-44.29162115138034,-20.12348989554179],[-44.29142109777332,-20.1236504697316],[-44.29124356730583,-20.12372745606478],[-44.29108841404187,-20.12375372891906],[-44.29103474850352,-20.12372661647651],[-44.290882664547,-20.12377382080466],[-44.29060413191306,-20.12379660782115],[-44.29037622139032,-20.12381959906012],[-44.29020229893737,-20.12379797962589],[-44.29007275425462,-20.12375860762752],[-44.28987020878694,-20.1237697456818],[-44.28977868384666,-20.12371857284163],[-44.28971255195825,-20.12364957116402],[-44.28965286983164,-20.12355369971031],[-44.28961828285834,-20.12350574440202],[-44.28956830772176,-20.12336209608014],[-44.28954342864805,-20.12326636482652],[-44.28954396857124,-20.12314682757117],[-44.28954450848646,-20.12302729121779],[-44.28954515638284,-20.12288384686872],[-44.28954591225759,-20.12271649452275],[-44.28957176304834,-20.12259706015194],[-44.2895407178539,-20.12246544185374],[-44.28954106879139,-20.12238774245025],[-44.28949420462176,-20.12225606130324],[-44.28937183819851,-20.12202844303556],[-44.28918869713836,-20.12194701577727],[-44.28895478614132,-20.12189825757619],[-44.28882210485377,-20.12185289471715],[-44.28872094190832,-20.12183455645665],[-44.28860093059474,-20.12178625633016],[-44.28849041112585,-20.12173799442679],[-44.2884051213513,-20.12170776537508],[-44.28833547577798,-20.12171644983114],[-44.28825328204065,-20.12170117608323],[-44.28815848704925,-20.12167389675851],[-44.28807952553861,-20.1216436931001],[-44.28796250233042,-20.12163425501393],[-44.28785503854238,-20.12160991348504],[-44.28775411944211,-20.1215377823812],[-44.28762788878169,-20.12146554895959],[-44.28752696988038,-20.12139341773046],[-44.28740426854552,-20.12124050940023],[-44.28728773406611,-20.12112348810085],[-44.28719315626012,-20.12104839410446],[-44.28709841603241,-20.12100916068379],[-44.28692188999705,-20.12086499994939],[-44.28674514749896,-20.12076865320916],[-44.28659371578074,-20.12067240960745],[-44.28644228425023,-20.12057616588025],[-44.28629096137292,-20.12045601404388],[-44.28613974721153,-20.12031195500335],[-44.28596322189146,-20.12016779334431],[-44.2858180515036,-20.12008651642521],[-44.2855876463358,-20.11996305547192],[-44.28529399263058,-20.11983336145267],[-44.28507010742253,-20.11966808766095],[-44.28488697144757,-20.11958665606347],[-44.284573955298,-20.11954055865132],[-44.28430538249903,-20.11946176892258],[-44.28395437407748,-20.11942149354738],[-44.28357506792298,-20.11934225212774],[-44.28319273382405,-20.11923311365723],[-44.2829681298905,-20.11922622317477],[-44.28272780169404,-20.1191983500552],[-44.28242407421928,-20.11919711434861],[-44.28214587523975,-20.11914816612944],[-44.2818842190368,-20.11894089604085],[-44.28174188808899,-20.1189313508215],[-44.28159046130877,-20.11883510304983],[-44.28141394192423,-20.11869093698972],[-44.28128793595167,-20.11857088414636],[-44.28116192921476,-20.11845083121329],[-44.28108654393489,-20.11833098547672],[-44.28103646890867,-20.11821124199843],[-44.28096119309605,-20.11806748824922],[-44.28083529723857,-20.11792352804137],[-44.28065888886741,-20.11775545420504],[-44.28045695313444,-20.1176350910503],[-44.28020417701952,-20.11756233607465],[-44.2801279178336,-20.11763374820466],[-44.28010184208792,-20.11780099607759],[-44.28012660523217,-20.11792063647945],[-44.28020188020427,-20.11806439056186],[-44.28020144270502,-20.11816002058711],[-44.28020078645552,-20.11830346471946],[-44.28017482003042,-20.11844680553608],[-44.28017427312616,-20.11856634260982],[-44.28014830662539,-20.11870968341623],[-44.28009724767143,-20.11880510587698],[-44.27997036638425,-20.11887631124095],[-44.27979297392716,-20.11892340272174],[-44.27959027016612,-20.1189703897132],[-44.279337164796,-20.11896935550332],[-44.27908416898925,-20.11894441388389],[-44.27893230561599,-20.1189437929657],[-44.27883128190825,-20.11889556395118],[-44.2787051682031,-20.11879941726864],[-44.27862978467705,-20.11867956963501],[-44.27855451088945,-20.11853581492644],[-44.27847912759567,-20.11841596813585],[-44.27837832367565,-20.11831992388133],[-44.27822678995453,-20.11824758033925],[-44.27807492728262,-20.11824695870332],[-44.27792273545229,-20.11831805896632],[-44.27784614568495,-20.11846119208794],[-44.27782028683281,-20.11858062544807],[-44.27786738703053,-20.11865851812797],[-44.2779896655092,-20.11890108555366],[-44.27805551591947,-20.1190298590498],[-44.27813385702726,-20.11919454579373],[-44.27812083166032,-20.11927518137853],[-44.27806999070928,-20.11932278912294],[-44.27796841939548,-20.1193940966253],[-44.27784164645656,-20.11944139246652],[-44.27771487439653,-20.11948868912153],[-44.27768956311628,-20.11948858544243],[-44.27758832086674,-20.11948817070143],[-44.27736063490953,-20.11946333028293],[-44.27715836919379,-20.1194146853889],[-44.27710785842724,-20.11939057084118],[-44.27695610456725,-20.11936604027034],[-44.27672830900627,-20.1193651060764],[-44.27642469156558,-20.11933995299561],[-44.27622220636038,-20.11933912200507],[-44.27591858908067,-20.11931396805675],[-44.27569079364746,-20.11931303252491],[-44.27556413023113,-20.1193364196833],[-44.27546255782216,-20.11940772570683],[-44.27533545381158,-20.11952674260511],[-44.27525875096949,-20.11969378151713],[-44.27526784335135,-20.11978048507133],[-44.27512181166599,-20.11988746936276],[-44.27498573871323,-20.11989288725334],[-44.27485911606395,-20.11990730852716],[-44.27455560823499,-20.1198582442827],[-44.27435319232215,-20.11984246946854],[-44.27422024255877,-20.11985686424553],[-44.27401797743251,-20.11980821666901],[-44.27389164443657,-20.11975988065115],[-44.27363920040001,-20.11961539432289],[-44.27349418807299,-20.11950123508683],[-44.27325033911013,-20.11955103430242],[-44.27313573664735,-20.11970297408364],[-44.27313181369458,-20.11986732378752],[-44.27314329525974,-20.12012139134504],[-44.27318051625511,-20.12028292243171],[-44.27320483262439,-20.12049819257049],[-44.27330842548448,-20.12067493913155],[-44.27337376196053,-20.12091428666562],[-44.2733633178155,-20.12112044709696],[-44.27320746053692,-20.12129911342647],[-44.27305527746395,-20.12136722025124],[-44.27294434902747,-20.12140860138826],[-44.27279248348233,-20.12140797510938],[-44.27261883019667,-20.12132955911783],[-44.27241969969358,-20.12128689902273],[-44.27225834257617,-20.12128623312033],[-44.27213801908652,-20.12130665571616],[-44.27201168648405,-20.121258318344],[-44.27186004243742,-20.12120987635906],[-44.27167025181893,-20.12120012788046],[-44.27128503569033,-20.12103118135276],[-44.27108872433527,-20.12106324290202],[-44.27086040025596,-20.1211758615468],[-44.27069529783395,-20.12130069421837],[-44.2705833296049,-20.12156620486269],[-44.27056325142179,-20.12180221082885],[-44.27054021744409,-20.12199337695534],[-44.27046871380522,-20.12240250140234],[-44.27044891250403,-20.12257873984811],[-44.27039423924994,-20.12276977501048],[-44.27026051035018,-20.12295151834263],[-44.27010826899372,-20.1230315769193],[-44.26995318288107,-20.12304288854313],[-44.26972516035828,-20.12308976001287],[-44.26959838212893,-20.12313704973862],[-44.26947104864394,-20.12330387699958],[-44.26942031581996,-20.12332757422432],[-44.26927409550785,-20.12347340292417],[-44.26909713936151,-20.12342485453199],[-44.26893908269192,-20.1233943144621],[-44.26884735773788,-20.12338795678596],[-44.26874915176065,-20.12341444604169],[-44.26858460117908,-20.12341973988118],[-44.26845759997864,-20.12351484452834],[-44.26828322380457,-20.1235918205316],[-44.26809651182451,-20.12360001103979],[-44.26783086842637,-20.1235720124226],[-44.26770433971846,-20.12356550961214],[-44.26755508020634,-20.12368442857161],[-44.26735192164701,-20.12382703085571],[-44.26720615941225,-20.12387423993049],[-44.2670668357587,-20.12389756912049],[-44.26696306699011,-20.12375966770622],[-44.26693848028831,-20.12360416536149],[-44.26696423688504,-20.12350864181927],[-44.26703761968335,-20.12337745422155],[-44.26716809152122,-20.1232166191461],[-44.26730798528946,-20.12307076594396],[-44.26746683360107,-20.12293096778211],[-44.26755618778048,-20.1227669733464],[-44.26759186794233,-20.12257884846392],[-44.26749095697137,-20.1225067060315],[-44.26720643042882,-20.12245770793341],[-44.26692172302417,-20.1224475588889],[-44.26675423177739,-20.12240502394963],[-44.26649164377619,-20.12240094351174],[-44.26615940900452,-20.12240553742755],[-44.2659565856237,-20.12247641633186],[-44.26582980685237,-20.12252370423449],[-44.26565229489391,-20.12259468817534],[-44.26555071603493,-20.12266598825776],[-44.26542393699702,-20.12271327585895],[-44.26531269868261,-20.12282039669511],[-44.26515716486661,-20.12292733374546],[-44.26505547386945,-20.12302254048681],[-44.26495367102517,-20.12314165502798],[-44.26487729061997,-20.12323696717802],[-44.26482633273091,-20.12330847787689],[-44.26474950514651,-20.12349941960322],[-44.26460960868144,-20.12364527068216],[-44.26440964016069,-20.12378190550376],[-44.26425115083876,-20.12384400272994],[-44.26402656996261,-20.12383111075249],[-44.26382407953773,-20.12383026534566],[-44.26344441061683,-20.12382867958361],[-44.26288745120845,-20.1238502601722],[-44.26258349192537,-20.12389680390309],[-44.26240608820023,-20.12394387752215],[-44.26200043512302,-20.12408562620433],[-44.26172144949364,-20.12420399700173],[-44.26159755214525,-20.12431106236669],[-44.26135007877683,-20.1244564610466],[-44.26108971076148,-20.12465260833077],[-44.26093725269826,-20.12477748450155],[-44.26080067072923,-20.1248904733988],[-44.26043818364549,-20.12527147607913],[-44.26021891643504,-20.12547377171078],[-44.25999375723408,-20.12558340001901],[-44.25984143804815,-20.12567839106491],[-44.25959355294597,-20.12591045041338],[-44.25929521247695,-20.12610643540075],[-44.25904755212904,-20.12629068008894],[-44.25880014377874,-20.12642113157976],[-44.25858156322853,-20.12647699358903],[-44.25839772950538,-20.12654495519613],[-44.2580335918693,-20.12660319140884],[-44.25776146323424,-20.1266080231219],[-44.25760950854279,-20.12662531424343],[-44.25732817013554,-20.12657033713474],[-44.25700892141314,-20.12650324520831],[-44.25673703308057,-20.12645727249063],[-44.25642065086979,-20.12645294915077],[-44.2560917129406,-20.12642765397974],[-44.25592693296382,-20.12648075059717],[-44.25576814081634,-20.12660559627876],[-44.25559923496902,-20.12686189057811],[-44.25545907250029,-20.12706152495068],[-44.25517990710902,-20.12721574537766],[-44.25493248105024,-20.12734918122601],[-44.25469458816188,-20.12747369062664],[-44.25459288704985,-20.12756889098776],[-44.25453515655497,-20.12773301206086],[-44.25441389107481,-20.12795065641788],[-44.25439097806952,-20.12811193649839],[-44.25438050826578,-20.12831809574723],[-44.25427788617285,-20.12860754274644],[-44.25400436476815,-20.12890523105188],[-44.25372525142556,-20.12904749555261],[-44.25345338823779,-20.12899554050183],[-44.25314047817048,-20.12892548014807],[-44.25286826043936,-20.12894823388038],[-44.25251015984298,-20.12906625424758],[-44.25225658501861,-20.12916080905789],[-44.25182571103529,-20.12927851927193],[-44.25157247686672,-20.12930135155697],[-44.25126861816489,-20.12932396934382],[-44.25096498717067,-20.12929877106286],[-44.25063592965368,-20.12929737241851],[-44.25045885947129,-20.12927271218647],[-44.25020585318172,-20.12924772877572],[-44.25001913550093,-20.12930319549854],[-44.24978499615117,-20.12929307789141],[-44.24948549779415,-20.12931916654924],[-44.24911895222846,-20.12939146088334],[-44.24817340109058,-20.12955528697517],[-44.24736154425465,-20.12969092066315],[-44.24686375873354,-20.12978228679395],[-44.24648036517658,-20.12994841680122],[-44.24614967109913,-20.13017144608238],[-44.24559959740716,-20.13059322867163],[-44.24525090212615,-20.13080836448162],[-44.2450258050136,-20.13092597609347],[-44.24493014135442,-20.13095857052243],[-44.24477199908413,-20.13098873716452],[-44.24431537174873,-20.13116803264308],[-44.24358050876755,-20.13133223333595],[-44.24326840793265,-20.13137906021712],[-44.24303906188555,-20.1313757950565],[-44.24221462962186,-20.13111229809614],[-44.24208904310241,-20.1311208792934],[-44.24188121712162,-20.13116103087588],[-44.24170455674017,-20.1312469222976],[-44.24144527147469,-20.13144419263369],[-44.24134772081713,-20.13164671942677],[-44.24129870880591,-20.13179700822092],[-44.24123056944509,-20.13190844955799],[-44.24103903684437,-20.13207408672244],[-44.2408715807427,-20.13225350916673],[-44.24052673478783,-20.13266931820383],[-44.24021395627831,-20.13294388622021],[-44.23976341760715,-20.1332475033116],[-44.23906086123976,-20.1337415762537],[-44.23830516323906,-20.13423997715655],[-44.238079912565,-20.13438722277303],[-44.2379076993504,-20.13455065954041],[-44.23772799951407,-20.13476423028495],[-44.2374490901515,-20.13502297749775],[-44.23722384863154,-20.13516794169546],[-44.23708227773253,-20.1352249997469],[-44.23695018704328,-20.13534005949648],[-44.23680430797297,-20.13554921507063],[-44.23645987598917,-20.13587608571801],[-44.23620797475781,-20.13604145569198],[-44.23588132777849,-20.13618597851442],[-44.23511909744065,-20.13653383714946],[-44.23456000354807,-20.13681416604494],[-44.23382428098249,-20.13717125521388],[-44.23337387385983,-20.1374429315786],[-44.23298825274691,-20.13779697937549],[-44.23262409213415,-20.13820584679695],[-44.23219834999998,-20.1387751473894],[-44.23168201305945,-20.13944033090841],[-44.23131393999994,-20.13991450538937],[-44.23115063218109,-20.14022691678417],[-44.23076206099994,-20.14095446738933],[-44.23030013099998,-20.14120108938934],[-44.22922835381734,-20.14161006390322],[-44.22886972799994,-20.14174470838931],[-44.22849786600166,-20.14176610989493],[-44.22826938843173,-20.14177704041246],[-44.22780387999995,-20.1416438543893],[-44.22759703660763,-20.14156822322337],[-44.22717686590585,-20.14141649209661],[-44.22693409899983,-20.14137493236575],[-44.22675666799994,-20.14134455738933],[-44.22645407353981,-20.14132196529554],[-44.22613381696562,-20.14129964399452],[-44.22511049441661,-20.14137870278213],[-44.22453731827244,-20.14142298198783],[-44.22437085399996,-20.14143584138933],[-44.22433679399995,-20.1414040513893],[-44.22400218499995,-20.1410789123893],[-44.22366616699996,-20.14075240338933],[-44.22355085699996,-20.14052238238935],[-44.22341202999996,-20.13992886338936],[-44.22321626199992,-20.13958851338939],[-44.22301952599997,-20.13936920938934],[-44.22368237799999,-20.13849560138941],[-44.22232344899993,-20.13789670138942],[-44.22191344999991,-20.13764186938944],[-44.22168301481496,-20.13745543335637],[-44.22149104599998,-20.13730011838944],[-44.22153869399995,-20.13687955538942],[-44.22125544699996,-20.13682570738943],[-44.22111810899997,-20.13710348838944],[-44.22022018599994,-20.13696215838942],[-44.21913202999997,-20.13657747338947],[-44.21915449599993,-20.13624196238947],[-44.21890006599995,-20.13580834838947],[-44.21916241299994,-20.13521463938947],[-44.21861239899994,-20.13484880638948],[-44.21833598376634,-20.13476946848035],[-44.21800091064031,-20.13467329371098],[-44.21778330405454,-20.13461083446352],[-44.21773121975971,-20.13458503910654],[-44.21767788091493,-20.13455862244227],[-44.2175775350712,-20.13450353240395],[-44.217293567947,-20.13450163927766]],[[-44.33329947070599,-20.12531407101686],[-44.33330984941666,-20.12527736952282],[-44.33332027279926,-20.12524051006528],[-44.33329682464341,-20.12532126277407],[-44.33329947070599,-20.12531407101686]]]}}]}