{"type":"FeatureCollection","barch":{"title":"Análise Dinamizada - Vegetação da URFBio Metropolitana em 2025","geometryBasis":"gleba-georreferenciada.geojson","source":"https://geoserver.meioambiente.mg.gov.br/ows?service=WFS&version=1.0.0&request=GetFeature&typeName=IDE%3Aide_210604_mg_analise_car_veg_2025_metrop_pol&srsName=EPSG%3A4326&outputFormat=application%2Fjson&bbox=-44.08%2C-20.25%2C-43.96%2C-20.14%2CEPSG%3A4326&maxFeatures=20000","sourceScale":null,"displaySimplificationM":1,"contextBufferM":500},"features":[{"type":"Feature","id":"ide_210604_mg_analise_car_veg_2025_metrop_pol.58531","properties":{"fid":58531,"classe_":"VEGETACAO_2025"},"geometry":{"type":"Polygon","coordinates":[[[-44.01654144,-20.212339059999994],[-44.01645041,-20.21233906000001],[-44.01645041,-20.212521129999995],[-44.01654144,-20.21252113],[-44.01654144,-20.212748710000003],[-44.01663247,-20.212748709999996],[-44.01663247,-20.212794219999996],[-44.01667798,-20.212794219999992],[-44.01667798,-20.212839739999993],[-44.0167235,-20.212839739999996],[-44.0167235,-20.212885249999992],[-44.01690556,-20.212885249999992],[-44.01690556,-20.212976279999996],[-44.01704211,-20.21297628],[-44.01704211,-20.212930770000003],[-44.01708763,-20.212930769999996],[-44.01708763,-20.212885249999992],[-44.01736072,-20.212885250000003],[-44.01736072,-20.212794220000003],[-44.017269690000006,-20.212794220000003],[-44.017269690000006,-20.212703190000003],[-44.01708763,-20.21270319],[-44.01708763,-20.212657669999995],[-44.01699659,-20.212657670000002],[-44.01699659,-20.212566639999995],[-44.01681453,-20.21256664],[-44.01681453,-20.21247561],[-44.0167235,-20.21247561],[-44.0167235,-20.212384580000002],[-44.01663247,-20.21238458],[-44.01663247,-20.212293550000002],[-44.01654144,-20.21229355],[-44.01654144,-20.212339059999994]]]}},{"type":"Feature","id":"ide_210604_mg_analise_car_veg_2025_metrop_pol.59120","properties":{"fid":59120,"classe_":"VEGETACAO_2025"},"geometry":{"type":"Polygon","coordinates":[[[-44.01645041,-20.213021800000007],[-44.01645041,-20.21288525],[-44.016404890000004,-20.212885249999996],[-44.016404890000004,-20.21302179999999],[-44.01645041,-20.213021800000007]]]}},{"type":"Feature","id":"ide_210604_mg_analise_car_veg_2025_metrop_pol.59556","properties":{"fid":59556,"classe_":"VEGETACAO_2025"},"geometry":{"type":"Polygon","coordinates":[[[-44.00065645,-20.220258799999996],[-44.00065645,-20.22021329],[-44.00070196,-20.220213289999997],[-44.00070196,-20.220167769999996],[-44.00074748,-20.220167770000007],[-44.00074748,-20.22007674],[-44.00070196,-20.220076739999993],[-44.00070196,-20.22012224999999],[-44.00065645,-20.220122250000003],[-44.00065645,-20.22016776999999],[-44.00061093,-20.22016777],[-44.00061093,-20.220258799999996],[-44.00065645,-20.220258799999996]]]}},{"type":"Feature","id":"ide_210604_mg_analise_car_veg_2025_metrop_pol.61641","properties":{"fid":61641,"classe_":"VEGETACAO_2025"},"geometry":{"type":"Polygon","coordinates":[[[-44.00925892,-20.21493346],[-44.0092134,-20.21493346],[-44.0092134,-20.215024490000005],[-44.00925892,-20.215024489999998],[-44.00925892,-20.21493346]]]}},{"type":"Feature","id":"ide_210604_mg_analise_car_veg_2025_metrop_pol.62452","properties":{"fid":62452,"classe_":"VEGETACAO_2025"},"geometry":{"type":"Polygon","coordinates":[[[-44.00930444,-20.20938054],[-44.00925892,-20.20938054],[-44.00925892,-20.209653640000003],[-44.00930444,-20.209653639999996],[-44.00930444,-20.20938054]]]}},{"type":"Feature","id":"ide_210604_mg_analise_car_veg_2025_metrop_pol.63903","properties":{"fid":63903,"classe_":"VEGETACAO_2025"},"geometry":{"type":"Polygon","coordinates":[[[-44.00907686,-20.214341759999996],[-44.00907686,-20.214250720000003],[-44.00903134,-20.21425072],[-44.00903134,-20.214341759999996],[-44.00907686,-20.214341759999996]]]}},{"type":"Feature","id":"ide_210604_mg_analise_car_veg_2025_metrop_pol.64413","properties":{"fid":64413,"classe_":"VEGETACAO_2025"},"geometry":{"type":"Polygon","coordinates":[[[-43.99997371,-20.21124669],[-43.9999282,-20.211246690000003],[-43.9999282,-20.211383229999996],[-43.99997371,-20.211383229999992],[-43.99997371,-20.211337720000003],[-44.00001923,-20.211337720000007],[-44.00001923,-20.21124669],[-44.00006474,-20.21124669],[-44.00006474,-20.21111014],[-43.99997371,-20.211110139999995],[-43.99997371,-20.21124669]]]}},{"type":"Feature","id":"ide_210604_mg_analise_car_veg_2025_metrop_pol.67422","properties":{"fid":67422,"classe_":"VEGETACAO_2025"},"geometry":{"type":"MultiPolygon","coordinates":[[[[-44.01294569,-20.220850510000005],[-44.01294569,-20.220031219999996],[-44.01194435,-20.22003122],[-44.01194435,-20.220213289999997],[-44.01198986,-20.220213289999997],[-44.01198986,-20.220304320000004],[-44.01203538,-20.22030432],[-44.01203538,-20.220349829999996],[-44.01212641,-20.220349829999996],[-44.01212641,-20.220395349999993],[-44.01217193,-20.220395349999993],[-44.01217193,-20.220440860000004],[-44.01226296,-20.220440860000004],[-44.01226296,-20.22048638],[-44.01230847,-20.22048638],[-44.01230847,-20.220531899999997],[-44.01239951,-20.220531899999994],[-44.01239951,-20.220577409999994],[-44.01249054,-20.220577410000004],[-44.01249054,-20.220622929999998],[-44.01253605000001,-20.220622929999998],[-44.01253605000001,-20.220668439999997],[-44.01262708,-20.220668439999997],[-44.01262708,-20.22071396],[-44.01271812,-20.22071395999999],[-44.01271812,-20.220759469999994],[-44.01276363,-20.22075947],[-44.01276363,-20.22080499],[-44.01285466,-20.220804990000005],[-44.01285466,-20.220850509999998],[-44.01294569,-20.220850510000005]]],[[[-44.0103513,-20.222671140000006],[-44.01048784,-20.222671140000003],[-44.01048784,-20.222716649999988],[-44.01066991,-20.222716650000002],[-44.01066991,-20.222762169999992],[-44.010715420000004,-20.222762169999992],[-44.010715420000004,-20.22271665],[-44.010806450000004,-20.222716649999988],[-44.010806450000004,-20.222671139999996],[-44.01085197,-20.22267114],[-44.01085197,-20.222625619999995],[-44.01130713,-20.222625619999995],[-44.01130713,-20.222671139999996],[-44.01135264,-20.222671139999996],[-44.01135264,-20.222716649999995],[-44.01139816,-20.22271665],[-44.01139816,-20.222762169999992],[-44.01144368,-20.22276217],[-44.01144368000007,-20.222791945378766],[-44.01209401255337,-20.222590776035517],[-44.01263743866297,-20.222404289186038],[-44.012945690031465,-20.222326978836136],[-44.01294569,-20.221669789999993],[-44.01290018,-20.22166978999999],[-44.01290018,-20.221578760000003],[-44.01285466,-20.221578759999996],[-44.01285466,-20.22153324],[-44.01280915,-20.221533240000003],[-44.01280915,-20.22144221],[-44.01276363,-20.22144221],[-44.01276363,-20.22139669],[-44.0126726,-20.22139669],[-44.0126726,-20.221351180000003],[-44.01262708,-20.221351179999996],[-44.01262708,-20.22130566],[-44.01253605000001,-20.22130565999999],[-44.01253605000001,-20.22126015],[-44.01249054,-20.221260149999996],[-44.01249054,-20.22121462999999],[-44.01239951,-20.22121462999999],[-44.01239951,-20.221169120000003],[-44.01230847,-20.22116912],[-44.01230847,-20.22112359999999],[-44.01226296,-20.221123599999995],[-44.01226296,-20.22107807999999],[-44.01217193,-20.221078079999995],[-44.01217193,-20.221032569999995],[-44.0120809,-20.221032569999995],[-44.0120809,-20.220987049999994],[-44.01203538,-20.220987049999998],[-44.01203538,-20.220941539999995],[-44.01194435,-20.22094154],[-44.01194435,-20.22089602],[-44.01185332,-20.22089602],[-44.01185332,-20.22085051],[-44.0118078,-20.220850509999998],[-44.0118078,-20.22080499],[-44.01171677,-20.220804989999998],[-44.01171677,-20.22075947],[-44.011671250000006,-20.22075947],[-44.011671250000006,-20.220713959999998],[-44.01162574,-20.22071396],[-44.01162574,-20.220668439999997],[-44.011580220000006,-20.220668439999997],[-44.011580220000006,-20.220622930000005],[-44.01153471,-20.220622929999994],[-44.01153471,-20.22057741],[-44.01148919,-20.22057741],[-44.01148919,-20.220531899999997],[-44.01144368,-20.220531899999994],[-44.01144368,-20.220395349999997],[-44.01139816,-20.220395350000004],[-44.01139816,-20.220167770000003],[-44.01135264,-20.220167769999996],[-44.01135264,-20.220031220000003],[-44.00966856,-20.220031219999996],[-44.00966856,-20.22253458999999],[-44.00998717,-20.222534590000002],[-44.00998717,-20.22258009999999],[-44.01016923,-20.222580100000002],[-44.01016923,-20.22262562],[-44.0103513,-20.222625620000006],[-44.0103513,-20.222671140000006]]]]}},{"type":"Feature","id":"ide_210604_mg_analise_car_veg_2025_metrop_pol.70339","properties":{"fid":70339,"classe_":"VEGETACAO_2025"},"geometry":{"type":"Polygon","coordinates":[[[-44.01053336,-20.21420521],[-44.01048784,-20.21420521],[-44.01048784,-20.21415969],[-44.01044233,-20.214159689999995],[-44.01044233,-20.214068659999995],[-44.01039681,-20.214068659999995],[-44.01039681,-20.21402315],[-44.0103513,-20.214023149999996],[-44.0103513,-20.21393210999999],[-44.01030578,-20.213932109999995],[-44.01030578,-20.213886599999988],[-44.01026027,-20.213886599999995],[-44.01026027,-20.213841079999998],[-44.01021475,-20.213841080000005],[-44.01021475,-20.213795569999995],[-44.01016923,-20.21379556999999],[-44.01016923,-20.213750049999994],[-44.01012372,-20.213750049999998],[-44.01012372,-20.213704540000002],[-44.01003269000001,-20.213704539999995],[-44.01003269000001,-20.213659020000005],[-44.00998717,-20.213659019999998],[-44.00998717,-20.2136135],[-44.00994166,-20.2136135],[-44.00994166,-20.213567989999998],[-44.00985062,-20.21356799000001],[-44.00985062,-20.21352247],[-44.00980511,-20.213522470000004],[-44.00980511,-20.21347696],[-44.00971408,-20.213476959999994],[-44.00971408,-20.21343144],[-44.00962305,-20.21343144],[-44.00962305,-20.21338593],[-44.00957753,-20.213385929999998],[-44.00957753,-20.213340410000008],[-44.0094865,-20.21334041],[-44.0094865,-20.213294889999997],[-44.00939547,-20.213294889999993],[-44.00939547,-20.213249380000004],[-44.00930444,-20.213249380000008],[-44.00930444,-20.213203860000004],[-44.0092134,-20.213203859999997],[-44.0092134,-20.213158349999997],[-44.00912237,-20.213158349999993],[-44.00912237,-20.213112829999993],[-44.00903134,-20.21311283],[-44.00903134,-20.21306732],[-44.00889479,-20.21306731999999],[-44.00889479,-20.21302179999999],[-44.00884928,-20.213021800000003],[-44.00884928,-20.212976280000003],[-44.00875825,-20.212976280000003],[-44.00875825,-20.212930770000003],[-44.00871273,-20.21293077],[-44.00871273,-20.21288525],[-44.0086217,-20.21288525],[-44.0086217,-20.212839740000003],[-44.00857618,-20.212839739999993],[-44.00857618,-20.21279422],[-44.00839412,-20.21279422],[-44.00839412,-20.212748710000003],[-44.00825757,-20.212748710000007],[-44.00825757,-20.21261216],[-44.00816654,-20.212612160000003],[-44.00816654,-20.212521129999992],[-44.00807551,-20.212521130000003],[-44.00807551,-20.212339059999994],[-44.00803,-20.21233906000001],[-44.00803,-20.21229355],[-44.00793896,-20.212293550000002],[-44.00793896,-20.21224803],[-44.00789345,-20.21224802999999],[-44.00789345,-20.212202519999995],[-44.00784793,-20.212202519999998],[-44.00784793,-20.212156999999998],[-44.0077569,-20.212157],[-44.0077569,-20.21211149],[-44.00771139,-20.21211149],[-44.00771139,-20.21206597],[-44.00762035,-20.21206597],[-44.00762035,-20.212020449999997],[-44.00743829,-20.21202045],[-44.00743829,-20.211974939999998],[-44.00730174,-20.211974939999998],[-44.00730174,-20.211929419999993],[-44.00711968,-20.211929419999997],[-44.00711968,-20.21188391],[-44.00698313,-20.211883910000005],[-44.00698313,-20.21183839],[-44.00657349,-20.211838389999997],[-44.00657349,-20.21179288],[-44.00607282,-20.21179288],[-44.00607282,-20.211747360000004],[-44.00584524,-20.211747360000004],[-44.00584524,-20.21229355],[-44.00607282,-20.212293550000005],[-44.00607282,-20.21233906],[-44.00661901,-20.21233906],[-44.00661901,-20.212384579999995],[-44.0068921,-20.212384579999995],[-44.0068921,-20.212430100000002],[-44.00693762,-20.2124301],[-44.00693762,-20.21238457999999],[-44.00702865,-20.212384579999995],[-44.00702865,-20.21233906],[-44.00707417,-20.212339060000005],[-44.00707417,-20.212293550000002],[-44.00711968,-20.212293550000002],[-44.00711968,-20.212248029999998],[-44.00743829,-20.21224803],[-44.00743829,-20.21229354999999],[-44.00748381,-20.212293549999995],[-44.00748381,-20.212339060000005],[-44.00757484,-20.21233906],[-44.00757484,-20.212384580000002],[-44.00762035,-20.212384579999995],[-44.00762035,-20.21256664],[-44.00766587,-20.21256663999999],[-44.00766587,-20.212657669999995],[-44.00780242,-20.212657670000002],[-44.00780242,-20.212566640000002],[-44.00798448,-20.21256664],[-44.00798448,-20.212612159999995],[-44.00803,-20.21261216],[-44.00803,-20.212657670000002],[-44.00807551,-20.212657670000002],[-44.00807551,-20.21270319],[-44.00812103,-20.212703190000003],[-44.00812103,-20.21283974],[-44.00821206,-20.21283974],[-44.00821206,-20.212976279999996],[-44.00825757,-20.21297628],[-44.00825757,-20.213021799999996],[-44.00834861,-20.213021799999996],[-44.00834861,-20.213067320000004],[-44.00839412,-20.21306731999999],[-44.00839412,-20.213112829999996],[-44.00843964,-20.213112829999996],[-44.00843964,-20.213158349999993],[-44.00853067,-20.213158349999997],[-44.00853067,-20.213249379999993],[-44.00857618,-20.213249379999997],[-44.00857618,-20.213294890000004],[-44.00875825,-20.213294889999993],[-44.00875825,-20.21334041],[-44.00889479,-20.213340409999997],[-44.00889479,-20.213385929999998],[-44.00898583,-20.21338593],[-44.00898583,-20.21352247],[-44.00912237,-20.213522470000004],[-44.00912237,-20.213567990000005],[-44.00930444,-20.213567990000005],[-44.00930444,-20.213613499999994],[-44.00953201,-20.2136135],[-44.00953201,-20.213659020000005],[-44.00962305,-20.21365902],[-44.00962305,-20.21375005],[-44.00975959,-20.21375005000001],[-44.00975959,-20.213932110000002],[-44.00985062,-20.213932109999988],[-44.00985062,-20.213977629999995],[-44.00998717,-20.213977629999995],[-44.00998717,-20.21402315],[-44.01003269000001,-20.214023149999996],[-44.01003269000001,-20.214068660000002],[-44.0100782,-20.214068659999995],[-44.0100782,-20.214114179999996],[-44.01012372,-20.21411418],[-44.01012372,-20.214159689999995],[-44.0103513,-20.214159689999995],[-44.0103513,-20.214250720000003],[-44.01053336,-20.21425072],[-44.01053336,-20.21420521]]]}},{"type":"Feature","id":"ide_210604_mg_analise_car_veg_2025_metrop_pol.70965","properties":{"fid":70965,"classe_":"VEGETACAO_2025"},"geometry":{"type":"Polygon","coordinates":[[[-44.01531251,-20.20528413],[-44.015267,-20.205284129999995],[-44.015267,-20.205193090000005],[-44.01522148,-20.205193089999998],[-44.01522148,-20.205147579999995],[-44.01517597,-20.205147579999995],[-44.01517597,-20.20537516],[-44.01522148,-20.205375160000003],[-44.01522148,-20.205466189999992],[-44.01531251,-20.205466189999992],[-44.01531251,-20.20528413]]]}},{"type":"Feature","id":"ide_210604_mg_analise_car_veg_2025_metrop_pol.71075","properties":{"fid":71075,"classe_":"VEGETACAO_2025"},"geometry":{"type":"Polygon","coordinates":[[[-44.00256811,-20.216480999999995],[-44.00247708,-20.216480999999998],[-44.00247708,-20.21661754],[-44.00238604,-20.21661754],[-44.00238604,-20.21657203],[-44.00220398,-20.21657203],[-44.00220398,-20.216526509999998],[-44.00215847,-20.21652651],[-44.00215847,-20.21657203],[-44.00211295,-20.21657203],[-44.00211295,-20.216617540000005],[-44.00206743,-20.216617540000005],[-44.00206743,-20.216663060000002],[-44.00183986,-20.216663060000002],[-44.00183986,-20.21661754],[-44.00170331,-20.216617539999998],[-44.00170331,-20.21657202999999],[-44.00161228,-20.21657203],[-44.00161228,-20.216526509999998],[-44.00129367,-20.216526509999994],[-44.00129367,-20.216480999999995],[-44.00124815,-20.216480999999995],[-44.00124815,-20.216526509999994],[-44.00115712000001,-20.216526509999998],[-44.00115712000001,-20.216572029999995],[-44.00106609000001,-20.21657203],[-44.00106609000001,-20.21666306],[-44.00102057,-20.216663060000005],[-44.00102057,-20.216754089999995],[-44.00097506,-20.216754089999988],[-44.00097506,-20.216799610000002],[-44.00074748,-20.21679961],[-44.00074748,-20.21675408999999],[-44.00047438,-20.21675409],[-44.00047438,-20.216799609999995],[-44.00038335,-20.216799609999995],[-44.00038335,-20.216890639999995],[-44.00056542,-20.21689064],[-44.00056542,-20.216936150000002],[-44.00074748,-20.21693614999999],[-44.00074748,-20.21698167],[-44.00097506,-20.216981669999996],[-44.00097506,-20.216936149999995],[-44.00133918,-20.216936150000006],[-44.00133918,-20.21689064],[-44.00220398,-20.21689063999999],[-44.00220398,-20.216981670000003],[-44.0022495,-20.216981670000006],[-44.0022495,-20.21702717999999],[-44.00229501,-20.217027179999995],[-44.00229501,-20.21707269999999],[-44.00238604,-20.217072699999996],[-44.00238604,-20.21711822],[-44.00279569,-20.21711822],[-44.00279569,-20.21698167],[-44.0028412,-20.216981669999992],[-44.0028412,-20.21689064],[-44.00288672,-20.21689064],[-44.00288672,-20.216845119999995],[-44.00297775,-20.21684511999999],[-44.00297775,-20.216890639999992],[-44.00302327,-20.216890639999995],[-44.00302327,-20.216845119999988],[-44.00306878,-20.216845119999988],[-44.00306878,-20.216526509999994],[-44.00302327,-20.21652651],[-44.00302327,-20.216435480000005],[-44.00297775,-20.216435479999998],[-44.00297775,-20.21638996],[-44.00293223,-20.216389960000004],[-44.00293223,-20.216344450000005],[-44.00288672,-20.216344449999998],[-44.00288672,-20.216298929999994],[-44.00279569,-20.216298930000008],[-44.00279569,-20.216253420000008],[-44.00256811,-20.216253419999997],[-44.00256811,-20.216480999999995]]]}},{"type":"Feature","id":"ide_210604_mg_analise_car_veg_2025_metrop_pol.76325","properties":{"fid":76325,"classe_":"VEGETACAO_2025"},"geometry":{"type":"Polygon","coordinates":[[[-44.00780242,-20.213067320000004],[-44.0077569,-20.21306732],[-44.0077569,-20.213203859999997],[-44.00762035,-20.213203859999997],[-44.00762035,-20.213340409999997],[-44.00766587,-20.213340409999997],[-44.00766587,-20.213385929999998],[-44.0077569,-20.21338593],[-44.0077569,-20.213522470000008],[-44.00780242,-20.213522470000008],[-44.00780242,-20.213476960000005],[-44.00784793,-20.213476960000005],[-44.00784793,-20.213021799999993],[-44.00780242,-20.213021799999993],[-44.00780242,-20.213067320000004]]]}},{"type":"Feature","id":"ide_210604_mg_analise_car_veg_2025_metrop_pol.78332","properties":{"fid":78332,"classe_":"VEGETACAO_2025"},"geometry":{"type":"Polygon","coordinates":[[[-44.00193089,-20.218893329999997],[-44.00179434,-20.21889333],[-44.00179434,-20.21893885],[-44.00174882,-20.218938849999997],[-44.00174882,-20.218984360000004],[-44.00156676,-20.21898436],[-44.00156676,-20.21902988],[-44.00152125,-20.21902988],[-44.00152125,-20.219120909999994],[-44.00143021,-20.21912091],[-44.00143021,-20.21916642],[-44.0013847,-20.219166419999997],[-44.0013847,-20.219211939999994],[-44.00129367,-20.21921194],[-44.00129367,-20.219257459999998],[-44.00124815,-20.219257460000005],[-44.00124815,-20.219348489999998],[-44.00120264,-20.219348489999998],[-44.00120264,-20.219394000000005],[-44.00115712000001,-20.219393999999998],[-44.00115712000001,-20.21948502999999],[-44.0011116,-20.21948503],[-44.0011116,-20.21957607],[-44.00106609000001,-20.21957607],[-44.00106609000001,-20.21971261],[-44.00102057,-20.219712610000002],[-44.00102057,-20.219849160000003],[-44.00097506,-20.21984916],[-44.00097506,-20.219894679999992],[-44.00092954,-20.21989468],[-44.00092954,-20.219940190000003],[-44.00088403,-20.219940190000003],[-44.00088403,-20.219985709999992],[-44.00092954,-20.219985709999996],[-44.00092954,-20.220031220000003],[-44.00106609000001,-20.220031220000003],[-44.00106609000001,-20.21984916],[-44.0011116,-20.21984916],[-44.0011116,-20.21980364],[-44.00115712000001,-20.219803639999995],[-44.00115712000001,-20.219849159999995],[-44.00120264,-20.21984916],[-44.00120264,-20.21994019],[-44.00124815,-20.21994019],[-44.00124815,-20.219985709999992],[-44.00129367,-20.219985709999996],[-44.00129367,-20.21994019],[-44.00133918,-20.21994019],[-44.00133918,-20.219758129999992],[-44.0013847,-20.219758129999995],[-44.0013847,-20.21971261],[-44.00133918,-20.219712610000006],[-44.00133918,-20.219621580000005],[-44.00129367,-20.21962158],[-44.00129367,-20.219530549999998],[-44.00133918,-20.219530550000005],[-44.00133918,-20.219485029999994],[-44.00143021,-20.21948502999999],[-44.00143021,-20.219439520000005],[-44.00161228,-20.21943952],[-44.00161228,-20.219394],[-44.00170331,-20.219393999999998],[-44.00170331,-20.219348489999998],[-44.00188537,-20.21934849000001],[-44.00188537,-20.219302969999998],[-44.00193089,-20.219302969999998],[-44.00193089,-20.219348489999998],[-44.0019764,-20.219348489999994],[-44.0019764,-20.219393999999998],[-44.00202192,-20.219393999999994],[-44.00202192,-20.219348490000005],[-44.00211295,-20.219348489999998],[-44.00211295,-20.219302969999998],[-44.00215847,-20.21930297],[-44.00215847,-20.219257459999998],[-44.00220398,-20.21925746],[-44.00220398,-20.21921194],[-44.00229501,-20.21921194],[-44.00229501,-20.21916642],[-44.00265914,-20.21916642],[-44.00265914,-20.219075389999997],[-44.00270466,-20.21907539],[-44.00270466,-20.219029879999997],[-44.00275017,-20.219029880000004],[-44.00275017,-20.218893330000004],[-44.00279569,-20.218893330000004],[-44.00279569,-20.218847810000007],[-44.0028412,-20.21884781],[-44.0028412,-20.21875677999999],[-44.00315981,-20.218756779999993],[-44.00315981,-20.21871126999999],[-44.00320533,-20.21871126999999],[-44.00320533,-20.21866575],[-44.00325084,-20.218665749999992],[-44.00325084,-20.218711269999996],[-44.00334188,-20.218711269999993],[-44.00334188,-20.218620239999993],[-44.00338739,-20.218620239999993],[-44.00338739,-20.218529199999992],[-44.00356945000001,-20.218529200000003],[-44.00356945000001,-20.218438169999995],[-44.00407013,-20.21843817],[-44.00407013,-20.21839266],[-44.00411564,-20.218392659999996],[-44.00411564,-20.218210589999998],[-44.00407013,-20.21821059000001],[-44.00407013,-20.218074049999995],[-44.00402461,-20.21807405],[-44.00402461,-20.21802853],[-44.0039791,-20.218028529999994],[-44.0039791,-20.21798301],[-44.00393358,-20.217983010000008],[-44.00393358,-20.217937499999998],[-44.00388806,-20.217937500000005],[-44.00388806,-20.217891979999994],[-44.00379703,-20.21789198],[-44.00379703,-20.217846469999998],[-44.00343291,-20.217846469999994],[-44.00343291,-20.21789198],[-44.00334188,-20.21789198000001],[-44.00334188,-20.217937500000005],[-44.00329636,-20.217937499999994],[-44.00329636,-20.217983009999998],[-44.00325084,-20.21798301],[-44.00325084,-20.21802852999999],[-44.00320533,-20.218028529999994],[-44.00320533,-20.218119560000005],[-44.00315981,-20.218119559999995],[-44.00315981,-20.21830162],[-44.0031143,-20.218301620000002],[-44.0031143,-20.21834713999999],[-44.00306878,-20.21834713999999],[-44.00306878,-20.21839265999999],[-44.00302327,-20.21839266],[-44.00302327,-20.21843816999999],[-44.00297775,-20.21843817],[-44.00297775,-20.218483689999992],[-44.00293223,-20.218483689999996],[-44.00293223,-20.2185292],[-44.0028412,-20.218529199999995],[-44.0028412,-20.218574720000003],[-44.00265914,-20.218574719999992],[-44.00265914,-20.218620239999996],[-44.00229501,-20.218620240000003],[-44.00229501,-20.21866575],[-44.00215847,-20.21866575],[-44.00215847,-20.218756779999996],[-44.0019764,-20.218756779999996],[-44.0019764,-20.218802299999993],[-44.00193089,-20.218802299999997],[-44.00193089,-20.218893329999997]]]}},{"type":"Feature","id":"ide_210604_mg_analise_car_veg_2025_metrop_pol.78960","properties":{"fid":78960,"classe_":"VEGETACAO_2025"},"geometry":{"type":"Polygon","coordinates":[[[-44.01235399,-20.207559909999997],[-44.01226296,-20.207559909999997],[-44.01226296,-20.20760543],[-44.01239951,-20.207605429999997],[-44.01239951,-20.207514399999994],[-44.01235399,-20.207514400000004],[-44.01235399,-20.207559909999997]]]}},{"type":"Feature","id":"ide_210604_mg_analise_car_veg_2025_metrop_pol.79475","properties":{"fid":79475,"classe_":"VEGETACAO_2025"},"geometry":{"type":"Polygon","coordinates":[[[-44.01494839,-20.21802853],[-44.01490287,-20.21802852999999],[-44.01490287,-20.218210589999995],[-44.01485735000001,-20.218210590000005],[-44.01485735000001,-20.218392660000003],[-44.01481184,-20.218392659999992],[-44.01481184,-20.218529200000003],[-44.01476632,-20.2185292],[-44.01476632,-20.218711269999993],[-44.01472081,-20.218711269999993],[-44.01472081,-20.2188023],[-44.01467529,-20.218802299999993],[-44.01467529,-20.21998571],[-44.01517597,-20.219985709999996],[-44.01517597,-20.219940190000003],[-44.01513045,-20.219940190000003],[-44.01513045,-20.219211940000005],[-44.01517597,-20.219211939999997],[-44.01517597,-20.21907539],[-44.01522148,-20.21907539],[-44.01522148,-20.218984360000004],[-44.015267,-20.218984359999993],[-44.015267,-20.21884781],[-44.01531251,-20.218847809999993],[-44.01531251,-20.218711269999996],[-44.01535803,-20.218711269999996],[-44.01535803,-20.218574720000003],[-44.01540354,-20.218574719999996],[-44.01540354,-20.218392659999992],[-44.01544906,-20.218392659999996],[-44.01544906,-20.218210589999998],[-44.01549458,-20.21821059000001],[-44.01549458,-20.217755439999994],[-44.01544906,-20.217755440000005],[-44.01544906,-20.217664399999997],[-44.01540354,-20.2176644],[-44.01540354,-20.21757337],[-44.01535803,-20.217573370000007],[-44.01535803,-20.21748234],[-44.01531251,-20.21748234],[-44.01531251,-20.217391309999996],[-44.015267,-20.21739131],[-44.015267,-20.21734579],[-44.01522148,-20.217345789999992],[-44.01522148,-20.217300280000003],[-44.01517597,-20.217300279999993],[-44.01517597,-20.21725476],[-44.01513045,-20.217254760000007],[-44.01513045,-20.21720925],[-44.01508493,-20.217209249999996],[-44.01508493,-20.21716373],[-44.01503942,-20.21716373],[-44.01503942,-20.217118219999996],[-44.0149939,-20.21711821999999],[-44.0149939,-20.2170727],[-44.01490287,-20.217072699999992],[-44.01490287,-20.217027179999995],[-44.01481184,-20.217027179999995],[-44.01481184,-20.216981669999992],[-44.01476632,-20.21698167],[-44.01476632,-20.21693615],[-44.01467529,-20.21693614999999],[-44.01467529,-20.217573370000004],[-44.01472081,-20.217573370000004],[-44.01472081,-20.217618890000004],[-44.01476632,-20.217618889999994],[-44.01476632,-20.217709919999994],[-44.01481184,-20.217709919999997],[-44.01481184,-20.21775544],[-44.01485735000001,-20.21775544000001],[-44.01485735000001,-20.217846469999998],[-44.01490287,-20.21784646999999],[-44.01490287,-20.217937499999994],[-44.01494839,-20.2179375],[-44.01494839,-20.21802853]]]}},{"type":"Feature","id":"ide_210604_mg_analise_car_veg_2025_metrop_pol.81121","properties":{"fid":81121,"classe_":"VEGETACAO_2025"},"geometry":{"type":"Polygon","coordinates":[[[-43.99756138,-20.212248029999994],[-43.99756138,-20.212202519999995],[-43.99751586,-20.212202519999995],[-43.99751586,-20.21224803],[-43.99756138,-20.212248029999994]]]}},{"type":"Feature","id":"ide_210604_mg_analise_car_veg_2025_metrop_pol.83176","properties":{"fid":83176,"classe_":"VEGETACAO_2025"},"geometry":{"type":"Polygon","coordinates":[[[-44.00325084,-20.21948503],[-44.00325084,-20.219439519999998],[-44.00320533,-20.21943952],[-44.00320533,-20.219485029999998],[-44.00325084,-20.21948503]]]}},{"type":"Feature","id":"ide_210604_mg_analise_car_veg_2025_metrop_pol.83292","properties":{"fid":83292,"classe_":"VEGETACAO_2025"},"geometry":{"type":"Polygon","coordinates":[[[-44.0190448,-20.215024489999998],[-44.0190448,-20.214978980000005],[-44.01899929,-20.214978979999998],[-44.01899929,-20.21502449],[-44.0190448,-20.215024489999998]]]}},{"type":"Feature","id":"ide_210604_mg_analise_car_veg_2025_metrop_pol.83527","properties":{"fid":83527,"classe_":"VEGETACAO_2025"},"geometry":{"type":"Polygon","coordinates":[[[-44.00152125,-20.20796955000001],[-44.00152125,-20.207924039999998],[-44.00147573,-20.207924040000005],[-44.00147573,-20.207969549999994],[-44.00152125,-20.20796955000001]]]}},{"type":"Feature","id":"ide_210604_mg_analise_car_veg_2025_metrop_pol.84879","properties":{"fid":84879,"classe_":"VEGETACAO_2025"},"geometry":{"type":"MultiPolygon","coordinates":[[[[-44.00762035,-20.223262839999997],[-44.00752932,-20.223262839999997],[-44.00752932,-20.223308359999997],[-44.00743829,-20.223308359999994],[-44.007438290000046,-20.223347659896543],[-44.0076658700006,-20.22331100133265],[-44.00766587,-20.223217320000003],[-44.00762035,-20.223217320000003],[-44.00762035,-20.223262839999997]]],[[[-44.00734726,-20.223353870000004],[-44.00734726000006,-20.2233623229118],[-44.00739973683254,-20.22335387000577],[-44.00734726,-20.223353870000004]]]]}},{"type":"Feature","id":"ide_210604_mg_analise_car_veg_2025_metrop_pol.89439","properties":{"fid":89439,"classe_":"VEGETACAO_2025"},"geometry":{"type":"Polygon","coordinates":[[[-44.00379703,-20.220896019999998],[-44.00384255,-20.220896019999994],[-44.00384255,-20.22085050999999],[-44.00393358,-20.22085051],[-44.00393358,-20.22080499],[-44.00379703,-20.220804989999998],[-44.00379703,-20.220896019999998]]]}},{"type":"Feature","id":"ide_210604_mg_analise_car_veg_2025_metrop_pol.90417","properties":{"fid":90417,"classe_":"VEGETACAO_2025"},"geometry":{"type":"MultiPolygon","coordinates":[[[[-44.00211295,-20.221897369999997],[-44.00243156,-20.22189737],[-44.00243156,-20.221851849999993],[-44.00270466,-20.221851850000004],[-44.00270466,-20.22180634],[-44.00293223,-20.22180634],[-44.00293223,-20.22176082],[-44.00315981,-20.221760819999997],[-44.00315981,-20.221715299999996],[-44.00334188,-20.221715299999993],[-44.00334188,-20.221533239999996],[-44.00320533,-20.221533239999996],[-44.00320533,-20.22144221],[-44.00325084,-20.22144221],[-44.00325084,-20.221169120000006],[-44.00306878,-20.221169120000003],[-44.00306878,-20.221214630000002],[-44.00288672,-20.22121462999999],[-44.00288672,-20.221260150000003],[-44.00265914,-20.221260149999992],[-44.00265914,-20.221305659999995],[-44.00243156,-20.22130566],[-44.00243156,-20.22135118],[-44.00211295,-20.22135118],[-44.00211295,-20.221396689999988],[-44.00183986,-20.22139669],[-44.00183986,-20.221442209999996],[-44.00170331,-20.22144221],[-44.00170331,-20.221487729999996],[-44.00156676,-20.221487729999996],[-44.00156676,-20.22153324],[-44.00147573,-20.22153324],[-44.00147573,-20.221578760000003],[-44.00139543208221,-20.221578760002455],[-44.00189061609517,-20.22182074198679],[-44.00211295000005,-20.22190667828971],[-44.00211295,-20.221897369999997]]],[[[-44.00115712000001,-20.221442209999996],[-44.0011221357208,-20.22144221000105],[-44.001157120000904,-20.221462059533124],[-44.00115712000001,-20.221442209999996]]],[[[-44.0011116,-20.221214629999995],[-44.00106609000001,-20.22121463],[-44.00106609000001,-20.2211236],[-44.00102057,-20.221123600000002],[-44.00102057,-20.221078080000005],[-44.00079299,-20.221078079999998],[-44.00079299,-20.22112359999999],[-44.00061093,-20.22112359999999],[-44.00061093,-20.221078079999995],[-44.00051800328038,-20.221078080023588],[-44.000771852123414,-20.221243463928925],[-44.0011116000002,-20.22143623219604],[-44.0011116,-20.221214629999995]]]]}},{"type":"Feature","id":"ide_210604_mg_analise_car_veg_2025_metrop_pol.91896","properties":{"fid":91896,"classe_":"VEGETACAO_2025"},"geometry":{"type":"MultiPolygon","coordinates":[[[[-44.01016923,-20.216116870000004],[-44.01003269000001,-20.216116870000004],[-44.01003269000001,-20.21616239],[-44.0103513,-20.216162389999997],[-44.0103513,-20.21611687000001],[-44.01021475,-20.216116869999997],[-44.01021475,-20.21607135],[-44.01016923,-20.216071349999996],[-44.01016923,-20.216116870000004]]],[[[-44.01085197,-20.216025839999986],[-44.010806450000004,-20.216025840000004],[-44.010806450000004,-20.216071349999996],[-44.010715420000004,-20.21607135],[-44.010715420000004,-20.21611687],[-44.01062439,-20.216116869999993],[-44.01062439,-20.216162389999997],[-44.01089749,-20.216162390000004],[-44.01089749,-20.215934810000004],[-44.01085197,-20.215934809999997],[-44.01085197,-20.216025839999986]]],[[[-44.00930444,-20.21593481],[-44.00925892,-20.21593481],[-44.00925892,-20.21616239],[-44.00998717,-20.216162390000004],[-44.00998717,-20.216116870000004],[-44.00989614,-20.216116869999993],[-44.00989614,-20.21602584],[-44.00980511,-20.216025839999997],[-44.00980511,-20.215980319999996],[-44.00966856,-20.215980319999996],[-44.00966856,-20.215889290000003],[-44.00962305,-20.215889289999996],[-44.00962305,-20.21584378],[-44.00966856,-20.215843780000004],[-44.00966856,-20.215798259999996],[-44.00962305,-20.21579826],[-44.00962305,-20.215661710000003],[-44.00957753,-20.21566171],[-44.00957753,-20.215525169999996],[-44.00953201,-20.215525170000003],[-44.00953201,-20.21543413],[-44.0094865,-20.21543413],[-44.0094865,-20.21538862],[-44.00944098,-20.21538861999999],[-44.00944098,-20.21529759],[-44.00939547,-20.21529758999999],[-44.00939547,-20.21520655999999],[-44.00934995,-20.215206560000002],[-44.00934995,-20.215115520000005],[-44.00930444,-20.21511552],[-44.00930444,-20.215024489999998],[-44.00925892,-20.215024489999998],[-44.00925892,-20.215343099999995],[-44.00930444,-20.2153431],[-44.00930444,-20.21593481]]],[[[-44.00998717,-20.212020449999997],[-44.00989614,-20.21202045],[-44.00989614,-20.212111490000005],[-44.00962305,-20.212111490000005],[-44.00962305,-20.212202519999998],[-44.00953201,-20.212202519999998],[-44.00953201,-20.212293549999995],[-44.00944098,-20.212293549999995],[-44.00944098,-20.21247561],[-44.00953201,-20.212475610000002],[-44.00953201,-20.212521130000003],[-44.00957753,-20.21252113],[-44.00957753,-20.21256663999999],[-44.00962305,-20.212566640000002],[-44.00962305,-20.21265767],[-44.00966856,-20.212657669999995],[-44.00966856,-20.212703189999992],[-44.00962305,-20.212703190000003],[-44.00962305,-20.21274871],[-44.00957753,-20.212748710000007],[-44.00957753,-20.21279422],[-44.00925892,-20.212794219999996],[-44.00925892,-20.213203859999997],[-44.00930444,-20.213203860000004],[-44.00930444,-20.213249380000008],[-44.00939547,-20.213249380000004],[-44.00939547,-20.213294889999993],[-44.0094865,-20.213294889999997],[-44.0094865,-20.21334041],[-44.00957753,-20.213340410000008],[-44.00957753,-20.213385929999998],[-44.00962305,-20.21338593],[-44.00962305,-20.21343144],[-44.00971408,-20.21343144],[-44.00971408,-20.213476959999994],[-44.00980511,-20.21347696],[-44.00980511,-20.213522470000004],[-44.00985062,-20.21352247],[-44.00985062,-20.21356799000001],[-44.00994166,-20.213567989999998],[-44.00994166,-20.2136135],[-44.00998717,-20.2136135],[-44.00998717,-20.213659019999998],[-44.01003269000001,-20.213659020000005],[-44.01003269000001,-20.213704539999995],[-44.01012372,-20.213704540000002],[-44.01012372,-20.213750049999998],[-44.01016923,-20.213750049999994],[-44.01016923,-20.21379556999999],[-44.01021475,-20.213795569999995],[-44.01021475,-20.213841080000005],[-44.01026027,-20.213841079999998],[-44.01026027,-20.213886599999995],[-44.01030578,-20.213886599999988],[-44.01030578,-20.213932109999995],[-44.0103513,-20.21393210999999],[-44.0103513,-20.214023149999996],[-44.01039681,-20.21402315],[-44.01039681,-20.214068659999995],[-44.01044233,-20.214068659999995],[-44.01044233,-20.214159689999995],[-44.01048784,-20.21415969],[-44.01048784,-20.21420521],[-44.01053336,-20.21420521],[-44.01053336,-20.214296239999996],[-44.01057888,-20.214296240000003],[-44.01057888,-20.21443279],[-44.01062439,-20.21443279],[-44.01062439,-20.214569339999994],[-44.01066991,-20.214569339999997],[-44.01066991,-20.214796910000004],[-44.010715420000004,-20.214796909999997],[-44.010715420000004,-20.21516104],[-44.010806450000004,-20.215161040000005],[-44.010806450000004,-20.215206559999995],[-44.01085197,-20.215206559999995],[-44.01085197,-20.21525206999999],[-44.01089749,-20.215252069999995],[-44.01089749,-20.213613499999994],[-44.01085197,-20.213613499999994],[-44.01085197,-20.213567989999998],[-44.01076094,-20.213567990000005],[-44.01076094,-20.21352247],[-44.01053336,-20.21352247],[-44.01053336,-20.213476960000005],[-44.01044233,-20.21347696],[-44.01044233,-20.21343144],[-44.0103513,-20.213431440000004],[-44.0103513,-20.213476960000005],[-44.01030578,-20.213476959999994],[-44.01030578,-20.213567990000005],[-44.01026027,-20.213567989999998],[-44.01026027,-20.213613499999997],[-44.01016923,-20.21361349999999],[-44.01016923,-20.213567989999994],[-44.01003269000001,-20.213567990000005],[-44.01003269000001,-20.21352247],[-44.00994166,-20.213522470000004],[-44.00994166,-20.213476960000005],[-44.00989614,-20.21347696],[-44.00989614,-20.213431439999997],[-44.00985062,-20.21343144],[-44.00985062,-20.21334041],[-44.00980511,-20.21334041],[-44.00980511,-20.213294889999997],[-44.00985062,-20.21329489],[-44.00985062,-20.213203859999993],[-44.00994166,-20.213203859999997],[-44.00994166,-20.21315835],[-44.00998717,-20.213158349999997],[-44.00998717,-20.21320386],[-44.01016923,-20.213203859999993],[-44.01016923,-20.213158350000004],[-44.01021475,-20.213158350000004],[-44.01021475,-20.21320386],[-44.01030578,-20.213203859999993],[-44.01030578,-20.213249379999997],[-44.01048784,-20.213249379999997],[-44.01048784,-20.213294890000004],[-44.01057888,-20.213294889999993],[-44.01057888,-20.21334041],[-44.01076094,-20.213340410000004],[-44.01076094,-20.213294889999993],[-44.010806450000004,-20.213294889999997],[-44.010806450000004,-20.213249380000004],[-44.01085197,-20.213249379999997],[-44.01085197,-20.213203859999993],[-44.01089749,-20.213203860000004],[-44.01089749,-20.212020449999997],[-44.010806450000004,-20.21202045],[-44.010806450000004,-20.211974940000005],[-44.01053336,-20.211974939999994],[-44.01053336,-20.212020450000008],[-44.01026027,-20.21202045],[-44.01026027,-20.211929419999993],[-44.00998717,-20.211929420000004],[-44.00998717,-20.212020449999997]]]]}},{"type":"Feature","id":"ide_210604_mg_analise_car_veg_2025_metrop_pol.94884","properties":{"fid":94884,"classe_":"VEGETACAO_2025"},"geometry":{"type":"Polygon","coordinates":[[[-44.01039681,-20.216162390000004],[-44.01039681,-20.216116870000004],[-44.0103513,-20.21611687000001],[-44.0103513,-20.216162389999997],[-44.01039681,-20.216162390000004]]]}},{"type":"Feature","id":"ide_210604_mg_analise_car_veg_2025_metrop_pol.96993","properties":{"fid":96993,"classe_":"VEGETACAO_2025"},"geometry":{"type":"Polygon","coordinates":[[[-44.0144022,-20.20856126],[-44.01422013,-20.20856126],[-44.01422013,-20.20883435],[-44.01417462,-20.208834349999997],[-44.01417462,-20.208879869999993],[-44.01408359,-20.208879869999997],[-44.01408359,-20.208834349999997],[-44.013992560000005,-20.208834349999997],[-44.013992560000005,-20.20887987],[-44.01394704,-20.208879870000004],[-44.01394704,-20.208925379999993],[-44.01385601,-20.208925379999997],[-44.01385601,-20.208970899999994],[-44.01371946,-20.208970899999986],[-44.01371946,-20.208925379999993],[-44.01362843,-20.208925380000004],[-44.01362843,-20.208970899999994],[-44.01344637,-20.208970899999997],[-44.01344637,-20.20901642],[-44.0132643,-20.209016419999998],[-44.0132643,-20.209107449999998],[-44.01321879,-20.209107449999998],[-44.01321879,-20.209243989999994],[-44.01312776,-20.209243989999997],[-44.01312776,-20.209061929999997],[-44.01317327,-20.209061929999997],[-44.01317327,-20.20887987],[-44.01299121,-20.20887987],[-44.01299121,-20.208925379999993],[-44.01294569,-20.208925379999986],[-44.01294569,-20.208970899999994],[-44.01290018,-20.208970899999986],[-44.01290018,-20.209016419999994],[-44.01285466,-20.209016419999998],[-44.01285466,-20.209061929999994],[-44.01280915,-20.209061929999994],[-44.01280915,-20.20915296],[-44.01276363,-20.209152960000008],[-44.01276363,-20.209243990000004],[-44.01271812,-20.209243989999997],[-44.01271812,-20.209289509999998],[-44.0126726,-20.209289509999998],[-44.0126726,-20.209335030000002],[-44.01262708,-20.20933503],[-44.01262708,-20.20938054],[-44.01258157,-20.20938054],[-44.01258157,-20.209426059999995],[-44.01249054,-20.209426059999988],[-44.01249054,-20.209562600000005],[-44.01239951,-20.2095626],[-44.01239951,-20.20965364],[-44.01230847,-20.209653640000003],[-44.01230847,-20.209744669999992],[-44.01226296,-20.20974467],[-44.01226296,-20.21001776],[-44.01221744,-20.21001776],[-44.01221744,-20.210063279999993],[-44.01212641,-20.21006328],[-44.01212641,-20.210017759999996],[-44.0120809,-20.210017759999996],[-44.0120809,-20.20997225],[-44.01203538,-20.209972249999996],[-44.01203538,-20.209926729999992],[-44.01171677,-20.209926729999992],[-44.01171677,-20.20974467],[-44.01162574,-20.20974467],[-44.01162574,-20.209790179999995],[-44.011580220000006,-20.209790179999995],[-44.011580220000006,-20.2098357],[-44.01144368,-20.209835699999996],[-44.01144368,-20.210154309999993],[-44.01171677,-20.210154310000004],[-44.01171677,-20.21019983],[-44.01212641,-20.210199829999993],[-44.01212641,-20.21024534],[-44.0120809,-20.210245340000004],[-44.0120809,-20.210290860000004],[-44.01217193,-20.210290859999997],[-44.01217193,-20.210336369999997],[-44.01249054,-20.210336370000007],[-44.01249054,-20.210290860000004],[-44.01258157,-20.21029086],[-44.01258157,-20.210108790000003],[-44.0126726,-20.21010879],[-44.0126726,-20.210017759999992],[-44.01312776,-20.210017760000003],[-44.01312776,-20.210063279999996],[-44.01321879,-20.21006328],[-44.01321879,-20.209972250000003],[-44.01335534,-20.209972249999993],[-44.01335534,-20.209926730000003],[-44.01358291,-20.209926729999992],[-44.01358291,-20.209835699999996],[-44.01376498,-20.2098357],[-44.01376498,-20.209744669999996],[-44.01390152,-20.209744670000003],[-44.01390152,-20.209699149999995],[-44.01394704,-20.20969915],[-44.01394704,-20.20965364],[-44.0141291,-20.209653640000003],[-44.0141291,-20.209562600000005],[-44.01417462,-20.209562600000005],[-44.01417462,-20.209517089999988],[-44.01422013,-20.20951708999999],[-44.01422013,-20.20947157],[-44.01426565,-20.20947157000001],[-44.01426565,-20.209335030000005],[-44.01453874,-20.209335030000002],[-44.01453874,-20.209289509999998],[-44.01462978,-20.209289509999998],[-44.01462978,-20.209335030000005],[-44.01472081,-20.209335029999995],[-44.01472081,-20.209198480000005],[-44.01467529,-20.20919848],[-44.01467529,-20.208879869999997],[-44.01476632,-20.20887987],[-44.01476632,-20.208925379999993],[-44.0149939,-20.208925379999993],[-44.0149939,-20.20806059],[-44.01503942,-20.208060590000002],[-44.01503942,-20.20778749],[-44.01508493,-20.207787489999994],[-44.01508493,-20.207696459999998],[-44.01503942,-20.20769646],[-44.01503942,-20.20774198],[-44.0149939,-20.20774198],[-44.0149939,-20.207924039999995],[-44.01490287,-20.20792404],[-44.01490287,-20.20796955],[-44.01485735000001,-20.207969550000005],[-44.01485735000001,-20.20801507],[-44.01481184,-20.20801507],[-44.01481184,-20.20806059],[-44.01476632,-20.208060589999995],[-44.01476632,-20.208106099999995],[-44.01472081,-20.208106100000006],[-44.01472081,-20.208151620000006],[-44.01467529,-20.20815162],[-44.01467529,-20.208197130000002],[-44.01462978,-20.208197129999988],[-44.01462978,-20.208288160000002],[-44.01458426,-20.208288160000002],[-44.01458426,-20.208379200000003],[-44.01453874,-20.208379200000007],[-44.01453874,-20.208424709999996],[-44.01449323,-20.208424709999996],[-44.01449323,-20.208470229999996],[-44.01444771,-20.208470229999996],[-44.01444771,-20.20842471],[-44.0144022,-20.20842471],[-44.0144022,-20.20856126]]]}},{"type":"Feature","id":"ide_210604_mg_analise_car_veg_2025_metrop_pol.98895","properties":{"fid":98895,"classe_":"VEGETACAO_2025"},"geometry":{"type":"Polygon","coordinates":[[[-44.00884928,-20.212839739999993],[-44.0086217,-20.212839740000003],[-44.0086217,-20.21288525],[-44.00871273,-20.21288525],[-44.00871273,-20.21293077],[-44.00875825,-20.212930770000003],[-44.00875825,-20.212976280000003],[-44.00884928,-20.212976280000003],[-44.00884928,-20.212839739999993]]]}},{"type":"Feature","id":"ide_210604_mg_analise_car_veg_2025_metrop_pol.99924","properties":{"fid":99924,"classe_":"VEGETACAO_2025"},"geometry":{"type":"Polygon","coordinates":[[[-44.00384255,-20.21871127],[-44.00384255,-20.21866575],[-44.00393358,-20.218665749999996],[-44.00393358,-20.218620240000003],[-44.0039791,-20.218620240000003],[-44.0039791,-20.218574719999985],[-44.00388806,-20.218574719999996],[-44.00388806,-20.21862024],[-44.00375152,-20.218620240000003],[-44.00375152,-20.21866575],[-44.003706,-20.218665749999996],[-44.003706,-20.218711269999993],[-44.00384255,-20.21871127]]]}},{"type":"Feature","id":"ide_210604_mg_analise_car_veg_2025_metrop_pol.100311","properties":{"fid":100311,"classe_":"VEGETACAO_2025"},"geometry":{"type":"Polygon","coordinates":[[[-43.99974613,-20.21511552],[-43.99979165,-20.21511552],[-43.99979165,-20.215161039999998],[-43.99988268,-20.215161039999998],[-43.99988268,-20.215206559999995],[-44.00001923,-20.21520656],[-44.00001923,-20.215161040000005],[-44.00006474,-20.21516104],[-44.00006474,-20.214933460000005],[-43.99997371,-20.214933459999997],[-43.99997371,-20.214978979999998],[-43.99988268,-20.214978980000005],[-43.99988268,-20.215024489999998],[-43.99974613,-20.215024489999998],[-43.99974613,-20.21511552]]]}},{"type":"Feature","id":"ide_210604_mg_analise_car_veg_2025_metrop_pol.101192","properties":{"fid":101192,"classe_":"VEGETACAO_2025"},"geometry":{"type":"MultiPolygon","coordinates":[[[[-44.00425219,-20.21425072],[-44.00402461,-20.21425072],[-44.00402461,-20.214296239999996],[-44.0039791,-20.214296240000003],[-44.0039791,-20.214341759999996],[-44.00393358,-20.214341760000003],[-44.00393358,-20.214387269999996],[-44.00388806,-20.214387269999992],[-44.00388806,-20.214432790000004],[-44.00384255,-20.21443278999999],[-44.00384255,-20.214478300000007],[-44.00379703,-20.214478299999996],[-44.00379703,-20.214523820000004],[-44.00375152,-20.214523819999993],[-44.00375152,-20.214660369999997],[-44.003706,-20.21466037],[-44.003706,-20.214751399999997],[-44.00366049,-20.214751399999997],[-44.00366049,-20.214842429999997],[-44.00361497,-20.214842429999994],[-44.00361497,-20.214887949999998],[-44.00352394,-20.21488795],[-44.00352394,-20.214933459999997],[-44.00343291,-20.214933459999997],[-44.00343291,-20.21497898],[-44.0031143,-20.214978980000005],[-44.0031143,-20.214933459999997],[-44.00302327,-20.214933459999994],[-44.00302327,-20.21488795],[-44.00297775,-20.21488795000001],[-44.00297775,-20.21497898],[-44.00293223,-20.21497898],[-44.00293223,-20.215525169999992],[-44.00288672,-20.215525169999996],[-44.00288672,-20.21588929],[-44.0028412,-20.215889289999996],[-44.0028412,-20.215934809999997],[-44.00275017,-20.215934810000004],[-44.00275017,-20.215980319999996],[-44.00270466,-20.215980319999996],[-44.00270466,-20.21602584],[-44.00265914,-20.21602584],[-44.00265914,-20.216071350000004],[-44.00261362,-20.21607135],[-44.00261362,-20.216162389999997],[-44.00648246,-20.216162389999997],[-44.00648246,-20.21602584],[-44.00643694,-20.216025840000004],[-44.00643694,-20.215889289999996],[-44.00639143,-20.215889289999996],[-44.00639143,-20.21584378],[-44.00634591,-20.215843779999993],[-44.00634591,-20.215752739999996],[-44.0063004,-20.21575274],[-44.0063004,-20.215707229999996],[-44.00634591,-20.215707229999996],[-44.00634591,-20.215616199999996],[-44.0063004,-20.215616199999996],[-44.0063004,-20.215525169999992],[-44.00625488,-20.21552517],[-44.00625488,-20.215479649999992],[-44.00620937,-20.215479649999995],[-44.00620937,-20.215206559999988],[-44.00625488,-20.215206559999995],[-44.00625488,-20.215115519999998],[-44.0063004,-20.21511552],[-44.0063004,-20.21507001],[-44.00625488,-20.215070009999998],[-44.00625488,-20.214978979999998],[-44.00616385,-20.214978979999998],[-44.00616385,-20.214933459999994],[-44.00611833,-20.214933460000005],[-44.00611833,-20.214842430000004],[-44.00607282,-20.214842430000004],[-44.00607282,-20.2147514],[-44.0060273,-20.2147514],[-44.0060273,-20.214705880000004],[-44.00579972,-20.21470588],[-44.00579972,-20.214660369999994],[-44.00570869,-20.214660370000004],[-44.00570869,-20.214614849999997],[-44.00561766,-20.214614849999997],[-44.00561766,-20.214569339999997],[-44.00552663,-20.21456934],[-44.00552663,-20.214614849999993],[-44.0054356,-20.214614849999997],[-44.0054356,-20.21511552],[-44.00529905,-20.215115519999998],[-44.00529905,-20.21507001],[-44.00525354,-20.215070009999998],[-44.00525354,-20.214796909999993],[-44.00534457,-20.214796910000004],[-44.00534457,-20.214660370000008],[-44.00529905,-20.214660369999994],[-44.00529905,-20.21461485],[-44.00520802,-20.214614849999993],[-44.00520802,-20.214569339999994],[-44.00511699,-20.21456934],[-44.00511699,-20.214523819999997],[-44.00507147,-20.214523819999997],[-44.00507147,-20.214705879999997],[-44.005025960000005,-20.214705879999993],[-44.005025960000005,-20.214751399999997],[-44.00493493,-20.2147514],[-44.00493493,-20.214705879999993],[-44.00484389,-20.21470588],[-44.00484389,-20.214660369999997],[-44.00470735,-20.214660370000008],[-44.00470735,-20.214614849999997],[-44.00461632,-20.214614849999997],[-44.00461632,-20.214523819999997],[-44.0045708,-20.214523819999997],[-44.0045708,-20.214387269999992],[-44.00452528,-20.214387269999992],[-44.00452528,-20.21434176],[-44.00447977,-20.21434176],[-44.00447977,-20.214296240000003],[-44.00443425000001,-20.214296240000003],[-44.00443425000001,-20.21425072],[-44.00438874,-20.21425072],[-44.00438874,-20.214205210000003],[-44.00425219,-20.21420521],[-44.00425219,-20.21425072]]],[[[-44.00766587,-20.21470587999999],[-44.00762035,-20.214705880000004],[-44.00762035,-20.214887949999998],[-44.00757484,-20.214887949999998],[-44.00757484,-20.215070009999998],[-44.00752932,-20.21507001],[-44.00752932,-20.215206559999988],[-44.00748381,-20.215206559999995],[-44.00748381,-20.215343100000005],[-44.00743829,-20.21534309999999],[-44.00743829,-20.215434129999995],[-44.00739278,-20.215434129999995],[-44.00739278,-20.21557067999999],[-44.00734726,-20.215570679999995],[-44.00734726,-20.215752740000003],[-44.00730174,-20.21575274],[-44.00730174,-20.215934809999997],[-44.00725623,-20.215934809999997],[-44.00725623,-20.21616239],[-44.00789345,-20.216162389999997],[-44.00789345,-20.21611687],[-44.00780242,-20.21611687],[-44.00780242,-20.21607135],[-44.0077569,-20.216071350000004],[-44.0077569,-20.215889289999996],[-44.00771139,-20.215889290000003],[-44.00771139,-20.215707229999996],[-44.00766587,-20.215707230000003],[-44.00766587,-20.215661709999996],[-44.00771139,-20.21566171],[-44.00771139,-20.215616199999996],[-44.00780242,-20.215616200000003],[-44.00780242,-20.21552516999999],[-44.00784793,-20.215525169999992],[-44.00784793,-20.2153431],[-44.00789345,-20.2153431],[-44.00789345,-20.21511552],[-44.00793896,-20.21511552],[-44.00793896,-20.21507001],[-44.00789345,-20.21507001],[-44.00789345,-20.214887950000005],[-44.00784793,-20.214887949999998],[-44.00784793,-20.214796909999993],[-44.00789345,-20.214796909999997],[-44.00789345,-20.214751399999997],[-44.00793896,-20.214751399999997],[-44.00793896,-20.214705879999997],[-44.00798448,-20.214705880000004],[-44.00798448,-20.214569339999997],[-44.00803,-20.214569340000004],[-44.00803,-20.214523819999997],[-44.00807551,-20.214523820000004],[-44.00807551,-20.21429624],[-44.00803,-20.21429624],[-44.00803,-20.21425072],[-44.00798448,-20.21425072],[-44.00798448,-20.21420521],[-44.00784793,-20.21420521],[-44.00784793,-20.21425072],[-44.00771139,-20.214250719999992],[-44.00771139,-20.214114180000003],[-44.00766587,-20.214114179999996],[-44.00766587,-20.21470587999999]]],[[[-44.0092134,-20.21293077],[-44.00894031,-20.212930769999996],[-44.00894031,-20.212976279999996],[-44.00884928,-20.212976280000003],[-44.00884928,-20.213021800000003],[-44.00889479,-20.21302179999999],[-44.00889479,-20.21306731999999],[-44.00903134,-20.21306732],[-44.00903134,-20.21311283],[-44.00912237,-20.213112829999993],[-44.00912237,-20.213158349999993],[-44.0092134,-20.213158349999997],[-44.0092134,-20.213203859999997],[-44.00925892,-20.213203859999997],[-44.00925892,-20.21288525],[-44.0092134,-20.21288525],[-44.0092134,-20.21293077]]]]}},{"type":"Feature","id":"ide_210604_mg_analise_car_veg_2025_metrop_pol.101440","properties":{"fid":101440,"classe_":"VEGETACAO_2025"},"geometry":{"type":"Polygon","coordinates":[[[-44.00843964,-20.22308078],[-44.008439640001804,-20.223136174002917],[-44.00860872423813,-20.223080780006256],[-44.00843964,-20.22308078]]]}},{"type":"Feature","id":"ide_210604_mg_analise_car_veg_2025_metrop_pol.101898","properties":{"fid":101898,"classe_":"VEGETACAO_2025"},"geometry":{"type":"Polygon","coordinates":[[[-44.00475286,-20.220122250000003],[-44.00470735,-20.220122249999996],[-44.00470735,-20.220167769999996],[-44.00466183,-20.220167769999993],[-44.00466183,-20.220213290000004],[-44.00461632,-20.220213289999997],[-44.00461632,-20.220304319999997],[-44.0045708,-20.22030432],[-44.0045708,-20.22034983],[-44.00452528,-20.22034982999999],[-44.00452528,-20.220440859999997],[-44.00447977,-20.22044085999999],[-44.00447977,-20.220486379999997],[-44.00443425000001,-20.220486380000004],[-44.00443425000001,-20.220531899999997],[-44.00434322,-20.2205319],[-44.00434322,-20.220577409999997],[-44.00429771,-20.22057741],[-44.00429771,-20.22062293],[-44.00420667,-20.220622929999998],[-44.00420667,-20.220668439999994],[-44.00416116,-20.22066844],[-44.00416116,-20.22071396],[-44.00407013,-20.220713959999998],[-44.00407013,-20.22075947],[-44.0039791,-20.220759469999994],[-44.0039791,-20.220804989999998],[-44.00393358,-20.22080499],[-44.00393358,-20.22085051],[-44.00384255,-20.22085050999999],[-44.00384255,-20.220896019999994],[-44.00379703,-20.220896019999998],[-44.00379703,-20.220941540000005],[-44.00375152,-20.22094154],[-44.00375152,-20.221214629999995],[-44.003706,-20.22121462999999],[-44.003706,-20.221305660000002],[-44.00375152,-20.221305659999995],[-44.00375152,-20.221351179999996],[-44.00366049,-20.221351180000003],[-44.00366049,-20.22139669],[-44.00343291,-20.221396689999995],[-44.00343291,-20.221442210000003],[-44.00388806,-20.221442210000003],[-44.00388806,-20.221351180000006],[-44.00416116,-20.221351179999996],[-44.00416116,-20.221260149999996],[-44.00429771,-20.221260149999992],[-44.00429771,-20.221214629999995],[-44.00438874,-20.22121463],[-44.00438874,-20.22116912],[-44.00443425000001,-20.221169119999995],[-44.00443425000001,-20.221123599999995],[-44.00452528,-20.2211236],[-44.00452528,-20.221078079999995],[-44.00461632,-20.22107808],[-44.00461632,-20.22103257],[-44.00466183,-20.221032569999995],[-44.00466183,-20.220987049999994],[-44.00475286,-20.22098705],[-44.00475286,-20.220850510000005],[-44.00479838,-20.220850510000005],[-44.00479838,-20.220804989999994],[-44.00493493,-20.22080499],[-44.00493493,-20.220759469999997],[-44.00498044,-20.22075947],[-44.00498044,-20.22071396],[-44.005025960000005,-20.220713959999994],[-44.005025960000005,-20.22062292999999],[-44.00507147,-20.220622929999998],[-44.00507147,-20.220577409999994],[-44.00511699,-20.220577409999997],[-44.00511699,-20.220486380000004],[-44.0051625,-20.22048638],[-44.0051625,-20.220440859999997],[-44.00520802,-20.220440859999997],[-44.00520802,-20.220349829999996],[-44.00525354,-20.220349829999996],[-44.00525354,-20.220304319999997],[-44.00529905,-20.220304319999993],[-44.00529905,-20.220258799999993],[-44.00534457,-20.220258799999993],[-44.00534457,-20.220167769999996],[-44.00539008,-20.220167769999996],[-44.00539008,-20.22012225],[-44.0054356,-20.220122250000003],[-44.0054356,-20.220076739999993],[-44.00552663,-20.22007674],[-44.00552663,-20.220031219999996],[-44.00557215,-20.22003122],[-44.00557215,-20.219985709999992],[-44.00561766,-20.21998571],[-44.00561766,-20.21994019],[-44.00566318,-20.219940190000003],[-44.00566318,-20.219894680000003],[-44.00570869,-20.219894680000003],[-44.00570869,-20.21984916],[-44.00575421,-20.219849160000003],[-44.00575421,-20.219803639999995],[-44.00584524,-20.219803640000002],[-44.00584524,-20.21975813],[-44.00589076000001,-20.219758129999995],[-44.00589076000001,-20.219712609999995],[-44.00593627,-20.21971261],[-44.00593627,-20.219621579999995],[-44.00598179,-20.21962158],[-44.00598179,-20.219576069999995],[-44.0060273,-20.21957607],[-44.0060273,-20.219485029999998],[-44.00607282,-20.219485029999994],[-44.00607282,-20.219439519999998],[-44.00611833,-20.21943952],[-44.00611833,-20.219394],[-44.00616385,-20.219393999999998],[-44.00616385,-20.219302969999998],[-44.00620937,-20.219302969999998],[-44.00620937,-20.21921194],[-44.00625488,-20.219211940000005],[-44.00625488,-20.219120910000004],[-44.0063004,-20.219120909999997],[-44.0063004,-20.21907539],[-44.00643694,-20.21907539],[-44.00643694,-20.219029879999997],[-44.00657349,-20.219029880000004],[-44.00657349,-20.21898436],[-44.00661901,-20.218984360000004],[-44.00661901,-20.21893885],[-44.00666452,-20.218938849999997],[-44.00666452,-20.218893329999997],[-44.00671004,-20.218893330000004],[-44.00671004,-20.218847810000003],[-44.00675556000001,-20.218847809999996],[-44.00675556000001,-20.218756780000003],[-44.00680107,-20.218756779999993],[-44.00680107,-20.21843817],[-44.00675556000001,-20.218438169999995],[-44.00675556000001,-20.218392659999996],[-44.00671004,-20.218392659999996],[-44.00671004,-20.218301620000002],[-44.00666452,-20.21830162],[-44.00666452,-20.218256109999995],[-44.00657349,-20.21825611],[-44.00657349,-20.218210589999998],[-44.00648246,-20.218210590000005],[-44.00648246,-20.21816508],[-44.00616385,-20.21816508],[-44.00616385,-20.218210589999998],[-44.00607282,-20.218210590000005],[-44.00607282,-20.218256110000002],[-44.0060273,-20.21825611],[-44.0060273,-20.21830162],[-44.00598179,-20.218301619999995],[-44.00598179,-20.21834714],[-44.00593627,-20.218347140000002],[-44.00593627,-20.218392659999992],[-44.00589076000001,-20.218392659999996],[-44.00589076000001,-20.218483689999992],[-44.00584524,-20.21848369],[-44.00584524,-20.218756780000003],[-44.00579972,-20.21875678],[-44.00579972,-20.218847810000003],[-44.00575421,-20.21884781],[-44.00575421,-20.218938849999997],[-44.00570869,-20.21893885],[-44.00570869,-20.219029880000004],[-44.00566318,-20.219029880000004],[-44.00566318,-20.21912091],[-44.00561766,-20.21912091],[-44.00561766,-20.21916642],[-44.00557215,-20.21916642],[-44.00557215,-20.219257460000005],[-44.00552663,-20.21925745999999],[-44.00552663,-20.219302969999994],[-44.00548111,-20.219302969999994],[-44.00548111,-20.219348489999998],[-44.0054356,-20.219348489999998],[-44.0054356,-20.219394],[-44.00539008,-20.219394],[-44.00539008,-20.21943952],[-44.00534457,-20.219439519999998],[-44.00534457,-20.21948503000001],[-44.00529905,-20.219485029999994],[-44.00529905,-20.21953055000001],[-44.00525354,-20.219530550000005],[-44.00525354,-20.21957607],[-44.0051625,-20.21957607],[-44.0051625,-20.219621580000002],[-44.00511699,-20.21962158],[-44.00511699,-20.2196671],[-44.00507147,-20.219667100000002],[-44.00507147,-20.219712609999995],[-44.005025960000005,-20.219712609999995],[-44.005025960000005,-20.219758129999995],[-44.00498044,-20.219758130000002],[-44.00498044,-20.219803640000002],[-44.00493493,-20.219803639999995],[-44.00493493,-20.21984916],[-44.00488941,-20.219849159999992],[-44.00488941,-20.219940190000003],[-44.00484389,-20.219940189999996],[-44.00484389,-20.219985710000003],[-44.00479838,-20.21998571],[-44.00479838,-20.220031219999996],[-44.00475286,-20.220031220000003],[-44.00475286,-20.220122250000003]]]}},{"type":"Feature","id":"ide_210604_mg_analise_car_veg_2025_metrop_pol.103952","properties":{"fid":103952,"classe_":"VEGETACAO_2025"},"geometry":{"type":"Polygon","coordinates":[[[-44.0054356,-20.21252113],[-44.00557215,-20.21252113],[-44.00557215,-20.21256664],[-44.00566318,-20.212566639999995],[-44.00566318,-20.212612160000003],[-44.00570869,-20.212612159999995],[-44.00570869,-20.212657669999995],[-44.00575421,-20.212657670000002],[-44.00575421,-20.21274871],[-44.00570869,-20.212748710000003],[-44.00570869,-20.21279422],[-44.00593627,-20.212794219999996],[-44.00593627,-20.212839740000007],[-44.0060273,-20.21283974],[-44.0060273,-20.212885249999992],[-44.00625488,-20.21288525],[-44.00625488,-20.21283974],[-44.00634591,-20.212839739999996],[-44.00634591,-20.212794220000003],[-44.00648246,-20.21279422],[-44.00648246,-20.212748709999996],[-44.00652798,-20.21274871],[-44.00652798,-20.212703190000003],[-44.00657349,-20.212703189999992],[-44.00657349,-20.212657670000002],[-44.00666452,-20.21265767],[-44.00666452,-20.212612160000003],[-44.00675556000001,-20.212612159999995],[-44.00675556000001,-20.212521130000003],[-44.00680107,-20.21252113],[-44.00680107,-20.21247561],[-44.0068921,-20.212475610000002],[-44.0068921,-20.212384579999995],[-44.00661901,-20.212384579999995],[-44.00661901,-20.21233906],[-44.00607282,-20.21233906],[-44.00607282,-20.212293550000005],[-44.00579972,-20.212293550000005],[-44.00579972,-20.212248029999994],[-44.00561766,-20.212248030000005],[-44.00561766,-20.212202519999998],[-44.00548111,-20.21220252],[-44.00548111,-20.21238458],[-44.0054356,-20.21238458],[-44.0054356,-20.21252113]]]}},{"type":"Feature","id":"ide_210604_mg_analise_car_veg_2025_metrop_pol.104239","properties":{"fid":104239,"classe_":"VEGETACAO_2025"},"geometry":{"type":"Polygon","coordinates":[[[-44.01508493,-20.207787489999994],[-44.01503942,-20.20778749],[-44.01503942,-20.208060590000002],[-44.0149939,-20.20806059],[-44.0149939,-20.208925379999993],[-44.01503942,-20.208925379999993],[-44.01503942,-20.208970900000008],[-44.01508493,-20.20897089999999],[-44.01508493,-20.209107450000005],[-44.01503942,-20.209107449999998],[-44.01503942,-20.20919848000001],[-44.01513045,-20.209198480000005],[-44.01513045,-20.20924399],[-44.01522148,-20.209243989999994],[-44.01522148,-20.208697809999997],[-44.01513045,-20.208697809999997],[-44.01513045,-20.208606770000006],[-44.01522148,-20.208606769999996],[-44.01522148,-20.208424709999996],[-44.01513045,-20.20842471],[-44.01513045,-20.208333679999992],[-44.01503942,-20.208333679999992],[-44.01503942,-20.20824265],[-44.01513045,-20.20824265],[-44.01513045,-20.20806058999999],[-44.01522148,-20.208060590000006],[-44.01522148,-20.20796955],[-44.01531251,-20.207969549999998],[-44.01531251,-20.207878520000005],[-44.01540354,-20.20787852],[-44.01540354,-20.20778749],[-44.01531251,-20.20778749],[-44.01531251,-20.20774198],[-44.01517597,-20.20774198],[-44.01517597,-20.20769646],[-44.01513045,-20.20769646],[-44.01513045,-20.20765094],[-44.01508493,-20.20765094],[-44.01508493,-20.207787489999994]]]}},{"type":"Feature","id":"ide_210604_mg_analise_car_veg_2025_metrop_pol.104837","properties":{"fid":104837,"classe_":"VEGETACAO_2025"},"geometry":{"type":"MultiPolygon","coordinates":[[[[-43.99892685,-20.219621579999995],[-43.99892685,-20.219530549999995],[-43.99888133,-20.21953054999999],[-43.99888133,-20.219485030000005],[-43.99883582,-20.219485029999998],[-43.99883582,-20.219439520000005],[-43.9987903,-20.219439519999995],[-43.9987903,-20.219393999999998],[-43.99874479000001,-20.219393999999994],[-43.99874479000001,-20.219348490000005],[-43.99865376000001,-20.21934849],[-43.99865376000001,-20.219302969999998],[-43.99856862575192,-20.21930297000143],[-43.99881222878447,-20.219621580007153],[-43.99892685,-20.219621579999995]]],[[[-43.99856272,-20.219257459999998],[-43.998535454011275,-20.21925746000495],[-43.99856272000005,-20.21929486760268],[-43.99856272,-20.219257459999998]]]]}},{"type":"Feature","id":"ide_210604_mg_analise_car_veg_2025_metrop_pol.105303","properties":{"fid":105303,"classe_":"VEGETACAO_2025"},"geometry":{"type":"Polygon","coordinates":[[[-44.01258157,-20.207423369999994],[-44.01258157,-20.207377849999997],[-44.01253605000001,-20.207377850000004],[-44.01253605000001,-20.207423369999994],[-44.01258157,-20.207423369999994]]]}},{"type":"Feature","id":"ide_210604_mg_analise_car_veg_2025_metrop_pol.107805","properties":{"fid":107805,"classe_":"VEGETACAO_2025"},"geometry":{"type":"Polygon","coordinates":[[[-44.02013718,-20.21010879],[-44.02013718,-20.21006328],[-44.02009166,-20.21006328],[-44.02009166,-20.21010879],[-44.02013718,-20.21010879]]]}},{"type":"Feature","id":"ide_210604_mg_analise_car_veg_2025_metrop_pol.108621","properties":{"fid":108621,"classe_":"VEGETACAO_2025"},"geometry":{"type":"Polygon","coordinates":[[[-44.0184531,-20.217664399999997],[-44.0184531,-20.217573369999993],[-44.01836207,-20.21757337],[-44.01836207,-20.217664399999993],[-44.0184531,-20.217664399999997]]]}},{"type":"Feature","id":"ide_210604_mg_analise_car_veg_2025_metrop_pol.108811","properties":{"fid":108811,"classe_":"VEGETACAO_2025"},"geometry":{"type":"Polygon","coordinates":[[[-44.00329636,-20.20633099],[-44.00329636,-20.20637649999999],[-44.00320533,-20.206376499999994],[-44.00320533,-20.206422019999998],[-44.00315981,-20.20642202],[-44.00315981,-20.20678615],[-44.0028412,-20.206786149999996],[-44.0028412,-20.206740630000002],[-44.00279569,-20.206740629999995],[-44.00279569,-20.206786149999996],[-44.00275017,-20.206786149999996],[-44.00275017,-20.206831659999995],[-44.00270466,-20.20683166],[-44.00270466,-20.206922689999995],[-44.00265914,-20.20692269],[-44.00265914,-20.206968210000003],[-44.00261362,-20.206968209999992],[-44.00261362,-20.207059239999996],[-44.00256811,-20.207059239999996],[-44.00256811,-20.207150270000003],[-44.00193089,-20.20715027],[-44.00193089,-20.207195789999997],[-44.00165779,-20.207195789999997],[-44.00165779,-20.207241299999993],[-44.00147573,-20.20724129999999],[-44.00147573,-20.207286819999993],[-44.0013847,-20.207286820000004],[-44.0013847,-20.208015069999988],[-44.00143021,-20.20801507],[-44.00143021,-20.20796955],[-44.00147573,-20.207969549999994],[-44.00147573,-20.207924040000005],[-44.00152125,-20.207924039999998],[-44.00152125,-20.207514399999994],[-44.00170331,-20.207514399999997],[-44.00170331,-20.207559909999997],[-44.00188537,-20.207559910000004],[-44.00188537,-20.20769646],[-44.00247708,-20.20769646],[-44.00247708,-20.207878520000005],[-44.00252259,-20.207878520000005],[-44.00252259,-20.20828815999999],[-44.00256811,-20.208288159999995],[-44.00256811,-20.20847022999999],[-44.00261362,-20.208470229999996],[-44.00261362,-20.208561260000003],[-44.00293223,-20.20856126],[-44.00293223,-20.20851574],[-44.00297775,-20.208515740000003],[-44.00297775,-20.208470229999993],[-44.00306878,-20.20847023],[-44.00306878,-20.208424710000006],[-44.0031143,-20.208424709999996],[-44.0031143,-20.20801507],[-44.00306878,-20.208015070000005],[-44.00306878,-20.20765094],[-44.00302327,-20.207650940000004],[-44.00302327,-20.207377849999993],[-44.00306878,-20.207377849999997],[-44.00306878,-20.20733233],[-44.0031143,-20.207332330000003],[-44.0031143,-20.207241299999996],[-44.00315981,-20.2072413],[-44.00315981,-20.20719578999999],[-44.00320533,-20.207195789999993],[-44.00320533,-20.207104760000007],[-44.00325084,-20.207104759999993],[-44.00325084,-20.20705923999999],[-44.00329636,-20.20705924],[-44.00329636,-20.20696821],[-44.00334188,-20.206968210000003],[-44.00334188,-20.206922690000003],[-44.00343291,-20.206922690000003],[-44.00343291,-20.206831659999995],[-44.00347842,-20.206831659999995],[-44.00347842,-20.206786149999996],[-44.00352394,-20.206786149999996],[-44.00352394,-20.20674062999999],[-44.00356945000001,-20.206740629999995],[-44.00356945000001,-20.20669511],[-44.00361497,-20.20669510999999],[-44.00361497,-20.2066496],[-44.00352394,-20.20664959999999],[-44.00352394,-20.206604080000005],[-44.00347842,-20.206604079999998],[-44.00347842,-20.206513049999998],[-44.00366049,-20.206513049999998],[-44.00366049,-20.206558569999995],[-44.00375152,-20.206558569999995],[-44.00375152,-20.2066496],[-44.00384255,-20.206649600000006],[-44.00384255,-20.206604080000005],[-44.00388806,-20.206604079999995],[-44.00388806,-20.206513050000005],[-44.0039791,-20.206513050000005],[-44.0039791,-20.20642202],[-44.00402461,-20.206422019999994],[-44.00402461,-20.20633099],[-44.00411564,-20.20633099],[-44.00411564,-20.206239959999998],[-44.00420667,-20.206239959999994],[-44.00420667,-20.206194440000004],[-44.00429771,-20.206194439999997],[-44.00429771,-20.206148929999998],[-44.00434322,-20.20614893],[-44.00434322,-20.206103410000004],[-44.00438874,-20.206103409999997],[-44.00438874,-20.20605789],[-44.00443425000001,-20.20605789],[-44.00443425000001,-20.206012379999997],[-44.00447977,-20.206012379999997],[-44.00447977,-20.205966859999993],[-44.0045708,-20.205966859999997],[-44.0045708,-20.205921349999997],[-44.00461632,-20.205921349999993],[-44.00461632,-20.20587582999999],[-44.00470735,-20.20587583],[-44.00470735,-20.20583031],[-44.00493493,-20.20583031],[-44.00493493,-20.205784800000004],[-44.005025960000005,-20.205784799999993],[-44.005025960000005,-20.205739279999996],[-44.00511699,-20.205739279999996],[-44.00511699,-20.205693770000003],[-44.0051625,-20.20569377],[-44.0051625,-20.205511699999988],[-44.00379703,-20.20551169999999],[-44.00379703,-20.20555722],[-44.00388806,-20.205557219999996],[-44.00388806,-20.205602739999996],[-44.00402461,-20.20560274],[-44.00402461,-20.205693769999996],[-44.0039791,-20.205693769999993],[-44.0039791,-20.205739279999992],[-44.00393358,-20.205739280000003],[-44.00393358,-20.205784799999996],[-44.00388806,-20.205784799999996],[-44.00388806,-20.205830309999993],[-44.00384255,-20.205830309999996],[-44.00384255,-20.205875829999997],[-44.00379703,-20.20587582999999],[-44.00379703,-20.205966859999993],[-44.00375152,-20.205966860000007],[-44.00375152,-20.206012379999997],[-44.003706,-20.206012379999997],[-44.003706,-20.20610341],[-44.00366049,-20.20610341],[-44.00366049,-20.20619444],[-44.00361497,-20.206194440000004],[-44.00361497,-20.206239959999994],[-44.00352394,-20.206239960000005],[-44.00352394,-20.206285469999997],[-44.00338739,-20.206285469999994],[-44.00338739,-20.20633099],[-44.00329636,-20.20633099]]]}},{"type":"Feature","id":"ide_210604_mg_analise_car_veg_2025_metrop_pol.109054","properties":{"fid":109054,"classe_":"VEGETACAO_2025"},"geometry":{"type":"Polygon","coordinates":[[[-43.99874479000001,-20.20642202],[-43.99874479000001,-20.206467540000002],[-43.9987903,-20.206467539999995],[-43.9987903,-20.206513050000005],[-43.99883582,-20.206513049999998],[-43.99883582,-20.206558570000002],[-43.99888133,-20.206558569999995],[-43.99888133,-20.206604079999998],[-43.99892685,-20.206604079999998],[-43.99892685,-20.20669511],[-43.99897237,-20.206695110000002],[-43.99897237,-20.20674063],[-43.99901788,-20.206740630000002],[-43.99901788,-20.206786149999996],[-43.9990634,-20.206786149999996],[-43.9990634,-20.20687718],[-43.99910891,-20.206877180000003],[-43.99910891,-20.20692269],[-43.99915443,-20.20692269],[-43.99915443,-20.20696821],[-43.99924546,-20.20696821],[-43.99924546,-20.207013719999992],[-43.99933649,-20.207013720000003],[-43.99933649,-20.207059239999996],[-43.99951855,-20.207059239999996],[-43.99951855,-20.207104759999996],[-43.99960959,-20.20710476],[-43.99960959,-20.206558569999995],[-43.99956407,-20.20655857],[-43.99956407,-20.206513049999995],[-43.99951855,-20.206513050000005],[-43.99951855,-20.20646753999999],[-43.99947304,-20.206467539999995],[-43.99947304,-20.20642202],[-43.999427520000005,-20.206422019999994],[-43.999427520000005,-20.206330989999994],[-43.99938201,-20.206330989999994],[-43.99938201,-20.206285469999997],[-43.99933649,-20.206285469999997],[-43.99933649,-20.206194440000004],[-43.99929098,-20.20619444],[-43.99929098,-20.206148929999998],[-43.99924546,-20.20614893],[-43.99924546,-20.20610341],[-43.99919994,-20.20610341],[-43.99919994,-20.20605789],[-43.99910891,-20.206057890000007],[-43.99910891,-20.206012380000004],[-43.9990634,-20.206012380000008],[-43.9990634,-20.205966860000004],[-43.99897237,-20.205966859999997],[-43.99897237,-20.205921350000004],[-43.99888133,-20.205921349999993],[-43.99888133,-20.20587582999999],[-43.998793197779655,-20.20587583009205],[-43.998703727453844,-20.20616170402385],[-43.998534824294346,-20.20642202003773],[-43.99874479000001,-20.20642202]]]}},{"type":"Feature","id":"ide_210604_mg_analise_car_veg_2025_metrop_pol.109339","properties":{"fid":109339,"classe_":"VEGETACAO_2025"},"geometry":{"type":"Polygon","coordinates":[[[-44.00912237,-20.214387269999992],[-44.00912237,-20.214341760000007],[-44.00907686,-20.214341759999996],[-44.00907686,-20.214387269999992],[-44.00912237,-20.214387269999992]]]}},{"type":"Feature","id":"ide_210604_mg_analise_car_veg_2025_metrop_pol.109354","properties":{"fid":109354,"classe_":"VEGETACAO_2025"},"geometry":{"type":"Polygon","coordinates":[[[-43.99983716,-20.21875677999999],[-43.99974613,-20.21875678],[-43.99974613,-20.218711269999996],[-43.9996551,-20.218711269999996],[-43.9996551,-20.21866575],[-43.99960959,-20.21866575],[-43.99960959,-20.218529199999995],[-43.99951855,-20.218529199999995],[-43.99951855,-20.218574719999992],[-43.99933649,-20.218574719999992],[-43.99933649,-20.218620240000007],[-43.99888133,-20.21862023999999],[-43.99888133,-20.218665749999996],[-43.99869927,-20.21866575],[-43.99869927,-20.218711269999996],[-43.99874479000001,-20.218711269999993],[-43.99874479000001,-20.218802299999997],[-43.9987903,-20.218802299999997],[-43.9987903,-20.218847809999996],[-43.99874479000001,-20.21884781],[-43.99874479000001,-20.218893330000007],[-43.99869927,-20.218893330000004],[-43.99869927,-20.218938849999997],[-43.99860824,-20.218938849999994],[-43.99860824,-20.218984359999997],[-43.99851721,-20.218984360000007],[-43.99851721,-20.219029879999997],[-43.99838201553189,-20.219029880035567],[-43.998535454011275,-20.21925746000495],[-43.99856272,-20.219257459999998],[-43.99856862575192,-20.21930297000143],[-43.99865376000001,-20.219302969999998],[-43.99865376000001,-20.21934849],[-43.99874479000001,-20.219348490000005],[-43.99874479000001,-20.219393999999994],[-43.9987903,-20.219393999999998],[-43.9987903,-20.219439519999995],[-43.99883582,-20.219439520000005],[-43.99883582,-20.219485029999998],[-43.99888133,-20.219485030000005],[-43.99888133,-20.21953054999999],[-43.99892685,-20.219530549999995],[-43.99892685,-20.219394],[-43.99897237,-20.219393999999994],[-43.99897237,-20.219257459999998],[-43.99892685,-20.219257459999998],[-43.99892685,-20.218984359999997],[-43.99897237,-20.21898436],[-43.99897237,-20.21893885],[-43.9990634,-20.218938849999997],[-43.9990634,-20.219075389999997],[-43.99919994,-20.219075389999993],[-43.99919994,-20.219166420000004],[-43.99915443,-20.219166419999997],[-43.99915443,-20.219758129999995],[-43.99947304,-20.21975813],[-43.99947304,-20.21980364],[-43.99956407,-20.219803640000002],[-43.99956407,-20.21984916],[-43.99983716,-20.219849160000003],[-43.99983716,-20.219894679999996],[-43.99988268,-20.21989468],[-43.99988268,-20.219940190000003],[-44.00015577,-20.219940189999992],[-44.00015577,-20.219894679999996],[-44.00038335,-20.219894679999996],[-44.00038335,-20.219940190000003],[-44.00042887,-20.219940190000003],[-44.00042887,-20.22003122],[-44.00038335,-20.220031219999992],[-44.00038335,-20.220122249999996],[-44.00029232000001,-20.220122249999996],[-44.00029232000001,-20.220167769999993],[-43.9999282,-20.22016777],[-43.9999282,-20.2202588],[-43.99960959,-20.2202588],[-43.99960959,-20.220304320000004],[-43.9996551,-20.22030431999999],[-43.9996551,-20.220349830000004],[-43.99970062,-20.22034983],[-43.99970062,-20.220395349999997],[-43.99974613,-20.220395349999993],[-43.99974613,-20.220440859999993],[-43.99979165,-20.220440859999997],[-43.99979165,-20.220486379999997],[-43.99983716,-20.22048638],[-43.99983716,-20.2205319],[-43.99988268,-20.220531899999994],[-43.99988268,-20.22057741],[-43.9999282,-20.220577409999997],[-43.999928200000035,-20.220666261969154],[-43.99997371,-20.220668439999997],[-43.99997371000006,-20.22070086176437],[-43.99999248963606,-20.220713960003863],[-44.00006474,-20.22071396],[-44.00006474,-20.220759469999997],[-44.00011026,-20.22075947],[-44.000110260000056,-20.220796101248226],[-44.00012300430196,-20.220804990001195],[-44.00020129,-20.220804990000005],[-44.00020129,-20.22075947],[-44.00029232000001,-20.22075947],[-44.00029232000001,-20.220668439999994],[-44.00033784,-20.220668439999997],[-44.00033784,-20.220531899999994],[-44.00038335,-20.220531899999997],[-44.00038335,-20.220440859999997],[-44.00042887,-20.220440859999997],[-44.00042887,-20.22039535],[-44.00047438,-20.22039534999999],[-44.00047438,-20.220349830000004],[-44.0005199,-20.220349829999993],[-44.0005199,-20.22030432],[-44.00056542,-20.22030432],[-44.00056542,-20.2202588],[-44.00061093,-20.220258799999996],[-44.00061093,-20.22016777],[-44.00065645,-20.22016776999999],[-44.00065645,-20.220122250000003],[-44.00070196,-20.22012224999999],[-44.00070196,-20.220076739999993],[-44.00074748,-20.22007674],[-44.00074748,-20.22003122],[-44.00079299,-20.220031219999996],[-44.00079299,-20.219985709999996],[-44.00088403,-20.219985709999992],[-44.00088403,-20.219940190000003],[-44.00092954,-20.219940190000003],[-44.00092954,-20.21989468],[-44.00097506,-20.219894679999992],[-44.00097506,-20.21984916],[-44.00102057,-20.219849160000003],[-44.00102057,-20.219712610000002],[-44.00106609000001,-20.21971261],[-44.00106609000001,-20.21957607],[-44.0011116,-20.21957607],[-44.0011116,-20.21948503],[-44.00115712000001,-20.21948502999999],[-44.00115712000001,-20.219393999999998],[-44.00120264,-20.219394000000005],[-44.00120264,-20.219348489999998],[-44.00124815,-20.219348489999998],[-44.00124815,-20.219257460000005],[-44.00129367,-20.219257459999998],[-44.00129367,-20.21921194],[-44.0013847,-20.219211939999994],[-44.0013847,-20.219166419999997],[-44.00143021,-20.21916642],[-44.00143021,-20.21912091],[-44.00120264,-20.21912091],[-44.00120264,-20.21898436],[-44.00115712000001,-20.218984360000004],[-44.00115712000001,-20.218893329999997],[-44.0011116,-20.218893329999997],[-44.0011116,-20.218847809999993],[-44.00097506,-20.218847810000003],[-44.00097506,-20.21862024],[-44.00102057,-20.21862024],[-44.00102057,-20.218574719999992],[-44.00129367,-20.218574719999992],[-44.00129367,-20.218483690000003],[-44.00133918,-20.218483690000003],[-44.00133918,-20.218438169999995],[-44.00156676,-20.218438170000002],[-44.00156676,-20.218210589999998],[-44.00161228,-20.218210589999998],[-44.00161228,-20.218165079999995],[-44.00174882,-20.218165079999995],[-44.00174882,-20.21811956],[-44.00183986,-20.218119560000005],[-44.00183986,-20.218074049999995],[-44.00215847,-20.21807404999999],[-44.00215847,-20.218119559999995],[-44.0022495,-20.21811956],[-44.0022495,-20.218074049999995],[-44.00229501,-20.218074049999995],[-44.00229501,-20.21802852999999],[-43.99929098,-20.21802853],[-43.99929098,-20.218074049999995],[-43.99938201,-20.218074049999995],[-43.99938201,-20.218119560000005],[-43.999427520000005,-20.21811956000001],[-43.999427520000005,-20.21816508],[-43.99951855,-20.218165079999995],[-43.99951855,-20.218210590000005],[-43.99956407,-20.218210589999995],[-43.99956407,-20.21825611],[-43.99960959,-20.21825610999999],[-43.99960959,-20.21834713999999],[-43.9996551,-20.21834713999999],[-43.9996551,-20.21839265999999],[-43.99988268,-20.218392659999992],[-43.99988268,-20.218574719999996],[-43.99983716,-20.218574719999992],[-43.99983716,-20.21875677999999]]]}},{"type":"Feature","id":"ide_210604_mg_analise_car_veg_2025_metrop_pol.109407","properties":{"fid":109407,"classe_":"VEGETACAO_2025"},"geometry":{"type":"Polygon","coordinates":[[[-44.01189883,-20.212020450000004],[-44.01185332,-20.21202045],[-44.01185332,-20.212157],[-44.01189883,-20.212156999999998],[-44.01189883,-20.212020450000004]]]}},{"type":"Feature","id":"ide_210604_mg_analise_car_veg_2025_metrop_pol.109472","properties":{"fid":109472,"classe_":"VEGETACAO_2025"},"geometry":{"type":"Polygon","coordinates":[[[-43.99815308,-20.21288525],[-43.99815308,-20.212794220000003],[-43.99810757,-20.212794219999992],[-43.99810757,-20.212885249999992],[-43.99815308,-20.21288525]]]}},{"type":"Feature","id":"ide_210604_mg_analise_car_veg_2025_metrop_pol.109628","properties":{"fid":109628,"classe_":"VEGETACAO_2025"},"geometry":{"type":"Polygon","coordinates":[[[-44.00024681,-20.210336369999993],[-44.00020129,-20.21033637],[-44.00020129,-20.210381889999994],[-44.00015577,-20.21038188999999],[-44.00015577,-20.21047292],[-44.00011026,-20.21047292],[-44.00011026,-20.21051844],[-44.00015577,-20.210518439999998],[-44.00015577,-20.210563949999994],[-44.00020129,-20.210563950000004],[-44.00020129,-20.21051844],[-44.00024681,-20.210518439999998],[-44.00024681,-20.21047292],[-44.00033784,-20.210472919999994],[-44.00033784,-20.21033637],[-44.00029232000001,-20.210336370000004],[-44.00029232000001,-20.210290859999997],[-44.00024681,-20.210290859999994],[-44.00024681,-20.210336369999993]]]}},{"type":"Feature","id":"ide_210604_mg_analise_car_veg_2025_metrop_pol.109885","properties":{"fid":109885,"classe_":"VEGETACAO_2025"},"geometry":{"type":"Polygon","coordinates":[[[-44.00416116,-20.205147580000002],[-44.00402461,-20.20514757999999],[-44.00402461,-20.205102059999998],[-44.003706,-20.205102060000005],[-44.003706,-20.205056550000002],[-44.00356945000001,-20.205056549999995],[-44.00356945000001,-20.204965519999995],[-44.00379703,-20.20496552],[-44.00379703,-20.20487448],[-44.00375152,-20.204874480000004],[-44.00375152,-20.204828969999998],[-44.003706,-20.204828969999994],[-44.003706,-20.204783450000004],[-44.00366049,-20.20478345],[-44.00366049,-20.204737939999998],[-44.00361497,-20.204737939999998],[-44.00361497,-20.204692419999997],[-44.00356945000001,-20.204692420000004],[-44.00356945000001,-20.204646909999994],[-44.00352394,-20.204646909999994],[-44.00352394,-20.204555870000004],[-44.00347842,-20.204555870000004],[-44.00347842,-20.204464839999996],[-44.00343291,-20.204464839999996],[-44.00343291,-20.2043283],[-44.00338739,-20.204328299999997],[-44.00338739,-20.204191749999996],[-44.00334188,-20.204191750000003],[-44.00334188,-20.20410071999999],[-44.00329636,-20.204100719999996],[-44.00329636,-20.204009689999996],[-44.00325084,-20.204009689999992],[-44.00325084,-20.203964169999995],[-44.00320533,-20.203964169999995],[-44.00320533,-20.203873139999995],[-44.00315981,-20.203873140000002],[-44.00315981,-20.20382762],[-44.0031143,-20.203827619999995],[-44.0031143,-20.203782109999995],[-44.00306878,-20.203782109999995],[-44.00306878,-20.20373659],[-44.00302327,-20.203736589999995],[-44.00302327,-20.203691079999995],[-44.00297775,-20.203691080000002],[-44.00297775,-20.204828970000005],[-44.00302327,-20.204828970000005],[-44.00302327,-20.20491999999999],[-44.00306878,-20.204919999999994],[-44.00306878,-20.20496551999999],[-44.0031143,-20.20496551999999],[-44.0031143,-20.20501103],[-44.00315981,-20.205011030000005],[-44.00315981,-20.205056549999995],[-44.00320533,-20.20505654999999],[-44.00320533,-20.205102060000005],[-44.00325084,-20.205102059999998],[-44.00325084,-20.205147579999995],[-44.00329636,-20.205147579999995],[-44.00329636,-20.20523861],[-44.00338739,-20.205238610000002],[-44.00338739,-20.20528413],[-44.00343291,-20.20528413],[-44.00343291,-20.205329639999995],[-44.00347842,-20.205329639999995],[-44.00347842,-20.20537516],[-44.00356945000001,-20.205375159999996],[-44.00356945000001,-20.205420669999995],[-44.00361497,-20.205420670000002],[-44.00361497,-20.205466189999996],[-44.003706,-20.205466189999992],[-44.003706,-20.205511699999995],[-44.00520802,-20.205511699999995],[-44.00520802,-20.205466190000003],[-44.00529905,-20.205466189999996],[-44.00529905,-20.20514757999999],[-44.00534457,-20.205147579999995],[-44.00534457,-20.20505654999999],[-44.00529905,-20.205056550000002],[-44.00529905,-20.20487448],[-44.00525354,-20.204874480000004],[-44.00525354,-20.204464839999996],[-44.00529905,-20.204464839999996],[-44.00529905,-20.20437381],[-44.00534457,-20.204373809999996],[-44.00534457,-20.2043283],[-44.00539008,-20.204328299999997],[-44.00539008,-20.204282779999993],[-44.0054356,-20.204282779999993],[-44.0054356,-20.204237259999996],[-44.00548111,-20.204237259999996],[-44.00548111,-20.20419175],[-44.00552663,-20.204191749999996],[-44.00552663,-20.204146229999996],[-44.00557215,-20.204146229999992],[-44.00557215,-20.204100719999996],[-44.00566318,-20.204100719999992],[-44.00566318,-20.204055200000006],[-44.00579972,-20.204055200000003],[-44.00579972,-20.204009690000003],[-44.00593627,-20.20400969],[-44.00593627,-20.20396417],[-44.00598179,-20.20396417],[-44.00598179,-20.20382762],[-44.00607282,-20.20382762],[-44.00607282,-20.203736590000002],[-44.00611833,-20.203736589999995],[-44.00611833,-20.203691080000002],[-44.00616385,-20.203691080000002],[-44.00616385,-20.203463499999998],[-44.00620937,-20.203463499999998],[-44.00620937,-20.20341798],[-44.00607282,-20.203417979999998],[-44.00607282,-20.2034635],[-44.00575421,-20.203463499999998],[-44.00575421,-20.203509009999998],[-44.00557215,-20.203509010000005],[-44.00557215,-20.20355453],[-44.0054356,-20.203554530000005],[-44.0054356,-20.20360004],[-44.00534457,-20.203600039999998],[-44.00534457,-20.20364556],[-44.00525354,-20.20364556],[-44.00525354,-20.203691080000002],[-44.00520802,-20.203691080000002],[-44.00520802,-20.20373659],[-44.00511699,-20.203736590000002],[-44.00511699,-20.20378210999999],[-44.00507147,-20.203782109999988],[-44.00507147,-20.20382762],[-44.005025960000005,-20.20382762],[-44.005025960000005,-20.203918650000002],[-44.00498044,-20.20391865],[-44.00498044,-20.20396417],[-44.00493493,-20.203964170000006],[-44.00493493,-20.204009690000003],[-44.00488941,-20.204009689999992],[-44.00488941,-20.2040552],[-44.00484389,-20.204055199999996],[-44.00484389,-20.20410072],[-44.00479838,-20.20410072],[-44.00479838,-20.20419174999999],[-44.00475286,-20.204191750000003],[-44.00475286,-20.204282780000003],[-44.00470735,-20.204282779999993],[-44.00470735,-20.204464839999996],[-44.00466183,-20.204464839999996],[-44.00466183,-20.204919999999998],[-44.00470735,-20.204920000000005],[-44.00470735,-20.20501103000001],[-44.00475286,-20.20501103],[-44.00475286,-20.20528413],[-44.00461632,-20.20528413],[-44.00461632,-20.20523861000001],[-44.00447977,-20.205238609999995],[-44.00447977,-20.205193090000005],[-44.00434322,-20.205193090000005],[-44.00434322,-20.205147580000002],[-44.00420667,-20.20514758],[-44.00420667,-20.205102059999994],[-44.00416116,-20.20510205999999],[-44.00416116,-20.205147580000002]]]}},{"type":"Feature","id":"ide_210604_mg_analise_car_veg_2025_metrop_pol.110472","properties":{"fid":110472,"classe_":"VEGETACAO_2025"},"geometry":{"type":"Polygon","coordinates":[[[-44.01745175,-20.20819713],[-44.01740624,-20.208197130000006],[-44.01740624,-20.208242649999995],[-44.01745175,-20.20824265],[-44.01745175,-20.20819713]]]}},{"type":"Feature","id":"ide_210604_mg_analise_car_veg_2025_metrop_pol.110116","properties":{"fid":110116,"classe_":"VEGETACAO_2025"},"geometry":{"type":"Polygon","coordinates":[[[-44.02009166,-20.2098357],[-44.02009166,-20.20969914999999],[-44.02000063,-20.209699149999988],[-44.02000063,-20.209835699999996],[-44.02009166,-20.2098357]]]}},{"type":"Feature","id":"ide_210604_mg_analise_car_veg_2025_metrop_pol.110362","properties":{"fid":110362,"classe_":"VEGETACAO_2025"},"geometry":{"type":"Polygon","coordinates":[[[-44.00261362,-20.2219884],[-44.00279569,-20.221988399999997],[-44.00279569,-20.221897370000004],[-44.00288672,-20.22189737],[-44.00288672,-20.221806339999993],[-44.00270466,-20.22180634],[-44.00270466,-20.221851850000004],[-44.00243156,-20.221851849999993],[-44.00243156,-20.22189737],[-44.00211295,-20.221897369999997],[-44.00261362000003,-20.222077555547322],[-44.00261362,-20.2219884]]]}},{"type":"Feature","id":"ide_210604_mg_analise_car_veg_2025_metrop_pol.110526","properties":{"fid":110526,"classe_":"VEGETACAO_2025"},"geometry":{"type":"Polygon","coordinates":[[[-44.01890825,-20.215707229999996],[-44.01890825,-20.215752739999996],[-44.01895377,-20.21575274],[-44.01895377,-20.21584378],[-44.01896549240344,-20.21584378000416],[-44.018984210547785,-20.21570723001311],[-44.01890825,-20.215707229999996]]]}},{"type":"Feature","id":"ide_210604_mg_analise_car_veg_2025_metrop_pol.110753","properties":{"fid":110753,"classe_":"VEGETACAO_2025"},"geometry":{"type":"Polygon","coordinates":[[[-44.0013847,-20.209790180000002],[-44.0013847,-20.209881209999995],[-44.00143021,-20.209881209999995],[-44.00143021,-20.20997225],[-44.00152125,-20.209972249999993],[-44.00152125,-20.21006328],[-44.00156676,-20.210063279999996],[-44.00156676,-20.210154310000004],[-44.00161228,-20.21015431],[-44.00161228,-20.210381890000004],[-44.00165779,-20.210381889999994],[-44.00165779,-20.210654979999997],[-44.00174882,-20.21065498],[-44.00174882,-20.21074601],[-44.00179434,-20.21074601],[-44.00179434,-20.21092808],[-44.00183986,-20.21092808],[-44.00183986,-20.21097359],[-44.00188537,-20.21097359],[-44.00188537,-20.211155659999992],[-44.00193089,-20.211155659999996],[-44.00193089,-20.211428749999993],[-44.00202192,-20.21142875],[-44.00202192,-20.211474270000007],[-44.00206743,-20.21147427],[-44.00206743,-20.211519779999993],[-44.00211295,-20.211519779999996],[-44.00211295,-20.211656329999997],[-44.0022495,-20.211656329999997],[-44.0022495,-20.211337720000003],[-44.00229501,-20.211337720000007],[-44.00229501,-20.211155659999992],[-44.00247708,-20.21115566],[-44.00247708,-20.211110139999995],[-44.00256811,-20.21111014],[-44.00256811,-20.21106461999999],[-44.00265914,-20.211064620000002],[-44.00265914,-20.21101911],[-44.00275017,-20.211019110000002],[-44.00275017,-20.210973590000002],[-44.00288672,-20.21097359],[-44.00288672,-20.21092808],[-44.00293223,-20.210928079999988],[-44.00293223,-20.210837050000002],[-44.00288672,-20.21083705],[-44.00288672,-20.210700499999998],[-44.00279569,-20.2107005],[-44.00279569,-20.21079153],[-44.00270466,-20.210791529999995],[-44.00270466,-20.210837049999995],[-44.00265914,-20.210837050000002],[-44.00265914,-20.210791530000005],[-44.00261362,-20.21079153],[-44.00261362,-20.21042739999999],[-44.00265914,-20.2104274],[-44.00265914,-20.210245340000004],[-44.00261362,-20.210245339999997],[-44.00261362,-20.210017759999992],[-44.00256811,-20.210017759999996],[-44.00256811,-20.20997225],[-44.00252259,-20.209972250000003],[-44.00252259,-20.20992673],[-44.00247708,-20.209926729999992],[-44.00247708,-20.209881209999995],[-44.00243156,-20.209881209999992],[-44.00243156,-20.20965363999999],[-44.00193089,-20.209653639999992],[-44.00193089,-20.20969915],[-44.00161228,-20.209699149999995],[-44.00161228,-20.209744670000003],[-44.00147573,-20.209744669999996],[-44.00147573,-20.209790179999995],[-44.0013847,-20.209790180000002]]]}},{"type":"Feature","id":"ide_210604_mg_analise_car_veg_2025_metrop_pol.111907","properties":{"fid":111907,"classe_":"VEGETACAO_2025"},"geometry":{"type":"MultiPolygon","coordinates":[[[[-44.00889479,-20.208333679999996],[-44.00889479,-20.208288159999995],[-44.00880376,-20.20828816],[-44.00880376,-20.20833368],[-44.00889479,-20.208333679999996]]],[[[-44.00907686,-20.208288160000002],[-44.00898583,-20.208288160000002],[-44.00898583,-20.208333679999992],[-44.00916789000001,-20.208333680000003],[-44.00916789000001,-20.20824265],[-44.00907686,-20.208242649999992],[-44.00907686,-20.208288160000002]]],[[[-44.00557215,-20.204146229999992],[-44.00552663,-20.204146229999996],[-44.00552663,-20.204191749999996],[-44.00548111,-20.20419175],[-44.00548111,-20.204237259999996],[-44.0054356,-20.204237259999996],[-44.0054356,-20.204282779999993],[-44.00539008,-20.204282779999993],[-44.00539008,-20.204328299999997],[-44.00534457,-20.2043283],[-44.00534457,-20.204373809999996],[-44.00529905,-20.20437381],[-44.00529905,-20.204464839999996],[-44.00525354,-20.204464839999996],[-44.00525354,-20.204874480000004],[-44.00529905,-20.20487448],[-44.00529905,-20.205056550000002],[-44.00534457,-20.20505654999999],[-44.00534457,-20.205147579999995],[-44.00529905,-20.20514757999999],[-44.00529905,-20.205557219999992],[-44.00534457,-20.205557219999996],[-44.00534457,-20.20551169999999],[-44.00548111,-20.20551169999999],[-44.00548111,-20.205602740000003],[-44.00557215,-20.20560274],[-44.00557215,-20.205648249999996],[-44.00566318,-20.205648249999996],[-44.00566318,-20.205739280000003],[-44.00575421,-20.20573927999999],[-44.00575421,-20.205830309999996],[-44.00579972,-20.205830309999993],[-44.00579972,-20.205875829999993],[-44.00589076000001,-20.205875830000004],[-44.00589076000001,-20.205966859999997],[-44.00584524,-20.20596686],[-44.00584524,-20.20610341],[-44.00579972,-20.20610341],[-44.00579972,-20.206148929999998],[-44.0054356,-20.20614893],[-44.0054356,-20.206194440000008],[-44.00539008,-20.206194439999997],[-44.00539008,-20.206239960000005],[-44.00529905,-20.206239959999994],[-44.00529905,-20.20628547],[-44.00525354,-20.206285469999997],[-44.00525354,-20.206330989999998],[-44.00520802,-20.206330989999994],[-44.00520802,-20.206422019999994],[-44.0051625,-20.206422020000005],[-44.0051625,-20.206513050000005],[-44.005025960000005,-20.206513049999998],[-44.005025960000005,-20.20655856999999],[-44.00493493,-20.20655857],[-44.00493493,-20.206649600000002],[-44.00484389,-20.20664959999999],[-44.00484389,-20.206740630000002],[-44.00479838,-20.206740629999995],[-44.00479838,-20.20678615],[-44.00470735,-20.206786149999996],[-44.00470735,-20.20692268999999],[-44.00466183,-20.206922689999992],[-44.00466183,-20.207059239999996],[-44.00470735,-20.207059240000003],[-44.00470735,-20.207241299999993],[-44.00466183,-20.207241299999996],[-44.00466183,-20.20769646],[-44.00470735,-20.207696459999998],[-44.00470735,-20.20783301],[-44.00466183,-20.207833009999995],[-44.00466183,-20.20810609999999],[-44.0045708,-20.20810609999999],[-44.0045708,-20.208333680000003],[-44.00848515,-20.208333679999996],[-44.00848515,-20.208242649999995],[-44.0077569,-20.208242649999992],[-44.0077569,-20.20815162],[-44.00748381,-20.208151619999995],[-44.00748381,-20.20806059],[-44.00739278,-20.208060590000002],[-44.00739278,-20.207969550000005],[-44.00730174,-20.207969549999994],[-44.00730174,-20.207833009999995],[-44.00721071,-20.20783301],[-44.00721071,-20.20778749],[-44.00707417,-20.20778749],[-44.00707417,-20.20774198000001],[-44.0068921,-20.20774198],[-44.0068921,-20.207696459999998],[-44.00680107,-20.20769646],[-44.00680107,-20.207650939999997],[-44.00675556000001,-20.20765094],[-44.00675556000001,-20.207605429999997],[-44.00671004,-20.207605429999997],[-44.00671004,-20.207559910000004],[-44.00675556000001,-20.20755991],[-44.00675556000001,-20.20742337],[-44.00671004,-20.20742337],[-44.00671004,-20.207332329999996],[-44.00657349,-20.20733233],[-44.00657349,-20.20696821],[-44.00652798,-20.206968209999996],[-44.00652798,-20.206786149999992],[-44.00648246,-20.20678615],[-44.00648246,-20.206695109999995],[-44.00639143,-20.206695109999995],[-44.00639143,-20.206513049999995],[-44.0063004,-20.20651305],[-44.0063004,-20.206422019999998],[-44.00620937,-20.206422020000005],[-44.00620937,-20.206057889999997],[-44.00611833,-20.206057889999997],[-44.00611833,-20.205966859999993],[-44.00620937,-20.20596686],[-44.00620937,-20.205784799999996],[-44.00616385,-20.205784799999996],[-44.00616385,-20.20569377],[-44.00611833,-20.20569377],[-44.00611833,-20.205602739999996],[-44.00607282,-20.205602740000007],[-44.00607282,-20.205557219999996],[-44.00593627,-20.205557219999996],[-44.00593627,-20.2055117],[-44.00589076000001,-20.205511699999988],[-44.00589076000001,-20.20546619],[-44.00579972,-20.205466189999992],[-44.00579972,-20.20528413],[-44.00570869,-20.20528413],[-44.00570869,-20.20519309],[-44.00561766,-20.205193089999998],[-44.00561766,-20.205102059999998],[-44.00552663,-20.20510206],[-44.00552663,-20.205011029999998],[-44.0054356,-20.205011029999998],[-44.0054356,-20.204373809999996],[-44.00548111,-20.20437381],[-44.00548111,-20.204328299999997],[-44.00552663,-20.204328299999997],[-44.00552663,-20.204282779999993],[-44.00557215,-20.204282779999993],[-44.00557215,-20.20423726],[-44.00561766,-20.204237259999992],[-44.00561766,-20.204100719999992],[-44.00557215,-20.204100719999996],[-44.00557215,-20.204146229999992]]]]}},{"type":"Feature","id":"ide_210604_mg_analise_car_veg_2025_metrop_pol.111972","properties":{"fid":111972,"classe_":"VEGETACAO_2025"},"geometry":{"type":"Polygon","coordinates":[[[-44.00438874,-20.2136135],[-44.00438874,-20.213567990000005],[-44.00425219,-20.21356799],[-44.00425219,-20.213613499999994],[-44.00438874,-20.2136135]]]}},{"type":"Feature","id":"ide_210604_mg_analise_car_veg_2025_metrop_pol.111997","properties":{"fid":111997,"classe_":"VEGETACAO_2025"},"geometry":{"type":"Polygon","coordinates":[[[-44.01062439,-20.216162389999997],[-44.01062439,-20.216116869999993],[-44.010715420000004,-20.21611687],[-44.010715420000004,-20.21607135],[-44.010806450000004,-20.216071349999996],[-44.010806450000004,-20.216025840000004],[-44.01085197,-20.216025839999986],[-44.01085197,-20.215934809999997],[-44.01076094,-20.215934810000004],[-44.01076094,-20.215889289999996],[-44.01066991,-20.21588929],[-44.01066991,-20.215843779999997],[-44.01053336,-20.215843779999997],[-44.01053336,-20.21579826],[-44.01044233,-20.21579826],[-44.01044233,-20.21584378],[-44.01048784,-20.21584378],[-44.01048784,-20.21588929],[-44.01053336,-20.21588929],[-44.01053336,-20.215934810000004],[-44.01062439,-20.215934809999993],[-44.01062439,-20.21602584],[-44.01057888,-20.21602583999999],[-44.01057888,-20.216162389999997],[-44.01062439,-20.216162389999997]]]}},{"type":"Feature","id":"ide_210604_mg_analise_car_veg_2025_metrop_pol.112899","properties":{"fid":112899,"classe_":"VEGETACAO_2025"},"geometry":{"type":"Polygon","coordinates":[[[-44.00315981,-20.2083792],[-44.00315981,-20.20833368],[-44.00320533,-20.208333679999992],[-44.00320533,-20.208288159999995],[-44.00325084,-20.208288160000002],[-44.00325084,-20.208197130000002],[-44.00329636,-20.208197129999995],[-44.00329636,-20.208151620000002],[-44.00334188,-20.20815162],[-44.00334188,-20.20765094],[-44.00338739,-20.207650939999997],[-44.00338739,-20.207423369999994],[-44.00343291,-20.20742337],[-44.00343291,-20.207286819999997],[-44.00347842,-20.207286819999997],[-44.00347842,-20.20715027],[-44.00352394,-20.207150269999996],[-44.00352394,-20.207013719999992],[-44.00347842,-20.207013719999996],[-44.00347842,-20.206922689999995],[-44.00334188,-20.206922690000003],[-44.00334188,-20.206968210000003],[-44.00329636,-20.20696821],[-44.00329636,-20.20705924],[-44.00325084,-20.20705923999999],[-44.00325084,-20.207104759999993],[-44.00320533,-20.207104760000007],[-44.00320533,-20.207195789999993],[-44.00315981,-20.20719578999999],[-44.00315981,-20.2072413],[-44.0031143,-20.207241299999996],[-44.0031143,-20.207332330000003],[-44.00306878,-20.20733233],[-44.00306878,-20.207377849999997],[-44.00302327,-20.207377849999993],[-44.00302327,-20.207650940000004],[-44.00306878,-20.20765094],[-44.00306878,-20.208015070000005],[-44.0031143,-20.20801507],[-44.0031143,-20.208379199999996],[-44.00315981,-20.2083792]]]}},{"type":"Feature","id":"ide_210604_mg_analise_car_veg_2025_metrop_pol.113250","properties":{"fid":113250,"classe_":"VEGETACAO_2025"},"geometry":{"type":"Polygon","coordinates":[[[-44.01736072,-20.216936149999995],[-44.017269690000006,-20.21693614999999],[-44.017269690000006,-20.21675409],[-44.01736072,-20.21675409],[-44.01736072,-20.2162079],[-44.0173152,-20.21620789999999],[-44.0173152,-20.216389959999994],[-44.01704211,-20.216389959999997],[-44.01704211,-20.21634445000001],[-44.01699659,-20.21634445],[-44.01699659,-20.216253419999997],[-44.01676902,-20.21625341999999],[-44.01676902,-20.216298929999997],[-44.01667798,-20.216298930000004],[-44.01667798,-20.216344449999998],[-44.01663247,-20.21634445],[-44.01663247,-20.21643548000001],[-44.01658695,-20.216435480000005],[-44.01658695,-20.216572029999995],[-44.01654144,-20.216572029999995],[-44.01654144,-20.216708569999998],[-44.01658695,-20.216708570000005],[-44.01658695,-20.21684512],[-44.01663247,-20.216845120000006],[-44.01663247,-20.216890639999992],[-44.01667798,-20.21689064],[-44.01667798,-20.21693615],[-44.0167235,-20.21693615],[-44.0167235,-20.216981670000003],[-44.01676902,-20.216981669999996],[-44.01676902,-20.217027179999995],[-44.01686005,-20.21702717999999],[-44.01686005,-20.217072699999992],[-44.01722417,-20.2170727],[-44.01722417,-20.217027179999995],[-44.0173152,-20.217027180000002],[-44.0173152,-20.216981669999992],[-44.01736072,-20.216981670000003],[-44.01736072,-20.216936149999995]]]}},{"type":"Feature","id":"ide_210604_mg_analise_car_veg_2025_metrop_pol.113311","properties":{"fid":113311,"classe_":"VEGETACAO_2025"},"geometry":{"type":"Polygon","coordinates":[[[-44.01239951,-20.21138323],[-44.01230847,-20.211383230000003],[-44.01230847,-20.211565300000004],[-44.01239951,-20.2115653],[-44.01239951,-20.21165633],[-44.0126726,-20.21165633],[-44.0126726,-20.211474269999997],[-44.01276363,-20.211474269999997],[-44.01276363,-20.2112922],[-44.0126726,-20.211292199999995],[-44.0126726,-20.211246689999996],[-44.01262708,-20.211246689999992],[-44.01262708,-20.21129219999999],[-44.01239951,-20.211292199999995],[-44.01239951,-20.21138323]]]}},{"type":"Feature","id":"ide_210604_mg_analise_car_veg_2025_metrop_pol.113492","properties":{"fid":113492,"classe_":"VEGETACAO_2025"},"geometry":{"type":"Polygon","coordinates":[[[-44.01472081,-20.20464691],[-44.01481184,-20.204646909999997],[-44.01481184,-20.20460139],[-44.01485735000001,-20.204601390000004],[-44.01485735000001,-20.20464691],[-44.01540354,-20.204646910000005],[-44.01540354000008,-20.204627513886212],[-44.014949031238324,-20.204545542762112],[-44.01472081000275,-20.20452589678215],[-44.01472081,-20.20464691]]]}},{"type":"Feature","id":"ide_210604_mg_analise_car_veg_2025_metrop_pol.113472","properties":{"fid":113472,"classe_":"VEGETACAO_2025"},"geometry":{"type":"Polygon","coordinates":[[[-44.00871273,-20.21598032],[-44.00853067,-20.215980319999996],[-44.00853067,-20.21602584],[-44.00848515,-20.216025840000004],[-44.00848515,-20.216071349999996],[-44.00843964,-20.216071349999993],[-44.00843964,-20.216116869999997],[-44.00839412,-20.21611687],[-44.00839412,-20.2162079],[-44.00834861,-20.2162079],[-44.00834861,-20.216253419999997],[-44.00843964,-20.21625342],[-44.00843964,-20.216435480000005],[-44.00834861,-20.21643548],[-44.00834861,-20.21652651],[-44.00839412,-20.21652651],[-44.00839412,-20.216617539999998],[-44.00843964,-20.216617539999998],[-44.00843964,-20.21666306],[-44.00848515,-20.216663060000002],[-44.00848515,-20.21670857],[-44.00853067,-20.21670857],[-44.00853067,-20.216754089999995],[-44.0086217,-20.21675408999999],[-44.0086217,-20.216799609999995],[-44.00875825,-20.216799609999992],[-44.00875825,-20.216845120000002],[-44.00889479,-20.216845119999988],[-44.00889479,-20.21679960999999],[-44.00903134,-20.216799609999995],[-44.00903134,-20.21675408999999],[-44.00912237,-20.21675408999999],[-44.00912237,-20.216708569999994],[-44.00916789000001,-20.21670857],[-44.00916789000001,-20.21666306],[-44.0092134,-20.216663060000002],[-44.0092134,-20.21661754],[-44.00925892,-20.21661754],[-44.00925892,-20.216480999999998],[-44.00930444,-20.216480999999995],[-44.00930444,-20.216253419999994],[-44.00925892,-20.216253419999994],[-44.00925892,-20.21593481],[-44.00930444,-20.21593481],[-44.00930444,-20.215798259999996],[-44.00916789000001,-20.21579826],[-44.00916789000001,-20.215707230000003],[-44.00903134,-20.215707229999992],[-44.00903134,-20.215752739999996],[-44.00898583,-20.215752739999996],[-44.00898583,-20.21579826],[-44.00880376,-20.215798260000003],[-44.00880376,-20.21593481],[-44.00871273,-20.21593481],[-44.00871273,-20.21598032]]]}},{"type":"Feature","id":"ide_210604_mg_analise_car_veg_2025_metrop_pol.113495","properties":{"fid":113495,"classe_":"VEGETACAO_2025"},"geometry":{"type":"Polygon","coordinates":[[[-43.99960959,-20.20710476],[-43.99983716,-20.207104759999996],[-43.99983716,-20.207059240000003],[-44.00006474,-20.207059240000003],[-44.00006474,-20.207013719999996],[-44.00024681,-20.207013720000003],[-44.00024681,-20.206968210000003],[-44.00033784,-20.206968210000003],[-44.00033784,-20.20701372],[-44.00038335,-20.20701372],[-44.00038335,-20.207059239999996],[-44.00042887,-20.207059239999996],[-44.00042887,-20.207104760000007],[-44.00047438,-20.207104760000007],[-44.00047438,-20.20719578999999],[-44.0005199,-20.207195789999997],[-44.0005199,-20.20728681999999],[-44.00056542,-20.207286820000007],[-44.00056542,-20.207468879999997],[-44.00061093,-20.207468879999997],[-44.00061093,-20.207559909999997],[-44.00065645,-20.207559909999993],[-44.00065645,-20.207605429999997],[-44.00070196,-20.207605429999997],[-44.00070196,-20.207650939999997],[-44.00074748,-20.207650940000004],[-44.00074748,-20.20769646],[-44.00079299,-20.207696460000005],[-44.00079299,-20.20774198],[-44.00083851,-20.20774198],[-44.00083851,-20.20783301],[-44.00079299,-20.207833010000005],[-44.00079299,-20.20787852],[-44.00074748,-20.207878519999994],[-44.00074748,-20.20792404000001],[-44.00070196,-20.207924039999998],[-44.00070196,-20.20796954999999],[-44.00065645,-20.20796955],[-44.00065645,-20.208015070000005],[-44.00061093,-20.208015070000005],[-44.00061093,-20.208060590000002],[-44.00070196,-20.208060589999995],[-44.00070196,-20.20815162],[-44.00065645,-20.20815162],[-44.00065645,-20.20824265],[-44.0005199,-20.208242649999995],[-44.0005199,-20.208333679999992],[-44.00047438,-20.208333680000003],[-44.00047438,-20.208515740000003],[-44.00024681,-20.20851574],[-44.00024681,-20.20847023],[-44.00006474,-20.20847023],[-44.00006474,-20.20851574],[-44.00001923,-20.208515740000006],[-44.00001923,-20.20856126],[-43.99997371,-20.20856126],[-43.99997371,-20.20887987],[-44.00015577,-20.208879869999997],[-44.00015577,-20.20906193],[-44.00006474,-20.209061930000008],[-44.00006474,-20.209107449999998],[-44.00001923,-20.209107449999994],[-44.00001923,-20.209152960000004],[-43.99997371,-20.209152959999994],[-43.99997371,-20.209335029999995],[-43.99988268,-20.209335030000005],[-43.99988268,-20.209426060000002],[-43.99970062,-20.209426059999984],[-43.99970062,-20.209471570000005],[-43.99960959,-20.20947157],[-43.99960959,-20.210381889999997],[-43.9996551,-20.210381889999994],[-43.9996551,-20.210336369999993],[-43.99974613,-20.210336369999997],[-43.99974613,-20.210245339999997],[-43.99979165,-20.21024534],[-43.99979165,-20.21010879],[-43.99974613,-20.210108789999996],[-43.99974613,-20.210063279999996],[-43.99979165,-20.210063279999996],[-43.99979165,-20.21001776],[-43.99988268,-20.210017760000003],[-43.99988268,-20.209972249999996],[-43.9999282,-20.209972250000003],[-43.9999282,-20.209744669999996],[-43.99997371,-20.209744669999992],[-43.99997371,-20.209562599999998],[-44.00001923,-20.209562599999998],[-44.00001923,-20.20947157000001],[-44.00006474,-20.209471569999998],[-44.00006474,-20.20942606],[-44.00015577,-20.20942606],[-44.00015577,-20.20938054],[-44.00020129,-20.20938054],[-44.00020129,-20.209289509999998],[-44.00024681,-20.209289509999998],[-44.00024681,-20.209198479999998],[-44.00029232000001,-20.209198479999998],[-44.00029232000001,-20.20910745],[-44.00033784,-20.209107450000005],[-44.00033784,-20.20883434999999],[-44.00042887,-20.208834349999997],[-44.00042887,-20.208743319999996],[-44.00038335,-20.20874332],[-44.00038335,-20.208652289999996],[-44.00042887,-20.20865229],[-44.00042887,-20.20856126],[-44.0005199,-20.208561260000003],[-44.0005199,-20.208515739999996],[-44.00065645,-20.20851574],[-44.00065645,-20.208424709999996],[-44.00070196,-20.208424709999996],[-44.00070196,-20.2083792],[-44.00079299,-20.2083792],[-44.00079299,-20.208288159999995],[-44.0011116,-20.208288160000006],[-44.0011116,-20.208151619999995],[-44.00120264,-20.208151619999995],[-44.00120264,-20.20810609999999],[-44.00133918,-20.20810609999999],[-44.00133918,-20.20806059],[-44.0013847,-20.20806058999999],[-44.0013847,-20.207332329999996],[-44.00124815,-20.207332329999993],[-44.00124815,-20.207286819999993],[-44.0011116,-20.207286819999986],[-44.0011116,-20.20715026999999],[-44.00106609000001,-20.207150269999993],[-44.00106609000001,-20.207013719999996],[-44.00102057,-20.207013719999996],[-44.00102057,-20.206922689999995],[-44.00097506,-20.20692268999999],[-44.00097506,-20.206831659999995],[-44.00092954,-20.206831659999995],[-44.00092954,-20.206786149999992],[-44.00088403,-20.206786149999996],[-44.00088403,-20.20669511],[-44.00079299,-20.206695109999995],[-44.00079299,-20.20674063],[-44.00074748,-20.206740630000002],[-44.00074748,-20.20678615],[-44.00070196,-20.20678614999999],[-44.00070196,-20.20683166],[-44.00065645,-20.20683165999999],[-44.00065645,-20.20687718],[-44.00056542,-20.20687718],[-44.00056542,-20.20678615],[-44.0005199,-20.206786149999985],[-44.0005199,-20.20674063],[-44.00047438,-20.206740630000002],[-44.00047438,-20.206604079999995],[-44.00033784,-20.206604080000005],[-44.00033784,-20.20669510999999],[-44.00024681,-20.206695109999995],[-44.00024681,-20.20674063],[-44.00001923,-20.20674063],[-44.00001923,-20.206513049999998],[-43.99979165,-20.206513049999998],[-43.99979165,-20.206558569999995],[-43.99960959,-20.206558569999995],[-43.99960959,-20.20710476]]]}},{"type":"Feature","id":"ide_210604_mg_analise_car_veg_2025_metrop_pol.115328","properties":{"fid":115328,"classe_":"VEGETACAO_2025"},"geometry":{"type":"Polygon","coordinates":[[[-44.01581319,-20.206422019999998],[-44.01576767,-20.20642202],[-44.01576767,-20.206649599999995],[-44.01581319,-20.2066496],[-44.01581319,-20.206422019999998]]]}},{"type":"Feature","id":"ide_210604_mg_analise_car_veg_2025_metrop_pol.113885","properties":{"fid":113885,"classe_":"VEGETACAO_2025"},"geometry":{"type":"Polygon","coordinates":[[[-43.9981986,-20.213522470000004],[-43.9981986,-20.213750050000005],[-43.99815308,-20.21375005],[-43.99815308,-20.213795570000002],[-43.99810757,-20.21379557],[-43.99810757,-20.213841079999998],[-43.99806205,-20.213841080000005],[-43.99806205,-20.21393210999999],[-43.99810757,-20.21393211],[-43.99810757,-20.213977630000002],[-43.99815308,-20.21397763],[-43.99815308,-20.214068660000002],[-43.9981986,-20.214068659999995],[-43.9981986,-20.214114180000003],[-43.99824411,-20.214114179999996],[-43.99824411,-20.214159689999995],[-43.99838066,-20.214159689999995],[-43.99838066,-20.214205209999996],[-43.99842618,-20.214205209999996],[-43.99842618,-20.214387269999996],[-43.99847169,-20.21438727],[-43.99847169,-20.214432789999996],[-43.99851721,-20.21443279],[-43.99851721,-20.214478299999996],[-43.99856272,-20.214478299999996],[-43.99856272,-20.21452382],[-43.99860824,-20.21452382],[-43.99860824,-20.214569340000004],[-43.99865376000001,-20.214569339999994],[-43.99865376000001,-20.214660369999997],[-43.99869927,-20.214660370000004],[-43.99869927,-20.214751400000004],[-43.99874479000001,-20.2147514],[-43.99874479000001,-20.214887949999998],[-43.9987903,-20.214887949999998],[-43.9987903,-20.214933459999997],[-43.99883582,-20.21493346],[-43.99883582,-20.214978980000005],[-43.99888133,-20.214978979999998],[-43.99888133,-20.21507001],[-43.99892685,-20.21507001],[-43.99892685,-20.21511552],[-43.99897237,-20.21511552],[-43.99897237,-20.215161040000005],[-43.9990634,-20.21516104],[-43.9990634,-20.215206559999988],[-43.99910891,-20.215206560000006],[-43.99910891,-20.21525207],[-43.99915443,-20.21525206999999],[-43.99915443,-20.21529758999999],[-43.99919994,-20.21529759],[-43.99919994,-20.215343100000002],[-43.99924546,-20.2153431],[-43.99924546,-20.215388619999995],[-43.99929098,-20.21538862],[-43.99929098,-20.215479650000002],[-43.99933649,-20.21547965],[-43.99933649,-20.215616200000007],[-43.99938201,-20.2156162],[-43.99938201,-20.215752739999996],[-43.999427520000005,-20.21575274],[-43.999427520000005,-20.21588929],[-43.99947304,-20.21588929],[-43.99947304,-20.21602584],[-43.99951855,-20.216025840000007],[-43.99951855,-20.216162390000004],[-43.99956407,-20.21616239],[-43.99956407,-20.216253420000005],[-43.99960959,-20.21625341999999],[-43.99960959,-20.216344449999998],[-43.9996551,-20.21634445],[-43.9996551,-20.216389959999997],[-43.99970062,-20.216389959999994],[-43.99970062,-20.21643548],[-43.99974613,-20.21643548],[-43.99974613,-20.216481],[-43.99979165,-20.216481000000005],[-43.99979165,-20.216526509999998],[-43.99983716,-20.216526509999998],[-43.99983716,-20.216572029999995],[-43.99988268,-20.21657202999999],[-43.99988268,-20.21661754],[-43.9999282,-20.21661754],[-43.9999282,-20.21666306],[-44.00001923,-20.216663060000002],[-44.00001923,-20.21670857],[-44.00011026,-20.21670857],[-44.00011026,-20.216754090000002],[-44.00015577,-20.216754089999995],[-44.00015577,-20.216663060000002],[-44.00011026,-20.216663060000002],[-44.00011026,-20.21634445],[-44.00006474,-20.216344449999998],[-44.00006474,-20.21629893],[-44.00001923,-20.216298929999997],[-44.00001923,-20.216253420000005],[-43.99997371,-20.21625342],[-43.99997371,-20.21598032],[-44.00006474,-20.21598032],[-44.00006474,-20.21588929],[-44.00001923,-20.215889289999996],[-44.00001923,-20.215843779999997],[-43.99997371,-20.21584378],[-43.99997371,-20.21579826],[-43.99988268,-20.21579826],[-43.99988268,-20.215752739999996],[-43.99974613,-20.215752740000003],[-43.99974613,-20.215707229999996],[-43.99970062,-20.215707229999996],[-43.99970062,-20.215570679999992],[-43.9996551,-20.215570679999995],[-43.9996551,-20.215479649999995],[-43.99960959,-20.215479649999992],[-43.99960959,-20.21529759],[-43.9996551,-20.21529758999999],[-43.9996551,-20.21520655999999],[-43.99970062,-20.215206560000002],[-43.99970062,-20.215115519999998],[-43.99974613,-20.21511552],[-43.99974613,-20.215024489999998],[-43.99951855,-20.215024489999998],[-43.99951855,-20.21507001],[-43.99947304,-20.21507001],[-43.99947304,-20.215115519999998],[-43.99933649,-20.21511552],[-43.99933649,-20.215024489999998],[-43.99929098,-20.215024490000005],[-43.99929098,-20.21497898],[-43.99924546,-20.214978979999998],[-43.99924546,-20.214887950000005],[-43.99919994,-20.214887949999994],[-43.99919994,-20.2147514],[-43.99915443,-20.214751399999994],[-43.99915443,-20.214660370000004],[-43.99910891,-20.21466037],[-43.99910891,-20.214614849999993],[-43.99888133,-20.21461485],[-43.99888133,-20.214341759999996],[-43.9987903,-20.214341759999996],[-43.9987903,-20.21420521],[-43.99869927,-20.21420521],[-43.99869927,-20.214159689999995],[-43.9987903,-20.214159689999992],[-43.9987903,-20.21411418],[-43.99892685,-20.214114180000003],[-43.99892685,-20.214068659999995],[-43.99888133,-20.214068659999995],[-43.99888133,-20.214023150000003],[-43.99883582,-20.214023149999996],[-43.99883582,-20.21397762999999],[-43.9987903,-20.213977630000002],[-43.9987903,-20.213886599999995],[-43.99874479000001,-20.213886600000002],[-43.99874479000001,-20.213567990000005],[-43.9987903,-20.213567990000005],[-43.9987903,-20.21288525],[-43.99874479000001,-20.21288525],[-43.99874479000001,-20.212794219999996],[-43.99865376000001,-20.21279422],[-43.99865376000001,-20.212748710000003],[-43.99847169,-20.212748710000003],[-43.99847169,-20.212657670000002],[-43.99842618,-20.212657670000006],[-43.99842618,-20.212612160000003],[-43.99847169,-20.212612159999995],[-43.99847169,-20.21256664],[-43.99838066,-20.21256664],[-43.99838066,-20.212657670000002],[-43.99828963,-20.212657670000002],[-43.99828963,-20.21279422],[-43.99833514,-20.21279421999999],[-43.99833514,-20.213112829999996],[-43.99828963,-20.213112829999993],[-43.99828963,-20.213158349999993],[-43.99824411,-20.213158350000004],[-43.99824411,-20.213203859999997],[-43.99828963,-20.21320386],[-43.99828963,-20.213431440000004],[-43.99824411,-20.21343144],[-43.99824411,-20.213522470000004],[-43.9981986,-20.213522470000004]]]}},{"type":"Feature","id":"ide_210604_mg_analise_car_veg_2025_metrop_pol.113907","properties":{"fid":113907,"classe_":"VEGETACAO_2025"},"geometry":{"type":"Polygon","coordinates":[[[-44.01581319,-20.211974939999994],[-44.01581319,-20.212111490000005],[-44.0158587,-20.212111489999998],[-44.0158587,-20.212202519999995],[-44.01590422,-20.212202519999998],[-44.01590422,-20.212156999999998],[-44.01599525,-20.212156999999998],[-44.01599525,-20.21197493999999],[-44.01626834,-20.211974940000005],[-44.01626834,-20.21192942],[-44.01617731,-20.211929419999993],[-44.01617731,-20.211838389999997],[-44.01608628,-20.21183839],[-44.01608628,-20.211747359999997],[-44.01599525,-20.211747359999997],[-44.01599525,-20.21179288],[-44.01594973,-20.21179288],[-44.01594973,-20.211883909999997],[-44.01590422,-20.21188391],[-44.01590422,-20.211929419999997],[-44.0158587,-20.21192941999999],[-44.0158587,-20.21197494],[-44.01581319,-20.211974939999994]]]}},{"type":"Feature","id":"ide_210604_mg_analise_car_veg_2025_metrop_pol.113931","properties":{"fid":113931,"classe_":"VEGETACAO_2025"},"geometry":{"type":"Polygon","coordinates":[[[-44.00156676,-20.204919999999998],[-44.00156676,-20.204874479999997],[-44.00193089,-20.204874479999997],[-44.00193089,-20.204919999999994],[-44.00188537,-20.204919999999994],[-44.00188537,-20.20496552],[-44.00183986,-20.204965520000002],[-44.00183986,-20.205011029999994],[-44.00152125,-20.205011029999994],[-44.00152125,-20.20510206],[-44.00147573,-20.20510206],[-44.00147573,-20.20514758],[-44.00143021,-20.205147580000006],[-44.00143021,-20.205329640000002],[-44.00152125,-20.205329640000002],[-44.00152125,-20.205466189999996],[-44.00156676,-20.205466189999996],[-44.00156676,-20.205557219999992],[-44.00143021,-20.205557219999996],[-44.00143021,-20.2055117],[-44.0013847,-20.205511699999995],[-44.0013847,-20.205648249999996],[-44.00133918,-20.205648250000003],[-44.00133918,-20.205784800000007],[-44.00115712000001,-20.2057848],[-44.00115712000001,-20.20587583],[-44.0011116,-20.205875829999997],[-44.0011116,-20.206467539999988],[-44.00129367,-20.206467539999995],[-44.00129367,-20.206513050000005],[-44.00120264,-20.206513049999995],[-44.00120264,-20.206604079999995],[-44.0011116,-20.206604080000005],[-44.0011116,-20.207286819999986],[-44.00124815,-20.207286819999993],[-44.00124815,-20.207332329999993],[-44.0013847,-20.207332329999996],[-44.0013847,-20.207286820000004],[-44.00147573,-20.207286819999993],[-44.00147573,-20.20724129999999],[-44.00165779,-20.207241299999993],[-44.00165779,-20.207195789999997],[-44.00193089,-20.207195789999997],[-44.00193089,-20.20715027],[-44.00256811,-20.207150270000003],[-44.00256811,-20.207059239999996],[-44.00261362,-20.207059239999996],[-44.00261362,-20.206968209999992],[-44.00265914,-20.206968210000003],[-44.00265914,-20.20692269],[-44.00270466,-20.206922689999995],[-44.00270466,-20.20683166],[-44.00275017,-20.206831659999995],[-44.00275017,-20.206786149999996],[-44.00279569,-20.206786149999996],[-44.00279569,-20.206740629999995],[-44.00275017,-20.20674063],[-44.00275017,-20.20669511],[-44.00229501,-20.20669511],[-44.00229501,-20.206604080000005],[-44.00238604,-20.206604079999995],[-44.00238604,-20.206513049999998],[-44.00252259,-20.206513049999998],[-44.00252259,-20.2063765],[-44.00247708,-20.2063765],[-44.00247708,-20.206148929999998],[-44.00265914,-20.206148929999994],[-44.00265914,-20.20605789],[-44.00256811,-20.206057890000007],[-44.00256811,-20.206012379999997],[-44.00229501,-20.206012379999997],[-44.00229501,-20.20596686],[-44.0022495,-20.20596686],[-44.0022495,-20.20587582999999],[-44.00211295,-20.205875829999993],[-44.00211295,-20.205693769999993],[-44.00215847,-20.205693769999993],[-44.00215847,-20.205602739999996],[-44.0022495,-20.205602739999993],[-44.0022495,-20.205557219999996],[-44.00229501,-20.20555722],[-44.00229501,-20.20542067],[-44.0022495,-20.20542067],[-44.0022495,-20.205329640000002],[-44.00220398,-20.20532964],[-44.00220398,-20.20523860999999],[-44.0022495,-20.20523861],[-44.0022495,-20.20510206],[-44.00220398,-20.205102059999998],[-44.00220398,-20.20505654999999],[-44.00215847,-20.20505654999999],[-44.00215847,-20.204965519999995],[-44.00220398,-20.20496552],[-44.00220398,-20.204919999999998],[-44.00247708,-20.204919999999994],[-44.00247708,-20.205011030000005],[-44.00256811,-20.20501103],[-44.00256811,-20.204965520000002],[-44.00279569,-20.20496551999999],[-44.00279569,-20.20505655],[-44.00288672,-20.20505655],[-44.00288672,-20.205102059999994],[-44.00293223,-20.205102059999998],[-44.00293223,-20.205375159999996],[-44.00288672,-20.205375160000003],[-44.00288672,-20.205466189999996],[-44.00293223,-20.205466190000003],[-44.00293223,-20.20555722],[-44.0031143,-20.205557219999996],[-44.0031143,-20.20551169999999],[-44.00343291,-20.205511699999988],[-44.00343291,-20.205557220000003],[-44.00352394,-20.20555722],[-44.00352394,-20.20560274],[-44.00356945000001,-20.20560273999999],[-44.00356945000001,-20.205648249999992],[-44.003706,-20.20564824999999],[-44.003706,-20.205739279999992],[-44.00375152,-20.205739279999992],[-44.00375152,-20.20583031],[-44.00366049,-20.20583030999999],[-44.00366049,-20.205921349999993],[-44.00343291,-20.205921349999993],[-44.00343291,-20.20587583],[-44.00329636,-20.205875829999993],[-44.00329636,-20.20605789],[-44.00343291,-20.206057890000007],[-44.00343291,-20.20614893],[-44.00356945000001,-20.20614893],[-44.00356945000001,-20.206194440000004],[-44.00338739,-20.206194440000004],[-44.00338739,-20.206239960000005],[-44.00334188,-20.206239959999998],[-44.00334188,-20.206330990000005],[-44.00338739,-20.20633099],[-44.00338739,-20.206285469999994],[-44.00352394,-20.206285469999997],[-44.00352394,-20.206239960000005],[-44.00361497,-20.206239959999994],[-44.00361497,-20.206194440000004],[-44.00366049,-20.20619444],[-44.00366049,-20.20610341],[-44.003706,-20.20610341],[-44.003706,-20.206012379999997],[-44.00375152,-20.206012379999997],[-44.00375152,-20.205966860000007],[-44.00379703,-20.205966859999993],[-44.00379703,-20.20587582999999],[-44.00384255,-20.205875829999997],[-44.00384255,-20.205830309999996],[-44.00388806,-20.205830309999993],[-44.00388806,-20.205784799999996],[-44.00393358,-20.205784799999996],[-44.00393358,-20.205739280000003],[-44.0039791,-20.205739279999992],[-44.0039791,-20.205693769999993],[-44.00402461,-20.205693769999996],[-44.00402461,-20.20560274],[-44.00388806,-20.205602739999996],[-44.00388806,-20.205557219999996],[-44.00379703,-20.20555722],[-44.00379703,-20.20551169999999],[-44.003706,-20.205511699999995],[-44.003706,-20.205466189999992],[-44.00361497,-20.205466189999996],[-44.00361497,-20.205420670000002],[-44.00356945000001,-20.205420669999995],[-44.00356945000001,-20.205375159999996],[-44.00347842,-20.20537516],[-44.00347842,-20.205329639999995],[-44.00343291,-20.205329639999995],[-44.00343291,-20.20528413],[-44.00338739,-20.20528413],[-44.00338739,-20.205238610000002],[-44.00329636,-20.20523861],[-44.00329636,-20.205147579999995],[-44.00325084,-20.205147579999995],[-44.00325084,-20.205102059999998],[-44.00320533,-20.205102060000005],[-44.00320533,-20.20505654999999],[-44.00315981,-20.205056549999995],[-44.00315981,-20.205011030000005],[-44.0031143,-20.20501103],[-44.0031143,-20.20496551999999],[-44.00306878,-20.20496551999999],[-44.00306878,-20.204919999999994],[-44.00302327,-20.20491999999999],[-44.00302327,-20.204828970000005],[-44.00297775,-20.204828970000005],[-44.00297775,-20.20473794],[-44.00293223,-20.204737940000005],[-44.00293223,-20.20464691],[-44.00288672,-20.20464691],[-44.00288672,-20.204510359999997],[-44.0028412,-20.20451036],[-44.0028412,-20.204373809999993],[-44.00279569,-20.204373810000003],[-44.00279569,-20.20428278],[-44.00275017,-20.204282779999996],[-44.00275017,-20.20423726],[-44.00270466,-20.204237259999996],[-44.00270466,-20.204191749999993],[-44.00265914,-20.204191750000003],[-44.00265914,-20.204100720000007],[-44.00261362,-20.20410071999999],[-44.00261362,-20.204055199999996],[-44.00256811,-20.2040552],[-44.00256811,-20.204009690000003],[-44.00252259,-20.204009690000003],[-44.00252259,-20.203964170000003],[-44.00247708,-20.203964169999992],[-44.00247708,-20.203918650000002],[-44.00243156,-20.203918649999995],[-44.00243156,-20.20387314],[-44.00234053,-20.203873140000002],[-44.00234053,-20.203827620000002],[-44.00229501,-20.20382762],[-44.00229501,-20.203782109999988],[-44.0022495,-20.203782109999995],[-44.0022495,-20.203736590000002],[-44.00220398,-20.20373659],[-44.00220398,-20.20369108],[-44.00211295,-20.203691080000002],[-44.00211295,-20.20364556],[-44.00206743,-20.203645560000002],[-44.00206743,-20.20360004],[-44.0019764,-20.203600039999998],[-44.0019764,-20.203554529999995],[-44.00193089,-20.20355453],[-44.00193089,-20.203509009999994],[-44.00183986,-20.203509009999998],[-44.00183986,-20.2034635],[-44.00174882,-20.203463499999994],[-44.00174882,-20.20341798],[-44.00161228,-20.203417979999998],[-44.00161228,-20.203372469999998],[-44.00147573,-20.203372469999998],[-44.00147573,-20.203326949999994],[-44.00143021,-20.203326949999997],[-44.00143021,-20.203281429999993],[-44.0013847,-20.203281429999997],[-44.0013847,-20.20323592],[-44.00133918,-20.20323592],[-44.00133918,-20.203190400000004],[-44.00129367,-20.203190399999993],[-44.00129367,-20.203144889999994],[-44.00124815,-20.203144889999997],[-44.00124815,-20.203053859999997],[-44.00120264,-20.20305386],[-44.00120264,-20.20300834],[-44.00115712000001,-20.20300833999999],[-44.00115712000001,-20.202962820000003],[-44.0011116,-20.20296282],[-44.0011116,-20.20491999999999],[-44.00156676,-20.204919999999998]]]}},{"type":"Feature","id":"ide_210604_mg_analise_car_veg_2025_metrop_pol.114127","properties":{"fid":114127,"classe_":"VEGETACAO_2025"},"geometry":{"type":"Polygon","coordinates":[[[-44.01590422,-20.20760543],[-44.01590422,-20.207559909999997],[-44.0158587,-20.20755991],[-44.0158587,-20.207468880000004],[-44.01594973,-20.207468879999997],[-44.01594973,-20.207514400000004],[-44.01617731,-20.2075144],[-44.01617731,-20.207423369999997],[-44.01608628,-20.207423369999997],[-44.01608628,-20.207332329999996],[-44.01576767,-20.20733233],[-44.01576767,-20.207377849999997],[-44.01572215000001,-20.207377850000004],[-44.01572215000001,-20.207605429999997],[-44.01590422,-20.20760543]]]}},{"type":"Feature","id":"ide_210604_mg_analise_car_veg_2025_metrop_pol.114312","properties":{"fid":114312,"classe_":"VEGETACAO_2025"},"geometry":{"type":"Polygon","coordinates":[[[-44.00839412,-20.22012225],[-44.00843964,-20.22012225],[-44.00843964,-20.220577410000004],[-44.00839412,-20.220577410000004],[-44.00839412,-20.22075947],[-44.00834861,-20.220759470000004],[-44.00834861,-20.220896019999994],[-44.008303090000005,-20.220896019999998],[-44.008303090000005,-20.22098705],[-44.00825757,-20.220987049999998],[-44.00825757,-20.221032569999995],[-44.00821206,-20.22103257],[-44.00821206,-20.221123599999995],[-44.00816654,-20.221123599999995],[-44.00816654,-20.221169120000006],[-44.00812103,-20.221169119999995],[-44.00812103,-20.221214630000002],[-44.00807551,-20.221214629999995],[-44.00807551,-20.221305659999995],[-44.00803,-20.221305659999995],[-44.00803,-20.221351180000003],[-44.00798448,-20.221351180000003],[-44.00798448,-20.221442210000003],[-44.00793896,-20.221442209999996],[-44.00793896,-20.221487730000003],[-44.00789345,-20.221487730000003],[-44.00789345,-20.221624269999996],[-44.00784793,-20.221624269999992],[-44.00784793,-20.22166978999999],[-44.00780242,-20.22166979],[-44.00780242,-20.221806340000004],[-44.00771139,-20.22180634],[-44.00771139,-20.221851849999997],[-44.00766587,-20.221851849999993],[-44.00766587,-20.22194288],[-44.00762035,-20.22194288],[-44.00762035,-20.222033910000004],[-44.00757484,-20.222033910000004],[-44.00757484,-20.222124949999998],[-44.00752932,-20.222124950000005],[-44.00752932,-20.222261489999998],[-44.00748381,-20.222261490000008],[-44.00748381,-20.222671139999996],[-44.00752932,-20.22267114],[-44.00752932,-20.22276217],[-44.00757484,-20.22276217],[-44.00757484,-20.222853200000003],[-44.00762035,-20.222853199999992],[-44.00762035,-20.222944229999996],[-44.00766587,-20.222944230000007],[-44.00766587,-20.222898709999996],[-44.00771139,-20.22289871],[-44.00771139,-20.22285319999999],[-44.00766587,-20.222853199999992],[-44.00766587,-20.22276217],[-44.00762035,-20.222762169999992],[-44.00762035,-20.222489070000005],[-44.00789345,-20.22248906999999],[-44.00789345,-20.222398040000005],[-44.00798448,-20.22239804],[-44.00798448,-20.222261490000008],[-44.00803,-20.22226149],[-44.00803,-20.22212495],[-44.00807551,-20.22212495],[-44.00807551,-20.222033909999997],[-44.00816654,-20.22203391],[-44.00816654,-20.221851849999997],[-44.00825757,-20.22185185],[-44.00825757,-20.221897369999997],[-44.00834861,-20.22189737],[-44.00834861,-20.221806339999993],[-44.00839412,-20.221806339999997],[-44.00839412,-20.221760819999997],[-44.00843964,-20.22176082],[-44.00843964,-20.221715299999996],[-44.00848515,-20.2217153],[-44.00848515,-20.221624269999996],[-44.00853067,-20.221624269999992],[-44.00853067,-20.221578759999996],[-44.00857618,-20.221578760000003],[-44.00857618,-20.22148773],[-44.0086217,-20.22148773],[-44.0086217,-20.22144221],[-44.00866722,-20.221442210000003],[-44.00866722,-20.221351180000006],[-44.00871273,-20.221351179999996],[-44.00871273,-20.221305659999995],[-44.00875825,-20.22130566],[-44.00875825,-20.221260149999992],[-44.00880376,-20.221260149999992],[-44.00880376,-20.221169119999995],[-44.00884928,-20.221169119999995],[-44.00884928,-20.22107808],[-44.00889479,-20.22107807999999],[-44.00889479,-20.22094154],[-44.00894031,-20.22094153999999],[-44.00894031,-20.220804990000005],[-44.00898583,-20.22080499],[-44.00898583,-20.21994019],[-44.00894031,-20.219940190000003],[-44.00894031,-20.21980364],[-44.00889479,-20.219803639999995],[-44.00889479,-20.219712609999995],[-44.00884928,-20.219712609999995],[-44.00884928,-20.219621579999995],[-44.00880376,-20.219621580000002],[-44.00880376,-20.21948503],[-44.00875825,-20.219485029999994],[-44.00875825,-20.219394],[-44.00871273,-20.219393999999998],[-44.00871273,-20.219166419999997],[-44.00866722,-20.219166419999997],[-44.00866722,-20.21898436],[-44.0086217,-20.218984360000007],[-44.0086217,-20.21889333],[-44.00866722,-20.218893329999997],[-44.00866722,-20.218802300000004],[-44.00871273,-20.218802299999993],[-44.00871273,-20.21848369],[-44.00866722,-20.21848369],[-44.00866722,-20.21839266],[-44.0086217,-20.21839265999999],[-44.0086217,-20.21830162],[-44.00853067,-20.218301619999995],[-44.00853067,-20.21825610999999],[-44.00848515,-20.21825611],[-44.00848515,-20.218210590000005],[-44.00834861,-20.218210589999998],[-44.00834861,-20.21816507999999],[-44.00812103,-20.218165079999995],[-44.00812103,-20.218210589999998],[-44.00803,-20.218210590000005],[-44.00803,-20.21825611],[-44.00793896,-20.218256110000002],[-44.00793896,-20.21830162],[-44.00789345,-20.218301620000002],[-44.00789345,-20.21834713999999],[-44.00784793,-20.218347140000002],[-44.00784793,-20.218392659999996],[-44.00780242,-20.21839266],[-44.00780242,-20.218529199999995],[-44.0077569,-20.21852919999999],[-44.0077569,-20.218711269999996],[-44.00780242,-20.218711269999993],[-44.00780242,-20.218847810000003],[-44.00784793,-20.21884781],[-44.00784793,-20.218893329999993],[-44.00789345,-20.218893329999997],[-44.00789345,-20.218938849999997],[-44.00793896,-20.218938849999997],[-44.00793896,-20.21898436],[-44.00798448,-20.218984359999997],[-44.00798448,-20.219029880000008],[-44.00807551,-20.219029879999997],[-44.00807551,-20.21916642],[-44.00812103,-20.21916642],[-44.00812103,-20.219393999999994],[-44.00816654,-20.219393999999994],[-44.00816654,-20.21957607],[-44.00821206,-20.21957607],[-44.00821206,-20.219667099999995],[-44.00825757,-20.2196671],[-44.00825757,-20.219758130000002],[-44.008303090000005,-20.219758129999995],[-44.008303090000005,-20.219894680000003],[-44.00834861,-20.219894679999996],[-44.00834861,-20.219985710000003],[-44.00839412,-20.219985709999996],[-44.00839412,-20.22012225]]]}},{"type":"Feature","id":"ide_210604_mg_analise_car_veg_2025_metrop_pol.114329","properties":{"fid":114329,"classe_":"VEGETACAO_2025"},"geometry":{"type":"Polygon","coordinates":[[[-44.0158587,-20.21224803],[-44.0158587,-20.212111489999998],[-44.01581319,-20.212111490000005],[-44.01581319,-20.212020450000004],[-44.01576767,-20.212020450000004],[-44.01576767,-20.212156999999998],[-44.01558561,-20.212156999999994],[-44.01558561,-20.21211149000001],[-44.01549458,-20.21211149],[-44.01549458,-20.21233906000001],[-44.01563112,-20.212339059999998],[-44.01563112,-20.212293550000002],[-44.01567664,-20.21229354999999],[-44.01567664,-20.21224803],[-44.0158587,-20.21224803]]]}},{"type":"Feature","id":"ide_210604_mg_analise_car_veg_2025_metrop_pol.114436","properties":{"fid":114436,"classe_":"VEGETACAO_2025"},"geometry":{"type":"MultiPolygon","coordinates":[[[[-44.02009166,-20.2098357],[-44.02013718,-20.2098357],[-44.02013718,-20.21010879],[-44.02009166,-20.21010879],[-44.02009166,-20.21024534],[-44.02013718,-20.210245340000004],[-44.02013718,-20.21029086],[-44.02027960833571,-20.210290860034508],[-44.0202474442788,-20.21000249689935],[-44.02019609236231,-20.20974467003592],[-44.02013718,-20.209744669999996],[-44.02013718,-20.20969914999999],[-44.02009166,-20.20969914999999],[-44.02009166,-20.2098357]]],[[[-44.02027373,-20.21065497999999],[-44.02027373,-20.21101911],[-44.0201827,-20.211019110000002],[-44.0201827,-20.211064620000002],[-44.02000063,-20.21106462],[-44.02000063,-20.21115565999999],[-44.019682020000005,-20.211155660000006],[-44.019682020000005,-20.211201169999992],[-44.02022821,-20.21120117],[-44.02022821,-20.21111014],[-44.020286211186466,-20.211110140012963],[-44.020297313724114,-20.21101971792294],[-44.0203031614202,-20.21065498000134],[-44.02027373,-20.21065497999999]]]]}},{"type":"Feature","id":"ide_210604_mg_analise_car_veg_2025_metrop_pol.114511","properties":{"fid":114511,"classe_":"VEGETACAO_2025"},"geometry":{"type":"Polygon","coordinates":[[[-44.00229501,-20.21866575],[-44.00229501,-20.218620240000003],[-44.00265914,-20.218620239999996],[-44.00265914,-20.218574719999992],[-44.00220398,-20.218574719999996],[-44.00220398,-20.218620239999993],[-44.00215847,-20.21862024],[-44.00215847,-20.21866575],[-44.00229501,-20.21866575]]]}},{"type":"Feature","id":"ide_210604_mg_analise_car_veg_2025_metrop_pol.114512","properties":{"fid":114512,"classe_":"VEGETACAO_2025"},"geometry":{"type":"MultiPolygon","coordinates":[[[[-44.01462978,-20.219029880000004],[-44.01458426,-20.219029879999997],[-44.01458426,-20.219302969999998],[-44.01453874,-20.21930297],[-44.01453874,-20.219985710000003],[-44.01458426,-20.219985709999996],[-44.01458426,-20.22012225],[-44.01462978,-20.22012225],[-44.01462978,-20.22021329],[-44.01467529,-20.220213289999997],[-44.01467529,-20.21889333],[-44.01462978,-20.21889333],[-44.01462978,-20.219029880000004]]],[[[-44.010806450000004,-20.21871127],[-44.01066991,-20.21871127],[-44.01066991,-20.218756779999996],[-44.01062439,-20.21875678],[-44.01062439,-20.2188023],[-44.01057888,-20.218802299999997],[-44.01057888,-20.21884781],[-44.01053336,-20.218847810000003],[-44.01053336,-20.218893329999997],[-44.01048784,-20.218893330000004],[-44.01048784,-20.21902988],[-44.01044233,-20.219029879999997],[-44.01044233,-20.219211940000005],[-44.01048784,-20.219211939999997],[-44.01048784,-20.219348489999998],[-44.01053336,-20.219348489999998],[-44.01053336,-20.219394],[-44.01057888,-20.219394],[-44.01057888,-20.219439519999995],[-44.01062439,-20.219439519999998],[-44.01062439,-20.21948503],[-44.01066991,-20.21948502999999],[-44.01066991,-20.219530549999998],[-44.010806450000004,-20.21953055],[-44.010806450000004,-20.21957607],[-44.01107955,-20.21957607],[-44.01107955,-20.21953055],[-44.01112507,-20.219530549999998],[-44.01112507,-20.21962157999999],[-44.01117058,-20.219621579999995],[-44.01117058,-20.21966709999999],[-44.0112161,-20.21966709999999],[-44.0112161,-20.219758129999992],[-44.01126161,-20.219758129999995],[-44.01126161,-20.219803640000002],[-44.01130713,-20.219803640000006],[-44.01130713,-20.219894679999996],[-44.01135264,-20.21989468],[-44.01135264,-20.220167769999996],[-44.01139816,-20.220167770000003],[-44.01139816,-20.220395350000004],[-44.01144368,-20.220395349999997],[-44.01144368,-20.220486380000004],[-44.01226296,-20.22048638],[-44.01226296,-20.220440860000004],[-44.01217193,-20.220440860000004],[-44.01217193,-20.220395349999993],[-44.01212641,-20.220395349999993],[-44.01212641,-20.220349829999996],[-44.01203538,-20.220349829999996],[-44.01203538,-20.22030432],[-44.01198986,-20.220304320000004],[-44.01198986,-20.220213289999997],[-44.01194435,-20.220213289999997],[-44.01194435,-20.219940190000003],[-44.01189883,-20.219940190000003],[-44.01189883,-20.219712610000002],[-44.01185332,-20.219712609999995],[-44.01185332,-20.21962158],[-44.0118078,-20.219621580000005],[-44.0118078,-20.219530549999998],[-44.01176229,-20.219530549999998],[-44.01176229,-20.219485029999998],[-44.01171677,-20.21948502999999],[-44.01171677,-20.219393999999998],[-44.011671250000006,-20.219393999999994],[-44.011671250000006,-20.219348489999998],[-44.01162574,-20.21934849],[-44.01162574,-20.219302969999998],[-44.011580220000006,-20.21930296999999],[-44.011580220000006,-20.21921194],[-44.01153471,-20.219211939999994],[-44.01153471,-20.219166419999997],[-44.01148919,-20.219166420000004],[-44.01148919,-20.219075389999993],[-44.01144368,-20.219075389999997],[-44.01144368,-20.21902988],[-44.01139816,-20.219029879999997],[-44.01139816,-20.218938850000004],[-44.01135264,-20.218938849999997],[-44.01135264,-20.21889333],[-44.01130713,-20.218893330000004],[-44.01130713,-20.21880229999999],[-44.01126161,-20.218802299999997],[-44.01126161,-20.21875678],[-44.01117058,-20.21875678],[-44.01117058,-20.218711269999996],[-44.01103403,-20.218711269999996],[-44.01103403,-20.218665749999996],[-44.010806450000004,-20.218665750000003],[-44.010806450000004,-20.21871127]]],[[[-44.01390152,-20.21652651],[-44.01376498,-20.216526509999998],[-44.01376498,-20.21657203],[-44.01371946,-20.21657203],[-44.01371946,-20.21661754],[-44.01367395,-20.21661754],[-44.01367395,-20.21666306],[-44.01362843,-20.216663059999995],[-44.01362843,-20.21675408999999],[-44.01358291,-20.216754089999995],[-44.01358291,-20.216890640000003],[-44.0135374,-20.216890639999995],[-44.0135374,-20.21698167],[-44.01358291,-20.21698167],[-44.01358291,-20.217118220000007],[-44.01362843,-20.217118219999996],[-44.01362843,-20.21720925],[-44.01367395,-20.217209249999993],[-44.01367395,-20.21725476],[-44.01371946,-20.217254760000003],[-44.01371946,-20.217300279999996],[-44.01381049,-20.217300280000003],[-44.01381049,-20.21734579],[-44.01394704,-20.217345789999996],[-44.01394704,-20.217391310000004],[-44.0141291,-20.217391310000007],[-44.0141291,-20.217345789999992],[-44.01435668,-20.21734579],[-44.01435668,-20.217391309999996],[-44.01444771,-20.217391309999996],[-44.01444771,-20.217436829999997],[-44.01453874,-20.217436830000008],[-44.01453874,-20.217482340000007],[-44.01458426,-20.21748234],[-44.01458426,-20.217527860000004],[-44.01462978,-20.217527860000004],[-44.01462978,-20.217573370000004],[-44.01467529,-20.217573370000004],[-44.01467529,-20.216890639999992],[-44.01458426,-20.21689064],[-44.01458426,-20.216845119999995],[-44.01449323,-20.21684512],[-44.01449323,-20.216754089999995],[-44.01444771,-20.216754090000002],[-44.01444771,-20.21666306],[-44.0144022,-20.216663060000002],[-44.0144022,-20.216617539999998],[-44.01435668,-20.216617539999998],[-44.01435668,-20.21657203],[-44.01431117,-20.216572030000002],[-44.01431117,-20.216526510000005],[-44.01417462,-20.216526509999994],[-44.01417462,-20.216480999999995],[-44.01390152,-20.216480999999995],[-44.01390152,-20.21652651]]]]}},{"type":"Feature","id":"ide_210604_mg_analise_car_veg_2025_metrop_pol.114609","properties":{"fid":114609,"classe_":"VEGETACAO_2025"},"geometry":{"type":"Polygon","coordinates":[[[-44.00215847,-20.219348489999998],[-44.00215847,-20.21930297],[-44.00211295,-20.219302969999998],[-44.00211295,-20.219348489999998],[-44.00215847,-20.219348489999998]]]}},{"type":"Feature","id":"ide_210604_mg_analise_car_veg_2025_metrop_pol.114639","properties":{"fid":114639,"classe_":"VEGETACAO_2025"},"geometry":{"type":"Polygon","coordinates":[[[-43.99938201,-20.209881209999995],[-43.99933649,-20.209881209999995],[-43.99933649,-20.209926729999996],[-43.99929098,-20.209926729999992],[-43.99929098,-20.209972249999996],[-43.99919994,-20.209972250000003],[-43.99919994,-20.21001776],[-43.99910891,-20.210017759999996],[-43.99910891,-20.21006328],[-43.99897237,-20.21006328],[-43.99897237,-20.210108790000007],[-43.99888133,-20.210108790000003],[-43.99888133,-20.21015431],[-43.9987903,-20.21015431],[-43.9987903,-20.210199829999997],[-43.99869927,-20.210199830000004],[-43.99869927,-20.210245339999997],[-43.99865376000001,-20.210245339999997],[-43.99865376000001,-20.210290860000004],[-43.99860824,-20.21029086],[-43.99860824,-20.210336370000007],[-43.99851721,-20.210336370000007],[-43.99851721,-20.21038189],[-43.99847169,-20.21038189],[-43.99847169,-20.210427399999993],[-43.99842618,-20.210427399999997],[-43.99842618,-20.210472920000004],[-43.99838066,-20.210472920000008],[-43.99838066,-20.210518439999994],[-43.99833514,-20.21051844],[-43.99833514,-20.210563949999997],[-43.99828963,-20.21056395],[-43.99828963,-20.21060946999999],[-43.99824411,-20.210609469999998],[-43.99824411,-20.210654979999997],[-43.99810757,-20.210654979999994],[-43.99810757,-20.210700500000005],[-43.99801653,-20.210700499999998],[-43.99801653,-20.21074600999999],[-43.99787999000001,-20.21074601],[-43.99787999000001,-20.21079153],[-43.99783447,-20.210791529999998],[-43.99783447,-20.21083705],[-43.99778896000001,-20.21083705],[-43.99778896000001,-20.210882559999995],[-43.99774344,-20.210882559999995],[-43.99774344,-20.21092808],[-43.99769792,-20.21092808],[-43.99769792,-20.21097359],[-43.99765241,-20.21097359],[-43.99765241,-20.211019109999995],[-43.99760689,-20.211019110000002],[-43.99760689,-20.211064620000002],[-43.9975649957132,-20.21106462000586],[-43.9974067126565,-20.21197494000376],[-43.99742483,-20.211974939999994],[-43.99742483,-20.21206597],[-43.99747035,-20.212065970000005],[-43.99747035,-20.21211149],[-43.99751586,-20.212111490000005],[-43.99751586,-20.212202519999995],[-43.99756138,-20.212202519999995],[-43.99756138,-20.212248029999994],[-43.99760689,-20.212248029999998],[-43.99760689,-20.21229355],[-43.99765241,-20.212293550000005],[-43.99765241,-20.212339059999998],[-43.99769792,-20.21233905999999],[-43.99769792,-20.212384579999995],[-43.99774344,-20.212384579999995],[-43.99774344,-20.2124301],[-43.99778896000001,-20.212430099999995],[-43.99778896000001,-20.212384580000002],[-43.99787999000001,-20.212384579999995],[-43.99787999000001,-20.21233906],[-43.9979255,-20.212339059999998],[-43.9979255,-20.21220252],[-43.99787999000001,-20.21220252],[-43.99787999000001,-20.212065970000005],[-43.99783447,-20.212065969999994],[-43.99783447,-20.212020449999997],[-43.99778896000001,-20.212020450000004],[-43.99778896000001,-20.211974939999998],[-43.99774344,-20.21197493999999],[-43.99774344,-20.21192941999999],[-43.99769792,-20.211929419999997],[-43.99769792,-20.21183839],[-43.99765241,-20.21183839],[-43.99765241,-20.21151978],[-43.99769792,-20.21151978],[-43.99769792,-20.211474269999997],[-43.99774344,-20.211474270000004],[-43.99774344,-20.211428749999996],[-43.9979255,-20.211428749999996],[-43.9979255,-20.21138322999999],[-43.99801653,-20.21138323],[-43.99801653,-20.211337719999996],[-43.99810757,-20.211337719999992],[-43.99810757,-20.211292200000003],[-43.99815308,-20.211292199999995],[-43.99815308,-20.211246689999996],[-43.99824411,-20.211246690000003],[-43.99824411,-20.211201169999995],[-43.99833514,-20.211201169999995],[-43.99833514,-20.21115566],[-43.99847169,-20.211155659999992],[-43.99847169,-20.21111014],[-43.99851721,-20.211110139999995],[-43.99851721,-20.211064620000002],[-43.99856272,-20.21106462],[-43.99856272,-20.211019110000002],[-43.99860824,-20.211019109999995],[-43.99860824,-20.210973590000002],[-43.99865376000001,-20.21097359],[-43.99865376000001,-20.21092808],[-43.99869927,-20.21092808],[-43.99869927,-20.210882560000005],[-43.9987903,-20.210882560000005],[-43.9987903,-20.21083705000001],[-43.99888133,-20.210837050000006],[-43.99888133,-20.21079153],[-43.99892685,-20.210791529999995],[-43.99892685,-20.210746009999994],[-43.99897237,-20.210746010000005],[-43.99897237,-20.210700500000005],[-43.99901788,-20.210700500000005],[-43.99901788,-20.210654980000005],[-43.99910891,-20.21065497999999],[-43.99910891,-20.210609470000005],[-43.99919994,-20.21060947],[-43.99919994,-20.210563949999997],[-43.99929098,-20.210563949999997],[-43.99929098,-20.21051844],[-43.999427520000005,-20.210518439999998],[-43.999427520000005,-20.210472919999994],[-43.99951855,-20.210472919999994],[-43.99951855,-20.210427399999997],[-43.99960959,-20.210427400000004],[-43.99960959,-20.209653640000003],[-43.99956407,-20.209653639999996],[-43.99956407,-20.209744669999996],[-43.99947304,-20.209744669999996],[-43.99947304,-20.209835699999992],[-43.99938201,-20.209835700000006],[-43.99938201,-20.209881209999995]]]}},{"type":"Feature","id":"ide_210604_mg_analise_car_veg_2025_metrop_pol.114712","properties":{"fid":114712,"classe_":"VEGETACAO_2025"},"geometry":{"type":"Polygon","coordinates":[[[-44.01645041,-20.212794220000003],[-44.01645041,-20.213021800000007],[-44.016404890000004,-20.21302179999999],[-44.016404890000004,-20.213249379999993],[-44.01645041,-20.213249380000008],[-44.01645041,-20.213067319999997],[-44.01654144,-20.21306732],[-44.01654144,-20.212976279999992],[-44.01663247,-20.212976279999996],[-44.01663247,-20.212885250000003],[-44.0167235,-20.212885249999992],[-44.0167235,-20.212839739999996],[-44.01667798,-20.212839739999993],[-44.01667798,-20.212794219999992],[-44.01663247,-20.212794219999996],[-44.01663247,-20.212748709999996],[-44.01654144,-20.212748710000003],[-44.01654144,-20.212794220000003],[-44.01645041,-20.212794220000003]]]}},{"type":"Feature","id":"ide_210604_mg_analise_car_veg_2025_metrop_pol.114794","properties":{"fid":114794,"classe_":"VEGETACAO_2025"},"geometry":{"type":"Polygon","coordinates":[[[-44.00488941,-20.20583031],[-44.00488941,-20.205875829999997],[-44.00493493,-20.205875829999993],[-44.00493493,-20.20583031],[-44.00488941,-20.20583031]]]}},{"type":"Feature","id":"ide_210604_mg_analise_car_veg_2025_metrop_pol.114837","properties":{"fid":114837,"classe_":"VEGETACAO_2025"},"geometry":{"type":"Polygon","coordinates":[[[-44.00061093,-20.220304319999997],[-44.00061093,-20.220258799999996],[-44.00056542,-20.2202588],[-44.00056542,-20.22030432],[-44.00061093,-20.220304319999997]]]}},{"type":"Feature","id":"ide_210604_mg_analise_car_veg_2025_metrop_pol.115058","properties":{"fid":115058,"classe_":"VEGETACAO_2025"},"geometry":{"type":"Polygon","coordinates":[[[-44.00429771,-20.21070049999999],[-44.00425219,-20.21070049999999],[-44.00425219,-20.210746009999998],[-44.00429771,-20.210746009999998],[-44.00429771,-20.21070049999999]]]}},{"type":"Feature","id":"ide_210604_mg_analise_car_veg_2025_metrop_pol.115136","properties":{"fid":115136,"classe_":"VEGETACAO_2025"},"geometry":{"type":"Polygon","coordinates":[[[-44.0103513,-20.21607134999999],[-44.01021475,-20.21607135],[-44.01021475,-20.216116869999997],[-44.0103513,-20.21611687000001],[-44.0103513,-20.21607134999999]]]}},{"type":"Feature","id":"ide_210604_mg_analise_car_veg_2025_metrop_pol.115562","properties":{"fid":115562,"classe_":"VEGETACAO_2025"},"geometry":{"type":"Polygon","coordinates":[[[-43.99842618,-20.214751399999994],[-43.99838066,-20.214751400000004],[-43.99838066,-20.214887949999998],[-43.99833514,-20.214887949999998],[-43.99833514,-20.21507001],[-43.99828963,-20.215070010000005],[-43.99828963,-20.21511552],[-43.99824411,-20.21511552],[-43.99824411,-20.215206560000002],[-43.9981986,-20.215206559999988],[-43.9981986,-20.21525206999999],[-43.99815308,-20.215252070000002],[-43.99815308,-20.21529759],[-43.99806205,-20.21529758999999],[-43.99806205,-20.21534309999999],[-43.99801653,-20.2153431],[-43.99801653,-20.21538862],[-43.99783447,-20.215388619999995],[-43.99783447,-20.21543412999999],[-43.99760689,-20.21543413],[-43.99760689,-20.215479649999992],[-43.99756138,-20.21547965],[-43.99756138,-20.216025839999993],[-43.99751586,-20.21602584],[-43.99751586,-20.216162389999997],[-43.99747035,-20.216162390000008],[-43.99747035,-20.216253419999994],[-43.99742483,-20.216253419999997],[-43.99742483,-20.216298930000004],[-43.99739490370126,-20.21629893000133],[-43.99744433949511,-20.216663060001437],[-43.99747035,-20.216663060000002],[-43.99747035,-20.216708569999998],[-43.99760689,-20.21670857],[-43.99760689,-20.21675409],[-43.99765241,-20.21675409],[-43.99765241,-20.216890639999992],[-43.9979255,-20.216890639999995],[-43.9979255,-20.216936150000002],[-43.99797102,-20.21693615],[-43.99797102,-20.217027180000002],[-43.99801653,-20.217027179999995],[-43.99801653,-20.217072700000003],[-43.99810757,-20.217072699999996],[-43.99810757,-20.217118219999993],[-43.99815308,-20.217118220000003],[-43.99815308,-20.217163729999996],[-43.99828963,-20.217163729999996],[-43.99828963,-20.217209250000003],[-43.99838066,-20.217209250000003],[-43.99838066,-20.217254760000007],[-43.99842618,-20.217254760000003],[-43.99842618,-20.217345789999996],[-43.99847169,-20.21734579],[-43.99847169,-20.21743683],[-43.99860824,-20.21743683],[-43.99860824,-20.217527860000004],[-43.99865376000001,-20.217527860000004],[-43.99865376000001,-20.217573370000004],[-43.99869927,-20.21757337],[-43.99869927,-20.217618890000004],[-43.9987903,-20.217618889999994],[-43.9987903,-20.217664399999993],[-43.99883582,-20.2176644],[-43.99883582,-20.217709920000008],[-43.99892685,-20.217709919999997],[-43.99892685,-20.217755439999998],[-43.99897237,-20.217755439999994],[-43.99897237,-20.21780095],[-43.99901788,-20.217800949999997],[-43.99901788,-20.217846469999994],[-43.9990634,-20.21784647],[-43.9990634,-20.217891979999997],[-43.99915443,-20.21789197999999],[-43.99915443,-20.2179375],[-43.99919994,-20.217937499999998],[-43.99919994,-20.21798301],[-43.99924546,-20.21798301],[-43.99924546,-20.218028529999994],[-44.00229501,-20.21802852999999],[-44.00229501,-20.217846469999998],[-44.0022495,-20.21784647],[-44.0022495,-20.217709919999994],[-44.00252259,-20.217709919999994],[-44.00252259,-20.217664400000007],[-44.00256811,-20.217664399999997],[-44.00256811,-20.217573369999997],[-44.00270466,-20.217573369999997],[-44.00270466,-20.217527860000004],[-44.00275017,-20.217527860000004],[-44.00275017,-20.217300280000003],[-44.00279569,-20.217300279999996],[-44.00279569,-20.21711822],[-44.00238604,-20.21711822],[-44.00238604,-20.217072699999996],[-44.00229501,-20.21707269999999],[-44.00229501,-20.217027179999995],[-44.0022495,-20.21702717999999],[-44.0022495,-20.216981670000006],[-44.00220398,-20.216981670000003],[-44.00220398,-20.21689063999999],[-44.00133918,-20.21689064],[-44.00133918,-20.216936150000006],[-44.00097506,-20.216936149999995],[-44.00097506,-20.216981669999996],[-44.00074748,-20.21698167],[-44.00074748,-20.21693614999999],[-44.00056542,-20.216936150000002],[-44.00056542,-20.21689064],[-44.00038335,-20.216890639999995],[-44.00038335,-20.216845120000002],[-44.00029232000001,-20.21684512],[-44.00029232000001,-20.216799609999995],[-44.00020129,-20.216799609999992],[-44.00020129,-20.21675409],[-44.00011026,-20.216754090000002],[-44.00011026,-20.21670857],[-44.00001923,-20.21670857],[-44.00001923,-20.216663060000002],[-43.9999282,-20.21666306],[-43.9999282,-20.21661754],[-43.99988268,-20.21661754],[-43.99988268,-20.21657202999999],[-43.99983716,-20.216572029999995],[-43.99983716,-20.216526509999998],[-43.99979165,-20.216526509999998],[-43.99979165,-20.216481000000005],[-43.99974613,-20.216481],[-43.99974613,-20.21643548],[-43.99970062,-20.21643548],[-43.99970062,-20.216389959999994],[-43.9996551,-20.216389959999997],[-43.9996551,-20.21634445],[-43.99960959,-20.216344449999998],[-43.99960959,-20.21625341999999],[-43.99956407,-20.216253420000005],[-43.99956407,-20.21616239],[-43.99951855,-20.216162390000004],[-43.99951855,-20.216025840000007],[-43.99947304,-20.21602584],[-43.99947304,-20.21588929],[-43.999427520000005,-20.21588929],[-43.999427520000005,-20.21575274],[-43.99938201,-20.215752739999996],[-43.99938201,-20.2156162],[-43.99933649,-20.215616200000007],[-43.99933649,-20.21547965],[-43.99929098,-20.215479650000002],[-43.99929098,-20.21538862],[-43.99924546,-20.215388619999995],[-43.99924546,-20.2153431],[-43.99919994,-20.215343100000002],[-43.99919994,-20.21529759],[-43.99915443,-20.21529758999999],[-43.99915443,-20.21525206999999],[-43.99910891,-20.21525207],[-43.99910891,-20.215206560000006],[-43.9990634,-20.215206559999988],[-43.9990634,-20.21516104],[-43.99897237,-20.215161040000005],[-43.99897237,-20.21511552],[-43.99892685,-20.21511552],[-43.99892685,-20.21507001],[-43.99888133,-20.21507001],[-43.99888133,-20.214978979999998],[-43.99883582,-20.214978980000005],[-43.99883582,-20.21493346],[-43.9987903,-20.214933459999997],[-43.9987903,-20.214887949999998],[-43.99874479000001,-20.214887949999998],[-43.99874479000001,-20.2147514],[-43.99869927,-20.214751400000004],[-43.99869927,-20.214660370000004],[-43.99865376000001,-20.214660369999997],[-43.99865376000001,-20.214569339999994],[-43.99860824,-20.214569340000004],[-43.99860824,-20.21452382],[-43.99856272,-20.21452382],[-43.99856272,-20.214478299999996],[-43.99851721,-20.214478299999996],[-43.99851721,-20.21443279],[-43.99847169,-20.214432789999996],[-43.99847169,-20.21438727],[-43.99842618,-20.214387269999996],[-43.99842618,-20.214751399999994]]]}},{"type":"Feature","id":"ide_210604_mg_analise_car_veg_2025_metrop_pol.115570","properties":{"fid":115570,"classe_":"VEGETACAO_2025"},"geometry":{"type":"MultiPolygon","coordinates":[[[[-44.00611833,-20.21943952],[-44.00607282,-20.219439519999998],[-44.00607282,-20.219485029999994],[-44.0060273,-20.219485029999998],[-44.0060273,-20.21957607],[-44.00598179,-20.219576069999995],[-44.00598179,-20.21962158],[-44.00593627,-20.219621579999995],[-44.00593627,-20.21971261],[-44.00589076000001,-20.219712609999995],[-44.00589076000001,-20.219758129999995],[-44.00584524,-20.21975813],[-44.00584524,-20.219803640000002],[-44.00575421,-20.219803639999995],[-44.00575421,-20.219849160000003],[-44.00570869,-20.21984916],[-44.00570869,-20.219894680000003],[-44.00566318,-20.219894680000003],[-44.00566318,-20.219940190000003],[-44.00561766,-20.21994019],[-44.00561766,-20.21998571],[-44.00557215,-20.219985709999992],[-44.00557215,-20.22003122],[-44.00616385,-20.22003122],[-44.00616385,-20.219393999999998],[-44.00611833,-20.219394],[-44.00611833,-20.21943952]]],[[[-44.00306878,-20.216845119999988],[-44.00302327,-20.216845119999988],[-44.00302327,-20.216890639999995],[-44.00306878,-20.216890640000006],[-44.00306878,-20.217027180000006],[-44.00320533,-20.21702717999999],[-44.00320533,-20.21711822],[-44.00325084,-20.217118220000007],[-44.00325084,-20.217163729999992],[-44.00329636,-20.217163729999996],[-44.00329636,-20.217345789999996],[-44.00338739,-20.217345789999992],[-44.00338739,-20.21748234],[-44.00334188,-20.21748234],[-44.00334188,-20.217664399999993],[-44.00329636,-20.2176644],[-44.00329636,-20.217755440000005],[-44.00325084,-20.217755439999998],[-44.00325084,-20.217709919999994],[-44.00320533,-20.217709920000004],[-44.00320533,-20.217800949999997],[-44.00315981,-20.217800949999997],[-44.00315981,-20.21784647],[-44.00306878,-20.217846469999998],[-44.00306878,-20.21802853],[-44.00293223,-20.218028529999994],[-44.00293223,-20.21821059],[-44.00288672,-20.218210590000005],[-44.00288672,-20.21830162],[-44.0028412,-20.21830162],[-44.0028412,-20.218392659999996],[-44.00275017,-20.218392659999996],[-44.00275017,-20.218574719999996],[-44.0028412,-20.218574720000003],[-44.0028412,-20.218529199999995],[-44.00293223,-20.2185292],[-44.00293223,-20.218483689999996],[-44.00297775,-20.218483689999992],[-44.00297775,-20.21843817],[-44.00302327,-20.21843816999999],[-44.00302327,-20.21839266],[-44.00306878,-20.21839265999999],[-44.00306878,-20.21834713999999],[-44.0031143,-20.21834713999999],[-44.0031143,-20.218301620000002],[-44.00315981,-20.21830162],[-44.00315981,-20.218119559999995],[-44.00320533,-20.218119560000005],[-44.00320533,-20.218028529999994],[-44.00325084,-20.21802852999999],[-44.00325084,-20.21798301],[-44.00329636,-20.217983009999998],[-44.00329636,-20.217937499999994],[-44.00334188,-20.217937500000005],[-44.00334188,-20.21789198000001],[-44.00343291,-20.21789198],[-44.00343291,-20.217846469999994],[-44.00379703,-20.217846469999998],[-44.00379703,-20.21789198],[-44.00388806,-20.217891979999994],[-44.00388806,-20.217937500000005],[-44.00393358,-20.217937499999998],[-44.00393358,-20.217983010000008],[-44.0039791,-20.21798301],[-44.0039791,-20.218028529999994],[-44.00402461,-20.21802853],[-44.00402461,-20.21807405],[-44.00407013,-20.218074049999995],[-44.00407013,-20.21821059000001],[-44.00411564,-20.218210589999998],[-44.00411564,-20.218392659999996],[-44.00407013,-20.21839266],[-44.00407013,-20.21843817],[-44.00416116,-20.21843816999999],[-44.00416116,-20.2185292],[-44.00411564,-20.2185292],[-44.00411564,-20.218574719999992],[-44.0039791,-20.218574719999985],[-44.0039791,-20.218620240000003],[-44.00393358,-20.218620240000003],[-44.00393358,-20.218665749999996],[-44.00384255,-20.21866575],[-44.00384255,-20.21871127],[-44.003706,-20.218711269999993],[-44.003706,-20.218756779999993],[-44.00352394,-20.218756779999996],[-44.00352394,-20.218984359999997],[-44.00347842,-20.218984359999997],[-44.00347842,-20.21921194],[-44.00343291,-20.219211939999994],[-44.00343291,-20.21943952],[-44.00338739,-20.219439519999998],[-44.00338739,-20.219485029999998],[-44.00325084,-20.21948503],[-44.00325084,-20.21957607],[-44.00329636,-20.219576070000002],[-44.00329636,-20.21966709999999],[-44.00334188,-20.219667100000006],[-44.00334188,-20.21980364],[-44.00347842,-20.219803639999995],[-44.00347842,-20.219849160000003],[-44.00352394,-20.21984916],[-44.00352394,-20.219894680000003],[-44.00356945000001,-20.21989468],[-44.00356945000001,-20.220031219999992],[-44.00479838,-20.220031219999996],[-44.00479838,-20.21998571],[-44.00484389,-20.219985710000003],[-44.00484389,-20.219940189999996],[-44.00488941,-20.219940190000003],[-44.00488941,-20.219849159999992],[-44.00493493,-20.21984916],[-44.00493493,-20.219803639999995],[-44.00498044,-20.219803640000002],[-44.00498044,-20.219758130000002],[-44.005025960000005,-20.219758129999995],[-44.005025960000005,-20.219712609999995],[-44.00507147,-20.219712609999995],[-44.00507147,-20.219667100000002],[-44.00511699,-20.2196671],[-44.00511699,-20.21962158],[-44.0051625,-20.219621580000002],[-44.0051625,-20.21957607],[-44.00525354,-20.21957607],[-44.00525354,-20.219530550000005],[-44.00529905,-20.21953055000001],[-44.00529905,-20.219485029999994],[-44.00534457,-20.21948503000001],[-44.00534457,-20.219439519999998],[-44.00539008,-20.21943952],[-44.00539008,-20.219394],[-44.0054356,-20.219394],[-44.0054356,-20.219348489999998],[-44.00548111,-20.219348489999998],[-44.00548111,-20.219302969999994],[-44.00552663,-20.219302969999994],[-44.00552663,-20.21925745999999],[-44.00557215,-20.219257460000005],[-44.00557215,-20.21916642],[-44.00561766,-20.21916642],[-44.00561766,-20.21912091],[-44.00566318,-20.21912091],[-44.00566318,-20.219029880000004],[-44.00570869,-20.219029880000004],[-44.00570869,-20.21893885],[-44.00575421,-20.218938849999997],[-44.00575421,-20.21884781],[-44.00579972,-20.218847810000003],[-44.00579972,-20.21875678],[-44.00584524,-20.218756780000003],[-44.00584524,-20.21848369],[-44.00589076000001,-20.218483689999992],[-44.00589076000001,-20.218392659999996],[-44.00593627,-20.218392659999992],[-44.00593627,-20.218347140000002],[-44.00598179,-20.21834714],[-44.00598179,-20.218301619999995],[-44.0060273,-20.21830162],[-44.0060273,-20.21825611],[-44.00607282,-20.218256110000002],[-44.00607282,-20.218210590000005],[-44.00616385,-20.218210589999998],[-44.00616385,-20.216162389999994],[-44.00256811,-20.21616239],[-44.00256811,-20.216253419999997],[-44.00279569,-20.216253420000008],[-44.00279569,-20.216298930000008],[-44.00288672,-20.216298929999994],[-44.00288672,-20.216344449999998],[-44.00293223,-20.216344450000005],[-44.00293223,-20.216389960000004],[-44.00297775,-20.21638996],[-44.00297775,-20.216435479999998],[-44.00302327,-20.216435480000005],[-44.00302327,-20.21652651],[-44.00306878,-20.216526509999994],[-44.00306878,-20.216845119999988]]]]}},{"type":"Feature","id":"ide_210604_mg_analise_car_veg_2025_metrop_pol.115600","properties":{"fid":115600,"classe_":"VEGETACAO_2025"},"geometry":{"type":"Polygon","coordinates":[[[-44.01144368,-20.22276217],[-44.01139816,-20.222762169999992],[-44.01139816,-20.22271665],[-44.01135264,-20.222716649999995],[-44.01135264,-20.222671139999996],[-44.01130713,-20.222671139999996],[-44.01130713,-20.222625619999995],[-44.01085197,-20.222625619999995],[-44.01085197,-20.22267114],[-44.010806450000004,-20.222671139999996],[-44.010806450000004,-20.222716649999988],[-44.010715420000004,-20.22271665],[-44.010715420000004,-20.222762169999992],[-44.01066991,-20.222762169999992],[-44.01066991,-20.222716650000002],[-44.01048784,-20.222716649999988],[-44.01048784,-20.222671140000003],[-44.0103513,-20.222671140000006],[-44.0103513,-20.222625620000006],[-44.01016923,-20.22262562],[-44.01016923,-20.222580100000002],[-44.00998717,-20.22258009999999],[-44.00998717,-20.222534590000002],[-44.00966856,-20.22253458999999],[-44.00966856,-20.222489070000005],[-44.00934995,-20.222489069999998],[-44.00934995,-20.222762170000003],[-44.00939547,-20.222762169999985],[-44.00939547,-20.2228532],[-44.0094865,-20.222853199999996],[-44.0094865,-20.222898710000003],[-44.00966856,-20.222898710000006],[-44.00966856000025,-20.223021685262108],[-44.010268449470196,-20.2230061121876],[-44.01093667382329,-20.222919928375088],[-44.01144368000007,-20.222791945378766],[-44.01144368,-20.22276217]]]}},{"type":"Feature","id":"ide_210604_mg_analise_car_veg_2025_metrop_pol.115657","properties":{"fid":115657,"classe_":"VEGETACAO_2025"},"geometry":{"type":"Polygon","coordinates":[[[-43.99760689,-20.211064620000002],[-43.99760689,-20.211019110000002],[-43.99765241,-20.211019109999995],[-43.99765241,-20.21097359],[-43.99769792,-20.21097359],[-43.99769792,-20.21092808],[-43.99774344,-20.21092808],[-43.99774344,-20.210882559999995],[-43.99778896000001,-20.210882559999995],[-43.99778896000001,-20.21083705],[-43.99783447,-20.21083705],[-43.99783447,-20.210791529999998],[-43.99787999000001,-20.21079153],[-43.99787999000001,-20.21074601],[-43.99801653,-20.21074600999999],[-43.99801653,-20.210700499999998],[-43.99810757,-20.210700500000005],[-43.99810757,-20.210654979999994],[-43.99824411,-20.210654979999997],[-43.99824411,-20.210609469999998],[-43.99828963,-20.21060946999999],[-43.99828963,-20.21056395],[-43.99833514,-20.210563949999997],[-43.99833514,-20.21051844],[-43.99838066,-20.210518439999994],[-43.99838066,-20.210472920000008],[-43.99842618,-20.210472920000004],[-43.99842618,-20.210427399999997],[-43.99847169,-20.210427399999993],[-43.99847169,-20.21038189],[-43.99851721,-20.21038189],[-43.99851721,-20.210336370000007],[-43.99860824,-20.210336370000007],[-43.99860824,-20.21029086],[-43.99865376000001,-20.210290860000004],[-43.99865376000001,-20.210245339999997],[-43.99869927,-20.210245339999997],[-43.99869927,-20.210199830000004],[-43.9987903,-20.210199829999997],[-43.9987903,-20.21015431],[-43.99888133,-20.21015431],[-43.99888133,-20.210108790000003],[-43.99897237,-20.210108790000007],[-43.99897237,-20.21006328],[-43.99910891,-20.21006328],[-43.99910891,-20.210017759999996],[-43.99919994,-20.21001776],[-43.99919994,-20.209972250000003],[-43.99929098,-20.209972249999996],[-43.99929098,-20.209926729999992],[-43.99915443,-20.209926729999992],[-43.99915443,-20.20988121],[-43.9990634,-20.209881209999995],[-43.9990634,-20.20979017999999],[-43.99892685,-20.20979018],[-43.99892685,-20.209835699999992],[-43.99883582,-20.209835699999996],[-43.99883582,-20.209881209999995],[-43.99874479000001,-20.209881210000002],[-43.99874479000001,-20.20997225],[-43.99842618,-20.209972250000007],[-43.99842618,-20.21001776],[-43.99828963,-20.210017760000003],[-43.99828963,-20.210063280000004],[-43.99815308,-20.210063280000004],[-43.99815308,-20.210108789999996],[-43.99806205,-20.210108789999996],[-43.99806205,-20.21015431],[-43.9979255,-20.21015431],[-43.9979255,-20.210199829999997],[-43.99763475895415,-20.210199830060734],[-43.99759902146722,-20.210847398187397],[-43.9975649957132,-20.21106462000586],[-43.99760689,-20.211064620000002]]]}},{"type":"Feature","id":"ide_210604_mg_analise_car_veg_2025_metrop_pol.115674","properties":{"fid":115674,"classe_":"VEGETACAO_2025"},"geometry":{"type":"Polygon","coordinates":[[[-44.00784793,-20.212930769999996],[-44.00784793,-20.213476960000005],[-44.00780242,-20.213476960000005],[-44.00780242,-20.213704539999995],[-44.0077569,-20.21370453999999],[-44.0077569,-20.21384108],[-44.00771139,-20.213841079999995],[-44.00771139,-20.214068659999995],[-44.0077569,-20.214068659999995],[-44.0077569,-20.214023149999992],[-44.00789345,-20.214023149999992],[-44.00789345,-20.214068659999995],[-44.00793896,-20.21406866],[-44.00793896,-20.21393210999999],[-44.00789345,-20.213932109999995],[-44.00789345,-20.21384108],[-44.00784793,-20.213841079999998],[-44.00784793,-20.213522470000004],[-44.00789345,-20.213522470000004],[-44.00789345,-20.213385929999998],[-44.00793896,-20.213385929999994],[-44.00793896,-20.21329489],[-44.00798448,-20.213294889999997],[-44.00798448,-20.213203860000004],[-44.00803,-20.21320386],[-44.00803,-20.213112829999993],[-44.00807551,-20.213112829999996],[-44.00807551,-20.213067319999997],[-44.00798448,-20.213067320000007],[-44.00798448,-20.213021799999996],[-44.00793896,-20.213021800000003],[-44.00793896,-20.212976279999996],[-44.00789345,-20.21297628],[-44.00789345,-20.212930770000003],[-44.00784793,-20.212930769999996]]]}},{"type":"Feature","id":"ide_210604_mg_analise_car_veg_2025_metrop_pol.115756","properties":{"fid":115756,"classe_":"VEGETACAO_2025"},"geometry":{"type":"Polygon","coordinates":[[[-43.99774344,-20.212384579999995],[-43.99769792,-20.212384579999995],[-43.99769792,-20.21233905999999],[-43.99765241,-20.212339059999998],[-43.99765241,-20.212293550000005],[-43.99760689,-20.21229355],[-43.99760689,-20.212248029999998],[-43.99756138,-20.212248029999994],[-43.99756138,-20.212339059999998],[-43.99760689,-20.212339059999998],[-43.99760689,-20.21238458],[-43.99765241,-20.21238457999999],[-43.99765241,-20.212521130000003],[-43.99774344,-20.21252113],[-43.99774344,-20.212384579999995]]]}},{"type":"Feature","id":"ide_210604_mg_analise_car_veg_2025_metrop_pol.115851","properties":{"fid":115851,"classe_":"VEGETACAO_2025"},"geometry":{"type":"Polygon","coordinates":[[[-44.00666452,-20.21602584],[-44.00666452,-20.21598032],[-44.00661901,-20.21598032],[-44.00661901,-20.21602584],[-44.00666452,-20.21602584]]]}},{"type":"Feature","id":"ide_210604_mg_analise_car_veg_2025_metrop_pol.117056","properties":{"fid":117056,"classe_":"VEGETACAO_2025"},"geometry":{"type":"Polygon","coordinates":[[[-44.01212641,-20.207650939999997],[-44.0120809,-20.207650939999997],[-44.0120809,-20.207696460000005],[-44.01212641,-20.207696459999998],[-44.01212641,-20.207650939999997]]]}},{"type":"Feature","id":"ide_210604_mg_analise_car_veg_2025_metrop_pol.115913","properties":{"fid":115913,"classe_":"VEGETACAO_2025"},"geometry":{"type":"Polygon","coordinates":[[[-44.00302327,-20.203691079999995],[-44.00302327,-20.203736589999995],[-44.00306878,-20.20373659],[-44.00306878,-20.203782109999995],[-44.0031143,-20.203782109999995],[-44.0031143,-20.203827619999995],[-44.00315981,-20.20382762],[-44.00315981,-20.203873140000002],[-44.00320533,-20.203873139999995],[-44.00320533,-20.203964169999995],[-44.00325084,-20.203964169999995],[-44.00325084,-20.204009689999992],[-44.00329636,-20.204009689999996],[-44.00329636,-20.204100719999996],[-44.00334188,-20.20410071999999],[-44.00334188,-20.204191750000003],[-44.00338739,-20.204191749999996],[-44.00338739,-20.204328299999997],[-44.00343291,-20.2043283],[-44.00343291,-20.204464839999996],[-44.00347842,-20.204464839999996],[-44.00347842,-20.204555870000004],[-44.00352394,-20.204555870000004],[-44.00352394,-20.204646909999994],[-44.00356945000001,-20.204646909999994],[-44.00356945000001,-20.204692420000004],[-44.00361497,-20.204692419999997],[-44.00361497,-20.204737939999998],[-44.00366049,-20.204737939999998],[-44.00366049,-20.20478345],[-44.003706,-20.204783450000004],[-44.003706,-20.204828969999994],[-44.00375152,-20.204828969999998],[-44.00375152,-20.204874480000004],[-44.00379703,-20.20487448],[-44.00379703,-20.204919999999998],[-44.00384255,-20.20492000000001],[-44.00384255,-20.20487448],[-44.00388806,-20.204874479999994],[-44.00388806,-20.204464839999996],[-44.00384255,-20.20446484],[-44.00384255,-20.204146229999992],[-44.00379703,-20.20414623],[-44.00379703,-20.20387314],[-44.00384255,-20.203873139999995],[-44.00384255,-20.203691080000002],[-44.00375152,-20.203691080000002],[-44.00375152,-20.20364556],[-44.00352394,-20.203645560000002],[-44.00352394,-20.20350901],[-44.00343291,-20.203509010000005],[-44.00343291,-20.2034635],[-44.00338739,-20.2034635],[-44.00338739,-20.203372469999994],[-44.00315981,-20.203372469999998],[-44.00315981,-20.20328143],[-44.00297775,-20.20328143],[-44.00297775,-20.20323592],[-44.00293223,-20.20323592],[-44.00293223,-20.203190399999993],[-44.0028412,-20.203190400000004],[-44.0028412,-20.203144889999997],[-44.00279569,-20.203144889999997],[-44.00279569,-20.203099370000004],[-44.00270466,-20.203099369999993],[-44.00270466,-20.20305386],[-44.00261362,-20.203053860000008],[-44.00261362,-20.20300833999999],[-44.00247708,-20.203008339999993],[-44.00247708,-20.20287179],[-44.00243156,-20.20287179],[-44.00243156,-20.202917309999993],[-44.00220398,-20.202917310000004],[-44.00220398,-20.20278076],[-44.00215847,-20.202780760000003],[-44.00215847,-20.202735249999996],[-44.00206743,-20.202735250000007],[-44.00206743,-20.202689729999996],[-44.00202192,-20.202689729999992],[-44.00202192,-20.20264421],[-44.00193089,-20.202644210000006],[-44.00193089,-20.2025987],[-44.00179434,-20.2025987],[-44.00179434,-20.202507669999992],[-44.00165779,-20.202507669999992],[-44.00165779,-20.20246214999999],[-44.00161228,-20.202462149999995],[-44.00161228,-20.20241663999999],[-44.00156676,-20.202416639999996],[-44.00156676000004,-20.202376692557653],[-44.00147573000008,-20.202479677925297],[-44.00147573,-20.202507669999996],[-44.00152125,-20.202507669999996],[-44.00152125,-20.20255318],[-44.00156676,-20.202553179999995],[-44.00156676,-20.20264421],[-44.00161228,-20.202644209999995],[-44.00161228,-20.202689729999996],[-44.00165779,-20.20268973],[-44.00165779,-20.202735250000003],[-44.00170331,-20.202735250000003],[-44.00170331,-20.20278076],[-44.00174882,-20.202780759999996],[-44.00174882,-20.202871789999996],[-44.00183986,-20.202871789999993],[-44.00183986,-20.202917310000004],[-44.0019764,-20.202917309999997],[-44.0019764,-20.202962820000003],[-44.00206743,-20.202962820000003],[-44.00206743,-20.203008339999993],[-44.00215847,-20.203008339999993],[-44.00215847,-20.20305386],[-44.0022495,-20.203053859999997],[-44.0022495,-20.203099369999997],[-44.00229501,-20.203099370000007],[-44.00229501,-20.20314489],[-44.00238604,-20.20314488999999],[-44.00238604,-20.203190399999997],[-44.00243156,-20.203190400000004],[-44.00243156,-20.20323592],[-44.00247708,-20.203235920000004],[-44.00247708,-20.203281430000004],[-44.00256811,-20.203281429999993],[-44.00256811,-20.203326950000008],[-44.00261362,-20.203326949999997],[-44.00261362,-20.20337247],[-44.00265914,-20.203372469999998],[-44.00265914,-20.20341797999999],[-44.00275017,-20.203417980000005],[-44.00275017,-20.2034635],[-44.00279569,-20.203463499999998],[-44.00279569,-20.203509009999994],[-44.0028412,-20.20350901],[-44.0028412,-20.203554529999998],[-44.00288672,-20.203554530000005],[-44.00288672,-20.203600040000005],[-44.00293223,-20.20360004],[-44.00293223,-20.20364556],[-44.00297775,-20.20364556],[-44.00297775,-20.203691080000002],[-44.00302327,-20.203691079999995]]]}},{"type":"Feature","id":"ide_210604_mg_analise_car_veg_2025_metrop_pol.116086","properties":{"fid":116086,"classe_":"VEGETACAO_2025"},"geometry":{"type":"MultiPolygon","coordinates":[[[[-44.00174882,-20.202325599999998],[-44.00174882,-20.202371120000002],[-44.00193089,-20.202371119999995],[-44.00193089,-20.202416640000003],[-44.00206743,-20.202416640000006],[-44.00206743,-20.20246214999999],[-44.00215847,-20.20246214999999],[-44.00215847,-20.2025987],[-44.00220398,-20.202598699999996],[-44.00220398,-20.20264421],[-44.00229501,-20.202644209999995],[-44.00229501,-20.202689729999996],[-44.00243156,-20.20268973],[-44.00243156,-20.20273525],[-44.00261362,-20.202735249999996],[-44.00261362,-20.202826279999996],[-44.00275017,-20.202826279999996],[-44.00275017,-20.20287179],[-44.00306878,-20.202871789999996],[-44.00306878,-20.202962820000007],[-44.00315981,-20.202962820000003],[-44.00315981,-20.202917310000004],[-44.00320533,-20.20291731],[-44.00320533,-20.202325599999998],[-44.00306878,-20.202325599999995],[-44.00306878,-20.202280089999988],[-44.00302327,-20.20228008999999],[-44.00302327,-20.202234569999998],[-44.00293223,-20.202234569999998],[-44.00293223,-20.20214354],[-44.0028412,-20.202143540000005],[-44.0028412,-20.202052509999994],[-44.00275017,-20.20205251],[-44.00275017,-20.20196148],[-44.00265914,-20.20196148],[-44.00265914,-20.201870449999994],[-44.00256811,-20.201870449999994],[-44.00256811,-20.201506319999993],[-44.00261362,-20.201506319999996],[-44.00261362,-20.201460800000003],[-44.00265914,-20.201460799999996],[-44.00265914000066,-20.201375801161294],[-44.002370960624425,-20.201611391865246],[-44.001952175983064,-20.20198936924015],[-44.001614703978525,-20.202325600000925],[-44.00174882,-20.202325599999998]]],[[[-44.00288672,-20.20123323],[-44.00288672000007,-20.20121375076591],[-44.00285752226758,-20.201233230008928],[-44.00288672,-20.20123323]]],[[[-44.00293223,-20.20118771],[-44.00293223000003,-20.201183388787296],[-44.002925752874226,-20.201187710000713],[-44.00293223,-20.20118771]]],[[[-44.00315981,-20.201142189999995],[-44.00315981,-20.201096679999992],[-44.00320533,-20.201096679999996],[-44.00320533000394,-20.201013409793173],[-44.00299398334436,-20.20114219002914],[-44.00315981,-20.201142189999995]]]]}},{"type":"Feature","id":"ide_210604_mg_analise_car_veg_2025_metrop_pol.116133","properties":{"fid":116133,"classe_":"VEGETACAO_2025"},"geometry":{"type":"MultiPolygon","coordinates":[[[[-44.01317327,-20.21479690999999],[-44.01312776,-20.214796909999993],[-44.01312776,-20.214842429999994],[-44.01303673,-20.214842429999997],[-44.01303673,-20.214887949999998],[-44.01299121,-20.21488795],[-44.01299121,-20.214933460000005],[-44.01303673,-20.214933459999994],[-44.01303673,-20.21502449],[-44.01308224,-20.215024489999998],[-44.01308224,-20.21507001000001],[-44.01303673,-20.21507001],[-44.01303673,-20.215115519999998],[-44.01299121,-20.21511552],[-44.01299121,-20.215161039999998],[-44.01294569,-20.215161040000005],[-44.01294569,-20.215206559999988],[-44.01290018,-20.21520656],[-44.01290018,-20.215297589999995],[-44.01294569,-20.215297589999988],[-44.01294569,-20.2153431],[-44.01290018,-20.21534309999999],[-44.01290018,-20.215388619999995],[-44.01294569,-20.21538861999999],[-44.01294569,-20.215479649999995],[-44.01308224,-20.21547964999999],[-44.01308224,-20.21552517],[-44.01312776,-20.215525169999992],[-44.01312776,-20.215570679999995],[-44.01317327,-20.215570679999992],[-44.01317327,-20.215616199999996],[-44.01321879,-20.215616199999996],[-44.01321879,-20.214751399999997],[-44.01317327,-20.214751399999997],[-44.01317327,-20.21479690999999]]],[[[-44.01312776,-20.21192942],[-44.01276363,-20.21192942],[-44.01276363,-20.21202045],[-44.0126726,-20.21202045],[-44.0126726,-20.212475610000002],[-44.01258157,-20.212475609999995],[-44.01258157,-20.21256664],[-44.01239951,-20.21256664],[-44.01239951,-20.212475609999995],[-44.01212641,-20.212475609999995],[-44.01212641,-20.21238457999999],[-44.01203538,-20.21238458],[-44.01203538,-20.21252113],[-44.0120809,-20.21252113],[-44.0120809,-20.21256663999999],[-44.01212641,-20.21256663999999],[-44.01212641,-20.212612159999995],[-44.01221744,-20.212612160000003],[-44.01221744,-20.212748709999996],[-44.01217193,-20.212748710000003],[-44.01217193,-20.212839740000003],[-44.01221744,-20.21283974],[-44.01221744,-20.213021799999996],[-44.01217193,-20.2130218],[-44.01217193,-20.21311283],[-44.01221744,-20.21311283],[-44.01221744,-20.213203859999993],[-44.01217193,-20.213203860000007],[-44.01217193,-20.213249379999993],[-44.01203538,-20.21324938],[-44.01203538,-20.213158350000004],[-44.01176229,-20.213158350000004],[-44.01176229,-20.21293077],[-44.011671250000006,-20.21293077],[-44.011671250000006,-20.21279422],[-44.01162574,-20.21279422],[-44.01162574,-20.21270319],[-44.01144368,-20.212703189999992],[-44.01144368,-20.212612160000003],[-44.01148919,-20.212612159999995],[-44.01148919,-20.212521130000003],[-44.01126161,-20.21252113],[-44.01126161,-20.212430100000002],[-44.01112507,-20.212430099999995],[-44.01112507,-20.212157],[-44.01107955,-20.212156999999994],[-44.01107955,-20.21211149],[-44.01103403,-20.212111489999998],[-44.01103403,-20.212065969999994],[-44.010943,-20.21206597000001],[-44.010943,-20.21202045],[-44.01089749,-20.212020449999997],[-44.01089749,-20.21315835],[-44.010943,-20.213158349999997],[-44.010943,-20.213112830000007],[-44.01098852,-20.213112830000004],[-44.01098852,-20.21306732],[-44.01107955,-20.21306732],[-44.01107955,-20.2130218],[-44.01112507,-20.213021799999993],[-44.01112507,-20.21297628],[-44.01126161,-20.21297628],[-44.01126161,-20.213021799999996],[-44.01130713,-20.213021800000003],[-44.01130713,-20.213112830000004],[-44.01135264,-20.213112829999996],[-44.01135264,-20.213158349999997],[-44.01139816,-20.213158350000004],[-44.01139816,-20.21320386],[-44.01144368,-20.213203859999997],[-44.01144368,-20.21324938],[-44.01148919,-20.21324938],[-44.01148919,-20.213340409999997],[-44.01144368,-20.213340409999997],[-44.01144368,-20.21343144],[-44.01139816,-20.213431440000008],[-44.01139816,-20.213522470000004],[-44.01135264,-20.21352247],[-44.01135264,-20.21356799],[-44.01112507,-20.213567989999994],[-44.01112507,-20.213613499999994],[-44.01103403,-20.21361349999999],[-44.01103403,-20.21365901999999],[-44.010943,-20.213659019999998],[-44.010943,-20.213613499999997],[-44.01089749,-20.213613499999994],[-44.01089749,-20.21534309999999],[-44.010943,-20.215343100000002],[-44.010943,-20.215434129999995],[-44.01098852,-20.21543412999999],[-44.01098852,-20.215479649999992],[-44.01103403,-20.21547965],[-44.01103403,-20.2156162],[-44.01212641,-20.215616200000003],[-44.01212641,-20.215570679999995],[-44.0120809,-20.21557068],[-44.0120809,-20.21547965],[-44.01198986,-20.215479650000006],[-44.01198986,-20.21543413],[-44.01194435,-20.215434130000002],[-44.01194435,-20.21538861999999],[-44.01185332,-20.215388619999995],[-44.01185332,-20.215343100000002],[-44.0118078,-20.215343099999995],[-44.0118078,-20.215297589999995],[-44.01148919,-20.21529758999999],[-44.01148919,-20.2153431],[-44.01144368,-20.2153431],[-44.01144368,-20.21538861999999],[-44.01139816,-20.215388619999995],[-44.01139816,-20.21543413],[-44.01135264,-20.215434129999988],[-44.01135264,-20.215388619999995],[-44.01130713,-20.215388619999995],[-44.01130713,-20.215206559999995],[-44.01135264,-20.21520655999999],[-44.01135264,-20.215161039999998],[-44.01130713,-20.215161040000005],[-44.01130713,-20.215115519999998],[-44.01135264,-20.215115520000005],[-44.01135264,-20.21507001],[-44.01130713,-20.21507001],[-44.01130713,-20.21502449],[-44.01126161,-20.215024490000005],[-44.01126161,-20.214978979999998],[-44.0112161,-20.214978980000005],[-44.0112161,-20.214887950000005],[-44.01126161,-20.214887949999994],[-44.01126161,-20.21479691],[-44.01135264,-20.214796909999997],[-44.01135264,-20.214751399999997],[-44.01162574,-20.214751399999997],[-44.01162574,-20.21470588],[-44.011671250000006,-20.214705879999997],[-44.011671250000006,-20.214660369999994],[-44.01171677,-20.214660369999994],[-44.01171677,-20.21425072],[-44.01176229,-20.214250719999995],[-44.01176229,-20.21415969],[-44.0118078,-20.214159689999992],[-44.0118078,-20.214114180000003],[-44.01203538,-20.214114179999996],[-44.01203538,-20.214159689999995],[-44.0120809,-20.214159689999995],[-44.0120809,-20.21429624],[-44.01217193,-20.214296240000003],[-44.01217193,-20.21438727],[-44.01221744,-20.214387269999992],[-44.01221744,-20.214432789999996],[-44.01226296,-20.214432789999993],[-44.01226296,-20.214569339999997],[-44.01230847,-20.214569339999997],[-44.01230847,-20.21461484999999],[-44.01226296,-20.214614850000004],[-44.01226296,-20.214660370000004],[-44.01235399,-20.21466037],[-44.01235399,-20.214705879999997],[-44.01249054,-20.214705879999993],[-44.01249054,-20.21475139999999],[-44.01262708,-20.214751399999997],[-44.01262708,-20.214796909999993],[-44.01276363,-20.21479691],[-44.01276363,-20.2147514],[-44.01280915,-20.214751399999997],[-44.01280915,-20.21452382],[-44.01285466,-20.214523819999997],[-44.01285466,-20.214478299999993],[-44.01290018,-20.214478299999993],[-44.01290018,-20.214432789999996],[-44.01312776,-20.214432789999996],[-44.01312776,-20.214387269999996],[-44.01317327,-20.214387269999996],[-44.01317327,-20.214341759999996],[-44.01321879,-20.21434176],[-44.01321879,-20.211838390000008],[-44.01312776,-20.21183839],[-44.01312776,-20.21192942]]]]}},{"type":"Feature","id":"ide_210604_mg_analise_car_veg_2025_metrop_pol.116325","properties":{"fid":116325,"classe_":"VEGETACAO_2025"},"geometry":{"type":"Polygon","coordinates":[[[-44.01690556,-20.215343100000002],[-44.01690556,-20.215252070000005],[-44.01695108,-20.215252070000002],[-44.01695108,-20.215161040000005],[-44.01690556,-20.215161039999998],[-44.01690556,-20.21502449000001],[-44.01686005,-20.215024489999998],[-44.01686005,-20.21497898],[-44.01681453,-20.214978979999998],[-44.01681453,-20.214933460000008],[-44.01676902,-20.214933459999997],[-44.01676902,-20.214887949999994],[-44.01667798,-20.214887949999998],[-44.01667798,-20.214842429999997],[-44.01658695,-20.214842430000004],[-44.01658695,-20.21488795],[-44.01663247,-20.21488795],[-44.01663247,-20.214978979999998],[-44.01667798,-20.21497898],[-44.01667798,-20.215024489999998],[-44.0167235,-20.21502449],[-44.0167235,-20.21511552],[-44.01676902,-20.215115520000005],[-44.01676902,-20.215206559999995],[-44.01681453,-20.21520656],[-44.01681453,-20.21525206999999],[-44.01686005,-20.21525206999999],[-44.01686005,-20.2153431],[-44.01690556,-20.215343100000002]]]}},{"type":"Feature","id":"ide_210604_mg_analise_car_veg_2025_metrop_pol.116361","properties":{"fid":116361,"classe_":"VEGETACAO_2025"},"geometry":{"type":"Polygon","coordinates":[[[-44.01590422,-20.21470588],[-44.01590422,-20.214842430000004],[-44.01594973,-20.214842430000004],[-44.01594973,-20.214933459999997],[-44.01599525,-20.21493346],[-44.01599525,-20.214978979999998],[-44.01604076,-20.214978979999998],[-44.01604076,-20.21507001],[-44.01608628,-20.21507001],[-44.01608628,-20.215161039999998],[-44.0161318,-20.215161040000005],[-44.0161318,-20.21520655999999],[-44.01617731,-20.21520656],[-44.01617731,-20.215297589999995],[-44.01622283,-20.215297589999995],[-44.01622283,-20.21538861999999],[-44.01631386,-20.215388619999988],[-44.01631386,-20.2153431],[-44.01635937,-20.21534309999999],[-44.01635937,-20.215297589999988],[-44.016404890000004,-20.215297589999995],[-44.016404890000004,-20.21525207],[-44.01649592,-20.21525207],[-44.01649592,-20.215661710000003],[-44.01645041,-20.215661709999992],[-44.01645041,-20.215752739999996],[-44.01649592,-20.215752740000003],[-44.01649592,-20.21579826],[-44.01654144,-20.21579826],[-44.01654144,-20.21588929],[-44.01663247,-20.21588929],[-44.01663247,-20.215934809999993],[-44.01667798,-20.215934809999997],[-44.01667798,-20.215980320000003],[-44.01686005,-20.215980319999996],[-44.01686005,-20.215934809999993],[-44.01699659,-20.21593481],[-44.01699659,-20.21588929],[-44.01690556,-20.21588929],[-44.01690556,-20.21570723],[-44.01681453,-20.215707229999996],[-44.01681453,-20.2153431],[-44.01686005,-20.2153431],[-44.01686005,-20.21525206999999],[-44.01681453,-20.21525206999999],[-44.01681453,-20.21520656],[-44.01676902,-20.215206559999995],[-44.01676902,-20.215115520000005],[-44.0167235,-20.21511552],[-44.0167235,-20.21502449],[-44.01667798,-20.215024489999998],[-44.01667798,-20.21497898],[-44.01663247,-20.214978979999998],[-44.01663247,-20.21488795],[-44.01658695,-20.21488795],[-44.01658695,-20.214842430000004],[-44.01667798,-20.214842429999997],[-44.01667798,-20.214887949999998],[-44.01676902,-20.214887949999994],[-44.01676902,-20.214933459999997],[-44.01681453,-20.214933460000008],[-44.01681453,-20.214978979999998],[-44.01686005,-20.21497898],[-44.01686005,-20.215024489999998],[-44.01690556,-20.21502449000001],[-44.01690556,-20.21511552],[-44.01695108,-20.215115519999998],[-44.01695108,-20.215070010000005],[-44.01699659,-20.215070009999998],[-44.01699659,-20.215115519999998],[-44.01708763,-20.21511552],[-44.01708763,-20.215161040000005],[-44.01713314,-20.21516104],[-44.01713314,-20.215252069999995],[-44.01717866,-20.21525207],[-44.01717866,-20.2153431],[-44.017269690000006,-20.2153431],[-44.017269690000006,-20.21516104],[-44.01722417,-20.215161040000005],[-44.01722417,-20.21511552],[-44.01713314,-20.21511552],[-44.01713314,-20.215024489999998],[-44.01740624,-20.21502449],[-44.01740624,-20.215070009999998],[-44.01749727,-20.215070010000005],[-44.01749727,-20.215115519999994],[-44.01754278,-20.215115519999994],[-44.01754278,-20.215024489999998],[-44.01749727,-20.215024490000005],[-44.01749727,-20.214933459999997],[-44.01745175,-20.214933459999994],[-44.01745175,-20.214842429999994],[-44.01740624,-20.214842429999994],[-44.01740624,-20.214796909999993],[-44.017269690000006,-20.21479691],[-44.017269690000006,-20.21470588],[-44.01717866,-20.21470588],[-44.01717866,-20.214614849999993],[-44.01690556,-20.21461485],[-44.01690556,-20.214523819999997],[-44.0167235,-20.214523819999993],[-44.0167235,-20.21443278999999],[-44.01663247,-20.214432789999996],[-44.01663247,-20.214341760000007],[-44.01654144,-20.21434175999999],[-44.01654144,-20.214159689999992],[-44.01594973,-20.214159689999995],[-44.01594973,-20.214705879999997],[-44.01590422,-20.21470588]]]}},{"type":"Feature","id":"ide_210604_mg_analise_car_veg_2025_metrop_pol.116418","properties":{"fid":116418,"classe_":"VEGETACAO_2025"},"geometry":{"type":"Polygon","coordinates":[[[-44.0068921,-20.215297589999995],[-44.0068921,-20.21516104],[-44.00693762,-20.21516104],[-44.00693762,-20.215024489999998],[-44.00698313,-20.215024489999998],[-44.00698313,-20.214978980000005],[-44.00684659,-20.21497898000001],[-44.00684659,-20.215024489999998],[-44.00680107,-20.215024489999998],[-44.00680107,-20.21520656],[-44.00684659,-20.215206560000002],[-44.00684659,-20.215297589999995],[-44.0068921,-20.215297589999995]]]}},{"type":"Feature","id":"ide_210604_mg_analise_car_veg_2025_metrop_pol.116459","properties":{"fid":116459,"classe_":"VEGETACAO_2025"},"geometry":{"type":"Polygon","coordinates":[[[-43.99856272,-20.21252113],[-43.99856272,-20.212475609999995],[-43.99847169,-20.212475609999995],[-43.99847169,-20.212521130000003],[-43.99856272,-20.21252113]]]}},{"type":"Feature","id":"ide_210604_mg_analise_car_veg_2025_metrop_pol.116519","properties":{"fid":116519,"classe_":"VEGETACAO_2025"},"geometry":{"type":"Polygon","coordinates":[[[-44.01745175,-20.20760543],[-44.01736072,-20.207605430000005],[-44.01736072,-20.207650939999997],[-44.01745175,-20.207650940000004],[-44.01745175,-20.20760543]]]}},{"type":"Feature","id":"ide_210604_mg_analise_car_veg_2025_metrop_pol.116527","properties":{"fid":116527,"classe_":"VEGETACAO_2025"},"geometry":{"type":"Polygon","coordinates":[[[-44.00343291,-20.22153324],[-44.00343291,-20.221487729999993],[-44.00334188,-20.22148773],[-44.00334188,-20.221533239999996],[-44.00343291,-20.22153324]]]}},{"type":"Feature","id":"ide_210604_mg_analise_car_veg_2025_metrop_pol.116608","properties":{"fid":116608,"classe_":"VEGETACAO_2025"},"geometry":{"type":"Polygon","coordinates":[[[-44.02009166,-20.21010879],[-44.02004615,-20.210108789999996],[-44.02004615,-20.210154310000007],[-44.02000063,-20.21015431],[-44.02000063,-20.210245340000004],[-44.02009166,-20.21024534],[-44.02009166,-20.21010879]]]}},{"type":"Feature","id":"ide_210604_mg_analise_car_veg_2025_metrop_pol.117075","properties":{"fid":117075,"classe_":"VEGETACAO_2025"},"geometry":{"type":"Polygon","coordinates":[[[-44.00029232000001,-20.210654979999994],[-44.00024681,-20.21065498],[-44.00024681,-20.210746009999994],[-44.00033784,-20.210746009999998],[-44.00033784,-20.210563950000004],[-44.00029232000001,-20.210563949999994],[-44.00029232000001,-20.210654979999994]]]}},{"type":"Feature","id":"ide_210604_mg_analise_car_veg_2025_metrop_pol.116726","properties":{"fid":116726,"classe_":"VEGETACAO_2025"},"geometry":{"type":"Polygon","coordinates":[[[-44.01189883,-20.211474269999993],[-44.01189883,-20.21138323],[-44.01185332,-20.211383229999996],[-44.01185332,-20.211474270000004],[-44.01189883,-20.211474269999993]]]}},{"type":"Feature","id":"ide_210604_mg_analise_car_veg_2025_metrop_pol.116684","properties":{"fid":116684,"classe_":"VEGETACAO_2025"},"geometry":{"type":"MultiPolygon","coordinates":[[[[-44.01467529,-20.220304319999997],[-44.01472081,-20.220304320000004],[-44.01472081,-20.22039535],[-44.01476632,-20.22039535],[-44.01476632,-20.220941540000002],[-44.01472081,-20.22094154],[-44.01472081,-20.221032569999995],[-44.01467529,-20.22103256999999],[-44.0146752900705,-20.221497134495035],[-44.01491434489482,-20.221335467189874],[-44.015215527319526,-20.22109391957492],[-44.015668841989644,-20.22066844000185],[-44.01558561,-20.220668439999997],[-44.01558561,-20.22071396],[-44.01549458,-20.22071396],[-44.01549458,-20.22075947],[-44.01540354,-20.220759470000004],[-44.01540354,-20.220804990000005],[-44.01535803,-20.220804990000005],[-44.01535803,-20.220440859999997],[-44.01531251,-20.22044086],[-44.01531251,-20.220258800000003],[-44.015267,-20.220258800000003],[-44.015267,-20.220122250000003],[-44.01522148,-20.220122249999996],[-44.01522148,-20.220031219999992],[-44.01517597,-20.22003122],[-44.01517597,-20.219985709999996],[-44.01467529,-20.21998571],[-44.01467529,-20.220304319999997]]],[[[-44.01572215000001,-20.22057741],[-44.015722150000066,-20.220610092931878],[-44.01575201028871,-20.220577410005205],[-44.01572215000001,-20.22057741]]],[[[-44.01567664,-20.220622930000005],[-44.015676640000045,-20.220659904870857],[-44.01571042159043,-20.22062293000113],[-44.01567664,-20.220622930000005]]]]}},{"type":"Feature","id":"ide_210604_mg_analise_car_veg_2025_metrop_pol.116707","properties":{"fid":116707,"classe_":"VEGETACAO_2025"},"geometry":{"type":"Polygon","coordinates":[[[-44.01535803,-20.20528413],[-44.01535803,-20.205147579999995],[-44.01522148,-20.205147579999995],[-44.01522148,-20.205193089999998],[-44.015267,-20.205193090000005],[-44.015267,-20.205284129999995],[-44.01535803,-20.20528413]]]}},{"type":"Feature","id":"ide_210604_mg_analise_car_veg_2025_metrop_pol.116733","properties":{"fid":116733,"classe_":"VEGETACAO_2025"},"geometry":{"type":"Polygon","coordinates":[[[-44.00466183,-20.206012379999997],[-44.00466183,-20.20596686],[-44.00470735,-20.20596686],[-44.00470735,-20.20587583],[-44.00461632,-20.20587582999999],[-44.00461632,-20.205921349999993],[-44.0045708,-20.205921349999997],[-44.0045708,-20.205966859999997],[-44.00447977,-20.205966859999993],[-44.00447977,-20.206012379999997],[-44.00466183,-20.206012379999997]]]}},{"type":"Feature","id":"ide_210604_mg_analise_car_veg_2025_metrop_pol.116866","properties":{"fid":116866,"classe_":"VEGETACAO_2025"},"geometry":{"type":"Polygon","coordinates":[[[-44.00784793,-20.212930769999996],[-44.00789345,-20.212930770000003],[-44.00789345,-20.21297628],[-44.00793896,-20.212976279999996],[-44.00793896,-20.213021800000003],[-44.00798448,-20.213021799999996],[-44.00798448,-20.213067320000007],[-44.00807551,-20.213067319999997],[-44.00807551,-20.213112829999996],[-44.00803,-20.213112829999993],[-44.00803,-20.21320386],[-44.00798448,-20.213203860000004],[-44.00798448,-20.213294889999997],[-44.00793896,-20.21329489],[-44.00793896,-20.213385929999994],[-44.00789345,-20.213385929999998],[-44.00789345,-20.213522470000004],[-44.00784793,-20.213522470000004],[-44.00784793,-20.213841079999998],[-44.00789345,-20.21384108],[-44.00789345,-20.213932109999995],[-44.00793896,-20.21393210999999],[-44.00793896,-20.214023149999992],[-44.00798448,-20.214023149999996],[-44.00798448,-20.21393210999999],[-44.00803,-20.213932109999995],[-44.00803,-20.213613500000005],[-44.00807551,-20.213613499999997],[-44.00807551,-20.21343144],[-44.00816654,-20.21343144],[-44.00816654,-20.213112829999996],[-44.00812103,-20.213112829999993],[-44.00812103,-20.21293077],[-44.00803,-20.212930770000003],[-44.00803,-20.212885249999992],[-44.00798448,-20.21288525],[-44.00798448,-20.212839740000007],[-44.00784793,-20.212839739999996],[-44.00784793,-20.212930769999996]]]}},{"type":"Feature","id":"ide_210604_mg_analise_car_veg_2025_metrop_pol.116948","properties":{"fid":116948,"classe_":"VEGETACAO_2025"},"geometry":{"type":"Polygon","coordinates":[[[-44.00843964,-20.21429624],[-44.00843964,-20.21415969],[-44.00839412,-20.214159689999995],[-44.00839412,-20.21429624],[-44.00843964,-20.21429624]]]}},{"type":"Feature","id":"ide_210604_mg_analise_car_veg_2025_metrop_pol.116957","properties":{"fid":116957,"classe_":"VEGETACAO_2025"},"geometry":{"type":"MultiPolygon","coordinates":[[[[-44.00616385,-20.202143539999998],[-44.00584524,-20.20214354],[-44.00584524,-20.20218906],[-44.00557215,-20.202189060000002],[-44.00557215,-20.202234569999995],[-44.00552663,-20.202234570000005],[-44.00552663,-20.202280089999995],[-44.00548111,-20.202280090000002],[-44.00548111,-20.2023256],[-44.0054356,-20.202325599999995],[-44.0054356,-20.202371120000002],[-44.00539008,-20.202371119999995],[-44.00539008,-20.202416639999996],[-44.00534457,-20.20241664],[-44.00534457,-20.20246214999999],[-44.00520802,-20.202462150000002],[-44.00520802,-20.202507669999992],[-44.00511699,-20.20250767],[-44.00511699,-20.202553179999995],[-44.005025960000005,-20.20255318],[-44.005025960000005,-20.202598699999992],[-44.00498044,-20.2025987],[-44.00498044,-20.202644209999992],[-44.00493493,-20.202644210000006],[-44.00493493,-20.20268973],[-44.00488941,-20.202689730000003],[-44.00488941,-20.202735250000003],[-44.00484389,-20.202735249999996],[-44.00484389,-20.20278076],[-44.00479838,-20.20278076],[-44.00479838,-20.202826280000004],[-44.00425219,-20.202826279999993],[-44.00425219,-20.202780760000003],[-44.00420667,-20.202780759999996],[-44.00420667,-20.20273525],[-44.00407013,-20.202735250000007],[-44.00407013,-20.202689729999996],[-44.00402461,-20.202689729999992],[-44.00402461,-20.202644209999995],[-44.00388806,-20.202644209999992],[-44.00388806,-20.202598699999996],[-44.00366049,-20.202598700000003],[-44.00366049,-20.202553180000002],[-44.00352394,-20.202553179999992],[-44.00352394,-20.20250766999999],[-44.00343291,-20.202507669999992],[-44.00343291,-20.20246215],[-44.00334188,-20.20246214999999],[-44.00334188,-20.202416639999992],[-44.00325084,-20.20241664],[-44.00325084,-20.20237112],[-44.00320533,-20.202371120000006],[-44.00320533,-20.20291731],[-44.00343291,-20.202917310000004],[-44.00343291,-20.203190400000004],[-44.00347842,-20.2031904],[-44.00347842,-20.20332694999999],[-44.00352394,-20.20332695],[-44.00352394,-20.20337247],[-44.00356945000001,-20.20337247],[-44.00356945000001,-20.203417979999998],[-44.00375152,-20.203417980000005],[-44.00375152,-20.2034635],[-44.00384255,-20.203463500000005],[-44.00384255,-20.20350901],[-44.0039791,-20.203509009999994],[-44.0039791,-20.2034635],[-44.00402461,-20.203463499999994],[-44.00402461,-20.20341798],[-44.00407013,-20.203417980000005],[-44.00407013,-20.203372470000005],[-44.00420667,-20.20337246999999],[-44.00420667,-20.2034635],[-44.00416116,-20.203463500000005],[-44.00416116,-20.203554530000005],[-44.00411564,-20.20355453],[-44.00411564,-20.20360004],[-44.00407013,-20.20360004000001],[-44.00407013,-20.203645560000002],[-44.00402461,-20.20364556],[-44.00402461,-20.20387314],[-44.0039791,-20.203873140000002],[-44.0039791,-20.203964170000003],[-44.00393358,-20.203964170000006],[-44.00393358,-20.204055199999992],[-44.0039791,-20.204055200000003],[-44.0039791,-20.204692419999997],[-44.00402461,-20.204692419999997],[-44.00402461,-20.204737939999998],[-44.00407013,-20.204737939999998],[-44.00407013,-20.204874479999997],[-44.00416116,-20.204874479999997],[-44.00416116,-20.20510205999999],[-44.00420667,-20.205102059999994],[-44.00420667,-20.20514758],[-44.00434322,-20.205147580000002],[-44.00434322,-20.205193090000005],[-44.00447977,-20.205193090000005],[-44.00447977,-20.205238609999995],[-44.00461632,-20.20523861000001],[-44.00461632,-20.20528413],[-44.00475286,-20.20528413],[-44.00475286,-20.20501103],[-44.00470735,-20.20501103000001],[-44.00470735,-20.204920000000005],[-44.00466183,-20.204919999999998],[-44.00466183,-20.204464839999996],[-44.00470735,-20.204464839999996],[-44.00470735,-20.204282779999993],[-44.00475286,-20.204282780000003],[-44.00475286,-20.204191750000003],[-44.00479838,-20.20419174999999],[-44.00479838,-20.20410072],[-44.00484389,-20.20410072],[-44.00484389,-20.204055199999996],[-44.00488941,-20.2040552],[-44.00488941,-20.204009689999992],[-44.00493493,-20.204009690000003],[-44.00493493,-20.203964170000006],[-44.00498044,-20.20396417],[-44.00498044,-20.20391865],[-44.005025960000005,-20.203918650000002],[-44.005025960000005,-20.20382762],[-44.00507147,-20.20382762],[-44.00507147,-20.203782109999988],[-44.00511699,-20.20378210999999],[-44.00511699,-20.203736590000002],[-44.00520802,-20.20373659],[-44.00520802,-20.203691080000002],[-44.00525354,-20.203691080000002],[-44.00525354,-20.20364556],[-44.00534457,-20.20364556],[-44.00534457,-20.203600039999998],[-44.0054356,-20.20360004],[-44.0054356,-20.203554530000005],[-44.00557215,-20.20355453],[-44.00557215,-20.203509010000005],[-44.00575421,-20.203509009999998],[-44.00575421,-20.203463499999998],[-44.00607282,-20.2034635],[-44.00607282,-20.203417979999998],[-44.00625488,-20.203417979999998],[-44.00625488,-20.203281430000004],[-44.00634591,-20.203281429999993],[-44.00634591,-20.203190399999997],[-44.00639143,-20.203190400000008],[-44.00639143,-20.203144889999994],[-44.00643694,-20.203144889999997],[-44.00643694,-20.203099370000004],[-44.00639143,-20.20309936999999],[-44.00639143,-20.202962819999996],[-44.00643694,-20.202962820000007],[-44.00643694,-20.202917310000004],[-44.00648246,-20.202917310000004],[-44.00648246,-20.202871789999996],[-44.00652798,-20.202871789999996],[-44.00652798,-20.202416639999996],[-44.00661901,-20.20241664],[-44.00661901,-20.20237112],[-44.00666452,-20.20237112],[-44.00666452,-20.202325599999995],[-44.00671004,-20.20232559999999],[-44.00671004,-20.201824930000008],[-44.00666452,-20.201824929999994],[-44.00666452,-20.20177941],[-44.00661901,-20.20177941],[-44.00661901,-20.201733899999997],[-44.00657349,-20.201733900000004],[-44.00657349,-20.201688379999997],[-44.00643694,-20.20168838],[-44.00643694,-20.20164287],[-44.00639143,-20.201642870000004],[-44.00639143,-20.20159735],[-44.00607282,-20.201597349999997],[-44.00607282,-20.201506320000004],[-44.00584524,-20.201506320000004],[-44.00584524,-20.201733899999994],[-44.00589076000001,-20.2017339],[-44.00589076000001,-20.201779410000007],[-44.00607282,-20.20177941],[-44.00607282,-20.201961479999998],[-44.00616385,-20.201961480000005],[-44.00616385,-20.202143539999998]]],[[[-44.00320533,-20.20105116],[-44.00334188,-20.201051159999995],[-44.00334188,-20.200960130000002],[-44.00338739,-20.20096012999999],[-44.00338739000031,-20.20091575046825],[-44.00320533000394,-20.201013409793173],[-44.00320533,-20.20105116]]]]}},{"type":"Feature","id":"ide_210604_mg_analise_car_veg_2025_metrop_pol.116977","properties":{"fid":116977,"classe_":"VEGETACAO_2025"},"geometry":{"type":"Polygon","coordinates":[[[-44.003706,-20.218756779999993],[-44.003706,-20.218711269999993],[-44.00356945000001,-20.218711270000004],[-44.00356945000001,-20.218756779999993],[-44.003706,-20.218756779999993]]]}},{"type":"Feature","id":"ide_210604_mg_analise_car_veg_2025_metrop_pol.116979","properties":{"fid":116979,"classe_":"VEGETACAO_2025"},"geometry":{"type":"Polygon","coordinates":[[[-44.005025960000005,-20.205830309999996],[-44.005025960000005,-20.205784799999993],[-44.00493493,-20.205784800000004],[-44.00493493,-20.20583031],[-44.005025960000005,-20.205830309999996]]]}},{"type":"Feature","id":"ide_210604_mg_analise_car_veg_2025_metrop_pol.117015","properties":{"fid":117015,"classe_":"VEGETACAO_2025"},"geometry":{"type":"Polygon","coordinates":[[[-44.00648246,-20.21816508],[-44.00648246,-20.218210590000005],[-44.00657349,-20.218210589999998],[-44.00657349,-20.21825611],[-44.00666452,-20.218256109999995],[-44.00666452,-20.21830162],[-44.00671004,-20.218301620000002],[-44.00671004,-20.218392659999996],[-44.00675556000001,-20.218392659999996],[-44.00675556000001,-20.218438169999995],[-44.00680107,-20.21843817],[-44.00680107,-20.218756779999993],[-44.00675556000001,-20.218756780000003],[-44.00675556000001,-20.218847809999996],[-44.00671004,-20.218847810000003],[-44.00671004,-20.218893330000004],[-44.00666452,-20.218893329999997],[-44.00666452,-20.218938849999997],[-44.00661901,-20.21893885],[-44.00661901,-20.218984360000004],[-44.00657349,-20.21898436],[-44.00657349,-20.219029880000004],[-44.00643694,-20.219029879999997],[-44.00643694,-20.21907539],[-44.0063004,-20.21907539],[-44.0063004,-20.219120909999997],[-44.00625488,-20.219120910000004],[-44.00625488,-20.219211940000005],[-44.00620937,-20.21921194],[-44.00620937,-20.219302969999998],[-44.00616385,-20.219302969999998],[-44.00616385,-20.22003122],[-44.00839412,-20.220031220000003],[-44.00839412,-20.219985709999996],[-44.00834861,-20.219985710000003],[-44.00834861,-20.219894679999996],[-44.008303090000005,-20.219894680000003],[-44.008303090000005,-20.219758129999995],[-44.00825757,-20.219758130000002],[-44.00825757,-20.2196671],[-44.00821206,-20.219667099999995],[-44.00821206,-20.21957607],[-44.00816654,-20.21957607],[-44.00816654,-20.219393999999994],[-44.00812103,-20.219393999999994],[-44.00812103,-20.21916642],[-44.00807551,-20.21916642],[-44.00807551,-20.219029879999997],[-44.00798448,-20.219029880000008],[-44.00798448,-20.218984359999997],[-44.00793896,-20.21898436],[-44.00793896,-20.218938849999997],[-44.00789345,-20.218938849999997],[-44.00789345,-20.218893329999997],[-44.00784793,-20.218893329999993],[-44.00784793,-20.21884781],[-44.00780242,-20.218847810000003],[-44.00780242,-20.218711269999993],[-44.0077569,-20.218711269999996],[-44.0077569,-20.21852919999999],[-44.00780242,-20.218529199999995],[-44.00780242,-20.21839266],[-44.00784793,-20.218392659999996],[-44.00784793,-20.218347140000002],[-44.00789345,-20.21834713999999],[-44.00789345,-20.218301620000002],[-44.00793896,-20.21830162],[-44.00793896,-20.218256110000002],[-44.00803,-20.21825611],[-44.00803,-20.218210590000005],[-44.00812103,-20.218210589999998],[-44.00812103,-20.218165079999995],[-44.00834861,-20.21816507999999],[-44.00834861,-20.218210589999998],[-44.00848515,-20.218210590000005],[-44.00848515,-20.21825611],[-44.00853067,-20.21825610999999],[-44.00853067,-20.218301619999995],[-44.0086217,-20.21830162],[-44.0086217,-20.21839265999999],[-44.00866722,-20.21839266],[-44.00866722,-20.21848369],[-44.00871273,-20.21848369],[-44.00871273,-20.218802299999993],[-44.00866722,-20.218802300000004],[-44.00866722,-20.218893329999997],[-44.0086217,-20.21889333],[-44.0086217,-20.218984360000007],[-44.00866722,-20.21898436],[-44.00866722,-20.219166419999997],[-44.00871273,-20.219166419999997],[-44.00871273,-20.219393999999998],[-44.00875825,-20.219394],[-44.00875825,-20.219485029999994],[-44.00880376,-20.21948503],[-44.00880376,-20.219621580000002],[-44.00884928,-20.219621579999995],[-44.00884928,-20.219712609999995],[-44.00889479,-20.219712609999995],[-44.00889479,-20.219803639999995],[-44.00894031,-20.21980364],[-44.00894031,-20.219940190000003],[-44.00898583,-20.21994019],[-44.00898583,-20.22003122],[-44.01089749,-20.220031219999996],[-44.01089749,-20.219576069999988],[-44.010806450000004,-20.21957607],[-44.010806450000004,-20.21953055],[-44.01066991,-20.219530549999998],[-44.01066991,-20.21948502999999],[-44.01062439,-20.21948503],[-44.01062439,-20.219439519999998],[-44.01057888,-20.219439519999995],[-44.01057888,-20.219394],[-44.01053336,-20.219394],[-44.01053336,-20.219348489999998],[-44.01048784,-20.219348489999998],[-44.01048784,-20.219211939999997],[-44.01044233,-20.219211940000005],[-44.01044233,-20.219029879999997],[-44.01048784,-20.21902988],[-44.01048784,-20.218893330000004],[-44.01053336,-20.218893329999997],[-44.01053336,-20.218847810000003],[-44.01057888,-20.21884781],[-44.01057888,-20.218802299999997],[-44.01062439,-20.2188023],[-44.01062439,-20.21875678],[-44.01066991,-20.218756779999996],[-44.01066991,-20.21871127],[-44.010806450000004,-20.21871127],[-44.010806450000004,-20.218665750000003],[-44.01089749,-20.218665749999996],[-44.01089749,-20.216162390000004],[-44.01053336,-20.216162389999994],[-44.01053336,-20.216207899999997],[-44.01048784,-20.216207899999997],[-44.01048784,-20.21616239],[-44.00925892,-20.21616239],[-44.00925892,-20.216253419999994],[-44.00930444,-20.216253419999994],[-44.00930444,-20.216480999999995],[-44.00925892,-20.216480999999998],[-44.00925892,-20.21661754],[-44.0092134,-20.21661754],[-44.0092134,-20.216663060000002],[-44.00916789000001,-20.21666306],[-44.00916789000001,-20.21670857],[-44.00912237,-20.216708569999994],[-44.00912237,-20.21675408999999],[-44.00903134,-20.21675408999999],[-44.00903134,-20.216799609999995],[-44.00889479,-20.21679960999999],[-44.00889479,-20.216845119999988],[-44.00875825,-20.216845120000002],[-44.00875825,-20.216799609999992],[-44.0086217,-20.216799609999995],[-44.0086217,-20.21675408999999],[-44.00853067,-20.216754089999995],[-44.00853067,-20.21670857],[-44.00848515,-20.21670857],[-44.00848515,-20.216663060000002],[-44.00843964,-20.21666306],[-44.00843964,-20.216617539999998],[-44.00839412,-20.216617539999998],[-44.00839412,-20.21652651],[-44.00834861,-20.21652651],[-44.00834861,-20.21643548],[-44.00816654,-20.21643548000001],[-44.00816654,-20.216344449999998],[-44.00807551,-20.216344449999998],[-44.00807551,-20.216298929999997],[-44.00803,-20.21629893],[-44.00803,-20.21625342],[-44.00798448,-20.21625342],[-44.00798448,-20.2162079],[-44.00789345,-20.216207900000008],[-44.00789345,-20.216162389999997],[-44.00725623,-20.21616239],[-44.00725623,-20.216253419999997],[-44.00730174,-20.21625342],[-44.00730174,-20.216389960000004],[-44.00734726,-20.216389959999994],[-44.00734726,-20.216480999999998],[-44.00730174,-20.216480999999998],[-44.00730174,-20.216663060000002],[-44.00725623,-20.216663060000002],[-44.00725623,-20.21670857],[-44.00721071,-20.21670857],[-44.00721071,-20.21675409],[-44.0071652,-20.21675409],[-44.0071652,-20.216799610000002],[-44.00711968,-20.216799609999995],[-44.00711968,-20.21684512],[-44.00702865,-20.216845119999995],[-44.00702865,-20.216890639999995],[-44.00666452,-20.216890639999992],[-44.00666452,-20.216845119999995],[-44.00657349,-20.216845119999995],[-44.00657349,-20.21679961],[-44.00652798,-20.21679961],[-44.00652798,-20.216754090000002],[-44.00648246,-20.21675408999999],[-44.00648246,-20.216708570000005],[-44.00643694,-20.21670857],[-44.00643694,-20.216617539999998],[-44.00639143,-20.216617539999998],[-44.00639143,-20.216253419999997],[-44.00643694,-20.21625342],[-44.00643694,-20.216162389999997],[-44.00616385,-20.216162389999994],[-44.00616385,-20.21816508],[-44.00648246,-20.21816508]]]}},{"type":"Feature","id":"ide_210604_mg_analise_car_veg_2025_metrop_pol.117017","properties":{"fid":117017,"classe_":"VEGETACAO_2025"},"geometry":{"type":"Polygon","coordinates":[[[-44.01554009,-20.207559909999993],[-44.01549458,-20.20755991],[-44.01549458,-20.20769646],[-44.01554009,-20.20769646],[-44.01554009,-20.207605429999997],[-44.01563112,-20.207605429999997],[-44.01563112,-20.2075144],[-44.01554009,-20.207514399999997],[-44.01554009,-20.207559909999993]]]}},{"type":"Feature","id":"ide_210604_mg_analise_car_veg_2025_metrop_pol.117032","properties":{"fid":117032,"classe_":"VEGETACAO_2025"},"geometry":{"type":"Polygon","coordinates":[[[-44.0045708,-20.211610810000003],[-44.0045708,-20.211747360000004],[-44.00466183,-20.211747360000004],[-44.00466183,-20.21179288],[-44.00493493,-20.21179288],[-44.00493493,-20.21174736],[-44.005025960000005,-20.211747359999997],[-44.005025960000005,-20.211701839999996],[-44.00529905,-20.211701839999996],[-44.00529905,-20.211747359999997],[-44.0054356,-20.21174736],[-44.0054356,-20.212020450000008],[-44.00548111,-20.212020449999997],[-44.00548111,-20.21220252],[-44.00561766,-20.212202519999998],[-44.00561766,-20.212248030000005],[-44.00579972,-20.212248029999994],[-44.00579972,-20.212293550000005],[-44.00584524,-20.21229355],[-44.00584524,-20.21170184],[-44.00566318,-20.211701839999996],[-44.00566318,-20.211656329999997],[-44.00552663,-20.211656329999997],[-44.00552663,-20.211610809999993],[-44.0054356,-20.211610809999993],[-44.0054356,-20.211565299999993],[-44.00534457,-20.211565300000004],[-44.00534457,-20.211519780000003],[-44.00525354,-20.211519779999996],[-44.00525354,-20.21147427],[-44.0051625,-20.21147427],[-44.0051625,-20.211428750000007],[-44.00507147,-20.211428750000003],[-44.00507147,-20.211383229999996],[-44.005025960000005,-20.211383229999996],[-44.005025960000005,-20.211337720000003],[-44.00493493,-20.21133772],[-44.00493493,-20.2112922],[-44.00488941,-20.211292200000003],[-44.00488941,-20.211246690000007],[-44.00484389,-20.21124669],[-44.00484389,-20.211201169999995],[-44.00479838,-20.211201170000002],[-44.00479838,-20.211155659999996],[-44.00466183,-20.21115566],[-44.00466183,-20.211110139999995],[-44.00461632,-20.211110140000002],[-44.00461632,-20.21106462],[-44.0045708,-20.211064620000002],[-44.0045708,-20.211019109999995],[-44.00452528,-20.211019109999995],[-44.00452528,-20.210928080000006],[-44.00447977,-20.21092808],[-44.00447977,-20.210882560000005],[-44.00443425000001,-20.210882560000005],[-44.00443425000001,-20.210837050000002],[-44.00434322,-20.210837050000006],[-44.00434322,-20.21079153],[-44.00429771,-20.210791530000005],[-44.00429771,-20.210746009999998],[-44.00425219,-20.210746009999998],[-44.00425219,-20.21070049999999],[-44.00420667,-20.21070049999999],[-44.00420667,-20.210609469999994],[-44.00416116,-20.21060946999999],[-44.00416116,-20.21056395],[-44.00411564,-20.21056395],[-44.00411564,-20.210518440000005],[-44.00407013,-20.210518439999994],[-44.00407013,-20.210472919999994],[-44.00402461,-20.210472919999994],[-44.00402461,-20.210427399999997],[-44.0039791,-20.2104274],[-44.0039791,-20.21038189],[-44.00393358,-20.21038189],[-44.00393358,-20.210336370000007],[-44.00388806,-20.210336370000004],[-44.00388806,-20.210290859999994],[-44.00384255,-20.210290860000004],[-44.00384255,-20.21024534],[-44.00379703,-20.21024534],[-44.00379703,-20.210199830000004],[-44.00375152,-20.210199830000004],[-44.00375152,-20.21015431],[-44.00366049,-20.21015431],[-44.00366049,-20.210108789999996],[-44.00361497,-20.21010879],[-44.00361497,-20.210063280000004],[-44.00356945000001,-20.21006328],[-44.00356945000001,-20.210017759999996],[-44.00352394,-20.210017759999996],[-44.00352394,-20.20997225],[-44.00347842,-20.209972249999996],[-44.00347842,-20.209926729999996],[-44.00343291,-20.209926729999996],[-44.00343291,-20.209881209999992],[-44.00338739,-20.209881209999995],[-44.00338739,-20.20983569999999],[-44.00334188,-20.2098357],[-44.00334188,-20.20965364],[-44.00329636,-20.209653639999996],[-44.00329636,-20.209471569999998],[-44.00325084,-20.20947157],[-44.00325084,-20.20928951],[-44.0031143,-20.209289510000005],[-44.0031143,-20.209243990000008],[-44.00306878,-20.209243989999997],[-44.00306878,-20.20919848],[-44.00302327,-20.209198479999998],[-44.00302327,-20.20901642],[-44.00297775,-20.209016419999998],[-44.00297775,-20.208834350000004],[-44.00293223,-20.20883434999999],[-44.00293223,-20.20887987],[-44.00288672,-20.208879869999993],[-44.00288672,-20.20951708999999],[-44.00293223,-20.209517089999995],[-44.00293223,-20.20960812],[-44.00297775,-20.209608119999995],[-44.00297775,-20.209744669999992],[-44.00306878,-20.20974467],[-44.00306878,-20.209835699999996],[-44.0031143,-20.209835699999992],[-44.0031143,-20.20988121],[-44.00315981,-20.20988121],[-44.00315981,-20.209926729999996],[-44.00320533,-20.20992673],[-44.00320533,-20.209972250000003],[-44.00325084,-20.209972249999996],[-44.00325084,-20.210063279999993],[-44.00329636,-20.210063279999993],[-44.00329636,-20.21015431],[-44.00334188,-20.210154309999997],[-44.00334188,-20.210199830000004],[-44.00338739,-20.210199829999997],[-44.00338739,-20.210381889999994],[-44.00343291,-20.210381889999997],[-44.00343291,-20.210427399999997],[-44.00347842,-20.210427400000004],[-44.00347842,-20.21047292],[-44.00352394,-20.210472919999997],[-44.00352394,-20.210563949999994],[-44.00356945000001,-20.210563949999997],[-44.00356945000001,-20.2107005],[-44.00384255,-20.21070049999999],[-44.00384255,-20.210654979999994],[-44.00402461,-20.210654979999997],[-44.00402461,-20.210700499999998],[-44.00407013,-20.21070049999999],[-44.00407013,-20.21074601],[-44.00416116,-20.210746009999994],[-44.00416116,-20.210791529999998],[-44.00420667,-20.21079153],[-44.00420667,-20.210837050000002],[-44.00425219,-20.210837049999995],[-44.00425219,-20.210928080000002],[-44.00434322,-20.210928080000006],[-44.00434322,-20.211019109999995],[-44.00438874,-20.21101911],[-44.00438874,-20.21124669],[-44.00429771,-20.211246689999996],[-44.00429771,-20.211337720000003],[-44.00434322,-20.211337720000007],[-44.00434322,-20.211383229999992],[-44.00443425000001,-20.211383229999992],[-44.00443425000001,-20.21147427],[-44.00447977,-20.211474269999993],[-44.00447977,-20.211610809999996],[-44.0045708,-20.211610810000003]]]}},{"type":"Feature","id":"ide_210604_mg_analise_car_veg_2025_metrop_pol.117148","properties":{"fid":117148,"classe_":"VEGETACAO_2025"},"geometry":{"type":"Polygon","coordinates":[[[-43.99874479000001,-20.213567990000005],[-43.99874479000001,-20.213886600000002],[-43.9987903,-20.213886599999995],[-43.9987903,-20.213977630000002],[-43.99883582,-20.21397762999999],[-43.99883582,-20.214023149999996],[-43.99888133,-20.214023150000003],[-43.99888133,-20.214068659999995],[-43.99892685,-20.214068659999995],[-43.99892685,-20.214114180000003],[-43.99919994,-20.214114180000003],[-43.99919994,-20.21415969],[-43.99938201,-20.214159689999995],[-43.99938201,-20.214114180000003],[-43.99947304,-20.214114180000006],[-43.99947304,-20.21425072],[-43.999427520000005,-20.21425072],[-43.999427520000005,-20.21434176],[-43.99951855,-20.214341759999996],[-43.99951855,-20.21456934],[-43.99947304,-20.214569339999997],[-43.99947304,-20.214705880000004],[-43.9999282,-20.21470588],[-43.9999282,-20.2147514],[-44.00001923,-20.214751399999997],[-44.00001923,-20.214660370000008],[-44.00033784,-20.21466037],[-44.00033784,-20.214614850000004],[-44.00038335,-20.214614849999997],[-44.00038335,-20.21456934],[-44.00047438,-20.214569340000004],[-44.00047438,-20.214478299999996],[-44.00092954,-20.214478299999996],[-44.00092954,-20.214523820000007],[-44.00097506,-20.214523819999997],[-44.00097506,-20.214614849999997],[-44.00102057,-20.214614850000004],[-44.00102057,-20.214796910000004],[-44.00115712000001,-20.21479691],[-44.00115712000001,-20.21470587999999],[-44.0011116,-20.214705879999997],[-44.0011116,-20.21461485],[-44.00106609000001,-20.214614849999997],[-44.00106609000001,-20.214341759999996],[-44.00102057,-20.214341759999993],[-44.00102057,-20.214296240000003],[-44.00097506,-20.214296240000003],[-44.00097506,-20.21425072000001],[-44.00092954,-20.214250719999995],[-44.00092954,-20.21415969],[-44.00083851,-20.214159689999995],[-44.00083851,-20.214114180000003],[-44.00070196,-20.214114179999996],[-44.00070196,-20.214068659999995],[-44.00065645,-20.21406866],[-44.00065645,-20.214023150000003],[-44.00061093,-20.21402315],[-44.00061093,-20.213977629999995],[-44.00056542,-20.21397763],[-44.00056542,-20.213932109999988],[-44.0005199,-20.21393210999999],[-44.0005199,-20.213886600000002],[-44.00047438,-20.21388659999999],[-44.00047438,-20.21384108],[-44.00042887,-20.213841079999998],[-44.00042887,-20.21379557],[-44.00029232000001,-20.21379557],[-44.00029232000001,-20.213750050000005],[-44.00015577,-20.213750049999994],[-44.00015577,-20.213704540000002],[-44.00006474,-20.213704539999995],[-44.00006474,-20.213659020000005],[-44.00001923,-20.213659019999994],[-44.00001923,-20.213613500000005],[-43.99997371,-20.213613500000005],[-43.99997371,-20.21352247],[-43.99983716,-20.213522470000004],[-43.99983716,-20.213613500000005],[-43.99988268,-20.213613500000005],[-43.99988268,-20.213659019999998],[-43.9999282,-20.213659019999994],[-43.9999282,-20.21375005],[-43.999427520000005,-20.21375005],[-43.999427520000005,-20.213704540000005],[-43.99910891,-20.21370454],[-43.99910891,-20.21365902],[-43.9990634,-20.213659020000005],[-43.9990634,-20.21370453999999],[-43.9987903,-20.213704539999995],[-43.9987903,-20.213567990000005],[-43.99874479000001,-20.213567990000005]]]}},{"type":"Feature","id":"ide_210604_mg_analise_car_veg_2025_metrop_pol.117171","properties":{"fid":117171,"classe_":"VEGETACAO_2025"},"geometry":{"type":"Polygon","coordinates":[[[-44.01590422,-20.210700500000005],[-44.01599525,-20.210700499999994],[-44.01599525,-20.21074601],[-44.01608628,-20.21074601],[-44.01608628,-20.21079153],[-44.01617731,-20.210791530000005],[-44.01617731,-20.210837050000002],[-44.01626834,-20.210837049999995],[-44.01626834,-20.21074600999999],[-44.01645041,-20.210746009999994],[-44.01645041,-20.21065498],[-44.01654144,-20.21065498],[-44.01654144,-20.21056395],[-44.01608628,-20.210563949999994],[-44.01608628,-20.210654979999997],[-44.01590422,-20.210654979999994],[-44.01590422,-20.210700500000005]]]}},{"type":"Feature","id":"ide_210604_mg_analise_car_veg_2025_metrop_pol.117172","properties":{"fid":117172,"classe_":"VEGETACAO_2025"},"geometry":{"type":"Polygon","coordinates":[[[-44.00734726,-20.214159689999995],[-44.00739278,-20.214159689999995],[-44.00739278,-20.214250720000003],[-44.00743829,-20.214250720000003],[-44.00743829,-20.214296240000003],[-44.00739278,-20.214296240000003],[-44.00739278,-20.214341759999993],[-44.00734726,-20.214341760000003],[-44.00734726,-20.21438727],[-44.00730174,-20.214387270000003],[-44.00730174,-20.214523819999993],[-44.00725623,-20.21452382],[-44.00725623,-20.214842429999997],[-44.00721071,-20.21484243],[-44.00721071,-20.21488795],[-44.00711968,-20.214887949999998],[-44.00711968,-20.214933459999997],[-44.00702865,-20.21493346],[-44.00702865,-20.214978979999998],[-44.00698313,-20.214978980000005],[-44.00698313,-20.215024489999998],[-44.00693762,-20.215024489999998],[-44.00693762,-20.21516104],[-44.0068921,-20.21516104],[-44.0068921,-20.215297589999995],[-44.00684659,-20.215297589999995],[-44.00684659,-20.215434129999995],[-44.00680107,-20.215434129999995],[-44.00680107,-20.21557068],[-44.00675556000001,-20.21557068],[-44.00675556000001,-20.215798259999996],[-44.00680107,-20.21579826],[-44.00680107,-20.215843779999997],[-44.00675556000001,-20.21584378],[-44.00675556000001,-20.21593481],[-44.00671004,-20.21593481],[-44.00671004,-20.215980319999996],[-44.00666452,-20.21598032],[-44.00666452,-20.21602584],[-44.00661901,-20.21602584],[-44.00661901,-20.216071350000004],[-44.00657349,-20.216071350000004],[-44.00657349,-20.216116870000004],[-44.00648246,-20.21611687],[-44.00648246,-20.216162389999997],[-44.00643694,-20.216162389999997],[-44.00643694,-20.21625342],[-44.00639143,-20.216253419999997],[-44.00639143,-20.216617539999998],[-44.00643694,-20.216617539999998],[-44.00643694,-20.21670857],[-44.00648246,-20.216708570000005],[-44.00648246,-20.21675408999999],[-44.00652798,-20.216754090000002],[-44.00652798,-20.21679961],[-44.00657349,-20.21679961],[-44.00657349,-20.216845119999995],[-44.00666452,-20.216845119999995],[-44.00666452,-20.216890639999992],[-44.00702865,-20.216890639999995],[-44.00702865,-20.216845119999995],[-44.00711968,-20.21684512],[-44.00711968,-20.216799609999995],[-44.0071652,-20.216799610000002],[-44.0071652,-20.21675409],[-44.00721071,-20.21675409],[-44.00721071,-20.21670857],[-44.00725623,-20.21670857],[-44.00725623,-20.216663060000002],[-44.00730174,-20.216663060000002],[-44.00730174,-20.216480999999998],[-44.00734726,-20.216480999999998],[-44.00734726,-20.216389959999994],[-44.00730174,-20.216389960000004],[-44.00730174,-20.21625342],[-44.00725623,-20.216253419999997],[-44.00725623,-20.215934809999997],[-44.00730174,-20.215934809999997],[-44.00730174,-20.21575274],[-44.00734726,-20.215752740000003],[-44.00734726,-20.215570679999995],[-44.00739278,-20.21557067999999],[-44.00739278,-20.215434129999995],[-44.00743829,-20.215434129999995],[-44.00743829,-20.21534309999999],[-44.00748381,-20.215343100000005],[-44.00748381,-20.215206559999995],[-44.00752932,-20.215206559999988],[-44.00752932,-20.21507001],[-44.00757484,-20.215070009999998],[-44.00757484,-20.214887949999998],[-44.00762035,-20.214887949999998],[-44.00762035,-20.214705880000004],[-44.00766587,-20.21470587999999],[-44.00766587,-20.214114179999996],[-44.00771139,-20.214114180000003],[-44.00771139,-20.213841079999995],[-44.0077569,-20.21384108],[-44.0077569,-20.213795569999995],[-44.00766587,-20.21379557],[-44.00766587,-20.213750049999998],[-44.00757484,-20.213750050000005],[-44.00757484,-20.21384108],[-44.00762035,-20.213841079999998],[-44.00762035,-20.214023149999996],[-44.00748381,-20.214023149999992],[-44.00748381,-20.21397762999999],[-44.00743829,-20.213977629999995],[-44.00743829,-20.21393210999999],[-44.00721071,-20.213932109999995],[-44.00721071,-20.213977629999995],[-44.00725623,-20.21397763],[-44.00725623,-20.214023149999992],[-44.00730174,-20.21402315],[-44.00730174,-20.214068659999995],[-44.00734726,-20.21406865999999],[-44.00734726,-20.214159689999995]]]}},{"type":"Feature","id":"ide_210604_mg_analise_car_veg_2025_metrop_pol.117182","properties":{"fid":117182,"classe_":"VEGETACAO_2025"},"geometry":{"type":"Polygon","coordinates":[[[-44.00211295,-20.219394000000005],[-44.00211295,-20.219348489999998],[-44.00202192,-20.219348490000005],[-44.00202192,-20.219393999999994],[-44.00211295,-20.219394000000005]]]}},{"type":"Feature","id":"ide_210604_mg_analise_car_veg_2025_metrop_pol.117210","properties":{"fid":117210,"classe_":"VEGETACAO_2025"},"geometry":{"type":"Polygon","coordinates":[[[-44.00220398,-20.21930296999999],[-44.00220398,-20.21925746],[-44.00215847,-20.219257459999998],[-44.00215847,-20.21930297],[-44.00220398,-20.21930296999999]]]}},{"type":"Feature","id":"ide_210604_mg_analise_car_veg_2025_metrop_pol.117354","properties":{"fid":117354,"classe_":"VEGETACAO_2025"},"geometry":{"type":"Polygon","coordinates":[[[-44.00989614,-20.209699149999988],[-44.00989614,-20.209653640000003],[-44.01012372,-20.209653639999996],[-44.01012372,-20.209608120000002],[-44.01057888,-20.20960812],[-44.01057888,-20.209380539999998],[-44.01062439,-20.209380540000005],[-44.01062439,-20.209289509999998],[-44.01053336,-20.209289510000005],[-44.01053336,-20.209152959999997],[-44.01044233,-20.209152959999994],[-44.01044233,-20.208970899999994],[-44.01053336,-20.208970899999994],[-44.01053336,-20.208697810000004],[-44.01044233,-20.208697810000004],[-44.01044233,-20.20860677],[-44.0103513,-20.208606770000006],[-44.0103513,-20.20851574],[-44.00998717,-20.208515740000003],[-44.00998717,-20.208424709999996],[-44.00989614,-20.208424709999996],[-44.00989614,-20.208379199999996],[-44.00985062,-20.208379200000003],[-44.00985062,-20.208424709999996],[-44.00980511,-20.208424709999996],[-44.00980511,-20.208470229999996],[-44.00989614,-20.208470229999993],[-44.00989614,-20.208652289999996],[-44.00998717,-20.208652290000003],[-44.00998717,-20.208697810000004],[-44.0100782,-20.208697809999993],[-44.0100782,-20.208788839999993],[-44.01016923,-20.20878884],[-44.01016923,-20.209243989999997],[-44.01012372,-20.209243989999997],[-44.01012372,-20.209289509999998],[-44.00989614,-20.209289509999998],[-44.00989614,-20.20938054],[-44.00980511,-20.20938054],[-44.00980511,-20.209426059999988],[-44.00971408,-20.209426059999988],[-44.00971408,-20.209699149999988],[-44.00989614,-20.209699149999988]]]}},{"type":"Feature","id":"ide_210604_mg_analise_car_veg_2025_metrop_pol.117378","properties":{"fid":117378,"classe_":"VEGETACAO_2025"},"geometry":{"type":"Polygon","coordinates":[[[-44.00930444,-20.2153431],[-44.00925892,-20.215343099999995],[-44.00925892,-20.215024489999998],[-44.0092134,-20.215024490000005],[-44.0092134,-20.214796909999993],[-44.00916789000001,-20.214796909999993],[-44.00916789000001,-20.215161040000005],[-44.00912237,-20.21516104],[-44.00912237,-20.21525206999999],[-44.00907686,-20.21525206999999],[-44.00907686,-20.215525169999992],[-44.00912237,-20.21552516999999],[-44.00912237,-20.21557068],[-44.0092134,-20.21557067999999],[-44.0092134,-20.215661710000006],[-44.00930444,-20.215661709999992],[-44.00930444,-20.2153431]]]}},{"type":"Feature","id":"ide_210604_mg_analise_car_veg_2025_metrop_pol.117401","properties":{"fid":117401,"classe_":"VEGETACAO_2025"},"geometry":{"type":"Polygon","coordinates":[[[-44.01754278,-20.20815162],[-44.01754278,-20.208060590000002],[-44.01763381,-20.208060589999995],[-44.01763381,-20.20787852],[-44.01754278,-20.207878519999994],[-44.01754278,-20.207833010000005],[-44.01749727,-20.207833010000005],[-44.01749727,-20.208015070000005],[-44.01745175,-20.20801507],[-44.01745175,-20.20815162],[-44.01754278,-20.20815162]]]}},{"type":"Feature","id":"ide_210604_mg_analise_car_veg_2025_metrop_pol.117403","properties":{"fid":117403,"classe_":"VEGETACAO_2025"},"geometry":{"type":"Polygon","coordinates":[[[-44.01854413,-20.217573370000004],[-44.01854413,-20.21730028],[-44.0184531,-20.21730028],[-44.0184531,-20.217573369999993],[-44.01854413,-20.217573370000004]]]}},{"type":"Feature","id":"ide_210604_mg_analise_car_veg_2025_metrop_pol.117408","properties":{"fid":117408,"classe_":"VEGETACAO_2025"},"geometry":{"type":"Polygon","coordinates":[[[-44.01057888,-20.214296240000003],[-44.01048784,-20.214296240000003],[-44.01048784,-20.214341759999993],[-44.01057888,-20.21434176],[-44.01057888,-20.214296240000003]]]}},{"type":"Feature","id":"ide_210604_mg_analise_car_veg_2025_metrop_pol.117415","properties":{"fid":117415,"classe_":"VEGETACAO_2025"},"geometry":{"type":"Polygon","coordinates":[[[-44.00106609000001,-20.202917309999993],[-44.0011116,-20.202917310000004],[-44.0011116,-20.20296282],[-44.00115712000001,-20.202962820000003],[-44.00115712000001,-20.20300833999999],[-44.00120264,-20.20300834],[-44.00120264,-20.20305386],[-44.00124815,-20.203053859999997],[-44.00124815,-20.203144889999997],[-44.00129367,-20.203144889999994],[-44.00129367,-20.203190399999993],[-44.00133918,-20.203190400000004],[-44.00133918,-20.20323592],[-44.0013847,-20.20323592],[-44.0013847,-20.203281429999997],[-44.00143021,-20.203281429999993],[-44.00143021,-20.203326949999997],[-44.00147573,-20.203326949999994],[-44.00147573,-20.203372469999998],[-44.00161228,-20.203372469999998],[-44.00161228,-20.203417979999998],[-44.00174882,-20.20341798],[-44.00174882,-20.203463499999994],[-44.00183986,-20.2034635],[-44.00183986,-20.203509009999998],[-44.00193089,-20.203509009999994],[-44.00193089,-20.20355453],[-44.0019764,-20.203554529999995],[-44.0019764,-20.203600039999998],[-44.00206743,-20.20360004],[-44.00206743,-20.203645560000002],[-44.00211295,-20.20364556],[-44.00211295,-20.203691080000002],[-44.00220398,-20.20369108],[-44.00220398,-20.20373659],[-44.0022495,-20.203736590000002],[-44.0022495,-20.203782109999995],[-44.00229501,-20.203782109999988],[-44.00229501,-20.20382762],[-44.00234053,-20.203827620000002],[-44.00234053,-20.203873140000002],[-44.00243156,-20.20387314],[-44.00243156,-20.203918649999995],[-44.00247708,-20.203918650000002],[-44.00247708,-20.203964169999992],[-44.00252259,-20.203964170000003],[-44.00252259,-20.204009690000003],[-44.00256811,-20.204009690000003],[-44.00256811,-20.2040552],[-44.00261362,-20.204055199999996],[-44.00261362,-20.20410071999999],[-44.00265914,-20.204100720000007],[-44.00265914,-20.204191750000003],[-44.00270466,-20.204191749999993],[-44.00270466,-20.204237259999996],[-44.00275017,-20.20423726],[-44.00275017,-20.204282779999996],[-44.00279569,-20.20428278],[-44.00279569,-20.204373810000003],[-44.0028412,-20.204373809999993],[-44.0028412,-20.20451036],[-44.00288672,-20.204510359999997],[-44.00288672,-20.20464691],[-44.00293223,-20.20464691],[-44.00293223,-20.204737940000005],[-44.00297775,-20.20473794],[-44.00297775,-20.20364556],[-44.00293223,-20.20364556],[-44.00293223,-20.20360004],[-44.00288672,-20.203600040000005],[-44.00288672,-20.203554530000005],[-44.0028412,-20.203554529999998],[-44.0028412,-20.20350901],[-44.00279569,-20.203509009999994],[-44.00279569,-20.203463499999998],[-44.00275017,-20.2034635],[-44.00275017,-20.203417980000005],[-44.00265914,-20.20341797999999],[-44.00265914,-20.203372469999998],[-44.00261362,-20.20337247],[-44.00261362,-20.203326949999997],[-44.00256811,-20.203326950000008],[-44.00256811,-20.203281429999993],[-44.00247708,-20.203281430000004],[-44.00247708,-20.203235920000004],[-44.00243156,-20.20323592],[-44.00243156,-20.203190400000004],[-44.00238604,-20.203190399999997],[-44.00238604,-20.20314488999999],[-44.00229501,-20.20314489],[-44.00229501,-20.203099370000007],[-44.0022495,-20.203099369999997],[-44.0022495,-20.203053859999997],[-44.00215847,-20.20305386],[-44.00215847,-20.203008339999993],[-44.00206743,-20.203008339999993],[-44.00206743,-20.202962820000003],[-44.0019764,-20.202962820000003],[-44.0019764,-20.202917309999997],[-44.00183986,-20.202917310000004],[-44.00183986,-20.202871789999993],[-44.00174882,-20.202871789999996],[-44.00174882,-20.202780759999996],[-44.00170331,-20.20278076],[-44.00170331,-20.202735250000003],[-44.00165779,-20.202735250000003],[-44.00165779,-20.20268973],[-44.00161228,-20.202689729999996],[-44.00161228,-20.202644209999995],[-44.00156676,-20.20264421],[-44.00156676,-20.202553179999995],[-44.00152125,-20.20255318],[-44.00152125,-20.202507669999996],[-44.00147573,-20.202507669999996],[-44.00147573000008,-20.202479677925297],[-44.001385998653234,-20.20258449135194],[-44.001066090000066,-20.202831389184766],[-44.00106609000001,-20.202917309999993]]]}},{"type":"Feature","id":"ide_210604_mg_analise_car_veg_2025_metrop_pol.117437","properties":{"fid":117437,"classe_":"VEGETACAO_2025"},"geometry":{"type":"MultiPolygon","coordinates":[[[[-44.00898583,-20.22080499],[-44.00894031,-20.220804990000005],[-44.00894031,-20.22094153999999],[-44.00889479,-20.22094154],[-44.00889479,-20.22107807999999],[-44.00884928,-20.22107808],[-44.00884928,-20.221169119999995],[-44.00880376,-20.221169119999995],[-44.00880376,-20.221260149999992],[-44.00875825,-20.221260149999992],[-44.00875825,-20.22130566],[-44.00871273,-20.221305659999995],[-44.00871273,-20.221351179999996],[-44.00866722,-20.221351180000006],[-44.00866722,-20.221442210000003],[-44.0086217,-20.22144221],[-44.0086217,-20.22148773],[-44.00857618,-20.22148773],[-44.00857618,-20.221578760000003],[-44.00853067,-20.221578759999996],[-44.00853067,-20.221624269999992],[-44.00848515,-20.221624269999996],[-44.00848515,-20.2217153],[-44.00843964,-20.221715299999996],[-44.00843964,-20.22176082],[-44.00839412,-20.221760819999997],[-44.00839412,-20.221806339999997],[-44.00834861,-20.221806339999993],[-44.00834861,-20.22189737],[-44.008303090000005,-20.221897369999997],[-44.008303090000005,-20.222033910000004],[-44.00834861,-20.222033909999993],[-44.00834861,-20.222079430000004],[-44.00839412,-20.222079429999994],[-44.00839412,-20.222215979999998],[-44.00857618,-20.222215980000005],[-44.00857618,-20.222261490000005],[-44.0086217,-20.222261490000005],[-44.0086217,-20.22230701],[-44.00871273,-20.222307010000005],[-44.00871273,-20.222352520000005],[-44.00894031,-20.222352519999998],[-44.00894031,-20.222307009999998],[-44.00907686,-20.22230701],[-44.00907686,-20.22244356],[-44.00934995,-20.22244355999999],[-44.00934995,-20.222489069999998],[-44.00966856,-20.222489070000005],[-44.00966856,-20.220031219999996],[-44.00898583,-20.22003122],[-44.00898583,-20.22080499]]],[[[-44.00552663,-20.22007674],[-44.0054356,-20.220076739999993],[-44.0054356,-20.220122250000003],[-44.00539008,-20.22012225],[-44.00539008,-20.220167769999996],[-44.00534457,-20.220167769999996],[-44.00534457,-20.220258799999993],[-44.00529905,-20.220258799999993],[-44.00529905,-20.220304319999993],[-44.00525354,-20.220304319999997],[-44.00525354,-20.220349829999996],[-44.00520802,-20.220349829999996],[-44.00520802,-20.220440859999997],[-44.0051625,-20.220440859999997],[-44.0051625,-20.22048638],[-44.00511699,-20.220486380000004],[-44.00511699,-20.220577409999997],[-44.00507147,-20.220577409999994],[-44.00507147,-20.220622929999998],[-44.005025960000005,-20.22062292999999],[-44.005025960000005,-20.220713959999994],[-44.00498044,-20.22071396],[-44.00498044,-20.22075947],[-44.00493493,-20.220759469999997],[-44.00493493,-20.22080499],[-44.00561766,-20.220804989999994],[-44.00561766,-20.220850509999998],[-44.00575421,-20.220850510000005],[-44.00575421,-20.22094154],[-44.00584524,-20.22094154],[-44.00584524,-20.220896020000005],[-44.00607282,-20.220896019999998],[-44.00607282,-20.22094154],[-44.00616385,-20.22094154],[-44.00616385,-20.22098705],[-44.0063004,-20.220987049999998],[-44.0063004,-20.220804990000005],[-44.00675556000001,-20.22080499000001],[-44.00675556000001,-20.22071396],[-44.00693762,-20.220713959999994],[-44.00693762,-20.220759470000004],[-44.0071652,-20.22075947],[-44.0071652,-20.22085051000001],[-44.00730174,-20.220850509999998],[-44.00730174,-20.220896020000005],[-44.0077569,-20.220896019999994],[-44.0077569,-20.22094154],[-44.00780242,-20.220941540000005],[-44.00780242,-20.220987050000005],[-44.00793896,-20.22098705],[-44.00793896,-20.221169120000006],[-44.00789345,-20.221169119999995],[-44.00789345,-20.221487730000003],[-44.00793896,-20.221487730000003],[-44.00793896,-20.221442209999996],[-44.00798448,-20.221442210000003],[-44.00798448,-20.221351180000003],[-44.00803,-20.221351180000003],[-44.00803,-20.221305659999995],[-44.00807551,-20.221305659999995],[-44.00807551,-20.221214629999995],[-44.00812103,-20.221214630000002],[-44.00812103,-20.221169119999995],[-44.00816654,-20.221169120000006],[-44.00816654,-20.221123599999995],[-44.00821206,-20.221123599999995],[-44.00821206,-20.22103257],[-44.00825757,-20.221032569999995],[-44.00825757,-20.220987049999998],[-44.008303090000005,-20.22098705],[-44.008303090000005,-20.220896019999998],[-44.00834861,-20.220896019999994],[-44.00834861,-20.220759470000004],[-44.00839412,-20.22075947],[-44.00839412,-20.220577410000004],[-44.00843964,-20.220577410000004],[-44.00843964,-20.22012225],[-44.00839412,-20.22012225],[-44.00839412,-20.220031220000003],[-44.00552663,-20.220031219999996],[-44.00552663,-20.22007674]]],[[[-44.00356945000001,-20.220122249999992],[-44.00352394,-20.22012224999999],[-44.00352394,-20.22016777],[-44.00347842,-20.220167769999996],[-44.00347842,-20.220213290000004],[-44.00343291,-20.22021329],[-44.00343291,-20.22034983],[-44.00338739,-20.22034983],[-44.00338739,-20.220395350000004],[-44.00334188,-20.220395350000008],[-44.00334188,-20.22044086],[-44.00329636,-20.220440859999993],[-44.00329636,-20.220486379999997],[-44.00320533,-20.22048638],[-44.00320533,-20.22044085999999],[-44.00293223,-20.220440859999993],[-44.00293223,-20.220577410000004],[-44.00320533,-20.220577409999994],[-44.00320533,-20.220622929999998],[-44.00329636,-20.220622929999998],[-44.00329636,-20.220577410000004],[-44.00334188,-20.22057741],[-44.00334188,-20.220531899999997],[-44.00343291,-20.220531899999994],[-44.00343291,-20.22048638],[-44.00356945000001,-20.220486379999993],[-44.00356945000001,-20.220531899999994],[-44.00379703,-20.2205319],[-44.00379703,-20.220577410000004],[-44.00384255,-20.220577410000004],[-44.00384255,-20.220668439999997],[-44.0039791,-20.220668439999997],[-44.0039791,-20.220759469999994],[-44.00407013,-20.22075947],[-44.00407013,-20.220713959999998],[-44.00416116,-20.22071396],[-44.00416116,-20.22066844],[-44.00420667,-20.220668439999994],[-44.00420667,-20.220622929999998],[-44.00429771,-20.22062293],[-44.00429771,-20.22057741],[-44.00434322,-20.220577409999997],[-44.00434322,-20.2205319],[-44.00443425000001,-20.220531899999997],[-44.00443425000001,-20.220486380000004],[-44.00447977,-20.220486379999997],[-44.00447977,-20.22044085999999],[-44.00452528,-20.220440859999997],[-44.00452528,-20.22034982999999],[-44.0045708,-20.22034983],[-44.0045708,-20.22030432],[-44.00461632,-20.220304319999997],[-44.00461632,-20.220213289999997],[-44.00466183,-20.220213290000004],[-44.00466183,-20.220167769999993],[-44.00470735,-20.220167769999996],[-44.00470735,-20.220122249999996],[-44.00475286,-20.220122250000003],[-44.00475286,-20.220031220000003],[-44.00356945000001,-20.220031219999992],[-44.00356945000001,-20.220122249999992]]]]}},{"type":"Feature","id":"ide_210604_mg_analise_car_veg_2025_metrop_pol.117509","properties":{"fid":117509,"classe_":"VEGETACAO_2025"},"geometry":{"type":"Polygon","coordinates":[[[-44.00834861,-20.2162079],[-44.00839412,-20.2162079],[-44.00839412,-20.21611687],[-44.008303090000005,-20.216116870000004],[-44.008303090000005,-20.216253420000005],[-44.00834861,-20.216253419999997],[-44.00834861,-20.2162079]]]}},{"type":"Feature","id":"ide_210604_mg_analise_car_veg_2025_metrop_pol.117577","properties":{"fid":117577,"classe_":"VEGETACAO_2025"},"geometry":{"type":"Polygon","coordinates":[[[-44.00475286,-20.205875829999997],[-44.00475286,-20.205830310000003],[-44.00470735,-20.20583031],[-44.00470735,-20.20587583],[-44.00475286,-20.205875829999997]]]}},{"type":"Feature","id":"ide_210604_mg_analise_car_veg_2025_metrop_pol.117603","properties":{"fid":117603,"classe_":"VEGETACAO_2025"},"geometry":{"type":"Polygon","coordinates":[[[-44.00443425000001,-20.20610341],[-44.00443425000001,-20.20605789],[-44.00438874,-20.20605789],[-44.00438874,-20.206103409999997],[-44.00443425000001,-20.20610341]]]}},{"type":"Feature","id":"ide_210604_mg_analise_car_veg_2025_metrop_pol.117637","properties":{"fid":117637,"classe_":"VEGETACAO_2025"},"geometry":{"type":"Polygon","coordinates":[[[-43.99828963,-20.20692269],[-43.99828963,-20.206968210000003],[-43.99847169,-20.206968210000003],[-43.99847169,-20.207059239999992],[-43.9987903,-20.20705923999999],[-43.9987903,-20.207104760000004],[-43.99897237,-20.20710476],[-43.99897237,-20.20705924],[-43.99915443,-20.20705923999999],[-43.99915443,-20.207150270000003],[-43.99933649,-20.207150269999993],[-43.99933649,-20.207195789999993],[-43.99947304,-20.20719579],[-43.99947304,-20.207150269999996],[-43.99951855,-20.207150269999993],[-43.99951855,-20.207241299999993],[-43.99956407,-20.207241299999996],[-43.99956407,-20.20733233],[-43.99970062,-20.20733233],[-43.99970062,-20.207377850000004],[-43.99997371,-20.20737784999999],[-43.99997371,-20.207423369999997],[-44.00011026,-20.20742336999999],[-44.00011026,-20.207377850000004],[-44.00020129,-20.207377849999997],[-44.00020129,-20.207241299999993],[-44.00024681,-20.207241299999996],[-44.00024681,-20.20715027],[-44.00029232000001,-20.207150269999996],[-44.00029232000001,-20.207104760000007],[-44.00042887,-20.207104760000007],[-44.00042887,-20.207059239999996],[-44.00038335,-20.207059239999996],[-44.00038335,-20.20701372],[-44.00033784,-20.20701372],[-44.00033784,-20.206968210000003],[-44.00024681,-20.206968210000003],[-44.00024681,-20.207013720000003],[-44.00006474,-20.207013719999996],[-44.00006474,-20.207059240000003],[-43.99983716,-20.207059240000003],[-43.99983716,-20.207104759999996],[-43.99951855,-20.207104759999996],[-43.99951855,-20.207059239999996],[-43.99933649,-20.207059239999996],[-43.99933649,-20.207013720000003],[-43.99924546,-20.207013719999992],[-43.99924546,-20.20696821],[-43.99915443,-20.20696821],[-43.99915443,-20.20692269],[-43.99910891,-20.20692269],[-43.99910891,-20.206877180000003],[-43.9990634,-20.20687718],[-43.9990634,-20.206786149999996],[-43.99901788,-20.206786149999996],[-43.99901788,-20.206740630000002],[-43.99897237,-20.20674063],[-43.99897237,-20.206695110000002],[-43.99892685,-20.20669511],[-43.99892685,-20.206604079999998],[-43.99888133,-20.206604079999998],[-43.99888133,-20.206558569999995],[-43.99883582,-20.206558570000002],[-43.99883582,-20.206513049999998],[-43.9987903,-20.206513050000005],[-43.9987903,-20.206467539999995],[-43.99874479000001,-20.206467540000002],[-43.99874479000001,-20.20642202],[-43.998534824294346,-20.20642202003773],[-43.998340803587055,-20.206759967084018],[-43.998264882906525,-20.206922690007872],[-43.99828963,-20.20692269]]]}},{"type":"Feature","id":"ide_210604_mg_analise_car_veg_2025_metrop_pol.117753","properties":{"fid":117753,"classe_":"VEGETACAO_2025"},"geometry":{"type":"Polygon","coordinates":[[[-44.00684659,-20.21534309999999],[-44.00680107,-20.2153431],[-44.00680107,-20.215388619999985],[-44.00684659,-20.21538862],[-44.00684659,-20.21534309999999]]]}},{"type":"Feature","id":"ide_210604_mg_analise_car_veg_2025_metrop_pol.117840","properties":{"fid":117840,"classe_":"VEGETACAO_2025"},"geometry":{"type":"Polygon","coordinates":[[[-44.00575421,-20.20410071999999],[-44.00575421,-20.2040552],[-44.00566318,-20.204055200000006],[-44.00566318,-20.204100719999992],[-44.00575421,-20.20410071999999]]]}},{"type":"Feature","id":"ide_210604_mg_analise_car_veg_2025_metrop_pol.117991","properties":{"fid":117991,"classe_":"VEGETACAO_2025"},"geometry":{"type":"Polygon","coordinates":[[[-44.00611833,-20.223308360000004],[-44.0060273,-20.22330836],[-44.0060273,-20.223217320000003],[-44.00584524,-20.223217320000003],[-44.00584524,-20.223262839999993],[-44.00575421,-20.223262839999997],[-44.00575421,-20.22330836],[-44.00570869,-20.22330836],[-44.00570869000008,-20.223329666692415],[-44.00611833000021,-20.223379757015866],[-44.00611833,-20.223308360000004]]]}},{"type":"Feature","id":"ide_210604_mg_analise_car_veg_2025_metrop_pol.118024","properties":{"fid":118024,"classe_":"VEGETACAO_2025"},"geometry":{"type":"Polygon","coordinates":[[[-44.00889479,-20.208288159999995],[-44.00889479,-20.208242649999995],[-44.00880376,-20.208242649999992],[-44.00880376,-20.20828816],[-44.00889479,-20.208288159999995]]]}},{"type":"Feature","id":"ide_210604_mg_analise_car_veg_2025_metrop_pol.118175","properties":{"fid":118175,"classe_":"VEGETACAO_2025"},"geometry":{"type":"Polygon","coordinates":[[[-43.99960959,-20.210427400000004],[-43.99951855,-20.210427399999997],[-43.99951855,-20.210472919999994],[-43.999427520000005,-20.210472919999994],[-43.999427520000005,-20.210518439999998],[-43.99929098,-20.21051844],[-43.99929098,-20.210563949999997],[-43.99919994,-20.210563949999997],[-43.99919994,-20.21060947],[-43.99910891,-20.210609470000005],[-43.99910891,-20.21065497999999],[-43.99901788,-20.210654980000005],[-43.99901788,-20.210700500000005],[-43.99897237,-20.210700500000005],[-43.99897237,-20.210746010000005],[-43.99892685,-20.210746009999994],[-43.99892685,-20.210791529999995],[-43.99888133,-20.21079153],[-43.99888133,-20.210837050000006],[-43.9987903,-20.21083705000001],[-43.9987903,-20.211428750000003],[-43.99883582,-20.21142875],[-43.99883582,-20.21147426999999],[-43.99892685,-20.21147427],[-43.99892685,-20.211428749999996],[-43.99901788,-20.211428749999996],[-43.99901788,-20.211474270000004],[-43.99924546,-20.211474269999997],[-43.99924546,-20.21138323],[-43.99933649,-20.211383229999992],[-43.99933649,-20.211337720000003],[-43.99938201,-20.21133772],[-43.99938201,-20.211246689999996],[-43.99947304,-20.21124669],[-43.99947304,-20.21115566],[-43.99951855,-20.211155660000003],[-43.99951855,-20.21111014],[-43.99956407,-20.21111013999999],[-43.99956407,-20.211064620000002],[-43.99960959,-20.21106462],[-43.99960959,-20.211019110000002],[-43.9996551,-20.21101911],[-43.9996551,-20.21097359],[-43.99970062,-20.210973590000005],[-43.99970062,-20.21092808],[-43.99979165,-20.21092808],[-43.99979165,-20.21088256],[-43.9999282,-20.210882559999998],[-43.9999282,-20.210791529999995],[-43.99997371,-20.210791529999998],[-43.99997371,-20.210746009999998],[-43.9999282,-20.210746009999994],[-43.9999282,-20.21065498],[-43.99988268,-20.210654979999997],[-43.99988268,-20.210518439999998],[-43.99983716,-20.210518439999998],[-43.99983716,-20.2104274],[-43.99979165,-20.210427400000004],[-43.99979165,-20.21024534],[-43.99974613,-20.210245339999997],[-43.99974613,-20.210336369999997],[-43.9996551,-20.210336369999993],[-43.9996551,-20.210381889999994],[-43.99960959,-20.210381889999997],[-43.99960959,-20.210427400000004]]]}},{"type":"Feature","id":"ide_210604_mg_analise_car_veg_2025_metrop_pol.118204","properties":{"fid":118204,"classe_":"VEGETACAO_2025"},"geometry":{"type":"Polygon","coordinates":[[[-44.010715420000004,-20.214796909999997],[-44.01066991,-20.214796910000004],[-44.01066991,-20.214569339999997],[-44.01062439,-20.214569339999994],[-44.01062439,-20.21443279],[-44.01057888,-20.21443279],[-44.01057888,-20.214387269999996],[-44.01053336,-20.214387270000007],[-44.01053336,-20.21479691],[-44.01057888,-20.214796910000004],[-44.01057888,-20.21511552],[-44.01066991,-20.21511552],[-44.01066991,-20.21516104],[-44.010715420000004,-20.21516104],[-44.010715420000004,-20.214796909999997]]]}},{"type":"Feature","id":"ide_210604_mg_analise_car_veg_2025_metrop_pol.118209","properties":{"fid":118209,"classe_":"VEGETACAO_2025"},"geometry":{"type":"MultiPolygon","coordinates":[[[[-44.0011116,-20.20715026999999],[-44.0011116,-20.20669510999999],[-44.00088403,-20.20669511],[-44.00088403,-20.206786149999996],[-44.00092954,-20.206786149999992],[-44.00092954,-20.206831659999995],[-44.00097506,-20.206831659999995],[-44.00097506,-20.20692268999999],[-44.00102057,-20.206922689999995],[-44.00102057,-20.207013719999996],[-44.00106609000001,-20.207013719999996],[-44.00106609000001,-20.207150269999993],[-44.0011116,-20.20715026999999]]],[[[-44.00102057,-20.206103410000004],[-44.00074748,-20.20610341],[-44.00074748,-20.206422020000005],[-44.00079299,-20.20642202],[-44.00079299,-20.206467539999995],[-44.0011116,-20.206467539999988],[-44.0011116,-20.205875829999997],[-44.00102057,-20.205875829999993],[-44.00102057,-20.206103410000004]]],[[[-43.99892685,-20.2055117],[-43.99901788,-20.20551169999999],[-43.99901788,-20.205557219999992],[-43.9990634,-20.205557220000003],[-43.9990634,-20.205648249999996],[-43.99892685,-20.205648249999992],[-43.99892685,-20.205602739999993],[-43.998887947676664,-20.205602740015852],[-43.998793197779655,-20.20587583009205],[-43.99888133,-20.20587582999999],[-43.99888133,-20.205921349999993],[-43.99897237,-20.205921350000004],[-43.99897237,-20.205966859999997],[-43.9990634,-20.205966860000004],[-43.9990634,-20.206012380000008],[-43.99910891,-20.206012380000004],[-43.99910891,-20.206057890000007],[-43.99919994,-20.20605789],[-43.99919994,-20.20610341],[-43.99924546,-20.20610341],[-43.99924546,-20.20614893],[-43.99929098,-20.206148929999998],[-43.99929098,-20.20619444],[-43.99933649,-20.206194440000004],[-43.99933649,-20.206285469999997],[-43.99938201,-20.206285469999997],[-43.99938201,-20.206330989999994],[-43.999427520000005,-20.206330989999994],[-43.999427520000005,-20.206422019999994],[-43.99947304,-20.20642202],[-43.99947304,-20.206467539999995],[-43.99951855,-20.20646753999999],[-43.99951855,-20.206513050000005],[-43.99956407,-20.206513049999995],[-43.99956407,-20.20655857],[-43.99979165,-20.206558569999995],[-43.99979165,-20.206513049999998],[-44.00001923,-20.206513049999998],[-44.00001923,-20.2063765],[-44.00011026,-20.206376499999994],[-44.00011026,-20.20633099],[-44.00020129,-20.206330989999994],[-44.00020129,-20.206285469999997],[-44.00024681,-20.20628547],[-44.00024681,-20.206239959999998],[-44.00020129,-20.20623996],[-44.00020129,-20.206194440000004],[-44.00015577,-20.206194440000004],[-44.00015577,-20.20528413],[-44.00042887,-20.20528413],[-44.00042887,-20.205329640000002],[-44.00056542,-20.205329640000002],[-44.00056542,-20.205466189999996],[-44.0005199,-20.205466189999992],[-44.0005199,-20.206012380000004],[-44.00065645,-20.206012380000008],[-44.00065645,-20.205875829999997],[-44.00061093,-20.205875829999993],[-44.00061093,-20.20569377],[-44.00065645,-20.205693769999993],[-44.00065645,-20.205511699999988],[-44.00074748,-20.20551169999999],[-44.00074748,-20.205420669999995],[-44.00079299,-20.20542066999999],[-44.00079299,-20.205375160000003],[-44.00092954,-20.20537516],[-44.00092954,-20.205193089999995],[-44.00088403,-20.205193090000005],[-44.00088403,-20.20505655],[-44.00092954,-20.20505654999999],[-44.00092954,-20.205011029999998],[-44.00097506,-20.205011029999994],[-44.00097506,-20.204965520000002],[-44.00102057,-20.204965519999995],[-44.00102057,-20.204920000000005],[-44.0011116,-20.20491999999999],[-44.0011116,-20.202917310000004],[-44.00106609000001,-20.202917309999993],[-44.001066090000066,-20.202831389184766],[-44.00072700550376,-20.20312513454326],[-44.00042221209196,-20.203425774226833],[-43.999659099990616,-20.204293944339575],[-43.99939678108451,-20.204640849714913],[-43.99917025974852,-20.205009548735642],[-43.99892685,-20.2055117]]]]}},{"type":"Feature","id":"ide_210604_mg_analise_car_veg_2025_metrop_pol.118228","properties":{"fid":118228,"classe_":"VEGETACAO_2025"},"geometry":{"type":"MultiPolygon","coordinates":[[[[-44.00015577,-20.220804990000005],[-44.00012300430196,-20.220804990001195],[-44.00015577000008,-20.220827843044667],[-44.00015577,-20.220804990000005]]],[[[-44.00011026,-20.22075947],[-44.00006474,-20.220759469999997],[-44.00006474,-20.22071396],[-43.99999248963606,-20.220713960003863],[-44.000110260000056,-20.220796101248226],[-44.00011026,-20.22075947]]],[[[-43.99997371,-20.220668439999997],[-43.99993100728595,-20.22066844000034],[-43.99997371000006,-20.22070086176437],[-43.99997371,-20.220668439999997]]],[[[-43.9999282,-20.220577409999997],[-43.99988268,-20.22057741],[-43.99988268,-20.220531899999994],[-43.99983716,-20.2205319],[-43.99983716,-20.22048638],[-43.99979165,-20.220486379999997],[-43.99979165,-20.220440859999997],[-43.99974613,-20.220440859999993],[-43.99974613,-20.220395349999993],[-43.99970062,-20.220395349999997],[-43.99970062,-20.22034983],[-43.9996551,-20.220349830000004],[-43.9996551,-20.22030431999999],[-43.99960959,-20.220304320000004],[-43.99960959,-20.2202588],[-43.99956407,-20.220258800000007],[-43.99956407,-20.220349829999996],[-43.99952657361322,-20.2203498300203],[-43.999928200000035,-20.220666261969154],[-43.9999282,-20.220577409999997]]]]}},{"type":"Feature","id":"ide_210604_mg_analise_car_veg_2025_metrop_pol.118268","properties":{"fid":118268,"classe_":"VEGETACAO_2025"},"geometry":{"type":"Polygon","coordinates":[[[-44.00438874,-20.20614893],[-44.00438874,-20.206103409999997],[-44.00434322,-20.206103410000004],[-44.00434322,-20.20614893],[-44.00438874,-20.20614893]]]}},{"type":"Feature","id":"ide_210604_mg_analise_car_veg_2025_metrop_pol.118287","properties":{"fid":118287,"classe_":"VEGETACAO_2025"},"geometry":{"type":"MultiPolygon","coordinates":[[[[-44.0132643,-20.204919999999998],[-44.01330982000001,-20.20491999999999],[-44.01330982000001,-20.20514757999999],[-44.01335534,-20.20514758],[-44.01335534,-20.20519309],[-44.01340085,-20.20519309],[-44.01340085,-20.20573927999999],[-44.01344637,-20.20573928],[-44.01344637,-20.205875829999993],[-44.01340085,-20.205875829999993],[-44.01340085,-20.205921349999993],[-44.01330982000001,-20.205921349999993],[-44.01330982000001,-20.205966860000004],[-44.01321879,-20.205966859999997],[-44.01321879,-20.206057889999993],[-44.01312776,-20.20605789],[-44.01312776,-20.206285469999994],[-44.01317327,-20.20628547],[-44.01317327,-20.206330990000005],[-44.01321879,-20.206330989999998],[-44.01321879,-20.206376499999998],[-44.0132643,-20.2063765],[-44.0132643,-20.20633099000001],[-44.01335534,-20.20633099],[-44.01335534,-20.206285470000008],[-44.01344637,-20.206285470000005],[-44.01344637,-20.206330990000005],[-44.01349188,-20.206330989999998],[-44.01349188,-20.20623996],[-44.01367395,-20.206239960000005],[-44.01367395,-20.20614893],[-44.0141291,-20.20614893],[-44.0141291,-20.20610341],[-44.01431117,-20.20610341],[-44.01431117,-20.206057889999997],[-44.01422013,-20.20605789],[-44.01422013,-20.205966860000004],[-44.0141291,-20.205966860000004],[-44.0141291,-20.205739279999996],[-44.01422013,-20.205739279999996],[-44.01422013,-20.205648249999992],[-44.01444771,-20.205648249999996],[-44.01444771,-20.205602739999993],[-44.01449323,-20.205602740000003],[-44.01449323,-20.205557219999996],[-44.01458426,-20.205557219999996],[-44.01458426,-20.205466189999996],[-44.01476632,-20.205466189999996],[-44.01476632,-20.205329640000002],[-44.01481184,-20.20532963999999],[-44.01481184,-20.205147579999995],[-44.01485735000001,-20.205147580000002],[-44.01485735000001,-20.205102059999998],[-44.01472081,-20.205102059999998],[-44.01472081,-20.20496552],[-44.01467529,-20.20496551999999],[-44.01467529,-20.204737939999998],[-44.01472081,-20.204737939999998],[-44.01472081000275,-20.20452589678215],[-44.014482964358606,-20.20450542198425],[-44.014014975049854,-20.204508469173057],[-44.01345955213278,-20.204572102347967],[-44.013264300000984,-20.204574875554858],[-44.0132643,-20.204919999999998]]],[[[-44.0118078,-20.204783449999997],[-44.01185332,-20.204783449999994],[-44.01185332,-20.20523861],[-44.0118078,-20.20523861],[-44.0118078,-20.205147579999995],[-44.01176229,-20.20514758],[-44.01176229,-20.204965519999995],[-44.011671250000006,-20.204965519999995],[-44.011671250000006,-20.20492],[-44.01162574,-20.204919999999994],[-44.01162574,-20.204874479999997],[-44.01148919,-20.20487448],[-44.01148919,-20.204965520000002],[-44.01153471,-20.204965520000002],[-44.01153471,-20.205102059999994],[-44.011580220000006,-20.205102060000005],[-44.011580220000006,-20.205466189999996],[-44.01153471,-20.205466189999996],[-44.01153471,-20.2055117],[-44.01144368,-20.205511699999995],[-44.01144368,-20.205557220000003],[-44.01139816,-20.205557219999992],[-44.01139816,-20.205511699999995],[-44.01135264,-20.205511699999988],[-44.01135264,-20.20546619],[-44.01130713,-20.205466189999996],[-44.01130713,-20.205284130000006],[-44.01126161,-20.20528413],[-44.01126161,-20.20537516],[-44.01117058,-20.205375159999996],[-44.01117058,-20.205284130000003],[-44.01107955,-20.20528413],[-44.01107955,-20.20519309],[-44.01098852,-20.20519309],[-44.01098852,-20.20532964],[-44.01089749,-20.205329640000002],[-44.01089749,-20.20542066999999],[-44.01085197,-20.20542066999999],[-44.01085197,-20.205466189999996],[-44.010715420000004,-20.205466189999996],[-44.010715420000004,-20.205557219999996],[-44.01062439,-20.205557219999996],[-44.01062439,-20.205511700000002],[-44.01057888,-20.205511699999988],[-44.01057888,-20.205602739999996],[-44.01053336,-20.205602739999996],[-44.01053336,-20.205830309999993],[-44.01044233,-20.20583031],[-44.01044233,-20.20587583],[-44.0103513,-20.205875829999993],[-44.0103513,-20.205966860000004],[-44.01044233,-20.205966859999993],[-44.01044233,-20.206012379999997],[-44.01048784,-20.206012379999997],[-44.01048784,-20.206057890000004],[-44.010715420000004,-20.20605789],[-44.010715420000004,-20.20614893],[-44.010806450000004,-20.20614893],[-44.010806450000004,-20.206194440000004],[-44.01098852,-20.206194440000004],[-44.01098852,-20.206239959999998],[-44.01117058,-20.20623996],[-44.01117058,-20.206194440000004],[-44.01126161,-20.206194440000004],[-44.01126161,-20.206239959999998],[-44.01144368,-20.20623996],[-44.01144368,-20.20633099],[-44.01171677,-20.206330990000005],[-44.01171677,-20.206239960000005],[-44.0118078,-20.206239959999994],[-44.0118078,-20.20614893],[-44.01212641,-20.20614893],[-44.01212641,-20.206057889999997],[-44.01221744,-20.20605789],[-44.01221744,-20.20596686],[-44.01230847,-20.205966860000004],[-44.01230847,-20.20587582999999],[-44.01239951,-20.20587582999999],[-44.01239951,-20.20583031],[-44.01258157,-20.20583031],[-44.01258157,-20.205739279999996],[-44.0126726,-20.205739280000003],[-44.0126726,-20.20564824999999],[-44.01276363,-20.20564824999999],[-44.01276363,-20.205557220000003],[-44.01285466,-20.205557219999992],[-44.01285466,-20.205375160000003],[-44.01294569,-20.20537516],[-44.01294569,-20.204828969999994],[-44.01303673,-20.204828970000005],[-44.0130367300011,-20.20458599653343],[-44.01265667271073,-20.204626161148028],[-44.012411682531436,-20.204674733970514],[-44.01214239475039,-20.204549620457186],[-44.011807800003005,-20.204430659417316],[-44.0118078,-20.204783449999997]]]]}},{"type":"Feature","id":"ide_210604_mg_analise_car_veg_2025_metrop_pol.118332","properties":{"fid":118332,"classe_":"VEGETACAO_2025"},"geometry":{"type":"Polygon","coordinates":[[[-44.00420667,-20.213613499999994],[-44.00420667,-20.21365902000001],[-44.00416116,-20.21365902],[-44.00416116,-20.21370453999999],[-44.00411564,-20.213704540000002],[-44.00411564,-20.213795570000002],[-44.00407013,-20.21379557],[-44.00407013,-20.213841080000005],[-44.0039791,-20.213841080000005],[-44.0039791,-20.213795569999995],[-44.00393358,-20.21379557],[-44.00393358,-20.213704539999995],[-44.00388806,-20.213704540000002],[-44.00388806,-20.213750049999998],[-44.00379703,-20.213750050000005],[-44.00379703,-20.21379557],[-44.003706,-20.213795569999995],[-44.003706,-20.21384108],[-44.00366049,-20.213841079999998],[-44.00366049,-20.213886599999995],[-44.00361497,-20.213886599999995],[-44.00361497,-20.213932110000002],[-44.00356945000001,-20.213932109999995],[-44.00356945000001,-20.21397762999999],[-44.00352394,-20.213977630000006],[-44.00352394,-20.214023149999996],[-44.00347842,-20.21402315],[-44.00347842,-20.214068659999995],[-44.00338739,-20.21406866],[-44.00338739,-20.214114180000006],[-44.00334188,-20.214114180000006],[-44.00334188,-20.21406866],[-44.00329636,-20.21406866],[-44.00329636,-20.214114179999996],[-44.00325084,-20.21411418],[-44.00325084,-20.21420521],[-44.00320533,-20.214205210000003],[-44.00320533,-20.214296240000003],[-44.00315981,-20.214296240000003],[-44.00315981,-20.214432789999993],[-44.00320533,-20.21443279],[-44.00320533,-20.214614849999997],[-44.00325084,-20.21461485],[-44.00325084,-20.214705879999997],[-44.00329636,-20.21470588],[-44.00329636,-20.214842429999994],[-44.00325084,-20.214842429999997],[-44.00325084,-20.214887949999998],[-44.00302327,-20.21488795],[-44.00302327,-20.214933459999994],[-44.0031143,-20.214933459999997],[-44.0031143,-20.214978980000005],[-44.00343291,-20.21497898],[-44.00343291,-20.214933459999997],[-44.00352394,-20.214933459999997],[-44.00352394,-20.21488795],[-44.00361497,-20.214887949999998],[-44.00361497,-20.214842429999994],[-44.00366049,-20.214842429999997],[-44.00366049,-20.214751399999997],[-44.003706,-20.214751399999997],[-44.003706,-20.21466037],[-44.00375152,-20.214660369999997],[-44.00375152,-20.214523819999993],[-44.00379703,-20.214523820000004],[-44.00379703,-20.214478299999996],[-44.00384255,-20.214478300000007],[-44.00384255,-20.21443278999999],[-44.00388806,-20.214432790000004],[-44.00388806,-20.214387269999992],[-44.00393358,-20.214387269999996],[-44.00393358,-20.214341760000003],[-44.0039791,-20.214341759999996],[-44.0039791,-20.214296240000003],[-44.00402461,-20.214296239999996],[-44.00402461,-20.21425072],[-44.00411564,-20.21425072],[-44.00411564,-20.21420521],[-44.00407013,-20.214205210000006],[-44.00407013,-20.21411418],[-44.00402461,-20.21411418],[-44.00402461,-20.214023149999992],[-44.00407013,-20.214023149999996],[-44.00407013,-20.213977629999995],[-44.00420667,-20.21397762999999],[-44.00420667,-20.213932109999995],[-44.00429771,-20.213932109999995],[-44.00429771,-20.213886600000006],[-44.00438874,-20.21388659999999],[-44.00438874,-20.213841079999998],[-44.00447977,-20.21384108],[-44.00447977,-20.213795569999995],[-44.0045708,-20.21379556999999],[-44.0045708,-20.21375005],[-44.00466183,-20.213750049999998],[-44.00466183,-20.2136135],[-44.0045708,-20.213613499999997],[-44.0045708,-20.21356799],[-44.00438874,-20.213567990000005],[-44.00438874,-20.2136135],[-44.00420667,-20.213613499999994]]]}},{"type":"Feature","id":"ide_210604_mg_analise_car_veg_2025_metrop_pol.118344","properties":{"fid":118344,"classe_":"VEGETACAO_2025"},"geometry":{"type":"Polygon","coordinates":[[[-43.99828963,-20.211292199999992],[-43.99828963,-20.211246689999996],[-43.99833514,-20.211246690000007],[-43.99833514,-20.211201169999995],[-43.99824411,-20.211201169999995],[-43.99824411,-20.211246690000003],[-43.99815308,-20.211246689999996],[-43.99815308,-20.211292199999995],[-43.99828963,-20.211292199999992]]]}},{"type":"Feature","id":"ide_210604_mg_analise_car_veg_2025_metrop_pol.118353","properties":{"fid":118353,"classe_":"VEGETACAO_2025"},"geometry":{"type":"Polygon","coordinates":[[[-44.01654144,-20.21579826],[-44.01649592,-20.21579826],[-44.01649592,-20.215752740000003],[-44.01645041,-20.215752739999996],[-44.01645041,-20.215661709999992],[-44.016404890000004,-20.215661710000003],[-44.016404890000004,-20.215798259999996],[-44.01645041,-20.21579826],[-44.01645041,-20.215843779999997],[-44.01649592,-20.215843780000007],[-44.01649592,-20.21588929],[-44.01654144,-20.21588929],[-44.01654144,-20.21579826]]]}},{"type":"Feature","id":"ide_210604_mg_analise_car_veg_2025_metrop_pol.118441","properties":{"fid":118441,"classe_":"VEGETACAO_2025"},"geometry":{"type":"Polygon","coordinates":[[[-44.00379703,-20.220941540000005],[-44.00379703,-20.220896019999998],[-44.00375152,-20.220896019999994],[-44.00375152,-20.22094154],[-44.00379703,-20.220941540000005]]]}},{"type":"Feature","id":"ide_210604_mg_analise_car_veg_2025_metrop_pol.118463","properties":{"fid":118463,"classe_":"VEGETACAO_2025"},"geometry":{"type":"Polygon","coordinates":[[[-44.01635937,-20.21202045],[-44.01631386,-20.212020449999997],[-44.01631386,-20.212065969999994],[-44.01635937,-20.212065969999994],[-44.01635937,-20.21202045]]]}},{"type":"Feature","id":"ide_210604_mg_analise_car_veg_2025_metrop_pol.118486","properties":{"fid":118486,"classe_":"VEGETACAO_2025"},"geometry":{"type":"Polygon","coordinates":[[[-44.00780242,-20.213704539999995],[-44.00780242,-20.213567990000005],[-44.0077569,-20.213567990000005],[-44.0077569,-20.21370453999999],[-44.00780242,-20.213704539999995]]]}},{"type":"Feature","id":"ide_210604_mg_analise_car_veg_2025_metrop_pol.118494","properties":{"fid":118494,"classe_":"VEGETACAO_2025"},"geometry":{"type":"MultiPolygon","coordinates":[[[[-44.01467529,-20.221123599999995],[-44.01462978,-20.2211236],[-44.01462978,-20.221214629999995],[-44.01458426,-20.22121463],[-44.01458426,-20.22126015],[-44.01453874,-20.221260149999992],[-44.01453874,-20.221351180000003],[-44.01449323,-20.221351179999996],[-44.01449323,-20.221396689999995],[-44.01444771,-20.22139668999999],[-44.01444771,-20.221487729999996],[-44.0144022,-20.22148773],[-44.0144022,-20.22157876],[-44.01435668,-20.221578760000003],[-44.01435668,-20.221669790000004],[-44.01431117,-20.22166978999999],[-44.01431117000029,-20.221727217235674],[-44.0146752900705,-20.221497134495035],[-44.01467529,-20.221123599999995]]],[[[-44.01426565,-20.2217153],[-44.01408359,-20.221715299999993],[-44.01408359,-20.221669789999996],[-44.01394704,-20.221669789999993],[-44.01394704,-20.221624269999992],[-44.01381049,-20.221624269999996],[-44.01381049,-20.221578760000003],[-44.01367395,-20.22157876],[-44.01367395,-20.22153324],[-44.01358291,-20.221533239999996],[-44.01358291,-20.22148773],[-44.01349188,-20.22148773],[-44.01349188,-20.221442210000006],[-44.01344637,-20.22144221000001],[-44.01344637,-20.221396689999995],[-44.01340085,-20.221396690000002],[-44.01340085,-20.221305659999995],[-44.01335534,-20.221305660000002],[-44.01335534,-20.221260150000003],[-44.01330982000001,-20.221260149999992],[-44.01330982000001,-20.221169119999995],[-44.0132643,-20.221169120000006],[-44.0132643,-20.221123599999995],[-44.01321879,-20.22112359999999],[-44.01321879,-20.22107807999999],[-44.01317327,-20.22107808],[-44.01317327,-20.22103257],[-44.01312776,-20.22103256999999],[-44.01312776,-20.22098704999999],[-44.01308224,-20.22098705],[-44.01308224,-20.22094154],[-44.01299121,-20.22094153999999],[-44.01299121,-20.220896019999994],[-44.01294569,-20.220896019999994],[-44.01294569,-20.220850510000005],[-44.01285466,-20.220850509999998],[-44.01285466,-20.220804990000005],[-44.01276363,-20.22080499],[-44.01276363,-20.22075947],[-44.01271812,-20.220759469999994],[-44.01271812,-20.22071395999999],[-44.01262708,-20.22071396],[-44.01262708,-20.220668439999997],[-44.01253605000001,-20.220668439999997],[-44.01253605000001,-20.220622929999998],[-44.01249054,-20.220622929999998],[-44.01249054,-20.220577410000004],[-44.01239951,-20.220577409999994],[-44.01239951,-20.220531899999994],[-44.01230847,-20.220531899999997],[-44.01230847,-20.22048638],[-44.01144368,-20.220486380000004],[-44.01144368,-20.220531899999994],[-44.01148919,-20.220531899999997],[-44.01148919,-20.22057741],[-44.01153471,-20.22057741],[-44.01153471,-20.220622929999994],[-44.011580220000006,-20.220622930000005],[-44.011580220000006,-20.220668439999997],[-44.01162574,-20.220668439999997],[-44.01162574,-20.22071396],[-44.011671250000006,-20.220713959999998],[-44.011671250000006,-20.22075947],[-44.01171677,-20.22075947],[-44.01171677,-20.220804989999998],[-44.0118078,-20.22080499],[-44.0118078,-20.220850509999998],[-44.01185332,-20.22085051],[-44.01185332,-20.22089602],[-44.01194435,-20.22089602],[-44.01194435,-20.22094154],[-44.01203538,-20.220941539999995],[-44.01203538,-20.220987049999998],[-44.0120809,-20.220987049999994],[-44.0120809,-20.221032569999995],[-44.01217193,-20.221032569999995],[-44.01217193,-20.221078079999995],[-44.01226296,-20.22107807999999],[-44.01226296,-20.221123599999995],[-44.01230847,-20.22112359999999],[-44.01230847,-20.22116912],[-44.01239951,-20.221169120000003],[-44.01239951,-20.22121462999999],[-44.01249054,-20.22121462999999],[-44.01249054,-20.221260149999996],[-44.01253605000001,-20.22126015],[-44.01253605000001,-20.22130565999999],[-44.01262708,-20.22130566],[-44.01262708,-20.221351179999996],[-44.0126726,-20.221351180000003],[-44.0126726,-20.22139669],[-44.01276363,-20.22139669],[-44.01276363,-20.22144221],[-44.01280915,-20.22144221],[-44.01280915,-20.221533240000003],[-44.01285466,-20.22153324],[-44.01285466,-20.221578759999996],[-44.01290018,-20.221578760000003],[-44.01290018,-20.22166978999999],[-44.01294569,-20.221669789999993],[-44.01294569,-20.221715299999996],[-44.01299121,-20.221715299999996],[-44.01299121,-20.221760819999993],[-44.01303673,-20.22176082],[-44.01303673,-20.221806339999997],[-44.01308224,-20.221806340000004],[-44.01308224,-20.22185185],[-44.01312776,-20.221851850000004],[-44.01312776,-20.22189737],[-44.01317327,-20.221897369999994],[-44.01317327,-20.22194288],[-44.0132643,-20.221942880000004],[-44.0132643,-20.2219884],[-44.01335534,-20.221988399999997],[-44.01335534,-20.222033909999997],[-44.01349188,-20.222033909999997],[-44.01349188,-20.22207943],[-44.01358291,-20.222079429999997],[-44.013582910000075,-20.222106362525285],[-44.01386923411674,-20.221978121157186],[-44.01424615641674,-20.221767456728685],[-44.01426565000003,-20.221755391379375],[-44.01426565,-20.2217153]]]]}},{"type":"Feature","id":"ide_210604_mg_analise_car_veg_2025_metrop_pol.118511","properties":{"fid":118511,"classe_":"VEGETACAO_2025"},"geometry":{"type":"Polygon","coordinates":[[[-44.01872619,-20.217118219999996],[-44.01872619000013,-20.21712895766551],[-44.01872894676591,-20.217118220001407],[-44.01872619,-20.217118219999996]]]}},{"type":"Feature","id":"ide_210604_mg_analise_car_veg_2025_metrop_pol.118574","properties":{"fid":118574,"classe_":"VEGETACAO_2025"},"geometry":{"type":"Polygon","coordinates":[[[-44.01503942,-20.210381890000004],[-44.01508493,-20.210381889999994],[-44.01508493,-20.210518439999994],[-44.01513045,-20.21051844000001],[-44.01513045,-20.210654980000005],[-44.01517597,-20.210654980000005],[-44.01517597,-20.21074600999999],[-44.01522148,-20.21074601],[-44.01522148,-20.21101911],[-44.015267,-20.211019110000002],[-44.015267,-20.211110139999995],[-44.01531251,-20.211110139999995],[-44.01531251,-20.211201169999995],[-44.01535803,-20.211201170000002],[-44.01535803,-20.211292199999992],[-44.01540354,-20.211292199999995],[-44.01540354,-20.211383229999996],[-44.01544906,-20.211383229999996],[-44.01544906,-20.211474269999997],[-44.01549458,-20.21147427],[-44.01549458,-20.211519779999996],[-44.01554009,-20.21151977999999],[-44.01554009,-20.21161081],[-44.01572215000001,-20.211610810000003],[-44.01572215000001,-20.211474269999993],[-44.0158587,-20.211474270000004],[-44.0158587,-20.211610809999993],[-44.01594973,-20.211610809999993],[-44.01594973,-20.211656329999997],[-44.01599525,-20.21165633],[-44.01599525,-20.211019109999995],[-44.01608628,-20.21101910999999],[-44.01608628,-20.210928079999995],[-44.01617731,-20.210928079999995],[-44.01617731,-20.210791530000005],[-44.01608628,-20.21079153],[-44.01608628,-20.21074601],[-44.01599525,-20.21074601],[-44.01599525,-20.210700499999994],[-44.01590422,-20.210700500000005],[-44.01590422,-20.210654979999994],[-44.01572215000001,-20.210654980000005],[-44.01572215000001,-20.21056395],[-44.01554009,-20.210563949999994],[-44.01554009,-20.21047292],[-44.01549458,-20.21047292],[-44.01549458,-20.210017759999996],[-44.01540354,-20.210017760000007],[-44.01540354,-20.209471570000005],[-44.01531251,-20.20947157],[-44.01531251,-20.209426060000002],[-44.01517597,-20.209426059999988],[-44.01517597,-20.209471569999998],[-44.01513045,-20.209471569999998],[-44.01513045,-20.209517090000002],[-44.01508493,-20.209517090000006],[-44.01508493,-20.20965364],[-44.01517597,-20.209653639999996],[-44.01517597,-20.20969915],[-44.01531251,-20.20969914999999],[-44.01531251,-20.209881209999992],[-44.01535803,-20.209881209999995],[-44.01535803,-20.210154310000004],[-44.01531251,-20.21015431],[-44.01531251,-20.21024534],[-44.01517597,-20.210245339999993],[-44.01517597,-20.210290859999994],[-44.01513045,-20.21029086],[-44.01513045,-20.210336369999993],[-44.01503942,-20.210336370000004],[-44.01503942,-20.210381890000004]]]}},{"type":"Feature","id":"ide_210604_mg_analise_car_veg_2025_metrop_pol.118603","properties":{"fid":118603,"classe_":"VEGETACAO_2025"},"geometry":{"type":"Polygon","coordinates":[[[-44.00661901,-20.216071350000004],[-44.00661901,-20.21602584],[-44.00657349,-20.216025839999993],[-44.00657349,-20.216071350000004],[-44.00661901,-20.216071350000004]]]}},{"type":"Feature","id":"ide_210604_mg_analise_car_veg_2025_metrop_pol.118641","properties":{"fid":118641,"classe_":"VEGETACAO_2025"},"geometry":{"type":"Polygon","coordinates":[[[-44.00079299,-20.220076739999996],[-44.00079299,-20.220031219999996],[-44.00074748,-20.22003122],[-44.00074748,-20.22007674],[-44.00079299,-20.220076739999996]]]}},{"type":"Feature","id":"ide_210604_mg_analise_car_veg_2025_metrop_pol.118650","properties":{"fid":118650,"classe_":"VEGETACAO_2025"},"geometry":{"type":"MultiPolygon","coordinates":[[[[-44.012945690031465,-20.222326978836136],[-44.01347348456772,-20.222155372769524],[-44.013582910000075,-20.222106362525285],[-44.01358291,-20.222079429999997],[-44.01349188,-20.22207943],[-44.01349188,-20.222033909999997],[-44.01335534,-20.222033909999997],[-44.01335534,-20.221988399999997],[-44.0132643,-20.2219884],[-44.0132643,-20.221942880000004],[-44.01317327,-20.22194288],[-44.01317327,-20.221897369999994],[-44.01312776,-20.22189737],[-44.01312776,-20.221851850000004],[-44.01308224,-20.22185185],[-44.01308224,-20.221806340000004],[-44.01303673,-20.221806339999997],[-44.01303673,-20.22176082],[-44.01299121,-20.221760819999993],[-44.01299121,-20.221715299999996],[-44.01294569,-20.221715299999996],[-44.012945690031465,-20.222326978836136]]],[[[-44.01522148,-20.220122249999996],[-44.015267,-20.220122250000003],[-44.015267,-20.220258800000003],[-44.01531251,-20.220258800000003],[-44.01531251,-20.22044086],[-44.01535803,-20.220440859999997],[-44.01535803,-20.220804990000005],[-44.01540354,-20.220804990000005],[-44.01540354,-20.220759470000004],[-44.01549458,-20.22075947],[-44.01549458,-20.22071396],[-44.01558561,-20.22071396],[-44.01558561,-20.220668439999997],[-44.015668841989644,-20.22066844000185],[-44.01567664,-20.220622930000005],[-44.01571042159043,-20.22062293000113],[-44.01572215000001,-20.22057741],[-44.01575201028871,-20.220577410005205],[-44.01597963104964,-20.22032827203374],[-44.01620148016721,-20.220031220948783],[-44.01522148,-20.220031219999992],[-44.01522148,-20.220122249999996]]],[[[-44.01308224,-20.22098705],[-44.01312776,-20.22098704999999],[-44.01312776,-20.22103256999999],[-44.01317327,-20.22103257],[-44.01317327,-20.22107808],[-44.01321879,-20.22107807999999],[-44.01321879,-20.22112359999999],[-44.0132643,-20.221123599999995],[-44.0132643,-20.221169120000006],[-44.01330982000001,-20.221169119999995],[-44.01330982000001,-20.221260149999992],[-44.01335534,-20.221260150000003],[-44.01335534,-20.221305660000002],[-44.01340085,-20.221305659999995],[-44.01340085,-20.221396690000002],[-44.01344637,-20.221396689999995],[-44.01344637,-20.22144221000001],[-44.01349188,-20.221442210000006],[-44.01349188,-20.22148773],[-44.01358291,-20.22148773],[-44.01358291,-20.221533239999996],[-44.01367395,-20.22153324],[-44.01367395,-20.22157876],[-44.01381049,-20.221578760000003],[-44.01381049,-20.221624269999996],[-44.01394704,-20.221624269999992],[-44.01394704,-20.221669789999993],[-44.01408359,-20.221669789999996],[-44.01408359,-20.221715299999993],[-44.01426565,-20.2217153],[-44.01426565000003,-20.221755391379375],[-44.01431117000029,-20.221727217235674],[-44.01431117,-20.22166978999999],[-44.01435668,-20.221669790000004],[-44.01435668,-20.221578760000003],[-44.0144022,-20.22157876],[-44.0144022,-20.22148773],[-44.01444771,-20.221487729999996],[-44.01444771,-20.22139668999999],[-44.01449323,-20.221396689999995],[-44.01449323,-20.221351179999996],[-44.01453874,-20.221351180000003],[-44.01453874,-20.221260149999992],[-44.01458426,-20.22126015],[-44.01458426,-20.22121463],[-44.01462978,-20.221214629999995],[-44.01462978,-20.2211236],[-44.01467529,-20.221123599999995],[-44.01467529,-20.22103256999999],[-44.01472081,-20.221032569999995],[-44.01472081,-20.22094154],[-44.01476632,-20.220941540000002],[-44.01476632,-20.22039535],[-44.01472081,-20.22039535],[-44.01472081,-20.220304320000004],[-44.01467529,-20.220304319999997],[-44.01467529,-20.220213289999997],[-44.01462978,-20.22021329],[-44.01462978,-20.22012225],[-44.01458426,-20.22012225],[-44.01458426,-20.22003122],[-44.01294569,-20.220031219999996],[-44.01294569,-20.220896019999994],[-44.01299121,-20.220896019999994],[-44.01299121,-20.22094153999999],[-44.01308224,-20.22094154],[-44.01308224,-20.22098705]]]]}},{"type":"Feature","id":"ide_210604_mg_analise_car_veg_2025_metrop_pol.118654","properties":{"fid":118654,"classe_":"VEGETACAO_2025"},"geometry":{"type":"Polygon","coordinates":[[[-44.01321879,-20.215616199999996],[-44.01349188,-20.215616199999992],[-44.01349188,-20.21557068],[-44.0135374,-20.21557067999999],[-44.0135374,-20.215616199999996],[-44.0161318,-20.215616200000003],[-44.0161318,-20.21547965],[-44.01617731,-20.21547965],[-44.01617731,-20.215388619999995],[-44.01622283,-20.21538861999999],[-44.01622283,-20.215297589999995],[-44.01617731,-20.215297589999995],[-44.01617731,-20.21520656],[-44.0161318,-20.21520655999999],[-44.0161318,-20.215161040000005],[-44.01608628,-20.215161039999998],[-44.01608628,-20.21507001],[-44.01604076,-20.21507001],[-44.01604076,-20.214978979999998],[-44.01599525,-20.214978979999998],[-44.01599525,-20.21493346],[-44.01594973,-20.214933459999997],[-44.01594973,-20.214842430000004],[-44.01590422,-20.214842430000004],[-44.01590422,-20.21479690999999],[-44.0158587,-20.21479691],[-44.0158587,-20.214751399999994],[-44.01576767,-20.214751399999997],[-44.01576767,-20.214796909999993],[-44.01572215000001,-20.214796909999997],[-44.01572215000001,-20.21484243],[-44.01567664,-20.214842429999994],[-44.01567664,-20.214887949999998],[-44.01563112,-20.214887949999998],[-44.01563112,-20.21493346],[-44.01549458,-20.21493346],[-44.01549458,-20.214796910000004],[-44.01535803,-20.21479691],[-44.01535803,-20.214751399999997],[-44.01522148,-20.2147514],[-44.01522148,-20.214705879999993],[-44.01503942,-20.21470587999999],[-44.01503942,-20.214842429999997],[-44.01472081,-20.214842429999994],[-44.01472081,-20.21479691],[-44.01462978,-20.214796909999997],[-44.01462978,-20.21484243],[-44.0144022,-20.214842429999994],[-44.0144022,-20.214387270000003],[-44.01417462,-20.214387270000003],[-44.01417462,-20.214341759999993],[-44.0141291,-20.214341759999996],[-44.0141291,-20.214159689999995],[-44.01403807,-20.214159689999995],[-44.01403807,-20.21406866],[-44.01417462,-20.214068659999995],[-44.01417462,-20.213932109999995],[-44.01422013,-20.213932109999988],[-44.01422013,-20.21384108],[-44.01435668,-20.21384108],[-44.01435668,-20.21379557],[-44.0144022,-20.213795570000006],[-44.0144022,-20.2138866],[-44.01444771,-20.2138866],[-44.01444771,-20.214023150000006],[-44.0144022,-20.214023149999992],[-44.0144022,-20.214159690000002],[-44.01444771,-20.214159689999995],[-44.01444771,-20.21420521],[-44.01458426,-20.214205209999996],[-44.01458426,-20.214250720000003],[-44.01476632,-20.214250720000003],[-44.01476632,-20.214296240000007],[-44.01513045,-20.214296240000003],[-44.01513045,-20.214114179999996],[-44.01522148,-20.21411418],[-44.01522148,-20.214068659999995],[-44.01531251,-20.214068660000002],[-44.01531251,-20.213613499999994],[-44.01508493,-20.2136135],[-44.01508493,-20.21338593],[-44.01485735000001,-20.21338593],[-44.01485735000001,-20.213340410000004],[-44.01476632,-20.213340410000004],[-44.01476632,-20.213112829999996],[-44.01472081,-20.213112829999993],[-44.01472081,-20.212839740000007],[-44.01462978,-20.212839739999993],[-44.01462978,-20.21270319],[-44.01458426,-20.212703189999996],[-44.01458426,-20.21265767],[-44.01453874,-20.21265767],[-44.01453874,-20.21256664],[-44.01458426,-20.21256664],[-44.01458426,-20.212430100000006],[-44.01462978,-20.212430099999995],[-44.01462978,-20.21211149000001],[-44.01476632,-20.212111490000005],[-44.01476632,-20.212020450000004],[-44.01517597,-20.21202045],[-44.01517597,-20.211974940000005],[-44.01535803,-20.21197493999999],[-44.01535803,-20.211929419999997],[-44.01540354,-20.21192942],[-44.01540354,-20.211792880000004],[-44.01544906,-20.21179288],[-44.01544906,-20.21170184],[-44.01549458,-20.211701840000003],[-44.01549458,-20.211656329999997],[-44.01554009,-20.21165633],[-44.01554009,-20.21151977999999],[-44.01549458,-20.211519779999996],[-44.01549458,-20.21147427],[-44.01544906,-20.211474269999997],[-44.01544906,-20.211383229999996],[-44.01540354,-20.211383229999996],[-44.01540354,-20.211292199999995],[-44.01535803,-20.211292199999992],[-44.01535803,-20.211201170000002],[-44.01531251,-20.211201169999995],[-44.01531251,-20.211110139999995],[-44.015267,-20.211110139999995],[-44.015267,-20.211019110000002],[-44.01522148,-20.21101911],[-44.01522148,-20.21074601],[-44.01517597,-20.21074600999999],[-44.01517597,-20.210654980000005],[-44.01513045,-20.210654980000005],[-44.01513045,-20.21051844000001],[-44.01508493,-20.210518439999994],[-44.01508493,-20.210381889999994],[-44.01503942,-20.210381890000004],[-44.01503942,-20.210336370000004],[-44.01494839,-20.21033637],[-44.01494839,-20.210609469999998],[-44.01490287,-20.21060946999999],[-44.01490287,-20.210654979999997],[-44.01485735000001,-20.210654979999997],[-44.01485735000001,-20.2107005],[-44.01481184,-20.210700499999994],[-44.01481184,-20.210791529999995],[-44.01476632,-20.210791529999995],[-44.01476632,-20.210837049999995],[-44.01462978,-20.21083705],[-44.01462978,-20.21101911],[-44.01449323,-20.211019110000002],[-44.01449323,-20.21115565999999],[-44.01453874,-20.211155659999992],[-44.01453874,-20.211337719999992],[-44.01449323,-20.211337719999996],[-44.01449323,-20.211383229999992],[-44.0144022,-20.211383229999996],[-44.0144022,-20.21124669],[-44.01426565,-20.21124669],[-44.01426565,-20.211292200000003],[-44.01422013,-20.211292200000003],[-44.01422013,-20.211337720000007],[-44.0141291,-20.211337719999996],[-44.0141291,-20.21138323],[-44.01403807,-20.211383229999996],[-44.01403807,-20.211474269999993],[-44.013992560000005,-20.21147427],[-44.013992560000005,-20.211610809999993],[-44.01390152,-20.211610809999996],[-44.01390152,-20.211565299999997],[-44.01381049,-20.211565299999993],[-44.01381049,-20.211474269999997],[-44.01358291,-20.211474269999993],[-44.01358291,-20.211610809999996],[-44.01340085,-20.21161081],[-44.01340085,-20.211656330000004],[-44.01330982000001,-20.211656329999997],[-44.01330982000001,-20.21174736],[-44.01321879,-20.211747359999997],[-44.01321879,-20.214250719999995],[-44.0132643,-20.214250720000003],[-44.0132643,-20.21420521],[-44.01330982000001,-20.214205210000003],[-44.01330982000001,-20.21411418],[-44.01340085,-20.21411418],[-44.01340085,-20.214068659999995],[-44.01358291,-20.21406866],[-44.01358291,-20.21411418],[-44.01362843,-20.214114179999996],[-44.01362843,-20.21425072],[-44.01358291,-20.21425072],[-44.01358291,-20.214341759999996],[-44.01362843,-20.214341760000003],[-44.01362843,-20.21452382],[-44.01358291,-20.21452382],[-44.01358291,-20.21456934],[-44.0135374,-20.214569340000004],[-44.0135374,-20.214614849999993],[-44.01349188,-20.21461484999999],[-44.01349188,-20.21466037],[-44.01340085,-20.21466037],[-44.01340085,-20.214705879999997],[-44.0132643,-20.21470588],[-44.0132643,-20.2147514],[-44.01321879,-20.214751399999997],[-44.01321879,-20.215616199999996]]]}},{"type":"Feature","id":"ide_210604_mg_analise_car_veg_2025_metrop_pol.118666","properties":{"fid":118666,"classe_":"VEGETACAO_2025"},"geometry":{"type":"Polygon","coordinates":[[[-44.00839412,-20.21611687],[-44.00843964,-20.216116869999997],[-44.00843964,-20.216071349999993],[-44.00848515,-20.216071349999996],[-44.00848515,-20.216025840000004],[-44.00853067,-20.21602584],[-44.00853067,-20.215980319999996],[-44.00839412,-20.215980320000003],[-44.00839412,-20.21611687]]]}},{"type":"Feature","id":"ide_210604_mg_analise_car_veg_2025_metrop_pol.118685","properties":{"fid":118685,"classe_":"VEGETACAO_2025"},"geometry":{"type":"Polygon","coordinates":[[[-44.0051625,-20.20573928],[-44.0051625,-20.20569377],[-44.00511699,-20.205693770000003],[-44.00511699,-20.205739279999996],[-44.0051625,-20.20573928]]]}},{"type":"Feature","id":"ide_210604_mg_analise_car_veg_2025_metrop_pol.118799","properties":{"fid":118799,"classe_":"VEGETACAO_2025"},"geometry":{"type":"Polygon","coordinates":[[[-44.00315981,-20.20642202],[-44.00320533,-20.206422019999998],[-44.00320533,-20.206376499999994],[-44.00329636,-20.20637649999999],[-44.00329636,-20.20633099],[-44.00315981,-20.206330990000005],[-44.00315981,-20.20642202]]]}},{"type":"Feature","id":"ide_210604_mg_analise_car_veg_2025_metrop_pol.118830","properties":{"fid":118830,"classe_":"VEGETACAO_2025"},"geometry":{"type":"Polygon","coordinates":[[[-44.01754278,-20.215024489999998],[-44.01754278,-20.21488795],[-44.01745175,-20.21488795],[-44.01745175,-20.214933459999994],[-44.01749727,-20.214933459999997],[-44.01749727,-20.215024490000005],[-44.01754278,-20.215024489999998]]]}},{"type":"Feature","id":"ide_210604_mg_analise_car_veg_2025_metrop_pol.118913","properties":{"fid":118913,"classe_":"VEGETACAO_2025"},"geometry":{"type":"Polygon","coordinates":[[[-44.00434322,-20.210746009999998],[-44.00429771,-20.210746009999998],[-44.00429771,-20.210791530000005],[-44.00434322,-20.21079153],[-44.00434322,-20.210746009999998]]]}},{"type":"Feature","id":"ide_210604_mg_analise_car_veg_2025_metrop_pol.118990","properties":{"fid":118990,"classe_":"VEGETACAO_2025"},"geometry":{"type":"Polygon","coordinates":[[[-44.007301740000074,-20.22336965520593],[-44.007438290000046,-20.223347659896543],[-44.00743829,-20.223308359999994],[-44.00752932,-20.223308359999997],[-44.00752932,-20.223262839999997],[-44.00762035,-20.223262839999997],[-44.00762035,-20.223217320000003],[-44.00766587,-20.223217320000003],[-44.00766587,-20.222944230000007],[-44.00762035,-20.222944229999996],[-44.00762035,-20.222853199999992],[-44.00757484,-20.222853200000003],[-44.00757484,-20.22276217],[-44.00752932,-20.22276217],[-44.00752932,-20.22267114],[-44.00748381,-20.222671139999996],[-44.00748381,-20.222261490000008],[-44.00752932,-20.222261489999998],[-44.00752932,-20.222124950000005],[-44.00757484,-20.222124949999998],[-44.00757484,-20.222033910000004],[-44.00762035,-20.222033910000004],[-44.00762035,-20.22194288],[-44.00766587,-20.22194288],[-44.00766587,-20.221851849999993],[-44.00771139,-20.221851849999997],[-44.00771139,-20.22180634],[-44.00762035,-20.22180634],[-44.00762035,-20.221715299999993],[-44.00757484,-20.2217153],[-44.00757484,-20.221760819999993],[-44.00748381,-20.22176082],[-44.00748381,-20.221806339999997],[-44.00743829,-20.221806339999997],[-44.00743829,-20.221988399999994],[-44.00734726,-20.221988400000004],[-44.00734726,-20.22207943],[-44.00743829,-20.222079430000004],[-44.00743829,-20.222124949999998],[-44.00725623,-20.222124949999998],[-44.00725623,-20.22221598],[-44.00721071,-20.222215980000005],[-44.00721071,-20.222352520000005],[-44.0071652,-20.22235252],[-44.0071652,-20.22253459],[-44.00711968,-20.22253459],[-44.00711968,-20.22267114],[-44.0071652,-20.22267114],[-44.0071652,-20.222807679999995],[-44.00721071,-20.222807680000003],[-44.00721071,-20.22326284],[-44.00725623,-20.223262839999993],[-44.00725623,-20.22335387],[-44.00730174,-20.223353870000004],[-44.007301740000074,-20.22336965520593]]]}},{"type":"Feature","id":"ide_210604_mg_analise_car_veg_2025_metrop_pol.119002","properties":{"fid":119002,"classe_":"VEGETACAO_2025"},"geometry":{"type":"Polygon","coordinates":[[[-44.00393358,-20.21038189],[-44.0039791,-20.21038189],[-44.0039791,-20.21033637],[-44.00393358,-20.210336370000007],[-44.00393358,-20.21038189]]]}},{"type":"Feature","id":"ide_210604_mg_analise_car_veg_2025_metrop_pol.119035","properties":{"fid":119035,"classe_":"VEGETACAO_2025"},"geometry":{"type":"Polygon","coordinates":[[[-44.00265914,-20.22089602],[-44.00247708,-20.22089602],[-44.00247708,-20.22085051],[-44.00238604,-20.220850510000005],[-44.00238604,-20.220896019999994],[-44.0019764,-20.220896019999998],[-44.0019764,-20.220941540000002],[-44.00193089,-20.220941540000005],[-44.00193089,-20.220987049999998],[-44.00183986,-20.220987049999998],[-44.00183986,-20.22103257],[-44.00179434,-20.22103257],[-44.00179434,-20.22116912],[-44.00174882,-20.221169119999995],[-44.00174882,-20.221078079999987],[-44.00147573,-20.221078079999998],[-44.00147573,-20.220987049999998],[-44.00124815,-20.220987049999994],[-44.00124815,-20.221032569999995],[-44.00115712000001,-20.22103257],[-44.00115712000001,-20.221078079999998],[-44.00106609000001,-20.22107807999999],[-44.00106609000001,-20.22121463],[-44.0011116,-20.221214629999995],[-44.0011116000002,-20.22143623219604],[-44.00115712000001,-20.221442209999996],[-44.001157120000904,-20.221462059533124],[-44.00139543208221,-20.221578760002455],[-44.00147573,-20.221578760000003],[-44.00147573,-20.22153324],[-44.00156676,-20.22153324],[-44.00156676,-20.221487729999996],[-44.00170331,-20.221487729999996],[-44.00170331,-20.22144221],[-44.00183986,-20.221442209999996],[-44.00183986,-20.22139669],[-44.00211295,-20.221396689999988],[-44.00211295,-20.22135118],[-44.00243156,-20.22135118],[-44.00243156,-20.22130566],[-44.00265914,-20.221305659999995],[-44.00265914,-20.221260149999992],[-44.00288672,-20.221260150000003],[-44.00288672,-20.22121462999999],[-44.00306878,-20.221214630000002],[-44.00306878,-20.221169120000003],[-44.00320533,-20.22116912],[-44.00320533,-20.2211236],[-44.00306878,-20.2211236],[-44.00306878,-20.221078080000005],[-44.00297775,-20.221078080000005],[-44.00297775,-20.220987049999998],[-44.00293223,-20.220987049999998],[-44.00293223,-20.220941540000002],[-44.00288672,-20.220941540000002],[-44.00288672,-20.220850510000005],[-44.0028412,-20.220850509999995],[-44.0028412,-20.220804990000005],[-44.00265914,-20.220804990000005],[-44.00265914,-20.22089602]]]}},{"type":"Feature","id":"ide_210604_mg_analise_car_veg_2025_metrop_pol.119081","properties":{"fid":119081,"classe_":"VEGETACAO_2025"},"geometry":{"type":"Polygon","coordinates":[[[-44.00379703,-20.21370454],[-44.00375152,-20.21370454],[-44.00375152,-20.21375005000001],[-44.00366049,-20.21375005],[-44.00366049,-20.213795569999995],[-44.00356945000001,-20.213795569999995],[-44.00356945000001,-20.213841080000005],[-44.00347842,-20.213841079999995],[-44.00347842,-20.21379556999999],[-44.00338739,-20.213795569999995],[-44.00338739,-20.213932109999995],[-44.00334188,-20.213932109999995],[-44.00334188,-20.21402315],[-44.00329636,-20.214023149999996],[-44.00329636,-20.21406866],[-44.00334188,-20.21406866],[-44.00334188,-20.214114180000006],[-44.00338739,-20.214114180000006],[-44.00338739,-20.21406866],[-44.00347842,-20.214068659999995],[-44.00347842,-20.21402315],[-44.00352394,-20.214023149999996],[-44.00352394,-20.213977630000006],[-44.00356945000001,-20.21397762999999],[-44.00356945000001,-20.213932109999995],[-44.00361497,-20.213932110000002],[-44.00361497,-20.213886599999995],[-44.00366049,-20.213886599999995],[-44.00366049,-20.213841079999998],[-44.003706,-20.21384108],[-44.003706,-20.213795569999995],[-44.00379703,-20.21379557],[-44.00379703,-20.213750050000005],[-44.00388806,-20.213750049999998],[-44.00388806,-20.213659019999994],[-44.00379703,-20.21365901999999],[-44.00379703,-20.21370454]]]}},{"type":"Feature","id":"ide_210604_mg_analise_car_veg_2025_metrop_pol.119099","properties":{"fid":119099,"classe_":"VEGETACAO_2025"},"geometry":{"type":"Polygon","coordinates":[[[-44.01863516,-20.217300279999996],[-44.01863516,-20.217209250000003],[-44.01854413,-20.21720925],[-44.01854413,-20.21730028],[-44.01863516,-20.217300279999996]]]}},{"type":"Feature","id":"ide_210604_mg_analise_car_veg_2025_metrop_pol.119105","properties":{"fid":119105,"classe_":"VEGETACAO_2025"},"geometry":{"type":"Polygon","coordinates":[[[-44.00680107,-20.21557068],[-44.00680107,-20.21552517],[-44.00675556000001,-20.21552517],[-44.00675556000001,-20.21557068],[-44.00680107,-20.21557068]]]}},{"type":"Feature","id":"ide_210604_mg_analise_car_veg_2025_metrop_pol.119132","properties":{"fid":119132,"classe_":"VEGETACAO_2025"},"geometry":{"type":"MultiPolygon","coordinates":[[[[-44.01107955,-20.21957607],[-44.01089749,-20.219576069999988],[-44.01089749,-20.220031219999996],[-44.01135264,-20.220031220000003],[-44.01135264,-20.21989468],[-44.01130713,-20.219894679999996],[-44.01130713,-20.219803640000006],[-44.01126161,-20.219803640000002],[-44.01126161,-20.219758129999995],[-44.0112161,-20.219758129999992],[-44.0112161,-20.21966709999999],[-44.01117058,-20.21966709999999],[-44.01117058,-20.219621579999995],[-44.01112507,-20.21962157999999],[-44.01112507,-20.219530549999998],[-44.01107955,-20.21953055],[-44.01107955,-20.21957607]]],[[[-44.01321879,-20.21570723],[-44.01330982000001,-20.215707229999996],[-44.01330982000001,-20.215752739999996],[-44.01335534,-20.21575274],[-44.01335534,-20.21566171],[-44.01344637,-20.215661710000006],[-44.01344637,-20.2156162],[-44.01317327,-20.215616199999996],[-44.01317327,-20.215661709999992],[-44.01321879,-20.215661709999996],[-44.01321879,-20.21570723]]],[[[-44.01103403,-20.21579826],[-44.01130713,-20.21579826],[-44.01130713,-20.21575274],[-44.01162574,-20.215752739999996],[-44.01162574,-20.21579826],[-44.01176229,-20.215798260000003],[-44.01176229,-20.215889290000003],[-44.01203538,-20.21588929],[-44.01203538,-20.215843780000004],[-44.01212641,-20.215843779999997],[-44.01212641,-20.216025839999997],[-44.01203538,-20.216025840000004],[-44.01203538,-20.216071349999996],[-44.01176229,-20.216071349999993],[-44.01176229,-20.216116870000008],[-44.01171677,-20.21611687],[-44.01171677,-20.216162389999997],[-44.01162574,-20.216162389999994],[-44.01162574,-20.21611687],[-44.01135264,-20.21611687],[-44.01135264,-20.216071349999993],[-44.01144368,-20.216071349999996],[-44.01144368,-20.215980320000003],[-44.01103403,-20.21598032],[-44.01103403,-20.215934810000004],[-44.01089749,-20.215934810000004],[-44.01089749,-20.218665749999996],[-44.01103403,-20.218665749999996],[-44.01103403,-20.218711269999996],[-44.01117058,-20.218711269999996],[-44.01117058,-20.21875678],[-44.01126161,-20.21875678],[-44.01126161,-20.218802299999997],[-44.01130713,-20.21880229999999],[-44.01130713,-20.218893330000004],[-44.01135264,-20.21889333],[-44.01135264,-20.218938849999997],[-44.01139816,-20.218938850000004],[-44.01139816,-20.219029879999997],[-44.01144368,-20.21902988],[-44.01144368,-20.219075389999997],[-44.01148919,-20.219075389999993],[-44.01148919,-20.219166420000004],[-44.01153471,-20.219166419999997],[-44.01153471,-20.219211939999994],[-44.011580220000006,-20.21921194],[-44.011580220000006,-20.21930296999999],[-44.01162574,-20.219302969999998],[-44.01162574,-20.21934849],[-44.011671250000006,-20.219348489999998],[-44.011671250000006,-20.219393999999994],[-44.01171677,-20.219393999999998],[-44.01171677,-20.21948502999999],[-44.01176229,-20.219485029999998],[-44.01176229,-20.219530549999998],[-44.0118078,-20.219530549999998],[-44.0118078,-20.219621580000005],[-44.01185332,-20.21962158],[-44.01185332,-20.219712609999995],[-44.01189883,-20.219712610000002],[-44.01189883,-20.219940190000003],[-44.01194435,-20.219940190000003],[-44.01194435,-20.22003122],[-44.01449323,-20.220031219999996],[-44.01449323,-20.217436829999997],[-44.01444771,-20.217436829999997],[-44.01444771,-20.217391309999996],[-44.01435668,-20.217391309999996],[-44.01435668,-20.21734579],[-44.0141291,-20.217345789999992],[-44.0141291,-20.217391310000007],[-44.01394704,-20.217391310000004],[-44.01394704,-20.217345789999996],[-44.01381049,-20.21734579],[-44.01381049,-20.217300280000003],[-44.01371946,-20.217300279999996],[-44.01371946,-20.217254760000003],[-44.01367395,-20.21725476],[-44.01367395,-20.217209249999993],[-44.01362843,-20.21720925],[-44.01362843,-20.217118219999996],[-44.01358291,-20.217118220000007],[-44.01358291,-20.21698167],[-44.0135374,-20.21698167],[-44.0135374,-20.216890639999995],[-44.01358291,-20.216890640000003],[-44.01358291,-20.216754089999995],[-44.01362843,-20.21675408999999],[-44.01362843,-20.216663059999995],[-44.01367395,-20.21666306],[-44.01367395,-20.21661754],[-44.01371946,-20.21661754],[-44.01371946,-20.21657203],[-44.01376498,-20.21657203],[-44.01376498,-20.216526509999998],[-44.01390152,-20.21652651],[-44.01390152,-20.216480999999995],[-44.01417462,-20.216480999999995],[-44.01417462,-20.216526509999994],[-44.01431117,-20.216526510000005],[-44.01431117,-20.216572030000002],[-44.01435668,-20.21657203],[-44.01435668,-20.216617539999998],[-44.0144022,-20.216617539999998],[-44.0144022,-20.216663060000002],[-44.01444771,-20.21666306],[-44.01444771,-20.216754090000002],[-44.01449323,-20.216754089999995],[-44.01449323,-20.215616200000007],[-44.0135374,-20.215616199999996],[-44.0135374,-20.215707229999992],[-44.01349188,-20.21570723],[-44.01349188,-20.215843779999997],[-44.0135374,-20.215843779999993],[-44.0135374,-20.215889289999993],[-44.01349188,-20.21588929],[-44.01349188,-20.215934810000004],[-44.01335534,-20.215934809999997],[-44.01335534,-20.215980320000003],[-44.01330982000001,-20.215980319999996],[-44.01330982000001,-20.216025839999993],[-44.0132643,-20.216025839999993],[-44.0132643,-20.21607135],[-44.01312776,-20.216071349999993],[-44.01312776,-20.216025840000004],[-44.01308224,-20.216025839999993],[-44.01308224,-20.215980320000003],[-44.01303673,-20.215980319999993],[-44.01303673,-20.21602584],[-44.01299121,-20.216025839999993],[-44.01299121,-20.216071350000004],[-44.01294569,-20.21607135],[-44.01294569,-20.216116869999993],[-44.01299121,-20.216116870000008],[-44.01299121,-20.2162079],[-44.01303673,-20.216207899999993],[-44.01303673,-20.216298930000004],[-44.01294569,-20.216298929999997],[-44.01294569,-20.21634445],[-44.01290018,-20.216344450000005],[-44.01290018,-20.216389959999997],[-44.01285466,-20.216389960000004],[-44.01285466,-20.216481000000005],[-44.01280915,-20.216481000000005],[-44.01280915,-20.216526509999998],[-44.0126726,-20.21652651],[-44.0126726,-20.216617539999998],[-44.01262708,-20.21661754],[-44.01262708,-20.216708569999998],[-44.01258157,-20.216708569999998],[-44.01258157,-20.21675408999999],[-44.01244502000001,-20.21675409],[-44.01244502000001,-20.216617539999998],[-44.01249054,-20.21661754],[-44.01249054,-20.216526509999998],[-44.01244502000001,-20.216526509999994],[-44.01244502000001,-20.216481],[-44.01239951,-20.216480999999998],[-44.01239951,-20.216435480000005],[-44.01230847,-20.216435480000005],[-44.01230847,-20.21634445],[-44.01258157,-20.216344449999994],[-44.01258157,-20.216298929999994],[-44.0126726,-20.216298929999997],[-44.0126726,-20.216253419999997],[-44.01276363,-20.216253419999997],[-44.01276363,-20.21611687],[-44.01271812,-20.216116869999997],[-44.01271812,-20.216071349999996],[-44.0126726,-20.21607135],[-44.0126726,-20.216025839999993],[-44.01262708,-20.216025839999993],[-44.01262708,-20.215980320000003],[-44.01258157,-20.215980320000003],[-44.01258157,-20.215934809999997],[-44.01235399,-20.215934810000004],[-44.01235399,-20.21588929],[-44.01226296,-20.21588929],[-44.01226296,-20.215843780000004],[-44.01217193,-20.215843780000004],[-44.01217193,-20.215798260000003],[-44.01212641,-20.215798260000003],[-44.01212641,-20.215752739999996],[-44.0120809,-20.215752739999996],[-44.0120809,-20.215707230000003],[-44.01212641,-20.215707230000003],[-44.01212641,-20.215616200000003],[-44.01103403,-20.2156162],[-44.01103403,-20.21579826]]]]}},{"type":"Feature","id":"ide_210604_mg_analise_car_veg_2025_metrop_pol.119155","properties":{"fid":119155,"classe_":"VEGETACAO_2025"},"geometry":{"type":"Polygon","coordinates":[[[-44.00306878,-20.22180634],[-44.00306878,-20.221897369999997],[-44.00325084,-20.221897369999997],[-44.00325084,-20.221715299999996],[-44.00315981,-20.221715299999996],[-44.00315981,-20.221760819999997],[-44.00293223,-20.22176082],[-44.00293223,-20.22180634],[-44.00306878,-20.22180634]]]}},{"type":"Feature","id":"ide_210604_mg_analise_car_veg_2025_metrop_pol.119197","properties":{"fid":119197,"classe_":"VEGETACAO_2025"},"geometry":{"type":"Polygon","coordinates":[[[-44.00434322,-20.210837050000006],[-44.00438874,-20.210837049999995],[-44.00438874,-20.210791529999998],[-44.00434322,-20.21079153],[-44.00434322,-20.210837050000006]]]}},{"type":"Feature","id":"ide_210604_mg_analise_car_veg_2025_metrop_pol.119233","properties":{"fid":119233,"classe_":"VEGETACAO_2025"},"geometry":{"type":"Polygon","coordinates":[[[-44.01745175,-20.214842429999994],[-44.01745175,-20.214796909999997],[-44.01740624,-20.214796909999993],[-44.01740624,-20.214842429999994],[-44.01745175,-20.214842429999994]]]}},{"type":"Feature","id":"ide_210604_mg_analise_car_veg_2025_metrop_pol.119237","properties":{"fid":119237,"classe_":"VEGETACAO_2025"},"geometry":{"type":"Polygon","coordinates":[[[-44.00539008,-20.222079429999994],[-44.00575421,-20.22207943000001],[-44.00575421,-20.22203391],[-44.00584524,-20.222033910000007],[-44.00584524,-20.2219884],[-44.00579972,-20.221988399999994],[-44.00579972,-20.221942879999993],[-44.0054356,-20.221942879999997],[-44.0054356,-20.221851849999997],[-44.00539008,-20.22185185],[-44.00539008,-20.221806339999997],[-44.00534457,-20.221806339999997],[-44.00534457,-20.22166978999999],[-44.00539008,-20.221669790000004],[-44.00539008,-20.22148773],[-44.00534457,-20.22148773],[-44.00534457,-20.221305660000002],[-44.00529905,-20.22130566],[-44.00529905,-20.221214629999995],[-44.00525354,-20.221214629999995],[-44.00525354,-20.221169119999995],[-44.0051625,-20.221169119999995],[-44.0051625,-20.221123600000002],[-44.00507147,-20.22112359999999],[-44.00507147,-20.221078079999995],[-44.00475286,-20.221078080000005],[-44.00475286,-20.22098705],[-44.00466183,-20.220987049999994],[-44.00466183,-20.221032569999995],[-44.00461632,-20.22103257],[-44.00461632,-20.22107808],[-44.00452528,-20.221078079999995],[-44.00452528,-20.2211236],[-44.00443425000001,-20.221123599999995],[-44.00443425000001,-20.221169119999995],[-44.00438874,-20.22116912],[-44.00438874,-20.22121463],[-44.00429771,-20.221214629999995],[-44.00429771,-20.221260149999992],[-44.00434322,-20.221260149999996],[-44.00434322,-20.221351179999996],[-44.00443425000001,-20.22135118],[-44.00443425000001,-20.221214630000006],[-44.00447977,-20.221214630000002],[-44.00447977,-20.22130565999999],[-44.00452528,-20.22130565999999],[-44.00452528,-20.221351180000003],[-44.00466183,-20.221351180000003],[-44.00466183,-20.22130565999999],[-44.00484389,-20.22130565999999],[-44.00484389,-20.221442209999996],[-44.00498044,-20.221442210000003],[-44.00498044,-20.22148773],[-44.005025960000005,-20.22148773],[-44.005025960000005,-20.221806339999997],[-44.00507147,-20.22180634],[-44.00507147,-20.222033910000004],[-44.00511699,-20.222033909999997],[-44.00511699,-20.222124950000005],[-44.00507147,-20.22212495],[-44.00507147,-20.222261490000005],[-44.0051625,-20.222261489999998],[-44.0051625,-20.222170460000005],[-44.00539008,-20.22217046],[-44.00539008,-20.222079429999994]]]}},{"type":"Feature","id":"ide_210604_mg_analise_car_veg_2025_metrop_pol.119259","properties":{"fid":119259,"classe_":"VEGETACAO_2025"},"geometry":{"type":"Polygon","coordinates":[[[-44.00029232000001,-20.209289509999994],[-44.00029232000001,-20.209243989999997],[-44.00033784,-20.209243989999994],[-44.00033784,-20.209107450000005],[-44.00029232000001,-20.20910745],[-44.00029232000001,-20.209198479999998],[-44.00024681,-20.209198479999998],[-44.00024681,-20.209289509999998],[-44.00029232000001,-20.209289509999994]]]}},{"type":"Feature","id":"ide_210604_mg_analise_car_veg_2025_metrop_pol.119264","properties":{"fid":119264,"classe_":"VEGETACAO_2025"},"geometry":{"type":"Polygon","coordinates":[[[-44.00648246,-20.21179288],[-44.00648246,-20.211747359999993],[-44.00620937,-20.21174736],[-44.00620937,-20.211701840000003],[-44.00593627,-20.211701839999996],[-44.00593627,-20.211656329999997],[-44.00579972,-20.21165633],[-44.00579972,-20.211610809999993],[-44.00557215,-20.211610809999996],[-44.00557215,-20.211565299999997],[-44.00548111,-20.211565299999997],[-44.00548111,-20.211519779999996],[-44.0054356,-20.211519779999996],[-44.0054356,-20.211474269999997],[-44.00534457,-20.211474270000004],[-44.00534457,-20.211428749999996],[-44.00529905,-20.211428749999996],[-44.00529905,-20.21138323],[-44.00520802,-20.211383229999992],[-44.00520802,-20.211337720000003],[-44.0051625,-20.211337720000007],[-44.0051625,-20.211292199999992],[-44.00511699,-20.21129219999999],[-44.00511699,-20.211246689999996],[-44.005025960000005,-20.21124669],[-44.005025960000005,-20.211201169999995],[-44.00488941,-20.21120117],[-44.00488941,-20.21115566],[-44.00479838,-20.211155659999996],[-44.00479838,-20.211201170000002],[-44.00484389,-20.211201169999995],[-44.00484389,-20.21124669],[-44.00488941,-20.211246690000007],[-44.00488941,-20.211292200000003],[-44.00493493,-20.2112922],[-44.00493493,-20.21133772],[-44.005025960000005,-20.211337720000003],[-44.005025960000005,-20.211383229999996],[-44.00507147,-20.211383229999996],[-44.00507147,-20.211428750000003],[-44.0051625,-20.211428750000007],[-44.0051625,-20.21147427],[-44.00525354,-20.21147427],[-44.00525354,-20.211519779999996],[-44.00534457,-20.211519780000003],[-44.00534457,-20.211565300000004],[-44.0054356,-20.211565299999993],[-44.0054356,-20.211610809999993],[-44.00552663,-20.211610809999993],[-44.00552663,-20.211656329999997],[-44.00566318,-20.211656329999997],[-44.00566318,-20.211701839999996],[-44.00584524,-20.21170184],[-44.00584524,-20.211747360000004],[-44.00607282,-20.211747360000004],[-44.00607282,-20.21179288],[-44.00648246,-20.21179288]]]}},{"type":"Feature","id":"ide_210604_mg_analise_car_veg_2025_metrop_pol.119383","properties":{"fid":119383,"classe_":"VEGETACAO_2025"},"geometry":{"type":"Polygon","coordinates":[[[-44.0013847,-20.208015069999988],[-44.0013847,-20.20806058999999],[-44.00143021,-20.20806059],[-44.00143021,-20.20801507],[-44.0013847,-20.208015069999988]]]}},{"type":"Feature","id":"ide_210604_mg_analise_car_veg_2025_metrop_pol.119425","properties":{"fid":119425,"classe_":"VEGETACAO_2025"},"geometry":{"type":"Polygon","coordinates":[[[-44.00056542,-20.207969550000005],[-44.00061093,-20.207969549999994],[-44.00061093,-20.208015070000005],[-44.00065645,-20.208015070000005],[-44.00065645,-20.20796955],[-44.00070196,-20.20796954999999],[-44.00070196,-20.207924039999998],[-44.00074748,-20.20792404000001],[-44.00074748,-20.207878519999994],[-44.00079299,-20.20787852],[-44.00079299,-20.207833010000005],[-44.00083851,-20.20783301],[-44.00083851,-20.20774198],[-44.00079299,-20.20774198],[-44.00079299,-20.207696460000005],[-44.00074748,-20.20769646],[-44.00074748,-20.207650940000004],[-44.00070196,-20.207650939999997],[-44.00070196,-20.207605429999997],[-44.00065645,-20.207605429999997],[-44.00065645,-20.207559909999993],[-44.00061093,-20.207559909999997],[-44.00061093,-20.207468879999997],[-44.00056542,-20.207468879999997],[-44.00056542,-20.207286820000007],[-44.0005199,-20.20728681999999],[-44.0005199,-20.207195789999997],[-44.00047438,-20.20719578999999],[-44.00047438,-20.207559909999993],[-44.00056542,-20.207559910000004],[-44.00056542,-20.207969550000005]]]}},{"type":"Feature","id":"ide_210604_mg_analise_car_veg_2025_metrop_pol.119434","properties":{"fid":119434,"classe_":"VEGETACAO_2025"},"geometry":{"type":"Polygon","coordinates":[[[-44.00020129,-20.209289509999998],[-44.00020129,-20.20938054],[-44.00024681,-20.20938054],[-44.00024681,-20.209289509999998],[-44.00020129,-20.209289509999998]]]}},{"type":"Feature","id":"ide_210604_mg_analise_car_veg_2025_metrop_pol.119512","properties":{"fid":119512,"classe_":"VEGETACAO_2025"},"geometry":{"type":"Polygon","coordinates":[[[-44.00193089,-20.20778749],[-44.00188537,-20.20778749],[-44.00188537,-20.207833010000005],[-44.00193089,-20.20783301],[-44.00193089,-20.20792404],[-44.00220398,-20.207924040000005],[-44.00220398,-20.20796955],[-44.00229501,-20.207969549999994],[-44.00229501,-20.208106099999995],[-44.00238604,-20.20810609999999],[-44.00238604,-20.208151620000002],[-44.00247708,-20.208151620000002],[-44.00247708,-20.208333680000006],[-44.00243156,-20.208333679999992],[-44.00243156,-20.208379200000007],[-44.00256811,-20.2083792],[-44.00256811,-20.208288159999995],[-44.00252259,-20.20828815999999],[-44.00252259,-20.207878520000005],[-44.00247708,-20.207878520000005],[-44.00247708,-20.20769646],[-44.00193089,-20.207696459999998],[-44.00193089,-20.20778749]]]}},{"type":"Feature","id":"ide_210604_mg_analise_car_veg_2025_metrop_pol.119465","properties":{"fid":119465,"classe_":"VEGETACAO_2025"},"geometry":{"type":"Polygon","coordinates":[[[-44.01212641,-20.206786149999996],[-44.01226296,-20.206786149999996],[-44.01226296,-20.206831659999995],[-44.01221744,-20.206831659999995],[-44.01221744,-20.206968209999996],[-44.01212641,-20.206968209999996],[-44.01212641,-20.20705924],[-44.0120809,-20.207059239999996],[-44.0120809,-20.207150269999993],[-44.01189883,-20.20715027],[-44.01189883,-20.207423370000004],[-44.0118078,-20.20742337],[-44.0118078,-20.207696459999998],[-44.01189883,-20.207696460000005],[-44.01189883,-20.207650939999997],[-44.01185332,-20.207650939999997],[-44.01185332,-20.207559909999997],[-44.01194435,-20.20755991],[-44.01194435,-20.207650939999997],[-44.0120809,-20.207650939999997],[-44.0120809,-20.207605429999997],[-44.01217193,-20.207605429999997],[-44.01217193,-20.20755991],[-44.01226296,-20.207559909999997],[-44.01226296,-20.2075144],[-44.01235399,-20.207514400000004],[-44.01235399,-20.20746888],[-44.01239951,-20.207468879999997],[-44.01239951,-20.207514399999994],[-44.01249054,-20.207514399999994],[-44.01249054,-20.207377849999993],[-44.01253605000001,-20.207377850000004],[-44.01253605000001,-20.20733233],[-44.01258157,-20.207332330000003],[-44.01258157,-20.2072413],[-44.01249054,-20.207241300000003],[-44.01249054,-20.20715027],[-44.01258157,-20.20715027],[-44.01258157,-20.20696821],[-44.0126726,-20.206968210000003],[-44.0126726,-20.20687718],[-44.01262708,-20.206877179999996],[-44.01262708,-20.20678615],[-44.01271812,-20.206786149999992],[-44.01271812,-20.206740630000002],[-44.01276363,-20.20674062999999],[-44.01276363,-20.206513050000005],[-44.0126726,-20.20651305],[-44.0126726,-20.206422020000012],[-44.01258157,-20.206422019999998],[-44.01258157,-20.20633099],[-44.01230847,-20.206330989999998],[-44.01230847,-20.206376499999998],[-44.01226296,-20.206376499999998],[-44.01226296,-20.20642202],[-44.01221744,-20.206422019999998],[-44.01221744,-20.206513049999995],[-44.01217193,-20.20651304999999],[-44.01217193,-20.20660407999999],[-44.01212641,-20.20660408],[-44.01212641,-20.206786149999996]],[[-44.01194435,-20.207514399999997],[-44.01198986,-20.2075144],[-44.01198986,-20.20755991],[-44.01194435,-20.20755991],[-44.01194435,-20.207514399999997]],[[-44.01239951,-20.207423369999994],[-44.01244502000001,-20.207423369999994],[-44.01244502000001,-20.207468879999997],[-44.01239951,-20.207468879999997],[-44.01239951,-20.207423369999994]],[[-44.0126726,-20.20655857],[-44.01258157,-20.20655856999999],[-44.01258157,-20.206513049999998],[-44.0126726,-20.20651305],[-44.0126726,-20.20655857]],[[-44.01258157,-20.206604079999995],[-44.01253605000001,-20.20660408],[-44.01253605000001,-20.20655857],[-44.01258157,-20.20655856999999],[-44.01258157,-20.206604079999995]],[[-44.01235399,-20.206786149999996],[-44.01230847,-20.206786149999996],[-44.01230847,-20.206740630000002],[-44.01235399,-20.206740630000002],[-44.01235399,-20.206786149999996]],[[-44.01226296,-20.20719578999999],[-44.01221744,-20.207195789999986],[-44.01221744,-20.20715027],[-44.01226296,-20.207150269999996],[-44.01226296,-20.20719578999999]],[[-44.01221744,-20.207377850000004],[-44.01226296,-20.207377849999993],[-44.01226296,-20.20742337],[-44.01221744,-20.207423369999997],[-44.01221744,-20.207377850000004]],[[-44.01221744,-20.207468879999993],[-44.01212641,-20.20746888],[-44.01212641,-20.207423370000004],[-44.01221744,-20.207423369999997],[-44.01221744,-20.207468879999993]],[[-44.0120809,-20.207514399999997],[-44.01203538,-20.207514399999994],[-44.01203538,-20.207468879999993],[-44.0120809,-20.207468879999997],[-44.0120809,-20.207514399999997]]]}},{"type":"Feature","id":"ide_210604_mg_analise_car_veg_2025_metrop_pol.119476","properties":{"fid":119476,"classe_":"VEGETACAO_2025"},"geometry":{"type":"Polygon","coordinates":[[[-44.010943,-20.207696460000005],[-44.010943,-20.207741979999998],[-44.01089749,-20.20774198],[-44.01089749,-20.207878519999994],[-44.010806450000004,-20.207878520000005],[-44.010806450000004,-20.20806059000001],[-44.01062439,-20.20806058999999],[-44.01062439,-20.208242649999995],[-44.010715420000004,-20.20824265],[-44.010715420000004,-20.20833368],[-44.010806450000004,-20.208333679999996],[-44.010806450000004,-20.208242650000006],[-44.01089749,-20.208242649999995],[-44.01089749,-20.208151619999995],[-44.01117058,-20.208151619999995],[-44.01117058,-20.208060589999995],[-44.01144368,-20.20806059],[-44.01144368,-20.20796955000001],[-44.01135264,-20.207969550000005],[-44.01135264,-20.207878519999998],[-44.01144368,-20.207878519999998],[-44.01144368,-20.20778749],[-44.01153471,-20.207787490000005],[-44.01153471,-20.207696460000005],[-44.01144368,-20.207696460000005],[-44.01144368,-20.207605430000005],[-44.01107955,-20.207605430000008],[-44.01107955,-20.207696459999998],[-44.010943,-20.207696460000005]]]}},{"type":"Feature","id":"ide_210604_mg_analise_car_veg_2025_metrop_pol.119477","properties":{"fid":119477,"classe_":"VEGETACAO_2025"},"geometry":{"type":"Polygon","coordinates":[[[-43.99810757,-20.212976280000003],[-43.99810757,-20.212885249999992],[-43.99806205,-20.212885250000003],[-43.99806205,-20.212976279999992],[-43.99810757,-20.212976280000003]]]}},{"type":"Feature","id":"ide_210604_mg_analise_car_veg_2025_metrop_pol.119569","properties":{"fid":119569,"classe_":"VEGETACAO_2025"},"geometry":{"type":"Polygon","coordinates":[[[-44.00511699,-20.205784799999993],[-44.00511699,-20.205739279999996],[-44.005025960000005,-20.205739279999996],[-44.005025960000005,-20.205784799999993],[-44.00511699,-20.205784799999993]]]}},{"type":"Feature","id":"ide_210604_mg_analise_car_veg_2025_metrop_pol.119537","properties":{"fid":119537,"classe_":"VEGETACAO_2025"},"geometry":{"type":"Polygon","coordinates":[[[-43.9987903,-20.213294889999997],[-43.99897237,-20.213294889999997],[-43.99897237,-20.213158349999997],[-43.99910891,-20.213158349999997],[-43.99910891,-20.213067319999993],[-43.99929098,-20.213067319999997],[-43.99929098,-20.213021799999996],[-43.99919994,-20.213021799999996],[-43.99919994,-20.212976279999996],[-43.99910891,-20.21297628],[-43.99910891,-20.212930769999993],[-43.99901788,-20.212930770000007],[-43.99901788,-20.212885250000006],[-43.99892685,-20.21288525],[-43.99892685,-20.212839739999996],[-43.99888133,-20.212839740000003],[-43.99888133,-20.212794220000003],[-43.99874479000001,-20.212794219999996],[-43.99874479000001,-20.21288525],[-43.9987903,-20.21288525],[-43.9987903,-20.213294889999997]]]}},{"type":"Feature","id":"ide_210604_mg_analise_car_veg_2025_metrop_pol.119548","properties":{"fid":119548,"classe_":"VEGETACAO_2025"},"geometry":{"type":"Polygon","coordinates":[[[-44.00147573,-20.20801507],[-44.00147573,-20.207969549999994],[-44.00143021,-20.20796955],[-44.00143021,-20.20801507],[-44.00147573,-20.20801507]]]}},{"type":"Feature","id":"ide_210604_mg_analise_car_veg_2025_metrop_pol.119573","properties":{"fid":119573,"classe_":"VEGETACAO_2025"},"geometry":{"type":"MultiPolygon","coordinates":[[[[-44.01449323,-20.220031219999996],[-44.01458426,-20.22003122],[-44.01458426,-20.219985709999996],[-44.01453874,-20.219985710000003],[-44.01453874,-20.21930297],[-44.01458426,-20.219302969999998],[-44.01458426,-20.219029879999997],[-44.01462978,-20.219029880000004],[-44.01462978,-20.21889333],[-44.01467529,-20.21889333],[-44.01467529,-20.218802299999993],[-44.01472081,-20.2188023],[-44.01472081,-20.218711269999993],[-44.01476632,-20.218711269999993],[-44.01476632,-20.2185292],[-44.01481184,-20.218529200000003],[-44.01481184,-20.218392659999992],[-44.01485735000001,-20.218392660000003],[-44.01485735000001,-20.218210590000005],[-44.01490287,-20.218210589999995],[-44.01490287,-20.21802852999999],[-44.01494839,-20.21802853],[-44.01494839,-20.2179375],[-44.01490287,-20.217937499999994],[-44.01490287,-20.21784646999999],[-44.01485735000001,-20.217846469999998],[-44.01485735000001,-20.21775544000001],[-44.01481184,-20.21775544],[-44.01481184,-20.217709919999997],[-44.01476632,-20.217709919999994],[-44.01476632,-20.217618889999994],[-44.01472081,-20.217618890000004],[-44.01472081,-20.217573370000004],[-44.01462978,-20.217573370000004],[-44.01462978,-20.217527860000004],[-44.01458426,-20.217527860000004],[-44.01458426,-20.21748234],[-44.01453874,-20.217482340000007],[-44.01453874,-20.217436830000008],[-44.01449323,-20.217436829999997],[-44.01449323,-20.220031219999996]]],[[[-44.01449323,-20.215616200000007],[-44.01449323,-20.21684512],[-44.01458426,-20.216845119999995],[-44.01458426,-20.21689064],[-44.01467529,-20.216890639999992],[-44.01467529,-20.21693614999999],[-44.01476632,-20.21693615],[-44.01476632,-20.21698167],[-44.01481184,-20.216981669999992],[-44.01481184,-20.217027179999995],[-44.01490287,-20.217027179999995],[-44.01490287,-20.217072699999992],[-44.0149939,-20.2170727],[-44.0149939,-20.21711821999999],[-44.01503942,-20.217118219999996],[-44.01503942,-20.21716373],[-44.01508493,-20.21716373],[-44.01508493,-20.217209249999996],[-44.01513045,-20.21720925],[-44.01513045,-20.217254760000007],[-44.01517597,-20.21725476],[-44.01517597,-20.217300279999993],[-44.01522148,-20.217300280000003],[-44.01522148,-20.217345789999992],[-44.015267,-20.21734579],[-44.015267,-20.21739131],[-44.01531251,-20.217391309999996],[-44.01531251,-20.21748234],[-44.01535803,-20.21748234],[-44.01535803,-20.217573370000007],[-44.01540354,-20.21757337],[-44.01540354,-20.2176644],[-44.01544906,-20.217664399999997],[-44.01544906,-20.217755440000005],[-44.01549458,-20.217755439999994],[-44.01549458,-20.21821059000001],[-44.01544906,-20.218210589999998],[-44.01544906,-20.218392659999996],[-44.01540354,-20.218392659999992],[-44.01540354,-20.218574719999996],[-44.01535803,-20.218574720000003],[-44.01535803,-20.218711269999996],[-44.01531251,-20.218711269999996],[-44.01531251,-20.218847809999993],[-44.015267,-20.21884781],[-44.015267,-20.218984359999993],[-44.01522148,-20.218984360000004],[-44.01522148,-20.21907539],[-44.01517597,-20.21907539],[-44.01517597,-20.219211939999997],[-44.01513045,-20.219211940000005],[-44.01513045,-20.219940190000003],[-44.01517597,-20.219940190000003],[-44.01517597,-20.22003122],[-44.01620148016721,-20.220031220948783],[-44.01628070788315,-20.219934601422732],[-44.01646141829981,-20.21984951737977],[-44.01685354080217,-20.219617773709317],[-44.01722012563568,-20.2193513736237],[-44.017557747193415,-20.21905280662088],[-44.017863250581875,-20.218724862785983],[-44.018133781103,-20.21837060671335],[-44.018232622595775,-20.21821059000576],[-44.01818,-20.218210589999998],[-44.01818,-20.218119559999995],[-44.01827103,-20.218119560000005],[-44.01827103,-20.21775544],[-44.01836207,-20.217755439999994],[-44.01836207,-20.217664399999993],[-44.01818,-20.217664400000004],[-44.01818,-20.21748234],[-44.01827103,-20.21748234],[-44.01827103,-20.217391309999996],[-44.01836207,-20.217391310000004],[-44.01836207,-20.21730028],[-44.01827103,-20.217300279999996],[-44.01827103,-20.217209249999996],[-44.0184531,-20.21720925],[-44.0184531,-20.217118219999996],[-44.01745175,-20.21711822],[-44.01745175,-20.21702717999999],[-44.01736072,-20.21702718],[-44.01736072,-20.216981670000003],[-44.0173152,-20.216981669999992],[-44.0173152,-20.217027180000002],[-44.01722417,-20.217027179999995],[-44.01722417,-20.2170727],[-44.01686005,-20.217072699999992],[-44.01686005,-20.21702717999999],[-44.01676902,-20.217027179999995],[-44.01676902,-20.216981669999996],[-44.0167235,-20.216981670000003],[-44.0167235,-20.21693615],[-44.01667798,-20.21693615],[-44.01667798,-20.21689064],[-44.01663247,-20.216890639999992],[-44.01663247,-20.216845120000006],[-44.01658695,-20.21684512],[-44.01658695,-20.216708570000005],[-44.01654144,-20.216708569999998],[-44.01654144,-20.216572029999995],[-44.01658695,-20.216572029999995],[-44.01658695,-20.216435480000005],[-44.01663247,-20.21643548000001],[-44.01663247,-20.21634445],[-44.01667798,-20.216344449999998],[-44.01667798,-20.216298930000004],[-44.01645041,-20.216298930000004],[-44.01645041,-20.216253419999997],[-44.01604076,-20.216253420000008],[-44.01604076,-20.2162079],[-44.01599525,-20.216207899999993],[-44.01599525,-20.21611687],[-44.01594973,-20.216116869999997],[-44.01594973,-20.215934810000004],[-44.0161318,-20.21593481],[-44.0161318,-20.215616200000003],[-44.01449323,-20.215616200000007]]]]}},{"type":"Feature","id":"ide_210604_mg_analise_car_veg_2025_metrop_pol.119574","properties":{"fid":119574,"classe_":"VEGETACAO_2025"},"geometry":{"type":"Polygon","coordinates":[[[-44.00006474,-20.21588929],[-44.00006474,-20.21584378],[-44.00001923,-20.215843779999997],[-44.00001923,-20.215889289999996],[-44.00006474,-20.21588929]]]}},{"type":"Feature","id":"ide_210604_mg_analise_car_veg_2025_metrop_pol.119584","properties":{"fid":119584,"classe_":"VEGETACAO_2025"},"geometry":{"type":"Polygon","coordinates":[[[-44.00529905,-20.209107450000005],[-44.00529905,-20.209152960000004],[-44.0054356,-20.209152959999994],[-44.0054356,-20.209198479999994],[-44.00579972,-20.209198479999994],[-44.00579972,-20.20915296],[-44.00625488,-20.209152959999997],[-44.00625488,-20.209243989999994],[-44.00639143,-20.20924399],[-44.00639143,-20.209335030000005],[-44.00648246,-20.20933503],[-44.00648246,-20.209426060000002],[-44.00652798,-20.20942606],[-44.00652798,-20.209471569999998],[-44.00661901,-20.209471570000005],[-44.00661901,-20.209517090000002],[-44.00666452,-20.20951708999999],[-44.00666452,-20.20965364],[-44.00684659,-20.209653639999992],[-44.00684659,-20.20960812],[-44.00698313,-20.209608120000002],[-44.00698313,-20.209835699999996],[-44.00702865,-20.209835699999996],[-44.00702865,-20.209881210000002],[-44.00707417,-20.20988121],[-44.00707417,-20.210245340000004],[-44.00711968,-20.210245340000004],[-44.00711968,-20.210336370000004],[-44.0071652,-20.210336370000004],[-44.0071652,-20.210381889999997],[-44.00721071,-20.21038189],[-44.00721071,-20.210427400000004],[-44.00725623,-20.2104274],[-44.00725623,-20.210472919999994],[-44.00730174,-20.210472919999997],[-44.00730174,-20.210518439999998],[-44.00748381,-20.21051844],[-44.00748381,-20.210609469999998],[-44.00757484,-20.210609469999994],[-44.00757484,-20.210654979999994],[-44.00771139,-20.21065498],[-44.00771139,-20.210746009999994],[-44.00793896,-20.21074600999999],[-44.00793896,-20.211110140000002],[-44.00784793,-20.21111014],[-44.00784793,-20.211201169999995],[-44.00780242,-20.211201169999995],[-44.00780242,-20.21124669],[-44.00762035,-20.21124669],[-44.00762035,-20.21147427],[-44.00757484,-20.21147427],[-44.00757484,-20.21161081],[-44.00748381,-20.211610810000003],[-44.00748381,-20.21165633],[-44.00743829,-20.211656329999997],[-44.00743829,-20.211701840000003],[-44.00734726,-20.211701839999996],[-44.00734726,-20.211747360000004],[-44.0068921,-20.21174736],[-44.0068921,-20.21179288],[-44.00675556000001,-20.211792879999997],[-44.00675556000001,-20.211747359999997],[-44.00652798,-20.21174736],[-44.00652798,-20.21179288],[-44.00657349,-20.21179288],[-44.00657349,-20.211838389999997],[-44.00698313,-20.21183839],[-44.00698313,-20.211883910000005],[-44.00711968,-20.21188391],[-44.00711968,-20.211929419999997],[-44.00730174,-20.211929419999993],[-44.00730174,-20.211974939999998],[-44.00743829,-20.211974939999998],[-44.00743829,-20.21202045],[-44.00762035,-20.212020449999997],[-44.00762035,-20.21206597],[-44.00771139,-20.21206597],[-44.00771139,-20.21211149],[-44.0077569,-20.21211149],[-44.0077569,-20.212157],[-44.00784793,-20.212156999999998],[-44.00784793,-20.212202519999998],[-44.00789345,-20.212202519999995],[-44.00789345,-20.21224802999999],[-44.00793896,-20.21224803],[-44.00793896,-20.212293550000002],[-44.00803,-20.21229355],[-44.00803,-20.21233906000001],[-44.00807551,-20.212339059999994],[-44.00807551,-20.212156999999994],[-44.00812103,-20.212156999999998],[-44.00812103,-20.21211149],[-44.00816654,-20.212111489999998],[-44.00816654,-20.21206597],[-44.00821206,-20.21206597],[-44.00821206,-20.211838390000004],[-44.008303090000005,-20.21183839],[-44.008303090000005,-20.211383230000003],[-44.00839412,-20.211383229999996],[-44.00839412,-20.2112922],[-44.00848515,-20.2112922],[-44.00848515,-20.21120117],[-44.00857618,-20.211201169999995],[-44.00857618,-20.21111014],[-44.00866722,-20.21111013999999],[-44.00866722,-20.211019109999995],[-44.00871273,-20.211019110000006],[-44.00871273,-20.210973589999995],[-44.00866722,-20.210973589999995],[-44.00866722,-20.210928080000002],[-44.00871273,-20.21092808],[-44.00871273,-20.210199830000004],[-44.00880376,-20.210199830000004],[-44.00880376,-20.210108790000003],[-44.00898583,-20.21010879],[-44.00898583,-20.209926729999992],[-44.00907686,-20.209926729999992],[-44.00907686,-20.20974467],[-44.00898583,-20.209744669999996],[-44.00898583,-20.2095626],[-44.00889479,-20.209562600000005],[-44.00889479,-20.20947157],[-44.00898583,-20.20947157],[-44.00898583,-20.209243990000004],[-44.00907686,-20.209243989999997],[-44.00907686,-20.208970899999994],[-44.00916789000001,-20.208970899999994],[-44.00916789000001,-20.20887987],[-44.00930444,-20.20887987],[-44.00930444,-20.208834350000004],[-44.00934995,-20.208834349999997],[-44.00934995,-20.20856126],[-44.0094865,-20.208561260000003],[-44.0094865,-20.208424709999996],[-44.00934995,-20.208424709999996],[-44.00934995,-20.208333679999996],[-44.00475286,-20.208333679999992],[-44.00475286,-20.208379200000007],[-44.00479838,-20.208379199999996],[-44.00479838,-20.20847023],[-44.00493493,-20.208470229999993],[-44.00493493,-20.20856126],[-44.00498044,-20.20856126],[-44.00498044,-20.208606770000006],[-44.005025960000005,-20.208606769999996],[-44.005025960000005,-20.208788839999986],[-44.00507147,-20.208788840000004],[-44.00507147,-20.208834349999997],[-44.00511699,-20.208834349999997],[-44.00511699,-20.208879870000008],[-44.0051625,-20.208879870000004],[-44.0051625,-20.208970899999997],[-44.00520802,-20.208970899999986],[-44.00520802,-20.20906192999999],[-44.00525354,-20.20906193],[-44.00525354,-20.20910744999999],[-44.00529905,-20.209107450000005]]]}},{"type":"Feature","id":"ide_210604_mg_analise_car_veg_2025_metrop_pol.119589","properties":{"fid":119589,"classe_":"VEGETACAO_2025"},"geometry":{"type":"Polygon","coordinates":[[[-44.00393358,-20.21015431],[-44.00388806,-20.21015431],[-44.00388806,-20.210017759999992],[-44.00384255,-20.210017759999996],[-44.00384255,-20.209972249999996],[-44.00379703,-20.20997225],[-44.00379703,-20.209926729999996],[-44.00375152,-20.209926730000003],[-44.00375152,-20.209881209999995],[-44.003706,-20.209881210000006],[-44.003706,-20.209835699999996],[-44.00366049,-20.209835699999996],[-44.00366049,-20.209790180000002],[-44.00361497,-20.209790179999995],[-44.00361497,-20.20969914999999],[-44.00352394,-20.20969914999999],[-44.00352394,-20.209608120000002],[-44.00343291,-20.209608119999995],[-44.00343291,-20.209562599999995],[-44.00338739,-20.2095626],[-44.00338739,-20.20938054],[-44.00329636,-20.20938054],[-44.00329636,-20.209335030000002],[-44.00325084,-20.20933503],[-44.00325084,-20.20947157],[-44.00329636,-20.209471569999998],[-44.00329636,-20.209653639999996],[-44.00334188,-20.20965364],[-44.00334188,-20.2098357],[-44.00338739,-20.20983569999999],[-44.00338739,-20.209881209999995],[-44.00343291,-20.209881209999992],[-44.00343291,-20.209926729999996],[-44.00347842,-20.209926729999996],[-44.00347842,-20.209972249999996],[-44.00352394,-20.20997225],[-44.00352394,-20.210017759999996],[-44.00356945000001,-20.210017759999996],[-44.00356945000001,-20.21006328],[-44.00361497,-20.210063280000004],[-44.00361497,-20.21010879],[-44.00366049,-20.210108789999996],[-44.00366049,-20.21015431],[-44.00375152,-20.21015431],[-44.00375152,-20.210199830000004],[-44.00379703,-20.210199830000004],[-44.00379703,-20.21024534],[-44.00384255,-20.21024534],[-44.00384255,-20.210290860000004],[-44.00388806,-20.210290859999994],[-44.00388806,-20.210336370000004],[-44.00393358,-20.210336370000007],[-44.00393358,-20.21015431]]]}},{"type":"Feature","id":"ide_210604_mg_analise_car_veg_2025_metrop_pol.119613","properties":{"fid":119613,"classe_":"VEGETACAO_2025"},"geometry":{"type":"Polygon","coordinates":[[[-43.99842618,-20.211201170000002],[-43.99842618,-20.21115566],[-43.99833514,-20.21115566],[-43.99833514,-20.211201169999995],[-43.99842618,-20.211201170000002]]]}},{"type":"Feature","id":"ide_210604_mg_analise_car_veg_2025_metrop_pol.198504","properties":{"fid":198504,"classe_":null},"geometry":{"type":"Polygon","coordinates":[[[-43.99838066,-20.214660369999997],[-43.99833514,-20.214660369999997],[-43.99833514,-20.214705879999997],[-43.99815308,-20.214705879999993],[-43.99815308,-20.214751400000004],[-43.99797102,-20.214751399999994],[-43.99797102,-20.21479691],[-43.99783447,-20.214796909999993],[-43.99783447,-20.21470588],[-43.99778896000001,-20.21470587999999],[-43.99778896000001,-20.21484243],[-43.99774344,-20.21484243],[-43.99774344,-20.214887949999994],[-43.99751586,-20.21488795],[-43.99751586,-20.214933459999997],[-43.99737931,-20.214933459999997],[-43.99737931,-20.21497898],[-43.997364027505284,-20.2149789800033],[-43.99736216755958,-20.215458180859727],[-43.99739490370126,-20.21629893000133],[-43.99742483,-20.216298930000004],[-43.99742483,-20.216253419999997],[-43.99747035,-20.216253419999994],[-43.99747035,-20.216162390000008],[-43.99751586,-20.216162389999997],[-43.99751586,-20.21602584],[-43.99756138,-20.216025839999993],[-43.99756138,-20.21547965],[-43.99760689,-20.215479649999992],[-43.99760689,-20.21543413],[-43.99783447,-20.21543412999999],[-43.99783447,-20.215388619999995],[-43.99801653,-20.21538862],[-43.99801653,-20.2153431],[-43.99806205,-20.21534309999999],[-43.99806205,-20.21529758999999],[-43.99815308,-20.21529759],[-43.99815308,-20.215252070000002],[-43.9981986,-20.21525206999999],[-43.9981986,-20.215206559999988],[-43.99824411,-20.215206560000002],[-43.99824411,-20.21511552],[-43.99828963,-20.21511552],[-43.99828963,-20.215070010000005],[-43.99833514,-20.21507001],[-43.99833514,-20.214887949999998],[-43.99838066,-20.214887949999998],[-43.99838066,-20.214751400000004],[-43.99842618,-20.214751399999994],[-43.99842618,-20.214614849999993],[-43.99838066,-20.21461485],[-43.99838066,-20.214660369999997]]]}},{"type":"Feature","id":"ide_210604_mg_analise_car_veg_2025_metrop_pol.203886","properties":{"fid":203886,"classe_":null},"geometry":{"type":"Polygon","coordinates":[[[-43.99737931,-20.214705879999997],[-43.997364027505284,-20.2149789800033],[-43.99737931,-20.21497898],[-43.99737931,-20.214933459999997],[-43.99751586,-20.214933459999997],[-43.99751586,-20.21488795],[-43.99774344,-20.214887949999994],[-43.99774344,-20.21484243],[-43.99778896000001,-20.21484243],[-43.99778896000001,-20.21470587999999],[-43.99774344,-20.21470588],[-43.99774344,-20.214569339999994],[-43.99769792,-20.214569339999994],[-43.99769792,-20.214523820000004],[-43.99765241,-20.214523819999993],[-43.99765241,-20.214296240000003],[-43.99769792,-20.21429624],[-43.99769792,-20.21420521],[-43.99774344,-20.214205210000006],[-43.99774344,-20.214159690000002],[-43.99783447,-20.214159689999995],[-43.99783447,-20.21388659999999],[-43.99806205,-20.213886599999995],[-43.99806205,-20.213841080000005],[-43.99810757,-20.213841079999998],[-43.99810757,-20.21379557],[-43.99815308,-20.213795570000002],[-43.99815308,-20.21375005],[-43.9981986,-20.213750050000005],[-43.9981986,-20.21365902000001],[-43.99797102,-20.21365902],[-43.99797102,-20.213704540000002],[-43.99756138,-20.213704539999995],[-43.99756138,-20.213841080000005],[-43.99769792,-20.213841079999998],[-43.99769792,-20.21397762999999],[-43.99747035,-20.213977630000006],[-43.99747035,-20.21393211],[-43.99742483,-20.21393211],[-43.99742483,-20.213886600000002],[-43.99734855913875,-20.213886600013094],[-43.99736941311031,-20.214705880000995],[-43.99737931,-20.214705879999997]]]}},{"type":"Feature","id":"ide_210604_mg_analise_car_veg_2025_metrop_pol.205239","properties":{"fid":205239,"classe_":null},"geometry":{"type":"MultiPolygon","coordinates":[[[[-43.99815308,-20.213613500000005],[-43.99810757,-20.213613500000005],[-43.99810757,-20.21365902],[-43.9981986,-20.21365902000001],[-43.9981986,-20.213567990000005],[-43.99815308,-20.213567990000005],[-43.99815308,-20.213613500000005]]],[[[-43.99737931,-20.213203859999997],[-43.99737931,-20.213249379999997],[-43.99751586,-20.213249379999993],[-43.99751586,-20.213294890000004],[-43.99756138,-20.213294889999997],[-43.99756138,-20.213340410000008],[-43.99760689,-20.213340409999997],[-43.99760689,-20.213203859999993],[-43.99765241,-20.213203859999997],[-43.99765241,-20.21315835],[-43.99756138,-20.213158350000008],[-43.99756138,-20.21311283],[-43.99760689,-20.213112830000004],[-43.99760689,-20.212885249999992],[-43.99756138,-20.212885249999992],[-43.99756138,-20.212748710000003],[-43.99760689,-20.21274871],[-43.99760689,-20.212703189999992],[-43.99765241,-20.21270319],[-43.99765241,-20.212612160000003],[-43.99751586,-20.212612160000003],[-43.99751586,-20.21252113],[-43.99747035,-20.21252113],[-43.99747035,-20.212430099999995],[-43.997357136094344,-20.212430100110215],[-43.997329849239414,-20.2132038600379],[-43.99737931,-20.213203859999997]]]]}},{"type":"Feature","id":"ide_210604_mg_analise_car_veg_2025_metrop_pol.206414","properties":{"fid":206414,"classe_":null},"geometry":{"type":"Polygon","coordinates":[[[-43.99751586,-20.212156999999998],[-43.99751586,-20.212111490000005],[-43.99747035,-20.21211149],[-43.99747035,-20.212065970000005],[-43.99742483,-20.21206597],[-43.99742483,-20.211974939999994],[-43.9974067126565,-20.21197494000376],[-43.99738688251478,-20.212157000002787],[-43.99751586,-20.212156999999998]]]}}]}