{"type":"FeatureCollection","features":[{"type":"Feature","id":"area_inundavel.36","geometry":{"type":"Polygon","coordinates":[[[-46.47397282830777,-23.47927214825571],[-46.47456019898788,-23.479266592872936],[-46.474557187051964,-23.478995696208585],[-46.47454815151454,-23.478183006156915],[-46.47660393069293,-23.478163545903936],[-46.47660996273009,-23.47870533877971],[-46.47661599494782,-23.479247131616283],[-46.47749704968212,-23.479238782784172],[-46.47749403175269,-23.478967886478358],[-46.47748497823527,-23.47815519750227],[-46.4786597076592,-23.478144058559906],[-46.478662727850526,-23.478414954751436],[-46.47866574808696,-23.478685850933196],[-46.478671788695465,-23.479227643267368],[-46.48014021144473,-23.479213706430997],[-46.480433895858866,-23.47921091740497],[-46.48043691982703,-23.479481813341767],[-46.48044296789916,-23.480023605185917],[-46.47956190912682,-23.480031970928724],[-46.479583066217906,-23.481928242829817],[-46.47870199445079,-23.481936604350725],[-46.47871105705908,-23.482749292484904],[-46.48047321097618,-23.482732563819305],[-46.480494383823775,-23.484628834280134],[-46.486955693216906,-23.48456731996782],[-46.488130474381244,-23.48455610678939],[-46.48842416955864,-23.484553302112214],[-46.48842112854326,-23.484282407334987],[-46.48841200577052,-23.48346972294479],[-46.48929308383545,-23.483461306028985],[-46.48928699861773,-23.48291951660348],[-46.48928395607713,-23.48264862187606],[-46.49104610018674,-23.482631773764854],[-46.491339790712125,-23.48262896381098],[-46.49133674402096,-23.482358069327173],[-46.49133065077553,-23.481816280330122],[-46.49338647058782,-23.481796595930156],[-46.493395623112676,-23.482609278649758],[-46.49515776338939,-23.482592384088324],[-46.495160817918986,-23.482863278090807],[-46.49516692711541,-23.483405066066332],[-46.49575431043874,-23.483399429904125],[-46.49722276794647,-23.483385329821044],[-46.49720441572933,-23.481759967303095],[-46.4980854788947,-23.481751501272022],[-46.49807629800953,-23.480938820208287],[-46.49807323780611,-23.480667926500743],[-46.49895429336653,-23.480659455929903],[-46.49924797846166,-23.480656631300544],[-46.49924491590652,-23.48038573772882],[-46.49921735497338,-23.477947695142372],[-46.50097942862145,-23.477930737940717],[-46.50098556014391,-23.47847252481348],[-46.50099169184993,-23.479014311647074],[-46.50216641628646,-23.479002995205338],[-46.50218482689027,-23.4806283545956],[-46.503065880523636,-23.48061986080211],[-46.503108870206006,-23.484412363141008],[-46.50487102658385,-23.484395357556718],[-46.50516471915241,-23.484392521357062],[-46.505173944988925,-23.485205199412526],[-46.50605502781416,-23.48519668716645],[-46.506061182199154,-23.4857384722683],[-46.506076568967615,-23.487092934851297],[-46.506957663968834,-23.4870844168595],[-46.50696690197896,-23.487897093962317],[-46.5081417018638,-23.487885728457208],[-46.50813245665862,-23.48707305179383],[-46.5098946443094,-23.487055987603],[-46.50991315672072,-23.488681339521897],[-46.50903205231003,-23.488689874766234],[-46.509044387645304,-23.48977344295598],[-46.50992549925171,-23.489764907271628],[-46.509934756634856,-23.49057758298108],[-46.51110957865966,-23.490566193884188],[-46.51111884365493,-23.491378869064967],[-46.51199996508553,-23.491370321103577],[-46.51201232625637,-23.492453887433392],[-46.51289345446771,-23.49244533405238],[-46.51290273122926,-23.49325800836611],[-46.51466499719788,-23.49324088600516],[-46.517014682561395,-23.49321802520933],[-46.517023984930624,-23.494030697889112],[-46.51996110545198,-23.494002070996526],[-46.51996731925949,-23.49454385199623],[-46.51997353325306,-23.49508563295664],[-46.52056096159824,-23.495079900643653],[-46.52291067311773,-23.495056949260327],[-46.52291378618265,-23.495327839356182],[-46.52292001245204,-23.495869619518594],[-46.5235074434653,-23.49586387591796],[-46.52644459573417,-23.49583512471687],[-46.52673831070444,-23.495832246553586],[-46.5267351897484,-23.495561356958888],[-46.52672894797652,-23.495019577739946],[-46.527316374177886,-23.495013819976155],[-46.527610087208494,-23.495010940264365],[-46.527606964593076,-23.494740050751446],[-46.52759759702746,-23.49392738215384],[-46.527891307612094,-23.49392450203722],[-46.52877243908575,-23.493915858367927],[-46.52875681541553,-23.49256141125132],[-46.52875369082174,-23.49229052179854],[-46.52992851773779,-23.49227899005228],[-46.530222224349814,-23.49227610573273],[-46.53051593091504,-23.492273220859975],[-46.530519059107185,-23.492544110089817],[-46.530531572343904,-23.493627666910882],[-46.53053470077011,-23.49389855609159],[-46.52965357013847,-23.493907209719257],[-46.52968483898072,-23.496616102101648],[-46.52939112267834,-23.496618985909254],[-46.527628823881784,-23.49663627713553],[-46.52764131593191,-23.497719834853356],[-46.52881619158152,-23.497708308988425],[-46.528825568308804,-23.4985209767282],[-46.52970672995436,-23.498512326185036],[-46.52971611250208,-23.49932499350211],[-46.530597279125914,-23.49931633764411],[-46.53265333294242,-23.499296121273833],[-46.53265646655153,-23.499567009987935],[-46.532665867660164,-23.50037967607121],[-46.534721935978546,-23.500359431541952],[-46.53470938446145,-23.499275877787806],[-46.53382821980623,-23.49928455688782],[-46.533534498160634,-23.49928744881441],[-46.533525092215044,-23.49847478294843],[-46.53411253185979,-23.498468998765517],[-46.53469997131663,-23.498463212369128],[-46.53469055859433,-23.49765054686197],[-46.53615914741635,-23.497636071746708],[-46.53645286503971,-23.497633175063726],[-46.53645600616632,-23.497904063352074],[-46.53646228856043,-23.49844583989942],[-46.53704972726578,-23.49844004464934],[-46.53763716578307,-23.498434247185802],[-46.53764345316463,-23.498976023395105],[-46.53765288458984,-23.49978868763537],[-46.53765917244178,-23.500330463746447],[-46.53824661917032,-23.500324663546493],[-46.538540342463904,-23.500321762616394],[-46.53854977999469,-23.501134426373],[-46.538843505041235,-23.501131524777346],[-46.54098598883152,-23.50122124731968],[-46.540132048166456,-23.501490541977315],[-46.5400247026793,-23.501661688275316],[-46.53933669645844,-23.501818334684653],[-46.54003100079048,-23.502203463650694],[-46.540034149916686,-23.502474351323617],[-46.54032787772797,-23.502471446773896],[-46.54062160549213,-23.502468541670535],[-46.54062475586559,-23.5027394292589],[-46.54091848418259,-23.502736523564725],[-46.54092163520327,-23.50300741110575],[-46.541215364073196,-23.503004504820662],[-46.54121851574109,-23.50327539231443],[-46.541512245164064,-23.50327248543851],[-46.54151539747911,-23.50354337288493],[-46.541809127454904,-23.50354046541807],[-46.54181228041732,-23.503811352817316],[-46.54210601094604,-23.503808444759397],[-46.54210916455564,-23.504079332111363],[-46.54269662667177,-23.504073514260195],[-46.5429130512181,-23.505176474385348],[-46.54388733709727,-23.50541630740371],[-46.544606125098305,-23.506382197507275],[-46.545074911870294,-23.506488203066127],[-46.54536864788093,-23.50648528854451],[-46.54537180856442,-23.50675617538559],[-46.54566554512797,-23.506753260272866],[-46.545959281644215,-23.506750344606566],[-46.545962443575405,-23.507021231362803],[-46.546843654640824,-23.50701248092984],[-46.54713739156802,-23.507009563011742],[-46.547140555947266,-23.507280449607798],[-46.54772803085995,-23.50727461203558],[-46.54860924287385,-23.5072658515256],[-46.54883278702309,-23.507669608343004],[-46.548674959555925,-23.507975960599374],[-46.54940234900277,-23.508161727554892],[-46.549657970700494,-23.508946671044054],[-46.5501001226126,-23.50914744286763],[-46.55010646418135,-23.509689215140135],[-46.54940718977756,-23.510144815984752],[-46.54912297749058,-23.5112138532141],[-46.54850614273093,-23.512108342427872],[-46.54838835460077,-23.513499157785876],[-46.54839152251793,-23.513770043995628],[-46.54780401897968,-23.513775885587258],[-46.54692276331719,-23.513784643821744],[-46.54692592827957,-23.514055530209664],[-46.546632175696914,-23.514058448551193],[-46.54663534010628,-23.514329334966792],[-46.54634158687585,-23.514332252792208],[-46.546062285594736,-23.514494809244084],[-46.54669751497582,-23.516213203348354],[-46.546463733715576,-23.516932538522358],[-46.54696074599069,-23.517035279827173],[-46.54725450513119,-23.517032360518332],[-46.54755268246971,-23.517407381786033],[-46.54784202327024,-23.5170265202393],[-46.54813578226865,-23.517023599269013],[-46.548123111011854,-23.515940054692756],[-46.548113608066835,-23.515127396157304],[-46.54811044051321,-23.514856509959237],[-46.548404194660336,-23.514853588736027],[-46.54839785849432,-23.514311816385472],[-46.54898536424468,-23.51430597242831],[-46.549279117048805,-23.51430304961902],[-46.54927594723554,-23.5140321635419],[-46.54937820483104,-23.51251629570398],[-46.549838085095544,-23.511859227968674],[-46.55013183235377,-23.511856303836996],[-46.55012866116621,-23.51158541778432],[-46.550122318933404,-23.51104364564942],[-46.55041606434324,-23.511040721077116],[-46.55070980970563,-23.51103779595113],[-46.55070663745972,-23.510766909944323],[-46.55100038217433,-23.51076398430233],[-46.5509940366243,-23.51022221233442],[-46.55275649671141,-23.51020464730805],[-46.55275332040581,-23.509933761535567],[-46.55304706298708,-23.50993083213112],[-46.55304388612872,-23.509659946386545],[-46.55362819193688,-23.50938320031324],[-46.55421885357753,-23.509648223383298],[-46.554225212144075,-23.510189994560655],[-46.55451895508805,-23.51018706235028],[-46.55515176839418,-23.512147555486592],[-46.555425639013286,-23.512345345504457],[-46.5554320033339,-23.51288711618295],[-46.55513825452947,-23.512890050432144],[-46.55517325509184,-23.515869788875932],[-46.55487949963496,-23.515872722986973],[-46.55488268118942,-23.51614360827886],[-46.55450804001747,-23.516282808081918],[-46.554885862791366,-23.51641449356084],[-46.554895407882825,-23.517227149347807],[-46.5546918587343,-23.51738081244306],[-46.55434019349813,-23.520240527572092],[-46.554778596196066,-23.521171593244112],[-46.556434276196406,-23.523171941217537],[-46.55643746203931,-23.523442826054726],[-46.556143689956016,-23.5234457634396],[-46.55555614564645,-23.523451636547517],[-46.55526237342019,-23.523454572270456],[-46.55482339045717,-23.52313757504412],[-46.55437151232351,-23.521737715566253],[-46.552889944455956,-23.521581840870216],[-46.552596176006475,-23.52158477134309],[-46.55259935375493,-23.52185565673035],[-46.55192976132156,-23.521987276226675],[-46.55241591513194,-23.52285014346335],[-46.55261206522356,-23.522939198180893],[-46.55262159932405,-23.52375185416548],[-46.55291537257919,-23.523748923390784],[-46.5529185513085,-23.524019808661592],[-46.55321232511677,-23.524016877295146],[-46.553690506503244,-23.525543386980765],[-46.55355698423778,-23.52834810716168],[-46.553560164977064,-23.528618992189745],[-46.55326638100225,-23.528621924751754],[-46.55326956118817,-23.52889280980772],[-46.55327274142155,-23.529163694853864],[-46.552685170925685,-23.529169558466563],[-46.552534207083255,-23.528824084703526],[-46.5523913856063,-23.529172489441674],[-46.55209760023949,-23.52917541986264],[-46.55180381482516,-23.52917834972943],[-46.55180699210159,-23.52944923495436],[-46.551010047789106,-23.52964631261087],[-46.55035075887439,-23.53054741771954],[-46.549616999383225,-23.53072884485811],[-46.54948525662491,-23.53191062353487],[-46.54909066258972,-23.53173464647626],[-46.54860070983592,-23.53164851208929],[-46.54830691844345,-23.531651435644932],[-46.54831008893517,-23.531922321233274],[-46.548016296894275,-23.531925244272223],[-46.54764160380392,-23.53206443001265],[-46.54801946683236,-23.532196129888348],[-46.548313259474384,-23.53219320681169],[-46.54884475935778,-23.532791825536673],[-46.551478094320096,-23.53469101175297],[-46.553181339341734,-23.535275213858593],[-46.55393349786941,-23.53538818063212],[-46.55408447384424,-23.535733652166382],[-46.554227296774485,-23.53538524601782],[-46.55412330214406,-23.534935462818204],[-46.55372459983348,-23.53421558959264],[-46.55362060805989,-23.53376580585258],[-46.55450199395536,-23.533757002689274],[-46.55449562711056,-23.53321523322383],[-46.555226837399424,-23.53199888871999],[-46.55535471389233,-23.531310232653382],[-46.55535152907152,-23.531039347950337],[-46.555726210054395,-23.530900144202864],[-46.55534834429833,-23.530768463237564],[-46.555143474198765,-23.529691606679012],[-46.55621377733709,-23.52940522820007],[-46.55650756263867,-23.529402289983185],[-46.556504375747544,-23.529131405362463],[-46.556798160400525,-23.529128466629334],[-46.55679497295612,-23.528857582036597],[-46.55738254091727,-23.52885170298355],[-46.5579701086877,-23.528845821713904],[-46.5579669188873,-23.5285749372627],[-46.557963729134585,-23.528304052801662],[-46.55796053942957,-23.528033168330797],[-46.55815455738677,-23.527940214905],[-46.558635103757766,-23.527033759259112],[-46.558829119766045,-23.526940805083616],[-46.55883231108287,-23.52721168948021],[-46.55971365113555,-23.527202859114514],[-46.559710458016255,-23.526931974831477],[-46.56000423733739,-23.526929030305975],[-46.56000104366499,-23.52665814605109],[-46.56061945079885,-23.52643678725739],[-46.56195957683866,-23.526549177611354],[-46.56159538995258,-23.52597740003719],[-46.5612092522758,-23.525180298591895],[-46.56060649519667,-23.525864394971236],[-46.56012940284994,-23.52623795111015],[-46.55999785004035,-23.52638726178629],[-46.559704071920805,-23.526390206235995],[-46.559700878944746,-23.526119321923463],[-46.5594071013782,-23.52612226578129],[-46.55940390905071,-23.525851381421017],[-46.55940071677095,-23.52558049705093],[-46.56017908851209,-23.525210768934937],[-46.56036903252893,-23.52457813773633],[-46.56134460159325,-23.52438633233054],[-46.561441168612106,-23.524205458270934],[-46.56173494163871,-23.5242025108003],[-46.56320380605459,-23.52418776513729],[-46.56408512413002,-23.524178911091358],[-46.56408832578324,-23.52444979490357],[-46.56467587212896,-23.524443889360214],[-46.56496964522997,-23.524440935757543],[-46.56497284873328,-23.524711819445795],[-46.56556039599313,-23.524705910502323],[-46.56598103932871,-23.525458801080767],[-46.56644812968151,-23.525238809898678],[-46.5666339577111,-23.526184747633316],[-46.56851739469811,-23.52630163172618],[-46.568811171381206,-23.52629867065463],[-46.568814383030436,-23.52656955377903],[-46.569695714593834,-23.526560667125494],[-46.569698928093594,-23.526831550125753],[-46.57058026102692,-23.5268226583712],[-46.57116781607544,-23.52681672776443],[-46.57117103262745,-23.52708761056407],[-46.5723461445506,-23.527075742549005],[-46.57263992241108,-23.527072774160075],[-46.572774978694966,-23.527219400693674],[-46.57336788598682,-23.52766346657878],[-46.57300798772493,-23.530612181380985],[-46.5725259772018,-23.53098966049272],[-46.57199980525828,-23.531586942211348],[-46.57077612280082,-23.532090994777374],[-46.57021924127844,-23.53239259816602],[-46.56816605824531,-23.532695760980655],[-46.56852826093056,-23.535364653718677],[-46.56937000987258,-23.5351103178463],[-46.56949513103052,-23.53441923401111],[-46.56994527337322,-23.534289321619756],[-46.571581826163616,-23.533194398077537],[-46.572573317281474,-23.532908207332667],[-46.57343236552906,-23.53245482165473],[-46.576075394411525,-23.53262371879459],[-46.57636402067177,-23.532307847609932],[-46.57726104449376,-23.531777101405567],[-46.57811382732263,-23.53120645283427],[-46.579546638144905,-23.530891005684083],[-46.57985713459294,-23.529563276663712],[-46.58058808603408,-23.52834682594392],[-46.58088186554736,-23.52834384184909],[-46.581469424428825,-23.52833787199699],[-46.58176320379698,-23.528334886239737],[-46.581766442269014,-23.52860576760131],[-46.58235400206162,-23.528599794347677],[-46.582708749615705,-23.529229025428254],[-46.58372960489716,-23.529036618989917],[-46.58382614342212,-23.528855732599443],[-46.584707483823216,-23.528846760136354],[-46.585195138165595,-23.529482832986943],[-46.5860707060313,-23.530027181527604],[-46.586640353969386,-23.530770190374195],[-46.58707397016741,-23.530177212333008],[-46.5873677528202,-23.530174215778064],[-46.58824910048674,-23.530165222788423],[-46.58824584850406,-23.52989434233318],[-46.588833412170175,-23.529888344313214],[-46.589127193930324,-23.52988534447206],[-46.58942097564183,-23.52988234407677],[-46.5894242300282,-23.53015322437751],[-46.590011794506964,-23.53014722184715],[-46.590450424679666,-23.53110347009274],[-46.592048883211255,-23.532300347161133],[-46.59156127925658,-23.533105938315625],[-46.59240903073362,-23.53402594902668],[-46.59298875695011,-23.533367733220018],[-46.593756879443504,-23.533256588264685],[-46.59405361351873,-23.53242354668087],[-46.5951874718566,-23.53215827645955],[-46.596030860553185,-23.532691453670402],[-46.59696437876125,-23.532974118596957],[-46.59711160906052,-23.53413820682379],[-46.59712796351058,-23.535492602407214],[-46.59713123454729,-23.535763481494232],[-46.59742502816364,-23.5357604652837],[-46.597428299850364,-23.536031344322073],[-46.59889727020391,-23.536016254761094],[-46.60080497913816,-23.535850268308582],[-46.60110940995297,-23.535869689658536],[-46.601412810672265,-23.535223414931618],[-46.60136795930249,-23.53477173875595],[-46.601392259830625,-23.534447366136625],[-46.602305578198724,-23.534505592023987],[-46.602827803795364,-23.53393388358269],[-46.60314202808548,-23.533678584193034],[-46.60311428806977,-23.533399194178433],[-46.60313524970099,-23.53311930236869],[-46.602974269196395,-23.53299426843186],[-46.60296770411036,-23.53245251160567],[-46.602673918637144,-23.53245553788],[-46.60265094658836,-23.53055938840463],[-46.6026378207828,-23.529475874201665],[-46.60263453945405,-23.52920499562619],[-46.602340761142855,-23.529208020879178],[-46.60190730253236,-23.52824686183548],[-46.60157287127504,-23.52801424767782],[-46.60144303202406,-23.52786269950998],[-46.60193079095717,-23.527766669762993],[-46.60231451708573,-23.5270409916092],[-46.60231123679931,-23.52677011290601],[-46.60260500970316,-23.526767088003417],[-46.60319255536348,-23.526761036536207],[-46.60318927332373,-23.526490157939975],[-46.603483045479585,-23.526487131414296],[-46.603941408791535,-23.526602883415006],[-46.60421619118657,-23.527713662123514],[-46.60487456561863,-23.52818877494081],[-46.605599522270985,-23.529004615833625],[-46.606150010036764,-23.528356014988542],[-46.60797941807529,-23.52972538101],[-46.60851009536336,-23.529144374205856],[-46.60880387264237,-23.529141337316872],[-46.608800578744614,-23.52887045955084],[-46.61029948632875,-23.528681833411202],[-46.61084712009731,-23.528036553551114],[-46.61114089457868,-23.528033512385978],[-46.611137596071494,-23.527762634893435],[-46.61267872127902,-23.527940596147676],[-46.61315244105591,-23.53049730722597],[-46.61425607037619,-23.530963627780697],[-46.61367993443419,-23.532244460756562],[-46.61295167201818,-23.53288084208909],[-46.61253292005386,-23.533307026305387],[-46.612141333037115,-23.53364919419493],[-46.613629639676056,-23.536885924021433],[-46.612571143514344,-23.53735998134294],[-46.61223316149859,-23.53803993557732],[-46.610087323044596,-23.539282086904553],[-46.60965309942493,-23.53902598700378],[-46.60882905475166,-23.53822422397028],[-46.607645090587404,-23.53819324063062],[-46.606438333970786,-23.53924751944934],[-46.60642745587394,-23.53960102075087],[-46.607469772952314,-23.53989347496466],[-46.607921130882474,-23.54065904960471],[-46.6083428152309,-23.544607940106232],[-46.610292919242944,-23.545740524146623],[-46.61063465239021,-23.546320112544272],[-46.61094051085974,-23.54822363998458],[-46.61125199872342,-23.548751917179754],[-46.611571069874536,-23.54964597041781],[-46.61215658782818,-23.550638918368904],[-46.61244926207014,-23.551458934140012],[-46.61305789788185,-23.55225503605395],[-46.613436716646554,-23.553316394542207],[-46.61422571708148,-23.55251343109904],[-46.614965818844325,-23.552532764606944],[-46.615846909800716,-23.552491400970883],[-46.61672878788729,-23.552514444752035],[-46.617609877523215,-23.55247307115937],[-46.61819779621102,-23.55248844960686],[-46.61919550977247,-23.55244158730808],[-46.619254264825614,-23.55350401320386],[-46.61888337275032,-23.55425016616167],[-46.61801398865005,-23.5546859187524],[-46.61549622862749,-23.555449661297192],[-46.61499562106391,-23.5558870552647],[-46.6140509849424,-23.556848358082362],[-46.612638031771255,-23.557174176983132],[-46.612228297452724,-23.55799843356647],[-46.610501498297396,-23.559506968166552],[-46.6110891190869,-23.560413086489433],[-46.611243226995704,-23.560541785666327],[-46.61124983479777,-23.56108353832981],[-46.61078521407626,-23.560909278495718],[-46.61053880823663,-23.56183753096647],[-46.60997288161352,-23.562611579635742],[-46.608894359748746,-23.56319396702149],[-46.60863489073866,-23.563548816498145],[-46.60700659475467,-23.563688580652393],[-46.60651990131596,-23.564755660242994],[-46.60596047487184,-23.56519389997232],[-46.60501990204465,-23.567256017126812],[-46.60412398047127,-23.568323843273188],[-46.603864190946425,-23.56889341362183],[-46.60342269180949,-23.569239220514472],[-46.603877047025854,-23.569951857621835],[-46.60401876425987,-23.570640205915307],[-46.60372489405823,-23.57064323879287],[-46.60372818410312,-23.570914115779686],[-46.60313715350752,-23.570649302882302],[-46.60276199263052,-23.57025689234582],[-46.60124248413315,-23.570576438077673],[-46.60053140047683,-23.571154025950694],[-46.599793320694054,-23.57272568192009],[-46.59948388142605,-23.573250516927093],[-46.59822455783215,-23.576415397556506],[-46.597763240345714,-23.576790065542788],[-46.597458473775774,-23.578093718920844],[-46.59653623265802,-23.58049070351804],[-46.59725468372168,-23.581402836003324],[-46.59717349045668,-23.58248526510119],[-46.597850953806294,-23.582227560163883],[-46.59798519788079,-23.582080637374062],[-46.5982790943661,-23.58207761396908],[-46.598275813755436,-23.58180673664806],[-46.59865563432509,-23.582051780963194],[-46.59900790628306,-23.58358247988132],[-46.599474378973596,-23.583690777580316],[-46.599477662338025,-23.583961654676777],[-46.599183761830076,-23.583964680575807],[-46.598889861273285,-23.58396770591929],[-46.598896425738225,-23.584509460237992],[-46.598899708044314,-23.5847803373825],[-46.59860580563027,-23.584783362287],[-46.59860908738265,-23.585054239460494],[-46.59861236918394,-23.585325116624023],[-46.598318465515504,-23.58532814105074],[-46.598321746763055,-23.585599018243347],[-46.598325028059705,-23.58586989542598],[-46.598031123136764,-23.585872919374797],[-46.59773721816482,-23.58587594276801],[-46.59774049830494,-23.586146820018456],[-46.597446592681145,-23.586149842894887],[-46.597449872267454,-23.5864207201743],[-46.59715596599211,-23.58642374253394],[-46.59715924502461,-23.586694619842305],[-46.59686533809741,-23.58669764168514],[-46.59686861657608,-23.586968519022456],[-46.59657470899712,-23.586971540348564],[-46.596577986922036,-23.587242417714812],[-46.59628407869132,-23.58724543852399],[-46.59599017041165,-23.58724845877762],[-46.59599344717989,-23.587519336211514],[-46.59540562926825,-23.587525375129395],[-46.59511172023909,-23.587528393754848],[-46.595114995247776,-23.587799271295225],[-46.59482108556679,-23.587802289403793],[-46.59364544635426,-23.587814356281626],[-46.59364217435972,-23.58754347854739],[-46.593348265037164,-23.587546493838907],[-46.59276044624561,-23.587552522755168],[-46.592270264262616,-23.587466539256177],[-46.591875449363265,-23.58729068398569],[-46.590993722178865,-23.58729971807583],[-46.590699813019796,-23.587302728327842],[-46.590405903812055,-23.58730573802429],[-46.59040916912687,-23.58757661619408],[-46.58982134935936,-23.58758263399732],[-46.58952743940253,-23.587585642065445],[-46.5895307029576,-23.587856520341305],[-46.5892367923492,-23.587859527892398],[-46.58924005535015,-23.58813040619694],[-46.588946144090194,-23.58813341323109],[-46.58894940653702,-23.58840429156438],[-46.58849553005416,-23.588621774503583],[-46.58837136668097,-23.58922293921525],[-46.587783538997215,-23.589228949702527],[-46.58779005950626,-23.589770706589185],[-46.58741525403397,-23.589909993761808],[-46.58779331983386,-23.59004158501762],[-46.58794445383743,-23.590387013228803],[-46.58808723550884,-23.59003857993608],[-46.588083974578325,-23.589767701546165],[-46.5883778896016,-23.589764695947416],[-46.58837462811698,-23.58949381758622],[-46.588668542488655,-23.589490811470455],[-46.58866528044984,-23.589219933138015],[-46.58895919417,-23.589216926505067],[-46.58895593157692,-23.588946048201464],[-46.58895266903256,-23.588675169887896],[-46.58924658149835,-23.588672162776508],[-46.58924331839984,-23.5884012844917],[-46.58973130947785,-23.58830528114858],[-46.59051226706235,-23.587937481445344],[-46.59188198606975,-23.587832439928633],[-46.591885254496205,-23.588103317885203],[-46.59276698666674,-23.58809427844604],[-46.59277025695056,-23.58836515627672],[-46.593651990490024,-23.588356111720323],[-46.59365853482124,-23.588897867119623],[-46.5948341836793,-23.588885799621856],[-46.59483090907786,-23.588614922082186],[-46.595124820567186,-23.588611903857224],[-46.595263243360336,-23.589029382471022],[-46.59705688800726,-23.589256793092527],[-46.597443448272685,-23.590053777417328],[-46.59778314458395,-23.589668223375465],[-46.59815793684041,-23.589528911797917],[-46.597779863807006,-23.58939734625344],[-46.597776583079046,-23.58912646912155],[-46.59815137384021,-23.58898715763362],[-46.597773302400086,-23.588855591979772],[-46.5977700217702,-23.588584714828134],[-46.597182199623255,-23.588590760724312],[-46.59630046603582,-23.588599825401047],[-46.596290633482276,-23.58778719330451],[-46.596802849339674,-23.587713009958996],[-46.5972414060901,-23.587304515277538],[-46.59797192414278,-23.587159164898218],[-46.598044246402154,-23.586956428162118],[-46.59849809980371,-23.586738918426228],[-46.59862221488207,-23.586137748055567],[-46.598916120309774,-23.586134722956675],[-46.59891283775858,-23.58586384586162],[-46.5992067425345,-23.585860820246076],[-46.59920345942966,-23.58558994317993],[-46.59939424366146,-23.585226058889546],[-46.599480945751395,-23.584232531763284],[-46.59977484681293,-23.584229505269818],[-46.599771562796846,-23.5839586282221],[-46.59976827882982,-23.583687751164604],[-46.59975185973022,-23.582333365728765],[-46.59974200885902,-23.581520734348608],[-46.59973872533336,-23.581249857202167],[-46.599735441856744,-23.58097898004578],[-46.599715742026866,-23.579353716900215],[-46.600009632192155,-23.579350690551152],[-46.60000634845636,-23.57907981336446],[-46.600293669440454,-23.57853503217373],[-46.60058755770024,-23.578532004830485],[-46.60058427290645,-23.57826112769207],[-46.600865019420254,-23.577174591335183],[-46.60115890456944,-23.57717156307579],[-46.601155618816115,-23.57690068596565],[-46.60132003533719,-23.57678096406328],[-46.60231471643282,-23.57553418260996],[-46.602608597721954,-23.575531151807365],[-46.60290247896187,-23.57552812044945],[-46.60289918988863,-23.57525724351371],[-46.60348695101644,-23.575251179209907],[-46.60436859233943,-23.575242078589316],[-46.604365300303314,-23.5749712018385],[-46.604659180043605,-23.574968167226686],[-46.605540818969374,-23.57495906005945],[-46.60553752457286,-23.57468818345479],[-46.60612528240598,-23.574682109311485],[-46.60725419304859,-23.574846898629676],[-46.607977863023414,-23.576425851200675],[-46.608499415745285,-23.576553923817],[-46.60850271651058,-23.576824799961784],[-46.608796599778444,-23.57682175730209],[-46.609090482996905,-23.57681871408704],[-46.60908718102672,-23.576547838020378],[-46.60977621175573,-23.576131127762203],[-46.60918737433491,-23.57535743416142],[-46.609057465514134,-23.574109952976038],[-46.6095112558593,-23.573892414105426],[-46.609635311858106,-23.573291237370743],[-46.609929187097585,-23.57328819299826],[-46.60992588396164,-23.573017316920488],[-46.60991267191085,-23.5719338125106],[-46.610206544089536,-23.571930767778507],[-46.610203240597905,-23.57165989169041],[-46.610196633762776,-23.571118139484593],[-46.61049050408539,-23.571115094314692],[-46.61048389624305,-23.57057334214766],[-46.6107777653118,-23.570570296500932],[-46.61076785211188,-23.569757668293683],[-46.61135558648801,-23.569751575569477],[-46.6113522809823,-23.569480699558902],[-46.61147303887219,-23.569321636936742],[-46.611831384697865,-23.56756457710077],[-46.61161308913203,-23.566768892145795],[-46.61278853059935,-23.56675669953888],[-46.61278522262636,-23.5664858236155],[-46.61337294185936,-23.566479724060002],[-46.61336632365335,-23.565937972340425],[-46.613660181991506,-23.565934921808424],[-46.61365687236053,-23.56566404597304],[-46.61365356277909,-23.565393170127788],[-46.61404833576451,-23.565568972503755],[-46.61557641758787,-23.56573511463293],[-46.61570724758597,-23.565100925831466],[-46.61600110372211,-23.56509787097693],[-46.61599447517382,-23.56455611986479],[-46.61628833005645,-23.564553064533772],[-46.61628501525459,-23.564282189002164],[-46.61618078299647,-23.56383246159296],[-46.61598121867141,-23.563472617522002],[-46.616275071145964,-23.563469562348093],[-46.616271756542204,-23.5631986867769],[-46.61655897810232,-23.562653879993906],[-46.617146679191976,-23.562647767106757],[-46.617143362930875,-23.562376891623902],[-46.617731062618404,-23.562370776595543],[-46.61772774520294,-23.56209990118134],[-46.61802159437045,-23.56209684287412],[-46.6180182764026,-23.561825967489348],[-46.61831212491859,-23.5618229086664],[-46.61830880639848,-23.56155203331109],[-46.618602654262844,-23.561548973972517],[-46.61859933519038,-23.561278098646664],[-46.619071057472574,-23.56116746134647],[-46.61959020705725,-23.560831683719776],[-46.62107686973684,-23.56033382856732],[-46.62179800230835,-23.561346748727935],[-46.62322204820355,-23.560961766018302],[-46.62462461048624,-23.56151135457283],[-46.624766784571456,-23.560942850667494],[-46.625060630139,-23.560939779199426],[-46.62505729792409,-23.560668904720927],[-46.6265785438988,-23.560551900051088],[-46.62748453100328,-23.558838157380162],[-46.62862155251168,-23.558614139642167],[-46.62884721983398,-23.55819105952723],[-46.62902776653674,-23.558085890371558],[-46.629531861367056,-23.557312128149615],[-46.62921138962216,-23.556400341918845],[-46.63039857230522,-23.556013446198683],[-46.63058016563018,-23.555734713370615],[-46.630815497899135,-23.555621824647986],[-46.63047255153295,-23.555014123446664],[-46.629097524460526,-23.554395312841777],[-46.62859194291738,-23.553499386321278],[-46.62819945954942,-23.553321479464653],[-46.62790903771086,-23.552942958809968],[-46.62713096440112,-23.553175647934573],[-46.62731652109389,-23.55390012144717],[-46.62649685237134,-23.554898284208043],[-46.62687564859955,-23.555391958384188],[-46.62746792136873,-23.555759847651778],[-46.62723662749066,-23.55647181796687],[-46.626886238418706,-23.556980397230745],[-46.627065770722254,-23.5576813216164],[-46.62597048767831,-23.558355271353392],[-46.625030641996496,-23.558501908536517],[-46.624540554658424,-23.55841602180738],[-46.624145791433044,-23.55824024552395],[-46.624235631674374,-23.557517587163932],[-46.62481492085222,-23.556829465391985],[-46.624576737138945,-23.555757013788956],[-46.62397455031363,-23.555326152160212],[-46.623670464396994,-23.555466998452907],[-46.623227665754314,-23.55526982858499],[-46.62382236107032,-23.554028718116808],[-46.624075873735194,-23.55255187483449],[-46.624957354624044,-23.552542665766616],[-46.62495402395226,-23.552271790981578],[-46.62495069333026,-23.552000916186667],[-46.62465686762031,-23.552003986351604],[-46.62465020772882,-23.551462236653176],[-46.62494403223557,-23.551459166567028],[-46.625143599959365,-23.551818999317106],[-46.62537971894165,-23.553123524514408],[-46.6255483402258,-23.552807398310794],[-46.62584216759126,-23.552804326363187],[-46.62583883506482,-23.552533451706516],[-46.62608045634654,-23.5523574399322],[-46.6268523347016,-23.550560973703185],[-46.62698079503442,-23.549812412997774],[-46.62727461553347,-23.549809338711665],[-46.62727128054727,-23.549538464143897],[-46.62756510039505,-23.549535389342697],[-46.62756176485717,-23.549264514804516],[-46.62755842936914,-23.548993640256548],[-46.627903322463844,-23.54876872591375],[-46.62813272024365,-23.54790399117398],[-46.62842653633288,-23.547900914946418],[-46.62841986229649,-23.547359165978936],[-46.62871367713293,-23.547356089275944],[-46.62870700209325,-23.546814340348106],[-46.628703664648135,-23.546543465869327],[-46.62907829997044,-23.54640408747025],[-46.628700327253,-23.546272591380685],[-46.62869698990775,-23.546001716882156],[-46.628990801687166,-23.5459986398225],[-46.62898412594351,-23.545456890874977],[-46.628980788146514,-23.545186016386307],[-46.62927459807197,-23.54518293889089],[-46.62927125972349,-23.544912064432026],[-46.62936106741846,-23.544189403973817],[-46.62955171369732,-23.543825488645606],[-46.6300377485879,-23.544189159344267],[-46.630626937021006,-23.544828212045253],[-46.63204319197914,-23.544680085653134],[-46.6316954576728,-23.541854167491984],[-46.63069353186509,-23.541104428145328],[-46.63068685070262,-23.540562679317187],[-46.63039305124852,-23.540565758911498],[-46.63024638825073,-23.54010064516285],[-46.628032648683025,-23.539777751323495],[-46.62773885058366,-23.53978082580985],[-46.6271379219648,-23.538703473325945],[-46.627131256128486,-23.5381617233699],[-46.626837461486566,-23.538164795955964],[-46.62683412924429,-23.537893920923644],[-46.6265403351537,-23.53789699291586],[-46.626533672020734,-23.53735524274238],[-46.62653034052901,-23.537084367640922],[-46.626824132816324,-23.53708129576719],[-46.62779862782461,-23.53661791060787],[-46.62740445801365,-23.536094633087888],[-46.626517015060024,-23.53600086713593],[-46.62651368381731,-23.535729991984937],[-46.62621989448564,-23.535733063106697],[-46.62592610510418,-23.535736133674288],[-46.62563231567284,-23.53573920368753],[-46.62533852619182,-23.5357422731466],[-46.62533519740306,-23.535471397827713],[-46.6255092173782,-23.535324732840493],[-46.625305240543824,-23.53303351951339],[-46.62565009792217,-23.532808611818407],[-46.625879489762504,-23.531943879417106],[-46.62617327073009,-23.53194080940273],[-46.626169940835176,-23.531669934064],[-46.62616661099014,-23.531399058715483],[-46.62646039070608,-23.53139598822597],[-46.62645706030991,-23.531125112907006],[-46.62645039966694,-23.530583362239557],[-46.62862139897981,-23.53072782437255],[-46.62901932759339,-23.532617514872086],[-46.630000227052676,-23.532534521251204],[-46.63117018094408,-23.532608838019218],[-46.632777282174935,-23.53226792896025],[-46.636321421482826,-23.53197996154797],[-46.636723911920626,-23.531539138649254],[-46.63731044975644,-23.53106231625544],[-46.63686699455207,-23.53034876819144],[-46.63657755192544,-23.528933573608754],[-46.63761276501433,-23.528999306117043],[-46.638690318149855,-23.530126263592855],[-46.63851576378966,-23.532463468360643],[-46.64097095367235,-23.533051934419817],[-46.642472018040564,-23.532165894922063],[-46.643078337651296,-23.531908757597005],[-46.64331138848022,-23.528284448144483],[-46.644426933432435,-23.527377528188314],[-46.64386210025541,-23.526468682856336],[-46.64446222392531,-23.525980778806776],[-46.64473132766979,-23.524827499383193],[-46.64488758789436,-23.524700479973895],[-46.64523334980816,-23.525089398042233],[-46.647116809179025,-23.52608363006473],[-46.64800600603923,-23.52617607177359],[-46.648132463250136,-23.52574978492311],[-46.648426227190875,-23.52574667367555],[-46.648422852737205,-23.5254758011427],[-46.64871661602687,-23.525472689381225],[-46.648709866069424,-23.524930944365906],[-46.64917087789125,-23.525044086270864],[-46.64978485925561,-23.526383190890375],[-46.65134930549108,-23.526954315373388],[-46.65180780815485,-23.527489148812812],[-46.652660909831674,-23.527800570876064],[-46.653298459300046,-23.527706792260233],[-46.654313310161655,-23.527834073596107],[-46.65503880924431,-23.527419965036678],[-46.65595495161781,-23.527174167171058],[-46.65620709415972,-23.526865720931763],[-46.65670004010759,-23.526506429216198],[-46.657078212732074,-23.526043725446243],[-46.657406815840005,-23.52580417434527],[-46.65753288428442,-23.52564995023653],[-46.65782664660615,-23.52564682126227],[-46.65782325293046,-23.525375950014663],[-46.65799051043049,-23.52549219419761],[-46.658254238485036,-23.525799777022925],[-46.65856249904997,-23.525754427451695],[-46.65944529179166,-23.525865093137597],[-46.66060333280465,-23.525694667611123],[-46.66161584056779,-23.52687572587585],[-46.663599222928376,-23.52759959628469],[-46.664118816455755,-23.528205598295713],[-46.66478791894049,-23.52867051108808],[-46.664938281450155,-23.53044722302413],[-46.664564147872746,-23.531192515029606],[-46.665245692263845,-23.53152755961509],[-46.6655394664802,-23.53152441534817],[-46.66583324064566,-23.531521270527143],[-46.66612701476002,-23.531518125151916],[-46.666123603143554,-23.531247255252712],[-46.666417376606034,-23.531244109363953],[-46.6664139644397,-23.53097323949526],[-46.666410552324386,-23.53070236961677],[-46.66670432453422,-23.53069922325489],[-46.666697499254944,-23.530157483549022],[-46.66667702464171,-23.528532264193874],[-46.66697079199401,-23.528529117601895],[-46.66726455929538,-23.528525970455885],[-46.66726114583685,-23.52825510060969],[-46.66755491248641,-23.528251952950257],[-46.66848721192458,-23.528020657964777],[-46.668723145802545,-23.52769761745538],[-46.66901691099527,-23.527694467106944],[-46.66901349408546,-23.52742359747425],[-46.669601023116144,-23.52741729519646],[-46.67006716819374,-23.527301642505257],[-46.67059686024648,-23.52697544662372],[-46.671715199644325,-23.52657586180922],[-46.67205645360122,-23.52622985937732],[-46.670937550428235,-23.525857442790763],[-46.67133281584281,-23.524960550849144],[-46.67218195903099,-23.5254506812039],[-46.67469363384591,-23.52504244826526],[-46.675739191351845,-23.52491316876377],[-46.6775017383258,-23.524894181033062],[-46.677498304508475,-23.52462331248026],[-46.677792061557156,-23.524620145960586],[-46.67794333912721,-23.52496548048621],[-46.67808581855448,-23.52461697888699],[-46.67925740866049,-23.52433343673536],[-46.67955116480028,-23.524330266933006],[-46.67954772688129,-23.52405939864578],[-46.67984148236915,-23.52405622833042],[-46.680135237805594,-23.524053057461067],[-46.68013179873679,-23.52378218924566],[-46.6804255535212,-23.52377901786323],[-46.68071930825408,-23.52377584592701],[-46.6807158680356,-23.52350497778327],[-46.680712427868556,-23.52323410962963],[-46.6810061813489,-23.523230937221186],[-46.68100274063272,-23.522960069098488],[-46.68129649346103,-23.522956896177025],[-46.68129305219572,-23.52268602808517],[-46.6814959842317,-23.522588595721544],[-46.68186878303417,-23.521863322280062],[-46.68116085988101,-23.52155393292342],[-46.680892581061315,-23.52205753563201],[-46.68050475408325,-23.522243737972875],[-46.680408355945914,-23.522424676841307],[-46.679687891313186,-23.522633218579053],[-46.680121481839116,-23.52296958453978],[-46.68012835971951,-23.52351132102017],[-46.679834605484274,-23.52351449180789],[-46.67954085119762,-23.52351766204172],[-46.679072505625044,-23.52334218886453],[-46.6781969003534,-23.523913715214604],[-46.67807894867135,-23.524075241914566],[-46.67778519287518,-23.524078408906718],[-46.67778862719044,-23.524349277438557],[-46.67690735769227,-23.52435877521377],[-46.67691079025699,-23.524629643857963],[-46.67573576113827,-23.52464229996657],[-46.6747029898223,-23.524520675293214],[-46.6714738476851,-23.524263218861112],[-46.67205478547514,-23.523736430286085],[-46.67219697734837,-23.523596737877238],[-46.67421139185214,-23.52346529100124],[-46.67492836428193,-23.521908565464123],[-46.67452302865995,-23.521675387998705],[-46.67451960146389,-23.521404518919812],[-46.67422585105786,-23.52140767885845],[-46.67422242451359,-23.521136809728993],[-46.67392867465676,-23.521139969073122],[-46.673918397132894,-23.520327361503288],[-46.674799641145064,-23.520317882175608],[-46.67480306873663,-23.520588751253385],[-46.67509681723869,-23.520585590329254],[-46.67597806243722,-23.5205761042339],[-46.67627181073416,-23.52057294109454],[-46.676268380140186,-23.5203020722202],[-46.67731046578882,-23.519901932077325],[-46.67743650457512,-23.519747676835404],[-46.677730250814086,-23.519744511049268],[-46.67772338398069,-23.519202773638845],[-46.67801712896738,-23.51919960738053],[-46.6780136950272,-23.518928738701106],[-46.67830743936209,-23.51892557192979],[-46.67831087390262,-23.519196440568358],[-46.678898363619204,-23.519190105282874],[-46.679192108400336,-23.519186936809472],[-46.679188672058444,-23.51891606829326],[-46.67948241618783,-23.518912899306986],[-46.67947210566929,-23.518100293821288],[-46.6796750323996,-23.518002864103707],[-46.680045204973695,-23.517282666220087],[-46.67945835903077,-23.51701681970178],[-46.679441176889064,-23.51566247682948],[-46.67914743996428,-23.515665645326287],[-46.67885370298801,-23.515668813269425],[-46.67884683289231,-23.515127075888024],[-46.678843397921526,-23.514856207182447],[-46.67854966269495,-23.514859374449543],[-46.678542794108104,-23.51431763692715],[-46.67863575533024,-23.5138658304572],[-46.67882622383828,-23.513501863506153],[-46.67882278917572,-23.513230994741214],[-46.67911652074931,-23.51322782716517],[-46.67911995601213,-23.51349869588932],[-46.67912339132632,-23.513769564603578],[-46.67941712404907,-23.513766396392427],[-46.679420560014826,-23.514037265055993],[-46.67942743210071,-23.51457900235346],[-46.67943430439206,-23.51512073961134],[-46.68002177568623,-23.51511440111992],[-46.6811967176576,-23.515101717493426],[-46.6811932778844,-23.51483084911435],[-46.68116920091243,-23.512934770183712],[-46.68146293147458,-23.512931598219716],[-46.68145949151269,-23.512660729802334],[-46.68175322142306,-23.51265755732559],[-46.68174978091248,-23.51238668893908],[-46.68233723937846,-23.512380342406622],[-46.682333797718805,-23.51210947409194],[-46.682627526274416,-23.512106300036148],[-46.68380243998182,-23.51209359827749],[-46.68405335148402,-23.51295320481139],[-46.68499114142014,-23.513164359388714],[-46.6849945886879,-23.51343522729562],[-46.68558205082242,-23.51342886825703],[-46.68558894791347,-23.513970603877397],[-46.68559584521084,-23.514512339458182],[-46.68559929393699,-23.51478320723371],[-46.685305559894175,-23.514786387234544],[-46.6853090080715,-23.515057255041135],[-46.68492006744726,-23.515244025006144],[-46.68444158985431,-23.516150263463],[-46.683854115301536,-23.516156618891134],[-46.68385756073506,-23.51642748685278],[-46.68356382278117,-23.516430663777218],[-46.68356726766586,-23.516701531769865],[-46.682979790402605,-23.516707884039448],[-46.68298323413807,-23.51697875210399],[-46.682608745568906,-23.51711825291974],[-46.68298667792514,-23.517249620158637],[-46.6829935656536,-23.517791356238156],[-46.68300389763266,-23.518603960283166],[-46.68329764049273,-23.518600784138993],[-46.68330108518917,-23.518871652093278],[-46.68418231526148,-23.518862120215562],[-46.68447605851588,-23.518858941815473],[-46.684489847423954,-23.519942412879058],[-46.68449674218726,-23.520484148351407],[-46.68479048899288,-23.520480969152015],[-46.68479393705231,-23.520751836832364],[-46.68479738516341,-23.521022704502926],[-46.68509113311828,-23.521019524667853],[-46.6860624332875,-23.520557145485824],[-46.68635215971224,-23.52001325537398],[-46.68654606557313,-23.519920147427243],[-46.68683981081658,-23.5199169644334],[-46.686836358708575,-23.519646097009943],[-46.688892569763894,-23.519623800834072],[-46.689021673354745,-23.519812003491033],[-46.690011730725395,-23.520084629085307],[-46.69054519241398,-23.519773489974373],[-46.69065503436703,-23.51960466822956],[-46.691242522154255,-23.519598286264653],[-46.69123906109129,-23.519327419446796],[-46.69153280430687,-23.519324227674794],[-46.691525881135426,-23.518782494091635],[-46.69181962309827,-23.518779301848063],[-46.69181616098983,-23.51850843508269],[-46.6927816472768,-23.518638020723646],[-46.692390502718695,-23.520340749881424],[-46.692909767663814,-23.521045333930644],[-46.694304820251396,-23.519946538341753],[-46.69523700454017,-23.519715088855584],[-46.69593200513889,-23.518734552296333],[-46.69622574632427,-23.518731351746798],[-46.697421538965216,-23.51853059890504],[-46.69768055531767,-23.51763187686595],[-46.69797429378986,-23.517628673159052],[-46.69797081928073,-23.517357807218655],[-46.698264557100586,-23.517354602999315],[-46.699145770248485,-23.51734498701906],[-46.69914924715911,-23.517615852794407],[-46.699442985371405,-23.517612646318973],[-46.700030461640054,-23.51760623170708],[-46.70032419969631,-23.517603023570622],[-46.70032072038429,-23.517332157960453],[-46.70090819514013,-23.51732574010904],[-46.700904714679325,-23.517054874571592],[-46.701492188026236,-23.517048454588128],[-46.7017859246215,-23.517045243765825],[-46.70178244241189,-23.516774378342465],[-46.702069212890954,-23.516229436214157],[-46.70236294758122,-23.51622622440852],[-46.70235946432709,-23.515955359038138],[-46.70245234403866,-23.515503543057527],[-46.7026427471143,-23.51513955067361],[-46.70293647929913,-23.5151363379262],[-46.702932995052805,-23.51486547259883],[-46.702929510858674,-23.51459460726155],[-46.703223241790845,-23.51459139404325],[-46.70321975704855,-23.51432052873744],[-46.70351348732834,-23.514317315006895],[-46.70351000203791,-23.514046449732557],[-46.7038037316653,-23.514043235489776],[-46.703800245826756,-23.513772370247022],[-46.704093974801765,-23.513769155491943],[-46.70409048841521,-23.513498290280566],[-46.7040870020807,-23.51322742505929],[-46.70480239699823,-23.512780135870305],[-46.70522226591027,-23.512862113128122],[-46.705049386120564,-23.512188467813573],[-46.704316633359866,-23.512348394230745],[-46.70377933189036,-23.512147178581476],[-46.70377584641675,-23.5118763132692],[-46.70406957119037,-23.51187309880396],[-46.7040660851687,-23.511602233523153],[-46.70405911328189,-23.511060502931834],[-46.70464075005883,-23.51078111634922],[-46.704929819048076,-23.510238260998772],[-46.70522354001227,-23.51023504456794],[-46.705216563845894,-23.50969331420867],[-46.70580400321728,-23.509686879852218],[-46.70580749247455,-23.50995774495385],[-46.70581098178401,-23.510228610045687],[-46.70610470259166,-23.510225391954435],[-46.70625603317895,-23.510570696247562],[-46.706398423347004,-23.51022217330959],[-46.70757330584649,-23.510209293195327],[-46.70786702634079,-23.51020607178296],[-46.707863532830594,-23.50993520698136],[-46.70903841188464,-23.509922315963326],[-46.70904190779529,-23.51019318059891],[-46.70933562802824,-23.510189956419126],[-46.709349614594124,-23.511273414696117],[-46.70894437575403,-23.511518987217567],[-46.70925465050486,-23.512472901755583],[-46.70995455008984,-23.512621286551642],[-46.71105383907976,-23.51254029319308],[-46.71250405909825,-23.51117598650863],[-46.71257355351747,-23.510696182155502],[-46.71286727432249,-23.510692951250707],[-46.71286377050576,-23.510422087175243],[-46.712856763029436,-23.509880358994703],[-46.71315048198169,-23.509877127661216],[-46.71314697772208,-23.50960626359765],[-46.71343368645969,-23.509061303678575],[-46.713430181757246,-23.508790439626893],[-46.714017614599065,-23.508783974525542],[-46.714038650800966,-23.51040915818752],[-46.713882681732706,-23.512075741559517],[-46.71432909254496,-23.51296946429744],[-46.71507016564743,-23.512577932070208],[-46.71511940495153,-23.511913791340184],[-46.714774422496184,-23.51135928490316],[-46.71462959805142,-23.510673554198277],[-46.71567147635934,-23.510273167803827],[-46.71577991186558,-23.50876456593883],[-46.71636734386794,-23.508758091982422],[-46.716363833217414,-23.508487228337312],[-46.71724497902696,-23.508477513376846],[-46.717248491477555,-23.508748376896843],[-46.717542207242424,-23.508745137428136],[-46.71842335422153,-23.508735415701295],[-46.71842686912482,-23.50900627904437],[-46.71872058527951,-23.50900303732011],[-46.71930801743104,-23.508996552211276],[-46.71931153418713,-23.509267415419178],[-46.719605250784014,-23.509264171992854],[-46.71960173342786,-23.508993308826625],[-46.71988841361737,-23.508448338610073],[-46.71988489581899,-23.508177475455888],[-46.71988137807325,-23.507906612291865],[-46.719587664529136,-23.507909856062774],[-46.71929395093242,-23.50791309928036],[-46.7190002372831,-23.50791634194441],[-46.71899672139004,-23.507645478645088],[-46.71870300828816,-23.50764872071405],[-46.71811558192666,-23.507655203191693],[-46.71811206788615,-23.50738433975722],[-46.71781835522657,-23.50738758012418],[-46.716937216932536,-23.507397297904625],[-46.716592245306764,-23.507036844587983],[-46.714286786891556,-23.506884693379234],[-46.71428328080858,-23.506613829372984],[-46.71398956926652,-23.506617062420748],[-46.713690967737485,-23.506242384606736],[-46.713402146025,-23.506623526856043],[-46.7128147225738,-23.506629989077737],[-46.712521010769656,-23.506633219358473],[-46.712524513252724,-23.50690408361445],[-46.71223080079618,-23.506907313383376],[-46.71164337572594,-23.506913771261097],[-46.71164687646138,-23.50718463563183],[-46.71105944998166,-23.50719109137914],[-46.71087248704405,-23.50700270006605],[-46.70678765502486,-23.506823117469658],[-46.706073295284654,-23.50778760614398],[-46.7054858644185,-23.507794041027392],[-46.70528389204347,-23.50743645933649],[-46.70489145931649,-23.507258743076346],[-46.70471268647771,-23.506056763543874],[-46.703405467561666,-23.505920486891384],[-46.70330100211295,-23.505470828849163],[-46.70310130681736,-23.505111102440264],[-46.70309782389891,-23.50484023678744],[-46.70280411457035,-23.504843448516436],[-46.70251040518969,-23.504846659692063],[-46.70250692352313,-23.504575793946607],[-46.702213214690346,-23.504579004527514],[-46.701818526880515,-23.504403420945895],[-46.701328608664845,-23.504317767029537],[-46.701325129502166,-23.504046901098818],[-46.70103142166101,-23.50405010938372],[-46.700737713767715,-23.504053317115282],[-46.70073423585692,-23.503782451092118],[-46.698971991004726,-23.503801685613567],[-46.698090867876914,-23.503811295404333],[-46.69808739541718,-23.50354042899965],[-46.697499980938694,-23.503546832677713],[-46.69720627362161,-23.503550033686796],[-46.6969125662525,-23.503553234142434],[-46.69691603631246,-23.503824100711952],[-46.69662232829162,-23.50382730065557],[-46.69632862021878,-23.503830500045833],[-46.69633208913089,-23.504101366687973],[-46.69603838040633,-23.504104565565996],[-46.69574467162988,-23.50410776389076],[-46.69574813939401,-23.504378630605398],[-46.69545442996566,-23.504381828418],[-46.695450962801466,-23.504110961662256],[-46.69486354498923,-23.504117355545006],[-46.69486007907667,-23.503846488697015],[-46.694566370692705,-23.503849684767182],[-46.69455944022297,-23.50330795095908],[-46.694265732987006,-23.503311146393585],[-46.69425880392441,-23.502769412463483],[-46.69413245550014,-23.502030346046915],[-46.69377558105746,-23.501100528763853],[-46.693667928442736,-23.502504934445888],[-46.69337422285081,-23.50250812809706],[-46.69337768550479,-23.50277899520039],[-46.693384610967975,-23.503320729377354],[-46.693090903524656,-23.503323922598607],[-46.69309436573403,-23.50359478971337],[-46.693101290308164,-23.504136523913132],[-46.69154432339369,-23.50448711341331],[-46.68986386635554,-23.50336611384865],[-46.68935569876098,-23.50455070227489],[-46.688702552235625,-23.504726093073252],[-46.688564117763185,-23.504251889697628],[-46.68797931455364,-23.503490058187484],[-46.687804160697475,-23.503381305962026],[-46.68779725803025,-23.502839570224545],[-46.68779035556966,-23.50229783444749],[-46.687496649543306,-23.502301016991467],[-46.68749319899033,-23.5020301490471],[-46.68719949351234,-23.502033330996866],[-46.68719259376079,-23.501491594996303],[-46.68718914396252,-23.501220726981273],[-46.68689544023241,-23.501223908254698],[-46.6868919910856,-23.500953040188712],[-46.68659828790374,-23.50095622086796],[-46.68659483940827,-23.500685352751105],[-46.686301136774645,-23.500688532836104],[-46.68619673397049,-23.50023885943304],[-46.68521694279415,-23.50006744866234],[-46.68476085829896,-23.499259665560423],[-46.684041006811356,-23.49999127625149],[-46.68394807080416,-23.500443085103317],[-46.683654368306364,-23.500446260168022],[-46.68367502375305,-23.502071471236036],[-46.683968729849774,-23.50206829592592],[-46.68397217320435,-23.502339164361654],[-46.68426587984946,-23.50233598845732],[-46.684269323855446,-23.502606856842267],[-46.68427276791285,-23.502877725217402],[-46.684566475706234,-23.502874548677916],[-46.684569920415186,-23.503145417002163],[-46.684276212021885,-23.50314859358247],[-46.68428310039452,-23.503690330283113],[-46.68398939074985,-23.503693506391997],[-46.683992834413516,-23.503964374768387],[-46.68369912411749,-23.503967550364724],[-46.68311170337083,-23.50397389989758],[-46.68311514528616,-23.50424476838668],[-46.68194030077533,-23.504257460975495],[-46.68194374034241,-23.50452832961818],[-46.68047518054646,-23.504544183107708],[-46.68047174397918,-23.504273314260832],[-46.67900318589772,-23.504289153712048],[-46.678999752381635,-23.504018284651167],[-46.678706041211115,-23.504021450840536],[-46.678702608346235,-23.50375058172898],[-46.67840889772442,-23.5037537473243],[-46.67825764693981,-23.50340841103272],[-46.678115187051134,-23.503756912366153],[-46.67782147632663,-23.503760076854654],[-46.67635292193405,-23.50377589099692],[-46.67634949391995,-23.503505021549483],[-46.675468362468855,-23.503514503272513],[-46.67547178868312,-23.503785372842074],[-46.67517807749689,-23.503788532350367],[-46.67447613923524,-23.504227242992666],[-46.67354401750901,-23.504458564389406],[-46.67342607565541,-23.504620087283165],[-46.67313236231084,-23.504623243039894],[-46.67313578393047,-23.504894112895197],[-46.67244525076251,-23.50541635861027],[-46.672852333300526,-23.505709877767767],[-46.672855754524775,-23.50598074762407],[-46.673736903558385,-23.50597127974417],[-46.67374374976062,-23.506513019183327],[-46.67403746720275,-23.506509862035173],[-46.67404089098073,-23.50678073169922],[-46.67433460897169,-23.506777573956963],[-46.674338033400936,-23.507048443570536],[-46.67404431480992,-23.50705160135346],[-46.674051162621936,-23.507593340632102],[-46.67346372288599,-23.507599654700222],[-46.67346714566867,-23.507870524406037],[-46.67317342512381,-23.50787368065054],[-46.67318026964266,-23.508415420113703],[-46.67288654784652,-23.5084185758861],[-46.67288996958257,-23.508689445643544],[-46.67259624713513,-23.50869260090299],[-46.672599668322256,-23.508963470691082],[-46.67230594522352,-23.50896662543767],[-46.67142477562028,-23.508976086356622],[-46.67142135683354,-23.50870521640597],[-46.67112763413032,-23.508708368898006],[-46.67112421599484,-23.508437498896964],[-46.6708304938406,-23.508440650794903],[-46.670813406930414,-23.507086300438054],[-46.670519687725395,-23.507089451579578],[-46.670516271096695,-23.506818581437948],[-46.6705128545192,-23.50654771128635],[-46.67021913646318,-23.506550861793347],[-46.67021572053673,-23.50627999159128],[-46.669922003029654,-23.50628314150427],[-46.669918587754346,-23.50601227125175],[-46.66991175735708,-23.50547053071705],[-46.66932432578973,-23.505476828639356],[-46.6690306099294,-23.505479976770296],[-46.66902719660737,-23.50520910636655],[-46.66873348129598,-23.50521225390362],[-46.66862572037856,-23.50449169527735],[-46.668426117955924,-23.504131918848703],[-46.66842270608912,-23.50386104831429],[-46.668128993675545,-23.5038641945419],[-46.668125582459645,-23.503593323957073],[-46.667831870594995,-23.503596469590885],[-46.667538158679235,-23.50359961467123],[-46.66753474871435,-23.503328743995585],[-46.66724103734753,-23.503331888482062],[-46.66723421877057,-23.50279014701993],[-46.66723080955854,-23.502519276274043],[-46.6669370999405,-23.502522420085764],[-46.666346273190165,-23.50225783517183],[-46.66619505505172,-23.50191248520596],[-46.66605256401909,-23.502260977283036],[-46.666059377592795,-23.50280271910866],[-46.666062784456095,-23.503073590006604],[-46.66635649542694,-23.503070447773975],[-46.66635990294115,-23.50334131862148],[-46.66665361446096,-23.503338175795093],[-46.66694732592969,-23.503335032415258],[-46.66695073469478,-23.503605903172],[-46.66695414351085,-23.503876773918762],[-46.66724785612849,-23.503873629904565],[-46.66725467511358,-23.504415371287553],[-46.66725808468254,-23.504686241964258],[-46.66755179904909,-23.50468309727526],[-46.66755520926905,-23.5049539679015],[-46.667848924184675,-23.5049508226185],[-46.667723613064375,-23.50537350584931],[-46.66734122582198,-23.505989671215616],[-46.667589314275034,-23.507662673619794],[-46.66729559330816,-23.507665818754433],[-46.66729900348931,-23.507936689312277],[-46.667005281871326,-23.507939833933932],[-46.66700869150338,-23.50821070452248],[-46.66642124691433,-23.508216992186313],[-46.66583380212134,-23.508223277636176],[-46.66583720940395,-23.508494148376762],[-46.664956040031946,-23.5085035725218],[-46.66495944556526,-23.508774443373788],[-46.664665721739276,-23.508777583688964],[-46.66451449929254,-23.50843223254145],[-46.66437199786226,-23.508780723450542],[-46.66378454995567,-23.508787001313337],[-46.6637879531394,-23.509057872317253],[-46.66140374687578,-23.509358767212515],[-46.6612456980599,-23.510652539054536],[-46.66186627376086,-23.51196788046563],[-46.662948921962695,-23.51362219268137],[-46.66243776061368,-23.514225039973738],[-46.66056407678883,-23.514030396621948],[-46.65990531142023,-23.51439698917605],[-46.65827841560731,-23.514805707252403],[-46.65792336301288,-23.514176665135093],[-46.65514033524153,-23.514388293000057],[-46.65505406525582,-23.515381833960006],[-46.65476032529748,-23.515384956420736],[-46.65476371109233,-23.51565582843681],[-46.653882489112426,-23.51566519261766],[-46.65388925725198,-23.516206936861156],[-46.65359551529003,-23.516210057227713],[-46.65359889883533,-23.516480929374822],[-46.65330515622238,-23.516484049227916],[-46.65330177327746,-23.51621317704056],[-46.653197465324766,-23.515763476684942],[-46.65277379758249,-23.514999696395495],[-46.65298773820915,-23.514591062727458],[-46.65328147667024,-23.514587943709206],[-46.653278094079475,-23.514317071452698],[-46.65386556964912,-23.514310831835694],[-46.6542400853918,-23.5141713988751],[-46.6538621859083,-23.514039959649644],[-46.6536827318659,-23.513129501914726],[-46.6532510351743,-23.512150093044628],[-46.65324765303883,-23.511879220699214],[-46.65236645551222,-23.511888574888168],[-46.65236307522806,-23.511617702412337],[-46.65265680718726,-23.511614584943032],[-46.65265342635334,-23.511343712497464],[-46.6522477334468,-23.50995258517842],[-46.65145485299802,-23.50946007037272],[-46.65145147496917,-23.50918919768753],[-46.65086402139923,-23.509195426921714],[-46.65057029453849,-23.509198540708518],[-46.650566918360724,-23.508927667893115],[-46.649685739275995,-23.508937005812204],[-46.649689113653295,-23.509207878747862],[-46.649395386590605,-23.5092109903206],[-46.649398760418315,-23.509481863286453],[-46.64851757712709,-23.509491194803623],[-46.64850408932076,-23.50840770240016],[-46.6482103638566,-23.50841081163862],[-46.64755763291421,-23.50777593090907],[-46.644668834740344,-23.50709371099998],[-46.644081388453166,-23.50709991413275],[-46.644084751075724,-23.507370787897745],[-46.64271367569951,-23.507294248665055],[-46.642319048384834,-23.507118510247523],[-46.64182371160496,-23.506472799956313],[-46.63995584243062,-23.506059776679816],[-46.63995248846031,-23.505788902306936],[-46.63965876753841,-23.50579199509524],[-46.63965541421832,-23.505521120672658],[-46.639361693846205,-23.505524212867662],[-46.63906797342404,-23.50552730450923],[-46.638186811856514,-23.505536576113283],[-46.63776099808871,-23.50509115314488],[-46.636981043530064,-23.505945550285045],[-46.63479988197515,-23.505717691994796],[-46.633901272134274,-23.505144146276713],[-46.632308455449596,-23.50527900875231],[-46.62998511023435,-23.505131312294708],[-46.628925194372485,-23.505759110982588],[-46.62795980326449,-23.506816504810274],[-46.626922671237764,-23.506904281216823],[-46.62604162943355,-23.506462935023986],[-46.62567009274885,-23.507649436956022],[-46.62427153520767,-23.507767772130027],[-46.624535964584794,-23.507159514955827],[-46.62511726369803,-23.50668699464128],[-46.62338327283008,-23.50622519835185],[-46.623343721695974,-23.505827461752435],[-46.62338328386507,-23.50529865339107],[-46.62194567379556,-23.50520717932096],[-46.62160091917985,-23.50558477734682],[-46.621288393814496,-23.505838802897504],[-46.620832568314064,-23.50882335830117],[-46.61958859564799,-23.509182927414777],[-46.62081788410229,-23.509636460165275],[-46.62142513898104,-23.509345882944864],[-46.62214350534471,-23.508559150960078],[-46.622291710716226,-23.508997837767296],[-46.62192080899299,-23.509627505797095],[-46.622044644875906,-23.510872500022238],[-46.62151762267297,-23.511671079237964],[-46.621223886004685,-23.511674137985455],[-46.62122056944654,-23.511403261274985],[-46.620926833328916,-23.511406319429472],[-46.620772385957785,-23.510621632937],[-46.620510311552096,-23.511834466487972],[-46.620098787460606,-23.5131929583245],[-46.620379141305875,-23.51466295536974],[-46.619925567938246,-23.51488051538943],[-46.619801596919764,-23.515481699085175],[-46.619507851549386,-23.515484755061838],[-46.61951116524934,-23.515755631860426],[-46.619217419229,-23.515758687322705],[-46.6192207323781,-23.516029564150852],[-46.61892698570779,-23.51603261909873],[-46.61893361095389,-23.516574372804047],[-46.61816561358966,-23.516685635827102],[-46.617315434143585,-23.517335404915134],[-46.61689169401805,-23.516716978108548],[-46.61564313200198,-23.51637251744838],[-46.61525825034555,-23.517453626370216],[-46.614834353021244,-23.517700594523404],[-46.61465107950025,-23.51755827611197],[-46.6147316314644,-23.516482557575728],[-46.61464288955586,-23.515590150628725],[-46.6123430890733,-23.514672259048805],[-46.612127918873064,-23.512581318286138],[-46.61212462077516,-23.512310440387697],[-46.611537141822275,-23.51231652205366],[-46.610846635539836,-23.512160696836812],[-46.60988981677847,-23.51091289456458],[-46.60975165209077,-23.51043860600721],[-46.6098630933359,-23.509735370282673],[-46.61002892067019,-23.50908117769146],[-46.61128282584188,-23.509199563309696],[-46.611950460975095,-23.510070224318326],[-46.61209494011384,-23.509872538857913],[-46.61296059133513,-23.509308026039278],[-46.61266261597487,-23.508241188021973],[-46.61547338715919,-23.508330065329066],[-46.61630345102296,-23.50878013673974],[-46.618562305582884,-23.509605438873596],[-46.61884418685192,-23.509260694451793],[-46.61881769775658,-23.507093677262013],[-46.61848402256747,-23.50671816026983],[-46.61751400582809,-23.50725766074519],[-46.61647118724379,-23.50738896403298],[-46.615669877352445,-23.50720816730691],[-46.61486740964841,-23.506161696837896],[-46.6143985815407,-23.50605590440243],[-46.61405047834223,-23.50567814567901],[-46.613230279011006,-23.506609835556972],[-46.61293655236074,-23.506612878058363],[-46.61141691031441,-23.506989341439667],[-46.610924278727076,-23.50824626677613],[-46.60972860281515,-23.508542457767046],[-46.60972531025848,-23.508271579407534],[-46.609431579415755,-23.50827461550162],[-46.609428287508614,-23.508003737093244],[-46.6091345572168,-23.508006772594676],[-46.60913126595897,-23.507735894137173],[-46.60883753621809,-23.50773892904607],[-46.60883424560964,-23.50746805053972],[-46.60837149249035,-23.506947176976748],[-46.60676150681136,-23.50753703905483],[-46.606153626893445,-23.506852799891767],[-46.605603221815265,-23.507501397574345],[-46.60502635584228,-23.50728970787617],[-46.603331768376705,-23.50772072665227],[-46.60190534035937,-23.50883126205262],[-46.60110876673205,-23.50869458939805],[-46.600958682459584,-23.50943848154875],[-46.6026360147875,-23.509828175561527],[-46.603129354848896,-23.512002570454317],[-46.60226800739998,-23.513067110796236],[-46.60215056284117,-23.51349704436791],[-46.601856819316126,-23.5135000668092],[-46.6017796491474,-23.513298866567787],[-46.60075246341066,-23.513171593145184],[-46.6005981270597,-23.51276919129058],[-46.59986468805294,-23.51263889174926],[-46.59911960141379,-23.511971643984083],[-46.5983122737482,-23.51191101455877],[-46.59742451610024,-23.511378298164438],[-46.59714644790367,-23.511015606034878],[-46.59566860695206,-23.511938129720804],[-46.59537486595275,-23.511941139748252],[-46.595368338534286,-23.511399379440803],[-46.595074598686665,-23.511402388837173],[-46.59507133565096,-23.511131508629845],[-46.594781105094214,-23.51075291387764],[-46.59417973243384,-23.51104046909538],[-46.59437805801308,-23.51181589328511],[-46.59426613692272,-23.512301588523798],[-46.594704856005634,-23.512908040360102],[-46.593165801491665,-23.5136998952746],[-46.59281164642623,-23.514184298133692],[-46.5918792811169,-23.51441514197045],[-46.59158553408051,-23.514418145148536],[-46.59125805640472,-23.51404948199357],[-46.59057872416245,-23.51484978610912],[-46.590255382588985,-23.515094041196846],[-46.58999773423597,-23.515397548596702],[-46.589542312609844,-23.51552267512733],[-46.58909915158118,-23.515247157646208],[-46.58863831009209,-23.513635503595353],[-46.588932055814055,-23.513632506070405],[-46.58892880499533,-23.51336162512972],[-46.58892230350383,-23.512819863218887],[-46.58891905283106,-23.512548982248674],[-46.58862530951054,-23.512551979619303],[-46.58828079515129,-23.5121641040105],[-46.58646702426058,-23.51308324004588],[-46.58735320117403,-23.514964158830722],[-46.588180538717054,-23.515561392319256],[-46.58698732194635,-23.515998368215236],[-46.58559640602276,-23.515853206464993],[-46.58586248421166,-23.51625246937921],[-46.58620673189757,-23.516500976721705],[-46.585324034616384,-23.517641494895017],[-46.585890105191304,-23.52136270101146],[-46.587147572511235,-23.522711349528254],[-46.58746721721381,-23.52430063508655],[-46.58861579582734,-23.52442050351336],[-46.58876185441482,-23.52392897350361],[-46.58828297284517,-23.52244555448913],[-46.5884420754632,-23.521764926519047],[-46.5887358392488,-23.521761928389914],[-46.588732587571926,-23.52149104770632],[-46.58902635070825,-23.521488049061947],[-46.589023098479366,-23.52121716840711],[-46.58901984629912,-23.52094628774244],[-46.59003059417566,-23.52075761695688],[-46.5896008634064,-23.52039852774184],[-46.58926782025274,-23.520191484028153],[-46.58887623357078,-23.51897934522633],[-46.589271326460356,-23.51742183958543],[-46.58985883447317,-23.517415840685576],[-46.58985558117228,-23.51714495999882],[-46.59031652617871,-23.517258264127474],[-46.590734601526535,-23.517746429510876],[-46.590288493926415,-23.518071292069997],[-46.590036206589865,-23.518379672421762],[-46.589308713675976,-23.518662942839597],[-46.58962451740355,-23.5194326430104],[-46.59066745576557,-23.518837897540774],[-46.59304397398073,-23.521683073006002],[-46.59282487648937,-23.52316379774179],[-46.59362812001897,-23.523457409865067],[-46.59358348001112,-23.523759172065347],[-46.59408635299801,-23.52399255981986],[-46.59463068789957,-23.52332712873946],[-46.5949244542661,-23.523324118745677],[-46.5949211896831,-23.523053238933443],[-46.59491792514892,-23.522782359111353],[-46.595211690265266,-23.522779348641127],[-46.59520842517923,-23.52250846884786],[-46.59520516014203,-23.52223758904482],[-46.59569096982187,-23.522454082298022],[-46.59578615549514,-23.521689807116914],[-46.59577962336009,-23.521148047596785],[-46.59625993027773,-23.521256471782277],[-46.596160960949554,-23.521685964101593],[-46.59633376095101,-23.52236147495384],[-46.59598950747394,-23.52385502764236],[-46.59638686892258,-23.525408272847933],[-46.596877721775684,-23.52530151260793],[-46.59712889346383,-23.525629077428793],[-46.59747912708861,-23.525846790211926],[-46.597604322473885,-23.52627667731816],[-46.597310549939124,-23.526279692724444],[-46.59731381991413,-23.526550572108142],[-46.597020046729774,-23.526553586999185],[-46.59702331615297,-23.526824466411735],[-46.596729542318734,-23.526827480787546],[-46.59673281119011,-23.527098360229132],[-46.59643903670628,-23.527101374089675],[-46.59644230502561,-23.527372253560202],[-46.59614852989209,-23.52737526690547],[-46.595854754709706,-23.527378279696663],[-46.595858021876346,-23.527649159234905],[-46.59556424604428,-23.527652171510795],[-46.59556751265894,-23.527923051077863],[-46.595273736177184,-23.52792606283854],[-46.59527700223984,-23.528196942434526],[-46.5949832251085,-23.528199953679863],[-46.59498649061903,-23.528470833304755],[-46.59469271283801,-23.52847384403475],[-46.59439893500817,-23.528476854210652],[-46.594402199365895,-23.528747733903185],[-46.59410842088627,-23.52875074356372],[-46.593814642357955,-23.528753752670145],[-46.59381790556282,-23.52902463243029],[-46.59352412638474,-23.52902764102133],[-46.59323034715796,-23.529030649058342],[-46.59293656788242,-23.529033656541237],[-46.59293982933341,-23.529304536407587],[-46.59012069189797,-23.529222714772345],[-46.589411212774564,-23.529069703115297],[-46.58940795858282,-23.528798822775173],[-46.589114179274915,-23.528801823016003],[-46.588343597570024,-23.52870641077226],[-46.58723424557345,-23.528382460534264],[-46.58646366709515,-23.528287038767516],[-46.58646041905779,-23.528016158011845],[-46.58616664106642,-23.52801915259608],[-46.58464457703924,-23.527933628095546],[-46.58439748458134,-23.52749534638533],[-46.58439424089553,-23.527224465330555],[-46.5841004643669,-23.527227455920627],[-46.58400990994484,-23.52593674024824],[-46.582997991570146,-23.525030385542173],[-46.582833596347335,-23.525816855720706],[-46.582103392034476,-23.525962118623465],[-46.58166497734153,-23.526370565218734],[-46.58085921021629,-23.52644767123543],[-46.579977884148654,-23.526456621051402],[-46.57997464966874,-23.526185739380615],[-46.57909332496814,-23.52619468409499],[-46.579090092339,-23.525923802299136],[-46.57820876900586,-23.52593274191213],[-46.578205538227344,-23.525661859991374],[-46.57791176428706,-23.525664838715954],[-46.577030442176635,-23.525673771565465],[-46.576855190102414,-23.524559015745535],[-46.574953274873856,-23.52395138537719],[-46.57290496658472,-23.52465256150181],[-46.572020185262836,-23.524369883090266],[-46.571726413313996,-23.5243728499892],[-46.57171997881706,-23.52383108433587],[-46.57201374956451,-23.523828117513396],[-46.57200731405857,-23.523286351897085],[-46.572689736981665,-23.522959300494648],[-46.572484371625904,-23.522288882409683],[-46.57199444362418,-23.522202820546322],[-46.57170067648099,-23.522205787139637],[-46.5715659190946,-23.52096322540189],[-46.57138439629095,-23.52031257240134],[-46.57149610049436,-23.518269508505046],[-46.57222707525765,-23.517053078056577],[-46.57330057458456,-23.517174449634904],[-46.57423676094808,-23.518119571782364],[-46.57413539499474,-23.520042253131926],[-46.57481880964435,-23.522651778227832],[-46.576744321590084,-23.52252635921932],[-46.57826769105179,-23.52288607345156],[-46.57863218652266,-23.522501469343158],[-46.57853728921928,-23.52126262957971],[-46.578985668022284,-23.52048138455526],[-46.579761034668316,-23.5198282595913],[-46.579721569116025,-23.519313121773994],[-46.58009766467363,-23.51831210891194],[-46.579637173719725,-23.517392060636393],[-46.578081892294946,-23.518191956399587],[-46.577674545935565,-23.517396717346887],[-46.577288067143606,-23.51708525499573],[-46.57562011205096,-23.517193900012515],[-46.575017346409915,-23.5162974997876],[-46.575782733458354,-23.51565281279216],[-46.57616327855104,-23.515228565827556],[-46.575290843482044,-23.515285381435497],[-46.57397638700399,-23.51522646603744],[-46.57265083977715,-23.515568253936745],[-46.57236391021593,-23.515511575129505],[-46.57309930333636,-23.514892188774425],[-46.5736391851577,-23.514322529565007],[-46.57247449124427,-23.512967516186592],[-46.57113773077833,-23.512601590080532],[-46.57084122300414,-23.512302232244828],[-46.5697292510382,-23.512374611090884],[-46.56941687847885,-23.51509015948004],[-46.56788458550546,-23.515021416515346],[-46.56793946802977,-23.513980787269215],[-46.567913248147775,-23.513638206344762],[-46.56618429573575,-23.513750719600413],[-46.56469482406772,-23.51292214116399],[-46.56274135004267,-23.512661484719715],[-46.5623320570228,-23.51186220164345],[-46.561832364459164,-23.51103576333707],[-46.55945566912751,-23.511449870737135],[-46.559231594240075,-23.51122361135284],[-46.55922521488234,-23.51068184154004],[-46.558931471499996,-23.510684782684557],[-46.55891871575813,-23.509601242789355],[-46.558915526942,-23.50933035779099],[-46.55920926732297,-23.509327416835852],[-46.559206077954165,-23.509056531865536],[-46.55949981768717,-23.509053590394743],[-46.55949662776582,-23.508782705452386],[-46.559942913913716,-23.50848091141329],[-46.56033876138702,-23.50652189278315],[-46.56005538794032,-23.506338856684344],[-46.559596719910445,-23.506130606281953],[-46.55935437003294,-23.505082303710402],[-46.55915824314772,-23.504993256129897],[-46.5591550545423,-23.504722371002188],[-46.55934903841683,-23.50462941767956],[-46.55992197309338,-23.50354847830083],[-46.560017103357204,-23.50308823645643],[-46.560819384630236,-23.5024366550316],[-46.561753912922185,-23.50090349524916],[-46.56204763422213,-23.50090054993421],[-46.56204444033244,-23.500629665037962],[-46.56221049861951,-23.499975510517046],[-46.56232218925298,-23.499272294768968],[-46.56248655165111,-23.499152632606037],[-46.56289684309028,-23.498182862403308],[-46.56330345705057,-23.497907865373325],[-46.562890452715024,-23.49764109263213],[-46.562813351308385,-23.497439868993755],[-46.562080024090285,-23.497309384616706],[-46.561632111923466,-23.49690988092806],[-46.561118593846544,-23.496846108036614],[-46.56054551439986,-23.49644724345771],[-46.56007475979719,-23.493905759370158],[-46.56049288997449,-23.493601370206402],[-46.56086746127351,-23.493462159356206],[-46.56048970037345,-23.493330484855097],[-46.56018734812517,-23.492793794803593],[-46.55959902288259,-23.492526651201356],[-46.55942443977732,-23.49217644084002],[-46.55930850685478,-23.492800476447172],[-46.55933081760333,-23.494696674898627],[-46.55962452548801,-23.49469373488218],[-46.5596372779356,-23.495777276486585],[-46.559640466166734,-23.49604816186309],[-46.55993417700275,-23.496045221103955],[-46.55994055480782,-23.496586991751705],[-46.55994374378192,-23.49685787706085],[-46.56023745636965,-23.496854935634744],[-46.560240645991335,-23.49712582089617],[-46.56084083598637,-23.49820347695214],[-46.56084402704639,-23.498474362088622],[-46.56113774309021,-23.498471418775097],[-46.56149331624578,-23.499746509148405],[-46.56098763867016,-23.500479997794166],[-46.56087274873592,-23.500912327873632],[-46.56057902724501,-23.500915270975042],[-46.56058221818252,-23.501186156051016],[-46.56028849604389,-23.50118909863692],[-46.5602948768623,-23.50173086883521],[-46.55970743004181,-23.501736752498367],[-46.55970105162333,-23.501194982148487],[-46.559697862485706,-23.500924096958908],[-46.55939776387165,-23.50038526736199],[-46.5592278205349,-23.499750782822385],[-46.558810322764764,-23.500391147325907],[-46.55850648936261,-23.500589124395788],[-46.55782942873639,-23.502122188182792],[-46.558295807274455,-23.503752467727356],[-46.55855803220924,-23.503915595401615],[-46.55857715649762,-23.505540906652],[-46.55858990697694,-23.506624447288868],[-46.55859309471601,-23.50689533242346],[-46.558299359641616,-23.50689827193058],[-46.55830573406242,-23.507440042246],[-46.55801199773995,-23.507442981275272],[-46.558015184421656,-23.507713866456093],[-46.55743089596233,-23.50799062817624],[-46.557137158296534,-23.507993565620428],[-46.557140343272884,-23.508264450895123],[-46.555974937744544,-23.509088851506135],[-46.55568119743963,-23.509091786333606],[-46.555191326445474,-23.509005668247184],[-46.55479043543014,-23.508287930821993],[-46.55516505415829,-23.50814873141704],[-46.55478725525548,-23.50801704524498],[-46.554493517161205,-23.50801997770687],[-46.55419977901938,-23.50802290961515],[-46.55419660009272,-23.507752023952694],[-46.55419342121373,-23.50748113828051],[-46.553899684224696,-23.507484069559684],[-46.553896505993464,-23.507213183839834],[-46.55359833619725,-23.506838173987962],[-46.55330903307319,-23.50721904466202],[-46.5533122101041,-23.507489930457357],[-46.55194724311713,-23.506685230639473],[-46.54989598772561,-23.506327194180976],[-46.54977151272267,-23.50617061800643],[-46.54996233599805,-23.505806789656145],[-46.55005573694312,-23.505355035858525],[-46.55034946974816,-23.505352112077116],[-46.55034629909876,-23.505081225826114],[-46.5503431284968,-23.50481033956529],[-46.550826068073874,-23.505025751252912],[-46.55102032758459,-23.50404006970976],[-46.55042488553925,-23.503363925002333],[-46.55031776538855,-23.502643249124514],[-46.55031459521356,-23.50237236277521],[-46.55031142508581,-23.502101476416094],[-46.550017699481906,-23.50210439974559],[-46.55001453000162,-23.5018335133389],[-46.550011360568845,-23.501562626922485],[-46.549717636117485,-23.501565549623237],[-46.5497049612605,-23.50048200370841],[-46.549701792664806,-23.500211117205158],[-46.54940807116594,-23.500214039164245],[-46.54940490321753,-23.499943152613533],[-46.54911118227124,-23.499946073981597],[-46.54910801497029,-23.499675187383428],[-46.5485205741355,-23.49968102838421],[-46.548021246616585,-23.49878222530031],[-46.54780704418491,-23.497340867446283],[-46.5476109359474,-23.497251804216244],[-46.547023505437465,-23.497257639006744],[-46.54703299360563,-23.49807029982697],[-46.54673927647999,-23.49807321650501],[-46.546347059296444,-23.497895087148464],[-46.54614552019348,-23.49753727410516],[-46.546023682989,-23.497378220781936],[-46.54471614762212,-23.497082539177207],[-46.544181599048606,-23.496342977954537],[-46.544765867884536,-23.49502037610727],[-46.54405478588153,-23.494577905965986],[-46.5440516297244,-23.494307018532524],[-46.54317050198101,-23.494315748731413],[-46.54317365633876,-23.494586636277372],[-46.541918168693655,-23.494437646848468],[-46.54095641539167,-23.493115816500644],[-46.540066221407834,-23.49234374173362],[-46.540350528191816,-23.49203813149094],[-46.54122256276214,-23.491248631298525],[-46.53951343437974,-23.491076509636592],[-46.53932081383827,-23.491644641189545],[-46.538327649187096,-23.49107557169359],[-46.53824114604603,-23.491778510882238],[-46.54060562044456,-23.49348548276342],[-46.54119736268842,-23.494742799883486],[-46.541708257562895,-23.49487206345498],[-46.54171140901607,-23.49514295116856],[-46.54200512034637,-23.495140044309284],[-46.54200827244643,-23.495410931975687],[-46.5423019843294,-23.49540802452577],[-46.542305137076454,-23.4956789121448],[-46.542598849512075,-23.495676004104133],[-46.542848820869125,-23.496535891710554],[-46.54378632223949,-23.496747916036913],[-46.544088620043055,-23.49728464070817],[-46.54467693938193,-23.49755184328626],[-46.5448784746602,-23.49790965843774],[-46.545270690142424,-23.498087791594823],[-46.545273849360456,-23.498358678740594],[-46.54586128523717,-23.49835285028964],[-46.54586444570212,-23.498623737350506],[-46.546158164169526,-23.49862082225739],[-46.546359705136055,-23.498978635147584],[-46.54675192563374,-23.49915676427807],[-46.546761412995934,-23.499969425004615],[-46.546770900783876,-23.500782085642808],[-46.54647717761155,-23.500785002143203],[-46.54648033970223,-23.5010558890405],[-46.54618661588249,-23.501058805024964],[-46.54589289201555,-23.501061720456093],[-46.545899213938654,-23.501603494371494],[-46.545605488824386,-23.501606409324296],[-46.54560864925689,-23.501877296304734],[-46.5453149234953,-23.501880210741636],[-46.54531808337505,-23.502151097749888],[-46.54491141666407,-23.50242605033613],[-46.545324403276474,-23.502692871736762],[-46.5455259489366,-23.50305068531783],[-46.54591818084321,-23.503228815881705],[-46.545921342159524,-23.503499702765676],[-46.54621507142693,-23.503496786996525],[-46.54622139540153,-23.50403856065981],[-46.54651512582173,-23.504035644262117],[-46.54670522076245,-23.504717550413922],[-46.546527776739126,-23.505119191320517],[-46.54623404391851,-23.50512210786857],[-46.54623720616595,-23.505392994646165],[-46.545537006836696,-23.50495733822728],[-46.544805947828436,-23.504002999994118],[-46.54393071405931,-23.50345839933522],[-46.543321514344996,-23.502663124232473],[-46.542971425907595,-23.502445280919996],[-46.54296196066913,-23.50163261899504],[-46.542668235082424,-23.501635528413516],[-46.542665080697375,-23.50136464104805],[-46.54178390545421,-23.5013733658705],[-46.541490180278714,-23.50137627303784],[-46.54147442106112,-23.50002183531399],[-46.54132352376909,-23.499676346135626],[-46.54118069883858,-23.50002474174067],[-46.540779708256416,-23.500418005684054],[-46.5405838046868,-23.499217889844687],[-46.54057435554586,-23.498405226667128],[-46.53969319911149,-23.49841393863298],[-46.53939948020576,-23.498416841514825],[-46.539396332986065,-23.498145953619705],[-46.53939003868785,-23.49760417779994],[-46.538802604334634,-23.497609981679325],[-46.5376277350635,-23.497621582798175],[-46.5376057316972,-23.495725365549973],[-46.53759630238864,-23.494912700867637],[-46.53700887946783,-23.494918497360196],[-46.53348433799625,-23.494953229841297],[-46.533452993991375,-23.492244341706456],[-46.534334112000145,-23.4922356671731],[-46.5346278179092,-23.492232774555628],[-46.534624681367745,-23.4919618858372],[-46.534608999364806,-23.490607442097712],[-46.534605863105064,-23.490336553320432],[-46.534312161393814,-23.49033944567697],[-46.53343105597856,-23.490348119427868],[-46.533427922164314,-23.49007723049171],[-46.5334216546765,-23.489535452589823],[-46.53283425442977,-23.489541232101242],[-46.531659453373635,-23.489552784486566],[-46.531653193268944,-23.489011006098714],[-46.531646933351624,-23.488469227671544],[-46.53105953733939,-23.488475000247934],[-46.53047214113987,-23.48848077061189],[-46.53046275881021,-23.487668102451263],[-46.529581669556286,-23.487676753514382],[-46.52957229304382,-23.486864084930932],[-46.52869120876496,-23.486872730682137],[-46.52867871459757,-23.485789171987705],[-46.52750394449708,-23.485800691319245],[-46.527491460669665,-23.484717131873975],[-46.527485219036166,-23.484175352092386],[-46.526897840899515,-23.48418110799484],[-46.5266041517611,-23.48418398511653],[-46.52660103281287,-23.483913095099787],[-46.52659167624807,-23.48310042499062],[-46.52571061574614,-23.483109052592994],[-46.52570126499619,-23.482296382061882],[-46.524526524200226,-23.482307877345775],[-46.5236454681138,-23.482316493002802],[-46.52363613037083,-23.481503821605667],[-46.521580343792735,-23.481523904675743],[-46.521574127254915,-23.480982123177423],[-46.52156791090311,-23.480440341639923],[-46.520686866006784,-23.480448939932757],[-46.52068065343715,-23.479907158134274],[-46.52067754722207,-23.47963626722038],[-46.520383867294925,-23.47963913210138],[-46.51920914712164,-23.479650586096703],[-46.517740745860046,-23.479664891150996],[-46.51773144547295,-23.47885221724342],[-46.516850409552816,-23.478860793309785],[-46.516847311314535,-23.478589901877047],[-46.516838016877756,-23.47777722752005],[-46.5156633112568,-23.47778865394593],[-46.51565402442832,-23.476975979058754],[-46.51389197539338,-23.476993101450432],[-46.51388269976808,-23.476180425812657],[-46.51270800667632,-23.47619182924319],[-46.51269873865789,-23.47537915307611],[-46.51269564941095,-23.47510826100085],[-46.51240197841921,-23.475111110329507],[-46.51093362276677,-23.475125348681498],[-46.51092436608828,-23.474312671735856],[-46.50798766929528,-23.474341105882413],[-46.507984589819685,-23.474070213180962],[-46.507978431006705,-23.47352842774867],[-46.50386707291759,-23.473568141155916],[-46.503891642168874,-23.475735286746534],[-46.50389778494149,-23.476277073046205],[-46.50301676048801,-23.47628557006294],[-46.50301369087641,-23.476014676808457],[-46.503010621310764,-23.47574378354417],[-46.50300448231722,-23.475201996986254],[-46.50241713724552,-23.47520765860801],[-46.50094877376257,-23.47522180298901],[-46.50093038304988,-23.473596441547688],[-46.50122405224325,-23.4735936139958],[-46.502105059548065,-23.473585128023768],[-46.50209279040472,-23.47250155411721],[-46.50326745658228,-23.472490232333545],[-46.50356112301183,-23.47248740050587],[-46.50385478939541,-23.472484568125484],[-46.503851718629775,-23.472213674843342],[-46.50384557723651,-23.47167188824969],[-46.50472657071951,-23.47166338812117],[-46.50502023512187,-23.471660553639676],[-46.50501101618797,-23.47084787411419],[-46.50471735358273,-23.470850708486125],[-46.50383636549127,-23.470859208285823],[-46.503824083807956,-23.469775634863478],[-46.50294310249094,-23.469784129251053],[-46.502940033982064,-23.469513235761415],[-46.50293389710214,-23.468971448752775],[-46.4999973076975,-23.46899972636285],[-46.50000343259758,-23.46954151410085],[-46.500006495116345,-23.46981240795517],[-46.497950867225484,-23.46983217016627],[-46.49794169238566,-23.469019487809398],[-46.497060713707846,-23.469027948711503],[-46.497051544670924,-23.46821526593915],[-46.49617057097209,-23.46822372154062],[-46.49617973461819,-23.469036404640118],[-46.49500509519176,-23.469047671474804],[-46.49502646186051,-23.47094393271468],[-46.49414546923127,-23.470952377800565],[-46.49416072352242,-23.4723068503655],[-46.494163774517695,-23.47257774484914],[-46.4932827706937,-23.47258618561402],[-46.49329496794197,-23.473669763885876],[-46.49035826159759,-23.47369786529164],[-46.490367392038124,-23.474510549979804],[-46.48919270103418,-23.474521775499426],[-46.48920790736224,-23.475876250507536],[-46.48921399021211,-23.47641804044225],[-46.48745192717343,-23.476434863656948],[-46.487461041003066,-23.477247549136287],[-46.48628632420976,-23.47725875398971],[-46.48627721757132,-23.47644606807698],[-46.48334044038635,-23.476474040429434],[-46.483337410923546,-23.47620314474494],[-46.48331923509899,-23.47457777043251],[-46.487430663162456,-23.474538597195806],[-46.48742762562856,-23.474267701947884],[-46.487421550697086,-23.473725911422715],[-46.48830256444514,-23.473717503387245],[-46.48828129103569,-23.471821236999737],[-46.489162291792574,-23.47181282474888],[-46.48912276658414,-23.468291187309536],[-46.48971008461964,-23.468285577319417],[-46.4902974024729,-23.468279965118835],[-46.490276106084195,-23.46638369913322],[-46.48968879661622,-23.466389310827154],[-46.48910148696601,-23.466394920310826],[-46.48908020957804,-23.46449865283245],[-46.48907109138013,-23.463685966623473],[-46.48819014452968,-23.463694375620186],[-46.488196219689705,-23.464236166652913],[-46.48819925733793,-23.46450706215456],[-46.48643735162987,-23.464523865881166],[-46.485262746915765,-23.46453505731529],[-46.48528396980518,-23.4664313280806],[-46.48440300321618,-23.466439716612225],[-46.484412094030844,-23.467252404260822],[-46.48323746408982,-23.467263581666245],[-46.48324957622772,-23.468347165637386],[-46.48148761558106,-23.468363916032036],[-46.48149668937855,-23.469176604555713],[-46.477385416375085,-23.46921561295292],[-46.47743669967539,-23.473820854809173],[-46.475674661712105,-23.473837543193312],[-46.47568370227581,-23.474650233284724],[-46.47862044928722,-23.474622407179442],[-46.478611390747766,-23.473809718164407],[-46.47949240857747,-23.473801359876955],[-46.479510536848586,-23.4754267371722],[-46.47921686068879,-23.47542952403642],[-46.47862950823342,-23.475435096106317],[-46.47863554775691,-23.475976888675376],[-46.47864762734638,-23.477060473695943],[-46.47865064735677,-23.477331369926663],[-46.47659488297591,-23.477350856516885],[-46.476585835665105,-23.47653816704176],[-46.4757047985037,-23.476546509822033],[-46.47570178462154,-23.476275613203264],[-46.47569274324565,-23.475462923287978],[-46.47451803598678,-23.47547403868206],[-46.474502979913545,-23.47411955457771],[-46.4744999688341,-23.473848657727487],[-46.4742062955019,-23.473851434979142],[-46.47361894870222,-23.473856987824107],[-46.47358885836117,-23.47114801770973],[-46.47270785579789,-23.471156341757986],[-46.472725898677865,-23.472781724588074],[-46.47155121358448,-23.47279281643949],[-46.471572248882666,-23.474689096964],[-46.47274695075299,-23.47467800411145],[-46.47276800503436,-23.476574283155365],[-46.47364904354847,-23.47656595696015],[-46.47365506305833,-23.47710775067001],[-46.473664092661046,-23.477920441161324],[-46.473667102618734,-23.478191337972177],[-46.473373419563366,-23.47819411413815],[-46.4727860533174,-23.478199664811513],[-46.47279206977199,-23.47874145861862],[-46.4727980864067,-23.47928325238654],[-46.47397282830777,-23.47927214825571]],[[-46.48046413757784,-23.481919876332064],[-46.48075782794055,-23.48191708639356],[-46.4816388987572,-23.481908713260097],[-46.48164797934908,-23.482721400315626],[-46.48047321097618,-23.482732563819305],[-46.48046413757784,-23.481919876332064]],[[-46.534103122736845,-23.49765633303472],[-46.53263453227225,-23.497670788783115],[-46.532621999429665,-23.496587233593],[-46.5346780089552,-23.496566992714943],[-46.53468114629454,-23.49683788126644],[-46.53469055859433,-23.49765054686197],[-46.534103122736845,-23.49765633303472]],[[-46.60085395368244,-23.52760022883636],[-46.60012180367817,-23.527939289197775],[-46.59938477220254,-23.527616723890095],[-46.59892410963139,-23.528480064448384],[-46.59879577750844,-23.527619006001817],[-46.59878595813088,-23.526806368522],[-46.599079731622716,-23.526803350267826],[-46.59907645799392,-23.526532471126973],[-46.599370230836016,-23.5265294523577],[-46.599366956655366,-23.526258573245936],[-46.59966072884771,-23.526255553961477],[-46.59995450099099,-23.526252534122893],[-46.60133232969101,-23.52687119814414],[-46.60144303202406,-23.52786269950998],[-46.60085395368244,-23.52760022883636]],[[-46.599421851812345,-23.57935674269384],[-46.59941856928154,-23.579085865429384],[-46.59971245889342,-23.579082839674637],[-46.599715742026866,-23.579353716900215],[-46.599421851812345,-23.57935674269384]],[[-46.600571134222015,-23.5771776190393],[-46.60056784967353,-23.576906741851346],[-46.60086173426931,-23.576903714186226],[-46.600865019420254,-23.577174591335183],[-46.600571134222015,-23.5771776190393]],[[-46.601936680901524,-23.57540262500425],[-46.60231142856431,-23.575263305596316],[-46.60231471643282,-23.57553418260996],[-46.601936680901524,-23.57540262500425]],[[-46.608496115029304,-23.57628304766225],[-46.60878999709219,-23.57628000508076],[-46.60879329841061,-23.57655088119641],[-46.608499415745285,-23.576553923817],[-46.608496115029304,-23.57628304766225]],[[-46.62697746064975,-23.549541538390475],[-46.626974126314906,-23.54927066377321],[-46.62726794561101,-23.54926758956617],[-46.62727128054727,-23.549538464143897],[-46.62697746064975,-23.549541538390475]],[[-46.63039639120362,-23.540836633370123],[-46.63001843366823,-23.540705139584322],[-46.63039305124852,-23.540565758911498],[-46.63039639120362,-23.540836633370123]],[[-46.62615662175364,-23.530586432610523],[-46.62615329210773,-23.53031555722244],[-46.62644706942005,-23.530312486890995],[-46.62645039966694,-23.530583362239557],[-46.62615662175364,-23.530586432610523]],[[-46.67060173445018,-23.525134475714676],[-46.669915826206186,-23.52500039819715],[-46.66915108030133,-23.524552803287406],[-46.6680810519989,-23.52431178871677],[-46.668378150296036,-23.523637720503196],[-46.6686719065298,-23.52363457131683],[-46.6686684909869,-23.523363701495047],[-46.6691033222614,-23.52351598741939],[-46.6701372683863,-23.52334794745763],[-46.67072477898833,-23.523341641965498],[-46.67108195759454,-23.52410092165066],[-46.67133281584281,-23.524960550849144],[-46.67060173445018,-23.525134475714676]],[[-46.606190681129426,-23.50749533945877],[-46.60619725159292,-23.508037097164646],[-46.60590352076003,-23.508040126577146],[-46.60590023610393,-23.50776924769016],[-46.605606505822074,-23.50777227651019],[-46.605603221815265,-23.507501397574345],[-46.606190681129426,-23.50749533945877]],[[-46.53967998617991,-23.49173384045615],[-46.53942518042213,-23.49197392512059],[-46.53932081383827,-23.491644641189545],[-46.53967998617991,-23.49173384045615]],[[-46.505081705263585,-23.47707841488882],[-46.50507248356892,-23.476265735951333],[-46.505060188620405,-23.475182163897454],[-46.50623487692433,-23.475170818542914],[-46.50682222080013,-23.475165142548967],[-46.506828375372706,-23.475706928156587],[-46.506840685070756,-23.4767904992541],[-46.5068499178279,-23.47760317747443],[-46.50685299550581,-23.477874070194893],[-46.5050909273722,-23.477891093738105],[-46.505081705263585,-23.47707841488882]],[[-46.4862256210109,-23.47184084624057],[-46.48740028986924,-23.4718296442763],[-46.48740940137981,-23.472642330254928],[-46.4862347253321,-23.472653532652554],[-46.4862256210109,-23.47184084624057]],[[-46.48619527622671,-23.469131890897632],[-46.48736992112299,-23.469120690377867],[-46.48737295779306,-23.469391585811746],[-46.48737903126951,-23.469933376650193],[-46.48679170531812,-23.469938978232033],[-46.48620437918494,-23.469944577603314],[-46.48619527622671,-23.469131890897632]],[[-46.48734562939954,-23.46695352655439],[-46.48733955692332,-23.466411735500568],[-46.488220522149305,-23.46640333039221],[-46.488229636322274,-23.467216016633003],[-46.4873486657058,-23.467224422066586],[-46.48734562939954,-23.46695352655439]],[[-46.49801816197675,-23.475791838089783],[-46.49801204335622,-23.4752500502926],[-46.495075308370076,-23.475278242318126],[-46.495056989557895,-23.47365287651066],[-46.49535065966727,-23.47365006001357],[-46.496231669721155,-23.47364160720569],[-46.496222503742445,-23.47282892460573],[-46.496219448507695,-23.472558030386086],[-46.49710045096033,-23.472549573039853],[-46.49798145300117,-23.47254111071922],[-46.498002865768804,-23.474437368523386],[-46.49888387997935,-23.474428900464062],[-46.49917755129124,-23.474426076672085],[-46.49919285948307,-23.475780545510492],[-46.49919592125896,-23.476051439248753],[-46.49919898308058,-23.476322332977244],[-46.49802428078058,-23.476333625847744],[-46.49801816197675,-23.475791838089783]],[[-46.49420649324759,-23.47637026659134],[-46.49332546425818,-23.476378708880066],[-46.49331631488397,-23.475566025484575],[-46.49331326518388,-23.47529513099987],[-46.49125754605613,-23.475314809310106],[-46.491248409812776,-23.474502125035947],[-46.49359778853853,-23.474479634197404],[-46.494185132763434,-23.474474005960097],[-46.49420039002368,-23.475828477888548],[-46.49420649324759,-23.47637026659134]],[[-46.51568498214494,-23.479684895006244],[-46.514803939857444,-23.47969345979387],[-46.51479465744972,-23.47888078478131],[-46.51567569434341,-23.478872220325023],[-46.51568498214494,-23.479684895006244]],[[-46.5128007097548,-23.484318586060407],[-46.511919635509045,-23.48432713613497],[-46.51192890271116,-23.485139811662016],[-46.51104782265382,-23.48514835708994],[-46.51105708487633,-23.485961032859183],[-46.51017599900738,-23.485969573640084],[-46.509001217202375,-23.48598095360527],[-46.50899196756997,-23.485168277065846],[-46.508110886127334,-23.485176805902903],[-46.50810164230565,-23.484364128945366],[-46.50692687359729,-23.48437549254616],[-46.50691455873891,-23.483291922546396],[-46.506033488917424,-23.483300439001333],[-46.50601502880199,-23.481675083048895],[-46.50689608783385,-23.481666567252617],[-46.50688993123403,-23.4811247820763],[-46.506883774818604,-23.480582996860733],[-46.50893956083037,-23.480563108342146],[-46.511582710951764,-23.480537497580244],[-46.51187639406758,-23.480534649175542],[-46.51189801365566,-23.482430892895483],[-46.51277907531299,-23.482422343592376],[-46.5128007097548,-23.484318586060407]],[[-46.5417902106714,-23.501915140816397],[-46.541412441227656,-23.501783420444614],[-46.541787058039176,-23.501644253348367],[-46.5417902106714,-23.501915140816397]],[[-46.54246657090289,-23.50307451529745],[-46.541690941255496,-23.50255206465441],[-46.54238081716022,-23.502180212054867],[-46.5423839710868,-23.502451099428352],[-46.54267769852084,-23.502448190450902],[-46.54268085309467,-23.502719077777],[-46.54246657090289,-23.50307451529745]],[[-46.54358097614933,-23.504335670487023],[-46.54367766710686,-23.504004398027366],[-46.543938023840695,-23.50423938348817],[-46.54358097614933,-23.504335670487023]],[[-46.54476853835253,-23.50540756927113],[-46.5448652269098,-23.505076296233103],[-46.54512558785368,-23.505311279454684],[-46.54476853835253,-23.50540756927113]],[[-46.54682150951251,-23.505116274219034],[-46.547115242238476,-23.505113356563918],[-46.547408974917204,-23.505110438355377],[-46.547902990523696,-23.505755309046886],[-46.54859340644632,-23.505911419386997],[-46.54859657363709,-23.506182305834393],[-46.547010045643184,-23.50594995833235],[-46.5465309395868,-23.50539007806055],[-46.54682467296025,-23.50538716092149],[-46.54682150951251,-23.505116274219034]],[[-46.54660690667686,-23.50638024836195],[-46.54624985562908,-23.50647654165827],[-46.546346541037884,-23.506145267898347],[-46.54660690667686,-23.50638024836195]],[[-46.548018602065454,-23.50700080593589],[-46.547724865280294,-23.507003725514725],[-46.54772169974799,-23.506732838984043],[-46.548015435932946,-23.506729919442815],[-46.548018602065454,-23.50700080593589]],[[-46.550077928615885,-23.50725123960393],[-46.54978419156236,-23.507254163095467],[-46.54978102178123,-23.5069832768379],[-46.55007475823466,-23.506980353384105],[-46.550077928615885,-23.50725123960393]],[[-46.55194019575855,-23.507173296522296],[-46.55220057287899,-23.50740826696883],[-46.5518435239711,-23.50750457301408],[-46.55194019575855,-23.507173296522296]],[[-46.55156565446253,-23.508861929825358],[-46.551271914044804,-23.508864856310865],[-46.55097817357962,-23.50886778224275],[-46.550096951899356,-23.508876556716555],[-46.550087440044244,-23.508063898204483],[-46.551556133603746,-23.508049271878427],[-46.55156565446253,-23.508861929825358]],[[-46.55371532607709,-23.508239265861036],[-46.55397570837747,-23.508474233029307],[-46.553618658187865,-23.50857054321744],[-46.55371532607709,-23.508239265861036]],[[-46.557734192254,-23.50880034574596],[-46.5580279316252,-23.508797407081044],[-46.558135100481636,-23.50951807461446],[-46.558334421316005,-23.509878008178653],[-46.55834398459211,-23.51069066331251],[-46.558180727565315,-23.512012024978667],[-46.55850304384281,-23.513010450726952],[-46.55927853514494,-23.51291359337402],[-46.559104983290005,-23.51432544122861],[-46.55897612260685,-23.514477171077992],[-46.558094866958136,-23.514485992779836],[-46.55710676975875,-23.514750408352544],[-46.55768089886055,-23.51514998227901],[-46.55781386454932,-23.515572472032073],[-46.556932601123144,-23.51558128754283],[-46.55692941546071,-23.515310402495984],[-46.55663566149049,-23.515313339854124],[-46.55704271525515,-23.51428048293581],[-46.55588185660374,-23.50993557100199],[-46.557105584131435,-23.508977311782232],[-46.557734192254,-23.50880034574596]],[[-46.55571302123841,-23.511800640134908],[-46.55580968565995,-23.511469361763094],[-46.55607007817076,-23.51170432479991],[-46.55571302123841,-23.511800640134908]],[[-46.56023993640234,-23.514149858230464],[-46.56066286710156,-23.514518344674308],[-46.560745019313934,-23.515001281881435],[-46.56015432159474,-23.514736285716324],[-46.56023993640234,-23.514149858230464]],[[-46.56280312975804,-23.51378476116338],[-46.563228028486094,-23.51449866217529],[-46.56250433783305,-23.514712718789582],[-46.56280312975804,-23.51378476116338]],[[-46.572217423878,-23.516240428993367],[-46.572314048889815,-23.515909142584967],[-46.57257447819759,-23.516144075848835],[-46.572217423878,-23.516240428993367]],[[-46.56147299669961,-23.51650637900963],[-46.56228691669596,-23.516786508459326],[-46.56161082059603,-23.51779252761295],[-46.56106544866569,-23.52045067659694],[-46.56064549467645,-23.521075544753277],[-46.56036401681564,-23.521770969444425],[-46.55994675854017,-23.522053112211278],[-46.55965299003264,-23.522056056054605],[-46.55906545287438,-23.52206194207945],[-46.55906864393292,-23.522332826615326],[-46.55848110538238,-23.522338710500144],[-46.55818733603555,-23.52234165161151],[-46.55818414677901,-23.52207076696202],[-46.558177768409,-23.52152899763347],[-46.55788400081655,-23.52153193807729],[-46.55752632658733,-23.520886071458328],[-46.5580684430396,-23.520626331060715],[-46.5581650122414,-23.520445458858145],[-46.558458777383635,-23.52044251801172],[-46.55845239838467,-23.519900748640758],[-46.558746162278034,-23.519897807316156],[-46.558739782268646,-23.519356037981606],[-46.558958001687415,-23.51928493303634],[-46.55909951626376,-23.518608605354405],[-46.55965015048957,-23.51808359582071],[-46.55879775244678,-23.517931954604254],[-46.55872064338563,-23.51773072974168],[-46.55871745373883,-23.51745984500055],[-46.55842369525069,-23.517462785984254],[-46.5582612317003,-23.517279794021963],[-46.556661143320454,-23.517480420256394],[-46.55664840202435,-23.516396880134018],[-46.55694215839643,-23.516393942624497],[-46.56015096803974,-23.516731055312786],[-46.56046723114301,-23.516358649314032],[-46.56105154838706,-23.51608187485522],[-46.561224000111835,-23.516193247923603],[-46.56147299669961,-23.51650637900963]],[[-46.55844283024406,-23.519088094510547],[-46.55785530591799,-23.5190939752708],[-46.55785211783433,-23.518823090465315],[-46.55726459451871,-23.518828968934507],[-46.55711363247712,-23.518483499180967],[-46.55697083278946,-23.51883190733824],[-46.55667707101246,-23.518834845188085],[-46.55638330918781,-23.51883778248413],[-46.55638012415474,-23.518566897479673],[-46.55637375423142,-23.518025127441174],[-46.55666751425425,-23.518022190258673],[-46.556664328763524,-23.517751305262443],[-46.557845083561254,-23.51801816579904],[-46.5586952532629,-23.518516632361916],[-46.55844283024406,-23.519088094510547]],[[-46.55668344242278,-23.51937661509189],[-46.556689814023684,-23.519918384956373],[-46.55639604979671,-23.519921322403615],[-46.556392864573006,-23.51965043743846],[-46.556389679396936,-23.519379552463572],[-46.55668344242278,-23.51937661509189]],[[-46.55609591632356,-23.519382489281277],[-46.55609273179573,-23.519111604258658],[-46.55638649426861,-23.519108667478775],[-46.556389679396936,-23.519379552463572],[-46.55609591632356,-23.519382489281277]],[[-46.56199824654227,-23.521764003721668],[-46.56278520345879,-23.522108672659705],[-46.56289083877079,-23.522565411386314],[-46.5620095309342,-23.522574258100896],[-46.562006333820904,-23.52230337395391],[-46.5614187962255,-23.52230926891789],[-46.56141560036151,-23.522038384685278],[-46.56199824654227,-23.521764003721668]],[[-46.55762530335646,-23.52451460962016],[-46.55715644412693,-23.524408646013537],[-46.55661721716851,-23.523948931043176],[-46.5576157381897,-23.523701955651134],[-46.55762530335646,-23.52451460962016]],[[-46.597130320088276,-23.528855215189253],[-46.596752425444336,-23.52872363667127],[-46.597039664002295,-23.528178863326836],[-46.59733344079169,-23.52817584820295],[-46.59864036399797,-23.528505930420117],[-46.59787367611103,-23.530408011470094],[-46.59987772440299,-23.530708401185535],[-46.60015015040228,-23.53162627933041],[-46.59956782807668,-23.53206614997036],[-46.59931017150764,-23.53236967279098],[-46.598560916864514,-23.532497847532035],[-46.59807318886324,-23.5318618209123],[-46.59737268782775,-23.53142639932748],[-46.596917469643174,-23.53039262765732],[-46.59675569465777,-23.528994516043802],[-46.597130320088276,-23.528855215189253]],[[-46.60192953371955,-23.53212958955213],[-46.602483181378766,-23.532378828005335],[-46.60179584203786,-23.53273549195192],[-46.60192953371955,-23.53212958955213]],[[-46.61522397164892,-23.52555298504749],[-46.61522066517532,-23.525282108014846],[-46.61551443290835,-23.525279058931233],[-46.615689209836866,-23.525629211050212],[-46.61580489296641,-23.525005132329618],[-46.615801585390265,-23.524734255355746],[-46.616095351822935,-23.524731205242766],[-46.61739887340719,-23.524926436614347],[-46.6180069878365,-23.526216335404943],[-46.61833950648852,-23.526724738477107],[-46.618731786557476,-23.529373681127876],[-46.61967359726773,-23.529028582899276],[-46.61953778933101,-23.529498666797895],[-46.61644490411639,-23.53013412484994],[-46.61499955302138,-23.52916912927905],[-46.61453441668585,-23.52923745068336],[-46.613680250876705,-23.529130101678675],[-46.61336453946609,-23.528128502838058],[-46.613030089957505,-23.527895914396296],[-46.612766003841124,-23.52723324490763],[-46.61334844954475,-23.526808968416272],[-46.61346796649513,-23.526113022657025],[-46.61376173632682,-23.526109976779694],[-46.61399456458082,-23.526476857771826],[-46.61486193453681,-23.526154089652366],[-46.61522397164892,-23.52555298504749]],[[-46.60994931633025,-23.526691285378284],[-46.60965554465554,-23.526694324131658],[-46.60964895419126,-23.526152568646772],[-46.61033597685759,-23.52649061597187],[-46.60994931633025,-23.526691285378284]],[[-46.62816972991119,-23.527043551159267],[-46.628166396707115,-23.52677267591954],[-46.62846016586016,-23.52676960222368],[-46.62846349966511,-23.52704047742385],[-46.62816972991119,-23.527043551159267]],[[-46.62875726936908,-23.527037403134408],[-46.62875393496346,-23.52676652797372],[-46.62894456096828,-23.52640261390835],[-46.62903436448977,-23.525679952586774],[-46.629621897641066,-23.52567380163362],[-46.62961856168254,-23.52540292654233],[-46.629912327582545,-23.525399850274372],[-46.62990899107329,-23.525128975212816],[-46.63020275632278,-23.525125898430463],[-46.63049652152238,-23.52512282109414],[-46.6304931838615,-23.524851946101933],[-46.63088341800681,-23.524667956266686],[-46.63137113794573,-23.524571836004867],[-46.63125751328974,-23.52609871387562],[-46.63023800634133,-23.525428252574283],[-46.62990680789607,-23.528134041680072],[-46.63096752784703,-23.528899148511798],[-46.629632179707436,-23.52930405937651],[-46.62864811808224,-23.52878447995201],[-46.627602183316036,-23.52867494867393],[-46.62833267676648,-23.527458297805246],[-46.62846349966511,-23.52704047742385],[-46.62875726936908,-23.527037403134408]],[[-46.637850693603504,-23.52585832958903],[-46.63783728259056,-23.52477483364975],[-46.638131045888926,-23.52477174195025],[-46.63842480913714,-23.524768649696885],[-46.63842145530792,-23.524497775766886],[-46.63841810152874,-23.524226901827113],[-46.640085123001576,-23.523206497527372],[-46.64001019628092,-23.524210133605187],[-46.6402360938887,-23.5264775753774],[-46.63844828734625,-23.52666476692975],[-46.63815451989298,-23.526667859461746],[-46.63815116631344,-23.52639698556115],[-46.637850693603504,-23.52585832958903]],[[-46.64294451769344,-23.525745245401954],[-46.64320508546941,-23.525980068730824],[-46.64284806678833,-23.526076565934265],[-46.64294451769344,-23.525745245401954]],[[-46.66544740317712,-23.524210922407995],[-46.66574116112239,-23.524207778679603],[-46.66641013531708,-23.52432486010733],[-46.66565047417803,-23.524570663665266],[-46.66544740317712,-23.524210922407995]],[[-46.64312501428236,-23.524719098305816],[-46.64323502568619,-23.524102274094997],[-46.64350494112482,-23.52456442022451],[-46.64312501428236,-23.524719098305816]],[[-46.64223700357161,-23.52418665315987],[-46.64164948073282,-23.52419285135576],[-46.641639399875075,-23.5233802307919],[-46.642226919110044,-23.52337403283536],[-46.64223700357161,-23.52418665315987]],[[-46.635470435787596,-23.523445175566053],[-46.63559685836226,-23.522548641819746],[-46.63647029062729,-23.52225019769237],[-46.63675331076205,-23.523310157781058],[-46.635470435787596,-23.523445175566053]],[[-46.63107069662244,-23.52403316504848],[-46.63107403533495,-23.524304039991055],[-46.63078027203717,-23.52430711831645],[-46.63077693392543,-23.524036243334155],[-46.63107069662244,-23.52403316504848]],[[-46.63048317117842,-23.52403932106599],[-46.63048650868957,-23.52431019608781],[-46.62989898184457,-23.52431634996875],[-46.62990231820425,-23.524587225060003],[-46.62960855410627,-23.52459030120918],[-46.62931478995841,-23.524593376804386],[-46.62932146042464,-23.52513512711558],[-46.6290276950255,-23.52513820223599],[-46.62873392957649,-23.525141276802433],[-46.628737263682986,-23.525412152022337],[-46.628443497583405,-23.525415226074365],[-46.628450164744585,-23.525956976563783],[-46.62769539622061,-23.525846845149072],[-46.627107795746305,-23.52496386686],[-46.62651254963164,-23.525051342037703],[-46.626245071657976,-23.52446773794072],[-46.625882561996136,-23.52452099823619],[-46.62535969870904,-23.52396959166986],[-46.625810105008526,-23.52342835776863],[-46.62736673154574,-23.52427214404055],[-46.62813424108971,-23.52415931792],[-46.628823401085064,-23.524245893903654],[-46.62851028588472,-23.5224345152955],[-46.62876943867959,-23.520680196377118],[-46.62913533542531,-23.520413592282793],[-46.62926143340971,-23.520259372892543],[-46.629555187947815,-23.520256297930736],[-46.62955185298685,-23.51998542264182],[-46.62984560687454,-23.51998234716574],[-46.63013936071244,-23.519979271135934],[-46.6301426968744,-23.520250146345568],[-46.63043645126285,-23.52024706972221],[-46.63059737504373,-23.520646292638183],[-46.63056983197858,-23.521173189093854],[-46.63092145939711,-23.52175405179705],[-46.62976548502702,-23.522728466159837],[-46.63106715673777,-23.52326293425862],[-46.63077693392543,-23.524036243334155],[-46.63048317117842,-23.52403932106599]],[[-46.634275322235816,-23.52183227093974],[-46.63456907952826,-23.521829186324492],[-46.63457242504843,-23.522100060870077],[-46.63427866715538,-23.522103145525044],[-46.634275322235816,-23.52183227093974]],[[-46.63603451676662,-23.521542880583247],[-46.6360311683436,-23.52127200621647],[-46.63632492413458,-23.52126891835751],[-46.63661867987546,-23.52126582994459],[-46.636615330301375,-23.520994955647453],[-46.63690908539161,-23.520991866720518],[-46.63720284043174,-23.52098877723982],[-46.63719948970672,-23.52071790301235],[-46.63778699843552,-23.520711722468747],[-46.637624832251056,-23.52165724639836],[-46.636037865239615,-23.521813754940137],[-46.63603451676662,-23.521542880583247]],[[-46.65863663889684,-23.51994913527606],[-46.65862985012446,-23.51940739259711],[-46.65892359842989,-23.519404262334017],[-46.65892020351937,-23.51913339101996],[-46.65891680865952,-23.51886251969613],[-46.659210555713216,-23.518859388959754],[-46.65920716030377,-23.518588517666245],[-46.65958168137175,-23.518449071557257],[-46.6592037649451,-23.518317646362863],[-46.658815914438534,-23.518503795838324],[-46.65862306155515,-23.51886564987862],[-46.65759400186899,-23.518721001365506],[-46.657006507810436,-23.518807466917497],[-46.65640055477038,-23.518731472926405],[-46.65627647234842,-23.51916154308914],[-46.6558817928694,-23.518985842324764],[-46.65539184005794,-23.518900045337116],[-46.65538845245435,-23.518629173520193],[-46.6545072109649,-23.518638542349922],[-46.653919716385346,-23.51864478546756],[-46.65333222160343,-23.518651026370083],[-46.65333560500371,-23.518921898468356],[-46.65263284886757,-23.518758885944862],[-46.65302832604053,-23.517841529516105],[-46.65332207170607,-23.517838410015912],[-46.653615817321025,-23.517835289962058],[-46.653612433522696,-23.51756441786444],[-46.65360904977497,-23.517293545756853],[-46.65390279413845,-23.51729042522959],[-46.6539061784866,-23.517561297296993],[-46.654199923399894,-23.5175581761758],[-46.65420330839909,-23.51782904819306],[-46.65537828994777,-23.51781655801004],[-46.65537490254694,-23.517545686153586],[-46.65566864720702,-23.517542562263625],[-46.65596239181654,-23.517539437820016],[-46.65595900326541,-23.51726856603404],[-46.657427722550345,-23.51725293571106],[-46.65742433104792,-23.516982064116444],[-46.6577180741524,-23.51697893643087],[-46.65948053171336,-23.51696015868961],[-46.659648883952165,-23.517081548837975],[-46.65951806853811,-23.5181521549635],[-46.66007481102368,-23.517495637466656],[-46.660368554871994,-23.517492504716927],[-46.66036175980843,-23.516950762343683],[-46.66094924495107,-23.516944495344454],[-46.660828729804805,-23.518174934021182],[-46.660519163198344,-23.5189808888521],[-46.66102974088422,-23.52021843371917],[-46.66011356371883,-23.520702692274412],[-46.65863663889684,-23.51994913527606]],[[-46.6662331926141,-23.51661712228939],[-46.666229783201885,-23.516346251886173],[-46.66652352357979,-23.516343107670092],[-46.6665201136182,-23.516072237297468],[-46.6665167037076,-23.515801366914868],[-46.66710418190894,-23.515795076983657],[-46.66710759302026,-23.516065947285178],[-46.66740133264477,-23.516062801448477],[-46.667404744407484,-23.51633367169969],[-46.66769848458134,-23.516330525268785],[-46.66770189699535,-23.516601395469515],[-46.66770530946049,-23.51687226566036],[-46.66741156808587,-23.5168754121722],[-46.66741839196836,-23.517417152605248],[-46.666537163936155,-23.517426589061607],[-46.666533753770565,-23.517155718728628],[-46.6662400115915,-23.517158863066154],[-46.6662331926141,-23.51661712228939]],[[-46.67679411184544,-23.5154201043975],[-46.67708784858071,-23.515416940370773],[-46.6770844171605,-23.515146071430593],[-46.67767188927642,-23.5151397417977],[-46.677967502539936,-23.5157175715117],[-46.676961561979724,-23.51606094167117],[-46.67679411184544,-23.5154201043975]],[[-46.64284875894846,-23.516678942158787],[-46.641456439708534,-23.517161519507074],[-46.64127174092152,-23.51742410787483],[-46.64068424780842,-23.51743030075375],[-46.64068760513749,-23.517701174622047],[-46.63921886847413,-23.51771664732774],[-46.63921215987055,-23.517174899182944],[-46.63920880564406,-23.516904025095695],[-46.639796296857476,-23.516897837913646],[-46.6397929414803,-23.51662696389618],[-46.64047712140052,-23.516470742372256],[-46.64077400987476,-23.5156362673054],[-46.64172245449742,-23.51541971344827],[-46.64183235779649,-23.515250922754998],[-46.64253551815178,-23.515671464087845],[-46.64284875894846,-23.516678942158787]],[[-46.64288653928813,-23.514530351943012],[-46.64196909222507,-23.51425281783987],[-46.64169142673622,-23.51291750305568],[-46.6409175602471,-23.512551473989955],[-46.64172456574653,-23.511413808580688],[-46.64207570646665,-23.511184717291453],[-46.642079065642,-23.5114555911876],[-46.64325399783334,-23.51144319565172],[-46.64325063625694,-23.511172321915097],[-46.64336862175577,-23.511010819607797],[-46.64419493451306,-23.510471703594973],[-46.64470920393311,-23.51034419456915],[-46.64500293420282,-23.510341091693054],[-46.644999569226435,-23.510070218156585],[-46.64558366228822,-23.509793137357285],[-46.64575088909735,-23.509909380100037],[-46.647459180280904,-23.510123763833686],[-46.647884294752316,-23.512281211421556],[-46.64872190550171,-23.51258703727323],[-46.64935048884089,-23.51292766327077],[-46.649277074895856,-23.513425200411533],[-46.64970031648668,-23.513719354013404],[-46.64955262953561,-23.514720175141257],[-46.64901495908895,-23.51556392823174],[-46.64889901096203,-23.516530780577448],[-46.648397261459635,-23.516182047911293],[-46.647772837444414,-23.515453514391726],[-46.64595147082441,-23.515749245998464],[-46.64594810304015,-23.51547837277957],[-46.64536061994191,-23.51548458281871],[-46.64535725340876,-23.515213709509986],[-46.64502747962737,-23.514732620602192],[-46.64318651258498,-23.51531263079203],[-46.64288653928813,-23.514530351943012]],[[-46.65094507922417,-23.515696370563617],[-46.65104600127822,-23.515875200358703],[-46.651833062455914,-23.516228767799273],[-46.65183644239897,-23.51649964018738],[-46.650955213498285,-23.516508988118435],[-46.65007398414281,-23.51651833106604],[-46.650070607802135,-23.516247458437384],[-46.65029614103193,-23.515824352861816],[-46.65094507922417,-23.515696370563617]],[[-46.652086242143774,-23.51297518180905],[-46.65237997715474,-23.512972064692654],[-46.6523833576918,-23.513242937119106],[-46.652089622080545,-23.51324605427555],[-46.652086242143774,-23.51297518180905]],[[-46.62621762062554,-23.51114634739013],[-46.62745430860571,-23.512006197129082],[-46.62815369338508,-23.51226166061556],[-46.62897432650078,-23.512706501621828],[-46.629317944416336,-23.514451654168123],[-46.630306595234856,-23.515652612874167],[-46.63119371145351,-23.516269337280278],[-46.63106978092755,-23.51710835073077],[-46.63040975855962,-23.518080068085073],[-46.63011600897517,-23.518083144391564],[-46.6301193447879,-23.518354019670372],[-46.629825594553175,-23.518357095462672],[-46.629828929815304,-23.5186279707712],[-46.62924142799515,-23.518634120773598],[-46.6292380939339,-23.518363245385885],[-46.629234759922525,-23.51809236998832],[-46.62894101013857,-23.51809544407965],[-46.627766010504246,-23.51810773490714],[-46.6277626795451,-23.517836859301887],[-46.62834018207955,-23.517018088436956],[-46.62808961708275,-23.516158372568714],[-46.62773936422542,-23.515940729788298],[-46.62757885611143,-23.515766607093553],[-46.6265137204263,-23.51587799106444],[-46.625712203635175,-23.514225282146658],[-46.624994717289205,-23.515040412066753],[-46.624406372936775,-23.514991308171716],[-46.624194478794415,-23.514352288217335],[-46.6245780451099,-23.513626562819592],[-46.62477199046801,-23.513533529861537],[-46.62506573074241,-23.513530464194258],[-46.62506240603281,-23.513259588065427],[-46.625803400011826,-23.51341925334339],[-46.626649796784456,-23.513138493380826],[-46.624762018289445,-23.512720901327118],[-46.624384147622926,-23.512589388633124],[-46.62475869432932,-23.512450025129223],[-46.62505243220237,-23.512446959619847],[-46.625049107691765,-23.512176083451646],[-46.625045783230796,-23.51190520727342],[-46.62545229800731,-23.51163005313164],[-46.62503913445812,-23.51136345488753],[-46.62503581014632,-23.511092578679808],[-46.62532954496837,-23.511089512814184],[-46.62532622010605,-23.510818636635985],[-46.62549053495901,-23.510698910451495],[-46.62574221175884,-23.50953393239091],[-46.62644278685486,-23.509621941155658],[-46.62621762062554,-23.51114634739013]],[[-46.62502583750927,-23.510279949997262],[-46.62443837131734,-23.51028607983074],[-46.62443172554221,-23.509744327168463],[-46.62501918933327,-23.50973819749286],[-46.62502583750927,-23.510279949997262]],[[-46.62302947186556,-23.51517717046053],[-46.623019509598485,-23.51436454139378],[-46.623313251972014,-23.514361478930176],[-46.62403369575846,-23.514985490090844],[-46.62302947186556,-23.51517717046053]],[[-46.62269874238898,-23.51605117414266],[-46.62196901442693,-23.517110542952153],[-46.621587294461975,-23.51735948705108],[-46.62170390154026,-23.516623221175866],[-46.62215830622998,-23.51534650815463],[-46.62269874238898,-23.51605117414266]],[[-46.625274784197565,-23.516680843921467],[-46.62541600884519,-23.51813228998064],[-46.625122258413874,-23.51813535687283],[-46.62512558401864,-23.518406232823857],[-46.62483183293709,-23.518409299201714],[-46.62483515799109,-23.518680175182354],[-46.62483848309483,-23.51895105115312],[-46.624544730762544,-23.51895411705613],[-46.62454140625932,-23.518683241045885],[-46.624323850876465,-23.51834044073261],[-46.62354612163796,-23.517942220819666],[-46.624425496208715,-23.51694725861621],[-46.625274784197565,-23.516680843921467]],[[-46.597017161128846,-23.516369571360702],[-46.59814707159592,-23.516136668792075],[-46.597860614534106,-23.517379718316317],[-46.596912183186475,-23.51761456085047],[-46.597017161128846,-23.516369571360702]],[[-46.59632193136809,-23.51842192862264],[-46.59545974016318,-23.5189840201573],[-46.59516598350402,-23.518987030638854],[-46.595146397821374,-23.517361750903355],[-46.59577530434797,-23.51706539310451],[-46.596422261688396,-23.51752857577328],[-46.596912183186475,-23.51761456085047],[-46.59632193136809,-23.51842192862264]],[[-46.598687788579916,-23.518679988841527],[-46.599039779034825,-23.518839675396915],[-46.59869760355322,-23.51949262720902],[-46.598403846230674,-23.519495643860377],[-46.59839730406728,-23.5189538848809],[-46.59869106018873,-23.51895086830721],[-46.598687788579916,-23.518679988841527]],[[-46.61295230339228,-23.519963461915054],[-46.61280119791321,-23.51961805418594],[-46.61309495342821,-23.519615010357178],[-46.61295230339228,-23.519963461915054]],[[-46.61309165224593,-23.51934413283282],[-46.61338540711112,-23.519341088489497],[-46.61338210537766,-23.51907021099447],[-46.61396961375875,-23.51906412072461],[-46.61397621967708,-23.519605875547974],[-46.61309495342821,-23.519615010357178],[-46.61309165224593,-23.51934413283282]],[[-46.622591602790635,-23.519186004664103],[-46.62285212278193,-23.519420848463024],[-46.62249510379361,-23.519517315413566],[-46.622591602790635,-23.519186004664103]],[[-46.636885635572526,-23.519095746642282],[-46.63717938640892,-23.51909265743989],[-46.63747313719531,-23.51908956768369],[-46.6374798392951,-23.519631316167832],[-46.637186087307796,-23.51963440600359],[-46.63718943783239,-23.519905280270546],[-46.63689568519435,-23.51990836959225],[-46.63660193250631,-23.519911458360127],[-46.63660528187994,-23.52018233269683],[-46.63601777515253,-23.520188508650595],[-46.635913521157136,-23.519738793814682],[-46.635713979147624,-23.51937897239941],[-46.636595233909304,-23.519369709657187],[-46.6368889853964,-23.519366620968842],[-46.636885635572526,-23.519095746642282]],[[-46.620961526738945,-23.52012691895311],[-46.62415890463637,-23.52050802552024],[-46.624558029272634,-23.52003762099836],[-46.62514553869151,-23.520031488322726],[-46.626269840352116,-23.52135844150123],[-46.62706818260241,-23.52197828174748],[-46.6265067903522,-23.52233009567396],[-46.62472543571047,-23.522599438147118],[-46.62354159784448,-23.523014387125535],[-46.62018486196423,-23.522792310527663],[-46.61989110042956,-23.52279536812071],[-46.61988778484025,-23.522524491618157],[-46.62028330949769,-23.52168505483468],[-46.62004430315636,-23.5209810805757],[-46.61883653674866,-23.520647930157814],[-46.61775971908931,-23.520969538951288],[-46.61807702630654,-23.51999147952263],[-46.61779834578873,-23.519837110662266],[-46.61779503494858,-23.519566233775816],[-46.61838254424817,-23.51956012673406],[-46.62014507095781,-23.51954179231718],[-46.620438825235894,-23.5195387346426],[-46.620961526738945,-23.52012691895311]],[[-46.60263411126547,-23.520866106699756],[-46.602529562836544,-23.520536876003657],[-46.60288884815391,-23.520625922610595],[-46.60263411126547,-23.520866106699756]],[[-46.61017057725809,-23.52072893528665],[-46.61056520895204,-23.520904755047052],[-46.61154509042616,-23.521076632118596],[-46.61165256257186,-23.52179724536876],[-46.61135880200545,-23.521800286741495],[-46.61136539810061,-23.522342042072754],[-46.61107163628371,-23.522345082969874],[-46.611074933804574,-23.522615960659774],[-46.61078117133772,-23.522619001042194],[-46.61078446830734,-23.522889878761376],[-46.61019364625611,-23.522625080145172],[-46.61018705486744,-23.52208332452063],[-46.61018375924698,-23.52181244669362],[-46.609889998434056,-23.521815485296912],[-46.60988011367032,-23.521002851639025],[-46.61017387268131,-23.520999813153185],[-46.61017057725809,-23.52072893528665]],[[-46.615751977683445,-23.520671099562524],[-46.6160457351066,-23.520668050038438],[-46.61642930263599,-23.52082126672764],[-46.61575528451766,-23.520941976684494],[-46.615751977683445,-23.520671099562524]],[[-46.63777694295795,-23.519899099965727],[-46.63807069544564,-23.519896008982613],[-46.638074047821846,-23.520166883120346],[-46.637780294733716,-23.520169974143244],[-46.63777694295795,-23.519899099965727]],[[-46.637766887931484,-23.51908647737377],[-46.63864813983943,-23.519077203120965],[-46.638651493266345,-23.51934807720879],[-46.63835774207996,-23.51935116921994],[-46.63777023955688,-23.51935735158099],[-46.637766887931484,-23.51908647737377]],[[-46.594842854335546,-23.516552120481553],[-46.59449265025257,-23.51633439994037],[-46.59424230322786,-23.515474617374103],[-46.59453605222716,-23.515471609057673],[-46.594532789660136,-23.51520072892073],[-46.59482653801032,-23.515197720089283],[-46.594823274891574,-23.514926839981232],[-46.594913262314215,-23.514204187539473],[-46.5951039682044,-23.51384031025911],[-46.59673528188792,-23.514219888769095],[-46.597302257765854,-23.51432659525424],[-46.59656457220274,-23.515578405535535],[-46.59495949089661,-23.515865423835837],[-46.595303307133,-23.516419122317515],[-46.594842854335546,-23.516552120481553]],[[-46.64970958396195,-23.517470372546825],[-46.650084113468,-23.517330948892752],[-46.650087490010755,-23.517601821481815],[-46.64970958396195,-23.517470372546825]],[[-46.65164926162348,-23.516984049239987],[-46.65190982539833,-23.51721884181266],[-46.65155283781378,-23.51731537394317],[-46.65164926162348,-23.516984049239987]],[[-46.65067160335789,-23.51732472057415],[-46.650768029415545,-23.51699339629276],[-46.65102859174393,-23.517228190427893],[-46.65067160335789,-23.51732472057415]],[[-46.6115557811751,-23.525256042967282],[-46.61126415994167,-23.52487577782275],[-46.61081084583885,-23.525056900159743],[-46.61063805708703,-23.524936758260516],[-46.61079765667865,-23.523973389539517],[-46.61079435951182,-23.523702511859774],[-46.611088124381354,-23.523699471320874],[-46.61138188920147,-23.52369643022794],[-46.61189381089048,-23.52439360821222],[-46.6115557811751,-23.525256042967282]],[[-46.62477548434123,-23.52775924445314],[-46.624461203361776,-23.529258386024654],[-46.623198898807104,-23.52899185099901],[-46.623195575468195,-23.528720975156883],[-46.62290180121386,-23.528724039156607],[-46.62253424610653,-23.528495653379398],[-46.62217424288825,-23.527098687399242],[-46.6225847733395,-23.52683097087899],[-46.62375672112312,-23.52655762579201],[-46.62477548434123,-23.52775924445314]],[[-46.6091543057978,-23.509632043131997],[-46.60953215509391,-23.50976359414828],[-46.60915759740028,-23.50990292152027],[-46.6091543057978,-23.509632043131997]],[[-46.60899658696225,-23.51054667948897],[-46.607979647415355,-23.510833570175354],[-46.60827968347677,-23.510182904019917],[-46.608276393625665,-23.509912025524176],[-46.608570128266464,-23.509908991409766],[-46.60915759740028,-23.50990292152027],[-46.60899658696225,-23.51054667948897]],[[-46.606497554236995,-23.50857582478686],[-46.6072008030627,-23.50873454832529],[-46.60738861345504,-23.509379367290286],[-46.60689871809756,-23.509293413810862],[-46.606497554236995,-23.50857582478686]],[[-46.624257841890895,-23.50830910877709],[-46.625131212002145,-23.50801073156768],[-46.625414104955176,-23.509070737410784],[-46.624131349195956,-23.509205638395304],[-46.624257841890895,-23.50830910877709]],[[-46.63527635933113,-23.50773444536363],[-46.63488753841521,-23.50685196866623],[-46.63689941040088,-23.50651574258344],[-46.6379198903953,-23.507706662555883],[-46.63792324051605,-23.507977537138284],[-46.63762951444251,-23.507980626370653],[-46.637632864013135,-23.508251500982983],[-46.635525297332116,-23.508175714061124],[-46.63527635933113,-23.50773444536363]],[[-46.63839993183109,-23.506511272941303],[-46.63892263956143,-23.5069649336707],[-46.6382069145274,-23.507161823694865],[-46.63839993183109,-23.506511272941303]],[[-46.66649965491967,-23.514447014853786],[-46.66620591874408,-23.5144501587865],[-46.666101569303585,-23.51400046938698],[-46.66590195745833,-23.513640690567296],[-46.66589173285795,-23.5128280788799],[-46.666185465482904,-23.512824935743694],[-46.66618205678451,-23.512554065201904],[-46.66647578875823,-23.51255092155266],[-46.66647919805678,-23.512821792053884],[-46.66677293057976,-23.512818647810448],[-46.66677634052967,-23.513089518261374],[-46.66677975053059,-23.513360388702342],[-46.667073484203,-23.513357243824398],[-46.6670768948552,-23.51362811421497],[-46.666783160582504,-23.51363125913351],[-46.66678998083925,-23.51417299996601],[-46.6667968013001,-23.514714740758965],[-46.66650306457519,-23.514717885285815],[-46.66649965491967,-23.514447014853786]],[[-46.6785153218151,-23.512150686441593],[-46.67851188800961,-23.511879817586326],[-46.678218159334364,-23.51188298385128],[-46.678214726180435,-23.511612114945347],[-46.67804420400863,-23.51097779345093],[-46.67762726987633,-23.51161844573299],[-46.67733354164728,-23.511621610296537],[-46.67733697300057,-23.511892479324747],[-46.67645578620497,-23.511901969816087],[-46.67645235665221,-23.511631100665674],[-46.67664282854165,-23.511267136127337],[-46.67673579488412,-23.510815330374374],[-46.67702952141533,-23.510812167040168],[-46.6770260908674,-23.51054129793167],[-46.67731981674703,-23.51053813408465],[-46.67731638565034,-23.51026726500691],[-46.677610110878575,-23.510264100647206],[-46.67759981609581,-23.509451493476885],[-46.677596384604264,-23.509180624400233],[-46.677890107380605,-23.509177459650108],[-46.67818383010561,-23.50917429434628],[-46.6781872627974,-23.509445163341326],[-46.678480986071186,-23.509441997443307],[-46.67877470929361,-23.509438830991797],[-46.67878157723181,-23.509980568789082],[-46.67878501127795,-23.5102514376729],[-46.67907873624945,-23.51024827054551],[-46.67908217094702,-23.510519139378644],[-46.679085605696066,-23.51079000820181],[-46.67937933181653,-23.510786840439383],[-46.679386202669015,-23.511328577974524],[-46.67939650933319,-23.512141184202914],[-46.67939994499071,-23.512412052925928],[-46.67910621526913,-23.512415220933192],[-46.67910965037782,-23.51268608968711],[-46.67911308553787,-23.51295695843104],[-46.67881935456443,-23.512960125966295],[-46.67852562353973,-23.512963292947937],[-46.6785153218151,-23.512150686441593]],[[-46.689359077820924,-23.510137072370263],[-46.6896528009373,-23.51013388531625],[-46.689649344686266,-23.509863017946238],[-46.689943067150715,-23.509859830379842],[-46.68994652400199,-23.51013069770872],[-46.69024024701496,-23.510127509547758],[-46.69024716207274,-23.510669244093865],[-46.68965971359457,-23.51067562002658],[-46.689365989277995,-23.510678807162584],[-46.689359077820924,-23.510137072370263]],[[-46.66764048135014,-23.51172573034204],[-46.667346751381245,-23.511728876084288],[-46.66734334048591,-23.511458005664835],[-46.66763706985468,-23.511454859963177],[-46.66764048135014,-23.51172573034204]],[[-46.66761660195314,-23.50982963748208],[-46.66732287618538,-23.509832782940673],[-46.66731946564715,-23.509561912452025],[-46.667513371671845,-23.509468828211634],[-46.66789668102209,-23.50874300977993],[-46.668484127501436,-23.50873671641925],[-46.66887879010776,-23.50891238622871],[-46.66966243503339,-23.508994993249978],[-46.669672680898195,-23.509807603772824],[-46.669966406257416,-23.509804453886048],[-46.66996982224802,-23.51007532399999],[-46.67026354815631,-23.510072173519024],[-46.67029088272181,-23.512239133749656],[-46.66922859632877,-23.51290299070333],[-46.66869677245133,-23.512489814538302],[-46.66810594932954,-23.51156048851184],[-46.66763706985468,-23.511454859963177],[-46.66761660195314,-23.50982963748208]],[[-46.66395684116993,-23.510757786944847],[-46.66380496982163,-23.510412227188162],[-46.664098697401315,-23.510409088290984],[-46.664461473574555,-23.51053573698298],[-46.66395684116993,-23.510757786944847]],[[-46.71733771814093,-23.5078752939352],[-46.71759837196837,-23.508109971107835],[-46.717241466628806,-23.50820664984703],[-46.71733771814093,-23.5078752939352]],[[-46.689632064206215,-23.508508680947646],[-46.68933834469052,-23.50851186775532],[-46.689334889349645,-23.508241000284894],[-46.68904117038225,-23.508244186498057],[-46.68903426105578,-23.507702451445347],[-46.68902735193591,-23.507160716352967],[-46.689321068503055,-23.50715753030385],[-46.6893245236372,-23.507428397813957],[-46.68961824075271,-23.50742521117035],[-46.689632064206215,-23.508508680947646]],[[-46.714000085872854,-23.50742965453449],[-46.714293799214936,-23.507426421361817],[-46.714297305455354,-23.50769728533824],[-46.71400359151324,-23.507700518552557],[-46.714000085872854,-23.50742965453449]],[[-46.67750336572759,-23.506921634091093],[-46.677757933480564,-23.506681336180197],[-46.67786265249505,-23.50701050700706],[-46.67750336572759,-23.506921634091093]],[[-46.69178243327641,-23.50647834936392],[-46.691069532400334,-23.506054933233138],[-46.69106607392469,-23.505784065919812],[-46.69205743628261,-23.505917133019114],[-46.69261775127602,-23.506690572898183],[-46.69178243327641,-23.50647834936392]],[[-46.695270893419554,-23.50513714729373],[-46.695531504929676,-23.505371864085884],[-46.69517458726121,-23.50546849276602],[-46.695270893419554,-23.50513714729373]],[[-46.68752080485984,-23.5041970923249],[-46.68751735394551,-23.50392622444988],[-46.687811063571125,-23.503923041659853],[-46.687821418268946,-23.504735645132424],[-46.68752770684347,-23.50473882804535],[-46.68752080485984,-23.5041970923249]],[[-46.69354088181055,-23.504055684595894],[-46.6936921723071,-23.504401003673202],[-46.693398462515965,-23.504404197612434],[-46.69354088181055,-23.504055684595894]],[[-46.68717260544767,-23.517924280597594],[-46.68681564714482,-23.518020892261323],[-46.686911981585666,-23.517689550740176],[-46.68717260544767,-23.517924280597594]],[[-46.694915384898124,-23.51938416092533],[-46.694059194884936,-23.518881518020834],[-46.69475357176595,-23.51847648260316],[-46.69504731255846,-23.518473284309664],[-46.694915384898124,-23.51938416092533]],[[-46.668712897028605,-23.526885008405884],[-46.66852019497917,-23.52647535777193],[-46.669095676381396,-23.52563940388234],[-46.67053454541259,-23.52540028288372],[-46.67028276060389,-23.52649553895768],[-46.668712897028605,-23.526885008405884]],[[-46.66312797817116,-23.52667388698802],[-46.663300156421094,-23.525668977169452],[-46.66438374973434,-23.525804817079365],[-46.66472301204789,-23.526516286979334],[-46.66312797817116,-23.52667388698802]],[[-46.651664389481795,-23.52625415754467],[-46.65176081804106,-23.52592283278611],[-46.652021400865074,-23.526157640444012],[-46.651664389481795,-23.52625415754467]],[[-46.616759012759914,-23.53095526854721],[-46.616855532841576,-23.530623960570498],[-46.61711606732074,-23.530858829495486],[-46.616759012759914,-23.53095526854721]],[[-46.62188451503641,-23.53217099612442],[-46.62139245037824,-23.532652995729844],[-46.62117898751769,-23.531992924283113],[-46.62188451503641,-23.53217099612442]],[[-46.62483727771787,-23.53217732783876],[-46.62449322989452,-23.53425838375615],[-46.6235425386737,-23.53305192226013],[-46.62382967192019,-23.53250710528121],[-46.62483727771787,-23.53217732783876]],[[-46.626239879082604,-23.537358314101336],[-46.62594608609457,-23.5373613849059],[-46.625942755805085,-23.537090509725317],[-46.6262365481919,-23.537087438960263],[-46.626239879082604,-23.537358314101336]],[[-46.62608043320983,-23.53787653513584],[-46.62419330746857,-23.538192424286514],[-46.624606566727785,-23.53749340601551],[-46.62519727819533,-23.537251182044763],[-46.62608043320983,-23.53787653513584]],[[-46.620373966777045,-23.538232252607767],[-46.6204704817847,-23.537900942891685],[-46.6207310374715,-23.53813580440541],[-46.620373966777045,-23.538232252607767]],[[-46.62684412612058,-23.538706545991072],[-46.62655033022653,-23.538709618101866],[-46.62654699848578,-23.538438743049767],[-46.62684079377866,-23.5384356709785],[-46.62684412612058,-23.538706545991072]],[[-46.62235883262397,-23.540660572134243],[-46.62113543136396,-23.54050691784975],[-46.62011003896933,-23.54067319545681],[-46.62025459034931,-23.539470020972658],[-46.622194203137575,-23.53970815058519],[-46.62235883262397,-23.540660572134243]],[[-46.61041787079317,-23.541044747887533],[-46.61004097566694,-23.54010948781274],[-46.61113684079645,-23.540438963484036],[-46.61041787079317,-23.541044747887533]],[[-46.618257339120866,-23.54156460579783],[-46.61799678040669,-23.54132974036884],[-46.61835386141083,-23.541233297105347],[-46.618257339120866,-23.54156460579783]],[[-46.61845038326681,-23.540901988366073],[-46.61871094184525,-23.54113685304936],[-46.61835386141083,-23.541233297105347],[-46.61845038326681,-23.540901988366073]],[[-46.6155673417129,-23.542969278266913],[-46.614851383556,-23.543166072675827],[-46.61471888966147,-23.543017011960778],[-46.61384027236152,-23.542383146903376],[-46.614441699063626,-23.54196620732609],[-46.6155673417129,-23.542969278266913]],[[-46.616707442944055,-23.54254557683678],[-46.61696800204381,-23.542780444385308],[-46.616610915715306,-23.542876884733396],[-46.616707442944055,-23.54254557683678]],[[-46.61651441434658,-23.54305778927144],[-46.6156891223527,-23.543248382152463],[-46.61601658434802,-23.542612149851433],[-46.616610915715306,-23.542876884733396],[-46.61651441434658,-23.54305778927144]],[[-46.618526746082445,-23.542460682077348],[-46.61956951519027,-23.542095250415326],[-46.62027009455052,-23.542637943467934],[-46.619098866496095,-23.542976376026594],[-46.618381021539285,-23.543355521721402],[-46.617955709380595,-23.543821175504096],[-46.617211782349166,-23.54395428103475],[-46.61736159068055,-23.542797351910945],[-46.618526746082445,-23.542460682077348]],[[-46.6277481160947,-23.54347332831968],[-46.628670292941095,-23.543834720538083],[-46.62867696688352,-23.54437646968344],[-46.62868697817118,-23.545189093327323],[-46.628393168145855,-23.545192169713744],[-46.62840317807836,-23.54600479338737],[-46.62840985161601,-23.546546542453694],[-46.62811603853392,-23.546549618483425],[-46.6281227110682,-23.547091367589292],[-46.628126047410184,-23.547362242127456],[-46.627832232474006,-23.54736531772133],[-46.62783556826431,-23.547636192289175],[-46.62783890410456,-23.54790706684706],[-46.62754508791561,-23.54791014196556],[-46.627548423204246,-23.548181016553126],[-46.62725460636397,-23.548184091156593],[-46.627261275887804,-23.54872584038118],[-46.62696745779471,-23.548728914509145],[-46.626970792029894,-23.548999789146066],[-46.62667697328557,-23.549002862758957],[-46.62668030696907,-23.549273737425622],[-46.62648326904285,-23.54940222499467],[-46.62593021615337,-23.55020496266857],[-46.625818840952356,-23.550908203558837],[-46.62523119459388,-23.550914346346232],[-46.625221201819194,-23.550101721901935],[-46.62521787099392,-23.54983084706743],[-46.62521120949252,-23.549289097368682],[-46.62550502908738,-23.54928602648925],[-46.62597728607715,-23.54905955343243],[-46.62607600622331,-23.54792550923938],[-46.626066009678254,-23.547112884824394],[-46.62635982431198,-23.54710981259725],[-46.62635649162849,-23.546838937812062],[-46.626333164238524,-23.544942814038475],[-46.62662697401137,-23.544939741573053],[-46.62662030828831,-23.54439799191357],[-46.62721675209477,-23.544258017952888],[-46.6277481160947,-23.54347332831968]],[[-46.622065633649896,-23.5563655947213],[-46.6216876376567,-23.556234082930317],[-46.62206230829864,-23.55609471968016],[-46.622065633649896,-23.5563655947213]],[[-46.62060642130883,-23.557193541072763],[-46.620312583421224,-23.557196603665684],[-46.62030926153148,-23.556925728417784],[-46.6206030988173,-23.556922665864157],[-46.62060642130883,-23.557193541072763]],[[-46.61885003114938,-23.557753659168007],[-46.61855619176059,-23.557756718510696],[-46.618698861032804,-23.557408262006916],[-46.61885003114938,-23.557753659168007]],[[-46.61475282871322,-23.559150819202614],[-46.61437483069967,-23.559019289707923],[-46.61474951791093,-23.55887994327706],[-46.61475282871322,-23.559150819202614]],[[-46.614746207158106,-23.558609067341628],[-46.61504004899629,-23.558606015094064],[-46.615036737691106,-23.558335139188],[-46.61688192312501,-23.557659221199053],[-46.61709362495984,-23.558313758193805],[-46.61634424759492,-23.55844202533835],[-46.61474951791093,-23.55887994327706],[-46.614746207158106,-23.558609067341628]],[[-46.613877917432674,-23.559701724908436],[-46.61349991854077,-23.559570193333194],[-46.613874608336964,-23.559430848884922],[-46.613877917432674,-23.559701724908436]],[[-46.61243183870889,-23.56161310354434],[-46.612528387242236,-23.56128179768264],[-46.61278897847504,-23.561516670071622],[-46.61243183870889,-23.56161310354434]],[[-46.6146834110271,-23.563077655448527],[-46.614355405868224,-23.564686251461236],[-46.614234655476004,-23.564845315992258],[-46.61394079964491,-23.564848367477385],[-46.61393417962407,-23.564306615796006],[-46.6136403249476,-23.564309666647745],[-46.613637015613385,-23.56403879075303],[-46.613343161489496,-23.56404184101044],[-46.613042691204036,-23.563503138736948],[-46.61303938322205,-23.5632322627342],[-46.613032767406445,-23.562690510698985],[-46.61381449339217,-23.562591388012233],[-46.6142048615217,-23.562407433467936],[-46.61449871188537,-23.56240438178087],[-46.6146834110271,-23.563077655448527]],[[-46.6112762679806,-23.563250548588446],[-46.61137282039228,-23.5629192432874],[-46.61163341311402,-23.56315411750237],[-46.6112762679806,-23.563250548588446]],[[-46.61071168570369,-23.565152773438943],[-46.61033367351354,-23.56502123493207],[-46.610708382241604,-23.564881897182037],[-46.61071168570369,-23.565152773438943]],[[-46.609559366062584,-23.567061084181525],[-46.609181349253355,-23.566929543138063],[-46.60955606466339,-23.566790207837297],[-46.609559366062584,-23.567061084181525]],[[-46.60606926471623,-23.57007720684824],[-46.605691242008355,-23.569945657643412],[-46.60606597000106,-23.56980633014386],[-46.60606926471623,-23.57007720684824]],[[-46.60432250830806,-23.57144980317956],[-46.60402863634888,-23.571452836729193],[-46.60402534560342,-23.57118195980111],[-46.60431921696032,-23.571178926290454],[-46.60432250830806,-23.57144980317956]],[[-46.60376108725574,-23.573622885104417],[-46.603467210379726,-23.573625917855495],[-46.60346392044568,-23.5733550409285],[-46.60375779671925,-23.573352008216396],[-46.60376108725574,-23.573622885104417]],[[-46.599448113824025,-23.581523760453265],[-46.59915421874001,-23.58152678600253],[-46.59915093641958,-23.581255908778257],[-46.59944483090099,-23.581252883267965],[-46.599448113824025,-23.581523760453265]],[[-46.59320877100667,-23.588165808961097],[-46.59305762645474,-23.587820386386557],[-46.593351536428976,-23.58781737161188],[-46.59320877100667,-23.588165808961097]],[[-46.595702814462825,-23.587793233411187],[-46.59599672399706,-23.587790213635632],[-46.59600000086308,-23.588061091049873],[-46.5957060907261,-23.58806411086414],[-46.595702814462825,-23.587793233411187]],[[-46.57561318275791,-23.530022763634356],[-46.575703280856246,-23.52930011743455],[-46.576059760635296,-23.52860791037304],[-46.5762979216475,-23.529888077095194],[-46.57561318275791,-23.530022763634356]],[[-46.55766675737082,-23.528036109129125],[-46.55737297526448,-23.528039049373344],[-46.55736978680893,-23.527768164816948],[-46.55766356831448,-23.52776522461058],[-46.55766675737082,-23.528036109129125]],[[-46.553604700320655,-23.5324113815489],[-46.55301711549636,-23.53241724717573],[-46.55284196686987,-23.532276062805405],[-46.55298531560506,-23.52970839707538],[-46.553279102031155,-23.52970546491647],[-46.553572888409704,-23.529702532203398],[-46.553576069386786,-23.52997341718231],[-46.55358243148356,-23.530515187110446],[-46.553585612603335,-23.530786072059772],[-46.553604700320655,-23.5324113815489]],[[-46.55154815260365,-23.532431901543607],[-46.55125435988262,-23.53243483075452],[-46.55087082296987,-23.53228143480539],[-46.551544975405754,-23.532161016389285],[-46.55154815260365,-23.532431901543607]],[[-46.485465971551385,-23.48268505782332],[-46.484584897108405,-23.48269345284722],[-46.484575798533136,-23.481880766872457],[-46.48545686758111,-23.481872372173225],[-46.485465971551385,-23.48268505782332]]]},"geometry_name":"ge_poligono","properties":{"cd_identificador_area_inundavel":36,"qt_tempo_retorno":100,"qt_cota_inundacao":null,"dt_carga":"2026-05-29Z"}}],"barch_provenance":{"source":"docs/relatorios/2026-09-28-terreno-talma-hely/evidencias/geosampa-area_inundavel.geojson","source_layer":"area_inundavel","input_sha256":"0a50959ffbf085174e1c6d87df3a396402467834b01d139404eac02e867062fb","crs_original":"EPSG:31983","output":"EPSG:4326","operation":"explicit make_valid in source CRS then reprojection; original preserved","captured_at":"2026-09-28","note":"PDMAT TR100 área inundável; diferente da camada mancha_inundacao_100.","topology_repair":{"reason":"Ring Self-intersection[348812.17031762 7402261.79756927]","sourceAreaM2":42425718.49607396,"repairedAreaM2":42425718.49607398,"deltaPct":4.440892098500626e-14,"originalPreserved":"inundacao-pdmat-original-reprojetada.geojson","authority":"derived_reference_only"}}}