{"type":"FeatureCollection","features":[{"type":"Feature","id":"310900610000006","properties":{"code":"310900610000006","population":307,"areaKm2":8.1926501,"densityHabKm2":37.47,"households":167,"situation":"Rural","district":"Aranha","neighborhood":null,"containsReferencePoint":false,"fullyWithinRadius":false,"centroidDistanceM":3279,"statisticalYear":2022,"tabularRevision":"2026-05-20","geometryRelease":"2024-11-13"},"geometry":{"type":"Polygon","coordinates":[[[-44.01617239999996,-20.215690699999982],[-44.01604699999996,-20.215603999999928],[-44.01581599999997,-20.21544099999994],[-44.01558499999993,-20.215300999999954],[-44.01517199999995,-20.21502099999998],[-44.01491599999997,-20.214856999999938],[-44.014684999999986,-20.214774999999975],[-44.014452999999946,-20.214760999999953],[-44.014219999999966,-20.214770999999928],[-44.014035999999976,-20.21490799999998],[-44.013826999999935,-20.215033999999946],[-44.01360599999998,-20.215169999999944],[-44.01339599999994,-20.215329999999938],[-44.01318799999996,-20.215432999999962],[-44.01291799999996,-20.21556899999996],[-44.01263499999993,-20.215716999999927],[-44.01240199999995,-20.215806999999927],[-44.01211999999998,-20.21589799999998],[-44.01191099999994,-20.216091999999946],[-44.01170099999996,-20.21627499999994],[-44.01146799999998,-20.216399999999965],[-44.01124699999997,-20.21651399999996],[-44.01098899999994,-20.216650999999956],[-44.010742999999934,-20.21683299999995],[-44.01053399999995,-20.216969999999947],[-44.01029999999997,-20.21712999999994],[-44.01013899999998,-20.21734799999996],[-44.010001999999986,-20.217646999999943],[-44.009889999999984,-20.21788799999996],[-44.009765999999956,-20.218140999999946],[-44.00971499999997,-20.21835999999996],[-44.00971299999998,-20.218636999999944],[-44.009758999999974,-20.218925999999954],[-44.00989099999998,-20.21927299999993],[-44.00998599999997,-20.219573999999966],[-44.010069999999985,-20.219781999999952],[-44.010261999999955,-20.22017599999998],[-44.01040599999993,-20.220442999999932],[-44.01048999999995,-20.220662999999945],[-44.01056099999994,-20.220905999999957],[-44.010607999999934,-20.22118299999994],[-44.010640999999964,-20.22155299999997],[-44.010674999999935,-20.221852999999953],[-44.01070899999996,-20.22216499999996],[-44.010730999999964,-20.222429999999974],[-44.01072899999997,-20.22276499999998],[-44.01067699999993,-20.223075999999935],[-44.01058999999998,-20.22328299999998],[-44.01042899999993,-20.223477999999943],[-44.01010999999994,-20.22365999999994],[-44.009863999999936,-20.223738999999966],[-44.009559499999966,-20.223956699999974],[-44.00940469999995,-20.224167399999942],[-44.00918339999998,-20.224466999999947],[-44.008988999999985,-20.224644199999943],[-44.00865769999996,-20.224845499999958],[-44.00835669999998,-20.225070899999935],[-44.00809869999995,-20.225234899999975],[-44.00780589999994,-20.225549899999976],[-44.00756129999996,-20.22581809999997],[-44.00736859999995,-20.225981499999932],[-44.00730979999997,-20.22609989999995],[-44.007274999999936,-20.226290199999937],[-44.00722609999997,-20.226495799999952],[-44.007129599999985,-20.226624199999947],[-44.007023499999946,-20.226709099999937],[-44.00682359999996,-20.226805199999944],[-44.00658269999997,-20.227057699999932],[-44.00627149999997,-20.22747339999995],[-44.00610799999998,-20.228291999999954],[-44.006129999999985,-20.22862699999996],[-44.00624899999997,-20.228973999999937],[-44.00640599999997,-20.229263999999944],[-44.00653799999998,-20.22949499999993],[-44.00665799999996,-20.22972699999997],[-44.00677799999994,-20.23000499999995],[-44.00688699999995,-20.230213999999933],[-44.00700599999993,-20.23051499999997],[-44.00702899999993,-20.230768999999952],[-44.00709269999993,-20.231009099999937],[-44.00713609999997,-20.23132229999993],[-44.00712269999997,-20.231619099999932],[-44.00701809999998,-20.232045099999937],[-44.006943699999965,-20.232432699999947],[-44.00685809999993,-20.23284129999996],[-44.007127099999934,-20.232879499999967],[-44.00734219999998,-20.23298669999997],[-44.00760309999998,-20.23316619999997],[-44.007813899999974,-20.23339219999997],[-44.007705199999975,-20.233624499999962],[-44.007668999999964,-20.233801099999937],[-44.00762649999996,-20.234000999999978],[-44.00760749999995,-20.234193699999935],[-44.00762449999996,-20.234350399999983],[-44.007650799999965,-20.23455819999998],[-44.00771059999994,-20.23477399999996],[-44.007834299999956,-20.235027299999956],[-44.00792339999998,-20.235401099999933],[-44.00793379999993,-20.23567259999993],[-44.00789559999998,-20.235959899999955],[-44.00780549999996,-20.236247999999932],[-44.00773909999998,-20.23646789999998],[-44.007667899999944,-20.236665199999948],[-44.00756779999995,-20.236927899999955],[-44.00746529999998,-20.237035899999967],[-44.007449099999974,-20.237335299999927],[-44.00748379999993,-20.23777679999995],[-44.00752309999996,-20.238346299999932],[-44.00751589999993,-20.238898699999936],[-44.00742799999995,-20.239998999999955],[-44.00725719999997,-20.241938799999957],[-44.007930699999974,-20.241643299999964],[-44.00880489999997,-20.24133009999997],[-44.00959649999993,-20.241245999999933],[-44.010314499999936,-20.241192199999944],[-44.01132839999997,-20.240904099999966],[-44.01248749999996,-20.242528999999934],[-44.01242899999994,-20.24428309999996],[-44.01242959999996,-20.244284799999946],[-44.01303939999997,-20.246297099999936],[-44.01404579999996,-20.247105699999963],[-44.01514229999998,-20.247566999999947],[-44.01632149999995,-20.25052859999994],[-44.01668569999998,-20.250406099999964],[-44.01736569999997,-20.25027419999998],[-44.01754399999993,-20.250243699999942],[-44.017678399999966,-20.25023669999996],[-44.01780099999996,-20.250278799999933],[-44.01792309999996,-20.25035669999994],[-44.018110999999976,-20.25062879999996],[-44.018282399999975,-20.250826899999936],[-44.01840359999994,-20.251006699999948],[-44.01850769999993,-20.25117389999997],[-44.01869489999996,-20.251330699999983],[-44.01906219999995,-20.25151619999997],[-44.01959309999995,-20.251925899999947],[-44.01978529999997,-20.251992899999948],[-44.02006449999993,-20.25200259999997],[-44.02028269999994,-20.25201409999994],[-44.02045949999996,-20.252060099999937],[-44.020610799999986,-20.252170399999954],[-44.02102679999996,-20.252611499999944],[-44.02131629999997,-20.25285279999997],[-44.02152429999995,-20.25310419999994],[-44.02163719999993,-20.25331079999995],[-44.02175409999995,-20.253505899999936],[-44.02187559999993,-20.253636099999937],[-44.02212289999994,-20.253733499999953],[-44.02232749999996,-20.25354189999996],[-44.02254419999997,-20.253339599999947],[-44.022761199999934,-20.253255699999954],[-44.02333319999997,-20.253132999999934],[-44.02379199999996,-20.253026199999965],[-44.02401919999994,-20.252929799999947],[-44.024220499999956,-20.252837099999965],[-44.024401299999965,-20.25262429999998],[-44.024568999999985,-20.25237409999994],[-44.02471699999995,-20.252292299999965],[-44.02486289999996,-20.252282999999977],[-44.02500279999998,-20.25227629999995],[-44.02510179999996,-20.252331899999945],[-44.025171899999975,-20.25245149999995],[-44.02525749999995,-20.252788299999963],[-44.025373299999956,-20.25313959999994],[-44.02553339999997,-20.253544099999942],[-44.02577439999993,-20.253968199999974],[-44.025854599999946,-20.25411619999994],[-44.025931999999955,-20.254173999999978],[-44.02606069999996,-20.254285099999947],[-44.02615929999996,-20.254488099999946],[-44.02627329999996,-20.25474049999997],[-44.02642339999994,-20.25496819999995],[-44.02661859999995,-20.25521029999993],[-44.02679219999993,-20.255376599999977],[-44.027039799999955,-20.255550699999958],[-44.02727299999998,-20.255705999999975],[-44.02751799999993,-20.255794999999978],[-44.027751999999964,-20.25591899999995],[-44.02799699999997,-20.256031999999948],[-44.02825599999994,-20.256223999999975],[-44.02856299999996,-20.256404999999972],[-44.02874899999995,-20.256586999999968],[-44.02895799999993,-20.256768999999963],[-44.02916799999997,-20.25693999999993],[-44.02936599999998,-20.257109999999955],[-44.02955099999997,-20.25725799999998],[-44.02983399999994,-20.257472999999948],[-44.03021499999994,-20.257664999999974],[-44.03044799999998,-20.257799999999975],[-44.03070699999995,-20.257969999999943],[-44.03087999999997,-20.25812899999994],[-44.03135999999995,-20.258422999999937],[-44.03162999999995,-20.25861599999996],[-44.03190099999995,-20.25876299999993],[-44.03215899999998,-20.25888699999996],[-44.03239199999996,-20.25899899999996],[-44.032636999999966,-20.259041999999965],[-44.03289399999994,-20.259085999999968],[-44.03312599999998,-20.259105999999974],[-44.03345499999995,-20.259113999999954],[-44.03372399999995,-20.25911099999996],[-44.03396799999996,-20.259130999999968],[-44.034224999999935,-20.259150999999974],[-44.03449299999994,-20.259147999999982],[-44.03472399999998,-20.259087999999963],[-44.03481899999997,-20.25885599999998],[-44.034888999999964,-20.25860199999994],[-44.03492199999994,-20.258347999999955],[-44.034914999999955,-20.257818999999927],[-44.034899999999936,-20.257541999999944],[-44.03487199999995,-20.25727799999993],[-44.03484499999996,-20.25704799999994],[-44.034828999999945,-20.256805999999926],[-44.03481199999993,-20.255435999999975],[-44.03484499999996,-20.255192999999963],[-44.03491399999996,-20.254846999999927],[-44.03495899999996,-20.25458199999997],[-44.03502999999995,-20.25434999999993],[-44.03523499999994,-20.254163999999946],[-44.035353999999984,-20.253966999999932],[-44.03547299999997,-20.25371199999995],[-44.03564099999994,-20.253479999999968],[-44.03582199999994,-20.253338999999983],[-44.03597899999994,-20.25317599999994],[-44.03614699999997,-20.25300199999998],[-44.036340999999936,-20.252872999999965],[-44.03653399999996,-20.25270899999998],[-44.03678699999995,-20.252568999999937],[-44.03714299999996,-20.252598999999975],[-44.03737499999994,-20.25261899999998],[-44.03766799999994,-20.25264999999996],[-44.03797399999996,-20.252715999999964],[-44.038280999999984,-20.252850999999964],[-44.03863699999994,-20.25297299999994],[-44.03896699999996,-20.253049999999973],[-44.039211999999964,-20.253127999999947],[-44.03951799999993,-20.25320499999998],[-44.039763999999934,-20.253293999999983],[-44.040044999999964,-20.25332599999996],[-44.04031399999997,-20.253368999999964],[-44.040580999999975,-20.25328499999995],[-44.04086099999995,-20.25324699999993],[-44.04114199999998,-20.25324399999994],[-44.041409999999985,-20.253205999999977],[-44.04165399999994,-20.253168999999957],[-44.04198299999996,-20.25313099999994],[-44.04226399999993,-20.25314999999995],[-44.042520999999965,-20.25321699999995],[-44.04280099999994,-20.25321299999996],[-44.043056999999976,-20.25318699999997],[-44.04333699999995,-20.25310399999995],[-44.04354299999994,-20.252997999999934],[-44.04380839999993,-20.252912599999945],[-44.044025199999965,-20.252873799999975],[-44.04425509999993,-20.252865699999973],[-44.04447369999997,-20.25286619999997],[-44.044749999999965,-20.25279139999998],[-44.04498769999998,-20.25273939999994],[-44.04527009999998,-20.252674799999966],[-44.04548229999995,-20.252634399999977],[-44.045645899999954,-20.252593799999943],[-44.045802099999946,-20.252528499999983],[-44.04605019999997,-20.25243489999997],[-44.046270499999935,-20.252403499999957],[-44.046558999999945,-20.25233929999996],[-44.04680229999997,-20.252222999999958],[-44.04709749999995,-20.25206909999997],[-44.047326099999964,-20.251882199999955],[-44.047557799999936,-20.25171229999995],[-44.04779179999997,-20.251565099999937],[-44.04795369999994,-20.25135229999995],[-44.04811619999998,-20.25119189999998],[-44.04834089999997,-20.25097009999996],[-44.04877659999994,-20.25062939999998],[-44.04905889999998,-20.250372899999945],[-44.04935139999998,-20.250171199999954],[-44.04963179999993,-20.249947299999974],[-44.049983699999984,-20.249747199999945],[-44.050230099999965,-20.249500799999964],[-44.050380099999984,-20.249178099999938],[-44.05048229999994,-20.248864099999935],[-44.050633699999935,-20.24860769999998],[-44.05077179999995,-20.24839419999995],[-44.05088539999997,-20.248177599999963],[-44.05099899999993,-20.247914999999978],[-44.05118399999998,-20.24771999999996],[-44.05135699999994,-20.247547999999938],[-44.05150499999996,-20.247352999999976],[-44.051653999999985,-20.247134999999957],[-44.051777999999956,-20.246939999999938],[-44.05194999999998,-20.246744999999976],[-44.052146999999934,-20.246584999999982],[-44.05233199999998,-20.24642499999993],[-44.052516999999966,-20.24624099999994],[-44.05311359999996,-20.24559519999997],[-44.05294129999993,-20.245488999999964],[-44.05293369999998,-20.24513339999993],[-44.05281789999998,-20.244689499999936],[-44.05233729999998,-20.244194299999947],[-44.05190189999996,-20.243917799999963],[-44.05149799999998,-20.244018299999937],[-44.05119119999995,-20.24439039999993],[-44.05090059999998,-20.24478929999998],[-44.05068849999998,-20.24516019999993],[-44.05049649999995,-20.24563919999997],[-44.050179199999945,-20.246150499999942],[-44.049819799999966,-20.24648449999995],[-44.04931019999998,-20.24683079999994],[-44.04874199999995,-20.247194299999933],[-44.048329499999966,-20.247414099999958],[-44.04748549999994,-20.24727439999998],[-44.046677999999986,-20.247027599999967],[-44.046169299999974,-20.246582199999978],[-44.04572799999994,-20.24587759999997],[-44.045249499999954,-20.24562519999995],[-44.04405159999993,-20.24546289999995],[-44.04371319999996,-20.245677299999954],[-44.04343329999995,-20.24578359999998],[-44.04330809999993,-20.246078599999976],[-44.04336219999993,-20.246398399999975],[-44.04309879999994,-20.247023599999977],[-44.04275419999993,-20.247119399999974],[-44.04246669999998,-20.24731799999995],[-44.042188599999974,-20.247618899999964],[-44.04178419999994,-20.247824899999955],[-44.041291299999955,-20.247942699999953],[-44.04048099999994,-20.24766999999997],[-44.039664699999946,-20.24738869999993],[-44.03889959999998,-20.246811799999932],[-44.03829269999994,-20.246851999999933],[-44.03785549999998,-20.24721139999997],[-44.037221399999964,-20.247130699999957],[-44.037054299999966,-20.246649699999978],[-44.036460699999964,-20.24576339999993],[-44.03560589999995,-20.24552269999998],[-44.034508399999936,-20.245667199999957],[-44.032774899999936,-20.245276899999965],[-44.03220079999994,-20.245343999999932],[-44.03191629999998,-20.245268599999974],[-44.03163129999996,-20.245149499999968],[-44.03138469999993,-20.24505659999994],[-44.03099109999994,-20.24522969999998],[-44.030854199999965,-20.24505359999995],[-44.03106699999995,-20.244504099999972],[-44.03120009999998,-20.243954499999973],[-44.031025099999965,-20.243541299999947],[-44.03098929999993,-20.24326389999993],[-44.03104099999996,-20.24305039999996],[-44.03129839999997,-20.242867799999942],[-44.031749099999956,-20.242497799999967],[-44.03181239999998,-20.242065399999944],[-44.03178989999998,-20.24163199999998],[-44.03168979999998,-20.241319199999964],[-44.03135169999996,-20.241019199999982],[-44.03101699999996,-20.24078469999995],[-44.03071199999994,-20.240596799999935],[-44.03050579999996,-20.240273899999977],[-44.03038729999997,-20.239967399999955],[-44.03037309999996,-20.239692399999967],[-44.030386599999986,-20.23933779999993],[-44.03046819999997,-20.23910079999996],[-44.03035569999997,-20.238821299999927],[-44.03000029999998,-20.238795099999948],[-44.02971229999997,-20.238443399999937],[-44.029407499999934,-20.238293899999974],[-44.02886719999998,-20.238158399999975],[-44.02853239999996,-20.238068599999963],[-44.028160999999955,-20.238005099999953],[-44.02795649999996,-20.237607899999944],[-44.02781369999997,-20.237167899999974],[-44.027896099999964,-20.237003799999968],[-44.02811889999998,-20.23697409999994],[-44.028457799999956,-20.237118799999962],[-44.028618999999935,-20.236945099999957],[-44.02861329999996,-20.236693299999956],[-44.02850139999998,-20.236490299999957],[-44.028072399999985,-20.23632719999995],[-44.02766649999995,-20.236434499999973],[-44.02731589999996,-20.236572399999943],[-44.02720179999994,-20.236966499999937],[-44.02654949999993,-20.237218499999983],[-44.02615869999994,-20.23767369999996],[-44.02559179999997,-20.238375599999927],[-44.025192199999935,-20.238612699999976],[-44.02477389999996,-20.238454399999966],[-44.02454739999996,-20.238034899999946],[-44.02421549999997,-20.237791899999934],[-44.02373979999993,-20.237968999999964],[-44.02339799999993,-20.23823429999993],[-44.02300789999998,-20.238342099999954],[-44.022904799999935,-20.23813759999996],[-44.02289909999996,-20.237864999999942],[-44.023082699999975,-20.23756789999993],[-44.02294509999996,-20.237370899999974],[-44.02258919999997,-20.23710929999993],[-44.02202269999998,-20.236846999999955],[-44.02160749999996,-20.23659379999998],[-44.021216599999946,-20.236251599999946],[-44.02119829999998,-20.235917299999983],[-44.02139969999996,-20.235486099999946],[-44.021433599999966,-20.23507639999997],[-44.02117799999996,-20.234795299999973],[-44.02087849999998,-20.23446599999994],[-44.02055439999998,-20.23423299999996],[-44.020017199999984,-20.234053699999947],[-44.01960459999998,-20.234178199999974],[-44.01921999999996,-20.234397499999943],[-44.01903949999996,-20.23462879999994],[-44.01884709999996,-20.234856299999933],[-44.01868749999994,-20.23516849999993],[-44.018798499999946,-20.235564199999942],[-44.01879199999996,-20.23590939999997],[-44.018628699999965,-20.23609739999995],[-44.018200699999966,-20.236147699999947],[-44.01797399999998,-20.236031699999955],[-44.01779949999997,-20.235762699999952],[-44.01769759999996,-20.235533799999928],[-44.01761719999996,-20.23533029999993],[-44.01751029999997,-20.23488459999993],[-44.01719639999993,-20.234536899999966],[-44.01679709999996,-20.234304599999973],[-44.01625319999994,-20.23428389999998],[-44.01556169999998,-20.23435539999997],[-44.01515359999996,-20.234207399999946],[-44.01479349999994,-20.23379129999995],[-44.01447049999996,-20.233358299999963],[-44.01438379999996,-20.232850499999927],[-44.01445279999996,-20.232591799999966],[-44.01460819999994,-20.232241599999952],[-44.014583699999946,-20.231872799999962],[-44.01504669999997,-20.231313099999966],[-44.01544809999996,-20.230717199999958],[-44.01612339999997,-20.23022409999993],[-44.01690619999994,-20.22986519999995],[-44.01774809999995,-20.229401699999983],[-44.01811449999997,-20.229030199999954],[-44.01902339999998,-20.228951699999982],[-44.01962529999997,-20.228830999999957],[-44.02005379999997,-20.228458299999943],[-44.02033529999994,-20.22805109999996],[-44.02057339999993,-20.227687299999957],[-44.02088229999998,-20.227386199999955],[-44.020888999999954,-20.227100699999937],[-44.020723499999974,-20.226996999999983],[-44.020368099999985,-20.227034699999933],[-44.019812299999955,-20.226946899999973],[-44.01968769999996,-20.226800199999957],[-44.019708599999944,-20.22653269999995],[-44.01997589999996,-20.226109899999983],[-44.02040899999997,-20.225670999999977],[-44.02078119999993,-20.225210799999957],[-44.02095909999997,-20.224768299999937],[-44.021005199999934,-20.224248399999965],[-44.02098449999994,-20.22360989999993],[-44.02098549999994,-20.222707199999945],[-44.021252499999946,-20.222126499999945],[-44.02159069999993,-20.221590399999968],[-44.021990399999936,-20.22130939999994],[-44.02248179999998,-20.221157999999946],[-44.02320409999993,-20.22098449999993],[-44.023644099999956,-20.220730299999957],[-44.02379849999994,-20.22052739999998],[-44.02399639999993,-20.220104099999958],[-44.02414179999994,-20.21954949999997],[-44.024146299999984,-20.21901859999997],[-44.02412819999995,-20.218386899999928],[-44.02421869999995,-20.218204899999932],[-44.02457199999998,-20.21799619999996],[-44.02519029999996,-20.217690799999957],[-44.02533329999994,-20.21743289999995],[-44.02526779999994,-20.217014499999948],[-44.02529069999997,-20.216769099999965],[-44.02544259999996,-20.216551799999934],[-44.02566429999996,-20.216273899999976],[-44.02602859999996,-20.21597369999995],[-44.02674499999995,-20.215573999999947],[-44.027115299999934,-20.215343899999937],[-44.02737989999997,-20.21511179999993],[-44.027804499999945,-20.21468059999995],[-44.027923699999974,-20.214281699999958],[-44.02795699999996,-20.21412209999994],[-44.02749229999995,-20.21392899999995],[-44.02706059999997,-20.213728499999945],[-44.026788899999985,-20.213634499999955],[-44.02650939999995,-20.213534899999956],[-44.02581769999995,-20.21332949999993],[-44.02495929999998,-20.21308019999998],[-44.024458799999934,-20.212943199999927],[-44.02443109999996,-20.213219399999957],[-44.02439929999997,-20.213468599999942],[-44.02433899999994,-20.213728999999944],[-44.02416699999998,-20.213888999999938],[-44.02394499999997,-20.21408299999996],[-44.02377299999995,-20.21423199999998],[-44.023526999999945,-20.214414999999974],[-44.023305999999934,-20.214539999999943],[-44.02304799999996,-20.214699999999937],[-44.02281399999998,-20.21488299999993],[-44.02248199999997,-20.215052999999955],[-44.02224899999993,-20.21518999999995],[-44.02202799999998,-20.215326999999945],[-44.02174499999995,-20.21548599999994],[-44.02152399999994,-20.215599999999938],[-44.02130299999993,-20.215736999999933],[-44.021019999999965,-20.21589599999993],[-44.020798999999954,-20.216043999999954],[-44.020613999999966,-20.216181999999947],[-44.02041799999995,-20.21631899999994],[-44.02019599999994,-20.216443999999967],[-44.01996299999996,-20.216556999999966],[-44.01972999999998,-20.216647999999964],[-44.01944899999995,-20.21667999999994],[-44.01921599999997,-20.21671299999997],[-44.01879799999995,-20.216940999999963],[-44.018272999999965,-20.216936999999973],[-44.017942999999946,-20.216876999999954],[-44.01768699999997,-20.216781999999967],[-44.01732199999998,-20.216629999999952],[-44.01705399999997,-20.21645499999994],[-44.01679999999993,-20.21623299999993],[-44.01659399999994,-20.21600099999995],[-44.01635099999993,-20.215813999999966],[-44.01617239999996,-20.215690699999982]]]}},{"type":"Feature","id":"310900610000009","properties":{"code":"310900610000009","population":425,"areaKm2":3.3448081,"densityHabKm2":127.06,"households":216,"situation":"Rural","district":"Aranha","neighborhood":null,"containsReferencePoint":false,"fullyWithinRadius":false,"centroidDistanceM":3912,"statisticalYear":2022,"tabularRevision":"2026-05-20","geometryRelease":"2024-11-13"},"geometry":{"type":"Polygon","coordinates":[[[-43.998429399999964,-20.23926289999997],[-43.99842149999995,-20.239449899999954],[-43.99844449999995,-20.23950629999996],[-43.99845609999994,-20.239552599999968],[-43.99842499999994,-20.23963509999993],[-43.99839439999994,-20.239702399999942],[-43.99838079999995,-20.239792499999965],[-43.99841689999994,-20.239855999999975],[-43.99844079999997,-20.239926899999944],[-43.99855119999995,-20.240011899999956],[-43.99860339999998,-20.24008779999997],[-43.998623399999985,-20.240116899999975],[-43.998627699999986,-20.240156799999966],[-43.99863529999993,-20.240228399999978],[-43.99861779999998,-20.240321199999983],[-43.99856959999994,-20.240533899999946],[-43.998613199999966,-20.24075709999994],[-43.998622499999954,-20.240957099999946],[-43.99864579999996,-20.24112669999994],[-43.99862749999994,-20.241343299999983],[-43.99864149999996,-20.241545499999972],[-43.99875659999998,-20.241742599999952],[-43.998824999999954,-20.24195949999995],[-43.99892939999995,-20.24216359999997],[-43.99909309999998,-20.24245469999994],[-43.99915329999993,-20.242778399999963],[-43.999131199999965,-20.243044599999962],[-43.99915749999997,-20.243364199999974],[-43.99926679999993,-20.24388209999995],[-43.999337899999944,-20.24419519999998],[-43.99943459999997,-20.244568899999933],[-43.99950569999993,-20.245227599999964],[-43.99959919999998,-20.245615699999973],[-43.999693899999954,-20.245913599999938],[-43.99984619999998,-20.246143699999948],[-44.00002429999995,-20.24629669999996],[-44.000157299999955,-20.24658459999995],[-44.000305999999966,-20.24708039999996],[-44.00048419999996,-20.247458999999935],[-44.000688699999955,-20.24779049999995],[-44.001000999999974,-20.248141999999973],[-44.00119769999998,-20.24870199999998],[-44.00138039999996,-20.249044499999968],[-44.001606899999956,-20.249320999999952],[-44.001726599999984,-20.249580099999946],[-44.001859499999966,-20.249852999999973],[-44.00193839999997,-20.250126499999965],[-44.002126499999974,-20.25039229999993],[-44.00241829999993,-20.250797899999952],[-44.00259689999996,-20.25115509999995],[-44.002678999999944,-20.251479699999948],[-44.00279879999994,-20.25167739999995],[-44.002892799999984,-20.251923199999965],[-44.00291359999994,-20.252259099999947],[-44.00286449999993,-20.252567899999974],[-44.00291089999996,-20.252818499999933],[-44.00300349999998,-20.253088399999967],[-44.00314569999995,-20.253363499999978],[-44.00320969999996,-20.25357589999993],[-44.00337159999998,-20.253806999999938],[-44.00345509999994,-20.25408049999993],[-44.00349109999996,-20.254332499999975],[-44.00363519999996,-20.254578099999947],[-44.003785499999935,-20.254811599999982],[-44.003953699999954,-20.255011899999943],[-44.00413269999996,-20.255272699999978],[-44.00424709999993,-20.255457099999944],[-44.004353099999946,-20.255690899999934],[-44.00438769999994,-20.25592009999997],[-44.00444089999996,-20.256149799999946],[-44.00461779999995,-20.256379799999934],[-44.00479329999996,-20.256515599999943],[-44.004966699999954,-20.256748699999946],[-44.00506359999997,-20.256934299999955],[-44.00504139999998,-20.257231299999944],[-44.005007399999954,-20.257551499999977],[-44.00494939999993,-20.25788369999998],[-44.00488089999993,-20.258226699999966],[-44.00482439999996,-20.258558599999958],[-44.00482839999995,-20.25882359999997],[-44.004795799999954,-20.25906459999993],[-44.00483589999993,-20.259350499999982],[-44.00472159999998,-20.25955879999998],[-44.00464479999994,-20.25976529999997],[-44.00462729999998,-20.259914699999968],[-44.00455569999997,-20.260311299999955],[-44.004557999999975,-20.260362999999927],[-44.00462699999997,-20.260366999999974],[-44.00485199999997,-20.260381999999936],[-44.005619999999965,-20.260373999999956],[-44.005840999999975,-20.26047499999993],[-44.00583599999993,-20.26045929999998],[-44.00611169999996,-20.260036699999944],[-44.00641399999995,-20.259930699999927],[-44.00678639999995,-20.25965659999997],[-44.00712349999998,-20.25948159999996],[-44.00746049999998,-20.25924189999995],[-44.00778299999996,-20.259054999999933],[-44.00807109999994,-20.258968599999946],[-44.00834759999998,-20.258837399999948],[-44.008672599999954,-20.258662199999947],[-44.00896149999994,-20.258534899999972],[-44.00940669999994,-20.25832769999994],[-44.009685299999944,-20.25808939999996],[-44.009933399999966,-20.257834099999968],[-44.01040589999997,-20.25754089999998],[-44.01080559999997,-20.257372799999928],[-44.01117199999993,-20.25737399999997],[-44.011575999999934,-20.25742699999995],[-44.011856999999964,-20.257458999999983],[-44.01224799999994,-20.257499999999936],[-44.012553999999966,-20.25756599999994],[-44.01300599999996,-20.25760699999995],[-44.013274999999965,-20.257649999999956],[-44.013665999999944,-20.257702999999935],[-44.01398299999994,-20.257710999999972],[-44.014324999999985,-20.25772999999998],[-44.014569999999935,-20.257761999999957],[-44.01483799999994,-20.257769999999937],[-44.01538799999997,-20.257763999999952],[-44.01561899999996,-20.25774999999993],[-44.015886999999964,-20.25768899999997],[-44.01615399999997,-20.257593999999926],[-44.01637199999993,-20.25745399999994],[-44.01655299999993,-20.257312999999954],[-44.016733999999985,-20.257149999999967],[-44.01687899999996,-20.256975999999952],[-44.01704599999994,-20.256673999999975],[-44.01713999999998,-20.256442999999933],[-44.01718599999998,-20.25619999999998],[-44.01729199999994,-20.25591099999997],[-44.01741099999998,-20.25562199999996],[-44.01751699999994,-20.25536699999998],[-44.017660999999976,-20.255158999999935],[-44.01781799999998,-20.25498399999998],[-44.018068899999946,-20.254827899999952],[-44.018466399999966,-20.254668099999947],[-44.01896199999993,-20.254529699999978],[-44.019430399999976,-20.254505799999947],[-44.01994999999994,-20.254596099999958],[-44.020565199999965,-20.254619599999955],[-44.02107019999994,-20.25454739999998],[-44.021469999999965,-20.254343999999946],[-44.021865799999944,-20.25403369999998],[-44.02212289999994,-20.253733499999953],[-44.02187559999993,-20.253636099999937],[-44.02175409999995,-20.253505899999936],[-44.02163719999993,-20.25331079999995],[-44.02152429999995,-20.25310419999994],[-44.02131629999997,-20.25285279999997],[-44.02102679999996,-20.252611499999944],[-44.020610799999986,-20.252170399999954],[-44.02045949999996,-20.252060099999937],[-44.02028269999994,-20.25201409999994],[-44.02006449999993,-20.25200259999997],[-44.01978529999997,-20.251992899999948],[-44.01959309999995,-20.251925899999947],[-44.01906219999995,-20.25151619999997],[-44.01869489999996,-20.251330699999983],[-44.01850769999993,-20.25117389999997],[-44.01840359999994,-20.251006699999948],[-44.018282399999975,-20.250826899999936],[-44.018110999999976,-20.25062879999996],[-44.01792309999996,-20.25035669999994],[-44.01780099999996,-20.250278799999933],[-44.017678399999966,-20.25023669999996],[-44.01754399999993,-20.250243699999942],[-44.01736569999997,-20.25027419999998],[-44.01668569999998,-20.250406099999964],[-44.01632149999995,-20.25052859999994],[-44.01514229999998,-20.247566999999947],[-44.01404579999996,-20.247105699999963],[-44.01303939999997,-20.246297099999936],[-44.01242959999996,-20.244284799999946],[-44.01242899999994,-20.24428309999996],[-44.01248749999996,-20.242528999999934],[-44.01132839999997,-20.240904099999966],[-44.010314499999936,-20.241192199999944],[-44.00959649999993,-20.241245999999933],[-44.00880489999997,-20.24133009999997],[-44.007930699999974,-20.241643299999964],[-44.00725719999997,-20.241938799999957],[-44.00742799999995,-20.239998999999955],[-44.00751589999993,-20.238898699999936],[-44.00752309999996,-20.238346299999932],[-44.00748379999993,-20.23777679999995],[-44.007449099999974,-20.237335299999927],[-44.00746529999998,-20.237035899999967],[-44.00756779999995,-20.236927899999955],[-44.007667899999944,-20.236665199999948],[-44.00773909999998,-20.23646789999998],[-44.00780549999996,-20.236247999999932],[-44.00789559999998,-20.235959899999955],[-44.00793379999993,-20.23567259999993],[-44.00792339999998,-20.235401099999933],[-44.007834299999956,-20.235027299999956],[-44.00771059999994,-20.23477399999996],[-44.007650799999965,-20.23455819999998],[-44.00762449999996,-20.234350399999983],[-44.00760749999995,-20.234193699999935],[-44.00762649999996,-20.234000999999978],[-44.007668999999964,-20.233801099999937],[-44.007705199999975,-20.233624499999962],[-44.007813899999974,-20.23339219999997],[-44.00760309999998,-20.23316619999997],[-44.00734219999998,-20.23298669999997],[-44.007127099999934,-20.232879499999967],[-44.00685809999993,-20.23284129999996],[-44.00680099999994,-20.233110499999952],[-44.00675629999995,-20.233353199999954],[-44.006730699999935,-20.233708099999944],[-44.006831199999965,-20.233895899999936],[-44.00696689999995,-20.23409019999997],[-44.00709649999993,-20.23427739999994],[-44.00705999999997,-20.234433999999965],[-44.00687829999998,-20.23465299999998],[-44.00638559999993,-20.234969099999944],[-44.00576499999994,-20.235343599999965],[-44.00547119999993,-20.235597499999983],[-44.00526229999997,-20.235774099999958],[-44.00515439999998,-20.23594389999994],[-44.004940499999975,-20.236202399999968],[-44.00474989999998,-20.23628139999994],[-44.00450529999995,-20.23642519999993],[-44.00432949999998,-20.23644319999994],[-44.00400859999996,-20.23644879999995],[-44.003770799999984,-20.23639339999994],[-44.003297799999984,-20.236412799999982],[-44.00305649999996,-20.236356099999966],[-44.002760199999955,-20.236348799999973],[-44.002592499999935,-20.23636019999998],[-44.00231749999995,-20.236348799999973],[-44.00213459999998,-20.236301199999957],[-44.001997899999935,-20.236285599999974],[-44.00168809999997,-20.236302199999955],[-44.001535299999944,-20.236285799999962],[-44.001336599999945,-20.236405899999966],[-44.00126209999996,-20.23658709999995],[-44.00126209999996,-20.23675989999998],[-44.001214499999946,-20.23689029999997],[-44.001093399999945,-20.236968699999977],[-44.00075059999995,-20.237097199999937],[-44.00045729999994,-20.237261899999964],[-44.00036419999998,-20.237397199999975],[-44.00027079999995,-20.237604499999975],[-44.00013689999997,-20.23783409999993],[-44.00015279999997,-20.238019099999974],[-44.00008109999993,-20.238174699999945],[-43.99993999999998,-20.23822169999994],[-43.99974789999993,-20.238238899999942],[-43.999383799999976,-20.238382799999954],[-43.99918659999997,-20.238430999999935],[-43.99904559999993,-20.23865749999993],[-43.99881069999998,-20.238848399999938],[-43.99860079999996,-20.23910639999997],[-43.998429399999964,-20.23926289999997]]]}},{"type":"Feature","id":"310900610000011","properties":{"code":"310900610000011","population":227,"areaKm2":31.5918062,"densityHabKm2":7.19,"households":187,"situation":"Rural","district":"Aranha","neighborhood":null,"containsReferencePoint":false,"fullyWithinRadius":false,"centroidDistanceM":5350,"statisticalYear":2022,"tabularRevision":"2026-05-20","geometryRelease":"2024-11-13"},"geometry":{"type":"Polygon","coordinates":[[[-44.03277039999995,-20.202949099999955],[-44.03310449999998,-20.20321999999993],[-44.033299899999975,-20.203414099999975],[-44.03338969999993,-20.203653799999927],[-44.03329869999993,-20.20410579999998],[-44.03303189999997,-20.20517159999997],[-44.03286799999995,-20.205614599999933],[-44.03269519999998,-20.206434099999967],[-44.03254899999996,-20.206655199999943],[-44.03226959999995,-20.20734989999994],[-44.03208269999993,-20.207796499999972],[-44.031893699999955,-20.208053699999937],[-44.03158309999998,-20.208264699999972],[-44.03134479999994,-20.208395999999937],[-44.031046999999944,-20.208481999999947],[-44.03069019999998,-20.208513899999957],[-44.030263599999955,-20.208680399999935],[-44.02985949999993,-20.208802099999957],[-44.02956349999994,-20.20896929999998],[-44.02935119999995,-20.209373599999935],[-44.02900759999994,-20.210239599999966],[-44.028723499999955,-20.21102849999994],[-44.028583099999935,-20.21140399999996],[-44.02854599999995,-20.211717199999953],[-44.02857999999998,-20.212065199999927],[-44.02855589999996,-20.21239309999993],[-44.02844419999997,-20.212718499999937],[-44.028141199999936,-20.213233799999955],[-44.02800449999995,-20.21389419999997],[-44.02795699999996,-20.21412209999994],[-44.027923699999974,-20.214281699999958],[-44.027804499999945,-20.21468059999995],[-44.02737989999997,-20.21511179999993],[-44.027115299999934,-20.215343899999937],[-44.02674499999995,-20.215573999999947],[-44.02602859999996,-20.21597369999995],[-44.02566429999996,-20.216273899999976],[-44.02544259999996,-20.216551799999934],[-44.02529069999997,-20.216769099999965],[-44.02526779999994,-20.217014499999948],[-44.02533329999994,-20.21743289999995],[-44.02519029999996,-20.217690799999957],[-44.02457199999998,-20.21799619999996],[-44.02421869999995,-20.218204899999932],[-44.02412819999995,-20.218386899999928],[-44.024146299999984,-20.21901859999997],[-44.02414179999994,-20.21954949999997],[-44.02399639999993,-20.220104099999958],[-44.02379849999994,-20.22052739999998],[-44.023644099999956,-20.220730299999957],[-44.02320409999993,-20.22098449999993],[-44.02248179999998,-20.221157999999946],[-44.021990399999936,-20.22130939999994],[-44.02159069999993,-20.221590399999968],[-44.021252499999946,-20.222126499999945],[-44.02098549999994,-20.222707199999945],[-44.02098449999994,-20.22360989999993],[-44.021005199999934,-20.224248399999965],[-44.02095909999997,-20.224768299999937],[-44.02078119999993,-20.225210799999957],[-44.02040899999997,-20.225670999999977],[-44.01997589999996,-20.226109899999983],[-44.019708599999944,-20.22653269999995],[-44.01968769999996,-20.226800199999957],[-44.019812299999955,-20.226946899999973],[-44.020368099999985,-20.227034699999933],[-44.020723499999974,-20.226996999999983],[-44.020888999999954,-20.227100699999937],[-44.02088229999998,-20.227386199999955],[-44.02057339999993,-20.227687299999957],[-44.02033529999994,-20.22805109999996],[-44.02005379999997,-20.228458299999943],[-44.01962529999997,-20.228830999999957],[-44.01902339999998,-20.228951699999982],[-44.01811449999997,-20.229030199999954],[-44.01774809999995,-20.229401699999983],[-44.01690619999994,-20.22986519999995],[-44.01612339999997,-20.23022409999993],[-44.01544809999996,-20.230717199999958],[-44.01504669999997,-20.231313099999966],[-44.014583699999946,-20.231872799999962],[-44.01460819999994,-20.232241599999952],[-44.01445279999996,-20.232591799999966],[-44.01438379999996,-20.232850499999927],[-44.01447049999996,-20.233358299999963],[-44.01479349999994,-20.23379129999995],[-44.01515359999996,-20.234207399999946],[-44.01556169999998,-20.23435539999997],[-44.01625319999994,-20.23428389999998],[-44.01679709999996,-20.234304599999973],[-44.01719639999993,-20.234536899999966],[-44.01751029999997,-20.23488459999993],[-44.01761719999996,-20.23533029999993],[-44.01769759999996,-20.235533799999928],[-44.01779949999997,-20.235762699999952],[-44.01797399999998,-20.236031699999955],[-44.018200699999966,-20.236147699999947],[-44.018628699999965,-20.23609739999995],[-44.01879199999996,-20.23590939999997],[-44.018798499999946,-20.235564199999942],[-44.01868749999994,-20.23516849999993],[-44.01884709999996,-20.234856299999933],[-44.01903949999996,-20.23462879999994],[-44.01921999999996,-20.234397499999943],[-44.01960459999998,-20.234178199999974],[-44.020017199999984,-20.234053699999947],[-44.02055439999998,-20.23423299999996],[-44.02087849999998,-20.23446599999994],[-44.02117799999996,-20.234795299999973],[-44.021433599999966,-20.23507639999997],[-44.02139969999996,-20.235486099999946],[-44.02119829999998,-20.235917299999983],[-44.021216599999946,-20.236251599999946],[-44.02160749999996,-20.23659379999998],[-44.02202269999998,-20.236846999999955],[-44.02258919999997,-20.23710929999993],[-44.02294509999996,-20.237370899999974],[-44.023082699999975,-20.23756789999993],[-44.02289909999996,-20.237864999999942],[-44.022904799999935,-20.23813759999996],[-44.02300789999998,-20.238342099999954],[-44.02339799999993,-20.23823429999993],[-44.02373979999993,-20.237968999999964],[-44.02421549999997,-20.237791899999934],[-44.02454739999996,-20.238034899999946],[-44.02477389999996,-20.238454399999966],[-44.025192199999935,-20.238612699999976],[-44.02559179999997,-20.238375599999927],[-44.02615869999994,-20.23767369999996],[-44.02654949999993,-20.237218499999983],[-44.02720179999994,-20.236966499999937],[-44.02731589999996,-20.236572399999943],[-44.02766649999995,-20.236434499999973],[-44.028072399999985,-20.23632719999995],[-44.02850139999998,-20.236490299999957],[-44.02861329999996,-20.236693299999956],[-44.028618999999935,-20.236945099999957],[-44.028457799999956,-20.237118799999962],[-44.02811889999998,-20.23697409999994],[-44.027896099999964,-20.237003799999968],[-44.02781369999997,-20.237167899999974],[-44.02795649999996,-20.237607899999944],[-44.028160999999955,-20.238005099999953],[-44.02853239999996,-20.238068599999963],[-44.02886719999998,-20.238158399999975],[-44.029407499999934,-20.238293899999974],[-44.02971229999997,-20.238443399999937],[-44.03000029999998,-20.238795099999948],[-44.03035569999997,-20.238821299999927],[-44.03046819999997,-20.23910079999996],[-44.030386599999986,-20.23933779999993],[-44.03037309999996,-20.239692399999967],[-44.03038729999997,-20.239967399999955],[-44.03050579999996,-20.240273899999977],[-44.03071199999994,-20.240596799999935],[-44.03101699999996,-20.24078469999995],[-44.03135169999996,-20.241019199999982],[-44.03168979999998,-20.241319199999964],[-44.03178989999998,-20.24163199999998],[-44.03181239999998,-20.242065399999944],[-44.031749099999956,-20.242497799999967],[-44.03129839999997,-20.242867799999942],[-44.03104099999996,-20.24305039999996],[-44.03098929999993,-20.24326389999993],[-44.031025099999965,-20.243541299999947],[-44.03120009999998,-20.243954499999973],[-44.03106699999995,-20.244504099999972],[-44.030854199999965,-20.24505359999995],[-44.03099109999994,-20.24522969999998],[-44.03138469999993,-20.24505659999994],[-44.03163129999996,-20.245149499999968],[-44.03191629999998,-20.245268599999974],[-44.03220079999994,-20.245343999999932],[-44.032774899999936,-20.245276899999965],[-44.034508399999936,-20.245667199999957],[-44.03560589999995,-20.24552269999998],[-44.036460699999964,-20.24576339999993],[-44.037054299999966,-20.246649699999978],[-44.037221399999964,-20.247130699999957],[-44.03785549999998,-20.24721139999997],[-44.03829269999994,-20.246851999999933],[-44.03889959999998,-20.246811799999932],[-44.039664699999946,-20.24738869999993],[-44.04048099999994,-20.24766999999997],[-44.041291299999955,-20.247942699999953],[-44.04178419999994,-20.247824899999955],[-44.042188599999974,-20.247618899999964],[-44.04246669999998,-20.24731799999995],[-44.04275419999993,-20.247119399999974],[-44.04309879999994,-20.247023599999977],[-44.04336219999993,-20.246398399999975],[-44.04330809999993,-20.246078599999976],[-44.04343329999995,-20.24578359999998],[-44.04371319999996,-20.245677299999954],[-44.04405159999993,-20.24546289999995],[-44.045249499999954,-20.24562519999995],[-44.04572799999994,-20.24587759999997],[-44.046169299999974,-20.246582199999978],[-44.046677999999986,-20.247027599999967],[-44.04748549999994,-20.24727439999998],[-44.048329499999966,-20.247414099999958],[-44.04874199999995,-20.247194299999933],[-44.04931019999998,-20.24683079999994],[-44.049819799999966,-20.24648449999995],[-44.050179199999945,-20.246150499999942],[-44.05049649999995,-20.24563919999997],[-44.05068849999998,-20.24516019999993],[-44.05090059999998,-20.24478929999998],[-44.05119119999995,-20.24439039999993],[-44.05149799999998,-20.244018299999937],[-44.05190189999996,-20.243917799999963],[-44.05164619999994,-20.243705399999953],[-44.051460299999974,-20.24340209999997],[-44.051121199999955,-20.242879199999948],[-44.05099059999998,-20.242565799999966],[-44.05074039999994,-20.241939199999933],[-44.05062309999994,-20.241250699999966],[-44.05066889999995,-20.24097999999998],[-44.05099119999994,-20.240648199999953],[-44.051743699999975,-20.240381299999967],[-44.052185899999984,-20.240300299999944],[-44.05297009999998,-20.240262899999948],[-44.05424009999996,-20.240238399999953],[-44.05494609999994,-20.240367299999946],[-44.05527699999993,-20.240421199999957],[-44.05644719999998,-20.24046919999995],[-44.05689989999996,-20.240471599999978],[-44.057165399999974,-20.24040009999993],[-44.05724329999998,-20.240306699999962],[-44.05738859999997,-20.240015699999958],[-44.057501499999944,-20.239599399999975],[-44.05767989999998,-20.239308499999936],[-44.05794769999994,-20.23885139999993],[-44.058202999999935,-20.23862349999996],[-44.058513999999946,-20.23833339999993],[-44.058658099999946,-20.238229899999965],[-44.058924099999956,-20.23807499999998],[-44.059145899999976,-20.237909399999978],[-44.05931259999994,-20.23774359999993],[-44.059468299999935,-20.23754639999993],[-44.05952439999993,-20.23741119999994],[-44.059591599999976,-20.237244799999928],[-44.05963769999994,-20.236932399999944],[-44.05968389999998,-20.23658869999997],[-44.059740799999986,-20.236307599999975],[-44.059897699999965,-20.235922899999935],[-44.06015309999998,-20.235694999999964],[-44.06325089999996,-20.235602099999937],[-44.063606799999945,-20.236104199999943],[-44.06458349999997,-20.237104699999975],[-44.06493489999997,-20.237440099999958],[-44.06528629999997,-20.237754699999982],[-44.06551699999994,-20.23796429999993],[-44.06574199999994,-20.238184399999966],[-44.065911899999946,-20.238398899999936],[-44.06616969999993,-20.23867649999994],[-44.06653909999994,-20.238761799999963],[-44.06696949999997,-20.238816199999974],[-44.067145799999935,-20.238879699999927],[-44.06731659999997,-20.23893789999994],[-44.06772379999995,-20.239158999999972],[-44.06812039999994,-20.239312199999972],[-44.06852829999997,-20.23943419999995],[-44.06880929999994,-20.23953469999998],[-44.06907369999993,-20.239629899999954],[-44.069262899999956,-20.239607499999977],[-44.069340299999965,-20.239605299999937],[-44.06944379999993,-20.239607099999944],[-44.06959669999998,-20.239645699999983],[-44.06974969999993,-20.239693399999965],[-44.06995759999995,-20.239775299999962],[-44.070156199999985,-20.239811499999973],[-44.07029249999994,-20.239869599999963],[-44.07039679999997,-20.239963899999964],[-44.07051219999994,-20.24005829999993],[-44.07066629999997,-20.240137299999958],[-44.07078199999995,-20.240174399999944],[-44.070892399999934,-20.240185399999973],[-44.07105249999995,-20.240186299999948],[-44.07119599999993,-20.240197399999943],[-44.07132269999994,-20.24024499999996],[-44.07152619999994,-20.240381599999978],[-44.07172409999998,-20.24052329999995],[-44.07212489999995,-20.24090579999995],[-44.07239459999994,-20.24104269999998],[-44.072736099999986,-20.24117999999993],[-44.073121699999945,-20.241322799999978],[-44.07370359999993,-20.24188859999998],[-44.07426959999998,-20.24235539999995],[-44.07480919999995,-20.242592699999932],[-44.07510729999996,-20.242729099999963],[-44.075143999999966,-20.242587999999955],[-44.07516999999996,-20.24235699999997],[-44.075245999999936,-20.242115999999953],[-44.075418999999954,-20.241885999999965],[-44.075579999999945,-20.24160999999998],[-44.07567999999998,-20.241391999999962],[-44.07580399999995,-20.241138999999976],[-44.07583099999994,-20.240861999999936],[-44.07584499999996,-20.240607999999952],[-44.07607269999994,-20.240408999999943],[-44.07637129999995,-20.24017509999993],[-44.07664659999995,-20.240031399999964],[-44.07687679999998,-20.23984219999994],[-44.07716739999995,-20.23961289999994],[-44.07741509999994,-20.239399299999945],[-44.07764959999997,-20.239120999999955],[-44.07795409999994,-20.238887999999974],[-44.07828289999998,-20.23871259999993],[-44.07851499999998,-20.238515999999947],[-44.07874799999996,-20.238505999999973],[-44.07883499999997,-20.238275999999928],[-44.078934999999944,-20.23805699999997],[-44.079046999999946,-20.23786199999995],[-44.079267999999956,-20.23768999999993],[-44.07952499999993,-20.237645999999927],[-44.079781999999966,-20.237670999999978],[-44.080074999999965,-20.237637999999947],[-44.080295999999976,-20.23752499999995],[-44.080528999999956,-20.23745699999995],[-44.08078599999993,-20.237458999999944],[-44.08102999999994,-20.237552999999934],[-44.08123599999993,-20.23770499999995],[-44.081392999999935,-20.23795999999993],[-44.08146499999998,-20.23821399999997],[-44.08149999999995,-20.238433999999927],[-44.081631999999956,-20.23866499999997],[-44.081752999999935,-20.238884999999982],[-44.08183699999995,-20.239093999999966],[-44.08187099999998,-20.23932499999995],[-44.08190599999995,-20.239578999999935],[-44.08185569999995,-20.240007499999933],[-44.08190119999995,-20.240534599999933],[-44.082120799999984,-20.240828999999962],[-44.08246319999995,-20.24103589999993],[-44.08280759999997,-20.24107559999993],[-44.08323329999996,-20.241168199999947],[-44.08358939999994,-20.241342799999927],[-44.08387779999998,-20.241430099999945],[-44.08416589999996,-20.24144139999993],[-44.084541299999955,-20.24159629999997],[-44.084798999999975,-20.24168899999995],[-44.08513759999994,-20.24168979999996],[-44.08613209999993,-20.24169969999997],[-44.08639059999996,-20.241583799999944],[-44.08681079999997,-20.241552799999965],[-44.086988099999985,-20.241621099999975],[-44.087282699999946,-20.241742599999952],[-44.08766079999998,-20.241663899999935],[-44.08808449999998,-20.241677399999958],[-44.08826879999998,-20.24157699999995],[-44.08844069999998,-20.24139809999997],[-44.08852589999998,-20.241210799999976],[-44.08879699999994,-20.24093879999998],[-44.08901799999995,-20.240669399999945],[-44.08911569999998,-20.240501499999937],[-44.08915119999995,-20.240347999999983],[-44.08908459999998,-20.240200499999958],[-44.08891589999996,-20.239964699999973],[-44.08880099999993,-20.23977229999997],[-44.08863039999994,-20.23955559999996],[-44.08863779999996,-20.239370599999972],[-44.08866459999996,-20.239205199999958],[-44.088681099999974,-20.23902579999998],[-44.08876769999995,-20.238818699999968],[-44.08885779999997,-20.238665099999935],[-44.088879099999986,-20.23846009999994],[-44.08886789999997,-20.238185699999974],[-44.08896299999998,-20.237840999999946],[-44.08913599999994,-20.237645999999927],[-44.08921099999998,-20.23741599999994],[-44.08931099999995,-20.237150999999983],[-44.08936199999994,-20.236931999999968],[-44.08940099999995,-20.236632999999927],[-44.08952499999998,-20.23635699999994],[-44.08947089999998,-20.236127499999952],[-44.089319699999976,-20.235850699999958],[-44.08926329999997,-20.235573699999975],[-44.089387999999985,-20.235247999999956],[-44.08958659999996,-20.234995899999944],[-44.089741799999956,-20.23463099999998],[-44.08991019999996,-20.23442229999995],[-44.090038799999945,-20.234226499999977],[-44.09018709999998,-20.23411079999994],[-44.09041039999994,-20.233943299999964],[-44.09069079999995,-20.233820699999967],[-44.09096119999998,-20.23367799999994],[-44.09118579999995,-20.233588599999962],[-44.091353899999945,-20.233412099999953],[-44.091560699999945,-20.23332419999997],[-44.09177239999997,-20.233306099999936],[-44.09197469999998,-20.233366099999955],[-44.092175399999974,-20.233446699999945],[-44.09229399999998,-20.23369569999994],[-44.09227679999998,-20.234014099999968],[-44.09229329999994,-20.23419949999993],[-44.09244469999993,-20.234324399999934],[-44.092667699999936,-20.234397599999966],[-44.092795799999976,-20.23459189999994],[-44.09281189999996,-20.234866099999977],[-44.09276179999995,-20.23515459999993],[-44.092851199999984,-20.23533649999996],[-44.09315699999996,-20.23544499999997],[-44.093521399999986,-20.23541979999993],[-44.09382649999998,-20.23519579999993],[-44.09421379999998,-20.235145299999942],[-44.09445759999994,-20.235234499999933],[-44.09447739999996,-20.235378999999966],[-44.09439379999998,-20.235512599999936],[-44.094173599999976,-20.23565089999994],[-44.09414599999997,-20.23583009999993],[-44.09429479999994,-20.23592249999996],[-44.094515299999955,-20.23594909999997],[-44.094703599999946,-20.23601229999997],[-44.09500159999993,-20.23607379999993],[-44.09529089999995,-20.236112099999957],[-44.09567079999994,-20.23605139999995],[-44.09602369999993,-20.236048899999957],[-44.096280699999966,-20.236050899999952],[-44.09661019999993,-20.235812599999974],[-44.096960499999966,-20.23574119999995],[-44.097478499999966,-20.235909599999957],[-44.097789399999954,-20.23586649999993],[-44.09797439999994,-20.235860699999932],[-44.098031599999956,-20.23578569999995],[-44.09806669999995,-20.235689699999966],[-44.09801519999996,-20.235568799999953],[-44.09796789999996,-20.235528599999952],[-44.097977499999956,-20.23541649999993],[-44.09807209999997,-20.235368499999936],[-44.098239699999965,-20.235312299999975],[-44.09832279999995,-20.235225799999967],[-44.098368799999946,-20.234938099999965],[-44.098396599999944,-20.234706999999958],[-44.09834859999995,-20.234425899999962],[-44.098230899999976,-20.23423459999998],[-44.09795769999994,-20.234058199999936],[-44.097765299999935,-20.23392689999997],[-44.097718499999985,-20.233743999999945],[-44.09769369999998,-20.233528899999953],[-44.09765619999996,-20.233351599999935],[-44.09757019999995,-20.233213099999944],[-44.09751229999995,-20.233121599999947],[-44.09743919999994,-20.232945599999937],[-44.09746889999997,-20.232823699999983],[-44.09754209999994,-20.23273699999993],[-44.09767599999998,-20.23252199999996],[-44.09776329999994,-20.232391099999973],[-44.097816199999954,-20.23220329999998],[-44.097807899999964,-20.232024499999966],[-44.097858299999984,-20.23189979999995],[-44.097893699999986,-20.23173909999997],[-44.097969399999954,-20.231666399999938],[-44.09804349999996,-20.23168069999997],[-44.098122699999976,-20.231712999999957],[-44.09814799999998,-20.231804599999975],[-44.09823359999996,-20.231820599999935],[-44.09833039999995,-20.23175029999993],[-44.098383799999965,-20.23162709999997],[-44.098320899999976,-20.231383199999982],[-44.098345999999935,-20.231203999999934],[-44.09845519999993,-20.231073399999957],[-44.09844229999993,-20.230903099999978],[-44.09834209999997,-20.23078449999997],[-44.09809459999997,-20.230652299999974],[-44.09778739999996,-20.230505299999948],[-44.09761059999994,-20.23041269999993],[-44.09752649999996,-20.230363299999965],[-44.09749709999994,-20.23029409999998],[-44.09752089999995,-20.23025119999994],[-44.09759079999998,-20.230177599999934],[-44.097744699999964,-20.230108799999982],[-44.09786779999996,-20.230061699999965],[-44.09794969999996,-20.229943899999967],[-44.097920199999976,-20.229852299999948],[-44.097792599999934,-20.229773799999975],[-44.09759299999996,-20.229773799999975],[-44.097230699999955,-20.229889799999967],[-44.097020999999984,-20.229905199999962],[-44.096770499999934,-20.229741599999954],[-44.09665289999998,-20.22968019999996],[-44.096545499999934,-20.229695499999934],[-44.096329999999966,-20.229727999999966],[-44.09597649999995,-20.229832199999976],[-44.09561489999993,-20.22984889999998],[-44.09538319999996,-20.229730099999927],[-44.09527239999994,-20.229470599999956],[-44.09518149999997,-20.22917929999994],[-44.09517219999998,-20.228822699999967],[-44.095186499999954,-20.228521099999966],[-44.09521569999998,-20.228320999999937],[-44.09538599999996,-20.228192899999954],[-44.095550799999955,-20.228140399999972],[-44.09572009999994,-20.22815309999993],[-44.09589059999996,-20.228255299999944],[-44.09601369999996,-20.228396799999928],[-44.096279599999946,-20.228565599999968],[-44.09650949999997,-20.228592599999956],[-44.09657269999997,-20.228498199999933],[-44.096605599999975,-20.22832029999995],[-44.096631499999944,-20.227969799999983],[-44.09666329999993,-20.22760439999996],[-44.096703899999966,-20.22741039999994],[-44.096716399999934,-20.22725289999994],[-44.096783699999946,-20.227079599999968],[-44.09688289999997,-20.226961399999936],[-44.09695089999997,-20.226851299999964],[-44.09696029999998,-20.226767699999982],[-44.09698709999998,-20.22664149999997],[-44.09698579999997,-20.22649359999997],[-44.09697079999995,-20.226255299999934],[-44.09696279999997,-20.226004699999976],[-44.09697149999994,-20.225812599999927],[-44.09699469999998,-20.22557359999996],[-44.096990999999946,-20.22542539999995],[-44.09696459999998,-20.225310699999966],[-44.096923799999956,-20.225219599999946],[-44.096880899999974,-20.225129899999956],[-44.09678169999995,-20.225022999999965],[-44.096641699999964,-20.22492959999994],[-44.09651689999998,-20.224848099999974],[-44.096383799999955,-20.224767399999962],[-44.09626479999997,-20.224684699999955],[-44.09615489999993,-20.224604099999965],[-44.09603269999997,-20.22449679999994],[-44.09598149999994,-20.224368099999936],[-44.09595929999995,-20.224234999999965],[-44.09595419999994,-20.22405539999994],[-44.09597569999994,-20.223889799999938],[-44.09606659999997,-20.22378379999998],[-44.09615179999997,-20.223748499999942],[-44.09632559999994,-20.223780499999975],[-44.096499499999936,-20.22384859999994],[-44.09668099999993,-20.223946699999942],[-44.09685889999997,-20.224086799999952],[-44.09702129999994,-20.224197999999944],[-44.09716789999993,-20.224278099999935],[-44.09721159999998,-20.22426829999995],[-44.09725479999997,-20.224233099999935],[-44.09725219999996,-20.224172099999976],[-44.09721749999994,-20.22412319999995],[-44.097148699999934,-20.22404709999995],[-44.09707549999996,-20.223929399999975],[-44.09707249999997,-20.22383209999998],[-44.09713009999996,-20.223760099999936],[-44.097205299999985,-20.223674699999947],[-44.097303899999986,-20.223635199999933],[-44.097459399999934,-20.22361239999998],[-44.09759709999997,-20.223592699999926],[-44.09772809999998,-20.223601299999928],[-44.09793599999995,-20.22351649999996],[-44.09809519999993,-20.22335929999997],[-44.09823729999994,-20.22321089999997],[-44.09834669999998,-20.22307509999996],[-44.09844519999996,-20.222968999999978],[-44.09853089999996,-20.222792099999936],[-44.09861399999994,-20.222537699999975],[-44.098695599999985,-20.22235369999993],[-44.098824899999954,-20.222246299999938],[-44.09894529999997,-20.22210569999993],[-44.09900339999996,-20.221958299999983],[-44.09904579999994,-20.221809399999927],[-44.09908029999997,-20.221664799999928],[-44.099125199999946,-20.221517399999982],[-44.099175799999955,-20.221362099999965],[-44.099180299999944,-20.221222499999953],[-44.099193799999966,-20.22110239999995],[-44.099152699999934,-20.221033999999975],[-44.09907419999996,-20.220997299999965],[-44.09897399999994,-20.22090769999994],[-44.09895249999994,-20.220781599999953],[-44.09896829999997,-20.22060129999994],[-44.09897259999997,-20.220359299999927],[-44.098931799999946,-20.220187299999964],[-44.098860299999956,-20.22004789999994],[-44.09882959999993,-20.220025799999974],[-44.098733799999934,-20.219988199999932],[-44.09863459999997,-20.219857599999955],[-44.09848029999995,-20.21974119999993],[-44.09839569999997,-20.21961799999997],[-44.09833609999998,-20.21949029999996],[-44.09826929999997,-20.219336399999975],[-44.098212099999955,-20.21908549999995],[-44.09824519999995,-20.218925699999943],[-44.098227399999985,-20.21880619999996],[-44.09815119999996,-20.218668199999968],[-44.098022399999934,-20.21851339999995],[-44.09794009999996,-20.21834039999993],[-44.09796269999998,-20.21814219999993],[-44.097432899999944,-20.218068399999936],[-44.096569699999975,-20.218001199999946],[-44.096087799999964,-20.218032299999948],[-44.09611229999996,-20.21733469999998],[-44.09618359999996,-20.21695559999995],[-44.096326199999965,-20.216620999999975],[-44.096563799999956,-20.216096899999968],[-44.09669459999998,-20.215692599999954],[-44.096789599999966,-20.215371999999945],[-44.096777799999984,-20.21517129999995],[-44.096777799999984,-20.214892499999962],[-44.09670649999998,-20.214630399999976],[-44.09668339999996,-20.214551599999936],[-44.09657569999996,-20.214184299999943],[-44.096397499999966,-20.21370479999996],[-44.09624299999996,-20.213347899999974],[-44.09617169999996,-20.21300219999995],[-44.09616589999996,-20.21288009999995],[-44.09614789999995,-20.212500399999954],[-44.09621919999995,-20.212020799999948],[-44.09625489999996,-20.211507799999936],[-44.096266699999944,-20.21121789999995],[-44.09619539999994,-20.210810799999933],[-44.09598149999994,-20.21005249999996],[-44.09576759999993,-20.209450199999935],[-44.09556559999993,-20.20893719999998],[-44.09525659999997,-20.20844649999998],[-44.09499519999997,-20.208011599999963],[-44.09473369999995,-20.20749859999995],[-44.09454359999995,-20.206896299999983],[-44.094341499999985,-20.20639449999993],[-44.09430589999994,-20.20604869999994],[-44.09441289999995,-20.20536839999994],[-44.09402069999993,-20.20545759999993],[-44.09373549999998,-20.20549109999996],[-44.09335519999996,-20.205390699999953],[-44.09289169999994,-20.205267999999933],[-44.09247579999993,-20.205201099999954],[-44.09220849999997,-20.20523909999997],[-44.09189339999995,-20.20531269999998],[-44.09159639999996,-20.20540189999997],[-44.091334899999936,-20.205513399999973],[-44.09110909999998,-20.205624899999975],[-44.09081199999997,-20.205758799999955],[-44.09047929999997,-20.20583679999993],[-44.09019399999994,-20.205870299999958],[-44.08974249999994,-20.205870299999958],[-44.08930269999996,-20.205914899999982],[-44.08895809999996,-20.205992999999978],[-44.088660999999945,-20.206093299999964],[-44.088304499999936,-20.20619369999997],[-44.08807869999998,-20.20632749999993],[-44.087899799999946,-20.20643039999993],[-44.08748949999995,-20.20650779999994],[-44.087116099999946,-20.20657289999997],[-44.08677149999994,-20.20645019999995],[-44.08646399999998,-20.206475799999964],[-44.08629609999997,-20.20659519999998],[-44.085987099999954,-20.206818299999952],[-44.08577319999995,-20.20707479999993],[-44.08555929999994,-20.20728669999994],[-44.085274099999936,-20.207386999999983],[-44.08500079999993,-20.207453899999962],[-44.08467989999997,-20.207487399999934],[-44.08427579999994,-20.20756549999993],[-44.08376479999998,-20.207721599999957],[-44.08306369999997,-20.208033899999975],[-44.08182029999995,-20.20847559999993],[-44.07973109999995,-20.209075299999938],[-44.07987669999994,-20.208332199999973],[-44.07994329999997,-20.207792499999982],[-44.079859899999974,-20.207265199999938],[-44.07967299999996,-20.206799799999942],[-44.079297699999984,-20.206348599999956],[-44.07867849999997,-20.205963699999927],[-44.07816489999993,-20.20569469999998],[-44.077295499999934,-20.205805099999964],[-44.076782299999934,-20.20574469999997],[-44.07618499999995,-20.20558239999997],[-44.07470609999996,-20.205439999999953],[-44.07338969999995,-20.204905399999973],[-44.071813599999984,-20.203943699999968],[-44.07078569999993,-20.203451599999937],[-44.06941489999997,-20.203364499999964],[-44.06790239999998,-20.203081899999972],[-44.066152999999986,-20.203024099999936],[-44.06583939999996,-20.202993499999934],[-44.06558289999998,-20.203045199999963],[-44.065403499999945,-20.203192099999967],[-44.06518489999996,-20.203254899999934],[-44.064959199999976,-20.20322129999994],[-44.06472889999998,-20.20318839999993],[-44.06440299999997,-20.203190999999947],[-44.064220999999975,-20.203004999999962],[-44.06391699999995,-20.202852999999948],[-44.06367299999994,-20.202781999999956],[-44.06327099999993,-20.202662999999973],[-44.062903999999946,-20.202660999999978],[-44.06260899999995,-20.202796999999975],[-44.06232699999998,-20.202932999999973],[-44.062044999999955,-20.203057999999942],[-44.061811999999975,-20.20314899999994],[-44.06150599999995,-20.20320399999997],[-44.061199999999985,-20.203224999999975],[-44.06096699999995,-20.20325799999995],[-44.060599999999965,-20.20328999999998],[-44.06034399999993,-20.203299999999956],[-44.06006199999996,-20.20329799999996],[-44.059756999999934,-20.20327199999997],[-44.05947699999996,-20.203165999999953],[-44.05924599999997,-20.202991999999938],[-44.05902699999996,-20.202804999999955],[-44.058820999999966,-20.202664999999968],[-44.05855299999996,-20.202512999999954],[-44.058321999999976,-20.202418999999963],[-44.058210299999985,-20.202407599999958],[-44.05807699999997,-20.20239399999997],[-44.05769899999996,-20.20235699999995],[-44.05640299999993,-20.202346999999975],[-44.056133999999986,-20.202402999999947],[-44.05585199999996,-20.202504999999974],[-44.05561899999998,-20.202525999999978],[-44.05517899999995,-20.20251099999996],[-44.054787999999974,-20.202508999999964],[-44.05453099999994,-20.202494999999942],[-44.05427499999996,-20.202492999999947],[-44.054029999999955,-20.20247999999998],[-44.053699999999935,-20.20247699999993],[-44.05337099999997,-20.202335999999946],[-44.05313899999993,-20.20229999999998],[-44.052576999999985,-20.202295999999933],[-44.052344999999946,-20.20227099999994],[-44.05202799999995,-20.20216499999998],[-44.05182099999996,-20.202035999999964],[-44.05157799999995,-20.201884999999947],[-44.051395999999954,-20.20174499999996],[-44.050982999999974,-20.20144199999993],[-44.05080099999998,-20.201266999999973],[-44.05053399999997,-20.20109199999996],[-44.05032699999998,-20.200916999999947],[-44.05002299999995,-20.200695999999937],[-44.049792999999966,-20.20050999999995],[-44.04958599999998,-20.20033499999994],[-44.04934399999996,-20.200113999999928],[-44.04913699999997,-20.19996199999997],[-44.04894299999995,-20.19975299999993],[-44.048663999999974,-20.199565999999948],[-44.04844399999996,-20.199471999999957],[-44.04823799999997,-20.19933199999997],[-44.04794599999997,-20.199168999999927],[-44.04772699999995,-20.199074999999937],[-44.04744499999998,-20.199060999999972],[-44.047102999999936,-20.19906999999995],[-44.04680899999994,-20.199113999999952],[-44.04656499999993,-20.199146999999982],[-44.04619699999995,-20.19925999999998],[-44.04596399999997,-20.199326999999982],[-44.04563299999995,-20.199416999999983],[-44.04530299999993,-20.199494999999956],[-44.04497199999997,-20.199596999999983],[-44.044726999999966,-20.199675999999954],[-44.044407999999976,-20.19971899999996],[-44.04415199999994,-20.199728999999934],[-44.043845999999974,-20.19972699999994],[-44.04358999999994,-20.19963299999995],[-44.04337099999998,-20.199468999999965],[-44.04312799999997,-20.199386999999945],[-44.04277399999995,-20.199233999999933],[-44.04251899999997,-20.199139999999943],[-44.042127999999934,-20.199055999999928],[-44.04189599999995,-20.199030999999934],[-44.041638999999975,-20.199017999999967],[-44.04133399999995,-20.199003999999945],[-44.04107699999997,-20.199036999999976],[-44.040782999999976,-20.199045999999953],[-44.04044099999993,-20.19907799999993],[-44.04011099999997,-20.199098999999933],[-44.039804999999944,-20.199142999999935],[-44.03955999999994,-20.199221999999963],[-44.03921599999995,-20.199322999999936],[-44.03889799999996,-20.199423999999965],[-44.038615999999934,-20.199479999999937],[-44.03834699999993,-20.19948899999997],[-44.03805399999993,-20.199486999999976],[-44.03768699999995,-20.19953099999998],[-44.03725799999995,-20.19961999999998],[-44.036816999999985,-20.199731999999983],[-44.03655999999995,-20.199821999999926],[-44.036253999999985,-20.19983099999996],[-44.03597199999996,-20.199863999999934],[-44.035690999999986,-20.199930999999935],[-44.035432999999955,-20.20006799999993],[-44.035211999999945,-20.200192999999956],[-44.03479399999998,-20.20039799999995],[-44.03454899999997,-20.200568999999973],[-44.03432699999996,-20.200762999999938],[-44.034067999999934,-20.20099199999993],[-44.03390799999994,-20.20116399999995],[-44.03378399999997,-20.201393999999937],[-44.03365999999994,-20.201611999999955],[-44.03339999999997,-20.201967999999965],[-44.03325099999995,-20.202174999999954],[-44.03277039999995,-20.202949099999955]]]}},{"type":"Feature","id":"310900620000003","properties":{"code":"310900620000003","population":336,"areaKm2":1.5895496,"densityHabKm2":211.38,"households":408,"situation":"Urbana","district":"Piedade do Paraopeba","neighborhood":null,"containsReferencePoint":false,"fullyWithinRadius":false,"centroidDistanceM":2573,"statisticalYear":2022,"tabularRevision":"2026-05-20","geometryRelease":"2024-11-13"},"geometry":{"type":"Polygon","coordinates":[[[-43.98319989999993,-20.19427159999998],[-43.98331929999995,-20.194374299999936],[-43.98338849999993,-20.19448289999997],[-43.98343659999995,-20.19462629999998],[-43.98345449999994,-20.194732399999964],[-43.98345459999996,-20.194812799999966],[-43.98331559999997,-20.19501759999997],[-43.98325849999998,-20.195178599999963],[-43.98312359999994,-20.19545389999996],[-43.98298579999994,-20.195611199999973],[-43.982519099999934,-20.19601599999993],[-43.982294399999944,-20.19619789999996],[-43.98217409999995,-20.196297199999947],[-43.98210009999997,-20.196378399999958],[-43.982047799999975,-20.196457299999963],[-43.982011599999964,-20.19658519999996],[-43.98202239999995,-20.19669749999997],[-43.98205679999995,-20.19682949999998],[-43.98212659999996,-20.196990899999946],[-43.982167699999934,-20.197211099999947],[-43.982164799999964,-20.19733679999996],[-43.982154599999944,-20.19747579999995],[-43.982003599999985,-20.197739399999932],[-43.98198009999993,-20.19784009999995],[-43.98201409999996,-20.197975199999973],[-43.98206929999998,-20.19812449999995],[-43.98210039999998,-20.198266399999966],[-43.982099999999946,-20.198410499999966],[-43.98203529999995,-20.19860639999996],[-43.98195979999997,-20.198751799999968],[-43.981892399999936,-20.19885419999997],[-43.98184329999998,-20.198966299999938],[-43.98183659999995,-20.199061399999948],[-43.98184859999998,-20.199187499999937],[-43.98194609999996,-20.199475699999937],[-43.98203829999994,-20.199814999999944],[-43.982102199999986,-20.20045149999993],[-43.98210469999998,-20.20064119999995],[-43.98216039999994,-20.202488099999982],[-43.98232409999997,-20.202518899999973],[-43.98258219999997,-20.20253699999995],[-43.98283819999995,-20.20240519999993],[-43.983114299999954,-20.202318099999957],[-43.983524099999954,-20.20219019999996],[-43.98377849999997,-20.20202519999998],[-43.98400559999993,-20.201866499999937],[-43.98434149999997,-20.20173499999993],[-43.98465169999997,-20.201741599999934],[-43.98480939999996,-20.20365709999993],[-43.984879699999965,-20.20545519999996],[-43.98540939999998,-20.205991299999937],[-43.98629329999994,-20.206423299999983],[-43.98744259999995,-20.206776399999967],[-43.98950619999994,-20.206958399999962],[-43.99103199999996,-20.20657239999997],[-43.992512999999974,-20.206239899999957],[-43.993683499999975,-20.206281399999966],[-43.99482489999997,-20.205120999999963],[-43.99524889999998,-20.20440579999996],[-43.99453589999996,-20.20413089999994],[-43.99412099999995,-20.20357699999994],[-43.99301589999993,-20.20236179999995],[-43.99248209999996,-20.201471199999958],[-43.99272069999995,-20.201265299999932],[-43.99292099999997,-20.201143699999932],[-43.99318189999997,-20.20110269999998],[-43.99347979999993,-20.20106569999996],[-43.99391439999994,-20.201178699999957],[-43.994359299999985,-20.201356499999974],[-43.99498149999994,-20.201703099999975],[-43.99552349999993,-20.202004899999963],[-43.995942499999956,-20.202238199999954],[-43.99633699999998,-20.202457899999956],[-43.99676509999995,-20.20261039999997],[-43.997181499999954,-20.202582099999972],[-43.99746579999993,-20.202413099999944],[-43.997753399999965,-20.202275499999928],[-43.99835129999997,-20.201845799999944],[-43.99928909999994,-20.201670899999954],[-43.99924519999996,-20.20101479999994],[-43.99943489999998,-20.200473099999954],[-43.99978909999993,-20.19979909999995],[-44.000584199999935,-20.199239999999975],[-44.000968099999966,-20.199179699999945],[-44.00154589999994,-20.199089799999967],[-44.001720999999975,-20.19912389999996],[-44.00204059999993,-20.199111199999948],[-44.002414699999974,-20.199094499999944],[-44.00243489999997,-20.198631599999942],[-44.002389999999934,-20.198627699999975],[-44.000693199999944,-20.198482999999953],[-44.000360299999954,-20.198453299999983],[-43.99996939999994,-20.19840199999993],[-43.99985699999996,-20.198315599999944],[-43.99974309999993,-20.198185999999964],[-43.99958359999994,-20.198503999999957],[-43.99950949999993,-20.198711599999967],[-43.99948129999996,-20.19886349999996],[-43.99946589999996,-20.199031099999956],[-43.99946539999996,-20.199333699999954],[-43.999343899999985,-20.199441499999978],[-43.999073599999974,-20.19965639999998],[-43.99840219999993,-20.200190199999952],[-43.99768359999996,-20.199403699999948],[-43.99748569999997,-20.19919749999997],[-43.99714229999995,-20.198854299999937],[-43.99701829999998,-20.198729399999934],[-43.996905399999946,-20.19865169999997],[-43.99673689999997,-20.198618599999975],[-43.99657899999994,-20.198639499999956],[-43.99641269999995,-20.198707499999955],[-43.995896899999934,-20.19898879999994],[-43.99496519999997,-20.19949909999997],[-43.994483199999934,-20.199759599999936],[-43.994008399999984,-20.200035999999955],[-43.99353809999997,-20.20029439999996],[-43.99335899999994,-20.20035889999997],[-43.99317229999997,-20.20040199999994],[-43.992991899999936,-20.20042589999997],[-43.99277029999996,-20.200442599999974],[-43.99247249999996,-20.200461899999937],[-43.99211459999998,-20.200445199999933],[-43.991978899999935,-20.200391499999967],[-43.99188079999993,-20.20030509999998],[-43.991754699999944,-20.200161099999946],[-43.991612299999986,-20.199968099999978],[-43.991495499999985,-20.199771599999963],[-43.99136469999996,-20.199598099999946],[-43.99121199999996,-20.199469699999952],[-43.991085699999985,-20.19942659999998],[-43.99096389999994,-20.199412499999937],[-43.990806299999974,-20.199459099999956],[-43.990161899999976,-20.19986069999993],[-43.99005869999996,-20.19999009999998],[-43.99001099999998,-20.20015019999994],[-43.98999729999997,-20.200282799999968],[-43.98997779999996,-20.20044329999996],[-43.98992479999998,-20.200612099999944],[-43.98979769999994,-20.20073789999998],[-43.98956939999994,-20.200787899999966],[-43.98934899999995,-20.20079069999997],[-43.98911959999998,-20.200811099999953],[-43.988976399999956,-20.20083999999997],[-43.988819399999954,-20.200908599999934],[-43.98860509999997,-20.201027799999963],[-43.98824529999996,-20.201238799999942],[-43.987869899999964,-20.201472199999955],[-43.98776189999995,-20.201541499999962],[-43.98756129999998,-20.20159739999997],[-43.98739359999996,-20.201597499999934],[-43.98707609999997,-20.20154009999993],[-43.98687239999998,-20.201468499999976],[-43.98677079999993,-20.20140269999996],[-43.986682299999984,-20.20126229999994],[-43.98647129999995,-20.200692799999956],[-43.986285599999974,-20.20014709999998],[-43.98614639999994,-20.19988849999993],[-43.98585699999995,-20.199355699999956],[-43.98584459999995,-20.199224499999957],[-43.985915499999976,-20.199093999999945],[-43.98606139999998,-20.198861799999975],[-43.98619329999997,-20.198647799999947],[-43.98628229999997,-20.198453299999983],[-43.986355799999956,-20.198305699999935],[-43.98682109999993,-20.19784459999994],[-43.98702339999994,-20.19763819999997],[-43.98707639999998,-20.19754199999994],[-43.98711339999994,-20.197351099999935],[-43.98711009999994,-20.19715629999996],[-43.98703789999996,-20.196897299999932],[-43.98698109999998,-20.19672479999997],[-43.98696249999995,-20.196581299999934],[-43.987016799999935,-20.196368399999983],[-43.987045999999964,-20.196172199999978],[-43.986943199999985,-20.19586819999995],[-43.986937799999964,-20.19568819999995],[-43.98697789999994,-20.195549699999958],[-43.98707639999998,-20.195429599999954],[-43.98718109999993,-20.19532179999993],[-43.98725499999995,-20.195149399999934],[-43.98730199999994,-20.19495519999998],[-43.98736189999994,-20.19470569999993],[-43.98742749999997,-20.19441029999996],[-43.98747449999996,-20.194321199999933],[-43.98750949999993,-20.19425499999994],[-43.987581999999975,-20.19419819999996],[-43.98765449999996,-20.194141499999944],[-43.987793299999964,-20.19405949999998],[-43.98801009999994,-20.193988699999977],[-43.988098699999966,-20.19387459999996],[-43.98809989999995,-20.19355459999997],[-43.98808509999998,-20.193324599999983],[-43.98804019999994,-20.193163199999958],[-43.98796699999997,-20.192989099999977],[-43.98786259999997,-20.192823399999952],[-43.987612199999944,-20.192571999999927],[-43.98736669999994,-20.192383699999937],[-43.987284399999965,-20.192276599999957],[-43.98724129999994,-20.19218449999994],[-43.987238299999945,-20.191984899999966],[-43.987293299999976,-20.191835099999935],[-43.98736589999993,-20.191648199999975],[-43.98747519999995,-20.19148339999998],[-43.987548799999956,-20.191403099999945],[-43.98764449999993,-20.191358699999967],[-43.987726599999974,-20.191346099999976],[-43.987819599999966,-20.191353599999957],[-43.98795419999993,-20.191412499999956],[-43.98820649999993,-20.191623499999935],[-43.988376899999935,-20.191698199999962],[-43.98855759999998,-20.19177439999993],[-43.98874299999994,-20.191843499999948],[-43.98890949999998,-20.191915499999936],[-43.98903199999995,-20.19193279999996],[-43.98914709999997,-20.191927199999952],[-43.98944889999996,-20.191815899999938],[-43.98986209999998,-20.19166819999998],[-43.990216499999974,-20.19153209999996],[-43.99064379999993,-20.191341399999942],[-43.99078569999995,-20.19122159999995],[-43.99085219999995,-20.191161199999954],[-43.99088969999997,-20.191089199999965],[-43.990877499999954,-20.191034399999978],[-43.99085579999996,-20.19093689999994],[-43.990779299999986,-20.190856999999937],[-43.99067469999994,-20.190814099999955],[-43.990399399999944,-20.19090699999998],[-43.990013499999975,-20.19106199999993],[-43.989871799999946,-20.191116999999963],[-43.989678399999946,-20.191193599999963],[-43.98948539999998,-20.191209899999933],[-43.98934419999995,-20.191189599999973],[-43.989224399999955,-20.19115409999995],[-43.989172199999985,-20.191073999999958],[-43.98916159999993,-20.190958399999943],[-43.98922419999997,-20.19081979999993],[-43.98923819999993,-20.190733799999975],[-43.98930429999996,-20.190677799999946],[-43.98938519999996,-20.190652799999953],[-43.989485599999966,-20.190466899999933],[-43.989637899999934,-20.19024449999995],[-43.98975809999996,-20.190080499999965],[-43.98989649999993,-20.189963099999943],[-43.99001309999994,-20.189865699999928],[-43.99021989999994,-20.189736299999936],[-43.99028419999996,-20.189687599999957],[-43.99034489999997,-20.18960759999993],[-43.99033979999996,-20.18951069999997],[-43.990278899999964,-20.189420299999938],[-43.99013419999994,-20.189344799999958],[-43.98999759999998,-20.18931299999997],[-43.989813899999945,-20.189267799999982],[-43.98965369999996,-20.18920099999997],[-43.989527599999974,-20.18911559999998],[-43.98941009999993,-20.188993299999936],[-43.988633799999945,-20.18822209999996],[-43.98841129999994,-20.188093599999945],[-43.98818399999993,-20.18801869999993],[-43.987752599999965,-20.187964999999963],[-43.987581499999976,-20.187906699999928],[-43.98728879999993,-20.187929699999927],[-43.98715579999998,-20.187928799999952],[-43.98702289999994,-20.187927899999977],[-43.986796899999945,-20.187835099999972],[-43.98656349999993,-20.187746799999957],[-43.986323899999945,-20.187671099999932],[-43.98610949999994,-20.187576499999977],[-43.985825699999964,-20.187513399999943],[-43.98555449999998,-20.187507099999948],[-43.98541259999996,-20.187559299999975],[-43.98524329999998,-20.18769409999993],[-43.985036899999955,-20.187821999999983],[-43.98487289999997,-20.187861099999964],[-43.98476019999998,-20.18785509999998],[-43.984609699999965,-20.18782159999995],[-43.98439749999994,-20.18783339999993],[-43.98407879999996,-20.18801159999998],[-43.98393509999994,-20.188125799999966],[-43.983835899999974,-20.18836829999998],[-43.98381219999993,-20.188679999999977],[-43.983780199999956,-20.18897929999997],[-43.983700899999974,-20.189340999999956],[-43.98369759999997,-20.18964569999997],[-43.98368199999993,-20.189862499999947],[-43.98358689999998,-20.190157899999974],[-43.98350089999997,-20.19044169999995],[-43.98344969999994,-20.190721199999928],[-43.98339439999995,-20.19091949999995],[-43.983263799999975,-20.19115009999996],[-43.98301299999997,-20.191435999999953],[-43.98292369999996,-20.19159099999996],[-43.98290179999998,-20.19168259999998],[-43.98290289999994,-20.191794199999947],[-43.982975899999985,-20.191988099999946],[-43.983051399999965,-20.192187799999942],[-43.983079299999986,-20.192317799999955],[-43.983068799999955,-20.192433799999947],[-43.98302729999995,-20.19257239999996],[-43.98302719999998,-20.19267709999997],[-43.98306319999995,-20.192799899999955],[-43.983137099999965,-20.192980699999964],[-43.98320339999998,-20.19317549999994],[-43.98322099999996,-20.19330599999995],[-43.983226799999954,-20.193722199999968],[-43.98321009999995,-20.194151699999964],[-43.98319989999993,-20.19427159999998]]]}},{"type":"Feature","id":"310900620000004","properties":{"code":"310900620000004","population":423,"areaKm2":1.3934344,"densityHabKm2":303.57,"households":418,"situation":"Urbana","district":"Piedade do Paraopeba","neighborhood":null,"containsReferencePoint":false,"fullyWithinRadius":false,"centroidDistanceM":2430,"statisticalYear":2022,"tabularRevision":"2026-05-20","geometryRelease":"2024-11-13"},"geometry":{"type":"Polygon","coordinates":[[[-43.987581499999976,-20.187906699999928],[-43.987752599999965,-20.187964999999963],[-43.98818399999993,-20.18801869999993],[-43.98841129999994,-20.188093599999945],[-43.988633799999945,-20.18822209999996],[-43.98941009999993,-20.188993299999936],[-43.989527599999974,-20.18911559999998],[-43.98965369999996,-20.18920099999997],[-43.989813899999945,-20.189267799999982],[-43.98999759999998,-20.18931299999997],[-43.99013419999994,-20.189344799999958],[-43.990278899999964,-20.189420299999938],[-43.99033979999996,-20.18951069999997],[-43.99034489999997,-20.18960759999993],[-43.99028419999996,-20.189687599999957],[-43.99021989999994,-20.189736299999936],[-43.99001309999994,-20.189865699999928],[-43.98989649999993,-20.189963099999943],[-43.98975809999996,-20.190080499999965],[-43.989637899999934,-20.19024449999995],[-43.989485599999966,-20.190466899999933],[-43.98938519999996,-20.190652799999953],[-43.98930429999996,-20.190677799999946],[-43.98923819999993,-20.190733799999975],[-43.98922419999997,-20.19081979999993],[-43.98916159999993,-20.190958399999943],[-43.989172199999985,-20.191073999999958],[-43.989224399999955,-20.19115409999995],[-43.98934419999995,-20.191189599999973],[-43.98948539999998,-20.191209899999933],[-43.989678399999946,-20.191193599999963],[-43.989871799999946,-20.191116999999963],[-43.990013499999975,-20.19106199999993],[-43.990399399999944,-20.19090699999998],[-43.99067469999994,-20.190814099999955],[-43.990779299999986,-20.190856999999937],[-43.99085579999996,-20.19093689999994],[-43.990877499999954,-20.191034399999978],[-43.99088969999997,-20.191089199999965],[-43.99085219999995,-20.191161199999954],[-43.99078569999995,-20.19122159999995],[-43.99064379999993,-20.191341399999942],[-43.990216499999974,-20.19153209999996],[-43.98986209999998,-20.19166819999998],[-43.98944889999996,-20.191815899999938],[-43.98914709999997,-20.191927199999952],[-43.98903199999995,-20.19193279999996],[-43.98890949999998,-20.191915499999936],[-43.98874299999994,-20.191843499999948],[-43.98855759999998,-20.19177439999993],[-43.988376899999935,-20.191698199999962],[-43.98820649999993,-20.191623499999935],[-43.98795419999993,-20.191412499999956],[-43.987819599999966,-20.191353599999957],[-43.987726599999974,-20.191346099999976],[-43.98764449999993,-20.191358699999967],[-43.987548799999956,-20.191403099999945],[-43.98747519999995,-20.19148339999998],[-43.98736589999993,-20.191648199999975],[-43.987293299999976,-20.191835099999935],[-43.987238299999945,-20.191984899999966],[-43.98724129999994,-20.19218449999994],[-43.987284399999965,-20.192276599999957],[-43.98736669999994,-20.192383699999937],[-43.987612199999944,-20.192571999999927],[-43.98786259999997,-20.192823399999952],[-43.98796699999997,-20.192989099999977],[-43.98804019999994,-20.193163199999958],[-43.98808509999998,-20.193324599999983],[-43.98809989999995,-20.19355459999997],[-43.988098699999966,-20.19387459999996],[-43.98801009999994,-20.193988699999977],[-43.987793299999964,-20.19405949999998],[-43.98765449999996,-20.194141499999944],[-43.987581999999975,-20.19419819999996],[-43.98750949999993,-20.19425499999994],[-43.98747449999996,-20.194321199999933],[-43.98742749999997,-20.19441029999996],[-43.98736189999994,-20.19470569999993],[-43.98730199999994,-20.19495519999998],[-43.98725499999995,-20.195149399999934],[-43.98718109999993,-20.19532179999993],[-43.98707639999998,-20.195429599999954],[-43.98697789999994,-20.195549699999958],[-43.986937799999964,-20.19568819999995],[-43.986943199999985,-20.19586819999995],[-43.987045999999964,-20.196172199999978],[-43.987016799999935,-20.196368399999983],[-43.98696249999995,-20.196581299999934],[-43.98698109999998,-20.19672479999997],[-43.98703789999996,-20.196897299999932],[-43.98711009999994,-20.19715629999996],[-43.98711339999994,-20.197351099999935],[-43.98707639999998,-20.19754199999994],[-43.98702339999994,-20.19763819999997],[-43.98682109999993,-20.19784459999994],[-43.986355799999956,-20.198305699999935],[-43.98628229999997,-20.198453299999983],[-43.98619329999997,-20.198647799999947],[-43.98606139999998,-20.198861799999975],[-43.985915499999976,-20.199093999999945],[-43.98584459999995,-20.199224499999957],[-43.98585699999995,-20.199355699999956],[-43.98614639999994,-20.19988849999993],[-43.986285599999974,-20.20014709999998],[-43.98647129999995,-20.200692799999956],[-43.986682299999984,-20.20126229999994],[-43.98677079999993,-20.20140269999996],[-43.98687239999998,-20.201468499999976],[-43.98707609999997,-20.20154009999993],[-43.98739359999996,-20.201597499999934],[-43.98756129999998,-20.20159739999997],[-43.98776189999995,-20.201541499999962],[-43.987869899999964,-20.201472199999955],[-43.98824529999996,-20.201238799999942],[-43.98860509999997,-20.201027799999963],[-43.988819399999954,-20.200908599999934],[-43.988976399999956,-20.20083999999997],[-43.98911959999998,-20.200811099999953],[-43.98934899999995,-20.20079069999997],[-43.98956939999994,-20.200787899999966],[-43.98979769999994,-20.20073789999998],[-43.98992479999998,-20.200612099999944],[-43.98997779999996,-20.20044329999996],[-43.98999729999997,-20.200282799999968],[-43.99001099999998,-20.20015019999994],[-43.99005869999996,-20.19999009999998],[-43.990161899999976,-20.19986069999993],[-43.990806299999974,-20.199459099999956],[-43.99096389999994,-20.199412499999937],[-43.991085699999985,-20.19942659999998],[-43.99121199999996,-20.199469699999952],[-43.99136469999996,-20.199598099999946],[-43.991495499999985,-20.199771599999963],[-43.991612299999986,-20.199968099999978],[-43.991754699999944,-20.200161099999946],[-43.99188079999993,-20.20030509999998],[-43.991978899999935,-20.200391499999967],[-43.99211459999998,-20.200445199999933],[-43.99247249999996,-20.200461899999937],[-43.99277029999996,-20.200442599999974],[-43.992991899999936,-20.20042589999997],[-43.99317229999997,-20.20040199999994],[-43.99335899999994,-20.20035889999997],[-43.99353809999997,-20.20029439999996],[-43.994008399999984,-20.200035999999955],[-43.994483199999934,-20.199759599999936],[-43.99496519999997,-20.19949909999997],[-43.995896899999934,-20.19898879999994],[-43.99641269999995,-20.198707499999955],[-43.99657899999994,-20.198639499999956],[-43.99673689999997,-20.198618599999975],[-43.996905399999946,-20.19865169999997],[-43.99701829999998,-20.198729399999934],[-43.99714229999995,-20.198854299999937],[-43.99748569999997,-20.19919749999997],[-43.99768359999996,-20.199403699999948],[-43.99840219999993,-20.200190199999952],[-43.999073599999974,-20.19965639999998],[-43.999343899999985,-20.199441499999978],[-43.99946539999996,-20.199333699999954],[-43.99946589999996,-20.199031099999956],[-43.99948129999996,-20.19886349999996],[-43.99950949999993,-20.198711599999967],[-43.99958359999994,-20.198503999999957],[-43.99974309999993,-20.198185999999964],[-43.99985699999996,-20.198315599999944],[-43.99996939999994,-20.19840199999993],[-44.000360299999954,-20.198453299999983],[-44.000693199999944,-20.198482999999953],[-44.002389999999934,-20.198627699999975],[-44.00243489999997,-20.198631599999942],[-44.00243939999996,-20.198117599999932],[-44.00271219999996,-20.198132399999963],[-44.00277589999996,-20.197798399999954],[-44.002777299999934,-20.197418999999968],[-44.00273169999997,-20.196756999999934],[-44.00265269999994,-20.19653059999996],[-44.00254039999993,-20.196249799999975],[-44.00239119999998,-20.196013999999934],[-44.002214899999956,-20.19580529999996],[-44.00207299999994,-20.195711999999958],[-44.00178219999998,-20.195584699999927],[-44.00149669999996,-20.195504699999958],[-44.00116609999998,-20.195433199999968],[-44.00091029999993,-20.195371399999942],[-44.00073549999996,-20.195327799999973],[-44.00040329999996,-20.195174399999928],[-44.00006749999994,-20.19493749999998],[-43.99971439999996,-20.194568699999934],[-43.99961339999993,-20.194443699999965],[-43.99937209999996,-20.19414839999996],[-43.99907749999994,-20.19379779999997],[-43.998726499999975,-20.193443599999966],[-43.998440399999936,-20.19323879999996],[-43.99815229999996,-20.193083399999978],[-43.99795389999997,-20.192921099999978],[-43.997802999999976,-20.19269459999998],[-43.99757209999996,-20.192318799999953],[-43.997377599999936,-20.19212989999994],[-43.99711079999997,-20.19197749999995],[-43.996955999999955,-20.19187519999997],[-43.99680429999995,-20.19174869999995],[-43.99665219999997,-20.191606999999976],[-43.99652929999996,-20.19151089999997],[-43.99640389999996,-20.19145919999994],[-43.99626009999997,-20.191483499999947],[-43.99575379999993,-20.19173959999995],[-43.99562329999998,-20.191769499999964],[-43.99549129999997,-20.191769499999964],[-43.99534879999993,-20.191767099999936],[-43.99511579999995,-20.19168639999998],[-43.99478749999997,-20.191481099999976],[-43.994334099999946,-20.191062899999963],[-43.99398699999995,-20.19073519999995],[-43.99362039999994,-20.190391099999943],[-43.99275369999998,-20.189477199999942],[-43.99272799999994,-20.18945009999993],[-43.992641299999946,-20.189519099999927],[-43.99255449999998,-20.18958809999998],[-43.992389799999955,-20.189644999999928],[-43.99222199999997,-20.18961269999994],[-43.992064899999946,-20.189554199999975],[-43.99192329999994,-20.189514199999962],[-43.99178159999997,-20.18944639999995],[-43.991607699999975,-20.18935099999993],[-43.99139349999996,-20.18927539999993],[-43.99122429999994,-20.189264799999933],[-43.99108879999994,-20.189292499999965],[-43.990928699999984,-20.18930789999996],[-43.99073159999995,-20.189310899999953],[-43.990559099999984,-20.189233999999942],[-43.99033429999997,-20.189181599999927],[-43.99008489999994,-20.189132299999983],[-43.98982929999994,-20.18907349999995],[-43.98965549999997,-20.188986599999964],[-43.989499799999976,-20.188876799999946],[-43.98937779999994,-20.188747499999977],[-43.98929659999993,-20.18861499999997],[-43.98920419999996,-20.18848879999996],[-43.98908719999997,-20.188356299999953],[-43.988896299999965,-20.188171599999976],[-43.98865299999994,-20.18793759999994],[-43.988455999999985,-20.18784519999997],[-43.98825579999993,-20.187817499999937],[-43.98808639999993,-20.187823599999945],[-43.987929399999985,-20.187829799999975],[-43.98780009999996,-20.18784519999997],[-43.98769079999994,-20.18787599999996],[-43.987581499999976,-20.187906699999928]]]}},{"type":"Feature","id":"310900620000005","properties":{"code":"310900620000005","population":419,"areaKm2":1.1338256,"densityHabKm2":369.55,"households":318,"situation":"Urbana","district":"Piedade do Paraopeba","neighborhood":null,"containsReferencePoint":false,"fullyWithinRadius":false,"centroidDistanceM":2352,"statisticalYear":2022,"tabularRevision":"2026-05-20","geometryRelease":"2024-11-13"},"geometry":{"type":"Polygon","coordinates":[[[-43.99272799999994,-20.18945009999993],[-43.99275369999998,-20.189477199999942],[-43.99362039999994,-20.190391099999943],[-43.99398699999995,-20.19073519999995],[-43.994334099999946,-20.191062899999963],[-43.99478749999997,-20.191481099999976],[-43.99511579999995,-20.19168639999998],[-43.99534879999993,-20.191767099999936],[-43.99549129999997,-20.191769499999964],[-43.99562329999998,-20.191769499999964],[-43.99575379999993,-20.19173959999995],[-43.99626009999997,-20.191483499999947],[-43.99640389999996,-20.19145919999994],[-43.99652929999996,-20.19151089999997],[-43.99665219999997,-20.191606999999976],[-43.99680429999995,-20.19174869999995],[-43.996955999999955,-20.19187519999997],[-43.99711079999997,-20.19197749999995],[-43.997377599999936,-20.19212989999994],[-43.99757209999996,-20.192318799999953],[-43.997802999999976,-20.19269459999998],[-43.99795389999997,-20.192921099999978],[-43.99815229999996,-20.193083399999978],[-43.998440399999936,-20.19323879999996],[-43.998726499999975,-20.193443599999966],[-43.99907749999994,-20.19379779999997],[-43.99937209999996,-20.19414839999996],[-43.99961339999993,-20.194443699999965],[-43.99971439999996,-20.194568699999934],[-44.00006749999994,-20.19493749999998],[-44.00040329999996,-20.195174399999928],[-44.00073549999996,-20.195327799999973],[-44.00091029999993,-20.195371399999942],[-44.00116609999998,-20.195433199999968],[-44.00149669999996,-20.195504699999958],[-44.00178219999998,-20.195584699999927],[-44.00207299999994,-20.195711999999958],[-44.002214899999956,-20.19580529999996],[-44.00239119999998,-20.196013999999934],[-44.00254039999993,-20.196249799999975],[-44.00265269999994,-20.19653059999996],[-44.00273169999997,-20.196756999999934],[-44.002777299999934,-20.197418999999968],[-44.00277589999996,-20.197798399999954],[-44.00271219999996,-20.198132399999963],[-44.00298989999993,-20.19819949999993],[-44.00313569999997,-20.198279899999932],[-44.003413799999976,-20.19835519999998],[-44.00366169999995,-20.198400599999957],[-44.00393329999997,-20.198455199999955],[-44.00430449999993,-20.19846819999998],[-44.00464439999996,-20.198478399999942],[-44.00506999999993,-20.198491299999944],[-44.00533749999994,-20.198628799999938],[-44.005511799999965,-20.198692199999982],[-44.005769199999975,-20.198705299999972],[-44.00611489999994,-20.19871109999997],[-44.00631809999993,-20.198742899999957],[-44.00648719999998,-20.19878549999993],[-44.00665529999998,-20.198867399999926],[-44.00751889999998,-20.199299999999937],[-44.00758529999996,-20.199333199999955],[-44.00770739999996,-20.19939439999996],[-44.00791639999994,-20.19942659999998],[-44.008646099999964,-20.198902799999928],[-44.009434699999986,-20.19826409999996],[-44.00896959999994,-20.198224899999957],[-44.008831499999985,-20.198203599999943],[-44.00861029999993,-20.198138899999947],[-44.008465299999955,-20.19807449999996],[-44.00822089999997,-20.197852799999964],[-44.00781029999996,-20.19745729999994],[-44.00732209999995,-20.197003999999936],[-44.006575399999974,-20.196310599999947],[-44.006486999999936,-20.19620989999993],[-44.006424799999934,-20.196023199999956],[-44.00642409999995,-20.19584279999998],[-44.00650499999995,-20.195624099999975],[-44.006697299999985,-20.19533299999995],[-44.00738609999996,-20.19415719999995],[-44.00750789999995,-20.194002799999964],[-44.00772039999998,-20.19391559999997],[-44.00817699999993,-20.193766799999935],[-44.00853689999997,-20.19364109999998],[-44.00868669999994,-20.193588199999965],[-44.00895699999995,-20.193477899999948],[-44.00910029999994,-20.193359199999975],[-44.00916019999994,-20.19315809999995],[-44.00913819999994,-20.193016799999953],[-44.00909009999998,-20.192937899999947],[-44.00890709999993,-20.192815399999972],[-44.00841249999996,-20.192642699999965],[-44.00812029999997,-20.192498899999975],[-44.00792999999993,-20.192289199999948],[-44.00780329999998,-20.192069599999968],[-44.007629399999985,-20.191621699999928],[-44.007426899999984,-20.19109569999995],[-44.00725989999995,-20.19062349999996],[-44.00619619999998,-20.19070629999993],[-44.00621129999996,-20.190652499999942],[-44.006515999999976,-20.189569699999936],[-44.00572599999998,-20.188431999999978],[-44.00451409999994,-20.186664099999973],[-44.004486199999974,-20.186623399999974],[-44.00391519999994,-20.18699229999993],[-44.002972899999975,-20.18753849999996],[-44.00267729999996,-20.187603799999977],[-44.00208559999993,-20.187648299999978],[-44.001377599999955,-20.187693099999933],[-44.00042539999998,-20.187699299999963],[-43.99965469999995,-20.187666599999943],[-43.999445399999956,-20.187662199999977],[-43.99928309999996,-20.187703899999974],[-43.999141399999985,-20.18778629999997],[-43.999018699999965,-20.187921899999935],[-43.99888269999997,-20.18820469999997],[-43.998749799999985,-20.188651499999935],[-43.99819329999997,-20.18893049999997],[-43.99788099999995,-20.188915599999973],[-43.997701699999936,-20.188860199999965],[-43.99719779999998,-20.188747299999932],[-43.99627499999997,-20.188469099999963],[-43.99559329999994,-20.188445899999977],[-43.995386199999984,-20.188427299999944],[-43.99452179999997,-20.18841939999993],[-43.99434099999996,-20.188444499999946],[-43.99413029999994,-20.188534199999935],[-43.99400579999997,-20.188631399999963],[-43.99385659999996,-20.188719499999934],[-43.99328179999998,-20.188882099999944],[-43.993175099999974,-20.188943499999937],[-43.993030499999975,-20.18915789999994],[-43.99294349999997,-20.18925349999995],[-43.99278529999998,-20.189404599999932],[-43.99272799999994,-20.18945009999993]]]}},{"type":"Feature","id":"310900620000006","properties":{"code":"310900620000006","population":723,"areaKm2":1.9914681,"densityHabKm2":363.05,"households":387,"situation":"Urbana","district":"Piedade do Paraopeba","neighborhood":null,"containsReferencePoint":false,"fullyWithinRadius":false,"centroidDistanceM":1977,"statisticalYear":2022,"tabularRevision":"2026-05-20","geometryRelease":"2024-11-13"},"geometry":{"type":"Polygon","coordinates":[[[-44.004486199999974,-20.186623399999974],[-44.00451409999994,-20.186664099999973],[-44.00572599999998,-20.188431999999978],[-44.006515999999976,-20.189569699999936],[-44.00621129999996,-20.190652499999942],[-44.00619619999998,-20.19070629999993],[-44.00725989999995,-20.19062349999996],[-44.007426899999984,-20.19109569999995],[-44.007629399999985,-20.191621699999928],[-44.00780329999998,-20.192069599999968],[-44.00792999999993,-20.192289199999948],[-44.00812029999997,-20.192498899999975],[-44.00841249999996,-20.192642699999965],[-44.00890709999993,-20.192815399999972],[-44.00909009999998,-20.192937899999947],[-44.00913819999994,-20.193016799999953],[-44.00916019999994,-20.19315809999995],[-44.00910029999994,-20.193359199999975],[-44.00895699999995,-20.193477899999948],[-44.00868669999994,-20.193588199999965],[-44.00853689999997,-20.19364109999998],[-44.00817699999993,-20.193766799999935],[-44.00772039999998,-20.19391559999997],[-44.00750789999995,-20.194002799999964],[-44.00738609999996,-20.19415719999995],[-44.006697299999985,-20.19533299999995],[-44.00650499999995,-20.195624099999975],[-44.00642409999995,-20.19584279999998],[-44.006424799999934,-20.196023199999956],[-44.006486999999936,-20.19620989999993],[-44.006575399999974,-20.196310599999947],[-44.00732209999995,-20.197003999999936],[-44.00781029999996,-20.19745729999994],[-44.00822089999997,-20.197852799999964],[-44.008465299999955,-20.19807449999996],[-44.00861029999993,-20.198138899999947],[-44.008831499999985,-20.198203599999943],[-44.00896959999994,-20.198224899999957],[-44.009434699999986,-20.19826409999996],[-44.008646099999964,-20.198902799999928],[-44.00791639999994,-20.19942659999998],[-44.00770739999996,-20.19939439999996],[-44.00758529999996,-20.199333199999955],[-44.00751889999998,-20.199299999999937],[-44.00665529999998,-20.198867399999926],[-44.00648719999998,-20.19878549999993],[-44.00631809999993,-20.198742899999957],[-44.00611489999994,-20.19871109999997],[-44.005769199999975,-20.198705299999972],[-44.005511799999965,-20.198692199999982],[-44.00533749999994,-20.198628799999938],[-44.00506999999993,-20.198491299999944],[-44.00464439999996,-20.198478399999942],[-44.00430449999993,-20.19846819999998],[-44.00393329999997,-20.198455199999955],[-44.00366169999995,-20.198400599999957],[-44.003413799999976,-20.19835519999998],[-44.00313569999997,-20.198279899999932],[-44.00298989999993,-20.19819949999993],[-44.00271219999996,-20.198132399999963],[-44.00243939999996,-20.198117599999932],[-44.00243489999997,-20.198631599999942],[-44.002414699999974,-20.199094499999944],[-44.00204059999993,-20.199111199999948],[-44.001720999999975,-20.19912389999996],[-44.00154589999994,-20.199089799999967],[-44.000968099999966,-20.199179699999945],[-44.000584199999935,-20.199239999999975],[-43.99978909999993,-20.19979909999995],[-43.99943489999998,-20.200473099999954],[-43.99924519999996,-20.20101479999994],[-43.99928909999994,-20.201670899999954],[-43.99986169999994,-20.202477699999974],[-44.00075899999996,-20.20323659999997],[-44.001280099999974,-20.203831099999945],[-44.00182669999998,-20.204208499999936],[-44.002347199999974,-20.204702999999938],[-44.003173499999946,-20.205177999999933],[-44.00379819999995,-20.20520399999998],[-44.00451789999994,-20.204867499999978],[-44.005363999999986,-20.204097799999943],[-44.00569589999998,-20.20398599999993],[-44.00593159999994,-20.20375269999994],[-44.006120599999974,-20.20335119999993],[-44.00617299999993,-20.20309009999994],[-44.00639289999998,-20.202759999999955],[-44.00652229999997,-20.202408899999966],[-44.00665929999997,-20.20218269999998],[-44.00689689999996,-20.201864399999977],[-44.006988099999944,-20.20167079999993],[-44.00709599999993,-20.20156079999998],[-44.007356999999956,-20.201449999999966],[-44.00767049999996,-20.201441399999965],[-44.007902799999954,-20.20146589999996],[-44.00804389999996,-20.201527399999975],[-44.00827949999996,-20.201523099999974],[-44.00842989999995,-20.201458599999967],[-44.00849969999996,-20.20124439999995],[-44.00826809999995,-20.200725099999943],[-44.008295499999974,-20.200444499999946],[-44.00823499999996,-20.200027399999954],[-44.008580999999936,-20.199845299999936],[-44.00898159999997,-20.199581199999955],[-44.00927889999997,-20.199426999999957],[-44.009623799999986,-20.19925569999998],[-44.00987719999995,-20.19899309999994],[-44.01005109999994,-20.198720899999955],[-44.010164799999984,-20.19854229999993],[-44.01026729999995,-20.198396599999967],[-44.01028489999993,-20.198362199999963],[-44.01030319999995,-20.198326299999962],[-44.01046169999995,-20.198364599999934],[-44.01060179999996,-20.19839129999997],[-44.01075279999998,-20.198456299999975],[-44.01092139999997,-20.198534799999948],[-44.01106809999993,-20.198564499999975],[-44.01121319999993,-20.19855089999993],[-44.01163839999998,-20.198537899999963],[-44.01193209999997,-20.198588299999983],[-44.012345599999946,-20.198661899999934],[-44.01313879999998,-20.198717899999963],[-44.01334799999995,-20.198725799999977],[-44.013477199999954,-20.198739699999976],[-44.01377759999997,-20.198788999999977],[-44.01390969999994,-20.19878289999997],[-44.014061899999945,-20.198769099999936],[-44.01420539999998,-20.19877649999995],[-44.01434809999995,-20.19878289999997],[-44.014485099999945,-20.19880379999995],[-44.01460739999993,-20.198839499999963],[-44.01472549999994,-20.198892099999966],[-44.01484289999996,-20.19898799999993],[-44.01492019999995,-20.19903469999997],[-44.01499699999994,-20.199072199999932],[-44.01511919999996,-20.199099199999978],[-44.01524489999997,-20.199107199999958],[-44.015368199999955,-20.199112399999933],[-44.01554179999994,-20.199085199999956],[-44.01606909999998,-20.199606999999958],[-44.01670009999998,-20.199273999999946],[-44.017351099999985,-20.199005799999952],[-44.01901159999994,-20.198673499999927],[-44.01927169999993,-20.19866209999998],[-44.01956009999998,-20.198599899999977],[-44.02005769999994,-20.19825499999996],[-44.02030079999997,-20.19794969999998],[-44.02045919999995,-20.197649999999953],[-44.020515699999976,-20.197355999999957],[-44.02052139999995,-20.19693189999998],[-44.02043649999996,-20.19646819999997],[-44.02034039999995,-20.196015899999963],[-44.02027819999995,-20.195574799999974],[-44.020244299999945,-20.19529209999996],[-44.02017639999997,-20.195060299999966],[-44.02007469999995,-20.19486799999993],[-44.01992199999995,-20.19467009999994],[-44.019627999999955,-20.194336499999963],[-44.019294299999956,-20.193957599999976],[-44.01905359999995,-20.193816899999945],[-44.01883959999998,-20.193698299999937],[-44.01841019999995,-20.193578699999932],[-44.01811429999998,-20.193526799999972],[-44.017885099999944,-20.193515899999966],[-44.01770369999997,-20.193489399999976],[-44.01758429999995,-20.193433599999935],[-44.017492499999946,-20.193332899999973],[-44.01745349999993,-20.193224399999963],[-44.01749819999998,-20.19299149999995],[-44.01760389999998,-20.192798099999948],[-44.01777589999995,-20.19256139999993],[-44.01785119999994,-20.192243299999973],[-44.01756489999997,-20.192151499999966],[-44.01740609999996,-20.192087999999956],[-44.01726019999995,-20.19197909999997],[-44.01707159999995,-20.19179809999997],[-44.01692749999995,-20.191561599999943],[-44.01656689999993,-20.191040699999974],[-44.01627129999997,-20.190826699999946],[-44.01601519999997,-20.19060399999995],[-44.01562329999996,-20.190115299999945],[-44.01529899999997,-20.189767099999926],[-44.01474949999994,-20.189503799999954],[-44.01446329999993,-20.18943509999997],[-44.01415419999995,-20.18934349999995],[-44.01383359999994,-20.189240499999983],[-44.01303219999994,-20.188828399999977],[-44.01272099999994,-20.188597899999934],[-44.012410999999986,-20.188233799999978],[-44.01240089999993,-20.188221899999974],[-44.01235649999995,-20.18816229999993],[-44.01215199999996,-20.187888099999952],[-44.011721799999975,-20.187422399999946],[-44.01123959999995,-20.18688229999998],[-44.01068729999997,-20.18657719999993],[-44.01010979999995,-20.186334699999975],[-44.00988099999995,-20.186115099999938],[-44.00976319999995,-20.18589389999994],[-44.00975049999994,-20.185620099999937],[-44.009684499999935,-20.18521069999997],[-44.00954429999996,-20.18496799999997],[-44.00942279999998,-20.184765599999935],[-44.00933319999996,-20.184485999999936],[-44.00928899999997,-20.184471499999972],[-44.00923459999996,-20.18445369999995],[-44.008622799999955,-20.184253099999978],[-44.007883299999946,-20.185713199999952],[-44.00750729999993,-20.18581329999995],[-44.005759499999954,-20.18563759999995],[-44.004486199999974,-20.186623399999974]]]}},{"type":"Feature","id":"310900620000007","properties":{"code":"310900620000007","population":52,"areaKm2":0.6603837,"densityHabKm2":78.74,"households":177,"situation":"Urbana","district":"Piedade do Paraopeba","neighborhood":null,"containsReferencePoint":false,"fullyWithinRadius":false,"centroidDistanceM":3130,"statisticalYear":2022,"tabularRevision":"2026-05-20","geometryRelease":"2024-11-13"},"geometry":{"type":"Polygon","coordinates":[[[-44.00933319999996,-20.184485999999936],[-44.00942279999998,-20.184765599999935],[-44.00954429999996,-20.18496799999997],[-44.009684499999935,-20.18521069999997],[-44.00975049999994,-20.185620099999937],[-44.00976319999995,-20.18589389999994],[-44.00988099999995,-20.186115099999938],[-44.01010979999995,-20.186334699999975],[-44.01068729999997,-20.18657719999993],[-44.01123959999995,-20.18688229999998],[-44.011721799999975,-20.187422399999946],[-44.01215199999996,-20.187888099999952],[-44.01235649999995,-20.18816229999993],[-44.01240089999993,-20.188221899999974],[-44.012410999999986,-20.188233799999978],[-44.01272099999994,-20.188597899999934],[-44.01303219999994,-20.188828399999977],[-44.01383359999994,-20.189240499999983],[-44.01415419999995,-20.18934349999995],[-44.01446329999993,-20.18943509999997],[-44.01474949999994,-20.189503799999954],[-44.01529899999997,-20.189767099999926],[-44.01562329999996,-20.190115299999945],[-44.01601519999997,-20.19060399999995],[-44.01627129999997,-20.190826699999946],[-44.01656689999993,-20.191040699999974],[-44.01692749999995,-20.191561599999943],[-44.01771499999995,-20.187182999999948],[-44.01788589999995,-20.185700099999963],[-44.018178399999954,-20.183782099999974],[-44.01828089999998,-20.18301219999995],[-44.018242499999985,-20.182672599999933],[-44.01813559999994,-20.182419599999946],[-44.016522099999975,-20.18104999999997],[-44.01520469999997,-20.180008999999927],[-44.014787499999954,-20.180369799999937],[-44.014454599999965,-20.180657699999927],[-44.012476799999945,-20.18210609999994],[-44.01125109999998,-20.182927399999983],[-44.01115539999995,-20.183031699999958],[-44.01105249999995,-20.183479399999953],[-44.01098859999996,-20.18364029999998],[-44.010839499999975,-20.183774899999946],[-44.010565499999984,-20.183882799999935],[-44.01028599999995,-20.183970099999954],[-44.009704599999964,-20.184221099999945],[-44.00947929999995,-20.184351999999933],[-44.00933319999996,-20.184485999999936]]]}},{"type":"Feature","id":"310900620000010","properties":{"code":"310900620000010","population":213,"areaKm2":11.5089341,"densityHabKm2":18.51,"households":153,"situation":"Rural","district":"Piedade do Paraopeba","neighborhood":null,"containsReferencePoint":false,"fullyWithinRadius":false,"centroidDistanceM":3695,"statisticalYear":2022,"tabularRevision":"2026-05-20","geometryRelease":"2024-11-13"},"geometry":{"type":"Polygon","coordinates":[[[-43.97380549999997,-20.17286649999994],[-43.973767099999975,-20.17295059999998],[-43.97374499999995,-20.172998999999948],[-43.97371259999994,-20.17307109999996],[-43.97364699999997,-20.173216999999966],[-43.97350099999994,-20.17344799999995],[-43.97339199999993,-20.17365499999994],[-43.97326999999996,-20.173850999999956],[-43.97314899999998,-20.174080999999944],[-43.97300299999995,-20.174310999999932],[-43.972868999999946,-20.174609999999973],[-43.97275899999994,-20.175035999999977],[-43.97273499999994,-20.175300999999934],[-43.97267499999998,-20.17551899999995],[-43.972564999999975,-20.17587599999996],[-43.972504999999956,-20.17616399999997],[-43.972467999999935,-20.176381999999933],[-43.97246899999993,-20.176623999999947],[-43.97252999999995,-20.176842999999963],[-43.97267599999998,-20.17704999999995],[-43.972834999999975,-20.17723399999994],[-43.97306409999993,-20.17755779999993],[-43.97315199999997,-20.177681999999947],[-43.97326129999993,-20.177810799999975],[-43.97329799999994,-20.177853999999968],[-43.97349399999996,-20.178095999999982],[-43.97366679999993,-20.178258899999946],[-43.97373799999997,-20.17832599999997],[-43.97389599999997,-20.17848699999996],[-43.97399139999993,-20.17857689999994],[-43.974066999999934,-20.178647999999953],[-43.97433499999994,-20.17887799999994],[-43.974373999999955,-20.178903899999966],[-43.97474999999997,-20.17915299999993],[-43.97488579999998,-20.17930819999998],[-43.974981999999954,-20.17941799999994],[-43.97513999999995,-20.17961299999996],[-43.97523799999993,-20.179705499999955],[-43.975371999999936,-20.179831999999976],[-43.97547399999996,-20.179914999999937],[-43.97563999999994,-20.180049999999937],[-43.975859999999955,-20.18018799999993],[-43.97607899999997,-20.180279999999982],[-43.97632299999998,-20.180394999999976],[-43.976590999999985,-20.18058999999994],[-43.976797999999974,-20.18075099999993],[-43.97688029999995,-20.180833699999937],[-43.97696899999994,-20.18092299999995],[-43.976993999999934,-20.181187999999963],[-43.976944999999944,-20.18140699999998],[-43.97685709999996,-20.181534399999975],[-43.97676299999995,-20.181670999999938],[-43.97668999999996,-20.18192499999998],[-43.97653199999996,-20.182200999999964],[-43.97642199999996,-20.182407999999953],[-43.97634859999994,-20.182561499999963],[-43.97630099999998,-20.18266099999994],[-43.976294199999984,-20.18282449999998],[-43.97628899999995,-20.18294899999995],[-43.97636199999994,-20.18317899999994],[-43.976431299999945,-20.183289799999955],[-43.97648399999997,-20.183373999999958],[-43.97664299999997,-20.183557999999948],[-43.97683799999993,-20.183707999999967],[-43.976850199999944,-20.18371949999994],[-43.977044999999976,-20.18390299999993],[-43.977288999999985,-20.18405299999995],[-43.97749699999997,-20.18422499999997],[-43.977665299999956,-20.18433299999998],[-43.97780099999994,-20.184419999999932],[-43.978069999999946,-20.184523999999954],[-43.97812819999996,-20.18454209999993],[-43.97836199999995,-20.18461499999995],[-43.97860599999996,-20.18474199999997],[-43.97883799999994,-20.184833999999967],[-43.97902099999993,-20.184970999999962],[-43.97913369999998,-20.18509849999998],[-43.97920399999998,-20.18517799999995],[-43.979349999999954,-20.185396999999966],[-43.97941879999996,-20.185558399999934],[-43.979447999999934,-20.185626999999954],[-43.97950899999995,-20.185844999999972],[-43.97956999999997,-20.186121999999955],[-43.97960699999993,-20.18637499999994],[-43.979598899999985,-20.186599899999976],[-43.979596199999946,-20.186675799999932],[-43.97959499999996,-20.186707999999953],[-43.979597199999944,-20.186727899999937],[-43.97961349999997,-20.18687799999998],[-43.979619999999954,-20.18693799999994],[-43.97962339999998,-20.18696079999995],[-43.97963499999997,-20.18703919999996],[-43.97965599999998,-20.187179999999955],[-43.97970499999997,-20.18747899999994],[-43.97975399999996,-20.187731999999983],[-43.97985199999994,-20.18799699999994],[-43.979852499999936,-20.188140499999975],[-43.979852999999935,-20.188283999999953],[-43.97982799999994,-20.188583999999935],[-43.979840999999965,-20.188905999999974],[-43.979840999999965,-20.189192999999932],[-43.97979299999997,-20.189422999999977],[-43.979731999999956,-20.189745999999957],[-43.97968399999996,-20.189963999999975],[-43.97961099999998,-20.190205999999932],[-43.979525999999964,-20.190424999999948],[-43.97945299999998,-20.190665999999965],[-43.97939199999996,-20.190930999999978],[-43.97928299999995,-20.19125299999996],[-43.979221999999936,-20.191529999999943],[-43.979173999999944,-20.191816999999958],[-43.97916379999998,-20.19189279999995],[-43.97913699999998,-20.192092999999943],[-43.97949029999995,-20.19217119999996],[-43.979872599999965,-20.19217009999994],[-43.980246499999964,-20.192176399999937],[-43.98036609999997,-20.192201299999965],[-43.98045509999997,-20.192241999999965],[-43.98049229999998,-20.19230529999993],[-43.98051359999994,-20.192410999999936],[-43.98049729999997,-20.192538399999933],[-43.980465599999945,-20.19264789999994],[-43.98047809999997,-20.192769299999952],[-43.98053179999994,-20.192948499999943],[-43.98058329999998,-20.193092499999977],[-43.98065759999997,-20.19315949999998],[-43.980748999999946,-20.19320739999995],[-43.98089539999995,-20.193242399999974],[-43.98103659999998,-20.193272099999945],[-43.98111329999995,-20.193318399999953],[-43.98115409999997,-20.19338709999994],[-43.98114709999993,-20.193488799999955],[-43.98110019999996,-20.19358169999998],[-43.98102799999998,-20.193695899999966],[-43.98101349999996,-20.19377979999996],[-43.981039099999975,-20.193846099999973],[-43.98108169999995,-20.193921899999964],[-43.98115789999997,-20.194001799999967],[-43.98135129999997,-20.194136399999934],[-43.98150899999996,-20.194247099999927],[-43.98151509999997,-20.194251399999928],[-43.981569099999945,-20.19435169999997],[-43.98160359999997,-20.194511899999952],[-43.981637199999966,-20.194618299999945],[-43.98168519999996,-20.19468749999993],[-43.98176319999993,-20.194750899999974],[-43.98185449999994,-20.194798599999956],[-43.98195469999996,-20.19482019999998],[-43.98204999999996,-20.19479629999995],[-43.982126499999936,-20.19476599999996],[-43.982206099999985,-20.194688799999938],[-43.98232969999998,-20.194599299999936],[-43.982443099999955,-20.194565199999943],[-43.982682799999964,-20.19453919999995],[-43.98290279999998,-20.19451159999994],[-43.98301929999997,-20.19446309999995],[-43.983155099999976,-20.194353599999943],[-43.98319989999993,-20.19427159999998],[-43.98321009999995,-20.194151699999964],[-43.983226799999954,-20.193722199999968],[-43.98322099999996,-20.19330599999995],[-43.98320339999998,-20.19317549999994],[-43.983137099999965,-20.192980699999964],[-43.98306319999995,-20.192799899999955],[-43.98302719999998,-20.19267709999997],[-43.98302729999995,-20.19257239999996],[-43.983068799999955,-20.192433799999947],[-43.983079299999986,-20.192317799999955],[-43.983051399999965,-20.192187799999942],[-43.982975899999985,-20.191988099999946],[-43.98290289999994,-20.191794199999947],[-43.98290179999998,-20.19168259999998],[-43.98292369999996,-20.19159099999996],[-43.98301299999997,-20.191435999999953],[-43.983263799999975,-20.19115009999996],[-43.98339439999995,-20.19091949999995],[-43.98344969999994,-20.190721199999928],[-43.98350089999997,-20.19044169999995],[-43.98358689999998,-20.190157899999974],[-43.98368199999993,-20.189862499999947],[-43.98369759999997,-20.18964569999997],[-43.983700899999974,-20.189340999999956],[-43.983780199999956,-20.18897929999997],[-43.98381219999993,-20.188679999999977],[-43.983835899999974,-20.18836829999998],[-43.98393509999994,-20.188125799999966],[-43.98407879999996,-20.18801159999998],[-43.98439749999994,-20.18783339999993],[-43.984609699999965,-20.18782159999995],[-43.98476019999998,-20.18785509999998],[-43.98487289999997,-20.187861099999964],[-43.985036899999955,-20.187821999999983],[-43.98524329999998,-20.18769409999993],[-43.98541259999996,-20.187559299999975],[-43.98555449999998,-20.187507099999948],[-43.985825699999964,-20.187513399999943],[-43.98610949999994,-20.187576499999977],[-43.986323899999945,-20.187671099999932],[-43.98656349999993,-20.187746799999957],[-43.986796899999945,-20.187835099999972],[-43.98702289999994,-20.187927899999977],[-43.98715579999998,-20.187928799999952],[-43.98728879999993,-20.187929699999927],[-43.987581499999976,-20.187906699999928],[-43.98769079999994,-20.18787599999996],[-43.98780009999996,-20.18784519999997],[-43.987929399999985,-20.187829799999975],[-43.98808639999993,-20.187823599999945],[-43.98825579999993,-20.187817499999937],[-43.988455999999985,-20.18784519999997],[-43.98865299999994,-20.18793759999994],[-43.988896299999965,-20.188171599999976],[-43.98908719999997,-20.188356299999953],[-43.98920419999996,-20.18848879999996],[-43.98929659999993,-20.18861499999997],[-43.98937779999994,-20.188747499999977],[-43.989499799999976,-20.188876799999946],[-43.98965549999997,-20.188986599999964],[-43.98982929999994,-20.18907349999995],[-43.99008489999994,-20.189132299999983],[-43.99033429999997,-20.189181599999927],[-43.990559099999984,-20.189233999999942],[-43.99073159999995,-20.189310899999953],[-43.990928699999984,-20.18930789999996],[-43.99108879999994,-20.189292499999965],[-43.99122429999994,-20.189264799999933],[-43.99139349999996,-20.18927539999993],[-43.991607699999975,-20.18935099999993],[-43.99178159999997,-20.18944639999995],[-43.99192329999994,-20.189514199999962],[-43.992064899999946,-20.189554199999975],[-43.99222199999997,-20.18961269999994],[-43.992389799999955,-20.189644999999928],[-43.99255449999998,-20.18958809999998],[-43.992641299999946,-20.189519099999927],[-43.99272799999994,-20.18945009999993],[-43.99278529999998,-20.189404599999932],[-43.99294349999997,-20.18925349999995],[-43.993030499999975,-20.18915789999994],[-43.993175099999974,-20.188943499999937],[-43.99328179999998,-20.188882099999944],[-43.99385659999996,-20.188719499999934],[-43.99400579999997,-20.188631399999963],[-43.99413029999994,-20.188534199999935],[-43.99434099999996,-20.188444499999946],[-43.99452179999997,-20.18841939999993],[-43.995386199999984,-20.188427299999944],[-43.99559329999994,-20.188445899999977],[-43.99627499999997,-20.188469099999963],[-43.99719779999998,-20.188747299999932],[-43.997701699999936,-20.188860199999965],[-43.99788099999995,-20.188915599999973],[-43.99819329999997,-20.18893049999997],[-43.998749799999985,-20.188651499999935],[-43.99888269999997,-20.18820469999997],[-43.999018699999965,-20.187921899999935],[-43.999141399999985,-20.18778629999997],[-43.99928309999996,-20.187703899999974],[-43.999445399999956,-20.187662199999977],[-43.99965469999995,-20.187666599999943],[-44.00042539999998,-20.187699299999963],[-44.001377599999955,-20.187693099999933],[-44.00208559999993,-20.187648299999978],[-44.00267729999996,-20.187603799999977],[-44.002972899999975,-20.18753849999996],[-44.00391519999994,-20.18699229999993],[-44.004486199999974,-20.186623399999974],[-44.005759499999954,-20.18563759999995],[-44.00750729999993,-20.18581329999995],[-44.007883299999946,-20.185713199999952],[-44.008622799999955,-20.184253099999978],[-44.00923459999996,-20.18445369999995],[-44.00928899999997,-20.184471499999972],[-44.00933319999996,-20.184485999999936],[-44.00947929999995,-20.184351999999933],[-44.009704599999964,-20.184221099999945],[-44.01028599999995,-20.183970099999954],[-44.010565499999984,-20.183882799999935],[-44.010839499999975,-20.183774899999946],[-44.01098859999996,-20.18364029999998],[-44.01105249999995,-20.183479399999953],[-44.01115539999995,-20.183031699999958],[-44.01125109999998,-20.182927399999983],[-44.012476799999945,-20.18210609999994],[-44.014454599999965,-20.180657699999927],[-44.014787499999954,-20.180369799999937],[-44.01520469999997,-20.180008999999927],[-44.016522099999975,-20.18104999999997],[-44.01813559999994,-20.182419599999946],[-44.018242499999985,-20.182672599999933],[-44.01828089999998,-20.18301219999995],[-44.018178399999954,-20.183782099999974],[-44.01788589999995,-20.185700099999963],[-44.01771499999995,-20.187182999999948],[-44.01692749999995,-20.191561599999943],[-44.01707159999995,-20.19179809999997],[-44.01726019999995,-20.19197909999997],[-44.01740609999996,-20.192087999999956],[-44.01756489999997,-20.192151499999966],[-44.01785119999994,-20.192243299999973],[-44.01808509999995,-20.192284299999983],[-44.01831869999995,-20.192316799999958],[-44.01851899999997,-20.19235459999993],[-44.01879349999996,-20.192367099999956],[-44.01919039999996,-20.19230239999996],[-44.01964519999996,-20.192146999999977],[-44.01990579999995,-20.192114699999934],[-44.02007189999995,-20.192231099999958],[-44.02027349999997,-20.19228529999998],[-44.02044299999994,-20.192228599999964],[-44.02053889999996,-20.192144999999982],[-44.02054229999993,-20.19205839999995],[-44.02047569999996,-20.191944099999944],[-44.020333499999936,-20.19189179999995],[-44.020118099999934,-20.19160279999994],[-44.01996279999997,-20.191296199999954],[-44.01997019999993,-20.190948999999932],[-44.01999059999997,-20.19067199999995],[-44.020017199999984,-20.190447199999937],[-44.02010139999993,-20.190142899999955],[-44.02024209999996,-20.189953199999934],[-44.02038799999997,-20.189572299999952],[-44.020503599999984,-20.189313899999945],[-44.020613699999956,-20.189134199999955],[-44.02074589999995,-20.189052999999944],[-44.020902099999944,-20.18909599999995],[-44.02099869999995,-20.189344499999947],[-44.021131099999934,-20.189672499999972],[-44.02120839999998,-20.18995339999998],[-44.02144079999994,-20.19022629999995],[-44.02168289999997,-20.190229899999963],[-44.02187709999998,-20.190147899999943],[-44.02197039999993,-20.190021799999954],[-44.02193699999998,-20.189856499999962],[-44.02177599999993,-20.18964829999993],[-44.021807499999966,-20.18949319999996],[-44.02191659999994,-20.189395299999944],[-44.02211139999997,-20.189346399999977],[-44.02236579999993,-20.189269299999978],[-44.022587199999975,-20.189223599999934],[-44.02281329999994,-20.189237299999945],[-44.02309299999996,-20.18940589999994],[-44.02342239999996,-20.189534299999934],[-44.02365249999997,-20.18962719999996],[-44.02376239999995,-20.189536199999964],[-44.02393829999994,-20.189237299999945],[-44.02411019999994,-20.18895939999993],[-44.024523699999975,-20.188595199999952],[-44.02492229999996,-20.18817619999993],[-44.02538759999993,-20.187869199999966],[-44.02586859999997,-20.18761049999995],[-44.026208699999984,-20.187539999999956],[-44.026427799999965,-20.18753319999996],[-44.026678999999945,-20.187616399999968],[-44.02705919999994,-20.18771659999993],[-44.02727939999994,-20.18771849999996],[-44.02739319999995,-20.187616599999956],[-44.02735409999997,-20.187456399999974],[-44.02723599999996,-20.187264999999968],[-44.027030099999934,-20.187042799999972],[-44.02704069999993,-20.18694499999998],[-44.02709679999998,-20.18686639999993],[-44.02726469999993,-20.186832099999947],[-44.027507199999945,-20.18684719999993],[-44.02777189999995,-20.18687669999997],[-44.02814959999995,-20.186803399999974],[-44.02844819999996,-20.18668539999993],[-44.028674799999976,-20.186519399999952],[-44.02873699999998,-20.18634549999996],[-44.02880879999998,-20.18616609999998],[-44.02888389999998,-20.185991299999955],[-44.029014899999936,-20.185820199999966],[-44.029227499999934,-20.185698299999956],[-44.02946049999997,-20.185712899999942],[-44.02979329999994,-20.185698599999967],[-44.03002909999998,-20.185537599999975],[-44.030331399999966,-20.18513969999998],[-44.03050829999995,-20.18504319999994],[-44.03072649999996,-20.18507909999994],[-44.03083109999994,-20.18527839999996],[-44.03088329999997,-20.185527099999945],[-44.03099989999998,-20.185711399999946],[-44.03123429999994,-20.185827599999982],[-44.031468899999936,-20.185830799999962],[-44.03176259999998,-20.185715199999947],[-44.032208699999956,-20.18552989999995],[-44.03254529999998,-20.18535509999998],[-44.03277439999994,-20.18495219999994],[-44.032948499999975,-20.18466109999997],[-44.033216299999935,-20.18446679999994],[-44.033533699999964,-20.18425209999998],[-44.03386919999997,-20.184134399999948],[-44.03414299999997,-20.18391299999996],[-44.034248299999945,-20.183743899999968],[-44.03443139999996,-20.183583299999952],[-44.03458169999993,-20.183502699999963],[-44.03488089999996,-20.18335689999998],[-44.035087799999985,-20.183255499999973],[-44.03521959999995,-20.183238399999937],[-44.035337399999946,-20.183298999999977],[-44.03546019999993,-20.18352029999994],[-44.03582189999997,-20.18378189999993],[-44.03623959999993,-20.184003399999938],[-44.03661669999997,-20.184098999999946],[-44.037003099999936,-20.184142399999928],[-44.037368699999945,-20.184271799999976],[-44.037730899999985,-20.18431739999994],[-44.03808449999997,-20.184239799999943],[-44.03828589999995,-20.184115299999974],[-44.03842099999997,-20.183895999999947],[-44.038532299999986,-20.18361989999994],[-44.03865659999997,-20.18353819999993],[-44.03884459999995,-20.183535399999982],[-44.03901479999996,-20.18358189999998],[-44.03915529999995,-20.18364299999996],[-44.03944069999994,-20.183682199999964],[-44.03975049999997,-20.183730899999944],[-44.04013069999996,-20.183722299999943],[-44.04034679999995,-20.18371179999997],[-44.04056779999996,-20.18379129999994],[-44.04072039999994,-20.183975699999962],[-44.040833299999974,-20.184221299999933],[-44.04092779999996,-20.18444169999998],[-44.04114579999998,-20.18460699999997],[-44.04132629999998,-20.184702399999935],[-44.04157589999994,-20.18472289999994],[-44.04172189999997,-20.184667099999956],[-44.04180189999994,-20.184533099999953],[-44.04179529999993,-20.18426009999996],[-44.04175239999995,-20.18382829999996],[-44.04172269999998,-20.18346219999995],[-44.04174949999998,-20.18338119999993],[-44.04183029999996,-20.18327979999998],[-44.04195979999997,-20.18330169999996],[-44.04218519999995,-20.183238699999947],[-44.042290399999956,-20.18294119999996],[-44.04237459999996,-20.18263019999995],[-44.04252789999998,-20.18242559999993],[-44.04264959999995,-20.182228899999927],[-44.04277069999995,-20.18221479999994],[-44.04298719999997,-20.182303099999956],[-44.04314259999995,-20.18239209999996],[-44.04334959999994,-20.182455499999946],[-44.04364429999998,-20.182504799999947],[-44.04419939999997,-20.182397399999957],[-44.04442099999994,-20.182392499999935],[-44.04458729999993,-20.182283799999936],[-44.04472119999997,-20.18196649999993],[-44.044867899999986,-20.181781199999932],[-44.045078599999954,-20.181741699999975],[-44.04523029999996,-20.181819599999983],[-44.045354299999985,-20.181912099999977],[-44.04539079999995,-20.182126299999936],[-44.04540039999995,-20.182411799999954],[-44.045556499999975,-20.18260779999997],[-44.04571589999995,-20.182783099999938],[-44.04579899999993,-20.18299929999995],[-44.04582089999997,-20.183257199999957],[-44.04586199999994,-20.18345919999996],[-44.045977499999935,-20.183521999999982],[-44.046137199999976,-20.183515899999975],[-44.046265999999946,-20.18342599999994],[-44.04631889999996,-20.183177799999953],[-44.04651149999995,-20.18307999999996],[-44.046653799999945,-20.18308959999996],[-44.04675279999998,-20.18319379999997],[-44.04691349999996,-20.183335899999975],[-44.047184399999935,-20.183326299999976],[-44.04738899999995,-20.18315389999998],[-44.04755809999995,-20.183196299999963],[-44.04769289999996,-20.183343599999944],[-44.04773419999998,-20.183627599999966],[-44.04808109999993,-20.18358509999996],[-44.048352499999964,-20.18362689999998],[-44.048529299999984,-20.18383259999996],[-44.04878969999993,-20.18397129999994],[-44.04901679999995,-20.18398949999994],[-44.049222199999974,-20.184086699999966],[-44.04945299999997,-20.18428799999998],[-44.04939289999993,-20.183932699999957],[-44.04930289999993,-20.183632399999965],[-44.04919209999997,-20.183458499999972],[-44.04910109999997,-20.18331489999997],[-44.04902899999996,-20.183231899999953],[-44.04893279999993,-20.18297149999995],[-44.04889499999996,-20.182669399999952],[-44.04883979999994,-20.182505499999934],[-44.048733899999945,-20.182406699999945],[-44.04858809999996,-20.182306899999958],[-44.048166299999934,-20.182171299999936],[-44.04778429999993,-20.182127799999932],[-44.047252199999946,-20.181996899999945],[-44.04700889999998,-20.181860299999983],[-44.04668959999998,-20.18169709999995],[-44.046189599999934,-20.181383299999936],[-44.045855899999935,-20.181128099999967],[-44.045572799999945,-20.18099589999997],[-44.04526869999995,-20.180844299999933],[-44.045047599999975,-20.180709199999967],[-44.044838399999946,-20.180564499999946],[-44.04456309999995,-20.18024779999996],[-44.04436549999997,-20.179970599999933],[-44.04417559999996,-20.179710299999954],[-44.044035099999974,-20.17946489999997],[-44.04396809999997,-20.179187499999955],[-44.043915399999946,-20.178946199999928],[-44.043827599999986,-20.17873359999993],[-44.04368739999995,-20.178442099999927],[-44.043514699999946,-20.178061299999968],[-44.043320999999935,-20.177588199999946],[-44.04319779999997,-20.177323499999943],[-44.043055299999935,-20.177159699999947],[-44.04285429999993,-20.176979699999947],[-44.04259669999993,-20.176780599999972],[-44.04235339999997,-20.17656349999993],[-44.04219959999995,-20.17636619999996],[-44.04207189999994,-20.176049599999942],[-44.041914599999984,-20.175477099999966],[-44.041773399999954,-20.175103999999976],[-44.04148299999997,-20.174360299999933],[-44.04086529999995,-20.172621899999967],[-44.040742999999964,-20.17240449999997],[-44.040580199999965,-20.17222449999997],[-44.04025839999997,-20.172010899999975],[-44.039682899999946,-20.17170189999996],[-44.038552599999946,-20.17114669999995],[-44.03814849999998,-20.170885099999964],[-44.03782119999994,-20.170579799999928],[-44.03743559999998,-20.170196499999975],[-44.03716629999997,-20.169888399999934],[-44.036604299999965,-20.16916089999995],[-44.03644619999994,-20.169046599999945],[-44.03610349999997,-20.168932199999972],[-44.035702399999934,-20.168893899999944],[-44.035174799999936,-20.16887749999995],[-44.034596499999964,-20.168954999999983],[-44.033910499999934,-20.168950999999936],[-44.03367059999994,-20.16880759999998],[-44.03350649999993,-20.168647999999962],[-44.03324259999994,-20.168196699999953],[-44.033073599999966,-20.16795559999997],[-44.03274349999998,-20.16776239999996],[-44.032440399999984,-20.16793649999994],[-44.03203129999997,-20.167984199999978],[-44.03172779999994,-20.16816529999994],[-44.031376799999975,-20.16852279999995],[-44.03093359999997,-20.168795599999953],[-44.030354099999954,-20.16885689999998],[-44.029726799999935,-20.168870599999934],[-44.02890179999997,-20.16880919999994],[-44.02819279999994,-20.168768299999954],[-44.02749049999994,-20.168829699999947],[-44.027081399999986,-20.16880919999994],[-44.02695189999997,-20.16885009999993],[-44.026835999999946,-20.168965999999955],[-44.02667919999993,-20.16932739999993],[-44.02617799999996,-20.169780799999955],[-44.02561899999995,-20.170271699999944],[-44.02474629999995,-20.170735299999933],[-44.023846299999946,-20.171444399999928],[-44.02312359999996,-20.172194299999944],[-44.02272809999994,-20.172848899999963],[-44.02238719999997,-20.173612499999933],[-44.021459999999934,-20.174130599999955],[-44.02062269999993,-20.174331999999936],[-44.02028439999998,-20.17431149999993],[-44.01995979999998,-20.174302799999964],[-44.019453899999974,-20.17431229999994],[-44.01894109999995,-20.174243899999965],[-44.01807409999998,-20.17389789999993],[-44.017287299999964,-20.173553099999936],[-44.016412299999956,-20.173237099999938],[-44.014299499999936,-20.17157229999998],[-44.01093119999996,-20.17455199999995],[-44.010113899999965,-20.17500039999993],[-44.00948059999996,-20.17529129999997],[-44.00887499999993,-20.17575759999994],[-44.008398399999976,-20.176152399999978],[-44.00822469999997,-20.17653869999998],[-44.00823669999994,-20.177279399999975],[-44.00828259999997,-20.177955699999927],[-44.00825119999996,-20.178422799999964],[-44.00804369999997,-20.178706399999953],[-44.007830499999955,-20.17876609999996],[-44.007511799999975,-20.178808299999957],[-44.007149899999945,-20.178754699999956],[-44.00688489999993,-20.178647199999943],[-44.00667089999996,-20.178485499999965],[-44.00650769999993,-20.178330999999957],[-44.00629059999994,-20.178271199999926],[-44.00600179999998,-20.178273699999977],[-44.00577929999997,-20.17834769999996],[-44.005512099999976,-20.178491399999928],[-44.00533029999997,-20.17854609999995],[-44.005041699999936,-20.17849149999995],[-44.004749499999946,-20.178374099999928],[-44.004385199999945,-20.17835189999994],[-44.003670099999965,-20.178078099999937],[-44.00310449999995,-20.177908599999967],[-44.00256319999994,-20.177598599999953],[-44.00240519999994,-20.17724579999998],[-44.002345299999945,-20.176643399999932],[-44.00224479999997,-20.175930499999936],[-44.00212229999994,-20.175440099999946],[-44.00192709999993,-20.174975099999926],[-44.001413999999954,-20.17456219999997],[-44.000800599999934,-20.174284799999953],[-43.99961229999997,-20.17427779999997],[-43.99837859999997,-20.17413389999996],[-43.997236199999975,-20.173968799999955],[-43.99619869999998,-20.174069199999963],[-43.99509619999998,-20.17412699999994],[-43.99395459999994,-20.174155799999937],[-43.99108549999994,-20.17002759999997],[-43.99117249999995,-20.16942339999997],[-43.99118239999996,-20.169163099999935],[-43.991101199999946,-20.16877459999995],[-43.99096869999994,-20.168520799999953],[-43.99077159999996,-20.168284899999946],[-43.99043759999995,-20.167941999999982],[-43.99011359999997,-20.167756899999972],[-43.98942999999997,-20.167477799999972],[-43.98885179999996,-20.16730649999994],[-43.98803949999996,-20.16697449999998],[-43.987553799999944,-20.16690909999994],[-43.98711049999997,-20.166999399999952],[-43.98681979999998,-20.16718529999997],[-43.986631699999975,-20.167475199999956],[-43.986301399999945,-20.16966549999995],[-43.98614669999995,-20.16991009999998],[-43.98597509999996,-20.169953799999973],[-43.985721499999954,-20.169841299999973],[-43.98562769999995,-20.16959959999997],[-43.98547069999995,-20.16938049999993],[-43.98420429999993,-20.16914719999994],[-43.98338529999995,-20.168891299999927],[-43.98275549999994,-20.169029299999977],[-43.98182939999998,-20.169383599999946],[-43.981649199999936,-20.16960229999995],[-43.981579299999964,-20.169884699999955],[-43.98149569999998,-20.170225399999936],[-43.98003079999995,-20.171460699999955],[-43.979558199999985,-20.171929199999965],[-43.97939689999998,-20.172234799999956],[-43.97851369999995,-20.17346699999996],[-43.97832459999995,-20.174155799999937],[-43.97808809999998,-20.17477969999993],[-43.97784059999998,-20.17510249999998],[-43.977518799999984,-20.175318499999946],[-43.977142999999955,-20.17539789999995],[-43.97678739999998,-20.175277499999936],[-43.976604099999975,-20.17502529999996],[-43.97647699999993,-20.174741799999936],[-43.976184599999954,-20.17410549999994],[-43.97600559999995,-20.173531199999957],[-43.97561839999997,-20.17323689999995],[-43.97494039999998,-20.17298839999995],[-43.974436899999944,-20.172964599999943],[-43.97380549999997,-20.17286649999994]]]}},{"type":"Feature","id":"310900620000011","properties":{"code":"310900620000011","population":371,"areaKm2":9.0767076,"densityHabKm2":40.87,"households":282,"situation":"Rural","district":"Piedade do Paraopeba","neighborhood":null,"containsReferencePoint":false,"fullyWithinRadius":false,"centroidDistanceM":5175,"statisticalYear":2022,"tabularRevision":"2026-05-20","geometryRelease":"2024-11-13"},"geometry":{"type":"Polygon","coordinates":[[[-44.02873699999998,-20.18634549999996],[-44.02892299999996,-20.186498599999936],[-44.02901459999998,-20.186573599999974],[-44.02915109999998,-20.18668139999994],[-44.02926129999997,-20.18677619999994],[-44.02942499999995,-20.186870099999965],[-44.02931309999997,-20.186945999999978],[-44.02918319999998,-20.18705749999998],[-44.02900749999998,-20.18719109999995],[-44.028813999999954,-20.187364099999968],[-44.02863569999994,-20.18756209999998],[-44.028539499999965,-20.187724699999933],[-44.02844589999995,-20.187909399999967],[-44.02840039999995,-20.188147499999957],[-44.028348499999936,-20.188451999999927],[-44.028265799999986,-20.188713699999937],[-44.02811719999994,-20.18897469999996],[-44.02804919999994,-20.189131199999963],[-44.02804709999998,-20.189333699999963],[-44.02802909999997,-20.189521399999933],[-44.02789579999995,-20.18970079999997],[-44.02767769999997,-20.189953899999978],[-44.027463299999965,-20.190217599999983],[-44.027301199999954,-20.190537499999948],[-44.027233499999966,-20.190764499999943],[-44.02715879999994,-20.19095589999995],[-44.026926999999944,-20.191276699999946],[-44.02656419999994,-20.191708199999937],[-44.02636199999995,-20.191983499999935],[-44.02620399999995,-20.192239099999938],[-44.02610299999998,-20.192463999999973],[-44.02602529999996,-20.19271969999994],[-44.02596829999993,-20.192977499999927],[-44.025998899999934,-20.193380599999955],[-44.02599779999997,-20.19396869999997],[-44.02607939999996,-20.194114999999954],[-44.02650819999997,-20.194523499999946],[-44.02676699999995,-20.194765899999936],[-44.02717259999997,-20.19533249999995],[-44.02747139999997,-20.19574419999998],[-44.02763269999997,-20.195911499999966],[-44.02794369999998,-20.19610309999996],[-44.028134799999975,-20.19622389999995],[-44.028287699999964,-20.196360399999946],[-44.028403399999945,-20.196595899999977],[-44.02850399999994,-20.197083299999974],[-44.02861189999993,-20.197319299999947],[-44.028830599999935,-20.197584099999972],[-44.02900379999994,-20.19779959999994],[-44.02907499999998,-20.197981899999945],[-44.02905759999993,-20.19815239999997],[-44.02890949999994,-20.19844219999993],[-44.02884469999998,-20.19859299999996],[-44.028831999999966,-20.198790299999928],[-44.02887819999995,-20.19896339999997],[-44.028983799999935,-20.199118399999975],[-44.029208799999935,-20.199364599999967],[-44.02937089999995,-20.199527699999976],[-44.02953089999994,-20.199725899999976],[-44.02964479999997,-20.19986309999996],[-44.02991709999998,-20.200168899999937],[-44.03017179999995,-20.20039769999994],[-44.03060799999997,-20.200723099999948],[-44.03085039999996,-20.200882999999976],[-44.03115089999994,-20.201142699999934],[-44.03142679999996,-20.201417099999958],[-44.03277039999995,-20.202949099999955],[-44.03325099999995,-20.202174999999954],[-44.03339999999997,-20.201967999999965],[-44.03365999999994,-20.201611999999955],[-44.03378399999997,-20.201393999999937],[-44.03390799999994,-20.20116399999995],[-44.034067999999934,-20.20099199999993],[-44.03432699999996,-20.200762999999938],[-44.03454899999997,-20.200568999999973],[-44.03479399999998,-20.20039799999995],[-44.035211999999945,-20.200192999999956],[-44.035432999999955,-20.20006799999993],[-44.035690999999986,-20.199930999999935],[-44.03597199999996,-20.199863999999934],[-44.036253999999985,-20.19983099999996],[-44.03655999999995,-20.199821999999926],[-44.036816999999985,-20.199731999999983],[-44.03725799999995,-20.19961999999998],[-44.03768699999995,-20.19953099999998],[-44.03805399999993,-20.199486999999976],[-44.03834699999993,-20.19948899999997],[-44.038615999999934,-20.199479999999937],[-44.03889799999996,-20.199423999999965],[-44.03921599999995,-20.199322999999936],[-44.03955999999994,-20.199221999999963],[-44.039804999999944,-20.199142999999935],[-44.04011099999997,-20.199098999999933],[-44.04044099999993,-20.19907799999993],[-44.040782999999976,-20.199045999999953],[-44.04107699999997,-20.199036999999976],[-44.04133399999995,-20.199003999999945],[-44.041638999999975,-20.199017999999967],[-44.04189599999995,-20.199030999999934],[-44.042127999999934,-20.199055999999928],[-44.04251899999997,-20.199139999999943],[-44.04277399999995,-20.199233999999933],[-44.04312799999997,-20.199386999999945],[-44.04337099999998,-20.199468999999965],[-44.04358999999994,-20.19963299999995],[-44.043845999999974,-20.19972699999994],[-44.04415199999994,-20.199728999999934],[-44.044407999999976,-20.19971899999996],[-44.044726999999966,-20.199675999999954],[-44.04497199999997,-20.199596999999983],[-44.04530299999993,-20.199494999999956],[-44.04563299999995,-20.199416999999983],[-44.04596399999997,-20.199326999999982],[-44.04619699999995,-20.19925999999998],[-44.04656499999993,-20.199146999999982],[-44.04680899999994,-20.199113999999952],[-44.047102999999936,-20.19906999999995],[-44.04744499999998,-20.199060999999972],[-44.04772699999995,-20.199074999999937],[-44.04794599999997,-20.199168999999927],[-44.04823799999997,-20.19933199999997],[-44.04844399999996,-20.199471999999957],[-44.048663999999974,-20.199565999999948],[-44.04894299999995,-20.19975299999993],[-44.04913699999997,-20.19996199999997],[-44.04934399999996,-20.200113999999928],[-44.04958599999998,-20.20033499999994],[-44.049792999999966,-20.20050999999995],[-44.05002299999995,-20.200695999999937],[-44.05032699999998,-20.200916999999947],[-44.05053399999997,-20.20109199999996],[-44.05080099999998,-20.201266999999973],[-44.050982999999974,-20.20144199999993],[-44.051395999999954,-20.20174499999996],[-44.05157799999995,-20.201884999999947],[-44.05182099999996,-20.202035999999964],[-44.05202799999995,-20.20216499999998],[-44.052344999999946,-20.20227099999994],[-44.052576999999985,-20.202295999999933],[-44.05313899999993,-20.20229999999998],[-44.05337099999997,-20.202335999999946],[-44.053699999999935,-20.20247699999993],[-44.054029999999955,-20.20247999999998],[-44.05427499999996,-20.202492999999947],[-44.05453099999994,-20.202494999999942],[-44.054787999999974,-20.202508999999964],[-44.05517899999995,-20.20251099999996],[-44.05561899999998,-20.202525999999978],[-44.05585199999996,-20.202504999999974],[-44.056133999999986,-20.202402999999947],[-44.05640299999993,-20.202346999999975],[-44.05769899999996,-20.20235699999995],[-44.05807699999997,-20.20239399999997],[-44.058210299999985,-20.202407599999958],[-44.058321999999976,-20.202418999999963],[-44.05855299999996,-20.202512999999954],[-44.058820999999966,-20.202664999999968],[-44.05902699999996,-20.202804999999955],[-44.05924599999997,-20.202991999999938],[-44.05947699999996,-20.203165999999953],[-44.059756999999934,-20.20327199999997],[-44.06006199999996,-20.20329799999996],[-44.06034399999993,-20.203299999999956],[-44.060599999999965,-20.20328999999998],[-44.06096699999995,-20.20325799999995],[-44.061199999999985,-20.203224999999975],[-44.06150599999995,-20.20320399999997],[-44.061811999999975,-20.20314899999994],[-44.062044999999955,-20.203057999999942],[-44.06232699999998,-20.202932999999973],[-44.06260899999995,-20.202796999999975],[-44.062903999999946,-20.202660999999978],[-44.06327099999993,-20.202662999999973],[-44.06367299999994,-20.202781999999956],[-44.06391699999995,-20.202852999999948],[-44.064220999999975,-20.203004999999962],[-44.06440299999997,-20.203190999999947],[-44.06472889999998,-20.20318839999993],[-44.064959199999976,-20.20322129999994],[-44.06518489999996,-20.203254899999934],[-44.065403499999945,-20.203192099999967],[-44.06558289999998,-20.203045199999963],[-44.06583939999996,-20.202993499999934],[-44.066152999999986,-20.203024099999936],[-44.065741199999934,-20.201022399999943],[-44.06573059999994,-20.20027299999998],[-44.06601969999997,-20.199475199999938],[-44.06641639999998,-20.199207899999976],[-44.06725039999998,-20.19893689999998],[-44.068179999999984,-20.19878699999998],[-44.06979439999998,-20.198724899999945],[-44.07137239999997,-20.198551899999927],[-44.07261959999994,-20.19858279999994],[-44.07383999999996,-20.19873599999994],[-44.07488969999997,-20.198819999999955],[-44.07597739999994,-20.19902389999993],[-44.07681999999994,-20.199045999999953],[-44.07739499999997,-20.199015999999972],[-44.07777539999995,-20.19893289999993],[-44.07830339999998,-20.19861389999994],[-44.07864699999993,-20.19838999999996],[-44.07894399999998,-20.197918999999956],[-44.07904639999998,-20.197406899999976],[-44.079016399999944,-20.196679899999936],[-44.07902349999995,-20.196075399999927],[-44.078862399999934,-20.195352299999968],[-44.07858079999994,-20.19480969999995],[-44.07816379999997,-20.193788599999948],[-44.07764789999993,-20.191601299999945],[-44.07763339999997,-20.19006909999996],[-44.07837299999994,-20.18814679999997],[-44.07930419999997,-20.186440799999957],[-44.07999909999995,-20.18520499999994],[-44.08048999999994,-20.18426839999995],[-44.080771099999936,-20.183612799999935],[-44.08085449999993,-20.183194999999955],[-44.08098609999996,-20.18266449999993],[-44.08041479999997,-20.182960799999933],[-44.07982039999996,-20.183322799999928],[-44.07909959999995,-20.183777599999928],[-44.07870449999996,-20.184044399999948],[-44.078240499999936,-20.18447939999993],[-44.077773399999955,-20.184965199999965],[-44.077232899999956,-20.18510299999997],[-44.07677649999994,-20.18512489999995],[-44.07638499999996,-20.185104199999955],[-44.07576859999995,-20.184887799999956],[-44.07541779999997,-20.184735399999965],[-44.07492199999996,-20.18462459999995],[-44.07446669999996,-20.184618399999977],[-44.07398529999995,-20.184671599999945],[-44.073455699999954,-20.18475369999993],[-44.07106649999997,-20.18562019999996],[-44.07040999999998,-20.18579029999995],[-44.06978659999993,-20.18585779999995],[-44.06948959999994,-20.185938199999953],[-44.069048099999975,-20.186196699999982],[-44.06860329999995,-20.186245699999972],[-44.067894799999976,-20.186214399999983],[-44.06724689999993,-20.18628719999998],[-44.06681659999998,-20.18643439999994],[-44.06631909999993,-20.18638089999996],[-44.065791099999956,-20.186193799999955],[-44.064700899999934,-20.18562129999998],[-44.064380599999936,-20.185576699999956],[-44.06402319999995,-20.185598399999947],[-44.063378299999954,-20.18565159999997],[-44.06280549999997,-20.18576769999993],[-44.062645499999974,-20.185849299999973],[-44.062534899999946,-20.185905799999944],[-44.062315799999965,-20.186050999999964],[-44.062023599999975,-20.186361999999974],[-44.061550799999964,-20.18653219999993],[-44.06078119999995,-20.18670889999993],[-44.06001229999998,-20.186878999999976],[-44.05897289999996,-20.186901699999964],[-44.058275899999956,-20.186860499999966],[-44.05698899999993,-20.186397399999976],[-44.05644589999997,-20.186127899999974],[-44.05616989999993,-20.18600749999996],[-44.05578869999994,-20.185998299999937],[-44.05500049999995,-20.186128199999928],[-44.054390499999954,-20.186252499999966],[-44.05396989999997,-20.186397299999953],[-44.05371969999993,-20.18644999999998],[-44.05264179999995,-20.18641139999994],[-44.05185299999994,-20.186393899999928],[-44.05139019999996,-20.18643549999996],[-44.05090579999995,-20.186464799999953],[-44.050435799999946,-20.18641679999996],[-44.05031989999998,-20.186363599999936],[-44.05022909999997,-20.18616839999993],[-44.05007559999996,-20.185833999999943],[-44.04994469999997,-20.18544069999996],[-44.04955529999995,-20.18473819999997],[-44.04945299999997,-20.18428799999998],[-44.049222199999974,-20.184086699999966],[-44.04901679999995,-20.18398949999994],[-44.04878969999993,-20.18397129999994],[-44.048529299999984,-20.18383259999996],[-44.048352499999964,-20.18362689999998],[-44.04808109999993,-20.18358509999996],[-44.04773419999998,-20.183627599999966],[-44.04769289999996,-20.183343599999944],[-44.04755809999995,-20.183196299999963],[-44.04738899999995,-20.18315389999998],[-44.047184399999935,-20.183326299999976],[-44.04691349999996,-20.183335899999975],[-44.04675279999998,-20.18319379999997],[-44.046653799999945,-20.18308959999996],[-44.04651149999995,-20.18307999999996],[-44.04631889999996,-20.183177799999953],[-44.046265999999946,-20.18342599999994],[-44.046137199999976,-20.183515899999975],[-44.045977499999935,-20.183521999999982],[-44.04586199999994,-20.18345919999996],[-44.04582089999997,-20.183257199999957],[-44.04579899999993,-20.18299929999995],[-44.04571589999995,-20.182783099999938],[-44.045556499999975,-20.18260779999997],[-44.04540039999995,-20.182411799999954],[-44.04539079999995,-20.182126299999936],[-44.045354299999985,-20.181912099999977],[-44.04523029999996,-20.181819599999983],[-44.045078599999954,-20.181741699999975],[-44.044867899999986,-20.181781199999932],[-44.04472119999997,-20.18196649999993],[-44.04458729999993,-20.182283799999936],[-44.04442099999994,-20.182392499999935],[-44.04419939999997,-20.182397399999957],[-44.04364429999998,-20.182504799999947],[-44.04334959999994,-20.182455499999946],[-44.04314259999995,-20.18239209999996],[-44.04298719999997,-20.182303099999956],[-44.04277069999995,-20.18221479999994],[-44.04264959999995,-20.182228899999927],[-44.04252789999998,-20.18242559999993],[-44.04237459999996,-20.18263019999995],[-44.042290399999956,-20.18294119999996],[-44.04218519999995,-20.183238699999947],[-44.04195979999997,-20.18330169999996],[-44.04183029999996,-20.18327979999998],[-44.04174949999998,-20.18338119999993],[-44.04172269999998,-20.18346219999995],[-44.04175239999995,-20.18382829999996],[-44.04179529999993,-20.18426009999996],[-44.04180189999994,-20.184533099999953],[-44.04172189999997,-20.184667099999956],[-44.04157589999994,-20.18472289999994],[-44.04132629999998,-20.184702399999935],[-44.04114579999998,-20.18460699999997],[-44.04092779999996,-20.18444169999998],[-44.040833299999974,-20.184221299999933],[-44.04072039999994,-20.183975699999962],[-44.04056779999996,-20.18379129999994],[-44.04034679999995,-20.18371179999997],[-44.04013069999996,-20.183722299999943],[-44.03975049999997,-20.183730899999944],[-44.03944069999994,-20.183682199999964],[-44.03915529999995,-20.18364299999996],[-44.03901479999996,-20.18358189999998],[-44.03884459999995,-20.183535399999982],[-44.03865659999997,-20.18353819999993],[-44.038532299999986,-20.18361989999994],[-44.03842099999997,-20.183895999999947],[-44.03828589999995,-20.184115299999974],[-44.03808449999997,-20.184239799999943],[-44.037730899999985,-20.18431739999994],[-44.037368699999945,-20.184271799999976],[-44.037003099999936,-20.184142399999928],[-44.03661669999997,-20.184098999999946],[-44.03623959999993,-20.184003399999938],[-44.03582189999997,-20.18378189999993],[-44.03546019999993,-20.18352029999994],[-44.035337399999946,-20.183298999999977],[-44.03521959999995,-20.183238399999937],[-44.035087799999985,-20.183255499999973],[-44.03488089999996,-20.18335689999998],[-44.03458169999993,-20.183502699999963],[-44.03443139999996,-20.183583299999952],[-44.034248299999945,-20.183743899999968],[-44.03414299999997,-20.18391299999996],[-44.03386919999997,-20.184134399999948],[-44.033533699999964,-20.18425209999998],[-44.033216299999935,-20.18446679999994],[-44.032948499999975,-20.18466109999997],[-44.03277439999994,-20.18495219999994],[-44.03254529999998,-20.18535509999998],[-44.032208699999956,-20.18552989999995],[-44.03176259999998,-20.185715199999947],[-44.031468899999936,-20.185830799999962],[-44.03123429999994,-20.185827599999982],[-44.03099989999998,-20.185711399999946],[-44.03088329999997,-20.185527099999945],[-44.03083109999994,-20.18527839999996],[-44.03072649999996,-20.18507909999994],[-44.03050829999995,-20.18504319999994],[-44.030331399999966,-20.18513969999998],[-44.03002909999998,-20.185537599999975],[-44.02979329999994,-20.185698599999967],[-44.02946049999997,-20.185712899999942],[-44.029227499999934,-20.185698299999956],[-44.029014899999936,-20.185820199999966],[-44.02888389999998,-20.185991299999955],[-44.02880879999998,-20.18616609999998],[-44.02873699999998,-20.18634549999996]]]}},{"type":"Feature","id":"310900620000012","properties":{"code":"310900620000012","population":107,"areaKm2":3.7502059,"densityHabKm2":28.53,"households":65,"situation":"Rural","district":"Piedade do Paraopeba","neighborhood":null,"containsReferencePoint":false,"fullyWithinRadius":false,"centroidDistanceM":1907,"statisticalYear":2022,"tabularRevision":"2026-05-20","geometryRelease":"2024-11-13"},"geometry":{"type":"Polygon","coordinates":[[[-44.01785119999994,-20.192243299999973],[-44.01777589999995,-20.19256139999993],[-44.01760389999998,-20.192798099999948],[-44.01749819999998,-20.19299149999995],[-44.01745349999993,-20.193224399999963],[-44.017492499999946,-20.193332899999973],[-44.01758429999995,-20.193433599999935],[-44.01770369999997,-20.193489399999976],[-44.017885099999944,-20.193515899999966],[-44.01811429999998,-20.193526799999972],[-44.01841019999995,-20.193578699999932],[-44.01883959999998,-20.193698299999937],[-44.01905359999995,-20.193816899999945],[-44.019294299999956,-20.193957599999976],[-44.019627999999955,-20.194336499999963],[-44.01992199999995,-20.19467009999994],[-44.02007469999995,-20.19486799999993],[-44.02017639999997,-20.195060299999966],[-44.020244299999945,-20.19529209999996],[-44.02027819999995,-20.195574799999974],[-44.02034039999995,-20.196015899999963],[-44.02043649999996,-20.19646819999997],[-44.02052139999995,-20.19693189999998],[-44.020515699999976,-20.197355999999957],[-44.02045919999995,-20.197649999999953],[-44.02030079999997,-20.19794969999998],[-44.02005769999994,-20.19825499999996],[-44.01956009999998,-20.198599899999977],[-44.01927169999993,-20.19866209999998],[-44.01901159999994,-20.198673499999927],[-44.017351099999985,-20.199005799999952],[-44.01670009999998,-20.199273999999946],[-44.01606909999998,-20.199606999999958],[-44.01554179999994,-20.199085199999956],[-44.015538299999946,-20.19910239999996],[-44.01542139999998,-20.199305599999946],[-44.01516259999994,-20.199697399999934],[-44.01487929999996,-20.20003829999996],[-44.01473079999994,-20.200206299999934],[-44.01464199999998,-20.200364699999966],[-44.01458089999994,-20.20054669999996],[-44.014593299999945,-20.200747599999943],[-44.01460449999996,-20.20101599999998],[-44.014601899999946,-20.201291999999967],[-44.014598699999965,-20.20145489999993],[-44.014640199999974,-20.201620799999944],[-44.01473439999995,-20.201784699999962],[-44.01479389999997,-20.201905199999942],[-44.01483469999994,-20.20201949999995],[-44.014931099999956,-20.20239859999998],[-44.01500329999993,-20.20274829999994],[-44.01509199999998,-20.203088099999945],[-44.01520419999997,-20.203298699999948],[-44.015624299999956,-20.20389339999997],[-44.015702199999964,-20.204003599999965],[-44.015739199999985,-20.20411889999997],[-44.01573599999995,-20.204271399999982],[-44.01566889999998,-20.204481199999975],[-44.01554459999994,-20.204719299999965],[-44.015786799999944,-20.204807099999982],[-44.015894799999955,-20.20486049999994],[-44.01596059999997,-20.205263099999968],[-44.01605299999994,-20.20559039999995],[-44.01605029999996,-20.20588259999994],[-44.01594619999997,-20.206244699999957],[-44.01575649999995,-20.207017399999927],[-44.015502699999956,-20.207540999999935],[-44.015164599999935,-20.20811159999994],[-44.01507159999994,-20.208742799999982],[-44.015083699999934,-20.20938019999994],[-44.015250099999946,-20.21024449999993],[-44.01559599999996,-20.21103759999994],[-44.015765699999974,-20.211639899999966],[-44.016069399999935,-20.212130899999977],[-44.016421599999944,-20.212445199999934],[-44.016394599999956,-20.212634199999968],[-44.01619949999997,-20.213049999999953],[-44.01612359999996,-20.21356989999998],[-44.01615529999998,-20.21441559999994],[-44.016170399999965,-20.21553689999996],[-44.01617239999996,-20.215690699999982],[-44.01635099999993,-20.215813999999966],[-44.01659399999994,-20.21600099999995],[-44.01679999999993,-20.21623299999993],[-44.01705399999997,-20.21645499999994],[-44.01732199999998,-20.216629999999952],[-44.01768699999997,-20.216781999999967],[-44.017942999999946,-20.216876999999954],[-44.018272999999965,-20.216936999999973],[-44.01879799999995,-20.216940999999963],[-44.01921599999997,-20.21671299999997],[-44.01944899999995,-20.21667999999994],[-44.01972999999998,-20.216647999999964],[-44.01996299999996,-20.216556999999966],[-44.02019599999994,-20.216443999999967],[-44.02041799999995,-20.21631899999994],[-44.020613999999966,-20.216181999999947],[-44.020798999999954,-20.216043999999954],[-44.021019999999965,-20.21589599999993],[-44.02130299999993,-20.215736999999933],[-44.02152399999994,-20.215599999999938],[-44.02174499999995,-20.21548599999994],[-44.02202799999998,-20.215326999999945],[-44.02224899999993,-20.21518999999995],[-44.02248199999997,-20.215052999999955],[-44.02281399999998,-20.21488299999993],[-44.02304799999996,-20.214699999999937],[-44.023305999999934,-20.214539999999943],[-44.023526999999945,-20.214414999999974],[-44.02377299999995,-20.21423199999998],[-44.02394499999997,-20.21408299999996],[-44.02416699999998,-20.213888999999938],[-44.02433899999994,-20.213728999999944],[-44.02439929999997,-20.213468599999942],[-44.02443109999996,-20.213219399999957],[-44.024458799999934,-20.212943199999927],[-44.02495929999998,-20.21308019999998],[-44.02581769999995,-20.21332949999993],[-44.02650939999995,-20.213534899999956],[-44.026788899999985,-20.213634499999955],[-44.02706059999997,-20.213728499999945],[-44.02749229999995,-20.21392899999995],[-44.02795699999996,-20.21412209999994],[-44.02800449999995,-20.21389419999997],[-44.028141199999936,-20.213233799999955],[-44.02844419999997,-20.212718499999937],[-44.02855589999996,-20.21239309999993],[-44.02857999999998,-20.212065199999927],[-44.02854599999995,-20.211717199999953],[-44.028583099999935,-20.21140399999996],[-44.028723499999955,-20.21102849999994],[-44.02900759999994,-20.210239599999966],[-44.02935119999995,-20.209373599999935],[-44.02956349999994,-20.20896929999998],[-44.02985949999993,-20.208802099999957],[-44.030263599999955,-20.208680399999935],[-44.03069019999998,-20.208513899999957],[-44.031046999999944,-20.208481999999947],[-44.03134479999994,-20.208395999999937],[-44.03158309999998,-20.208264699999972],[-44.031893699999955,-20.208053699999937],[-44.03208269999993,-20.207796499999972],[-44.03226959999995,-20.20734989999994],[-44.03254899999996,-20.206655199999943],[-44.03269519999998,-20.206434099999967],[-44.03286799999995,-20.205614599999933],[-44.03303189999997,-20.20517159999997],[-44.03329869999993,-20.20410579999998],[-44.03338969999993,-20.203653799999927],[-44.033299899999975,-20.203414099999975],[-44.03310449999998,-20.20321999999993],[-44.03277039999995,-20.202949099999955],[-44.03142679999996,-20.201417099999958],[-44.03115089999994,-20.201142699999934],[-44.03085039999996,-20.200882999999976],[-44.03060799999997,-20.200723099999948],[-44.03017179999995,-20.20039769999994],[-44.02991709999998,-20.200168899999937],[-44.02964479999997,-20.19986309999996],[-44.02953089999994,-20.199725899999976],[-44.02937089999995,-20.199527699999976],[-44.029208799999935,-20.199364599999967],[-44.028983799999935,-20.199118399999975],[-44.02887819999995,-20.19896339999997],[-44.028831999999966,-20.198790299999928],[-44.02884469999998,-20.19859299999996],[-44.02890949999994,-20.19844219999993],[-44.02905759999993,-20.19815239999997],[-44.02907499999998,-20.197981899999945],[-44.02900379999994,-20.19779959999994],[-44.028830599999935,-20.197584099999972],[-44.02861189999993,-20.197319299999947],[-44.02850399999994,-20.197083299999974],[-44.028403399999945,-20.196595899999977],[-44.028287699999964,-20.196360399999946],[-44.028134799999975,-20.19622389999995],[-44.02794369999998,-20.19610309999996],[-44.02763269999997,-20.195911499999966],[-44.02747139999997,-20.19574419999998],[-44.02717259999997,-20.19533249999995],[-44.02676699999995,-20.194765899999936],[-44.02650819999997,-20.194523499999946],[-44.02607939999996,-20.194114999999954],[-44.02599779999997,-20.19396869999997],[-44.025998899999934,-20.193380599999955],[-44.02596829999993,-20.192977499999927],[-44.02602529999996,-20.19271969999994],[-44.02610299999998,-20.192463999999973],[-44.02620399999995,-20.192239099999938],[-44.02636199999995,-20.191983499999935],[-44.02656419999994,-20.191708199999937],[-44.026926999999944,-20.191276699999946],[-44.02715879999994,-20.19095589999995],[-44.027233499999966,-20.190764499999943],[-44.027301199999954,-20.190537499999948],[-44.027463299999965,-20.190217599999983],[-44.02767769999997,-20.189953899999978],[-44.02789579999995,-20.18970079999997],[-44.02802909999997,-20.189521399999933],[-44.02804709999998,-20.189333699999963],[-44.02804919999994,-20.189131199999963],[-44.02811719999994,-20.18897469999996],[-44.028265799999986,-20.188713699999937],[-44.028348499999936,-20.188451999999927],[-44.02840039999995,-20.188147499999957],[-44.02844589999995,-20.187909399999967],[-44.028539499999965,-20.187724699999933],[-44.02863569999994,-20.18756209999998],[-44.028813999999954,-20.187364099999968],[-44.02900749999998,-20.18719109999995],[-44.02918319999998,-20.18705749999998],[-44.02931309999997,-20.186945999999978],[-44.02942499999995,-20.186870099999965],[-44.02926129999997,-20.18677619999994],[-44.02915109999998,-20.18668139999994],[-44.02901459999998,-20.186573599999974],[-44.02892299999996,-20.186498599999936],[-44.02873699999998,-20.18634549999996],[-44.028674799999976,-20.186519399999952],[-44.02844819999996,-20.18668539999993],[-44.02814959999995,-20.186803399999974],[-44.02777189999995,-20.18687669999997],[-44.027507199999945,-20.18684719999993],[-44.02726469999993,-20.186832099999947],[-44.02709679999998,-20.18686639999993],[-44.02704069999993,-20.18694499999998],[-44.027030099999934,-20.187042799999972],[-44.02723599999996,-20.187264999999968],[-44.02735409999997,-20.187456399999974],[-44.02739319999995,-20.187616599999956],[-44.02727939999994,-20.18771849999996],[-44.02705919999994,-20.18771659999993],[-44.026678999999945,-20.187616399999968],[-44.026427799999965,-20.18753319999996],[-44.026208699999984,-20.187539999999956],[-44.02586859999997,-20.18761049999995],[-44.02538759999993,-20.187869199999966],[-44.02492229999996,-20.18817619999993],[-44.024523699999975,-20.188595199999952],[-44.02411019999994,-20.18895939999993],[-44.02393829999994,-20.189237299999945],[-44.02376239999995,-20.189536199999964],[-44.02365249999997,-20.18962719999996],[-44.02342239999996,-20.189534299999934],[-44.02309299999996,-20.18940589999994],[-44.02281329999994,-20.189237299999945],[-44.022587199999975,-20.189223599999934],[-44.02236579999993,-20.189269299999978],[-44.02211139999997,-20.189346399999977],[-44.02191659999994,-20.189395299999944],[-44.021807499999966,-20.18949319999996],[-44.02177599999993,-20.18964829999993],[-44.02193699999998,-20.189856499999962],[-44.02197039999993,-20.190021799999954],[-44.02187709999998,-20.190147899999943],[-44.02168289999997,-20.190229899999963],[-44.02144079999994,-20.19022629999995],[-44.02120839999998,-20.18995339999998],[-44.021131099999934,-20.189672499999972],[-44.02099869999995,-20.189344499999947],[-44.020902099999944,-20.18909599999995],[-44.02074589999995,-20.189052999999944],[-44.020613699999956,-20.189134199999955],[-44.020503599999984,-20.189313899999945],[-44.02038799999997,-20.189572299999952],[-44.02024209999996,-20.189953199999934],[-44.02010139999993,-20.190142899999955],[-44.020017199999984,-20.190447199999937],[-44.01999059999997,-20.19067199999995],[-44.01997019999993,-20.190948999999932],[-44.01996279999997,-20.191296199999954],[-44.020118099999934,-20.19160279999994],[-44.020333499999936,-20.19189179999995],[-44.02047569999996,-20.191944099999944],[-44.02054229999993,-20.19205839999995],[-44.02053889999996,-20.192144999999982],[-44.02044299999994,-20.192228599999964],[-44.02027349999997,-20.19228529999998],[-44.02007189999995,-20.192231099999958],[-44.01990579999995,-20.192114699999934],[-44.01964519999996,-20.192146999999977],[-44.01919039999996,-20.19230239999996],[-44.01879349999996,-20.192367099999956],[-44.01851899999997,-20.19235459999993],[-44.01831869999995,-20.192316799999958],[-44.01808509999995,-20.192284299999983],[-44.01785119999994,-20.192243299999973]]]}},{"type":"Feature","id":"310900620000013","properties":{"code":"310900620000013","population":242,"areaKm2":8.2081427,"densityHabKm2":29.48,"households":164,"situation":"Rural","district":"Piedade do Paraopeba","neighborhood":null,"containsReferencePoint":false,"fullyWithinRadius":false,"centroidDistanceM":4519,"statisticalYear":2022,"tabularRevision":"2026-05-20","geometryRelease":"2024-11-13"},"geometry":{"type":"Polygon","coordinates":[[[-43.971390499999984,-20.23520599999995],[-43.971329999999966,-20.23530399999993],[-43.97115899999994,-20.235498999999948],[-43.97101299999997,-20.235717999999963],[-43.970842999999945,-20.23594799999995],[-43.97069699999997,-20.23612099999997],[-43.97056299999997,-20.23630499999996],[-43.970403999999974,-20.236500999999976],[-43.970245999999975,-20.236753999999962],[-43.97016099999996,-20.23708799999997],[-43.970136999999966,-20.23732999999993],[-43.97006399999998,-20.237547999999947],[-43.97001599999993,-20.23778999999996],[-43.969990999999936,-20.238031999999976],[-43.96995499999997,-20.238272999999936],[-43.969942999999944,-20.238617999999974],[-43.96995599999997,-20.238836999999933],[-43.969991999999934,-20.239112999999975],[-43.970065999999974,-20.23937799999993],[-43.97008999999997,-20.239618999999948],[-43.970126999999934,-20.239837999999963],[-43.970163999999954,-20.24006799999995],[-43.97018899999995,-20.24042499999996],[-43.970200999999975,-20.240688999999975],[-43.97021399999994,-20.24097699999993],[-43.97021399999994,-20.241240999999945],[-43.97020199999997,-20.241540999999927],[-43.970140999999956,-20.241804999999943],[-43.96998299999996,-20.24201299999993],[-43.96995899999996,-20.242242999999974],[-43.96992199999994,-20.242483999999934],[-43.96987399999995,-20.242771999999945],[-43.96986199999998,-20.24301399999996],[-43.96981299999993,-20.243266999999946],[-43.96976499999994,-20.243611999999928],[-43.96972899999997,-20.243830999999943],[-43.96975299999997,-20.24406099999993],[-43.96977799999996,-20.244324999999947],[-43.96977799999996,-20.244600999999932],[-43.96972899999997,-20.244854999999973],[-43.96972999999997,-20.24516499999993],[-43.96968099999998,-20.24544099999997],[-43.96964499999996,-20.245694999999955],[-43.96958399999994,-20.24597099999994],[-43.969498999999985,-20.246223999999927],[-43.969389999999976,-20.24645399999997],[-43.96931699999993,-20.24669599999993],[-43.96913399999994,-20.246937999999943],[-43.96891499999998,-20.247098999999935],[-43.96873199999993,-20.24729499999995],[-43.96857399999993,-20.24753599999997],[-43.96842799999996,-20.24770899999993],[-43.96828199999993,-20.247915999999975],[-43.96813499999996,-20.248157999999933],[-43.96802599999995,-20.248410999999976],[-43.967964999999936,-20.248640999999964],[-43.96791699999994,-20.248905999999977],[-43.96798999999993,-20.249124999999935],[-43.96806299999997,-20.24935499999998],[-43.96827799999994,-20.249780999999928],[-43.968366999999944,-20.250549999999976],[-43.96825599999994,-20.250768999999934],[-43.96805999999998,-20.25092899999993],[-43.96786399999996,-20.25105599999995],[-43.96769199999994,-20.251250999999968],[-43.96751999999998,-20.251492999999982],[-43.96733599999993,-20.251768999999967],[-43.967224999999985,-20.25203399999998],[-43.96717499999994,-20.252333999999962],[-43.96711299999998,-20.252552999999978],[-43.96708799999993,-20.25286399999993],[-43.967074999999966,-20.253106999999943],[-43.96701299999995,-20.25335999999993],[-43.96692699999994,-20.25361399999997],[-43.96680399999997,-20.253843999999958],[-43.96666899999997,-20.25402799999995],[-43.96653399999997,-20.254223999999965],[-43.96637399999997,-20.254419999999982],[-43.96623899999997,-20.254637999999943],[-43.96605499999998,-20.25486899999993],[-43.96589499999993,-20.255132999999944],[-43.96574799999996,-20.25535199999996],[-43.965611999999965,-20.25566299999997],[-43.96550099999996,-20.255939999999953],[-43.96540299999998,-20.25615899999997],[-43.96531599999997,-20.25642399999998],[-43.96525399999996,-20.256676999999968],[-43.965179999999975,-20.25696499999998],[-43.965093999999965,-20.257229999999936],[-43.96498299999996,-20.257529999999974],[-43.964883999999984,-20.25781799999993],[-43.96477299999998,-20.258174999999937],[-43.96474699999993,-20.258463999999947],[-43.96470999999997,-20.25870599999996],[-43.96465999999998,-20.258981999999946],[-43.96459799999997,-20.259293999999954],[-43.96457499999997,-20.259437999999932],[-43.96491499999996,-20.259559999999965],[-43.965220999999985,-20.25950299999994],[-43.96548999999993,-20.25944599999997],[-43.965806999999984,-20.259481999999934],[-43.96609999999998,-20.259562999999957],[-43.966331999999966,-20.25963299999995],[-43.96667499999995,-20.259656999999947],[-43.96711499999998,-20.25966999999997],[-43.96737099999996,-20.25970499999994],[-43.96766399999996,-20.25976399999996],[-43.96801899999997,-20.259822999999983],[-43.96831199999997,-20.25984699999998],[-43.96860499999997,-20.259916999999973],[-43.969007999999974,-20.260021999999935],[-43.96928899999995,-20.26005699999996],[-43.96952099999993,-20.260149999999953],[-43.96983799999998,-20.260254999999972],[-43.970118999999954,-20.26031299999994],[-43.97032699999994,-20.26041799999996],[-43.970582999999976,-20.26052199999998],[-43.97091299999994,-20.260614999999973],[-43.971266999999955,-20.260719999999935],[-43.971547999999984,-20.260778999999957],[-43.97184099999998,-20.260917999999947],[-43.97220699999997,-20.261045999999965],[-43.97243899999995,-20.26114999999993],[-43.972695999999985,-20.26121999999998],[-43.97297599999996,-20.261301999999944],[-43.97324499999996,-20.261359999999968],[-43.97359899999998,-20.26146499999993],[-43.973904999999945,-20.261511999999982],[-43.974046999999985,-20.26162899999997],[-43.97417299999995,-20.26168599999994],[-43.97445399999998,-20.261594999999943],[-43.97472299999998,-20.261594999999943],[-43.974992999999984,-20.261491999999976],[-43.97520099999997,-20.26128499999993],[-43.975506999999936,-20.261147999999935],[-43.97572699999995,-20.261044999999967],[-43.976008999999976,-20.26087199999995],[-43.97624199999996,-20.260734999999954],[-43.97648699999996,-20.260527999999965],[-43.976706999999976,-20.260389999999973],[-43.97701399999994,-20.260194999999953],[-43.97724599999998,-20.260021999999935],[-43.97742999999997,-20.25984999999997],[-43.97767499999998,-20.259653999999955],[-43.97790799999996,-20.25953999999996],[-43.97822599999995,-20.259424999999965],[-43.978470999999956,-20.259402999999963],[-43.97870299999994,-20.259380999999962],[-43.97893499999998,-20.259346999999934],[-43.979179999999985,-20.259196999999972],[-43.979412999999965,-20.25907099999995],[-43.97971899999993,-20.25900299999995],[-43.97995099999997,-20.25896899999998],[-43.980231999999944,-20.258888999999954],[-43.980452999999954,-20.25879699999996],[-43.98067299999997,-20.25860199999994],[-43.98088199999995,-20.258451999999977],[-43.981113999999934,-20.25833799999998],[-43.98134699999997,-20.258280999999954],[-43.98163999999997,-20.258223999999927],[-43.98194599999994,-20.258131999999932],[-43.98220299999997,-20.258063999999933],[-43.98255799999998,-20.257983999999965],[-43.982801999999936,-20.25788099999994],[-43.98308399999996,-20.257731999999976],[-43.983303999999976,-20.25763999999998],[-43.983536999999956,-20.257432999999935],[-43.983769999999936,-20.257329999999968],[-43.984013999999945,-20.257284999999968],[-43.98429599999997,-20.257158999999945],[-43.984613999999965,-20.256985999999927],[-43.98482199999995,-20.25688299999996],[-43.985176999999965,-20.25671099999994],[-43.98581299999995,-20.256527999999946],[-43.986204999999984,-20.25641399999995],[-43.986448999999936,-20.256402999999978],[-43.98674299999993,-20.256357999999977],[-43.987011999999936,-20.25632399999995],[-43.987378999999976,-20.256313999999975],[-43.98753799999997,-20.256117999999958],[-43.987806999999975,-20.256002999999964],[-43.98806399999995,-20.25592299999994],[-43.98829699999993,-20.255808999999942],[-43.98861499999998,-20.25564799999995],[-43.98905599999995,-20.25554599999998],[-43.98928799999993,-20.255487999999957],[-43.989544999999964,-20.25540799999993],[-43.98978999999997,-20.255374999999958],[-43.98998599999993,-20.255213999999967],[-43.990144999999984,-20.25502899999998],[-43.99031699999995,-20.25486799999993],[-43.99059799999998,-20.254776999999933],[-43.99081799999993,-20.254650999999967],[-43.99107499999997,-20.25458199999997],[-43.99130799999995,-20.254501999999945],[-43.99153999999993,-20.25438699999995],[-43.99177299999997,-20.25435299999998],[-43.992016999999976,-20.254353999999978],[-43.99228599999998,-20.254412999999943],[-43.99246899999997,-20.254550999999935],[-43.99262699999997,-20.25477099999995],[-43.99280999999996,-20.254967999999963],[-43.99297999999993,-20.255198999999948],[-43.99316299999998,-20.255394999999965],[-43.99336999999997,-20.255533999999955],[-43.99361499999998,-20.255534999999952],[-43.99385899999993,-20.255477999999982],[-43.994091999999966,-20.25536299999993],[-43.99427599999996,-20.25516799999997],[-43.99444799999998,-20.254971999999952],[-43.99461899999994,-20.254741999999965],[-43.99480299999993,-20.254592999999943],[-43.994974999999954,-20.25444299999998],[-43.99526899999995,-20.254328999999927],[-43.99551299999996,-20.254294999999956],[-43.99579399999993,-20.25421499999993],[-43.996062999999936,-20.254168999999933],[-43.99630799999994,-20.254146999999932],[-43.996576999999945,-20.254123999999933],[-43.996808999999985,-20.25411399999996],[-43.99710299999998,-20.25411399999996],[-43.99732199999994,-20.25422999999995],[-43.99750499999993,-20.25436899999994],[-43.99765099999996,-20.254565999999954],[-43.99777299999994,-20.25479699999994],[-43.997942999999964,-20.255038999999954],[-43.998088999999936,-20.25522399999994],[-43.99835699999994,-20.255443999999954],[-43.998478999999975,-20.25565199999994],[-43.998587999999984,-20.25590599999998],[-43.99872199999993,-20.256148999999937],[-43.99881899999997,-20.25635699999998],[-43.99886699999996,-20.256598999999937],[-43.998914999999954,-20.25682999999998],[-43.99901099999994,-20.257383999999945],[-43.999120999999946,-20.257626999999957],[-43.999217999999985,-20.257845999999972],[-43.99930299999994,-20.25806499999993],[-43.99938799999995,-20.25831899999997],[-43.99947199999997,-20.25860799999998],[-43.999544999999955,-20.25882699999994],[-43.99967899999996,-20.259011999999927],[-43.99986199999995,-20.25920899999994],[-43.99996799999997,-20.25942699999996],[-44.00001599999996,-20.25952499999994],[-44.00021799999996,-20.25970899999993],[-44.00046299999997,-20.259774999999934],[-44.00069499999995,-20.259795999999938],[-44.00097499999998,-20.259803999999974],[-44.00127999999995,-20.259754999999927],[-44.00154599999996,-20.259555999999975],[-44.00176399999998,-20.259391999999934],[-44.00199399999997,-20.259273999999948],[-44.00223799999998,-20.259248999999954],[-44.00250599999998,-20.259233999999935],[-44.002786999999955,-20.259241999999972],[-44.00298399999997,-20.25938999999994],[-44.00315699999993,-20.259537999999964],[-44.00336699999997,-20.25971999999996],[-44.00352699999996,-20.259878999999955],[-44.003785999999934,-20.26004899999998],[-44.003994999999975,-20.26018499999998],[-44.004313999999965,-20.260295999999983],[-44.004557999999975,-20.260362999999927],[-44.00455569999997,-20.260311299999955],[-44.00462729999998,-20.259914699999968],[-44.00464479999994,-20.25976529999997],[-44.00472159999998,-20.25955879999998],[-44.00483589999993,-20.259350499999982],[-44.004795799999954,-20.25906459999993],[-44.00482839999995,-20.25882359999997],[-44.00482439999996,-20.258558599999958],[-44.00488089999993,-20.258226699999966],[-44.00494939999993,-20.25788369999998],[-44.005007399999954,-20.257551499999977],[-44.00504139999998,-20.257231299999944],[-44.00506359999997,-20.256934299999955],[-44.004966699999954,-20.256748699999946],[-44.00479329999996,-20.256515599999943],[-44.00461779999995,-20.256379799999934],[-44.00444089999996,-20.256149799999946],[-44.00438769999994,-20.25592009999997],[-44.004353099999946,-20.255690899999934],[-44.00424709999993,-20.255457099999944],[-44.00413269999996,-20.255272699999978],[-44.003953699999954,-20.255011899999943],[-44.003785499999935,-20.254811599999982],[-44.00363519999996,-20.254578099999947],[-44.00349109999996,-20.254332499999975],[-44.00345509999994,-20.25408049999993],[-44.00337159999998,-20.253806999999938],[-44.00320969999996,-20.25357589999993],[-44.00314569999995,-20.253363499999978],[-44.00300349999998,-20.253088399999967],[-44.00291089999996,-20.252818499999933],[-44.00286449999993,-20.252567899999974],[-44.00291359999994,-20.252259099999947],[-44.002892799999984,-20.251923199999965],[-44.00279879999994,-20.25167739999995],[-44.002678999999944,-20.251479699999948],[-44.00259689999996,-20.25115509999995],[-44.00241829999993,-20.250797899999952],[-44.002126499999974,-20.25039229999993],[-44.00193839999997,-20.250126499999965],[-44.001859499999966,-20.249852999999973],[-44.001726599999984,-20.249580099999946],[-44.001606899999956,-20.249320999999952],[-44.00138039999996,-20.249044499999968],[-44.00119769999998,-20.24870199999998],[-44.001000999999974,-20.248141999999973],[-44.000688699999955,-20.24779049999995],[-44.00048419999996,-20.247458999999935],[-44.000305999999966,-20.24708039999996],[-44.000157299999955,-20.24658459999995],[-44.00002429999995,-20.24629669999996],[-43.99984619999998,-20.246143699999948],[-43.999693899999954,-20.245913599999938],[-43.99959919999998,-20.245615699999973],[-43.99950569999993,-20.245227599999964],[-43.99943459999997,-20.244568899999933],[-43.99760629999997,-20.245047899999975],[-43.992402899999945,-20.246350699999937],[-43.99136569999996,-20.246564999999975],[-43.99140079999995,-20.24625569999995],[-43.99137899999994,-20.246007799999973],[-43.99139089999994,-20.24582179999993],[-43.99150499999996,-20.24552799999998],[-43.991531099999975,-20.245450799999958],[-43.99154829999998,-20.24539989999994],[-43.991521199999966,-20.245281899999952],[-43.991474799999935,-20.24518949999998],[-43.991344099999935,-20.245195099999933],[-43.991254699999956,-20.245090699999935],[-43.99119699999994,-20.244970399999943],[-43.99104209999996,-20.244866599999966],[-43.99088679999994,-20.244749199999944],[-43.99083649999994,-20.244565999999963],[-43.990894699999956,-20.244375699999978],[-43.99091979999997,-20.24436929999996],[-43.99098159999994,-20.24435349999993],[-43.991026499999975,-20.24434199999996],[-43.99119889999997,-20.244330799999943],[-43.991406799999936,-20.244330799999943],[-43.99162669999998,-20.244286199999976],[-43.99177519999995,-20.24421929999994],[-43.991983199999936,-20.244124599999964],[-43.992231199999935,-20.24397259999995],[-43.992346199999986,-20.24390939999995],[-43.99253779999998,-20.243811799999946],[-43.99269489999995,-20.243707299999983],[-43.99272609999997,-20.243569899999954],[-43.992785399999946,-20.24347369999998],[-43.99290959999996,-20.243361999999934],[-43.993151299999965,-20.243294099999957],[-43.99343879999998,-20.243290199999933],[-43.993655399999966,-20.243271599999957],[-43.99379829999998,-20.243247699999927],[-43.99398999999994,-20.24312489999994],[-43.994160499999964,-20.243051799999932],[-43.99431599999997,-20.24305329999993],[-43.99448929999994,-20.243100399999946],[-43.994696499999975,-20.243120399999952],[-43.994839799999966,-20.24308129999997],[-43.99504439999998,-20.243084099999976],[-43.99521149999998,-20.243082999999956],[-43.99548699999997,-20.24308689999998],[-43.99560489999993,-20.24301259999993],[-43.995657999999935,-20.242920399999946],[-43.99573589999994,-20.24274669999994],[-43.99584029999994,-20.242439299999944],[-43.99582799999996,-20.242281599999956],[-43.995758199999955,-20.242034699999977],[-43.99575249999998,-20.241678999999976],[-43.99580729999997,-20.241430299999934],[-43.99580089999995,-20.241249599999946],[-43.99574929999994,-20.241117799999927],[-43.99565309999997,-20.240999199999976],[-43.99554509999996,-20.240872799999977],[-43.99560769999994,-20.240673999999956],[-43.99571469999995,-20.24054529999995],[-43.99583689999997,-20.240458199999978],[-43.99588709999995,-20.240255699999977],[-43.99588399999993,-20.240068099999974],[-43.99595389999996,-20.23987489999996],[-43.99607299999997,-20.23974519999996],[-43.996271899999954,-20.239733799999954],[-43.99641909999997,-20.239764999999977],[-43.99656259999995,-20.239869399999975],[-43.99677729999996,-20.240081699999962],[-43.996991599999944,-20.240072099999963],[-43.99717139999996,-20.23996569999997],[-43.997274999999945,-20.239753699999937],[-43.997281999999984,-20.239480199999946],[-43.99727219999994,-20.239348999999947],[-43.997348399999964,-20.23923119999995],[-43.99751949999995,-20.23922179999994],[-43.99767479999997,-20.239333599999952],[-43.99772999999993,-20.239366599999983],[-43.99780889999994,-20.239413999999954],[-43.99791819999996,-20.23952859999997],[-43.99810279999997,-20.239544499999965],[-43.99825839999994,-20.239408199999957],[-43.998429399999964,-20.23926289999997],[-43.99860079999996,-20.23910639999997],[-43.99881069999998,-20.238848399999938],[-43.99904559999993,-20.23865749999993],[-43.99918659999997,-20.238430999999935],[-43.999383799999976,-20.238382799999954],[-43.99974789999993,-20.238238899999942],[-43.99993999999998,-20.23822169999994],[-44.00008109999993,-20.238174699999945],[-44.00015279999997,-20.238019099999974],[-44.00013689999997,-20.23783409999993],[-44.00027079999995,-20.237604499999975],[-44.00036419999998,-20.237397199999975],[-44.00045729999994,-20.237261899999964],[-44.00075059999995,-20.237097199999937],[-44.001093399999945,-20.236968699999977],[-44.001214499999946,-20.23689029999997],[-44.00126209999996,-20.23675989999998],[-44.00126209999996,-20.23658709999995],[-44.001336599999945,-20.236405899999966],[-44.001535299999944,-20.236285799999962],[-44.00168809999997,-20.236302199999955],[-44.001997899999935,-20.236285599999974],[-44.00213459999998,-20.236301199999957],[-44.00231749999995,-20.236348799999973],[-44.002592499999935,-20.23636019999998],[-44.002760199999955,-20.236348799999973],[-44.00305649999996,-20.236356099999966],[-44.003297799999984,-20.236412799999982],[-44.003770799999984,-20.23639339999994],[-44.00400859999996,-20.23644879999995],[-44.00432949999998,-20.23644319999994],[-44.00450529999995,-20.23642519999993],[-44.00474989999998,-20.23628139999994],[-44.004940499999975,-20.236202399999968],[-44.00515439999998,-20.23594389999994],[-44.00526229999997,-20.235774099999958],[-44.00547119999993,-20.235597499999983],[-44.00576499999994,-20.235343599999965],[-44.00638559999993,-20.234969099999944],[-44.00687829999998,-20.23465299999998],[-44.00705999999997,-20.234433999999965],[-44.00709649999993,-20.23427739999994],[-44.00696689999995,-20.23409019999997],[-44.006831199999965,-20.233895899999936],[-44.006730699999935,-20.233708099999944],[-44.00675629999995,-20.233353199999954],[-44.00680099999994,-20.233110499999952],[-44.00685809999993,-20.23284129999996],[-44.006943699999965,-20.232432699999947],[-44.00701809999998,-20.232045099999937],[-44.00712269999997,-20.231619099999932],[-44.00713609999997,-20.23132229999993],[-44.00645339999994,-20.23140319999993],[-44.006119499999954,-20.231362799999943],[-44.005930099999944,-20.231266799999958],[-44.005772899999954,-20.23115679999995],[-44.00563839999995,-20.23109039999997],[-44.005400099999974,-20.23108959999996],[-44.00518049999994,-20.231204799999944],[-44.00487059999995,-20.231200899999976],[-44.00451929999997,-20.231019599999968],[-44.004122999999936,-20.230770999999947],[-44.00362649999994,-20.23045159999998],[-44.00321599999995,-20.230128899999954],[-44.003020499999934,-20.229720699999973],[-44.002623899999946,-20.22926519999993],[-44.00223839999995,-20.22925609999993],[-44.00182619999998,-20.229461799999967],[-44.00147799999996,-20.22982539999998],[-44.00140769999996,-20.23013499999996],[-44.00126369999998,-20.230436999999938],[-44.00115059999996,-20.23075069999993],[-44.00100939999993,-20.231045499999937],[-44.00087049999996,-20.231247199999927],[-44.00060599999995,-20.23156369999998],[-44.00035879999996,-20.231995799999936],[-43.999977899999976,-20.23212239999998],[-43.99957129999996,-20.232059599999957],[-43.999103899999966,-20.231885399999953],[-43.998558799999955,-20.231711599999983],[-43.99823649999996,-20.231704399999956],[-43.997975699999984,-20.231769699999973],[-43.99770559999996,-20.23184999999995],[-43.99732289999997,-20.231893599999978],[-43.997001599999976,-20.231885399999953],[-43.99681059999995,-20.231995299999937],[-43.99657849999994,-20.232091599999933],[-43.99646769999998,-20.23228759999995],[-43.99641889999998,-20.232518599999935],[-43.99644519999998,-20.23298109999996],[-43.99639389999993,-20.23335039999995],[-43.996180899999956,-20.233622199999957],[-43.99572729999994,-20.233850699999948],[-43.995295399999975,-20.233937599999933],[-43.994974499999955,-20.233990999999946],[-43.99476069999997,-20.234209499999963],[-43.99472679999997,-20.234425899999962],[-43.994707999999946,-20.234592299999974],[-43.994591699999944,-20.23476299999993],[-43.994455399999936,-20.234828899999968],[-43.99420129999993,-20.235070099999973],[-43.99398669999994,-20.235268599999927],[-43.99361319999997,-20.23539459999995],[-43.99331919999997,-20.235469299999977],[-43.99301419999995,-20.235473399999933],[-43.99282549999998,-20.235310199999958],[-43.99257839999996,-20.235045399999933],[-43.99231609999998,-20.234884499999964],[-43.99214519999998,-20.234870899999976],[-43.99198119999994,-20.23491569999993],[-43.991849499999944,-20.23502929999995],[-43.991704099999936,-20.235136499999953],[-43.99161689999994,-20.23524589999994],[-43.99141709999998,-20.23530169999998],[-43.99121649999995,-20.235441099999946],[-43.99107829999997,-20.23566399999993],[-43.99094619999994,-20.23593429999994],[-43.99085829999996,-20.23619309999998],[-43.99076619999994,-20.23640789999996],[-43.990602999999965,-20.236521299999936],[-43.99035299999997,-20.236593399999947],[-43.99002349999995,-20.23686689999994],[-43.98988769999994,-20.237180999999964],[-43.989580899999964,-20.237456599999973],[-43.98926329999995,-20.23766519999998],[-43.988629999999944,-20.237946699999952],[-43.988206299999945,-20.238078599999938],[-43.987878799999976,-20.23795869999998],[-43.98737879999993,-20.23770449999995],[-43.986617799999976,-20.23745839999998],[-43.986216799999966,-20.23735839999995],[-43.98578219999996,-20.237619799999948],[-43.985053499999935,-20.23798469999997],[-43.98436019999997,-20.23835399999996],[-43.98372279999995,-20.238883099999953],[-43.98292289999995,-20.239339599999937],[-43.98229509999993,-20.239693899999963],[-43.98181389999996,-20.239866199999938],[-43.981325899999945,-20.239854899999955],[-43.98067119999996,-20.23963809999998],[-43.97987639999997,-20.23930839999997],[-43.978613199999984,-20.238865499999974],[-43.97721029999997,-20.238451699999928],[-43.97604959999995,-20.238190799999927],[-43.975021099999935,-20.238030999999978],[-43.97371369999996,-20.237858999999958],[-43.97229289999996,-20.23735339999996],[-43.971739699999944,-20.237056999999936],[-43.971518799999956,-20.236633799999936],[-43.971390499999984,-20.23520599999995]]]}},{"type":"Feature","id":"310900620000016","properties":{"code":"310900620000016","population":257,"areaKm2":4.518241,"densityHabKm2":56.88,"households":144,"situation":"Rural","district":"Piedade do Paraopeba","neighborhood":null,"containsReferencePoint":false,"fullyWithinRadius":false,"centroidDistanceM":2835,"statisticalYear":2022,"tabularRevision":"2026-05-20","geometryRelease":"2024-11-13"},"geometry":{"type":"Polygon","coordinates":[[[-43.97576639999994,-20.223180599999978],[-43.97565799999995,-20.223310999999967],[-43.975499999999954,-20.223529999999982],[-43.97534099999996,-20.223702999999944],[-43.97515899999996,-20.223874999999964],[-43.97496399999994,-20.22407099999998],[-43.974805999999944,-20.22426699999994],[-43.974658999999974,-20.22447399999993],[-43.974500999999975,-20.224669999999946],[-43.974354999999946,-20.224922999999933],[-43.97419699999995,-20.22510699999998],[-43.97392899999994,-20.225521999999955],[-43.973843999999985,-20.225762999999972],[-43.973660999999936,-20.225912999999935],[-43.97349099999997,-20.22609699999998],[-43.973307999999975,-20.22625899999997],[-43.97313799999995,-20.22644299999996],[-43.97299199999998,-20.226638999999977],[-43.97279699999996,-20.226902999999936],[-43.972650999999985,-20.227098999999953],[-43.97252899999995,-20.22729499999997],[-43.972492999999986,-20.227570999999955],[-43.972455999999966,-20.22782399999994],[-43.97241999999994,-20.22805399999993],[-43.97240799999997,-20.22836499999994],[-43.97240899999997,-20.229653999999982],[-43.97242199999994,-20.229871999999943],[-43.97242199999994,-20.23014799999993],[-43.972373999999945,-20.23045899999994],[-43.97230099999996,-20.23073499999998],[-43.97223999999994,-20.231079999999963],[-43.97219199999995,-20.231540999999936],[-43.97217999999998,-20.23182799999995],[-43.972167999999954,-20.232046999999966],[-43.972167999999954,-20.232276999999954],[-43.972155999999984,-20.23250699999994],[-43.97214399999996,-20.23286399999995],[-43.97207099999997,-20.233323999999982],[-43.97202299999998,-20.233668999999963],[-43.971986999999956,-20.233933999999977],[-43.971937999999966,-20.234152999999935],[-43.97185299999995,-20.23441699999995],[-43.97176799999994,-20.234658999999965],[-43.97158499999995,-20.234923999999978],[-43.971450999999945,-20.23510799999997],[-43.971390499999984,-20.23520599999995],[-43.971518799999956,-20.236633799999936],[-43.971739699999944,-20.237056999999936],[-43.97229289999996,-20.23735339999996],[-43.97371369999996,-20.237858999999958],[-43.975021099999935,-20.238030999999978],[-43.97604959999995,-20.238190799999927],[-43.97721029999997,-20.238451699999928],[-43.978613199999984,-20.238865499999974],[-43.97987639999997,-20.23930839999997],[-43.98067119999996,-20.23963809999998],[-43.981325899999945,-20.239854899999955],[-43.98181389999996,-20.239866199999938],[-43.98229509999993,-20.239693899999963],[-43.98292289999995,-20.239339599999937],[-43.98372279999995,-20.238883099999953],[-43.98436019999997,-20.23835399999996],[-43.985053499999935,-20.23798469999997],[-43.98578219999996,-20.237619799999948],[-43.986216799999966,-20.23735839999995],[-43.986617799999976,-20.23745839999998],[-43.98737879999993,-20.23770449999995],[-43.987878799999976,-20.23795869999998],[-43.988206299999945,-20.238078599999938],[-43.988629999999944,-20.237946699999952],[-43.98926329999995,-20.23766519999998],[-43.989580899999964,-20.237456599999973],[-43.98988769999994,-20.237180999999964],[-43.99002349999995,-20.23686689999994],[-43.99035299999997,-20.236593399999947],[-43.990602999999965,-20.236521299999936],[-43.99076619999994,-20.23640789999996],[-43.99085829999996,-20.23619309999998],[-43.99094619999994,-20.23593429999994],[-43.99107829999997,-20.23566399999993],[-43.99121649999995,-20.235441099999946],[-43.99141709999998,-20.23530169999998],[-43.99161689999994,-20.23524589999994],[-43.991704099999936,-20.235136499999953],[-43.991849499999944,-20.23502929999995],[-43.99198119999994,-20.23491569999993],[-43.99214519999998,-20.234870899999976],[-43.99231609999998,-20.234884499999964],[-43.99257839999996,-20.235045399999933],[-43.99282549999998,-20.235310199999958],[-43.99301419999995,-20.235473399999933],[-43.99331919999997,-20.235469299999977],[-43.99361319999997,-20.23539459999995],[-43.99398669999994,-20.235268599999927],[-43.99420129999993,-20.235070099999973],[-43.994455399999936,-20.234828899999968],[-43.994591699999944,-20.23476299999993],[-43.994707999999946,-20.234592299999974],[-43.99472679999997,-20.234425899999962],[-43.99476069999997,-20.234209499999963],[-43.994974499999955,-20.233990999999946],[-43.995295399999975,-20.233937599999933],[-43.99572729999994,-20.233850699999948],[-43.996180899999956,-20.233622199999957],[-43.99639389999993,-20.23335039999995],[-43.99644519999998,-20.23298109999996],[-43.99641889999998,-20.232518599999935],[-43.99646769999998,-20.23228759999995],[-43.99657849999994,-20.232091599999933],[-43.99681059999995,-20.231995299999937],[-43.997001599999976,-20.231885399999953],[-43.99732289999997,-20.231893599999978],[-43.99770559999996,-20.23184999999995],[-43.997975699999984,-20.231769699999973],[-43.99823649999996,-20.231704399999956],[-43.998558799999955,-20.231711599999983],[-43.999103899999966,-20.231885399999953],[-43.99957129999996,-20.232059599999957],[-43.999977899999976,-20.23212239999998],[-44.00035879999996,-20.231995799999936],[-44.00060599999995,-20.23156369999998],[-44.00087049999996,-20.231247199999927],[-44.00100939999993,-20.231045499999937],[-44.00115059999996,-20.23075069999993],[-44.00126369999998,-20.230436999999938],[-44.00140769999996,-20.23013499999996],[-44.00147799999996,-20.22982539999998],[-44.00182619999998,-20.229461799999967],[-44.00223839999995,-20.22925609999993],[-44.002623899999946,-20.22926519999993],[-44.003020499999934,-20.229720699999973],[-44.00321599999995,-20.230128899999954],[-44.00362649999994,-20.23045159999998],[-44.004122999999936,-20.230770999999947],[-44.00451929999997,-20.231019599999968],[-44.00487059999995,-20.231200899999976],[-44.00518049999994,-20.231204799999944],[-44.005400099999974,-20.23108959999996],[-44.00563839999995,-20.23109039999997],[-44.005772899999954,-20.23115679999995],[-44.005930099999944,-20.231266799999958],[-44.006119499999954,-20.231362799999943],[-44.00645339999994,-20.23140319999993],[-44.00713609999997,-20.23132229999993],[-44.00709269999993,-20.231009099999937],[-44.00702899999993,-20.230768999999952],[-44.00700599999993,-20.23051499999997],[-44.00688699999995,-20.230213999999933],[-44.00677799999994,-20.23000499999995],[-44.00665799999996,-20.22972699999997],[-44.00653799999998,-20.22949499999993],[-44.00640599999997,-20.229263999999944],[-44.00624899999997,-20.228973999999937],[-44.006129999999985,-20.22862699999996],[-44.00610799999998,-20.228291999999954],[-44.00627149999997,-20.22747339999995],[-44.00658269999997,-20.227057699999932],[-44.00682359999996,-20.226805199999944],[-44.007023499999946,-20.226709099999937],[-44.007129599999985,-20.226624199999947],[-44.00722609999997,-20.226495799999952],[-44.007274999999936,-20.226290199999937],[-44.00730979999997,-20.22609989999995],[-44.00736859999995,-20.225981499999932],[-44.00756129999996,-20.22581809999997],[-44.00780589999994,-20.225549899999976],[-44.00809869999995,-20.225234899999975],[-44.00835669999998,-20.225070899999935],[-44.00865769999996,-20.224845499999958],[-44.008988999999985,-20.224644199999943],[-44.00918339999998,-20.224466999999947],[-44.00940469999995,-20.224167399999942],[-44.009559499999966,-20.223956699999974],[-44.009863999999936,-20.223738999999966],[-44.01010999999994,-20.22365999999994],[-44.01042899999993,-20.223477999999943],[-44.01058999999998,-20.22328299999998],[-44.01067699999993,-20.223075999999935],[-44.01072899999997,-20.22276499999998],[-44.010730999999964,-20.222429999999974],[-44.00802059999995,-20.222012199999938],[-44.00413409999993,-20.221413199999972],[-44.002137699999935,-20.222470199999975],[-44.00140509999994,-20.22285839999995],[-44.00114919999993,-20.22297999999995],[-44.00097729999993,-20.22303999999997],[-44.000890099999936,-20.223043299999972],[-44.00072989999995,-20.223033399999963],[-44.000498999999934,-20.223039599999936],[-44.00031709999996,-20.223061299999927],[-44.000058199999955,-20.223129399999948],[-43.99916029999997,-20.22335739999994],[-43.997846299999935,-20.223776199999975],[-43.99637599999994,-20.224484399999938],[-43.99547739999997,-20.22513179999993],[-43.99460129999994,-20.22573209999996],[-43.993853799999954,-20.22607469999997],[-43.99315829999995,-20.226211599999942],[-43.99302559999995,-20.226179699999932],[-43.99279679999995,-20.226062399999932],[-43.99256429999997,-20.225951299999963],[-43.99240219999996,-20.225883099999976],[-43.992276999999945,-20.225873499999977],[-43.99209019999995,-20.22591879999993],[-43.99186069999996,-20.225981799999943],[-43.991781999999944,-20.22601119999996],[-43.99160539999997,-20.22589679999993],[-43.991498899999954,-20.225783299999932],[-43.99130589999993,-20.225556899999958],[-43.99101479999996,-20.225653399999942],[-43.99063209999997,-20.225836399999935],[-43.98987589999996,-20.226026399999967],[-43.98946989999996,-20.226049299999943],[-43.98866959999998,-20.22601089999995],[-43.987761699999965,-20.22588099999996],[-43.986775799999975,-20.22571439999996],[-43.98573909999993,-20.225728499999946],[-43.98498809999995,-20.22589439999996],[-43.98450839999998,-20.22607949999997],[-43.984080699999936,-20.226188499999978],[-43.98294469999996,-20.22606099999996],[-43.981682699999965,-20.22558809999998],[-43.97941559999998,-20.224678899999958],[-43.97671189999994,-20.22391989999994],[-43.97576639999994,-20.223180599999978]]]}},{"type":"Feature","id":"310900620000017","properties":{"code":"310900620000017","population":486,"areaKm2":9.2596229,"densityHabKm2":52.49,"households":289,"situation":"Rural","district":"Piedade do Paraopeba","neighborhood":null,"containsReferencePoint":true,"fullyWithinRadius":false,"centroidDistanceM":1340,"statisticalYear":2022,"tabularRevision":"2026-05-20","geometryRelease":"2024-11-13"},"geometry":{"type":"Polygon","coordinates":[[[-43.97910689999998,-20.192231799999945],[-43.97907699999996,-20.192369999999983],[-43.97905099999997,-20.192510099999936],[-43.979033999999956,-20.192601699999955],[-43.97902799999997,-20.19263399999994],[-43.97889399999997,-20.192944999999952],[-43.978796999999986,-20.19327899999996],[-43.97879799999998,-20.193577999999945],[-43.97874899999994,-20.19384299999996],[-43.97868799999998,-20.194106999999974],[-43.978651999999954,-20.194325999999933],[-43.97861599999993,-20.194578999999976],[-43.978591999999935,-20.194820999999934],[-43.97855499999997,-20.19508499999995],[-43.97851899999995,-20.195338999999933],[-43.97850699999998,-20.195568999999978],[-43.97849499999995,-20.195901999999933],[-43.978470999999956,-20.196131999999977],[-43.978470999999956,-20.196362999999963],[-43.97843499999993,-20.19661599999995],[-43.97838699999994,-20.196891999999934],[-43.97836199999995,-20.197144999999978],[-43.97832599999998,-20.19744399999996],[-43.97827799999993,-20.197685999999976],[-43.978192999999976,-20.19796199999996],[-43.97802199999995,-20.198180999999977],[-43.97798599999993,-20.198445999999933],[-43.97792499999997,-20.198698999999976],[-43.97788899999995,-20.19897499999996],[-43.97782799999993,-20.19920499999995],[-43.97776799999997,-20.199480999999935],[-43.97770699999995,-20.19969999999995],[-43.97760999999997,-20.20001099999996],[-43.97757299999995,-20.200286999999946],[-43.977585999999974,-20.20056299999993],[-43.977536999999984,-20.200861999999972],[-43.977488999999935,-20.201149999999927],[-43.977476999999965,-20.201390999999944],[-43.977476999999965,-20.20162199999993],[-43.977562999999975,-20.201931999999942],[-43.97769699999998,-20.202242999999953],[-43.97778299999993,-20.202587999999935],[-43.97779499999996,-20.202943999999945],[-43.97783199999998,-20.203231999999957],[-43.97792999999996,-20.20353099999994],[-43.97802799999994,-20.203956999999946],[-43.978039999999964,-20.204186999999934],[-43.97806499999996,-20.204531999999972],[-43.97806499999996,-20.20478499999996],[-43.97807799999998,-20.20504999999997],[-43.97815099999997,-20.205601999999942],[-43.97818799999993,-20.20581999999996],[-43.978200999999956,-20.206038999999976],[-43.97821299999998,-20.20636099999996],[-43.97827399999994,-20.206659999999943],[-43.97831099999996,-20.206901999999957],[-43.97845799999993,-20.20721199999997],[-43.97856799999994,-20.207568999999978],[-43.978591999999935,-20.20793699999996],[-43.978616999999986,-20.20822499999997],[-43.97861799999998,-20.20909899999998],[-43.97858199999996,-20.20946699999996],[-43.97844799999996,-20.209731999999974],[-43.978411999999935,-20.21000799999996],[-43.97838799999994,-20.210387999999966],[-43.978350999999975,-20.21066399999995],[-43.97833899999995,-20.210951999999963],[-43.978327999999976,-20.21120499999995],[-43.978290999999956,-20.211503999999934],[-43.97825499999993,-20.211756999999977],[-43.97823099999994,-20.211986999999965],[-43.978193999999974,-20.21221799999995],[-43.978182999999945,-20.212470999999937],[-43.97815799999995,-20.212688999999955],[-43.97808599999996,-20.212999999999965],[-43.97804899999994,-20.21326499999998],[-43.97800099999995,-20.213528999999937],[-43.977963999999986,-20.21375999999998],[-43.97793999999993,-20.21410499999996],[-43.97794099999993,-20.214368999999976],[-43.97789199999994,-20.21470299999993],[-43.977867999999944,-20.21497899999997],[-43.977855999999974,-20.215231999999958],[-43.97783199999998,-20.215484999999944],[-43.977795999999955,-20.21583099999998],[-43.977746999999965,-20.21607199999994],[-43.97774799999996,-20.216336999999953],[-43.977588999999966,-20.216658999999936],[-43.97757699999994,-20.21692399999995],[-43.97757749999994,-20.21718119999997],[-43.97757799999994,-20.217452999999978],[-43.97756599999997,-20.21776399999993],[-43.97754199999997,-20.21798199999995],[-43.97750599999995,-20.218200999999965],[-43.97750599999995,-20.218430999999953],[-43.97745699999996,-20.218729999999937],[-43.977420999999936,-20.218983999999978],[-43.977359999999976,-20.219293999999934],[-43.97728699999993,-20.21952399999998],[-43.97723899999994,-20.219742999999937],[-43.97717799999998,-20.21999599999998],[-43.97712999999993,-20.22021499999994],[-43.977056999999945,-20.220479999999952],[-43.97695999999996,-20.220743999999968],[-43.976947999999936,-20.220996999999954],[-43.97687499999995,-20.22121599999997],[-43.976606999999944,-20.221768999999938],[-43.97647299999994,-20.222032999999954],[-43.976414999999974,-20.222133999999983],[-43.97633899999994,-20.22226399999994],[-43.97632489999995,-20.22228359999997],[-43.976223699999935,-20.222423499999934],[-43.976205999999934,-20.22244799999993],[-43.97608399999996,-20.222689999999943],[-43.97597399999995,-20.22290799999996],[-43.97583999999995,-20.22309199999995],[-43.97576639999994,-20.223180599999978],[-43.97671189999994,-20.22391989999994],[-43.97941559999998,-20.224678899999958],[-43.981682699999965,-20.22558809999998],[-43.98294469999996,-20.22606099999996],[-43.984080699999936,-20.226188499999978],[-43.98450839999998,-20.22607949999997],[-43.98498809999995,-20.22589439999996],[-43.98573909999993,-20.225728499999946],[-43.986775799999975,-20.22571439999996],[-43.987761699999965,-20.22588099999996],[-43.98866959999998,-20.22601089999995],[-43.98946989999996,-20.226049299999943],[-43.98987589999996,-20.226026399999967],[-43.99063209999997,-20.225836399999935],[-43.99101479999996,-20.225653399999942],[-43.99130589999993,-20.225556899999958],[-43.991498899999954,-20.225783299999932],[-43.99160539999997,-20.22589679999993],[-43.991781999999944,-20.22601119999996],[-43.99186069999996,-20.225981799999943],[-43.99209019999995,-20.22591879999993],[-43.992276999999945,-20.225873499999977],[-43.99240219999996,-20.225883099999976],[-43.99256429999997,-20.225951299999963],[-43.99279679999995,-20.226062399999932],[-43.99302559999995,-20.226179699999932],[-43.99315829999995,-20.226211599999942],[-43.993853799999954,-20.22607469999997],[-43.99460129999994,-20.22573209999996],[-43.99547739999997,-20.22513179999993],[-43.99637599999994,-20.224484399999938],[-43.997846299999935,-20.223776199999975],[-43.99916029999997,-20.22335739999994],[-44.000058199999955,-20.223129399999948],[-44.00031709999996,-20.223061299999927],[-44.000498999999934,-20.223039599999936],[-44.00072989999995,-20.223033399999963],[-44.000890099999936,-20.223043299999972],[-44.00097729999993,-20.22303999999997],[-44.00114919999993,-20.22297999999995],[-44.00140509999994,-20.22285839999995],[-44.002137699999935,-20.222470199999975],[-44.00413409999993,-20.221413199999972],[-44.00802059999995,-20.222012199999938],[-44.010730999999964,-20.222429999999974],[-44.01070899999996,-20.22216499999996],[-44.010674999999935,-20.221852999999953],[-44.010640999999964,-20.22155299999997],[-44.010607999999934,-20.22118299999994],[-44.01056099999994,-20.220905999999957],[-44.01048999999995,-20.220662999999945],[-44.01040599999993,-20.220442999999932],[-44.010261999999955,-20.22017599999998],[-44.010069999999985,-20.219781999999952],[-44.00998599999997,-20.219573999999966],[-44.00989099999998,-20.21927299999993],[-44.009758999999974,-20.218925999999954],[-44.00971299999998,-20.218636999999944],[-44.00971499999997,-20.21835999999996],[-44.009765999999956,-20.218140999999946],[-44.009889999999984,-20.21788799999996],[-44.010001999999986,-20.217646999999943],[-44.01013899999998,-20.21734799999996],[-44.01029999999997,-20.21712999999994],[-44.01053399999995,-20.216969999999947],[-44.010742999999934,-20.21683299999995],[-44.01098899999994,-20.216650999999956],[-44.01124699999997,-20.21651399999996],[-44.01146799999998,-20.216399999999965],[-44.01170099999996,-20.21627499999994],[-44.01191099999994,-20.216091999999946],[-44.01211999999998,-20.21589799999998],[-44.01240199999995,-20.215806999999927],[-44.01263499999993,-20.215716999999927],[-44.01291799999996,-20.21556899999996],[-44.01318799999996,-20.215432999999962],[-44.01339599999994,-20.215329999999938],[-44.01360599999998,-20.215169999999944],[-44.013826999999935,-20.215033999999946],[-44.014035999999976,-20.21490799999998],[-44.014219999999966,-20.214770999999928],[-44.014452999999946,-20.214760999999953],[-44.014684999999986,-20.214774999999975],[-44.01491599999997,-20.214856999999938],[-44.01517199999995,-20.21502099999998],[-44.01558499999993,-20.215300999999954],[-44.01581599999997,-20.21544099999994],[-44.01604699999996,-20.215603999999928],[-44.01617239999996,-20.215690699999982],[-44.016170399999965,-20.21553689999996],[-44.01615529999998,-20.21441559999994],[-44.01612359999996,-20.21356989999998],[-44.01619949999997,-20.213049999999953],[-44.016394599999956,-20.212634199999968],[-44.016421599999944,-20.212445199999934],[-44.016069399999935,-20.212130899999977],[-44.015765699999974,-20.211639899999966],[-44.01559599999996,-20.21103759999994],[-44.015250099999946,-20.21024449999993],[-44.015083699999934,-20.20938019999994],[-44.01507159999994,-20.208742799999982],[-44.015164599999935,-20.20811159999994],[-44.015502699999956,-20.207540999999935],[-44.01575649999995,-20.207017399999927],[-44.01594619999997,-20.206244699999957],[-44.01605029999996,-20.20588259999994],[-44.01605299999994,-20.20559039999995],[-44.01596059999997,-20.205263099999968],[-44.015894799999955,-20.20486049999994],[-44.015786799999944,-20.204807099999982],[-44.01554459999994,-20.204719299999965],[-44.01566889999998,-20.204481199999975],[-44.01573599999995,-20.204271399999982],[-44.015739199999985,-20.20411889999997],[-44.015702199999964,-20.204003599999965],[-44.015624299999956,-20.20389339999997],[-44.01520419999997,-20.203298699999948],[-44.01509199999998,-20.203088099999945],[-44.01500329999993,-20.20274829999994],[-44.014931099999956,-20.20239859999998],[-44.01483469999994,-20.20201949999995],[-44.01479389999997,-20.201905199999942],[-44.01473439999995,-20.201784699999962],[-44.014640199999974,-20.201620799999944],[-44.014598699999965,-20.20145489999993],[-44.014601899999946,-20.201291999999967],[-44.01460449999996,-20.20101599999998],[-44.014593299999945,-20.200747599999943],[-44.01458089999994,-20.20054669999996],[-44.01464199999998,-20.200364699999966],[-44.01473079999994,-20.200206299999934],[-44.01487929999996,-20.20003829999996],[-44.01516259999994,-20.199697399999934],[-44.01542139999998,-20.199305599999946],[-44.015538299999946,-20.19910239999996],[-44.01554179999994,-20.199085199999956],[-44.015368199999955,-20.199112399999933],[-44.01524489999997,-20.199107199999958],[-44.01511919999996,-20.199099199999978],[-44.01499699999994,-20.199072199999932],[-44.01492019999995,-20.19903469999997],[-44.01484289999996,-20.19898799999993],[-44.01472549999994,-20.198892099999966],[-44.01460739999993,-20.198839499999963],[-44.014485099999945,-20.19880379999995],[-44.01434809999995,-20.19878289999997],[-44.01420539999998,-20.19877649999995],[-44.014061899999945,-20.198769099999936],[-44.01390969999994,-20.19878289999997],[-44.01377759999997,-20.198788999999977],[-44.013477199999954,-20.198739699999976],[-44.01334799999995,-20.198725799999977],[-44.01313879999998,-20.198717899999963],[-44.012345599999946,-20.198661899999934],[-44.01193209999997,-20.198588299999983],[-44.01163839999998,-20.198537899999963],[-44.01121319999993,-20.19855089999993],[-44.01106809999993,-20.198564499999975],[-44.01092139999997,-20.198534799999948],[-44.01075279999998,-20.198456299999975],[-44.01060179999996,-20.19839129999997],[-44.01046169999995,-20.198364599999934],[-44.01030319999995,-20.198326299999962],[-44.01028489999993,-20.198362199999963],[-44.01026729999995,-20.198396599999967],[-44.010164799999984,-20.19854229999993],[-44.01005109999994,-20.198720899999955],[-44.00987719999995,-20.19899309999994],[-44.009623799999986,-20.19925569999998],[-44.00927889999997,-20.199426999999957],[-44.00898159999997,-20.199581199999955],[-44.008580999999936,-20.199845299999936],[-44.00823499999996,-20.200027399999954],[-44.008295499999974,-20.200444499999946],[-44.00826809999995,-20.200725099999943],[-44.00849969999996,-20.20124439999995],[-44.00842989999995,-20.201458599999967],[-44.00827949999996,-20.201523099999974],[-44.00804389999996,-20.201527399999975],[-44.007902799999954,-20.20146589999996],[-44.00767049999996,-20.201441399999965],[-44.007356999999956,-20.201449999999966],[-44.00709599999993,-20.20156079999998],[-44.006988099999944,-20.20167079999993],[-44.00689689999996,-20.201864399999977],[-44.00665929999997,-20.20218269999998],[-44.00652229999997,-20.202408899999966],[-44.00639289999998,-20.202759999999955],[-44.00617299999993,-20.20309009999994],[-44.006120599999974,-20.20335119999993],[-44.00593159999994,-20.20375269999994],[-44.00569589999998,-20.20398599999993],[-44.005363999999986,-20.204097799999943],[-44.00451789999994,-20.204867499999978],[-44.00379819999995,-20.20520399999998],[-44.003173499999946,-20.205177999999933],[-44.002347199999974,-20.204702999999938],[-44.00182669999998,-20.204208499999936],[-44.001280099999974,-20.203831099999945],[-44.00075899999996,-20.20323659999997],[-43.99986169999994,-20.202477699999974],[-43.99928909999994,-20.201670899999954],[-43.99835129999997,-20.201845799999944],[-43.997753399999965,-20.202275499999928],[-43.99746579999993,-20.202413099999944],[-43.997181499999954,-20.202582099999972],[-43.99676509999995,-20.20261039999997],[-43.99633699999998,-20.202457899999956],[-43.995942499999956,-20.202238199999954],[-43.99552349999993,-20.202004899999963],[-43.99498149999994,-20.201703099999975],[-43.994359299999985,-20.201356499999974],[-43.99391439999994,-20.201178699999957],[-43.99347979999993,-20.20106569999996],[-43.99318189999997,-20.20110269999998],[-43.99292099999997,-20.201143699999932],[-43.99272069999995,-20.201265299999932],[-43.99248209999996,-20.201471199999958],[-43.99301589999993,-20.20236179999995],[-43.99412099999995,-20.20357699999994],[-43.99453589999996,-20.20413089999994],[-43.99524889999998,-20.20440579999996],[-43.99482489999997,-20.205120999999963],[-43.993683499999975,-20.206281399999966],[-43.992512999999974,-20.206239899999957],[-43.99103199999996,-20.20657239999997],[-43.98950619999994,-20.206958399999962],[-43.98744259999995,-20.206776399999967],[-43.98629329999994,-20.206423299999983],[-43.98540939999998,-20.205991299999937],[-43.984879699999965,-20.20545519999996],[-43.98480939999996,-20.20365709999993],[-43.98465169999997,-20.201741599999934],[-43.98434149999997,-20.20173499999993],[-43.98400559999993,-20.201866499999937],[-43.98377849999997,-20.20202519999998],[-43.983524099999954,-20.20219019999996],[-43.983114299999954,-20.202318099999957],[-43.98283819999995,-20.20240519999993],[-43.98258219999997,-20.20253699999995],[-43.98232409999997,-20.202518899999973],[-43.98216039999994,-20.202488099999982],[-43.98210469999998,-20.20064119999995],[-43.982102199999986,-20.20045149999993],[-43.98203829999994,-20.199814999999944],[-43.98194609999996,-20.199475699999937],[-43.98184859999998,-20.199187499999937],[-43.98183659999995,-20.199061399999948],[-43.98184329999998,-20.198966299999938],[-43.981892399999936,-20.19885419999997],[-43.98195979999997,-20.198751799999968],[-43.98203529999995,-20.19860639999996],[-43.982099999999946,-20.198410499999966],[-43.98210039999998,-20.198266399999966],[-43.98206929999998,-20.19812449999995],[-43.98201409999996,-20.197975199999973],[-43.98198009999993,-20.19784009999995],[-43.982003599999985,-20.197739399999932],[-43.982154599999944,-20.19747579999995],[-43.982164799999964,-20.19733679999996],[-43.982167699999934,-20.197211099999947],[-43.98212659999996,-20.196990899999946],[-43.98205679999995,-20.19682949999998],[-43.98202239999995,-20.19669749999997],[-43.982011599999964,-20.19658519999996],[-43.982047799999975,-20.196457299999963],[-43.98210009999997,-20.196378399999958],[-43.98217409999995,-20.196297199999947],[-43.982294399999944,-20.19619789999996],[-43.982519099999934,-20.19601599999993],[-43.98298579999994,-20.195611199999973],[-43.98312359999994,-20.19545389999996],[-43.98325849999998,-20.195178599999963],[-43.98331559999997,-20.19501759999997],[-43.98345459999996,-20.194812799999966],[-43.98345449999994,-20.194732399999964],[-43.98343659999995,-20.19462629999998],[-43.98338849999993,-20.19448289999997],[-43.98331929999995,-20.194374299999936],[-43.98319989999993,-20.19427159999998],[-43.983155099999976,-20.194353599999943],[-43.98301929999997,-20.19446309999995],[-43.98290279999998,-20.19451159999994],[-43.982682799999964,-20.19453919999995],[-43.982443099999955,-20.194565199999943],[-43.98232969999998,-20.194599299999936],[-43.982206099999985,-20.194688799999938],[-43.982126499999936,-20.19476599999996],[-43.98204999999996,-20.19479629999995],[-43.98195469999996,-20.19482019999998],[-43.98185449999994,-20.194798599999956],[-43.98176319999993,-20.194750899999974],[-43.98168519999996,-20.19468749999993],[-43.981637199999966,-20.194618299999945],[-43.98160359999997,-20.194511899999952],[-43.981569099999945,-20.19435169999997],[-43.98151509999997,-20.194251399999928],[-43.98150899999996,-20.194247099999927],[-43.98135129999997,-20.194136399999934],[-43.98115789999997,-20.194001799999967],[-43.98108169999995,-20.193921899999964],[-43.981039099999975,-20.193846099999973],[-43.98101349999996,-20.19377979999996],[-43.98102799999998,-20.193695899999966],[-43.98110019999996,-20.19358169999998],[-43.98114709999993,-20.193488799999955],[-43.98115409999997,-20.19338709999994],[-43.98111329999995,-20.193318399999953],[-43.98103659999998,-20.193272099999945],[-43.98089539999995,-20.193242399999974],[-43.980748999999946,-20.19320739999995],[-43.98065759999997,-20.19315949999998],[-43.98058329999998,-20.193092499999977],[-43.98053179999994,-20.192948499999943],[-43.98047809999997,-20.192769299999952],[-43.980465599999945,-20.19264789999994],[-43.98049729999997,-20.192538399999933],[-43.98051359999994,-20.192410999999936],[-43.98049229999998,-20.19230529999993],[-43.98045509999997,-20.192241999999965],[-43.98036609999997,-20.192201299999965],[-43.980246499999964,-20.192176399999937],[-43.979872599999965,-20.19217009999994],[-43.97949029999995,-20.19217119999996],[-43.97913699999998,-20.192092999999943],[-43.97910689999998,-20.192231799999945]]]}}]}