{"type":"FeatureCollection","features":[{"type":"Feature","geometry":{"type":"MultiLineString","coordinates":[[[-48.72849721482879,-26.865],[-48.72851257080852,-26.86505525262864],[-48.728563568262416,-26.865061133412535],[-48.72858195611665,-26.86505449635261],[-48.72857174375111,-26.865]],[[-48.72875396626254,-26.865],[-48.72876187369503,-26.865014676226448],[-48.72875546128756,-26.865071707534057],[-48.7286865942108,-26.865086560438996],[-48.72864931025405,-26.865083425210077],[-48.72860139142633,-26.86510269119858],[-48.728560557452376,-26.865086415097185],[-48.72846853779325,-26.865080775484987],[-48.72844407219116,-26.865069391179027],[-48.728391304345756,-26.865089609742675],[-48.728340642441104,-26.865071069249595],[-48.728355972451304,-26.865042527423917],[-48.72835023009101,-26.86503440957915],[-48.728303528167615,-26.865052297127924],[-48.728323805465614,-26.865065559812248],[-48.72830708002735,-26.86508981059101],[-48.7283103729075,-26.865108363841376],[-48.728326958624415,-26.865108270415604],[-48.72835669955478,-26.865086749439723],[-48.72837133409152,-26.86509582245212],[-48.72836808873128,-26.86513706567591],[-48.72837852260997,-26.865196614000677],[-48.72845000460569,-26.865216670509056],[-48.72851446373583,-26.865286888903317],[-48.72852879811897,-26.865340032035498],[-48.72851804289678,-26.86537323550042],[-48.728563335248836,-26.86542195432126],[-48.728564656286935,-26.865490434829592],[-48.72859170919819,-26.865494460586874],[-48.728642810332424,-26.865479907844893],[-48.72865892303474,-26.86549215686474],[-48.72872865872438,-26.865502682327087],[-48.72870276470038,-26.86551005066011],[-48.728594323806135,-26.86551291900063],[-48.728569582251986,-26.865521277778353],[-48.72845163793414,-26.86551993941015],[-48.72844286083519,-26.865540159474712],[-48.72845309966953,-26.86565357124309],[-48.72837722132722,-26.865676899915815],[-48.728440109710846,-26.8657185322297],[-48.728465378723556,-26.86572506884014],[-48.728499630590164,-26.86575737774949],[-48.72849339982713,-26.865761107597184],[-48.72847162787408,-26.86574831003297],[-48.72846071345427,-26.865773969120983],[-48.72844405662107,-26.865767144103927],[-48.72845029411378,-26.86577928853441],[-48.72847523671799,-26.865794554749513],[-48.728526482593786,-26.865808613984996],[-48.728554777635196,-26.865790369104037],[-48.7285490595751,-26.86576451933488],[-48.72859058183769,-26.8657695285447],[-48.72870472579848,-26.865833050692085],[-48.728655773927855,-26.865835918728795],[-48.72861079236652,-26.865859446382007],[-48.72857510446557,-26.865888160922218],[-48.72855022369068,-26.86593353792737],[-48.72848277381196,-26.86596626583533],[-48.728407848780435,-26.865967967186638],[-48.72830359319766,-26.86598388617597],[-48.72828078070953,-26.8659899187019],[-48.728263619330505,-26.866008635828642],[-48.728246893272114,-26.86604670224876],[-48.728233149309524,-26.866131906662325],[-48.72819883527378,-26.86622281324107],[-48.72820624433367,-26.866232123861803],[-48.72823938064519,-26.866232955354036],[-48.72825292047642,-26.86624625863379],[-48.72823552767349,-26.866267439342785],[-48.728228011027646,-26.866366150733075],[-48.72821203981742,-26.86637359999416],[-48.72823890419798,-26.866417622263484],[-48.72824441197982,-26.866471657712243],[-48.728215563139116,-26.866465193450452],[-48.72819887634918,-26.866416572569975],[-48.728165395777424,-26.86643024157487],[-48.72816012488591,-26.86638061661611],[-48.72819105171394,-26.866353047565593],[-48.728183217950566,-26.866327581604295],[-48.728151208008356,-26.866311729716116],[-48.72812397133919,-26.86634885100566],[-48.7281333492674,-26.866386015942393],[-48.728124123184365,-26.86642189355503],[-48.728122248749024,-26.866519836519124],[-48.728131511312604,-26.866552906972444],[-48.728286138571306,-26.866644356180572],[-48.728326105526094,-26.866695020890393],[-48.7284035903466,-26.866711623721134],[-48.728424903864,-26.866723099959295],[-48.728439198107665,-26.866738585754856],[-48.728427721352624,-26.86676921463041],[-48.72848969585544,-26.86681471280552],[-48.728449612062334,-26.866792491608926],[-48.728431459786286,-26.866809126199588],[-48.72846178427944,-26.86681828992174],[-48.728477870768614,-26.866841071087492],[-48.72846611789675,-26.866841161898297],[-48.728433147260475,-26.866910264273507],[-48.728338414571084,-26.866923537838176],[-48.7282593041137,-26.86691636834991],[-48.728230182310455,-26.866934778546423],[-48.728156082477,-26.86692617614911],[-48.72810657611514,-26.86695011276849],[-48.72811619707302,-26.86697230358701],[-48.72811904995458,-26.86703783241359],[-48.72816380689857,-26.867083103515395],[-48.72820537882253,-26.867162414489997],[-48.72816351428316,-26.867200324858228],[-48.72810996367317,-26.867215401128956],[-48.72809768991746,-26.867235656081757],[-48.72806239809149,-26.867461112658486],[-48.72802781192103,-26.867541440729376],[-48.72802662077369,-26.86765925405905],[-48.72804144138876,-26.867694216092662],[-48.728066860863905,-26.86772208741379],[-48.72821176971341,-26.86779110522154],[-48.72822460704126,-26.86785400419733],[-48.72820784600025,-26.86791856877909],[-48.72825097261559,-26.867980729245808],[-48.72824525347712,-26.867986443675658],[-48.72825448674122,-26.868055365432898],[-48.728199136741104,-26.868099121644413],[-48.72815631119663,-26.868158557205945],[-48.72813895942956,-26.868243302871715],[-48.72814420834389,-26.868299866437127],[-48.72816928142536,-26.868362235688544],[-48.728155900052236,-26.86838886220049],[-48.72812600846668,-26.86841570694247],[-48.72814584281111,-26.868452562618323],[-48.72810759491755,-26.868486062145553],[-48.728099435126765,-26.86850689673838],[-48.72810774900144,-26.868563516807964],[-48.72809015647327,-26.86863065352152],[-48.72809860663645,-26.868675574568442],[-48.728135132649605,-26.868775567185242],[-48.728088777690886,-26.868808231521776],[-48.72809631331647,-26.86889597643409],[-48.72807831849379,-26.86895061671353],[-48.72809428938994,-26.86897370290321],[-48.72813680248656,-26.86899454012206],[-48.72813920850431,-26.869008531646998],[-48.728128363540314,-26.869048260147686],[-48.72807965679046,-26.86909567155491],[-48.72809747079692,-26.86912924682054],[-48.728094844833315,-26.869160783250393],[-48.728085194802944,-26.86917768625036],[-48.72806575498173,-26.86918627093471],[-48.72804511861818,-26.86923472031088],[-48.72805102471922,-26.869290673553152],[-48.728038092465354,-26.869329003065037],[-48.728044200465504,-26.869386584872654],[-48.728013254658514,-26.869432722419656],[-48.72804266903822,-26.869522114184726],[-48.728040859284576,-26.86956129307877],[-48.72800975990412,-26.86965189835452],[-48.728018349699724,-26.869716459939376],[-48.72798161523307,-26.869770016406427],[-48.72800852357123,-26.869806636616037],[-48.728000998045275,-26.869831425116264],[-48.72802659269393,-26.86987320428016],[-48.72802281231531,-26.86994787927084],[-48.728042045649424,-26.869956523628524],[-48.728011527223536,-26.869966733242084],[-48.72794215013906,-26.86996662648309],[-48.72785654302751,-26.869988998692072],[-48.727842173328625,-26.870025381027475],[-48.72789720077583,-26.87007033009997],[-48.72793115915142,-26.870134982908123],[-48.72792895721182,-26.870176007322872],[-48.727886961214,-26.870183892604558],[-48.727849142918345,-26.870221739733744],[-48.72783595056285,-26.870271154378845],[-48.72783737544591,-26.87030748840962],[-48.727815285596,-26.870333749197975],[-48.72782492778388,-26.87038256455916],[-48.727781508649485,-26.870466040776332],[-48.72778466297789,-26.870479948679495],[-48.727803951361786,-26.870473464327326],[-48.72788599529414,-26.87052352262763],[-48.727899838244454,-26.8705470014811],[-48.72790190760515,-26.87056871981397],[-48.72787451974961,-26.870575095576854],[-48.727875501568946,-26.87061521910235],[-48.7278516267699,-26.87069792852211],[-48.72779861578072,-26.8707077230864],[-48.727727163618084,-26.87069557297778],[-48.72769567931396,-26.870700932534206],[-48.727666676934476,-26.87071346679891],[-48.72765559050695,-26.870736015865337],[-48.72767422808112,-26.87076167457361],[-48.727812053938706,-26.87080186655805],[-48.72785437913391,-26.870850246448306],[-48.72784101058001,-26.870857592196057],[-48.7278439625563,-26.870864812371835],[-48.727865473456276,-26.870863231592505],[-48.727894025273514,-26.87087569612154],[-48.72790695657021,-26.870935206105234],[-48.72788486835859,-26.87094331317259],[-48.727795699374354,-26.87094887036682],[-48.72774959798902,-26.870928547461112],[-48.727650306029986,-26.87096926106108],[-48.72762875717787,-26.871025772622115],[-48.72761785053016,-26.87102644910837],[-48.727608204016015,-26.87100663400334],[-48.7276022412047,-26.87102341577312],[-48.727574505263895,-26.871041302980483],[-48.727578208444214,-26.871058258275127],[-48.72753416630052,-26.871055275669214],[-48.72752745919334,-26.87108783749125],[-48.727516639194306,-26.871064105809364],[-48.7274849598393,-26.87105848293041],[-48.72747773595904,-26.87110802692261],[-48.727496903995025,-26.871113402527417],[-48.72748833047587,-26.871173723564734],[-48.727467980288544,-26.871183731110545],[-48.72742455698148,-26.871285648745815],[-48.7274390988598,-26.87132756336847],[-48.72743957370828,-26.871367165235498],[-48.72748369167293,-26.87141239924473],[-48.7275284746612,-26.871422824588826],[-48.72761391601304,-26.871470083257957],[-48.72764991358717,-26.871466796161123],[-48.72765064243723,-26.871479511718004],[-48.727670342793644,-26.871492942137216],[-48.727704009972875,-26.871488086080483],[-48.72771969204943,-26.871514908341876],[-48.72773852693015,-26.871524518284037],[-48.727738531811916,-26.871556729625315],[-48.727756921437816,-26.871604706519726],[-48.727742687152436,-26.871670231219007],[-48.727697980340196,-26.87173529105496],[-48.727652174195526,-26.871836648808834],[-48.727625976486344,-26.871871250726194],[-48.72759587347805,-26.87187978112117],[-48.727565572140136,-26.871869649198587],[-48.727555487665576,-26.871820207630407],[-48.72754253257349,-26.871806672716097],[-48.72756792656328,-26.871796558586386],[-48.72754992199455,-26.87176953289913],[-48.72751779595708,-26.871819742119833],[-48.72745099429482,-26.8718122691588],[-48.72742760802072,-26.871846122103392],[-48.72741735470535,-26.87190519328105],[-48.72743237145947,-26.87193011062092],[-48.72742545892311,-26.87201379038451],[-48.727406470625645,-26.872003899072602],[-48.727454532676504,-26.87219044849697],[-48.72744265696285,-26.872284646827676],[-48.72740523963794,-26.872373238854337],[-48.7273252066968,-26.87249335023803],[-48.72725394887957,-26.872635731788495],[-48.72724786263771,-26.87267276168882],[-48.72721217003707,-26.87269292853735],[-48.7271458953918,-26.872700788440472],[-48.72714366354239,-26.8727236694211],[-48.72711385244478,-26.8727565291108],[-48.727094977577565,-26.872762995633693],[-48.727043184031245,-26.872754740540376],[-48.72696471255133,-26.872719410360975],[-48.726837915120214,-26.872710491637335],[-48.72681146236759,-26.87272195670357],[-48.72665705142971,-26.872680169260743],[-48.72663762900749,-26.872691670718556],[-48.7265715642069,-26.872787360419217],[-48.726529377886216,-26.87286676155261],[-48.726510010923704,-26.872883786893016],[-48.726490011296136,-26.872939116576557],[-48.72647327294672,-26.87295990592891],[-48.726484132118216,-26.87299133172258],[-48.72644787033795,-26.873004930180347],[-48.72644058025976,-26.873040049116035],[-48.72641603171277,-26.87306361414875],[-48.72646319911497,-26.873126592847804],[-48.726410740098224,-26.87319080999104],[-48.72641601351451,-26.87319727971376],[-48.72641124578493,-26.873217938633562],[-48.72642984175235,-26.87325282080251],[-48.7264464471559,-26.873234151887246],[-48.72647233746706,-26.87323918460563],[-48.72648799445467,-26.873299188870792],[-48.72646717434113,-26.8732501845316],[-48.726445823175595,-26.873267646298512],[-48.72644565447209,-26.873291766140092],[-48.726425627823474,-26.87329694698695],[-48.72637800676161,-26.873331812095344],[-48.726346936038276,-26.87332315385603],[-48.72634902777707,-26.87333574424603],[-48.726336941914255,-26.87334349040765],[-48.726324172881334,-26.8733105005987],[-48.72630232557296,-26.87328803707811],[-48.72630980535812,-26.873315247283664],[-48.726300098294644,-26.873332905461368],[-48.726256225334645,-26.873317254707562],[-48.72622822287715,-26.873331524802154],[-48.726245668209614,-26.873371655185732],[-48.72622592983014,-26.873373794865845],[-48.72622263338076,-26.873395253566972],[-48.72619813078208,-26.873405052382548],[-48.726198876807274,-26.873423538494357],[-48.726167462368316,-26.87346574141395],[-48.726159702148124,-26.87349417641734],[-48.72617504403542,-26.87351948626878],[-48.726101489795504,-26.873569499352296],[-48.72611769880375,-26.873643847088537],[-48.72608841051773,-26.87367439023066],[-48.72605564260263,-26.87374393729778],[-48.72606819205439,-26.8737722091823],[-48.72623595049619,-26.873959182115804],[-48.72619915388505,-26.874021810243704],[-48.72622841504015,-26.874131652139123],[-48.726220659727055,-26.874162102397335],[-48.72611780413092,-26.874344542571137],[-48.72601305406026,-26.874451430436775],[-48.725986079727804,-26.874495866141817],[-48.725658606999936,-26.87457570086326],[-48.725590162098754,-26.874600221301744],[-48.72556965174881,-26.87463638533264],[-48.72557293849186,-26.874655783214173],[-48.725585157300394,-26.874656083726588],[-48.72558798730639,-26.874667281794142],[-48.725590740017196,-26.874721145649062],[-48.725584383827346,-26.874743475561864],[-48.725572710611985,-26.87475442567879],[-48.72554444889084,-26.874756139234524],[-48.725519352866655,-26.874771232972474],[-48.72540853173074,-26.874863290961173],[-48.725333797539,-26.874946892793485],[-48.72528503251107,-26.87496355104068],[-48.7252892290954,-26.87498449864801],[-48.72531713387514,-26.875016596980426],[-48.72535098295354,-26.87502161007509],[-48.725363424551965,-26.875033402409446],[-48.72536192670718,-26.875044129200862],[-48.725304289825004,-26.875052496356457],[-48.72525078877963,-26.875018303674143],[-48.72521627698573,-26.875027340084433],[-48.72519692356702,-26.875042102082347],[-48.72518827328153,-26.875068782750084],[-48.72516162011461,-26.875094341443422],[-48.72517304255886,-26.875118231895723],[-48.725185277727164,-26.87511786850393],[-48.72519826532496,-26.87510113682357],[-48.725213323136536,-26.87511731299698],[-48.72521315479065,-26.87515929144561],[-48.72519016274171,-26.875195549007493],[-48.725165923988776,-26.87520797800301],[-48.72512793009281,-26.875203704003024],[-48.72512047323671,-26.875195510583033],[-48.72512541225282,-26.875175059341633],[-48.725108460095555,-26.87516774992513],[-48.72506681707824,-26.875193587010536],[-48.72504082168607,-26.875220316824166],[-48.72503935719554,-26.875230632629506],[-48.72506322417458,-26.875261242816602],[-48.72500906662998,-26.875366164146364],[-48.725005769581706,-26.875426430924968],[-48.72498438176123,-26.875454434287604],[-48.724961905984976,-26.875460332617617],[-48.725006111821344,-26.875538788073346],[-48.72506480597882,-26.875615831677965],[-48.72507908849922,-26.87565052361888],[-48.725065371571084,-26.875649398456233],[-48.72500146579987,-26.875605460386453],[-48.72498058932045,-26.87560104418262],[-48.72495778141368,-26.875606239566245],[-48.72493407464157,-26.875625866916742],[-48.724930667497674,-26.87564369051394],[-48.72495256197727,-26.875670940710574],[-48.724970799943335,-26.875712387142496],[-48.72495739456972,-26.875732839193017],[-48.72492440854603,-26.87571924314015],[-48.72491567070638,-26.8757246624159],[-48.72491140276189,-26.875758885940055],[-48.72491992835849,-26.875793811862568],[-48.72490501501196,-26.87585157133954],[-48.72490769937966,-26.8758814956519],[-48.724891559854626,-26.87587430668556],[-48.72477164163377,-26.875743988849955],[-48.72470037729172,-26.875606211618113],[-48.724678999168155,-26.87560011233978],[-48.72465376105048,-26.875607513828875],[-48.72460097670391,-26.875652340277266],[-48.72449661230039,-26.875715475017152],[-48.72443797392799,-26.875772965054903],[-48.724389138317214,-26.8758015125319],[-48.72430318366796,-26.875868760154493],[-48.724207375620146,-26.875900004504388],[-48.7241731830903,-26.87598671977907],[-48.724107152556556,-26.87602011514073],[-48.724050559866626,-26.876100953691193],[-48.72404776037947,-26.876116115793447],[-48.724065381985525,-26.876125224784825],[-48.72403564888128,-26.876190917968128],[-48.7239737218928,-26.876196042404814],[-48.7238852666186,-26.87626481340022],[-48.7238645451692,-26.87629484518828],[-48.72383760401597,-26.876303206360813],[-48.72378296209635,-26.876367078550714],[-48.723747438611355,-26.87643667260296],[-48.723679851718636,-26.876490013909383],[-48.723676060517846,-26.87652578644347],[-48.723645936299526,-26.87653881519829],[-48.723585284591515,-26.876530258090067],[-48.723516814581124,-26.876593563481492],[-48.72347537255139,-26.876608473704966],[-48.72342408257121,-26.876649439598086],[-48.723410797846974,-26.876662646743508],[-48.72340314080796,-26.876689400133476],[-48.72337186527791,-26.876701976191463],[-48.72333521557472,-26.876752427226954],[-48.72326096837587,-26.876782970640445],[-48.72320630808322,-26.876844718813906],[-48.72318382163083,-26.876838178188667],[-48.723173669785716,-26.8768425394449],[-48.723175900695196,-26.876872370724474],[-48.723121980964834,-26.876913082934365],[-48.723142177304766,-26.876947975054886],[-48.72311268682275,-26.87695302540658],[-48.723085487394926,-26.876942430792653],[-48.72304233404599,-26.87694867322959],[-48.723039449108704,-26.87696131247781],[-48.723056187922744,-26.87699819834172],[-48.72309331829415,-26.877000191145164],[-48.723036055343236,-26.877041408044295],[-48.72302165276522,-26.87703963990802],[-48.72300095411125,-26.877012035989626],[-48.72299026217537,-26.877008899988063],[-48.722980069205086,-26.87703865643586],[-48.72299526992107,-26.877059145248616],[-48.72299334874763,-26.877070394012698],[-48.72292272417034,-26.87714139654786],[-48.72289786796585,-26.87714925237451],[-48.72288525570446,-26.87716364710038],[-48.722866098344774,-26.87714520171445],[-48.72287088665041,-26.877131189844064],[-48.72285806768207,-26.87711141805767],[-48.72285862311603,-26.8770836604054],[-48.72289048929948,-26.877075011530188],[-48.722890306176694,-26.87706050168122],[-48.72281257603671,-26.877073056997776],[-48.72278267835003,-26.877108206471416],[-48.72275681879174,-26.877164404824114],[-48.72268272503557,-26.877212221487436],[-48.722645996797446,-26.877245182460154],[-48.72264824484156,-26.877253571787932],[-48.72273272357326,-26.877260899869505],[-48.722765889860774,-26.877250150323793],[-48.72278077603662,-26.877343705525245],[-48.72277139648748,-26.8773459340746],[-48.72277990765503,-26.877394702553996],[-48.72273069059752,-26.877369485161978],[-48.72271919248672,-26.87740580753133],[-48.72268005704238,-26.877399714049375],[-48.72264376613062,-26.877406390972634],[-48.7226093444779,-26.87743332284619],[-48.72259405252008,-26.877479225818266],[-48.72256336187098,-26.877498804201387],[-48.72260633808953,-26.877516817843052],[-48.7226122620331,-26.87756111087521],[-48.72260522692104,-26.87758880466119],[-48.722574449668464,-26.8775593451881],[-48.72253849924541,-26.87755927633799],[-48.72254094785892,-26.87753281625733],[-48.72253123624909,-26.877521490041918],[-48.72247160043597,-26.877524131080133],[-48.72237870386523,-26.877549956697848],[-48.722342174108235,-26.877569997689214],[-48.722324429355794,-26.877563814946296],[-48.72227762773662,-26.877523583471486],[-48.722264336709245,-26.877523442248922],[-48.72223299780583,-26.877551958802858],[-48.72220909728612,-26.877612620559635],[-48.72219398782939,-26.877627733005678],[-48.72215435817858,-26.877647537149787],[-48.722097158872316,-26.87765343004106],[-48.72205885304438,-26.87768811344983],[-48.72200509351606,-26.87771397344127],[-48.72194757672617,-26.877755516062457],[-48.72192388114474,-26.87778281657238],[-48.721856815188865,-26.877829870728842],[-48.72174279101993,-26.877864973469485],[-48.72170257426898,-26.87791394061702],[-48.72169454168211,-26.877951113838073],[-48.72166180393746,-26.877964867066094],[-48.721664848778794,-26.877975020914192],[-48.721693883205326,-26.877995784432787],[-48.72169927465212,-26.878039665501063],[-48.72168430895905,-26.878080718430144],[-48.721653531442605,-26.878071498010218],[-48.72163644399495,-26.878083518275844],[-48.72165540634294,-26.878119158673744],[-48.72165116158047,-26.87814173448779],[-48.721601078003985,-26.878149129006317],[-48.72159062272403,-26.878112668324025],[-48.72156707355429,-26.878139233825113],[-48.72157639449788,-26.8781566381218],[-48.72154636196435,-26.878173742435404],[-48.721494648148,-26.8781750127624],[-48.721400090138275,-26.878147672827644],[-48.72138272005653,-26.87815451655951],[-48.721371040211174,-26.878181210326716],[-48.721353982348035,-26.87818844263267],[-48.721363152396805,-26.878199722286105],[-48.72138664776484,-26.878188433532564],[-48.72145789928742,-26.878191359853275],[-48.72145704053897,-26.878200757653325],[-48.72143668064299,-26.878213066229947],[-48.7214420056317,-26.878219218399543],[-48.72159027897239,-26.87819126529078],[-48.72166883032516,-26.878168215807417],[-48.72172832022361,-26.87813598864748],[-48.72175785987846,-26.878141098279364],[-48.72174870072344,-26.878121647138318],[-48.72170492481283,-26.878132612450727],[-48.72166747942676,-26.87812819652028],[-48.72169998918136,-26.878107047645916],[-48.72178976019181,-26.8780884684047],[-48.7217959376159,-26.878093314025687],[-48.72177625728764,-26.87811228467343],[-48.721792090122534,-26.878127393469683],[-48.72187046261111,-26.87812284211907],[-48.72178007904554,-26.878174620799218],[-48.72177555006459,-26.8782062002925],[-48.72178073065848,-26.8782161909496],[-48.721815998344816,-26.87823064126828],[-48.72182886054752,-26.878271986915863],[-48.72187627841005,-26.87834186134033],[-48.72192444467612,-26.878447130190743],[-48.72196380614292,-26.87846690778647],[-48.722001833151644,-26.87845025719874],[-48.72201336371821,-26.87847947498537],[-48.722026036741,-26.878580237605043],[-48.72204284495778,-26.878627003821023],[-48.72203617357519,-26.87872401342146],[-48.72203158142274,-26.878728285562655],[-48.72201904410371,-26.878716097022167],[-48.721996622698185,-26.878731639300494],[-48.72201924002017,-26.878755905460327],[-48.722008345378114,-26.878805422279864],[-48.72201921393135,-26.878824898268206],[-48.722013747334366,-26.87884432017831],[-48.722029745040366,-26.878881422520816],[-48.722004050953835,-26.878919392957496],[-48.72201451059369,-26.878954190469788],[-48.72208027028426,-26.878963822476862],[-48.722088208667685,-26.878953474857177],[-48.72208180281886,-26.878920423990436],[-48.72209792462112,-26.87890467181227],[-48.72212420609099,-26.87900175439976],[-48.7221251184701,-26.879082214437773],[-48.72210278357762,-26.879123899402813],[-48.72210817938482,-26.879152567925033],[-48.722096983593936,-26.879223573551084],[-48.72212884665008,-26.879293195247726],[-48.72211968992934,-26.879326907512116],[-48.72216754299447,-26.87943206565958],[-48.72215456986205,-26.8794604722406],[-48.72215875777472,-26.879536977317628],[-48.72218205252561,-26.879577554440058],[-48.72218454566005,-26.879600368881526],[-48.72217235402481,-26.879673307742795],[-48.722125485487325,-26.879684698874623],[-48.72212169666347,-26.879700347625544],[-48.72213896752721,-26.879712963552567],[-48.72220361516772,-26.879691204806715],[-48.72221455823099,-26.879694676126828],[-48.72221194972488,-26.879801463417266],[-48.722231611125885,-26.879816217887015],[-48.72221545750393,-26.87984960885338],[-48.72225536222342,-26.87990615556007],[-48.7222440875489,-26.87994230277859],[-48.722248644757485,-26.87996657276665],[-48.72223685154363,-26.879991642166853],[-48.72223500897068,-26.880058429869642],[-48.72225691575392,-26.88015638043652],[-48.72225151442567,-26.88017932025283],[-48.72216348087477,-26.880197092963236],[-48.722034164138854,-26.880182540050303],[-48.72193261190615,-26.88019008009549],[-48.721916143458664,-26.880199873188275],[-48.72189738749145,-26.88025266722934],[-48.721861676003776,-26.879998004601052],[-48.72185841535226,-26.879753206630898],[-48.7217993162524,-26.87915559938562],[-48.721796130106114,-26.878986714002878],[-48.7218001938132,-26.878954802126504],[-48.721821686439576,-26.878934943825136],[-48.72192595709185,-26.87890631136227],[-48.72193509211271,-26.87882661530876],[-48.72197398523845,-26.878767136681187],[-48.72190769562349,-26.878708316153105],[-48.72187966960341,-26.87862843227014],[-48.72185811487927,-26.87861827408685],[-48.72181757932627,-26.878613982521497],[-48.72180891473435,-26.878618189873677],[-48.721789700658,-26.878662277813607],[-48.72178804940974,-26.878771999957944],[-48.72177076044017,-26.8787485046656],[-48.72173354960726,-26.87864337727783],[-48.721704554372444,-26.87846943068801],[-48.72170927302302,-26.878440237629786],[-48.72167847020081,-26.878304384084387],[-48.72167348125828,-26.87822834437737],[-48.721660517073055,-26.87821160328155],[-48.72163138760906,-26.878212483490085],[-48.721478822909496,-26.878257405675836],[-48.72142987969738,-26.878282447889493],[-48.72142139585691,-26.87843928320817],[-48.721431352293386,-26.878515459000354],[-48.72142372635568,-26.87853566457287],[-48.72139033666684,-26.878384954629368],[-48.72137886893718,-26.87837303056223],[-48.721365567228894,-26.87837818285035],[-48.72135396476023,-26.878458457227318],[-48.721335393713645,-26.87832846743453],[-48.72132500581437,-26.878311276035706],[-48.72130930034181,-26.87830331484358],[-48.72122303869661,-26.878327590696227],[-48.72120927913545,-26.878341920719667],[-48.721221159651314,-26.878575351506097],[-48.721196553494565,-26.878571776100955],[-48.721135811160565,-26.87852907133812],[-48.72110793556826,-26.878498650331885],[-48.72109004953429,-26.878506829447776],[-48.72110573822107,-26.87856021972673],[-48.721100363552225,-26.87860459672307],[-48.7211138357834,-26.878624754618237],[-48.72111490627578,-26.878646336834386],[-48.72110978913634,-26.878674617375435],[-48.72108442235934,-26.8786893900228],[-48.7210795332133,-26.878744627713772],[-48.72111482842628,-26.878778475011917],[-48.72111748218768,-26.87881178123111],[-48.72114753825565,-26.87880776112069],[-48.721164375224944,-26.87878260172216],[-48.721219194464524,-26.87884591312287],[-48.72117594481713,-26.878867348847585],[-48.72114443113056,-26.878834771856233],[-48.72113457539084,-26.878832487575984],[-48.721127764134,-26.878840022337815],[-48.72113593739128,-26.87885714643457],[-48.721178382847846,-26.878888686001368],[-48.72119396640634,-26.878923594205578],[-48.72117524228571,-26.879022198831994],[-48.72115293392305,-26.87905923463688],[-48.72107913014815,-26.879066720938305],[-48.72104840111181,-26.87906169484407],[-48.721026430877416,-26.87907049030232],[-48.72093154837988,-26.879075392032384],[-48.720893704359945,-26.879074629788253],[-48.720870668335046,-26.879064118158745],[-48.720838422502155,-26.879071641378083],[-48.720826546063265,-26.879023613580415],[-48.72080029246694,-26.879030567474718],[-48.72075222815592,-26.879024123599713],[-48.72073186863142,-26.879032089480365],[-48.720706597666776,-26.879077436793175],[-48.72073385145201,-26.8791059969198],[-48.72065014587727,-26.87911690142354],[-48.720621709921325,-26.879110241806384],[-48.72065696807233,-26.879032898684862],[-48.720643036135286,-26.878957569282665],[-48.72063207947202,-26.878949917479016],[-48.720545137496735,-26.878936152674147],[-48.72053857316109,-26.878925614419344],[-48.72057816222644,-26.878896485098316],[-48.72074674551258,-26.87884403068227],[-48.72080277100647,-26.87880970308939],[-48.720795837986124,-26.878768989997834],[-48.72073932569152,-26.878707566123197],[-48.72075882672871,-26.878656570210826],[-48.72080803200815,-26.878610658808874],[-48.72079822968249,-26.878561077970133],[-48.72078296578137,-26.878563559775294],[-48.720774607532725,-26.878555658420915],[-48.72079191972109,-26.878532195220238],[-48.720790053385315,-26.878513716321873],[-48.7207805485618,-26.878505380437247],[-48.72080619658889,-26.878494144571313],[-48.72082230365905,-26.878463132780666],[-48.72081055776165,-26.878454993568447],[-48.720790588213134,-26.87846123395442],[-48.720784408993424,-26.878453620447893],[-48.72088658627172,-26.878432105977932],[-48.72088838009111,-26.878418539513802],[-48.72090234169015,-26.878421326844627],[-48.72092272203804,-26.87840173410401],[-48.720977669976754,-26.878390853642106],[-48.721034162061464,-26.878354021049194],[-48.72109207008151,-26.87834848658401],[-48.72118906162484,-26.87832159715634],[-48.72119944931373,-26.87831411828373],[-48.72119698221725,-26.87830290795486],[-48.72104584436962,-26.878344112924644],[-48.72098140191936,-26.878344790540666],[-48.720971462588494,-26.87833579067454],[-48.721016718433646,-26.87831216283321],[-48.721045297198984,-26.878279393919335],[-48.72101135536186,-26.878245964621566],[-48.72100444697787,-26.878211394007796],[-48.72097551803985,-26.87823016748439],[-48.72083480512478,-26.87825005309943],[-48.72081396760029,-26.87827392418598],[-48.720801255218426,-26.878334615477275],[-48.72077334213666,-26.878336863394352],[-48.720757213139414,-26.87832789358895],[-48.7207394811453,-26.87829810456739],[-48.72074834769528,-26.87825905785249],[-48.72072645651852,-26.878170036198355],[-48.72071560372653,-26.878169749168528],[-48.72045890560458,-26.878258335238133],[-48.72026446615277,-26.878310422574657],[-48.72019120485995,-26.878343099143308],[-48.72012705277711,-26.878347561416764],[-48.7200019140251,-26.878381732460916],[-48.71999128483362,-26.878399985298465],[-48.719998434651366,-26.87843284067786],[-48.71999957181649,-26.878559683884085],[-48.71997574662118,-26.87860890153943],[-48.71994645598972,-26.87863304664964],[-48.719921135712184,-26.87863747505258],[-48.71987786603092,-26.87862145027096],[-48.7198433760646,-26.878624312888263],[-48.71982266584303,-26.87861315368179],[-48.71981132884701,-26.878646710547297],[-48.71977331557779,-26.878647369342474],[-48.71974078531322,-26.87866370014066],[-48.71970283501472,-26.87867039551509],[-48.71967016845368,-26.87865456530977],[-48.719675703612694,-26.87866994487108],[-48.7196575467453,-26.878669201421168],[-48.71957775152448,-26.87869502364834],[-48.71953735866376,-26.878680672325512],[-48.71949068012822,-26.8786862692247],[-48.71945227480262,-26.87867076685659],[-48.71943194281749,-26.878671796767403],[-48.71939974929587,-26.87870323089871],[-48.71928704573003,-26.87874440832984],[-48.71923625338623,-26.878803169687995],[-48.71920539176436,-26.878820492018896],[-48.71917835581252,-26.878811477673047],[-48.71915715797974,-26.878764714288785],[-48.71914032323347,-26.87874914773355],[-48.719067278331096,-26.878713688656767],[-48.719037326343226,-26.87871052018933],[-48.71900371856632,-26.878731390779507],[-48.7190137346899,-26.87878336574643],[-48.71900643790166,-26.878802142490116],[-48.718976819076154,-26.878826932752162],[-48.718917701993085,-26.87885843102425],[-48.71888883684897,-26.878888535326322],[-48.718816430536535,-26.878915082881296],[-48.71865796049943,-26.878949990430467],[-48.7186358612321,-26.878941754211294],[-48.7186163916659,-26.878957263286654],[-48.7185800763687,-26.878954197699485],[-48.71849588971828,-26.878988650677446],[-48.71838607391242,-26.879007379560967],[-48.71836694634479,-26.87900305558937],[-48.71835562035483,-26.87898914909355],[-48.71833737697237,-26.878901332192555],[-48.71832782775415,-26.878890655382694],[-48.718278486794425,-26.87889757878274],[-48.7182601456775,-26.878917177885523],[-48.71823868939952,-26.878964854188812],[-48.7182074994664,-26.8789697054618],[-48.71819475000113,-26.878961184334404],[-48.718175721777655,-26.87891224126097],[-48.718100282739634,-26.87884072718537],[-48.71804378837626,-26.878840398372496],[-48.717985587685135,-26.878854773543495],[-48.71795674460392,-26.878877807313376],[-48.717940328786426,-26.878932760225485],[-48.71789964650512,-26.878994680537158],[-48.71791705689725,-26.87908632393964],[-48.71781798844786,-26.87910251866728],[-48.71781234648445,-26.87910844413293],[-48.71783508350734,-26.879133621624508],[-48.71783041217619,-26.879142026458627],[-48.71774174258099,-26.879161567571888],[-48.71768682830611,-26.879125566880596],[-48.71765033456785,-26.879068627399754],[-48.71761089691333,-26.87904526016203],[-48.71759790105928,-26.879003728844665],[-48.717614556083774,-26.878874728519783],[-48.71760023954313,-26.878820744631675],[-48.71753021776911,-26.87873667991602],[-48.71747445850041,-26.878650796187365],[-48.717388395084974,-26.878560998829563],[-48.71737495510364,-26.878534212645796],[-48.71736678595146,-26.878489772207566],[-48.71720176366588,-26.87847826760648],[-48.71715739113304,-26.878483242212845],[-48.717091857445894,-26.87845840082452],[-48.717023368587846,-26.87846763412272],[-48.717,-26.878467381746518]]]},"properties":{"objectid":54,"cota":3,"tipocurvanivel":"Normal","sourceLayer":"curvas-0"}},{"type":"Feature","geometry":{"type":"MultiLineString","coordinates":[[[-48.74,-26.885537039295198],[-48.73999510611548,-26.885534976068204],[-48.739990759454564,-26.885538409844116],[-48.74,-26.885545937579185]],[[-48.74,-26.885555237077245],[-48.73998725804335,-26.885556768431062],[-48.739965671250694,-26.885547916424155],[-48.73995731460276,-26.885535137474633],[-48.739943576122606,-26.885533961913602],[-48.73991585720841,-26.88557011201519],[-48.7398811314017,-26.885562175990366],[-48.739857906234974,-26.885576124474394],[-48.7398380268377,-26.885637329471194],[-48.73981257933521,-26.885666857579462],[-48.739800001535,-26.885662583495947],[-48.73978278103254,-26.885628631837903],[-48.73973136979367,-26.885634846373264],[-48.73964140689722,-26.88570640618023],[-48.739552679624076,-26.88572251262931],[-48.73944430926009,-26.885761449887717],[-48.73939513088703,-26.88579685026943],[-48.739376681439715,-26.885847180919633],[-48.73935134258859,-26.885848393411504],[-48.73932313799625,-26.885871365165848],[-48.73928521036813,-26.885879419795067],[-48.739195068404875,-26.885935029127943],[-48.7391689102216,-26.88593649830384],[-48.739129541656716,-26.885977848493226],[-48.73909651296869,-26.885997494126993],[-48.739068960116455,-26.885996827404075],[-48.73906124864822,-26.886]],[[-48.72374178279398,-26.886],[-48.72374862210939,-26.885998196475054],[-48.72375402665071,-26.886]],[[-48.7237640548553,-26.886],[-48.72376491215126,-26.885987348976908],[-48.72380286519887,-26.88599263088391],[-48.72380680824389,-26.885964621918866],[-48.72381607390512,-26.885954253203725],[-48.72384271621771,-26.885981904123895],[-48.7238916597126,-26.885961615338434],[-48.72391653957343,-26.885924407618944],[-48.72393987432419,-26.885922257745705],[-48.723971499290165,-26.88588906272479],[-48.72401671029306,-26.885821907250506],[-48.72406011805568,-26.88582242181322],[-48.724201248909154,-26.88585284182578],[-48.72436962849271,-26.88591220107052],[-48.724403103727205,-26.885935021981467],[-48.724402617605485,-26.88595139452602],[-48.72441537823865,-26.885949376507313],[-48.72442808910649,-26.885959785330485],[-48.72444897504548,-26.886]],[[-48.72463841443012,-26.886],[-48.72462841431209,-26.885974223353124],[-48.724615073933144,-26.885905678469573],[-48.72466372517941,-26.885825080246995],[-48.72463504761416,-26.88573430095059],[-48.72468076021137,-26.885685686949543],[-48.724688267511766,-26.885662010282],[-48.724643370897915,-26.885538864995077],[-48.72465199429963,-26.885513129772512],[-48.724670804407516,-26.885492531175377],[-48.7246716027399,-26.885470268850092],[-48.72462042020451,-26.88538232705084],[-48.72457388700631,-26.885357235509822],[-48.72458050687761,-26.885332492291372],[-48.72457348756904,-26.885292741762036],[-48.72456605335339,-26.885281280884705],[-48.72454288285844,-26.88527388468576],[-48.72451101501106,-26.885146851260085],[-48.72445969954849,-26.885066258632083],[-48.72445922793434,-26.885026010763184],[-48.724443652585556,-26.88497960847874],[-48.72445111377603,-26.884951753635374],[-48.724445911219824,-26.884880357262],[-48.72442490543211,-26.884822396426966],[-48.7244030075214,-26.884794239985734],[-48.72438443245307,-26.8847832764241],[-48.724380044500286,-26.884761881715917],[-48.72434691161688,-26.884736758763157],[-48.72435135186087,-26.88473153834097],[-48.72437853722315,-26.884745041165242],[-48.72435527899698,-26.88471902777728],[-48.72435648781371,-26.884698983974964],[-48.724344797539665,-26.88467933696571],[-48.724355164311135,-26.884661824101478],[-48.72433009568408,-26.884617223545476],[-48.72434113251409,-26.884608810960952],[-48.72431094576312,-26.88459567489483],[-48.7242974901027,-26.88456137161463],[-48.72430083835334,-26.88454319606663],[-48.72423397096445,-26.88447853551314],[-48.72420369057917,-26.884427439043616],[-48.724195131276026,-26.884435211996674],[-48.72418203885258,-26.884433305314396],[-48.724165652550504,-26.88441627823764],[-48.72424635081269,-26.884240849943826],[-48.72428063788185,-26.884239507295444],[-48.72434724912191,-26.88425552431663],[-48.724273072838486,-26.884202940830324],[-48.7242810939591,-26.884147395197612],[-48.72430485601432,-26.8841071804486],[-48.72433261552074,-26.884033467066377],[-48.724340281434046,-26.883972994640484],[-48.724351939540085,-26.883963457681826],[-48.72437055140269,-26.883917082829505],[-48.72439144994069,-26.883897017864218],[-48.724388528028484,-26.883870315099234],[-48.72440254931365,-26.883862829580483],[-48.72439868426712,-26.883848839783038],[-48.72441906752584,-26.883819984762706],[-48.72441732764509,-26.88377392001293],[-48.72442598214046,-26.883754964505343],[-48.72442995726726,-26.883704096043356],[-48.72457142707962,-26.88340616613656],[-48.72457273278494,-26.883390826558767],[-48.72456053203671,-26.883387016574954],[-48.72453815929506,-26.883402960694156],[-48.72440225538899,-26.883580476006802],[-48.724395540324245,-26.883606207679573],[-48.72431994322936,-26.883698973504487],[-48.72427969556217,-26.88379296497403],[-48.724247350921736,-26.88383373360455],[-48.724256865227346,-26.883769263330787],[-48.72429558601694,-26.883688438385665],[-48.72427025480641,-26.883675683783782],[-48.724291897303864,-26.883649930941093],[-48.72427797847789,-26.883618757115897],[-48.724278620557705,-26.883591939409623],[-48.72439268742716,-26.883315751274285],[-48.72441604510621,-26.883171750850863],[-48.72444989629219,-26.8831211264096],[-48.72464602162487,-26.88259740748223],[-48.72467506469226,-26.882568095400508],[-48.72469112590943,-26.8825202156143],[-48.72471120382204,-26.882507940856215],[-48.72475204548722,-26.88250039553051],[-48.72476482636867,-26.882477454462144],[-48.72487392702185,-26.882112960373753],[-48.724937688089675,-26.881963540754455],[-48.724969675981114,-26.881853073486642],[-48.724991085736065,-26.881814898128845],[-48.725035654060946,-26.88164506087726],[-48.7250451801775,-26.88157695020627],[-48.72519741329439,-26.881266977181607],[-48.725191682629536,-26.88122850543738],[-48.72520429802602,-26.881200197479348],[-48.725227038058044,-26.881175585682083],[-48.72523082257046,-26.881129886038995],[-48.72524590964992,-26.881102832583593],[-48.725245057694536,-26.881073214851057],[-48.72528108845505,-26.88103184559899],[-48.72528544306161,-26.880995265379717],[-48.72532567801359,-26.880929144607766],[-48.72534747193052,-26.88085111950444],[-48.7253972358215,-26.880794062070233],[-48.72539490948622,-26.88070605274524],[-48.725421196878735,-26.880687821513487],[-48.725474405566594,-26.88068061047231],[-48.72548550188286,-26.880613523145087],[-48.72554443081264,-26.880419615696635],[-48.72558137416129,-26.880325019116096],[-48.72563515789444,-26.88021972800727],[-48.72566929744913,-26.88010562578208],[-48.725739179159035,-26.87994016116442],[-48.725767229033394,-26.879850230479782],[-48.725795299099346,-26.879819803258442],[-48.72580627489387,-26.879740927025132],[-48.72583362328131,-26.879716585137412],[-48.725845714871674,-26.87969210408724],[-48.72587410656511,-26.879615954799956],[-48.72587688754382,-26.879565973972372],[-48.72591021018406,-26.87953180489639],[-48.72591886323604,-26.879476247602003],[-48.72594779233341,-26.879441410355017],[-48.725967050120204,-26.879382652231605],[-48.72598489506007,-26.879359677935035],[-48.72602434704493,-26.87926998038146],[-48.72602777232218,-26.879222044946836],[-48.726052730299855,-26.879150909399286],[-48.72607193795052,-26.87911179140817],[-48.72609975430975,-26.879079495561307],[-48.7260994596868,-26.879038866048006],[-48.72613079975127,-26.879004838261157],[-48.726166051170885,-26.878946999971415],[-48.72619380674859,-26.87892894742377],[-48.7262043359996,-26.878910815199873],[-48.726243005998676,-26.87876962280402],[-48.72623928428761,-26.87873273202697],[-48.726252018422464,-26.878716662198173],[-48.72625444449119,-26.878688070062992],[-48.72628996672599,-26.878648467425588],[-48.72629309843988,-26.878584924757988],[-48.726342300637945,-26.87852835060307],[-48.72635297908346,-26.878440419716785],[-48.72637938568397,-26.87836370949555],[-48.7264612740202,-26.878208146228825],[-48.72665756125175,-26.877738524366766],[-48.72676412052032,-26.877525225568366],[-48.72685822323393,-26.877280523919527],[-48.72694953097734,-26.87707524595819],[-48.72696932116599,-26.877012612953116],[-48.726959912403785,-26.876956257719947],[-48.72700433197121,-26.876934355241772],[-48.72702606754312,-26.876890573271037],[-48.7270399937389,-26.876805104091765],[-48.72706053399845,-26.87677599480445],[-48.72706551170792,-26.876734988047442],[-48.72722887460386,-26.876357488285045],[-48.727241033924216,-26.87631404402705],[-48.72730840663658,-26.87618420289702],[-48.72733651053799,-26.876073293312334],[-48.727380161728,-26.87601004780732],[-48.727390200954055,-26.87595627333942],[-48.727417393371304,-26.875923817321386],[-48.727442245450234,-26.87587433768246],[-48.727475419611345,-26.875786640390167],[-48.727481031449436,-26.87573188230543],[-48.72751866756061,-26.875641521445758],[-48.72755539190841,-26.875591857351736],[-48.727612604604104,-26.875439792126716],[-48.72761617185308,-26.87541203140516],[-48.72764834461395,-26.875371062292174],[-48.72765179430025,-26.875331821380936],[-48.727686679155774,-26.875289590937655],[-48.72769636763228,-26.87524176878485],[-48.72775205054761,-26.87516344987933],[-48.72778332293165,-26.875101227920382],[-48.727813610192264,-26.875018975506993],[-48.727805441932446,-26.87498963713609],[-48.72781441900118,-26.87496283880112],[-48.72803130542466,-26.874469977187932],[-48.7280611187083,-26.874368281847318],[-48.72810447355238,-26.87430424976519],[-48.72814994562752,-26.874207659623664],[-48.72825139041964,-26.873943019539297],[-48.72824524384928,-26.87390980337048],[-48.72825315620363,-26.87388817968618],[-48.72827521673444,-26.87384681042797],[-48.72830550996224,-26.873821141775096],[-48.728359133338685,-26.873719442077856],[-48.72838180663181,-26.87366861140569],[-48.72839681306139,-26.873599648087023],[-48.72845343823201,-26.873495273007887],[-48.72847541514031,-26.87339279815494],[-48.72846821725015,-26.873357049047417],[-48.728518412436074,-26.873282342474003],[-48.72854863593351,-26.873205388018025],[-48.72862890202151,-26.873056163808],[-48.72864466319945,-26.873004200364985],[-48.72879919065582,-26.872639267118636],[-48.72883438769008,-26.87252461944329],[-48.728909736423326,-26.872349248595402],[-48.728925587649336,-26.872296442759524],[-48.72892339013905,-26.872248804810962],[-48.728986027673706,-26.872130134673093],[-48.72898968638345,-26.872086948813244],[-48.72900433550374,-26.872069258866464],[-48.72900907496029,-26.872038257258644],[-48.72903191838575,-26.871984217344785],[-48.72905720695897,-26.871960090654987],[-48.72908105046382,-26.871913509342466],[-48.72907989956411,-26.87186903687629],[-48.729098562610076,-26.87186157577565],[-48.729102905970535,-26.871851095006974],[-48.72909030345846,-26.8718401496186],[-48.729086930771075,-26.871808257740266],[-48.729102808960945,-26.871777858427627],[-48.72912243653888,-26.87169404268183],[-48.729153947161755,-26.87164100570711],[-48.72915811376066,-26.87159465768049],[-48.72921478050631,-26.871514293544447],[-48.72924721446902,-26.871445714886317],[-48.729269701281815,-26.8714272809168],[-48.72927974769314,-26.871381583301233],[-48.729297537334126,-26.87137164713962],[-48.72931863183114,-26.871341409247773],[-48.72942890543552,-26.871100924178858],[-48.729521762430736,-26.870948427209967],[-48.729546294535616,-26.87088428427736],[-48.72954472133991,-26.87082417270715],[-48.72955609514222,-26.870787475810392],[-48.729710818678626,-26.870483671165424],[-48.72991487536615,-26.869985700015178],[-48.73001600189907,-26.86971847744084],[-48.730046795596934,-26.869609296033644],[-48.73004544627233,-26.869594229538777],[-48.7300246606043,-26.869565261604205],[-48.73003214931692,-26.869513378899526],[-48.73009081259184,-26.86946491115159],[-48.73021679785523,-26.868741131774755],[-48.7302516643673,-26.868487766493892],[-48.73026283345918,-26.868286121000974],[-48.73029466528165,-26.868076258486795],[-48.73029345108375,-26.86803029231307],[-48.73030636468594,-26.868016982798753],[-48.73032462643932,-26.868019601787122],[-48.730344331598694,-26.868070063222692],[-48.730362356057306,-26.868094589991554],[-48.73037483662331,-26.868075301972816],[-48.73038278465205,-26.868027864878275],[-48.73035915095398,-26.867894778379473],[-48.73032351676946,-26.867599349667834],[-48.7303330263798,-26.867218531209478],[-48.73031205512545,-26.867078555715366],[-48.730305137534124,-26.8668498934347],[-48.73028948022511,-26.86675517025286],[-48.730256331117566,-26.866666094303532],[-48.7301992128795,-26.8664612003187],[-48.73017806883886,-26.86633699152375],[-48.73017661248352,-26.866271006812237],[-48.73015701352881,-26.866232424272816],[-48.73013709693983,-26.8661418823119],[-48.7301176607797,-26.866096057477087],[-48.73011814751183,-26.866067203892932],[-48.73014275097523,-26.86600903073595],[-48.73014429846522,-26.865979916235805],[-48.73010725299339,-26.865882802672964],[-48.730062356793354,-26.865689465089208],[-48.72998824882568,-26.865520289790364],[-48.729945808493476,-26.86537600394728],[-48.729916891929776,-26.865338378997475],[-48.72992326955917,-26.865316763888366],[-48.729918834855795,-26.865302113484628],[-48.729850769913654,-26.865137969836724],[-48.729798232023676,-26.86503303841167],[-48.729786530465596,-26.865]],[[-48.729542643682045,-26.865],[-48.72958239039702,-26.86512118936299],[-48.72967126744855,-26.865356942490553],[-48.72972518116091,-26.86546266586015],[-48.729779894501725,-26.86563208377031],[-48.72984596740232,-26.86593233162714],[-48.72986903548697,-26.865999792536513],[-48.729944481085745,-26.86652592371583],[-48.72996183363743,-26.86657042097668],[-48.72999018593655,-26.866717719386532],[-48.72999984819625,-26.86673307466359],[-48.73004751479918,-26.867010996002957],[-48.73006331940473,-26.8670526427998],[-48.73006513036921,-26.8671058066141],[-48.73007377595405,-26.86712143343676],[-48.730062174666465,-26.86717000396599],[-48.73006862694738,-26.86720591612105],[-48.73006656569755,-26.867438984305533],[-48.73008194087371,-26.867666514490995],[-48.73005063396299,-26.867820416063523],[-48.73003563964787,-26.867961264893317],[-48.730029094190094,-26.867893393524046],[-48.730033300974235,-26.867830393983432],[-48.730021575949976,-26.867806466540852],[-48.730008658661596,-26.867806560426583],[-48.729970370012076,-26.868168814966943],[-48.72994407826632,-26.868271625199977],[-48.729930460036144,-26.868436162075124],[-48.72988569284109,-26.868761975127292],[-48.729812268982506,-26.869142417998155],[-48.72971731232747,-26.869479788987054],[-48.7297241578614,-26.869516565702206],[-48.7297198439215,-26.86954990884409],[-48.72967311288418,-26.86961449558702],[-48.72966909463302,-26.86966582577886],[-48.729592434711925,-26.86991478843324],[-48.72940159440692,-26.870418247218325],[-48.72915345214917,-26.871129342565276],[-48.72912845100309,-26.871172329773636],[-48.729120382350025,-26.871454397367543],[-48.729096142988425,-26.871531163018332],[-48.72905190531049,-26.87160370498616],[-48.729016112114714,-26.871713972585535],[-48.72883287421467,-26.872067618807638],[-48.728788077616166,-26.87215964377898],[-48.72878164660366,-26.872189985560937],[-48.7287161888022,-26.872273889256984],[-48.7286012489347,-26.872475224156368],[-48.72858215926424,-26.872557072073228],[-48.72837250181408,-26.873000105797217],[-48.72824515003117,-26.87342416834242],[-48.728117085002275,-26.873739417683247],[-48.72803409545273,-26.873910640150868],[-48.727869038645764,-26.874203709379234],[-48.72784745724908,-26.87422045652207],[-48.72784344446097,-26.874259480826698],[-48.727764654330876,-26.874403741266036],[-48.72767700728761,-26.874605258792354],[-48.727625561398,-26.874638240731432],[-48.72754779383354,-26.874670780272865],[-48.7275721846203,-26.874621603611278],[-48.72756836283403,-26.874614447950435],[-48.727556730710134,-26.87461671279403],[-48.72755779159626,-26.87461051376503],[-48.72763921832873,-26.874557637642607],[-48.72760105263181,-26.874551442033866],[-48.72751359001067,-26.8746069816382],[-48.727482303528284,-26.874646415478274],[-48.72739646385828,-26.87486117738557],[-48.72739348452154,-26.874958296539734],[-48.727352400369185,-26.875015231913],[-48.727288084060625,-26.875192088634467],[-48.727103947814925,-26.875631292557824],[-48.727029686527196,-26.875839411589435],[-48.727019261717494,-26.87589057083039],[-48.727061147614464,-26.87581878870039],[-48.72716105631259,-26.87561001200374],[-48.72718703892751,-26.8755767090135],[-48.72719468145564,-26.875584433336662],[-48.727206040040706,-26.875573865173106],[-48.72721619678825,-26.875581016279835],[-48.72720815006508,-26.875557932931077],[-48.727235080591626,-26.87555712535349],[-48.727290768027906,-26.87545410750194],[-48.727429458740104,-26.875150714172662],[-48.7274537102719,-26.875079581333704],[-48.72746471481761,-26.875002494877645],[-48.72747399206496,-26.874983332537767],[-48.72748793845462,-26.87497514784246],[-48.7275030468317,-26.874992233369408],[-48.72750270634472,-26.875013631364034],[-48.727426516435294,-26.875231343402607],[-48.72728006572933,-26.87554273665226],[-48.727254722695335,-26.875625609941295],[-48.727197945896094,-26.87574514497956],[-48.72695331035147,-26.876339746726202],[-48.72690519647213,-26.876462849421603],[-48.7268982372027,-26.87650632227298],[-48.72687536243888,-26.87654553031553],[-48.72677449520372,-26.876806758971632],[-48.72665832891947,-26.8770515982388],[-48.726587837955165,-26.87723596008254],[-48.72653415304083,-26.877335332301815],[-48.726488781495824,-26.87746557582075],[-48.726432974645185,-26.877571601908663],[-48.726120218323025,-26.878316815505002],[-48.72605038291099,-26.878510165118758],[-48.726014580315244,-26.878580308467814],[-48.72600608808258,-26.87863392268236],[-48.72597900848518,-26.878668932318444],[-48.725466579292224,-26.879918307350753],[-48.72543978425355,-26.8800038587197],[-48.72535875813079,-26.8801844673161],[-48.72530954596294,-26.880315041912233],[-48.72529834180075,-26.880379722454773],[-48.72529093908197,-26.88038403517269],[-48.72527512020191,-26.880446879806698],[-48.725162372690164,-26.880718873081033],[-48.72511258860695,-26.88081225647366],[-48.725059490615706,-26.88096335958886],[-48.72502910604115,-26.881016312441723],[-48.7250162365646,-26.881024797560613],[-48.72489913483341,-26.881349758368966],[-48.72475758496953,-26.88168899904877],[-48.72467615623929,-26.881851553409117],[-48.724650373962376,-26.881876199118025],[-48.72457162863103,-26.882034450427447],[-48.72438831085591,-26.882477037785982],[-48.72433360390013,-26.88263822835761],[-48.72421894802251,-26.882909491352656],[-48.72418824926462,-26.882999165941357],[-48.72406578565916,-26.88327365826403],[-48.72403836149616,-26.883377041457756],[-48.72401646201176,-26.883404971343673],[-48.724017883908935,-26.88343550972106],[-48.724008641584085,-26.883463255524482],[-48.723965859362686,-26.883520905883607],[-48.72391784865747,-26.883657399382933],[-48.72386189621586,-26.88377356080426],[-48.7238715042088,-26.883789384898904],[-48.72385279850295,-26.88380543582985],[-48.72383035304419,-26.883842974294513],[-48.723727533759536,-26.8840737775315],[-48.723660810067415,-26.88425235739122],[-48.72363921663523,-26.88428855226417],[-48.72363238437958,-26.884326093269166],[-48.723608362686456,-26.884367548184425],[-48.72358477412556,-26.884449447971022],[-48.723569538174125,-26.88446289797069],[-48.72356630395671,-26.884482910015603],[-48.723439078958215,-26.884757789612483],[-48.72342452047629,-26.88483558528534],[-48.723398594431174,-26.884859772657155],[-48.723307127852074,-26.88506817467038],[-48.72324971333996,-26.885208496956867],[-48.72325644340503,-26.885241919399878],[-48.72323145814373,-26.88525642326967],[-48.723192013508026,-26.885344670560475],[-48.72312296911501,-26.885538818717468],[-48.72305099498268,-26.88569466112553],[-48.72303169448122,-26.88578487018198],[-48.722969251603665,-26.885905695025784],[-48.72293254804785,-26.886]]]},"properties":{"objectid":101,"cota":5,"tipocurvanivel":"Mestra","sourceLayer":"curvas-0"}},{"type":"Feature","geometry":{"type":"LineString","coordinates":[[-48.73955436368444,-26.886],[-48.73957493177713,-26.88596705806825],[-48.73962917177583,-26.885978057198184],[-48.73974879639859,-26.885924801067983],[-48.739825694462354,-26.885915408071845],[-48.739833934293664,-26.885909482658263],[-48.73983590780134,-26.88589239735669],[-48.73986360564767,-26.885865199305123],[-48.73994186188677,-26.885845362194804],[-48.73997167627369,-26.885828679118447],[-48.73999965195409,-26.885835254493504],[-48.74,-26.88583497133531]]},"properties":{"objectid":106,"cota":8,"tipocurvanivel":"Normal","sourceLayer":"curvas-0"}},{"type":"Feature","geometry":{"type":"LineString","coordinates":[[-48.71958854705985,-26.886],[-48.71958767585736,-26.885993808013865],[-48.71956446554914,-26.885947162871997],[-48.71954267194474,-26.885868613776516],[-48.71957696335061,-26.885800278190985],[-48.71951235456565,-26.885652728672287],[-48.71951649015188,-26.885636582062],[-48.719542196833395,-26.885618204583135],[-48.71953991273827,-26.885586158748495],[-48.71951872097074,-26.885560231222343],[-48.719541865729845,-26.88549487601756],[-48.719536111305246,-26.88548579199971],[-48.719505034335036,-26.88547565923635],[-48.719500826738084,-26.88546652709724],[-48.719498065514635,-26.885418299872473],[-48.719510620658774,-26.885376250870213],[-48.71949137245941,-26.885306217766978],[-48.71949474168461,-26.885267343245413],[-48.719484767071364,-26.88523572371576],[-48.719482574550426,-26.88511964063027],[-48.7194667582176,-26.88501869090358],[-48.71947021038168,-26.88497929430031],[-48.719492997501945,-26.884943267414823],[-48.71945686636725,-26.884879219260554],[-48.71946393867343,-26.884787049963187],[-48.71950033348031,-26.88474174995357],[-48.71950040463566,-26.88469961938104],[-48.719516602556794,-26.884694019536873],[-48.71945891911442,-26.88466595685085],[-48.7194618165072,-26.884622111239526],[-48.7194321784586,-26.884588149084124],[-48.71943637192569,-26.884548371885206],[-48.719429897514416,-26.88450343007221],[-48.7194598488124,-26.884487165183973],[-48.719474207280534,-26.884457195694395],[-48.719470328790976,-26.88444340411198],[-48.71944384341754,-26.884423846316782],[-48.719441905941736,-26.88441142531138],[-48.71946852250237,-26.88438335758973],[-48.71948521066809,-26.88428017756079],[-48.71942725951803,-26.884214891756116],[-48.71946853939393,-26.884105437933748],[-48.719450228420754,-26.884050635246286],[-48.71941738907805,-26.883993072899962],[-48.71942499934811,-26.88390428021971],[-48.71938215220805,-26.883886415618043],[-48.719375481243645,-26.883875817828333],[-48.71938464317854,-26.88383759997334],[-48.71936143862925,-26.883811587590117],[-48.71935290249242,-26.88368108740803],[-48.71935584058529,-26.883669892146628],[-48.719391663266414,-26.88365657110581],[-48.71940545027087,-26.88364152159883],[-48.719422846937334,-26.883580732906054],[-48.71943611170148,-26.88348805172796],[-48.719381902360794,-26.883247037429065],[-48.719385048284515,-26.883164053008258],[-48.71937028135074,-26.88297978898381],[-48.71935004708841,-26.88295792349146],[-48.719308504032874,-26.88294995904889],[-48.71930274166925,-26.882933559647114],[-48.719318644763426,-26.882880939271406],[-48.719348840569964,-26.88285027254127],[-48.71935624608043,-26.88280133861486],[-48.719332293063296,-26.882743900804467],[-48.71931013437891,-26.882722147721474],[-48.71882251891923,-26.882732365879356],[-48.71859058421473,-26.88275237377141],[-48.718542543281494,-26.882743694992644],[-48.718528751120644,-26.88272593852238],[-48.71851040356991,-26.882631559164423],[-48.71849287107934,-26.882353938148214],[-48.71849441359905,-26.882313775224404],[-48.71850556679419,-26.88231014886421],[-48.718501285710765,-26.882276479740884],[-48.71851217248714,-26.882264273106948],[-48.718490706202275,-26.88220836709297],[-48.7184934977486,-26.882171054424056],[-48.71848253283354,-26.882157544521124],[-48.71847527580544,-26.882058654288226],[-48.718463429399335,-26.88200836980192],[-48.71844473791298,-26.881799215972737],[-48.7184403077478,-26.881653541535695],[-48.71840992970304,-26.881340164628334],[-48.71839930153849,-26.88103136540955],[-48.718378317363594,-26.88079783006708],[-48.718363961449946,-26.880785454808183],[-48.71830353572339,-26.880796822354736],[-48.718286960672906,-26.88078695614422],[-48.71825661712076,-26.880719697377067],[-48.71822604152845,-26.880597417071037],[-48.71823112595362,-26.880531533820122],[-48.718286415428246,-26.88041900545507],[-48.718300764820206,-26.880413718790038],[-48.718332056207515,-26.88043945494794],[-48.718346809368846,-26.880427094187876],[-48.71834023369077,-26.880326253923876],[-48.718318756959,-26.880317976261868],[-48.71828169670834,-26.880336792853086],[-48.71826768834088,-26.88032605663367],[-48.7182620898798,-26.8803082240494],[-48.71826407304733,-26.880271925305394],[-48.71827407818873,-26.88024864131719],[-48.718331359532634,-26.88023693238525],[-48.71833640844223,-26.88023012194534],[-48.718276910012605,-26.87958584023124],[-48.71825097143931,-26.879406926755493],[-48.71825781852074,-26.87937738109275],[-48.71821466361478,-26.87922314219994],[-48.71820097574506,-26.87920407343193],[-48.71816385014646,-26.879214288617828],[-48.718154748269136,-26.879241706875522],[-48.71813992257446,-26.8792544292361],[-48.718145435056925,-26.879266319614587],[-48.7181836667286,-26.879271480177145],[-48.71819062623276,-26.87928392818033],[-48.718185889756626,-26.87929307198267],[-48.718131071560535,-26.87929115037694],[-48.718091200675026,-26.879316738626077],[-48.718045809446934,-26.879316451105662],[-48.71798102343421,-26.87937127050217],[-48.717934883453445,-26.87939116855274],[-48.717899463208816,-26.879479687813344],[-48.71788621273869,-26.87953657075065],[-48.71789603385026,-26.87955435154705],[-48.7179293814769,-26.87958081137765],[-48.717930823191914,-26.879590949316242],[-48.71790462955268,-26.879597659963842],[-48.71785512291348,-26.87959107537824],[-48.71784157243273,-26.879629580509288],[-48.717798806827346,-26.879655029844773],[-48.717774340783194,-26.879713292783265],[-48.717728461489536,-26.87978401455768],[-48.71773535283327,-26.879852190388778],[-48.717687529501006,-26.879894147672307],[-48.717657276622006,-26.87994074678273],[-48.71760177308796,-26.880053343625892],[-48.71752742028667,-26.880279910182185],[-48.717476243526185,-26.88034389790674],[-48.717476639504916,-26.88038378530763],[-48.71744858664812,-26.880416046617498],[-48.71744997299451,-26.88043459628794],[-48.71748466591488,-26.880485561395115],[-48.717485816166395,-26.880510601268913],[-48.717406257469214,-26.880641491749007],[-48.717417619874965,-26.880683983059498],[-48.71741509585232,-26.880702863001776],[-48.71738045217225,-26.88072220391361],[-48.717374124370565,-26.88073631069802],[-48.71740615271012,-26.88076457950317],[-48.71739783057646,-26.880792141148973],[-48.71740032105658,-26.880824253510532],[-48.71742817023749,-26.88082982407393],[-48.71744535448723,-26.88084387585599],[-48.717453519928625,-26.880904230903806],[-48.71749602522878,-26.880950301043388],[-48.71750125000578,-26.880967143042458],[-48.71753564017739,-26.880992218322586],[-48.71754932493319,-26.881013499006734],[-48.71752942488319,-26.88104494450353],[-48.7175227696274,-26.881071989819564],[-48.71746799787364,-26.881097059995227],[-48.71744219219608,-26.881123405961958],[-48.71743323361512,-26.881210925916978],[-48.71736649957113,-26.881228454088326],[-48.717349026295615,-26.881244302955814],[-48.71733904678519,-26.881267999695673],[-48.717342181435605,-26.881317081275398],[-48.717359006069145,-26.881358692541323],[-48.71738408312756,-26.88136089189262],[-48.71740460029664,-26.881340357068662],[-48.71740781127873,-26.881308729416556],[-48.71742587211693,-26.881270806224645],[-48.717421284297174,-26.881246857809693],[-48.717428728957756,-26.88123186211417],[-48.717467337801025,-26.881230504293324],[-48.71755278447833,-26.881210720936046],[-48.717568046061544,-26.88121929174942],[-48.71757337519578,-26.881260136950083],[-48.71759786820791,-26.881334815088824],[-48.71758373645691,-26.88136096348122],[-48.71754753560209,-26.881375553138387],[-48.71749067327015,-26.881382955690334],[-48.717433909749936,-26.881441423951447],[-48.717380634246204,-26.88146223975655],[-48.71736440857005,-26.881476149571785],[-48.71735690868673,-26.881500701297107],[-48.71736947542019,-26.881647760706773],[-48.7173524430716,-26.881684379324096],[-48.717396470530446,-26.881710706875186],[-48.71746940554955,-26.88170457757052],[-48.71749137956645,-26.881714410202935],[-48.71746839476517,-26.881776202093103],[-48.717415680345226,-26.881733741883675],[-48.71740391557147,-26.881731996829707],[-48.71739477422443,-26.881739976540896],[-48.71738707764416,-26.88178628131027],[-48.71739343101933,-26.881805154914748],[-48.71742065701243,-26.881814955120554],[-48.717458394284975,-26.88180579780442],[-48.71746451317866,-26.881819363928194],[-48.717435690834925,-26.881889891925624],[-48.717392293531745,-26.88192979802541],[-48.71738790828717,-26.88194408961641],[-48.717410534120674,-26.88198418376519],[-48.71744981316069,-26.882107223040567],[-48.71751781969792,-26.88215714996449],[-48.71754429579466,-26.882188594082784],[-48.71758541410984,-26.882186924844834],[-48.717604275883204,-26.882168694271268],[-48.717602515091016,-26.88212055178526],[-48.717611221451804,-26.88207082048079],[-48.71764084359195,-26.882036209277445],[-48.71763733531962,-26.882030250571958],[-48.717606824376034,-26.88202866464871],[-48.71760503157277,-26.882010708540946],[-48.71761403169031,-26.882000542609486],[-48.71763033684653,-26.88200095861517],[-48.71768316230317,-26.88203324634427],[-48.717683217210805,-26.882041982029065],[-48.71765843808069,-26.882063259316922],[-48.71767165854074,-26.88207760349242],[-48.71771404937744,-26.88205858264775],[-48.71777622038923,-26.882046239166907],[-48.71778761189127,-26.88202714784632],[-48.71776555862231,-26.88200688167252],[-48.717774271094136,-26.88199605500211],[-48.71780307405893,-26.88200856540367],[-48.71784452128784,-26.882042660017298],[-48.71789475172582,-26.88204868600271],[-48.71789717850449,-26.882018867708805],[-48.71785476608352,-26.882008865521165],[-48.71784138809557,-26.881996650399792],[-48.717838321032914,-26.881955813782447],[-48.71786245622581,-26.881936830005884],[-48.71785751430227,-26.88192393719002],[-48.71783320539015,-26.881910148452118],[-48.717793166105785,-26.881919626040137],[-48.71776595247463,-26.88190670363206],[-48.71783685371542,-26.881829006899753],[-48.71789330282731,-26.881794900408785],[-48.71792483445472,-26.881800479849655],[-48.7179490611134,-26.88181495581051],[-48.71791353577821,-26.881876156201646],[-48.71791461631955,-26.88190697332393],[-48.71788303779634,-26.881945044552268],[-48.71790324907843,-26.881985159177],[-48.71795651087151,-26.88203199681405],[-48.7179627778809,-26.88208943152638],[-48.71797667647182,-26.88209877804328],[-48.71800771628034,-26.88209873719601],[-48.718085307452654,-26.882069649621304],[-48.71809587184041,-26.882059765226305],[-48.71809500228683,-26.882042336628558],[-48.71806360481914,-26.88202371539956],[-48.71805870839595,-26.88201201275189],[-48.718088288894414,-26.881972454454093],[-48.71809157257008,-26.88195287835009],[-48.71806271291872,-26.88189420324023],[-48.7180476640678,-26.88176569960387],[-48.71800018293793,-26.881697629643096],[-48.71795887405743,-26.88166882385618],[-48.71794609362151,-26.88167119655331],[-48.71795312355225,-26.88165680508549],[-48.71794881420023,-26.881627055731098],[-48.71792060577147,-26.881615111779617],[-48.71791465168858,-26.88160080381624],[-48.71791542441094,-26.88152458467368],[-48.71790610665183,-26.881477939973347],[-48.71794577743492,-26.881364135148328],[-48.7179463721942,-26.881330829066314],[-48.71796354349234,-26.88129760040101],[-48.717962697768606,-26.881241272143217],[-48.71797765370949,-26.88120355048743],[-48.71808316048742,-26.881159271775683],[-48.71815065030395,-26.88119102645482],[-48.71822246669898,-26.881188613002532],[-48.71831188061499,-26.881223620464343],[-48.718357527767516,-26.881279085074073],[-48.71831610020195,-26.88129285771121],[-48.718295777215346,-26.881314956146845],[-48.71829480751304,-26.88140189501798],[-48.718276432052804,-26.881495815602474],[-48.71826750878879,-26.881620678626966],[-48.718252776332996,-26.881643671450732],[-48.71820510014969,-26.881678674275594],[-48.71820084919236,-26.881733873353475],[-48.718215939728076,-26.8817554717933],[-48.7182652632423,-26.88176621001554],[-48.71828488437487,-26.88175520668585],[-48.718311139787446,-26.881715840984175],[-48.7183429661153,-26.881721779754717],[-48.71836233048267,-26.881772698290337],[-48.718410281454815,-26.88182600986558],[-48.71842148705044,-26.88201484145378],[-48.718364300551386,-26.8819751475356],[-48.71834220528724,-26.881970241346696],[-48.71832229598286,-26.881975399379904],[-48.71830966645795,-26.88199069670787],[-48.71830850930388,-26.882007367897913],[-48.718322666996336,-26.882026059812762],[-48.71836708512375,-26.88205424972444],[-48.718369140585395,-26.88207236258515],[-48.71835891280221,-26.8820973025746],[-48.71832949718135,-26.88211282777977],[-48.71827817002961,-26.8820987217536],[-48.7182568266856,-26.882100519354026],[-48.71821054580586,-26.88212306745846],[-48.71820165543806,-26.88214234903067],[-48.71822133943304,-26.882174703966506],[-48.718272342167396,-26.88222905217357],[-48.71832198698739,-26.882232173495606],[-48.7183667087898,-26.882284374350917],[-48.71840283787181,-26.882287393715824],[-48.71843790789927,-26.882311820092898],[-48.71846002018137,-26.88239538306225],[-48.71846021804795,-26.882540977386686],[-48.71845153076336,-26.882565779825402],[-48.718435313048765,-26.88256706824383],[-48.71842584987364,-26.88255735392807],[-48.71841994106739,-26.882525508528357],[-48.718397199295175,-26.88251786199229],[-48.71838064308593,-26.88253184148508],[-48.71837951703058,-26.882569656644257],[-48.71824541026989,-26.882575471353498],[-48.7181322389113,-26.882506833766406],[-48.71810912523399,-26.88250968387128],[-48.71808780156392,-26.882528880063642],[-48.7180268078541,-26.882628968800244],[-48.7180467494483,-26.882697988986536],[-48.71804674753617,-26.882724028201963],[-48.71802730394811,-26.882845136670404],[-48.71799545649074,-26.88292342388268],[-48.71800370644755,-26.882972278565656],[-48.718059249724654,-26.883025851920042],[-48.71807886773561,-26.883091496229778],[-48.71806975322273,-26.883106701415766],[-48.71804831874593,-26.883117081591717],[-48.717982326675894,-26.883175761903136],[-48.717907321070676,-26.883187374637973],[-48.71785259524738,-26.883154671818357],[-48.71784468940971,-26.88312350165257],[-48.71785150252706,-26.883097419085853],[-48.71782361468954,-26.883093793634327],[-48.71781247500535,-26.883069048984922],[-48.71782529847,-26.88304315920079],[-48.71784869784797,-26.883036414285584],[-48.71785056904459,-26.882968590336603],[-48.71788410224541,-26.882929971347032],[-48.71787698406325,-26.882915996525963],[-48.717820572553386,-26.882881947081668],[-48.71778700488855,-26.882844207544295],[-48.71780553788876,-26.88279872220952],[-48.71782476994147,-26.882785306741333],[-48.71781476993205,-26.882762795116683],[-48.71779358505443,-26.882761858978004],[-48.71779526194349,-26.88275353391599],[-48.71778097413239,-26.882735357852308],[-48.717785358756586,-26.88269124934737],[-48.71777046435672,-26.882671057338392],[-48.71778814570234,-26.88262828724558],[-48.71779391782336,-26.88257728299134],[-48.71778352870446,-26.88255535527861],[-48.71776249599478,-26.88254279264694],[-48.71777874927908,-26.882615754718913],[-48.71774279941941,-26.882631156153536],[-48.717763211033784,-26.88267422504171],[-48.717751595323065,-26.8827074739512],[-48.71776783221696,-26.882742841567797],[-48.717738711057784,-26.882795683119415],[-48.7177237135902,-26.88279829701527],[-48.71774140062316,-26.88283487027571],[-48.71773745555869,-26.882856504089165],[-48.717791542566026,-26.882911821904678],[-48.71779887126406,-26.882940861090823],[-48.717795364587055,-26.882976086543966],[-48.71781939378519,-26.88301657512458],[-48.7178008389051,-26.883012016640578],[-48.71777946540903,-26.882990016111847],[-48.71774644579986,-26.88303527636787],[-48.71769079584584,-26.883022673225764],[-48.71766363108103,-26.882911561599517],[-48.7176750281612,-26.88286430587767],[-48.717656174479984,-26.88284902777932],[-48.71766514310289,-26.882832470201077],[-48.717646950933656,-26.88279789761894],[-48.717649330719524,-26.882778284363624],[-48.71761064288311,-26.882773030499546],[-48.71757083115524,-26.882786091697767],[-48.71758239028916,-26.882849651122715],[-48.717624075444036,-26.88288008029958],[-48.717622564866645,-26.882984987152877],[-48.717658799252234,-26.88305062930211],[-48.71763906706041,-26.883129638329702],[-48.71764190415223,-26.88316113269334],[-48.71765720778002,-26.883186753238746],[-48.71763263286466,-26.883189142859237],[-48.71759893871419,-26.883228701335025],[-48.71766926538825,-26.883279795574076],[-48.71765851012373,-26.883327061662982],[-48.717664020501466,-26.883351230737563],[-48.717770712801475,-26.88337526700647],[-48.7177850892248,-26.883385331495795],[-48.71776670237549,-26.883416176959084],[-48.71770194748399,-26.883445981625623],[-48.717683784561885,-26.883466735007147],[-48.7176851718946,-26.883488041667274],[-48.71770006629002,-26.883511242449817],[-48.71771279630811,-26.883511639486706],[-48.71773522692118,-26.883495665846574],[-48.717774882241905,-26.88344327610011],[-48.7177857867907,-26.883464898994422],[-48.717819059487155,-26.883478363328525],[-48.71778758050678,-26.88350294270902],[-48.7177698907773,-26.883537809013944],[-48.71783231736786,-26.88355896133732],[-48.717863382170755,-26.88355238812163],[-48.717884384601575,-26.883532913343714],[-48.717914774824365,-26.883536720907607],[-48.71793273778682,-26.883527819727],[-48.717948734231825,-26.883506098173694],[-48.71794804860163,-26.883483124298404],[-48.71798151206688,-26.883480986541834],[-48.71798236919039,-26.883452756466824],[-48.7180116476544,-26.883421689881427],[-48.71804265302874,-26.88344366461648],[-48.71804510149691,-26.883468861729913],[-48.718065923633596,-26.88351184697063],[-48.71813190522695,-26.883556221549952],[-48.71812186120237,-26.88363496303329],[-48.71815427369079,-26.88383133154931],[-48.71815326313635,-26.883884678795997],[-48.71818941921046,-26.883913776724253],[-48.71819541237436,-26.88392830009354],[-48.71818255459616,-26.883987049301762],[-48.71818934874529,-26.88406348454284],[-48.718183473110386,-26.884111629082806],[-48.718170019503475,-26.884117438262983],[-48.71809497085579,-26.88411473483567],[-48.71801045052631,-26.884098780190197],[-48.71799442889653,-26.88410337106626],[-48.71798737313083,-26.88411533361943],[-48.71799311113675,-26.884121969988],[-48.71807596635218,-26.884125029730303],[-48.718080103197615,-26.884146439473604],[-48.718148609959364,-26.88421301447782],[-48.718168647677594,-26.884266246065874],[-48.718162465111995,-26.884325957738035],[-48.71820379879211,-26.884352325489413],[-48.71820831260318,-26.884365644554457],[-48.7181977272728,-26.884384874361615],[-48.71819871909342,-26.884402278759893],[-48.718227538964555,-26.88445054257147],[-48.71823992985436,-26.88445590206437],[-48.7182541805851,-26.884410373666988],[-48.71827664228553,-26.88437412604565],[-48.7182996984057,-26.88435547674132],[-48.71833253263552,-26.88434885531093],[-48.71833634280939,-26.884333983152803],[-48.71833501475608,-26.884309018927166],[-48.71831514629539,-26.88429920056595],[-48.718299232171795,-26.884306103480395],[-48.718276241212806,-26.88434099429792],[-48.71825670077182,-26.884333483373723],[-48.71824864196685,-26.884275007180808],[-48.718216596796594,-26.884216165106874],[-48.71823476789701,-26.88416690796159],[-48.71823646600012,-26.884035415285187],[-48.71826465896432,-26.884025870752428],[-48.71832314168357,-26.88404697991191],[-48.7183380322764,-26.884010623493317],[-48.718323119286076,-26.88400056031334],[-48.7182688835816,-26.883997534444823],[-48.718246806265306,-26.88398064670716],[-48.71827660432595,-26.8839289332284],[-48.71830701908111,-26.883907483384416],[-48.71823525535409,-26.88386301275011],[-48.71822468609087,-26.883846485111526],[-48.718233905255374,-26.883706114728938],[-48.7182705413539,-26.883644402497595],[-48.71821112363101,-26.883636028912072],[-48.718198245250925,-26.883619774407126],[-48.718203061959365,-26.883593224587223],[-48.71822747825411,-26.883565174798274],[-48.71821620119185,-26.883545006979407],[-48.718220830239986,-26.883496141090042],[-48.7182602711874,-26.883398360895143],[-48.71821313742708,-26.883342116862583],[-48.71821353125645,-26.883269874108617],[-48.71824555681963,-26.88324122438874],[-48.71823642957687,-26.883197508522606],[-48.718242480160086,-26.883175813952107],[-48.718306638541605,-26.883129651531533],[-48.7183156844257,-26.883110848060557],[-48.71830796485498,-26.883095245452655],[-48.718268429028726,-26.883074586804728],[-48.71825040193846,-26.883053525708814],[-48.71824312901074,-26.88302961876366],[-48.71825009312868,-26.882987049976727],[-48.718260827974035,-26.882970739284858],[-48.71827376639507,-26.882966371097595],[-48.718328328115255,-26.882995222161927],[-48.718356534533896,-26.882979083623333],[-48.71837350028629,-26.882957897482665],[-48.71837541294316,-26.882940390197604],[-48.718355813950645,-26.882896633311915],[-48.71834838182438,-26.882844984337204],[-48.71832056506167,-26.88284388428274],[-48.7183151907679,-26.882829465674074],[-48.71835335996748,-26.882831183297256],[-48.71837795952014,-26.882852258508525],[-48.71839288777155,-26.882855193482914],[-48.71853545840732,-26.88281983384002],[-48.718746983874695,-26.882791294935824],[-48.71882239152284,-26.882842419244007],[-48.718833755406926,-26.882861774411452],[-48.71884657749843,-26.882989503826646],[-48.71882684805873,-26.883004337273118],[-48.71881259331781,-26.883029846671768],[-48.71876208822612,-26.883026997686603],[-48.71875711413557,-26.883035889487473],[-48.71876661528701,-26.883057494157864],[-48.71884375268747,-26.883061493458673],[-48.718848635476526,-26.883107549376643],[-48.71883330937762,-26.88315302619774],[-48.71881000789485,-26.883169428157174],[-48.71872626499716,-26.88315437904632],[-48.71869250376304,-26.883166184619235],[-48.718665664246146,-26.883192331800544],[-48.71861673749561,-26.883178793483438],[-48.71859456371391,-26.883193664117584],[-48.71853748194149,-26.883197919375217],[-48.718491479194476,-26.883224285790952],[-48.71845381458598,-26.88329432551838],[-48.718533118592205,-26.883331552956033],[-48.718590198941705,-26.883330778424458],[-48.71863786677775,-26.883316160778957],[-48.718658994470466,-26.88334164157076],[-48.718685671909256,-26.883415744786983],[-48.718729815189576,-26.883437206927894],[-48.71878084285921,-26.883437096220458],[-48.718785536679334,-26.883475824812958],[-48.71879982488716,-26.883456117804005],[-48.718781458400684,-26.883417325391992],[-48.71879860296725,-26.883368048863503],[-48.718849863335734,-26.883445983840957],[-48.71885090894629,-26.88348556588222],[-48.718918242068476,-26.883632920497288],[-48.718878503044095,-26.883697665560355],[-48.71889113966783,-26.883771954378247],[-48.718911764148096,-26.88379143023861],[-48.71890288423847,-26.88382471892442],[-48.71891512990895,-26.8838874085711],[-48.718870054669495,-26.883976660965324],[-48.718903382824166,-26.884011978744006],[-48.718928938370425,-26.884073107348186],[-48.71891901007972,-26.884181081988405],[-48.718897639247366,-26.884207174943768],[-48.718895483138084,-26.884220671432217],[-48.71891139018959,-26.88426256643514],[-48.71894314769364,-26.884288702595647],[-48.718953625990466,-26.884307661718452],[-48.71896850100134,-26.88438831104255],[-48.71893346851055,-26.884444446956874],[-48.71897718854239,-26.884471519944746],[-48.71897699819464,-26.88455389508224],[-48.718984413560165,-26.88458274700835],[-48.71899481403892,-26.88458829629146],[-48.71900492121151,-26.88456956767758],[-48.71900834933278,-26.884521805003857],[-48.71899994461273,-26.88446635096441],[-48.718998370461634,-26.88434315394303],[-48.71898397464621,-26.884270763448022],[-48.71898797503699,-26.884223219384047],[-48.71897604510062,-26.884133585019622],[-48.71897635514105,-26.883979865126292],[-48.71896617995063,-26.883941408084226],[-48.71899473626044,-26.88391532377667],[-48.718997682446954,-26.883881882394423],[-48.718991919910756,-26.883860381436733],[-48.71895893535158,-26.88381261814494],[-48.718947252972846,-26.883730151412415],[-48.71895398609884,-26.88367271823128],[-48.71893768554444,-26.883619552513828],[-48.71894192818131,-26.883601683066505],[-48.71896812275882,-26.883574277332407],[-48.718978197774234,-26.8835444182954],[-48.71895353045687,-26.883509518375334],[-48.71894529415613,-26.883451144019677],[-48.71897129795235,-26.883366094901962],[-48.71897399035834,-26.88330159615955],[-48.71892789182653,-26.8832505139305],[-48.71891260062894,-26.883222405659136],[-48.718939689819976,-26.883151809643525],[-48.71890619629249,-26.88305950138047],[-48.71890488753213,-26.882993537413753],[-48.71888648734765,-26.882945902278546],[-48.71888435520342,-26.882899286146934],[-48.71897747669301,-26.882815118900595],[-48.71910858878846,-26.882821025782825],[-48.71923913864706,-26.882857985753162],[-48.7192406977854,-26.88295138099497],[-48.719231100376916,-26.883010482600895],[-48.719252224781364,-26.88305346985986],[-48.719262155319704,-26.883106065210722],[-48.7192746510219,-26.88324831695725],[-48.719264713796115,-26.883305696617754],[-48.719286886618235,-26.883346394144887],[-48.71931193840507,-26.88366973819432],[-48.71930589515914,-26.883701398678063],[-48.71926483966928,-26.883748669240592],[-48.71930371218619,-26.883806535706974],[-48.71932245748526,-26.883858899787576],[-48.719311259023556,-26.883955774601656],[-48.71933018123962,-26.88404292732791],[-48.71932784262743,-26.884090318658096],[-48.719344722419955,-26.884115556587567],[-48.71934416096209,-26.88421411928864],[-48.71936303506109,-26.884318603664198],[-48.719347430841786,-26.88440974897468],[-48.719375018371395,-26.88450080754796],[-48.719353371399414,-26.884553530082666],[-48.71936359185172,-26.88461174063066],[-48.71938882611234,-26.88464318334144],[-48.7193940067494,-26.884705890623895],[-48.719373397079934,-26.88472164485556],[-48.71939311885351,-26.88479149249526],[-48.71939104409798,-26.88495077186532],[-48.71941924345386,-26.885064290527627],[-48.71942296079376,-26.885123339114163],[-48.71941648927314,-26.88518829664406],[-48.719439949102664,-26.885307647097097],[-48.71943952967934,-26.88555803913658],[-48.71947222141042,-26.885726852068537],[-48.71948083378604,-26.885898060205438],[-48.71947449110144,-26.886]]},"properties":{"objectid":357,"cota":3,"tipocurvanivel":"Normal","sourceLayer":"curvas-0"}},{"type":"Feature","geometry":{"type":"LineString","coordinates":[[-48.71854078919674,-26.882244783136702],[-48.71852278229386,-26.882204234927578],[-48.71853888952115,-26.88220623955179],[-48.71854304960546,-26.882200344273954],[-48.71854066332227,-26.882129113357834],[-48.718550630540754,-26.88209910730997],[-48.71851619583532,-26.882021465705996],[-48.71851947607834,-26.881987428695975],[-48.71850738534568,-26.881962180508562],[-48.71849531788733,-26.881866039939265],[-48.71847799277162,-26.881835190525994],[-48.718490045730164,-26.881802553242828],[-48.71847520163209,-26.8817776017016],[-48.71850449364872,-26.881760959939633],[-48.71851205437262,-26.88174278673081],[-48.718495173489124,-26.881719581919],[-48.718500305780466,-26.881656022338362],[-48.718486909546336,-26.881628582672356],[-48.71847177126744,-26.88152434535952],[-48.71845615484057,-26.881509436424615],[-48.718474413890036,-26.8814745060987],[-48.71848265836979,-26.881431713402904],[-48.71845436496764,-26.881403759647498],[-48.718453715504765,-26.881363449406965],[-48.71844333423265,-26.88132830460201],[-48.718456992424684,-26.881289099055696],[-48.71842386516625,-26.88110410701334],[-48.71844854280142,-26.8810310544485],[-48.71841825045166,-26.88096619885617],[-48.71843357357789,-26.880935939104962],[-48.71843068344894,-26.88090416863761],[-48.71841453901991,-26.880888946144314],[-48.7184300102148,-26.88087761584223],[-48.71843119251092,-26.88086650413802],[-48.718428006495,-26.88084089622551],[-48.71840764725912,-26.880820419273423],[-48.71843281767763,-26.880793319235643],[-48.71840538068049,-26.880719386009872],[-48.718420912039434,-26.880696943925365],[-48.718403855409804,-26.880592622369218],[-48.71841176820684,-26.88058422205078],[-48.71838796352706,-26.88055380943123],[-48.718409010860704,-26.880474754692447],[-48.71838461305121,-26.880448419682242],[-48.718396610140125,-26.88039395847696],[-48.71838294587413,-26.880361383151573],[-48.718389470154,-26.880335083795345],[-48.71838467157117,-26.88030082783636],[-48.71839735309433,-26.880275116167677],[-48.71836997666517,-26.880225025710562],[-48.718353197719026,-26.880022122418907],[-48.718353089288044,-26.879885095546282],[-48.71834244308242,-26.879861692729676],[-48.71834023573863,-26.87979127599063],[-48.71830410314935,-26.87951855343922],[-48.71830797507631,-26.8794614214862],[-48.71829265147766,-26.879431849773084],[-48.71828441271289,-26.87933304382685],[-48.71829196357168,-26.87926721123226],[-48.718268712362764,-26.879211114823974],[-48.71828330524992,-26.879197356286525],[-48.71836047755896,-26.879182853383764],[-48.71841038178126,-26.879159869151408],[-48.7185963919984,-26.87911199723931],[-48.71864117944603,-26.879108221025657],[-48.71860127545376,-26.879132910956557],[-48.71860350656777,-26.879152450721037],[-48.718590841319454,-26.87916062719633],[-48.71860773320407,-26.879167135053176],[-48.718648410111925,-26.879165341906923],[-48.7186588441789,-26.879208927255394],[-48.71867775680518,-26.87920531609341],[-48.718722181718846,-26.879231016107706],[-48.718721296279874,-26.879252403385657],[-48.71874866325401,-26.879268589516062],[-48.71877494687307,-26.879330098086907],[-48.71875401389564,-26.879388553653637],[-48.718714303878706,-26.87942718146028],[-48.71871721590001,-26.87949985397917],[-48.718724234025586,-26.87950873552496],[-48.718776061986766,-26.87951644204112],[-48.71893640048636,-26.87948965863789],[-48.7190412614817,-26.879489515587245],[-48.719086924617066,-26.879479875728567],[-48.71910575577895,-26.879470350348388],[-48.71910972935732,-26.87945118422659],[-48.719133028573474,-26.87942623323495],[-48.71915283638945,-26.879426355459103],[-48.71915652941665,-26.87939389714338],[-48.71917300703963,-26.879373729067638],[-48.71920489137426,-26.879355750942103],[-48.719228801276586,-26.879354862772416],[-48.719231731208495,-26.879347525341757],[-48.71924239156007,-26.879359606199568],[-48.71927599538711,-26.879599201291416],[-48.71927732067274,-26.87973407206432],[-48.71929380920601,-26.879895038338304],[-48.719290482757486,-26.87999378927218],[-48.719307154721584,-26.880092297290854],[-48.71929957390954,-26.880189315409933],[-48.71931384545083,-26.88025776559829],[-48.719299559429906,-26.880283805210862],[-48.719319636811285,-26.880336865828106],[-48.71935478134952,-26.880667340740544],[-48.71935524741777,-26.88074266125428],[-48.719342192898544,-26.88076390167441],[-48.719359764816,-26.88081348801236],[-48.71936304785834,-26.88085557439607],[-48.719355869683355,-26.880884777254387],[-48.71937596138354,-26.880961988537397],[-48.7193884098329,-26.881061443602402],[-48.71938127945079,-26.881082903317175],[-48.719391891290776,-26.881185865423035],[-48.71938236940156,-26.881218167349523],[-48.719402568393846,-26.881253803630802],[-48.71939648226495,-26.88131717911215],[-48.71941152964351,-26.881365042516222],[-48.719403278232726,-26.881395067322224],[-48.71940044087698,-26.881501233442687],[-48.719424930520894,-26.881597241551844],[-48.719422753661654,-26.88166615531312],[-48.71943906244829,-26.88180626666641],[-48.719430910506816,-26.881854740940234],[-48.719442322887375,-26.881889473672988],[-48.71945063995572,-26.88199285084362],[-48.71943609898332,-26.882020399746125],[-48.71944720911165,-26.882098501101815],[-48.71946706103326,-26.88216445947522],[-48.71944550436102,-26.882227999370755],[-48.719447375550516,-26.882245975685642],[-48.719468484304805,-26.88227240001436],[-48.719449536033146,-26.882318405930665],[-48.71948422350005,-26.882374976528432],[-48.71947150839482,-26.882431727479087],[-48.71945400432934,-26.88247026277755],[-48.71949247314454,-26.882530176639833],[-48.71947923853202,-26.882566790077057],[-48.71949932645595,-26.882616489225022],[-48.71947521164465,-26.882640527329617],[-48.71939109570237,-26.882650883759958],[-48.71936642664416,-26.882670747190446],[-48.719314828589326,-26.882683992180866],[-48.7191203965693,-26.88269175748804],[-48.71903348060766,-26.88268573776902],[-48.719008390559125,-26.88269569266647],[-48.718945683895335,-26.88268884557767],[-48.718868418760934,-26.88266531438841],[-48.71882885548939,-26.882681395947195],[-48.71878204008608,-26.88268605718757],[-48.718721510761334,-26.882670318146335],[-48.71868176361967,-26.882685732490597],[-48.7185949399785,-26.882686491382778],[-48.718583014676526,-26.882667131641785],[-48.718589548445486,-26.882638262267196],[-48.71861570036448,-26.882618833545795],[-48.71858772704761,-26.882573327838166],[-48.71860304970422,-26.882574813510278],[-48.71862330081939,-26.88259122046134],[-48.71863510025814,-26.88258553431381],[-48.71859701216353,-26.882559092793187],[-48.71857478512299,-26.882516905256512],[-48.71855911769507,-26.88250312536956],[-48.718551860936586,-26.88247580654031],[-48.71853616815973,-26.88246053359166],[-48.71854744570369,-26.882448413586182],[-48.71855695515259,-26.882404275019656],[-48.71855485793521,-26.88239359946783],[-48.718547502224084,-26.88240376946331],[-48.718544616884394,-26.88239214804848],[-48.7185531807835,-26.88229864109659],[-48.71854078919674,-26.882244783136702]]},"properties":{"objectid":401,"cota":5,"tipocurvanivel":"Mestra","sourceLayer":"curvas-0"}},{"type":"Feature","geometry":{"type":"LineString","coordinates":[[-48.720549433720386,-26.884987269008196],[-48.72056691658183,-26.88497917465693],[-48.72082570882865,-26.884958114435364],[-48.72084102755527,-26.88497029383991],[-48.72087427773277,-26.885081246908086],[-48.72085696020977,-26.88510772956345],[-48.720798203102184,-26.885137091866767],[-48.72073634415951,-26.885126042947068],[-48.72068793943898,-26.885101483993203],[-48.720662783466935,-26.885042251837667],[-48.72066950280434,-26.88501239355982],[-48.720629543811384,-26.8850124101242],[-48.72061783686835,-26.885043562329525],[-48.72058126068492,-26.885059058138406],[-48.72056040297737,-26.885038992144718],[-48.72054561935032,-26.885004268242337],[-48.720549433720386,-26.884987269008196]]},"properties":{"objectid":469,"cota":6,"tipocurvanivel":"Normal","sourceLayer":"curvas-0"}},{"type":"Feature","geometry":{"type":"LineString","coordinates":[[-48.72052103774893,-26.884967816833782],[-48.72060080211915,-26.88495051652029],[-48.720782124546126,-26.88494054155907],[-48.720860073846026,-26.884947132121816],[-48.720874823267316,-26.884963708092272],[-48.72090280853265,-26.885087066085894],[-48.72086555742345,-26.885134134092283],[-48.72083034683428,-26.885153947662392],[-48.72079756332652,-26.885161846551696],[-48.72066162210444,-26.885140721878937],[-48.72063543528827,-26.885113241095222],[-48.72059442887119,-26.885095695327205],[-48.720580397990304,-26.885096620389746],[-48.72056482651183,-26.88511573381245],[-48.7205535650008,-26.88511712411233],[-48.72051512658095,-26.88505708283357],[-48.72051388167136,-26.884984886667322],[-48.72052103774893,-26.884967816833782]]},"properties":{"objectid":549,"cota":4,"tipocurvanivel":"Normal","sourceLayer":"curvas-0"}},{"type":"Feature","geometry":{"type":"LineString","coordinates":[[-48.72151547064741,-26.88434141670935],[-48.721529514871776,-26.88432206554964],[-48.721522484370354,-26.88429225792493],[-48.72150309982488,-26.884264927652335],[-48.72148552072038,-26.88384867165379],[-48.721499290715684,-26.88383716647795],[-48.72162963625387,-26.883831943236743],[-48.721659722313554,-26.88390018360917],[-48.72168418626422,-26.883926405470433],[-48.721704857970536,-26.884028028990194],[-48.721723112782385,-26.88405965111099],[-48.72172311001259,-26.884116875397325],[-48.72169914767524,-26.88413843551097],[-48.7216976728615,-26.884178135746286],[-48.721680630337865,-26.88418069540873],[-48.72171272734604,-26.884216729103883],[-48.72171489687139,-26.884234802265375],[-48.72165944829265,-26.884273555078828],[-48.721645799895825,-26.884263046069712],[-48.72164107503043,-26.88426850276436],[-48.72166242637844,-26.884309966425903],[-48.721704747465026,-26.88432147313854],[-48.721713547456496,-26.884355234957575],[-48.721645644782576,-26.884383891492455],[-48.72152977540825,-26.88439736021466],[-48.72150901024838,-26.884391036547072],[-48.721495326645204,-26.88437536043207],[-48.72151547064741,-26.88434141670935]]},"properties":{"objectid":550,"cota":4,"tipocurvanivel":"Normal","sourceLayer":"curvas-0"}},{"type":"Feature","geometry":{"type":"LineString","coordinates":[[-48.72183786638547,-26.883841217889447],[-48.721826187746544,-26.88376989751418],[-48.72185276123957,-26.883665880247253],[-48.721809816771284,-26.88358658053522],[-48.72180820731213,-26.883487312177248],[-48.72181702163503,-26.883445359592887],[-48.72178815807311,-26.883320194393573],[-48.72178276853265,-26.883115328070524],[-48.72177549620834,-26.883094112387624],[-48.721783087907525,-26.883041515539308],[-48.7217736459692,-26.882960442365775],[-48.72179322917584,-26.882933314763466],[-48.72179907938117,-26.882906875303625],[-48.72178607209651,-26.882854431691634],[-48.721813954162364,-26.882812396821798],[-48.721808830574346,-26.882752748878126],[-48.72177144930882,-26.882713656404622],[-48.72175969002565,-26.882670892744624],[-48.72176309851638,-26.88265991437568],[-48.72178134508077,-26.882658778326096],[-48.72177980532749,-26.882697205069764],[-48.72180873023951,-26.882726495897227],[-48.72183187787923,-26.88271106558084],[-48.72181586350037,-26.882696799434164],[-48.72181938701619,-26.882691123909293],[-48.72191327448121,-26.88267487000131],[-48.72191447826177,-26.88266487944438],[-48.721895412019904,-26.882646773790906],[-48.72185202808652,-26.882637358140336],[-48.721832302734605,-26.882622359811453],[-48.72184009274516,-26.88261295198759],[-48.72186621610854,-26.882609620076344],[-48.721931625087784,-26.882677678413927],[-48.72194801499315,-26.882721388519652],[-48.721954191628484,-26.88278132327965],[-48.72191942492585,-26.882789440458268],[-48.721928966237726,-26.88283129837054],[-48.72188197658434,-26.88279894204842],[-48.72184257758057,-26.88279561362001],[-48.72188076464888,-26.882846915683807],[-48.721876495817284,-26.882856483185805],[-48.72185024632544,-26.882856668024125],[-48.72183708113314,-26.882870791981016],[-48.72186067669325,-26.882918571959],[-48.72185513415284,-26.88292480872877],[-48.721864808169606,-26.882960702689083],[-48.721851695203675,-26.88300899604327],[-48.721855914431515,-26.883018156283025],[-48.721867580826505,-26.88301704042673],[-48.72186629742719,-26.883000145718693],[-48.72188026632764,-26.882998534556098],[-48.7218746671968,-26.882977942385867],[-48.721885069784705,-26.88296928963786],[-48.721897802890645,-26.88303495241725],[-48.721911441109754,-26.883042651907257],[-48.72191840190863,-26.883037055287662],[-48.721956240879656,-26.883074008182597],[-48.72197619786135,-26.88307319931282],[-48.721982136454336,-26.88306573166784],[-48.72199057354529,-26.883084472660112],[-48.7220312664676,-26.8835122251251],[-48.72202557359428,-26.883569503841073],[-48.72204934510005,-26.88363696996455],[-48.72204461325644,-26.88367338149316],[-48.72205994244911,-26.88374629761002],[-48.722052524447946,-26.883766055321704],[-48.72206213471284,-26.883785215018914],[-48.72204161911465,-26.883799316092095],[-48.72200796083749,-26.88378532398967],[-48.72196306363215,-26.883811438660413],[-48.721939898306005,-26.88380992971974],[-48.721888895387615,-26.883844865692165],[-48.72188388083262,-26.88385708880396],[-48.721858508692264,-26.88385622018713],[-48.72187396115698,-26.88390607981429],[-48.721873526073715,-26.883940761157785],[-48.72188147099278,-26.883948970751774],[-48.7219269916919,-26.883952382591083],[-48.7219737158358,-26.88393729285141],[-48.72204860742004,-26.883932328075524],[-48.72207719368339,-26.8839412920353],[-48.7221036724315,-26.883962001674295],[-48.722082409081715,-26.88400996685091],[-48.72208396254033,-26.88405905629611],[-48.72206700097187,-26.884079706917724],[-48.72206198782121,-26.88413029139269],[-48.722086000860784,-26.88416485087013],[-48.72209608860564,-26.884238727478884],[-48.722091321493046,-26.884276093228973],[-48.72207594303956,-26.884295736981688],[-48.721892227281785,-26.88430541785752],[-48.72187233504552,-26.88429646685396],[-48.72185945161582,-26.884237440973518],[-48.721882209450385,-26.884230420623503],[-48.721935126095424,-26.884186486523216],[-48.72190022504993,-26.884149455560475],[-48.72189354278889,-26.88410940805557],[-48.72190217411857,-26.884107833532106],[-48.72189067422023,-26.88408805223919],[-48.721857706402226,-26.88405935498881],[-48.72185739637858,-26.88400758547389],[-48.721842491975536,-26.8839472121226],[-48.721845693969286,-26.883862449746452],[-48.72183786638547,-26.883841217889447]]},"properties":{"objectid":552,"cota":4,"tipocurvanivel":"Normal","sourceLayer":"curvas-0"}},{"type":"Feature","geometry":{"type":"LineString","coordinates":[[-48.721996022011545,-26.88277702909397],[-48.72205127978053,-26.88275968635514],[-48.7220655515418,-26.88269325256862],[-48.72209352979251,-26.88267120123346],[-48.72210223864926,-26.882507956744607],[-48.72248440842566,-26.88255150043366],[-48.722515989585204,-26.882558297973798],[-48.722522439376384,-26.882567892145424],[-48.72252437463152,-26.8825951439545],[-48.722477469137665,-26.882705572126007],[-48.72249879520912,-26.882760544036483],[-48.72250617864474,-26.882815669236113],[-48.722498766500955,-26.882860133449498],[-48.72248650607868,-26.882872202743012],[-48.72242280669518,-26.88288583040363],[-48.72233456193506,-26.882871426467517],[-48.72223637971956,-26.882878916281328],[-48.722161867836846,-26.882873364748384],[-48.722097797589534,-26.882846776721102],[-48.722034922255745,-26.88284571207499],[-48.72201618324243,-26.88281334759107],[-48.72198804510369,-26.882788429228462],[-48.721996022011545,-26.88277702909397]]},"properties":{"objectid":553,"cota":4,"tipocurvanivel":"Normal","sourceLayer":"curvas-0"}},{"type":"Feature","geometry":{"type":"LineString","coordinates":[[-48.72134573067572,-26.88235863337965],[-48.721349848014086,-26.882391326973394],[-48.7213427485343,-26.882418682999734],[-48.72135486002271,-26.882477640511723],[-48.721358176125506,-26.882595359911928],[-48.72132171839897,-26.882628922204788],[-48.721226363133624,-26.882671129045743],[-48.72119829346565,-26.88263839552369],[-48.72116007604224,-26.882623231395097],[-48.721149209467164,-26.882609416437287],[-48.721172481568644,-26.88258693379187],[-48.72116869455537,-26.882522232931315],[-48.72118137922481,-26.882497451477313],[-48.721180629097816,-26.8824782605151],[-48.72115560962186,-26.882396939582854],[-48.721149511132595,-26.882332529916738],[-48.721126502912995,-26.882265179766463],[-48.72111849175204,-26.882215141430855],[-48.721132337555986,-26.882176176864974],[-48.72113189366596,-26.882122315119325],[-48.72111022696856,-26.88207267101564],[-48.72111425425543,-26.882021377589243],[-48.721087764925706,-26.881984224084047],[-48.7210927807741,-26.88186089593289],[-48.72107096046805,-26.88172005771292],[-48.72107855601147,-26.881700279450857],[-48.72121949741075,-26.881688531264878],[-48.72127157654645,-26.881656042248284],[-48.7212895360024,-26.881660781082672],[-48.72130987418929,-26.88168820978106],[-48.72131915427946,-26.88155643127793],[-48.7212820277405,-26.881460731230174],[-48.72128341343837,-26.881417850223237],[-48.721329431222955,-26.881437665935433],[-48.721335969574255,-26.881453321533943],[-48.72135726799854,-26.881439259344397],[-48.72139997821714,-26.88143191839776],[-48.72148222460759,-26.881430825788907],[-48.721516700745866,-26.881494609409327],[-48.72150574258947,-26.881704173698623],[-48.721471165189335,-26.88171245176428],[-48.72134108200549,-26.881704118996904],[-48.72131590148346,-26.881726026715434],[-48.72133304386545,-26.882049520164923],[-48.72132998613533,-26.88225498479799],[-48.72134823325454,-26.882308891924094],[-48.72134573067572,-26.88235863337965]]},"properties":{"objectid":554,"cota":4,"tipocurvanivel":"Normal","sourceLayer":"curvas-0"}},{"type":"Feature","geometry":{"type":"LineString","coordinates":[[-48.72217009780274,-26.882228266516655],[-48.72211940561845,-26.882255076552948],[-48.72206562719989,-26.88226074383028],[-48.72204974269742,-26.88223242775755],[-48.722045962345334,-26.88215713404478],[-48.7220675509947,-26.882126548060942],[-48.72210083320543,-26.88209870460473],[-48.72228725546234,-26.88207412597085],[-48.72228119949013,-26.882065371102673],[-48.72222526176665,-26.882061739972805],[-48.722222527436664,-26.882012965377996],[-48.72220171196338,-26.88199727719635],[-48.72217189746861,-26.88199237254769],[-48.72214854901032,-26.881943864717698],[-48.72216993224064,-26.88190751055044],[-48.722198257932114,-26.881883328686598],[-48.72222861603988,-26.88187417380157],[-48.7222413554635,-26.881842582328424],[-48.72222655783301,-26.88183564389361],[-48.722220929609946,-26.881790057007972],[-48.72225077116197,-26.88174006874955],[-48.72224563388268,-26.88173147218591],[-48.722293175639166,-26.881709086533924],[-48.722324899350944,-26.88170946637486],[-48.72236320574311,-26.881734088391706],[-48.722369584840656,-26.881794024608386],[-48.72239164703462,-26.881853079354013],[-48.72238131117988,-26.881877480977792],[-48.72244441680314,-26.881869143822804],[-48.72247095215872,-26.881848420097626],[-48.722509210553945,-26.881870220244895],[-48.72252423426714,-26.881833416024747],[-48.72253486819362,-26.881832791537715],[-48.722554714913066,-26.88190512077464],[-48.72254179380152,-26.881978095714402],[-48.72255851229162,-26.881993734930475],[-48.72260145743251,-26.88200986743642],[-48.722664609979745,-26.88209033474935],[-48.72268612652053,-26.88213038769151],[-48.72270555607169,-26.882197530120926],[-48.72267800124475,-26.882157875263488],[-48.72267467976051,-26.882233026490905],[-48.722654097662854,-26.882232344466434],[-48.72265110005671,-26.88210163488199],[-48.722561310583224,-26.882082938519286],[-48.72254686063431,-26.882054544555178],[-48.722510367181776,-26.8820390773925],[-48.72246580765533,-26.88205762886261],[-48.72248521919883,-26.88207201559634],[-48.72249562967824,-26.882092922677653],[-48.72249673072264,-26.88213708197581],[-48.72248692642887,-26.882172965928895],[-48.72247087816024,-26.882170275036547],[-48.72236961321934,-26.882107750111594],[-48.722303557212726,-26.88210527431912],[-48.72226306621028,-26.88212765184417],[-48.72217009780274,-26.882228266516655]]},"properties":{"objectid":555,"cota":4,"tipocurvanivel":"Normal","sourceLayer":"curvas-0"}},{"type":"Feature","geometry":{"type":"MultiLineString","coordinates":[[[-48.71708775739694,-26.88125125248375],[-48.71710981931323,-26.88130917625148],[-48.71706854121376,-26.88139110562207],[-48.717066947279584,-26.88150985286749],[-48.71706168253161,-26.88154862177254],[-48.71704393511392,-26.881581157847176],[-48.717043020891936,-26.881630543081464],[-48.717028441139455,-26.881650933768476],[-48.717,-26.881666405507623]],[[-48.717,-26.88175815208075],[-48.71700181017327,-26.88176222908546],[-48.717,-26.88179036253591]],[[-48.717,-26.880109461367496],[-48.717002169967806,-26.880113107365375],[-48.71702674554917,-26.88021258800298],[-48.717,-26.880212972236663]],[[-48.717,-26.880569847701253],[-48.71700903013785,-26.8805668708757],[-48.71704128280533,-26.880527647473432],[-48.71705570871178,-26.880522112197156],[-48.717131944052205,-26.880566593334255],[-48.71714242655278,-26.88058701550639],[-48.717145968123305,-26.88066311304148],[-48.71713450238592,-26.880685099071368],[-48.71710472920498,-26.88069984936771],[-48.71705459895072,-26.88071004986623],[-48.717,-26.88070644798203]],[[-48.717,-26.880759388201295],[-48.71702304866387,-26.880763592938358],[-48.71706010537313,-26.8807953363011],[-48.71707877875505,-26.88083112961224],[-48.717092664795516,-26.88088519863204],[-48.71710431220229,-26.880902991852885],[-48.7171058508884,-26.880930982691794],[-48.71711959491498,-26.880955418428332],[-48.71712052326016,-26.88098318281448],[-48.717091059339886,-26.88103541407001],[-48.717113570442656,-26.881100278606883],[-48.71708619513423,-26.88115419148834],[-48.71708775739694,-26.88125125248375]]]},"properties":{"objectid":557,"cota":4,"tipocurvanivel":"Normal","sourceLayer":"curvas-0"}},{"type":"Feature","geometry":{"type":"LineString","coordinates":[[-48.72067680042701,-26.880415332185027],[-48.72072589580665,-26.88040357409728],[-48.72082100216431,-26.880402667706274],[-48.72096247007673,-26.880375433135214],[-48.72105720562785,-26.880367125926906],[-48.721143168597884,-26.88029958379768],[-48.721187047559965,-26.880311264638248],[-48.72122423918261,-26.8803546462232],[-48.721211129632664,-26.880374535883078],[-48.7212203419608,-26.880452784327662],[-48.721212197235346,-26.880478322204194],[-48.721167645757134,-26.880532909139262],[-48.721097418920515,-26.880553875250957],[-48.72105640957632,-26.880526971230438],[-48.72101462451218,-26.880529749791304],[-48.720984993185816,-26.880503300976745],[-48.72092459959367,-26.880535301990538],[-48.720877254831585,-26.880533540819393],[-48.72084736954684,-26.88051984942046],[-48.72080334076572,-26.8804722530699],[-48.72071959967834,-26.88049550791891],[-48.720721597223225,-26.880446719433284],[-48.72066948631381,-26.880439241873063],[-48.720662604698454,-26.880425102239332],[-48.72067680042701,-26.880415332185027]]},"properties":{"objectid":558,"cota":4,"tipocurvanivel":"Normal","sourceLayer":"curvas-0"}},{"type":"Feature","geometry":{"type":"LineString","coordinates":[[-48.72193043399377,-26.880309653000023],[-48.72194391252365,-26.880293286968552],[-48.72194674616599,-26.880253663671425],[-48.72200405471633,-26.88023029762205],[-48.722103326768604,-26.880233283932625],[-48.7221384744287,-26.88024361528493],[-48.722198886009856,-26.880296854049746],[-48.72220422535199,-26.880368234625934],[-48.72218914771805,-26.880409941867427],[-48.72220169429109,-26.88044315583397],[-48.72216727703897,-26.88046429478496],[-48.722110786281036,-26.88047212035657],[-48.72205431969085,-26.880507542317773],[-48.72199188049263,-26.880496137253896],[-48.72196682068503,-26.88047627173937],[-48.7219412833496,-26.880431695752126],[-48.72193043399377,-26.880309653000023]]},"properties":{"objectid":559,"cota":4,"tipocurvanivel":"Normal","sourceLayer":"curvas-0"}},{"type":"Feature","geometry":{"type":"LineString","coordinates":[[-48.72157568029373,-26.88008035332788],[-48.72156183765792,-26.88001649105918],[-48.72155631223706,-26.879965092229213],[-48.72156129990837,-26.87995555527702],[-48.721675367922934,-26.879941354243662],[-48.72175634685923,-26.87994103242801],[-48.72178344974781,-26.879950196284355],[-48.72179257201755,-26.880045245977996],[-48.72177801759946,-26.880102406142],[-48.72177437773646,-26.880239365523387],[-48.72178461662804,-26.880353853951213],[-48.72177725889816,-26.880365249632096],[-48.721686204483056,-26.880423385019014],[-48.72161993753125,-26.880420237736672],[-48.72159699512559,-26.880392952079102],[-48.72159088166016,-26.880320297385357],[-48.72161026567648,-26.880287875503107],[-48.72158387959146,-26.88026389592032],[-48.72157799074493,-26.880247820341413],[-48.721570888360375,-26.880165165889697],[-48.72157568029373,-26.88008035332788]]},"properties":{"objectid":560,"cota":4,"tipocurvanivel":"Normal","sourceLayer":"curvas-0"}},{"type":"Feature","geometry":{"type":"LineString","coordinates":[[-48.717,-26.878686283857757],[-48.71703420226756,-26.878662793144823],[-48.71706428186592,-26.87865995830262],[-48.71712269297286,-26.878669813143137],[-48.71720311004082,-26.878666350616424],[-48.717209765037545,-26.878673162461983],[-48.7171990351928,-26.878704762457808],[-48.71720551110472,-26.878712423320742],[-48.717232758771814,-26.878703031508163],[-48.71724810466433,-26.87868049991298],[-48.717300144221944,-26.878647657038716],[-48.717320371006316,-26.87864500132852],[-48.71734088563098,-26.87865476344727],[-48.717371796459304,-26.878719132879276],[-48.71737792426626,-26.87874887373351],[-48.71737437907939,-26.878802495888042],[-48.717341533091194,-26.878909332992116],[-48.71734660979261,-26.87895296810486],[-48.717317037801344,-26.87892763676392],[-48.71713280272604,-26.879003245348137],[-48.717,-26.879014179591806]]},"properties":{"objectid":561,"cota":4,"tipocurvanivel":"Normal","sourceLayer":"curvas-0"}},{"type":"Feature","geometry":{"type":"LineString","coordinates":[[-48.71950382305788,-26.88231999182937],[-48.71951401017272,-26.882408277755246],[-48.71951095114098,-26.882492255386268],[-48.71952668249996,-26.882617176406104],[-48.719521240866996,-26.882664641284354],[-48.71950596977957,-26.88267411768863],[-48.71941100022733,-26.88269477991824],[-48.71924408513495,-26.882706997501703],[-48.718753925005124,-26.882711432953148],[-48.718593247080946,-26.88272968230064],[-48.718562588041465,-26.882716020322924],[-48.71853319665491,-26.882654937996353],[-48.7185163316559,-26.882355159113228],[-48.7185236788676,-26.88226921578539],[-48.71850453026996,-26.88220424331076],[-48.71851115852983,-26.882173374735657],[-48.71849911235398,-26.882142801917617],[-48.718487323880254,-26.882048403971897],[-48.71847464988201,-26.882007604389383],[-48.71848243725697,-26.881937722732502],[-48.71845555608616,-26.88181436776832],[-48.718461860821726,-26.881654625200103],[-48.71845133952535,-26.881606561385762],[-48.718442061625936,-26.88142105938028],[-48.71843425781453,-26.881366571613086],[-48.71842394211365,-26.88134744994034],[-48.71842611689537,-26.881220657638796],[-48.71841190965406,-26.881099435030713],[-48.71842459139546,-26.881032838832382],[-48.718403678329764,-26.880971698519502],[-48.71840740138643,-26.880942318979514],[-48.718392627678256,-26.880888621065992],[-48.718397333816355,-26.88087057050414],[-48.718414092347615,-26.88085316947046],[-48.7183944716476,-26.880822530239723],[-48.71841288084287,-26.880791842946774],[-48.718380949150536,-26.8807561947913],[-48.71838685291354,-26.88070382630356],[-48.71840364489693,-26.880672735662422],[-48.718383351222236,-26.88063877718275],[-48.71836366940575,-26.880558080836778],[-48.71836259258322,-26.88034141617583],[-48.71834718272983,-26.880279963166583],[-48.7183571961294,-26.88025200913268],[-48.71834759588744,-26.88020549345002],[-48.7183185435325,-26.87985695053273],[-48.718320227909075,-26.87980606699487],[-48.71828262768013,-26.879468290268733],[-48.71826902560067,-26.879418448483896],[-48.718270987985875,-26.879367051430144],[-48.71826014427858,-26.879291214042674],[-48.71823711065106,-26.87920690427647],[-48.71825772660536,-26.87918563178773],[-48.718603285579135,-26.87909125388987],[-48.7188600175202,-26.879030055826433],[-48.718917449736054,-26.87902192546538],[-48.71897964050532,-26.879024494656356],[-48.71910322636478,-26.878968125414126],[-48.719192321308974,-26.878955199832504],[-48.71921988909726,-26.878955571886507],[-48.7192303992431,-26.87896550880649],[-48.71925514549898,-26.87921184476286],[-48.719305693454075,-26.879814346423625],[-48.71932662228494,-26.880187754145865],[-48.71935210762097,-26.880406518647867],[-48.71942214911845,-26.88127306942723],[-48.71945130124621,-26.88147683484592],[-48.719446424294524,-26.881585641991624],[-48.71949044749419,-26.882210817774144],[-48.71950561392335,-26.882271903970622],[-48.71950382305788,-26.88231999182937]]},"properties":{"objectid":562,"cota":4,"tipocurvanivel":"Normal","sourceLayer":"curvas-0"}},{"type":"Feature","geometry":{"type":"LineString","coordinates":[[-48.719858391093034,-26.88461150073021],[-48.719874413164106,-26.8846439786398],[-48.71986274431005,-26.88465523239309],[-48.719856335036354,-26.884684375476656],[-48.71986823118827,-26.88468515864716],[-48.719900310486565,-26.884660350245287],[-48.71988816553656,-26.88463476737517],[-48.71989954877418,-26.8846295680501],[-48.719928425272464,-26.884635403828483],[-48.71992401487385,-26.88465561877232],[-48.71996875193752,-26.88466874609952],[-48.719946298725986,-26.88468058471103],[-48.7199440066603,-26.884689229264826],[-48.719990710258074,-26.88474260687316],[-48.719953068050266,-26.884747238776505],[-48.71993886119455,-26.884757381256282],[-48.719977672016164,-26.884790283927018],[-48.720007279976485,-26.884795630641158],[-48.72003275905985,-26.884782209243212],[-48.72007577757584,-26.8847902568856],[-48.7201082715426,-26.88475933111167],[-48.72010949357914,-26.884734305173772],[-48.720094778075676,-26.884714442957875],[-48.720057196591185,-26.884731690301248],[-48.720001601176904,-26.884728244247746],[-48.72002800445835,-26.88471265113664],[-48.72006474436353,-26.884710602796464],[-48.720074791372156,-26.88470288300427],[-48.72005704216907,-26.88465176151515],[-48.720032703518434,-26.884626729932116],[-48.719980226200796,-26.88461560563862],[-48.71994499258397,-26.88462639232331],[-48.71991146734183,-26.884567032154056],[-48.71988628633854,-26.884577138235038],[-48.719885745225284,-26.884597421062068],[-48.71984905294323,-26.88458807761144],[-48.71984606636019,-26.884597528568936],[-48.719858391093034,-26.88461150073021]]},"properties":{"objectid":605,"cota":3,"tipocurvanivel":"Normal","sourceLayer":"curvas-0"}},{"type":"Feature","geometry":{"type":"LineString","coordinates":[[-48.717811465506145,-26.88087524830074],[-48.717830785724175,-26.880847511477366],[-48.71784764111623,-26.880791487282643],[-48.71786956799293,-26.880775912454787],[-48.71789202938868,-26.88077149962147],[-48.71798558941298,-26.880789163322394],[-48.718021742465545,-26.88085107062849],[-48.71807688318357,-26.880878100033136],[-48.718120240677536,-26.880884121362488],[-48.71822639502552,-26.88086174188001],[-48.71824242301079,-26.88086617825069],[-48.7182480575059,-26.880879963935527],[-48.71822070518438,-26.880952147511053],[-48.71816531327541,-26.88099386895587],[-48.71811957272265,-26.881001868384516],[-48.71809840652155,-26.88101599718312],[-48.71804164231194,-26.88102283391294],[-48.717988571939145,-26.88101276968273],[-48.71793593577674,-26.881047259113803],[-48.71789365970063,-26.88106404563379],[-48.71786518211542,-26.881100862938638],[-48.717864525545394,-26.8811214678636],[-48.71784769107942,-26.881089152612976],[-48.71785444287501,-26.88107497865619],[-48.71782432785393,-26.881053150952095],[-48.7178339272699,-26.881015359003893],[-48.71782650876974,-26.880965600856825],[-48.71780626696038,-26.880911689099964],[-48.717811465506145,-26.88087524830074]]},"properties":{"objectid":615,"cota":3,"tipocurvanivel":"Normal","sourceLayer":"curvas-0"}},{"type":"Feature","geometry":{"type":"LineString","coordinates":[[-48.721851962197086,-26.879094731750826],[-48.72183945113061,-26.87901876565575],[-48.72184415785631,-26.87898203874756],[-48.72185590833394,-26.878978215072827],[-48.72187597311334,-26.878983836977255],[-48.72188502009687,-26.878994935931082],[-48.721894168977066,-26.87904355409159],[-48.72187473604813,-26.87906112000938],[-48.72188742489683,-26.879094404878884],[-48.721899500562806,-26.87910166402248],[-48.72194077914459,-26.879100177435316],[-48.72195629652006,-26.879113912113993],[-48.72194552146962,-26.8791358862661],[-48.72190538851922,-26.87915130169921],[-48.72188657201417,-26.879197239765098],[-48.72189228994586,-26.879267296245338],[-48.72192893897662,-26.879282836427773],[-48.721980094412,-26.879281082270644],[-48.72195545940548,-26.879311400750474],[-48.721925854148125,-26.879326405703328],[-48.72188143107854,-26.87931492299097],[-48.72185687114331,-26.87929443291196],[-48.72187092061029,-26.87924412591226],[-48.72184284031158,-26.879175875534653],[-48.721851962197086,-26.879094731750826]]},"properties":{"objectid":622,"cota":3,"tipocurvanivel":"Normal","sourceLayer":"curvas-0"}},{"type":"Feature","geometry":{"type":"MultiLineString","coordinates":[[[-48.71767938970889,-26.885966750121245],[-48.71765486473378,-26.88597258336246],[-48.717652708283566,-26.886]],[[-48.71773469194392,-26.886],[-48.717748574060764,-26.8859927911157],[-48.717788572901476,-26.885996064548653],[-48.71778926517197,-26.885989512232083],[-48.71773982662645,-26.885952163228044],[-48.71777754659082,-26.8859487930134],[-48.71778370927304,-26.88592083369364],[-48.71780419043602,-26.885902431663112],[-48.71785601380077,-26.885911658293963],[-48.717876134794864,-26.885947280896072],[-48.71785579344959,-26.885990023316264],[-48.717853860190296,-26.886]],[[-48.717939168452155,-26.886],[-48.717923678280414,-26.885978521243704],[-48.71793564836131,-26.88593757297156],[-48.71794146004948,-26.885930481593892],[-48.71795586945358,-26.885942927269486],[-48.717969857251376,-26.885941897996517],[-48.71795266900631,-26.885910077883885],[-48.71797004188407,-26.88587982879937],[-48.71795031993238,-26.88586936929917],[-48.71793341169025,-26.88587003913093],[-48.7179221127153,-26.885859467563947],[-48.717957673959795,-26.885842321741723],[-48.71795736686293,-26.88583486707073],[-48.71793389748829,-26.885823482467842],[-48.71793116428683,-26.885807746534574],[-48.71796250470887,-26.88575063256871],[-48.71799076695491,-26.885755391230145],[-48.717987078521965,-26.885742165814104],[-48.71797537581418,-26.885733605601533],[-48.71796366274624,-26.88573712900006],[-48.71793663422038,-26.8857802019666],[-48.71791608394183,-26.88579403290501],[-48.71789219232566,-26.88579539577035],[-48.717866784526414,-26.885774500518675],[-48.717834091117055,-26.88580053304354],[-48.71783082833284,-26.885822614658494],[-48.71787760201826,-26.885818192272946],[-48.71791187878976,-26.885870366201154],[-48.71789054857394,-26.885873678231633],[-48.71783912922579,-26.88585661857737],[-48.7178216491737,-26.88583250966543],[-48.71781332420855,-26.885831551197075],[-48.717762774163326,-26.88586583048752],[-48.7177703326391,-26.88590367315697],[-48.71776562195233,-26.885920028801813],[-48.717726901823276,-26.88593160054109],[-48.71767938970889,-26.885966750121245]]]},"properties":{"objectid":602,"cota":3,"tipocurvanivel":"Normal","sourceLayer":"curvas-0"}},{"type":"Feature","geometry":{"type":"LineString","coordinates":[[-48.718453226389265,-26.884848040690635],[-48.718451742702015,-26.884862478455627],[-48.71847368524855,-26.884872809509428],[-48.718533990599646,-26.88485557052777],[-48.7185466110779,-26.884800465152423],[-48.71856934757003,-26.884785655073546],[-48.71855226707291,-26.88474165822977],[-48.71859800730555,-26.884734350906353],[-48.71856085474553,-26.884693720827],[-48.718569522879854,-26.8846806002794],[-48.718602202270134,-26.88468073833464],[-48.718601310051206,-26.88465962558036],[-48.71855077435579,-26.884643537074034],[-48.71854482034277,-26.88464900177649],[-48.71857095090856,-26.884658011601484],[-48.71857009545544,-26.8846637725494],[-48.71854633911216,-26.884672540506664],[-48.718527900199454,-26.88466760495026],[-48.7185326177232,-26.884632215841574],[-48.71854647109121,-26.884613123632143],[-48.71857385955091,-26.884606610005743],[-48.71861704711311,-26.884612445305514],[-48.71863596001283,-26.884596643022455],[-48.718679202619114,-26.88460905623658],[-48.718716031687805,-26.884597157658067],[-48.71878514496314,-26.884634374698607],[-48.7188518596714,-26.88470823117873],[-48.71886452537674,-26.88468773900628],[-48.71884326641586,-26.884627898096014],[-48.71886778552869,-26.884628301357523],[-48.71887345803917,-26.884601729237747],[-48.71889148892714,-26.88457577456548],[-48.71885082624253,-26.8845777646534],[-48.718835638231404,-26.884600974868842],[-48.71881020865792,-26.88457600668695],[-48.71877510865514,-26.884563806260317],[-48.718713054888866,-26.884571750771215],[-48.7186973951301,-26.884567343842384],[-48.718694183999965,-26.884579601368273],[-48.71867434925512,-26.88456218949533],[-48.71865762081275,-26.884574508424894],[-48.71863930990663,-26.884574022217183],[-48.71858420499266,-26.884527985261375],[-48.71855580558851,-26.884538833263242],[-48.71855351383216,-26.88455767636408],[-48.71851741675049,-26.884549521687678],[-48.71851482908744,-26.88453475373189],[-48.718534387790164,-26.88452512832503],[-48.71853416886454,-26.884515637348425],[-48.71851877583489,-26.884501311386806],[-48.718496244214165,-26.884494456081992],[-48.71848180317116,-26.884459797089818],[-48.71846785025994,-26.884455192098503],[-48.71846337995376,-26.884482784435296],[-48.718496840465946,-26.88455880125932],[-48.71845005974942,-26.884613640845195],[-48.71846594548825,-26.884652633273074],[-48.71846557619272,-26.884680030151276],[-48.71847996771399,-26.884733684883063],[-48.71846263976806,-26.884734715302624],[-48.718423963046995,-26.88468008525144],[-48.71838431534537,-26.884687407020696],[-48.718363040361176,-26.884673255846817],[-48.71835988951815,-26.884649552674272],[-48.7183190161912,-26.88464784999529],[-48.71827679497254,-26.884631236935526],[-48.718272816760376,-26.884640797272517],[-48.718280553108805,-26.884652964534617],[-48.718315216792455,-26.884657026072233],[-48.71832683165565,-26.884673560672525],[-48.71829252598557,-26.884685690331754],[-48.7182494628487,-26.884684280743784],[-48.71825561892124,-26.884699463725834],[-48.71823592352936,-26.884714737111405],[-48.71825906766111,-26.884796692367907],[-48.71824276963595,-26.88481603563588],[-48.71827997364388,-26.884835368847217],[-48.71830283608063,-26.884782888144844],[-48.71826466920749,-26.88476093762505],[-48.71828322995134,-26.88472339694401],[-48.71830093114793,-26.884713457290264],[-48.71832291067948,-26.884714732894626],[-48.71833841942995,-26.884732165169204],[-48.71832624860183,-26.884763835789837],[-48.718370338171965,-26.884769008904094],[-48.71837317016175,-26.884751580550734],[-48.71834875858133,-26.88471126365094],[-48.71837924310075,-26.884704384055283],[-48.71840966845295,-26.884762459922538],[-48.718453056267215,-26.88477551177959],[-48.7184788401888,-26.88481590137087],[-48.718453226389265,-26.884848040690635]]},"properties":{"objectid":604,"cota":3,"tipocurvanivel":"Normal","sourceLayer":"curvas-0"}},{"type":"Feature","geometry":{"type":"LineString","coordinates":[[-48.72013697020938,-26.884636576731733],[-48.720144986056994,-26.884649219491266],[-48.72019077157212,-26.88466927733625],[-48.7202107375544,-26.884655301242237],[-48.720223241164646,-26.8846581102599],[-48.72021751188374,-26.884711537511944],[-48.72018646660333,-26.884699031073243],[-48.72011487769622,-26.88471200774827],[-48.72012439176413,-26.88473198543457],[-48.7201895558319,-26.88480191771193],[-48.7201213019706,-26.884801216561304],[-48.720100828657245,-26.884823516761664],[-48.72009834402869,-26.884841602337747],[-48.72011557979534,-26.88486436239314],[-48.72017280509477,-26.88489179834626],[-48.720167622748995,-26.88490770517994],[-48.72014848926196,-26.88491876174527],[-48.72020423599054,-26.884974078442596],[-48.72022655884474,-26.884987282451537],[-48.72025750412524,-26.88498853192688],[-48.72029016924483,-26.88497098858381],[-48.72021568434056,-26.884933755025234],[-48.72020349842246,-26.88488589546654],[-48.72023969777008,-26.884866661143004],[-48.72028196747753,-26.884890654642586],[-48.7203457987087,-26.884884062028675],[-48.7203360648723,-26.884865503969877],[-48.7203014405452,-26.884857618979392],[-48.720274533097786,-26.884831651641075],[-48.72032188323153,-26.88481859497111],[-48.72035603360879,-26.88473473384799],[-48.72034610125344,-26.884728722042105],[-48.7203275424879,-26.88475461695386],[-48.72031730358778,-26.884752244286904],[-48.72030270600829,-26.884713321563584],[-48.7203421205016,-26.88470081813467],[-48.72034467322844,-26.884681744567086],[-48.720275848971895,-26.884640579302378],[-48.72026304501658,-26.88458620762563],[-48.72022510423111,-26.884586665470454],[-48.72024255227245,-26.884577646487358],[-48.720231991470264,-26.88453210538432],[-48.72023469746351,-26.884503994461216],[-48.72019875760143,-26.88448389161608],[-48.72019381483512,-26.88446721308114],[-48.72020991694259,-26.884433597784597],[-48.72016039685007,-26.884381902971207],[-48.72019132413258,-26.884301878505536],[-48.72016941088958,-26.88425740042048],[-48.72015627715957,-26.884164818232566],[-48.72013855039052,-26.884134386661366],[-48.72012222062692,-26.884124552575834],[-48.720077374637825,-26.884167538729212],[-48.720098587436226,-26.88422680117052],[-48.72010161511491,-26.884256205811315],[-48.720094580101886,-26.884284639411486],[-48.720122369370905,-26.884333546827897],[-48.72011500201275,-26.88436404708662],[-48.72012626315117,-26.884408388415554],[-48.72011663790208,-26.884436106974267],[-48.720159866974186,-26.88450619684139],[-48.72015266904937,-26.884568209745648],[-48.72021151535436,-26.884612448372685],[-48.72013697020938,-26.884636576731733]]},"properties":{"objectid":607,"cota":3,"tipocurvanivel":"Normal","sourceLayer":"curvas-0"}},{"type":"Feature","geometry":{"type":"LineString","coordinates":[[-48.72196926471834,-26.88134316046888],[-48.721990360726245,-26.88163631597079],[-48.721995760437444,-26.881647782956648],[-48.72201542515547,-26.88164923991973],[-48.72202281564795,-26.881644743989646],[-48.72200792944635,-26.881613272806643],[-48.722005217150745,-26.881474093830516],[-48.72198264985169,-26.8812665318343],[-48.721992182345566,-26.881181232587824],[-48.722009063324734,-26.881132966579475],[-48.72198080662158,-26.88110359272676],[-48.721976067614165,-26.880964105808207],[-48.721966045893055,-26.880931954120364],[-48.72198563331139,-26.880903641617195],[-48.722016035536974,-26.880904517307172],[-48.722045366382076,-26.880884599505087],[-48.72208717246494,-26.88087405539952],[-48.72212329553488,-26.88088192617227],[-48.722184561667255,-26.880878771992915],[-48.72229556028487,-26.880898184195075],[-48.722313816359886,-26.880922403456754],[-48.72231843125597,-26.88096352041023],[-48.72233149447408,-26.880996720138008],[-48.722329077752306,-26.88103969645344],[-48.72235588106954,-26.881101802134644],[-48.72236883295764,-26.881077875869728],[-48.72236851628781,-26.881064158934844],[-48.72234234743055,-26.88104242827937],[-48.72235797226044,-26.88100751176329],[-48.722358871201216,-26.88093709272877],[-48.72234834590681,-26.880888745693067],[-48.72232584866621,-26.880855808959012],[-48.72231328541632,-26.880849417357176],[-48.72229529265571,-26.88085893863764],[-48.72222580359168,-26.880863288661956],[-48.72217284815927,-26.8808578610257],[-48.72214068506875,-26.880821193775283],[-48.722102033680564,-26.880824628737006],[-48.7220847405626,-26.880815171918325],[-48.722076347537964,-26.88080297079804],[-48.72208304598875,-26.88078360215186],[-48.72205445043999,-26.880755169521176],[-48.72200170523541,-26.880745184231117],[-48.721992420254026,-26.880737213845716],[-48.722010178169235,-26.880727108540984],[-48.72206028767087,-26.880733932451154],[-48.72208544969404,-26.88071960215539],[-48.72208310850428,-26.88070371376293],[-48.72206357026597,-26.88068361513957],[-48.722106304741,-26.88070906939198],[-48.72213232921279,-26.880701413078665],[-48.72214463315952,-26.880710596304144],[-48.72216453756917,-26.8807004452785],[-48.72217263847832,-26.880663433782725],[-48.722144670204685,-26.88064386793234],[-48.72213356403993,-26.880619922793258],[-48.72216148024165,-26.880625324752888],[-48.72218389491058,-26.880645614143816],[-48.72217896952381,-26.88059940777564],[-48.722164379861475,-26.880590036079532],[-48.72216096721287,-26.880575184469837],[-48.72217371057382,-26.880520557112174],[-48.72219053304442,-26.88049853247559],[-48.7221857452345,-26.880493538713683],[-48.72213439198876,-26.88050036149949],[-48.72202560686428,-26.88053900070004],[-48.72195265532139,-26.88057314148686],[-48.72193040955302,-26.880599475357137],[-48.72192457173733,-26.88067678524477],[-48.72196926471834,-26.88134316046888]]},"properties":{"objectid":616,"cota":3,"tipocurvanivel":"Normal","sourceLayer":"curvas-0"}},{"type":"Feature","geometry":{"type":"LineString","coordinates":[[-48.720076563582246,-26.879867803532598],[-48.72008386250996,-26.879914341545785],[-48.720106599818656,-26.87995031741475],[-48.72009452915086,-26.879981415009777],[-48.720114012364,-26.880002426276395],[-48.72011423162901,-26.880026397068633],[-48.720103968801986,-26.88004905164975],[-48.72011431124802,-26.880057926328305],[-48.72015802640893,-26.88006998566987],[-48.720202553481286,-26.88006551169184],[-48.720194176662794,-26.880002479361735],[-48.720228315730836,-26.87999174977686],[-48.72025912314556,-26.880014390431818],[-48.72030693116829,-26.879975059017728],[-48.72030720466177,-26.879959627934937],[-48.72027545855139,-26.879957582282163],[-48.72026789535391,-26.879948373444677],[-48.7203106032824,-26.879894390564214],[-48.720299205143625,-26.879853928468115],[-48.72029312257993,-26.879850171763827],[-48.72027659429955,-26.879860685655068],[-48.720263390932224,-26.879853306195795],[-48.720258992025165,-26.87982829058772],[-48.72027664112921,-26.879822753749117],[-48.720255927090065,-26.879768803083948],[-48.72024122372583,-26.879749717203126],[-48.720214595181886,-26.879733877173134],[-48.72015752909589,-26.8797174348442],[-48.72011165764917,-26.87972296193172],[-48.7200599973148,-26.87979793831754],[-48.720076563582246,-26.879867803532598]]},"properties":{"objectid":618,"cota":3,"tipocurvanivel":"Normal","sourceLayer":"curvas-0"}},{"type":"Feature","geometry":{"type":"LineString","coordinates":[[-48.71926529910348,-26.87903636050681],[-48.719260835672316,-26.87896881230393],[-48.719250417803906,-26.87893473365104],[-48.71923617266368,-26.878923162550915],[-48.71920046386008,-26.87892236845433],[-48.719198581110476,-26.878931131517895],[-48.71923723781908,-26.878941083441138],[-48.719247489785275,-26.878969290788433],[-48.719284546925316,-26.879331749646003],[-48.71929106098572,-26.879274570961627],[-48.71926529910348,-26.87903636050681]]},"properties":{"objectid":621,"cota":3,"tipocurvanivel":"Normal","sourceLayer":"curvas-0"}},{"type":"Feature","geometry":{"type":"LineString","coordinates":[[-48.72232233307633,-26.878432813007134],[-48.72232049275132,-26.878490311840732],[-48.72234176287573,-26.878637019655464],[-48.72238635296495,-26.87866816749724],[-48.72239455201157,-26.87865038877145],[-48.72241331557246,-26.878638844862106],[-48.72242515236332,-26.878638342644287],[-48.722435509845496,-26.87864958272168],[-48.722433094482774,-26.87867192183954],[-48.7224215738765,-26.87867848730625],[-48.72242654617455,-26.878703788266083],[-48.72237121159539,-26.87873766200684],[-48.72242755060823,-26.87876822588885],[-48.72243738379657,-26.878806216071176],[-48.722455363117675,-26.878818627693978],[-48.72251008384063,-26.87881617276416],[-48.722546929809134,-26.878803619065362],[-48.722581515126485,-26.878813017113664],[-48.72260352521194,-26.8787999173583],[-48.722626376843614,-26.87881481345145],[-48.7226518144287,-26.878807443559758],[-48.72267461418455,-26.87875059038015],[-48.722644013873094,-26.878701699490886],[-48.7225747057431,-26.878682887665494],[-48.72258394913889,-26.87859971976086],[-48.72257764893603,-26.87852359845325],[-48.722536264203086,-26.878474175388614],[-48.72252902006372,-26.878339681895245],[-48.722514624722095,-26.87832780817559],[-48.72249580036477,-26.87833460784142],[-48.72249824580315,-26.878296513321622],[-48.722471830630276,-26.87826390782105],[-48.722450989844006,-26.878256689692325],[-48.7224141653907,-26.87826170465003],[-48.722390937850896,-26.878292162336315],[-48.72236976053664,-26.878290083639456],[-48.72234256062858,-26.87833902352268],[-48.72234205850261,-26.878356034739433],[-48.72231462605431,-26.878372104522395],[-48.72231119058492,-26.878402405753086],[-48.72232233307633,-26.878432813007134]]},"properties":{"objectid":623,"cota":3,"tipocurvanivel":"Normal","sourceLayer":"curvas-0"}},{"type":"Feature","geometry":{"type":"LineString","coordinates":[[-48.720048142013226,-26.87900687539647],[-48.72009185384279,-26.87902524732169],[-48.72010012237434,-26.879071660205007],[-48.72012611559519,-26.879060734170093],[-48.72016576450721,-26.879070245220188],[-48.72014367697471,-26.879045072246925],[-48.720140802475335,-26.879026838783332],[-48.72017462422235,-26.879017564238232],[-48.72020034901969,-26.87899885203311],[-48.72023447554756,-26.879004375346543],[-48.72031038047682,-26.878965606592303],[-48.72032277000979,-26.878956619617984],[-48.720313376370044,-26.878940186913432],[-48.72032848838145,-26.878915842672427],[-48.720281858632646,-26.878900653592925],[-48.72025572470269,-26.8788463907431],[-48.720221859129865,-26.87881613550428],[-48.720216253579004,-26.878792877341855],[-48.72019577607605,-26.878802409698714],[-48.7201762099074,-26.878847962696817],[-48.72012025054797,-26.878891469913007],[-48.72009943480233,-26.878933043682014],[-48.72006353662664,-26.878937070339862],[-48.720080609141476,-26.878979705092178],[-48.720044079672775,-26.878989411498825],[-48.720048142013226,-26.87900687539647]]},"properties":{"objectid":688,"cota":3,"tipocurvanivel":"Normal","sourceLayer":"curvas-0"}},{"type":"Feature","geometry":{"type":"MultiLineString","coordinates":[[[-48.72055797891375,-26.886],[-48.720548270197014,-26.885862137579863],[-48.720556178731535,-26.88584508801604],[-48.720569944888105,-26.885869136671175],[-48.720571642269284,-26.885909066753428],[-48.720583359398006,-26.88592067997804],[-48.720588900743,-26.88590589074205],[-48.720585353207845,-26.88585946023765],[-48.72056350768044,-26.885827581481937],[-48.72056431065801,-26.88558132422605],[-48.72058708480067,-26.885510136628653],[-48.72061296874443,-26.88547740384121],[-48.72063394302816,-26.885406383014253],[-48.72067576948691,-26.88541431739137],[-48.720694296227464,-26.885442013860256],[-48.72070333408565,-26.88544039814743],[-48.72070115452113,-26.885352387718793],[-48.72067498407568,-26.885265978180207],[-48.72071412454703,-26.88522030432458],[-48.720736751672405,-26.885208928648666],[-48.72076969017658,-26.885208300601388],[-48.72080997177605,-26.885272040020904],[-48.72081177655697,-26.885299754483242],[-48.72083866210536,-26.885306015495033],[-48.72085579577344,-26.88527651028208],[-48.720837715875255,-26.88524324751859],[-48.72084011471795,-26.88519814211476],[-48.72086742279099,-26.885192777368946],[-48.72091826610791,-26.885218842098606],[-48.72091834452627,-26.885204705594806],[-48.72093491591146,-26.885196294168587],[-48.72093742668348,-26.885175345523137],[-48.72098661541218,-26.885174885812557],[-48.72101445530691,-26.88516578806535],[-48.72102026157651,-26.885144111979375],[-48.72101199296983,-26.88510559467254],[-48.72102968518766,-26.885065806013802],[-48.72104278848866,-26.8850541827433],[-48.72107373416536,-26.885059526459475],[-48.72106503366233,-26.885076980211824],[-48.72108377717363,-26.88508981588836],[-48.72113767753353,-26.88506630598784],[-48.721161730023944,-26.88506975701886],[-48.72116306740198,-26.885081348901743],[-48.721143593709684,-26.88508975232921],[-48.7211583087986,-26.88509901517177],[-48.721135890606256,-26.885106301682356],[-48.72114793106036,-26.8851224142748],[-48.72110595741764,-26.885132498675812],[-48.721159209011255,-26.885143173005737],[-48.721184095816064,-26.885181128206703],[-48.72118613305124,-26.885160052790276],[-48.72120238968256,-26.885133874244872],[-48.72120023809015,-26.88508035767252],[-48.721215082131685,-26.885078330241594],[-48.72122221865461,-26.885091618448115],[-48.7212406269104,-26.88508590516605],[-48.721224725301376,-26.885068615753454],[-48.72123954179854,-26.885036566093017],[-48.721232050065595,-26.88500080748418],[-48.7212362419671,-26.884985752779535],[-48.72121658048171,-26.884960285166564],[-48.72121767381371,-26.88494482038731],[-48.72123217634439,-26.884950632435405],[-48.72123882545893,-26.884972060089115],[-48.72125034232696,-26.884980712700365],[-48.721251857980775,-26.88495408241197],[-48.721266090240796,-26.884943171318792],[-48.72130542089815,-26.884941766394284],[-48.721353553296716,-26.88495728091015],[-48.72133885374979,-26.884946591566198],[-48.72132490844783,-26.884916220237525],[-48.72130847270158,-26.88478908239317],[-48.72130349027758,-26.884782847296513],[-48.72129842618099,-26.884796881700236],[-48.72129296432632,-26.88478459696883],[-48.72129826016042,-26.88477671830195],[-48.72131460697639,-26.884776183391146],[-48.72136940907923,-26.884798956523472],[-48.721377533268765,-26.88479231472107],[-48.72137540196043,-26.884777154378497],[-48.72136223807924,-26.884759400172406],[-48.7212900743524,-26.884706386488933],[-48.72127611159555,-26.884736016930404],[-48.72124807939217,-26.884718093200608],[-48.72124362517939,-26.884707101692268],[-48.721248931867024,-26.88469838121698],[-48.72126829698226,-26.884700249503055],[-48.72125921210667,-26.88468124172326],[-48.721296632074036,-26.88469505465486],[-48.721291116096545,-26.884677793846652],[-48.7212997981196,-26.884670335307938],[-48.72131398549963,-26.884672491853497],[-48.72131929658418,-26.88466139529684],[-48.72130797042652,-26.88462799338672],[-48.72133232625955,-26.884635331616558],[-48.72137020233861,-26.88462179954763],[-48.721350879293546,-26.88461246869807],[-48.72135317897388,-26.88458337744219],[-48.72131748961304,-26.88454511170436],[-48.7213186912222,-26.884514520007478],[-48.721309770953056,-26.88449031858289],[-48.72131436178038,-26.884469876369998],[-48.721231537056624,-26.884478063527208],[-48.72122054141224,-26.88442638783169],[-48.721224066988135,-26.884417103464855],[-48.72124071368161,-26.884423689212472],[-48.721246944018674,-26.884388097866747],[-48.72128173177107,-26.88437444469313],[-48.72129587447275,-26.884342815518224],[-48.72133123554191,-26.88432045121273],[-48.72135063010715,-26.884328873547766],[-48.7213747254844,-26.8843263681587],[-48.72135808330913,-26.884342979963602],[-48.72137134696014,-26.88435400440781],[-48.72138588874084,-26.884352189567636],[-48.72139877690266,-26.884337137990567],[-48.72139583485952,-26.88430756147343],[-48.72137263837493,-26.88429330663855],[-48.72138845490577,-26.884277516276015],[-48.7213687372699,-26.88417465190766],[-48.72138041296847,-26.884158683734004],[-48.72136982627262,-26.88413888735574],[-48.72134625526042,-26.884120930042155],[-48.72136736144515,-26.88411607337193],[-48.7213886146234,-26.88414080587696],[-48.72138134839317,-26.884105595088176],[-48.72143375789718,-26.884121199326252],[-48.721429048143726,-26.884090291151733],[-48.72144155671879,-26.884081465760836],[-48.72145949072462,-26.884083579856668],[-48.7214707639642,-26.88409820183023],[-48.72146417241601,-26.88411764254139],[-48.72148173106467,-26.884254379804418],[-48.72149574349877,-26.884281404113462],[-48.721462823228805,-26.884379495379303],[-48.72147678109111,-26.884405327576548],[-48.721485991394054,-26.884453045188394],[-48.721505066004184,-26.884487747988402],[-48.72150168390327,-26.88451280498298],[-48.7214796932452,-26.88451037726694],[-48.72147945735316,-26.88455222816606],[-48.72150803965019,-26.884635478214435],[-48.72152018340745,-26.884647245343558],[-48.72153198968677,-26.884635053310046],[-48.721542498316744,-26.884640385763255],[-48.72153658311793,-26.88465255010771],[-48.721509320572885,-26.884653546967645],[-48.72150309812287,-26.884664722683482],[-48.721516546638156,-26.884768507466372],[-48.72151521367072,-26.884853749387183],[-48.721507942765946,-26.884873439944343],[-48.72151423021305,-26.88489433652688],[-48.721547148898765,-26.884897601140697],[-48.72158965691906,-26.884925783667036],[-48.7216477823961,-26.884905064416795],[-48.72167355835473,-26.884876537791452],[-48.721745139412185,-26.88490192422779],[-48.721779467306476,-26.88488395883388],[-48.72182135924391,-26.884875833027355],[-48.722104618859824,-26.88486762705498],[-48.7221386121287,-26.884884351754245],[-48.722140697737316,-26.884926680503415],[-48.722160333595994,-26.884982284891358],[-48.72220244211992,-26.88499833277604],[-48.72222064544398,-26.88502701653831],[-48.72228565529604,-26.8850343677558],[-48.72247136435863,-26.88502672290859],[-48.72257349168297,-26.88501205177157],[-48.72268404757329,-26.885045613442642],[-48.72277045603398,-26.88503408731495],[-48.72280159975792,-26.88502027573922],[-48.722822639305534,-26.885000580602544],[-48.72287051993494,-26.884986556071677],[-48.72298627135435,-26.884977288881693],[-48.723040382525404,-26.88498600812159],[-48.72313407679035,-26.884968386768627],[-48.723167538679945,-26.884946069890468],[-48.723212317092624,-26.884883074309297],[-48.72326188910205,-26.884782827945216],[-48.72331314867977,-26.884635199446627],[-48.723319630823994,-26.88445108047221],[-48.72331363626124,-26.884410790509435],[-48.72334681617083,-26.8842751230909],[-48.72338293883899,-26.884234880354416],[-48.72339995194603,-26.884239258950437],[-48.723392583945916,-26.884180277861244],[-48.72340623018304,-26.884143864675398],[-48.72342403461111,-26.88413211389623],[-48.7234465826394,-26.884093986957456],[-48.72346298231043,-26.88402640149094],[-48.72351409349515,-26.884028920168486],[-48.723626224478025,-26.883917804865366],[-48.72369299547363,-26.88377837767877],[-48.72373966449524,-26.88362965700662],[-48.72372335213993,-26.88355316771595],[-48.72371876112923,-26.883425577473762],[-48.72371099386053,-26.883409052053413],[-48.72361794779064,-26.883398221019473],[-48.72358875921675,-26.88340730479412],[-48.7235486965175,-26.883396455038415],[-48.72355260345735,-26.8833884176181],[-48.72353979077438,-26.883380193726207],[-48.723528828522184,-26.88339608515793],[-48.72350592063584,-26.88340367552198],[-48.72349779898456,-26.8833876100435],[-48.72346544503916,-26.883402077325776],[-48.72346121384692,-26.883394661371543],[-48.72347608338122,-26.88337598750146],[-48.72344184063518,-26.8833778432723],[-48.72344523039047,-26.883391588987124],[-48.72340197057662,-26.883380076696348],[-48.723371556838714,-26.883385413556418],[-48.723356717155006,-26.883377748078466],[-48.72334822795969,-26.88335662384829],[-48.72335123062989,-26.883304386084813],[-48.723414612854846,-26.883279326974808],[-48.72338358655502,-26.883174154335116],[-48.723365281420165,-26.883077905325603],[-48.72337415325522,-26.883046858750557],[-48.72340357941579,-26.883009201852776],[-48.72339000310214,-26.882977173438523],[-48.723354555302116,-26.882964496562217],[-48.7233436275318,-26.882951761006723],[-48.72333595691317,-26.882876150994555],[-48.72332205787233,-26.882833264504555],[-48.72333652895296,-26.88281478456649],[-48.7233081238578,-26.882783538680833],[-48.72332153862308,-26.882771715336613],[-48.723377519543824,-26.882769497062064],[-48.72337006706249,-26.882692794088662],[-48.723383549600946,-26.88266358251333],[-48.723356130253435,-26.882631309295],[-48.7233239775825,-26.882626911367236],[-48.72331594119375,-26.8826139760505],[-48.72334203102073,-26.88260152225699],[-48.72338176724985,-26.88259887245494],[-48.72341501317343,-26.882549085014368],[-48.72345753414531,-26.88252931186056],[-48.72349528717354,-26.882549434078737],[-48.7235907915561,-26.882630033523863],[-48.723613703985244,-26.882634408802012],[-48.72364723001922,-26.882611612697325],[-48.72370381202071,-26.882536472437472],[-48.723701856561036,-26.882475669901865],[-48.72369504601869,-26.882466997684514],[-48.72365619287573,-26.882458479546106],[-48.72356344474116,-26.882464354062463],[-48.72354042040943,-26.882457479893585],[-48.72345637423818,-26.882511315448845],[-48.72336203269162,-26.882522373089817],[-48.72329798591113,-26.88251795196776],[-48.72328814533244,-26.88251102766658],[-48.72329981221627,-26.88247614922252],[-48.72329585904852,-26.88237108088177],[-48.72328071248416,-26.88227877955838],[-48.72326965383016,-26.882254202642912],[-48.7233165425431,-26.882222325879113],[-48.723431589994455,-26.882218112293266],[-48.72346399210558,-26.88220920757977],[-48.72348471807906,-26.88226321038469],[-48.72349760384261,-26.882271196305183],[-48.72350923788102,-26.88225165806514],[-48.72350876367029,-26.88221039850705],[-48.72349820151859,-26.882201014242145],[-48.723472171941985,-26.882197414447308],[-48.723459441366025,-26.88218485018768],[-48.72346109900094,-26.88210883372135],[-48.72344927877693,-26.88209112031318],[-48.72340316040635,-26.882101642223404],[-48.72337417541081,-26.88213999662207],[-48.7233535003072,-26.88215384445818],[-48.723320087747155,-26.882121284212516],[-48.72327424444072,-26.88210929888764],[-48.72326302076219,-26.882092201528224],[-48.72326350969404,-26.882028153478895],[-48.72330913271568,-26.882000471655445],[-48.72327944010856,-26.881907353770675],[-48.723281875481796,-26.881891845612348],[-48.72325869141153,-26.88185946196902],[-48.72327724314848,-26.881846459805114],[-48.723278586219394,-26.881778408715082],[-48.72329777309349,-26.88174115260022],[-48.72336612850503,-26.881732183104944],[-48.72343520551631,-26.881682294563763],[-48.723438541447656,-26.881665838904624],[-48.72342316628382,-26.88164232319469],[-48.723412381815926,-26.88157846433077],[-48.72341583165495,-26.881534637378465],[-48.723426324723974,-26.881512822818365],[-48.72341203317619,-26.88147049404137],[-48.723415442382695,-26.881456909356086],[-48.72342867979276,-26.88148284346901],[-48.723441855115134,-26.881467493077274],[-48.7234330588107,-26.881327744899487],[-48.723420873481494,-26.88126393565115],[-48.723420352849544,-26.88118030889676],[-48.72340995560307,-26.881158385028932],[-48.72335435415805,-26.881223094244415],[-48.723321303324425,-26.881279335556577],[-48.72330704608468,-26.881271193954785],[-48.72328073650221,-26.881288752085435],[-48.7232574428072,-26.88128629103453],[-48.72321579929454,-26.88129816019525],[-48.72325575076929,-26.88131246189725],[-48.72329270253638,-26.88131123550075],[-48.723324452317605,-26.881298010187795],[-48.72337687612555,-26.881309840745207],[-48.72340734440255,-26.88139764755958],[-48.723407771335594,-26.88143011919713],[-48.72337210269709,-26.881437669921777],[-48.72331829696302,-26.8814140969594],[-48.72326865555435,-26.881433251745175],[-48.723238892439234,-26.88143181266229],[-48.72322796343098,-26.881423413357613],[-48.72322991256683,-26.881363333453717],[-48.723208446286066,-26.88132061916999],[-48.723197514642244,-26.881238957988437],[-48.72326558762442,-26.881209271833022],[-48.72328524355478,-26.881180842020605],[-48.723246170788734,-26.88115800106744],[-48.72324029702995,-26.881167314429906],[-48.72322637600502,-26.881141398160644],[-48.723218962442566,-26.881053823980213],[-48.72320163610771,-26.88099405875122],[-48.723201473325275,-26.880917488615435],[-48.723225374691076,-26.88094023662862],[-48.723314891540156,-26.880932332018663],[-48.72334277956807,-26.88083145710637],[-48.72336198177322,-26.880799149353813],[-48.72344300342641,-26.880789800975084],[-48.72346528942436,-26.880771235795503],[-48.72348637320465,-26.88081997946729],[-48.723520219722424,-26.880714991518715],[-48.72355322327906,-26.88070789052856],[-48.72361010393926,-26.880742926242608],[-48.72362656009881,-26.880711750986897],[-48.723650817961186,-26.880702052548553],[-48.72366725479041,-26.88071678103388],[-48.723721839314834,-26.88083540349044],[-48.723729214246184,-26.880838707998084],[-48.723740557855194,-26.88082782586591],[-48.72379277499581,-26.880845692130883],[-48.72385348344075,-26.880912847199337],[-48.72386484536952,-26.880971755479845],[-48.72386486091591,-26.881028326758717],[-48.723882252649204,-26.88107279463123],[-48.72388311907999,-26.881109254970266],[-48.72387305471096,-26.881120129752333],[-48.723852205314174,-26.881221023459123],[-48.72386096119156,-26.88126835912818],[-48.72385842082688,-26.881330589093803],[-48.72386984530935,-26.881368299813722],[-48.72385881369613,-26.88137465938639],[-48.723871174797544,-26.88141539938578],[-48.72386935949154,-26.881439743520115],[-48.723885475514464,-26.88148509869974],[-48.723876547300506,-26.88157652017354],[-48.723910130488015,-26.881607196014656],[-48.72389813364448,-26.88164951442669],[-48.72390522781078,-26.88167486578582],[-48.72390023860545,-26.881684283676464],[-48.72393390857257,-26.881829493637788],[-48.723930743710945,-26.88186182166371],[-48.723944926900785,-26.88194336464604],[-48.72394274215037,-26.881982828802382],[-48.72396571783282,-26.88205479769155],[-48.72398731113394,-26.882072262450276],[-48.72398372065848,-26.88211899846288],[-48.723992982874144,-26.88215548580241],[-48.72400229305208,-26.882158344992046],[-48.72401198392848,-26.88212653996533],[-48.72399446880857,-26.882047493620217],[-48.72400391393116,-26.881995510347526],[-48.72399061108125,-26.881934315575236],[-48.72398107494553,-26.88192244448139],[-48.72399815225049,-26.88192033991745],[-48.72400672275892,-26.881904716727586],[-48.724019976248144,-26.881826558775277],[-48.72406028122698,-26.88179380676184],[-48.7240882849939,-26.881784714603913],[-48.724168712834896,-26.881791171720614],[-48.724202829657244,-26.881803360367517],[-48.724293645046146,-26.88179808507461],[-48.72435305012315,-26.881755540495117],[-48.72436821375319,-26.88171719781994],[-48.724351195582614,-26.881510677497445],[-48.72435407709146,-26.88145481438471],[-48.72433255595655,-26.881289501413967],[-48.72434984645784,-26.881244707089817],[-48.724350966606295,-26.88113194584614],[-48.72434522524042,-26.881099597940228],[-48.72432392652152,-26.881057944179947],[-48.72432923180749,-26.881006429320173],[-48.724316319387476,-26.880903644188255],[-48.724341748605184,-26.880869186810145],[-48.72434886391983,-26.8808327612123],[-48.72434388192201,-26.88081530334724],[-48.7243104639539,-26.88079024893369],[-48.724331271815146,-26.88072962543379],[-48.72436559668912,-26.880716046088338],[-48.72435487976507,-26.8806952524152],[-48.72435726958512,-26.880674524619987],[-48.72434560945321,-26.88066383854216],[-48.72434826250785,-26.880647150749052],[-48.72433267944026,-26.880629688131865],[-48.72434674024682,-26.88061694465212],[-48.724349725878696,-26.88060093634813],[-48.72432390898622,-26.880584528056048],[-48.72432989936453,-26.880566726262355],[-48.724350698594016,-26.880548018757693],[-48.72430861405841,-26.880503663873647],[-48.72432796259987,-26.880475487946253],[-48.724317354035534,-26.880375403063038],[-48.72431223118157,-26.88036417254683],[-48.72429163259643,-26.880352827150197],[-48.724328553144915,-26.880325367518093],[-48.72432692562247,-26.880259328809412],[-48.72435514080181,-26.880220075558817],[-48.724335947536744,-26.880085600734468],[-48.72441149176058,-26.879972235450147],[-48.72441075448022,-26.879894208480977],[-48.724401884932426,-26.8798649949263],[-48.724352362720964,-26.879818470767017],[-48.72429608883557,-26.879772196985932],[-48.724257085227414,-26.879764651274368],[-48.72424838905626,-26.8797513480098],[-48.72426731629484,-26.87973414722159],[-48.72425163451671,-26.879675860636592],[-48.72428170717001,-26.879660472857545],[-48.72429759019925,-26.87962804920395],[-48.724316040816426,-26.879631973425298],[-48.724331367016774,-26.879616943662434],[-48.724359359271446,-26.87961598232099],[-48.72435081183852,-26.879595104479463],[-48.72442427975006,-26.8794901679978],[-48.724439478522044,-26.8794501021738],[-48.724429055549564,-26.879387415144752],[-48.72443745689324,-26.879306481504376],[-48.72443074689973,-26.879251555811507],[-48.72443701855474,-26.879229202964424],[-48.724393588545446,-26.87911821020679],[-48.72439655720117,-26.87905929458268],[-48.72439002456499,-26.879034748251556],[-48.72440069565934,-26.878954546967435],[-48.72439730786085,-26.878930354525746],[-48.72444193564655,-26.878876069105296],[-48.724450851851124,-26.87883307738588],[-48.72444552001404,-26.878783454136183],[-48.724421960335675,-26.878733813377877],[-48.72442452935132,-26.878658123767273],[-48.72441369875359,-26.878606844371006],[-48.724448843388664,-26.878541863726106],[-48.72446809377509,-26.87853896202892],[-48.72447862956417,-26.87855979789472],[-48.72449238026556,-26.87856824616383],[-48.72449295736222,-26.878529693718587],[-48.72453817687231,-26.87852066037816],[-48.72454390288572,-26.878528907171525],[-48.7245297888239,-26.878537743117768],[-48.724557014286304,-26.878543698392576],[-48.724564287819106,-26.878538243830867],[-48.724564881423575,-26.878521773730544],[-48.72461454329607,-26.878505139287892],[-48.72462764604575,-26.87853141495875],[-48.72460281142975,-26.878567068728614],[-48.72462322497183,-26.87857613330053],[-48.724628071434424,-26.878592820085927],[-48.72459854191891,-26.878630896209145],[-48.72457508741986,-26.878647187551447],[-48.72455819616284,-26.878644601557763],[-48.72454167662827,-26.878611755139776],[-48.72455604375771,-26.87859551143726],[-48.724549448879074,-26.878579496785914],[-48.72453110490833,-26.878576234914643],[-48.72448741957641,-26.878585895804683],[-48.724502176556946,-26.878609569295122],[-48.72450259092293,-26.878655647009385],[-48.72453317794716,-26.878682384847316],[-48.72456477713288,-26.878673166374586],[-48.72459315464173,-26.878681596675165],[-48.72460671602428,-26.87872421320213],[-48.72462665962403,-26.878729560227068],[-48.724617973705804,-26.87874639090133],[-48.724641291766254,-26.878776146736886],[-48.72460829959853,-26.878756637615584],[-48.72460758183891,-26.878783073290165],[-48.72462854088665,-26.87878143635875],[-48.72463651841992,-26.87880835774521],[-48.72464493362617,-26.878789417290296],[-48.72466050212428,-26.878786900263325],[-48.72469575412838,-26.878824418093654],[-48.72470383572808,-26.87885669539701],[-48.72471310146212,-26.87886387114012],[-48.72473347145328,-26.878864211000288],[-48.724759163666526,-26.878850755985],[-48.72475908720693,-26.878832166060977],[-48.72485285589085,-26.87881081286453],[-48.72490877125544,-26.878877035647104],[-48.72492840025956,-26.87888130996396],[-48.724947818443,-26.87903176807952],[-48.72493178643262,-26.879052048743418],[-48.72494914580427,-26.87907779282036],[-48.724939557805584,-26.879095095406296],[-48.724958948972116,-26.87909551964203],[-48.72495188898549,-26.879116890587486],[-48.72496404840752,-26.879150728019724],[-48.72494497232161,-26.879170345986797],[-48.72494189062731,-26.879218087466402],[-48.72496482483475,-26.879235563734074],[-48.72499401500499,-26.87921503565444],[-48.725010384624944,-26.879212769741862],[-48.725008792996974,-26.879247466825408],[-48.724998007767695,-26.879265053355113],[-48.72497017609191,-26.87926604087789],[-48.72493758059246,-26.879285201035103],[-48.72492400575426,-26.879317104236467],[-48.72478654824538,-26.87932263585621],[-48.72474858323237,-26.879334235372884],[-48.724735140446626,-26.879351153672197],[-48.72474910414986,-26.87936685925526],[-48.72478517874801,-26.87934292436468],[-48.72477685614227,-26.87937070492533],[-48.72482008917238,-26.87935736279463],[-48.724801886453356,-26.879433957531994],[-48.72480259400327,-26.879462791418124],[-48.72486058909032,-26.87947282952551],[-48.72485576768009,-26.879483375520262],[-48.72488642249638,-26.879507045148355],[-48.72493318082598,-26.879508878535752],[-48.724935779088604,-26.87953817876059],[-48.724922625029485,-26.879570225007143],[-48.72494859229192,-26.879602482651922],[-48.724970270665125,-26.879658995884267],[-48.7250071024894,-26.879669408702263],[-48.72505273033843,-26.87966045940517],[-48.72504844391958,-26.879615957271774],[-48.72502724457721,-26.87959747745514],[-48.725055723195034,-26.879516008903245],[-48.72503683683631,-26.879504194847506],[-48.725139089052774,-26.879466695194658],[-48.725196515920786,-26.879461893127115],[-48.72520783053717,-26.879435812210605],[-48.72523199329122,-26.879423606742666],[-48.725234172223935,-26.879400735811977],[-48.72527168474315,-26.879368363468004],[-48.725264334754314,-26.879351303376968],[-48.72522548000586,-26.879339996209097],[-48.72519811495341,-26.879313161493705],[-48.72520943502881,-26.879305348988392],[-48.72520374143008,-26.879275078413325],[-48.725220154162336,-26.87929935246316],[-48.72523188040056,-26.879273470394573],[-48.725253268407,-26.87927870974307],[-48.72523259997554,-26.87924869615406],[-48.72519991077797,-26.879259221112328],[-48.725138718860094,-26.879248413309714],[-48.725101960041236,-26.87921737798515],[-48.72506920741182,-26.879208258231742],[-48.725046907889585,-26.87918275858059],[-48.72501018971197,-26.879176275980928],[-48.72500023374281,-26.879165473918004],[-48.725009088387466,-26.879157954723492],[-48.72502920277991,-26.879157944787707],[-48.72506162317453,-26.879178023983147],[-48.725111734885296,-26.879134268029585],[-48.72513230581197,-26.879105835504237],[-48.725144189819815,-26.879074738911534],[-48.725139718708725,-26.87905247110865],[-48.72511817499711,-26.879036567675993],[-48.72507203980333,-26.879021368260112],[-48.72505951040856,-26.87900308765175],[-48.72508316183694,-26.87899334488167],[-48.725115156972144,-26.878952350130035],[-48.72512497428186,-26.878956106318025],[-48.72515737393776,-26.878864913792857],[-48.72516876011525,-26.878870782614953],[-48.72519024371587,-26.87881200089344],[-48.72520661750402,-26.878800679823897],[-48.72522144671955,-26.87877558051626],[-48.72518677159491,-26.878732414631994],[-48.7252025116132,-26.87869103172028],[-48.72519695835541,-26.87865968407245],[-48.72509780267059,-26.878656221770633],[-48.725084872569646,-26.878635539605582],[-48.725191528146055,-26.878493552759902],[-48.72522666341939,-26.878402433140376],[-48.725199019790935,-26.878291379875698],[-48.72521582220732,-26.878266491027485],[-48.72519213963978,-26.878220360746433],[-48.725166065740424,-26.878200523680917],[-48.725147742052826,-26.87813499667183],[-48.72515991122653,-26.878109804890112],[-48.72515400877082,-26.87809634723075],[-48.72518468258097,-26.878070813625012],[-48.72518342359118,-26.878034233231297],[-48.72522121859743,-26.878016375040996],[-48.7252126337166,-26.878000077487144],[-48.72519653287267,-26.87799596652535],[-48.72519796016237,-26.877985500316708],[-48.72522636439879,-26.87796821826435],[-48.72520922811915,-26.87794968028209],[-48.72516912420663,-26.877980319707707],[-48.72514588861672,-26.87797162128589],[-48.72510241925801,-26.87800302320918],[-48.725065203183725,-26.87800669693341],[-48.725106291661895,-26.87782715354767],[-48.72509676227834,-26.877791940733267],[-48.72514197188078,-26.877813233908128],[-48.72514551390672,-26.877785009924818],[-48.725183521609424,-26.877759843503117],[-48.72521901013186,-26.87771112222102],[-48.72522289366582,-26.877687954755903],[-48.7252151780073,-26.877639610704655],[-48.72523356825703,-26.877619801147993],[-48.725218485913,-26.87761578961877],[-48.72519519540302,-26.877627073309768],[-48.7251505224859,-26.8775681303947],[-48.72510197176787,-26.877404837707573],[-48.72508233754192,-26.87756500085106],[-48.72504650063639,-26.877568407102263],[-48.72499988328192,-26.87756012714114],[-48.72496075360231,-26.877367822524526],[-48.724930237941166,-26.877360394789793],[-48.72491790901033,-26.877343922306707],[-48.72487018857954,-26.87731223931413],[-48.72487341892636,-26.877293298349475],[-48.724894017694155,-26.877272454100837],[-48.72487032297387,-26.877243979142264],[-48.72486278952519,-26.8771906158696],[-48.72487848434805,-26.87717670558656],[-48.72492297840461,-26.87717803860297],[-48.72493461535115,-26.87717193052859],[-48.72494872967389,-26.877155282914295],[-48.72494273506656,-26.877135626628867],[-48.724963343512925,-26.877101936125303],[-48.72499319626283,-26.8770744246865],[-48.72500305403653,-26.87703731039688],[-48.72495326245716,-26.87701819862036],[-48.724933496637846,-26.877024439288263],[-48.72491054829491,-26.877009850649404],[-48.72486853708472,-26.8769986631435],[-48.72486075436941,-26.876967794875117],[-48.724869031814094,-26.87689934729219],[-48.724894693449116,-26.87691417637253],[-48.724906201726746,-26.87695730127784],[-48.72490221582362,-26.876977639704794],[-48.72491806686295,-26.87698919099314],[-48.724934833443115,-26.87687011181556],[-48.72497101858788,-26.876796797361507],[-48.724981667870416,-26.87673337581734],[-48.72503438653584,-26.876635920819773],[-48.725110006147794,-26.87660420731098],[-48.72517591150419,-26.87656591096016],[-48.72520213920514,-26.876539405078194],[-48.72544136249086,-26.876412299850667],[-48.72547720807618,-26.876409898952097],[-48.725498223918756,-26.876393491452237],[-48.725510464863525,-26.876328864533903],[-48.72550490692771,-26.876214869369775],[-48.72548408853876,-26.87604766628887],[-48.72548773301168,-26.87592681266074],[-48.72547937673541,-26.875788226644165],[-48.72550366764174,-26.875760883616483],[-48.725642881019716,-26.875677134067228],[-48.72565816526354,-26.875678337653323],[-48.72568444755873,-26.87569674035987],[-48.72575741433667,-26.875782066072766],[-48.72597661282259,-26.87597130064922],[-48.72610853004408,-26.876110075342854],[-48.72614705759724,-26.876136825132726],[-48.726340379983945,-26.87631909176032],[-48.7265520708479,-26.876467812723522],[-48.72656657926441,-26.876470678681287],[-48.72660631337857,-26.876451381195704],[-48.726591188243525,-26.876377354174775],[-48.72659538557943,-26.87636192210949],[-48.72660863127473,-26.87635215416446],[-48.72657715971733,-26.87632164653369],[-48.72656812541381,-26.87628490849851],[-48.726527436573335,-26.876256123295555],[-48.726462040935054,-26.87615675220447],[-48.72647145635394,-26.87614130937023],[-48.726490867088785,-26.876141184093573],[-48.726613727330204,-26.87624695970621],[-48.72662079115623,-26.876245585247013],[-48.72660950498977,-26.87622949788654],[-48.726643126942214,-26.87623386358599],[-48.72661128938719,-26.876210280906886],[-48.726615473051055,-26.87619367091999],[-48.72660259763247,-26.876179607451004],[-48.72657436890066,-26.876113379704826],[-48.726576456581306,-26.876033550788083],[-48.726562453070095,-26.876003095066046],[-48.726590791683115,-26.875954409914822],[-48.726570769705994,-26.87594872350345],[-48.726564755901826,-26.875883098751576],[-48.72655526286332,-26.875870289977723],[-48.726564273847934,-26.87586218117317],[-48.726565975235914,-26.875838211445902],[-48.72655725256975,-26.875764481489952],[-48.72654116624901,-26.87572812901285],[-48.726524565856224,-26.875722190830732],[-48.72653170515965,-26.875710355459436],[-48.72651870385602,-26.87570504916121],[-48.726511224658026,-26.87571174320528],[-48.72648194671752,-26.87569055709968],[-48.7264689818602,-26.875659444857625],[-48.726451284657024,-26.8756546089579],[-48.72644636497035,-26.875636845320983],[-48.726418356579565,-26.875617744447535],[-48.7263970509719,-26.875537068838003],[-48.72635679186773,-26.875524789147036],[-48.726344472255455,-26.87553168232651],[-48.72631312926748,-26.87552357558231],[-48.726272674574105,-26.87549854377689],[-48.7262818353509,-26.87548762626188],[-48.72626312848282,-26.875480243612415],[-48.726261910092866,-26.875435682567904],[-48.72623191761234,-26.875341198571903],[-48.726216837061,-26.875317099505253],[-48.72622498351316,-26.875316234326085],[-48.72619102497853,-26.875268064407518],[-48.7261754620407,-26.875157054128604],[-48.72618993051422,-26.875109466978515],[-48.7262049887985,-26.875098677786593],[-48.726202708822875,-26.87508508444931],[-48.72622162852911,-26.87502199803153],[-48.72621020059588,-26.874974488584602],[-48.72622470203821,-26.87492696152066],[-48.726247606498404,-26.874885709092457],[-48.72626504190043,-26.874883004419008],[-48.72627250379261,-26.874854043900914],[-48.72631921782038,-26.87480163232519],[-48.72634903030289,-26.87474822854184],[-48.72638180841569,-26.874716043112457],[-48.72640683788877,-26.874710101718343],[-48.726532042139006,-26.874711041074313],[-48.72662819898856,-26.874745715804583],[-48.72672819223077,-26.87475603906426],[-48.726773379929675,-26.874784671877613],[-48.72682918030373,-26.874838755857848],[-48.726859378446434,-26.87487957871924],[-48.72685770359018,-26.875040683763682],[-48.72686845601226,-26.875061313581913],[-48.72695692272697,-26.875054252270917],[-48.7270724480403,-26.87495291027469],[-48.72725514914517,-26.875052489893168],[-48.7272816690931,-26.875033617617277],[-48.72728084582904,-26.87500726358334],[-48.727295970181174,-26.874972139793147],[-48.72732852638263,-26.87494359286385],[-48.727368080756655,-26.874886715008476],[-48.727376810154034,-26.874850721239934],[-48.727480965957206,-26.874601599813815],[-48.727533974731344,-26.874546329021854],[-48.72753219051336,-26.87445577347195],[-48.72773836544016,-26.87394581989017],[-48.72774413672955,-26.873912458790034],[-48.727732918607956,-26.87389523552218],[-48.7277595347681,-26.87381925746051],[-48.727801125400084,-26.87373761820653],[-48.727792611569896,-26.873725813450694],[-48.72773379419135,-26.873706702813433],[-48.72771451157969,-26.873714228651195],[-48.72773376641404,-26.873740594890844],[-48.72771508157997,-26.873741326750658],[-48.727689023632216,-26.873717497070903],[-48.72773438283759,-26.873590276894433],[-48.727771938419544,-26.8735232619682],[-48.7277991544888,-26.873495976368602],[-48.727843425585924,-26.873476690076764],[-48.727890435928416,-26.873476118679214],[-48.727918002665874,-26.87345640576378],[-48.72795782468624,-26.873348562350646],[-48.72792762666233,-26.87332393424043],[-48.72793002439216,-26.8732024277126],[-48.72800257199289,-26.873138844393146],[-48.728081553599935,-26.873139386338842],[-48.728107387188146,-26.87310393018743],[-48.7281615901919,-26.87306326465958],[-48.72820382728552,-26.872992445234],[-48.7282559843756,-26.872867833049856],[-48.72822089683266,-26.872812400549854],[-48.72812105394898,-26.872750447879273],[-48.727833972857226,-26.872758875758805],[-48.72778718903325,-26.87277329442547],[-48.72770219733049,-26.872770422084397],[-48.72768530111005,-26.872759619586155],[-48.727545181518174,-26.87276732968808],[-48.72748602101259,-26.87275372834119],[-48.72746055966994,-26.87271039809526],[-48.727453258929,-26.872659030346476],[-48.72753027678384,-26.87239196637755],[-48.72760269771605,-26.8722789511435],[-48.727622807239264,-26.87227298631674],[-48.72769362340031,-26.87227507206176],[-48.72774814154561,-26.87225531617091],[-48.727789168099434,-26.87228573083012],[-48.72781110706417,-26.87229204439764],[-48.72809081110992,-26.872335383520852],[-48.72823924606251,-26.872346455765467],[-48.72828104708426,-26.872316754984702],[-48.72829044133653,-26.87230022690615],[-48.72827830566285,-26.872272830010047],[-48.72823964437013,-26.872245305275],[-48.72822675952184,-26.87224445643168],[-48.72820761936286,-26.872273609228476],[-48.72816825901765,-26.872264891189428],[-48.72812777972324,-26.87227398581723],[-48.728075068988765,-26.87225025914003],[-48.72805353912619,-26.872251818877533],[-48.72800775482433,-26.872238608853586],[-48.72801987283671,-26.872218272928603],[-48.72806439591623,-26.872204625510072],[-48.7280715331288,-26.872185929554554],[-48.72811965662286,-26.872161870658594],[-48.72813730124201,-26.872144201005156],[-48.7281511302024,-26.87211408832885],[-48.72818532942372,-26.872098737066906],[-48.7282034034821,-26.872110168502953],[-48.728217504254104,-26.872102596254766],[-48.728222806657286,-26.87207254048286],[-48.72819401760379,-26.87204962900143],[-48.72824327005997,-26.871950681877667],[-48.72826626090113,-26.8719498323686],[-48.728324016296895,-26.871973148251996],[-48.72832307157332,-26.872039524751507],[-48.72839100310789,-26.872088290987406],[-48.72840533006951,-26.872114150133406],[-48.72849198008445,-26.87203787825708],[-48.728560151851696,-26.872008037360644],[-48.72861648519364,-26.871945590864446],[-48.72862773340161,-26.871904275095314],[-48.72863977639787,-26.871889345404746],[-48.728633131745795,-26.87187137721323],[-48.72850503321755,-26.871846536072297],[-48.728381515814455,-26.871833453447245],[-48.72836779693001,-26.871814679312415],[-48.72836370551459,-26.871758901463878],[-48.72837522241456,-26.87174335869329],[-48.728408744740655,-26.871733570038096],[-48.728418529773215,-26.871718883820563],[-48.72841897723482,-26.87170687123788],[-48.72838697837204,-26.871685256451347],[-48.72840332481429,-26.87167100603672],[-48.72857233439286,-26.87164323591849],[-48.72858214142348,-26.871648690097018],[-48.72859555422534,-26.871686048028568],[-48.72864934353001,-26.871682091035034],[-48.728672007488875,-26.871669501598056],[-48.728697814689056,-26.871627736733306],[-48.728777620345696,-26.8716263701649],[-48.728831634947376,-26.871556770440957],[-48.72883710023325,-26.871492075668645],[-48.728861500744934,-26.871409018046265],[-48.728856608960065,-26.87134594633584],[-48.728838675926504,-26.87132162209201],[-48.72877709193501,-26.87132301632719],[-48.72875035006285,-26.871299132539313],[-48.7287319025627,-26.871293951882866],[-48.72873682451926,-26.87114483286701],[-48.728723570100854,-26.871076294110765],[-48.72872778710783,-26.87103422724902],[-48.72865835274578,-26.870891620658966],[-48.728666720594475,-26.870864511017977],[-48.72868519932993,-26.87084225037155],[-48.72883292412541,-26.870735964431823],[-48.728862421904665,-26.870704882534366],[-48.72888334523224,-26.870675856655932],[-48.72889437708829,-26.870610714396808],[-48.72887383363611,-26.870529258070164],[-48.72884056533562,-26.870473697044538],[-48.72882429408469,-26.870397101420526],[-48.728824279312285,-26.87025239452851],[-48.72866629044677,-26.870180300727476],[-48.72865506966905,-26.87018179528567],[-48.72864124311424,-26.87020465956617],[-48.7286125688443,-26.870196008797006],[-48.7285722437589,-26.870164657193907],[-48.72858208252356,-26.870114654293896],[-48.72856886466014,-26.87008199947588],[-48.728608673525144,-26.87006064309318],[-48.72865719922912,-26.870089707950104],[-48.728690487086666,-26.870130537671894],[-48.72882236970695,-26.87021295818647],[-48.728830103582055,-26.870209808412355],[-48.72885634718122,-26.870151122280436],[-48.72886988492731,-26.870142906475852],[-48.7289736846564,-26.870212770793497],[-48.7289883179411,-26.87021166948494],[-48.72911433838702,-26.870119062043532],[-48.72913296632194,-26.870100805205414],[-48.7291365714494,-26.870083302302298],[-48.72911075534764,-26.870007516199824],[-48.72892396342491,-26.869956031113887],[-48.72891499310869,-26.86994446636264],[-48.72891837874557,-26.869921482945482],[-48.729117991339095,-26.86996764748378],[-48.72910815373857,-26.869877979467233],[-48.72915683226763,-26.869848241811372],[-48.72916295014624,-26.86983466255394],[-48.729158490490136,-26.869817633763336],[-48.72912463701746,-26.869790197398725],[-48.72917326978575,-26.869697942404603],[-48.72922561232625,-26.869680529766374],[-48.72923724971602,-26.86965335079622],[-48.72930651238153,-26.869616674654598],[-48.729432692987764,-26.869584141307868],[-48.72943043230358,-26.869575306951244],[-48.72938893707325,-26.86956096698379],[-48.729392970405144,-26.869553153381723],[-48.7294804033059,-26.86953410621603],[-48.72944582173734,-26.869505035614367],[-48.72945035216582,-26.869416494652317],[-48.72938140241002,-26.86925527133556],[-48.72939072032474,-26.869241282339697],[-48.729394963980624,-26.869198467727877],[-48.729427533376125,-26.86917806054015],[-48.7294402974171,-26.869177334339188],[-48.729466526026556,-26.8692015580844],[-48.72948868960912,-26.869208844215194],[-48.729558881076024,-26.869195971549026],[-48.729552696439,-26.86916792225324],[-48.72956118998931,-26.869150165787673],[-48.72954855950294,-26.869127034160734],[-48.72955987322307,-26.86911010454104],[-48.72950201085468,-26.869073111703024],[-48.72949513290741,-26.869043148890082],[-48.72953002277974,-26.869026616201793],[-48.729532473904634,-26.8690033063957],[-48.72958437567184,-26.868978674108096],[-48.72957585503928,-26.86897200070641],[-48.729506294221146,-26.868965303877456],[-48.72947396584117,-26.86894650784054],[-48.72943139239208,-26.868943484488675],[-48.72939451619019,-26.868951050934744],[-48.72935902568095,-26.86894516870874],[-48.72927336293514,-26.868923845914498],[-48.72926192060652,-26.868908888838767],[-48.72934807095609,-26.868852075975155],[-48.72936615269487,-26.86880640007487],[-48.729396546393325,-26.868836958312084],[-48.729395285554766,-26.868854935691516],[-48.729421932634864,-26.868865514743685],[-48.72943791091851,-26.868837883892205],[-48.72947626693905,-26.868807874618156],[-48.72951466993308,-26.86879137763144],[-48.729518381920336,-26.86876549894626],[-48.729550106926375,-26.868764883412442],[-48.7297324898796,-26.868706360675592],[-48.729757809022885,-26.868598002827948],[-48.72975395595,-26.86857669984814],[-48.729733998429296,-26.868547895896352],[-48.729742651048646,-26.86852967810955],[-48.72976274013836,-26.86852122183641],[-48.729757295754794,-26.868485482896457],[-48.7297863872752,-26.868383372880405],[-48.72978331679149,-26.86833448181273],[-48.72976162852421,-26.86832280300488],[-48.729583604002336,-26.868314056519083],[-48.72953410286391,-26.868289465131408],[-48.72953090205242,-26.86824745498702],[-48.72953671111291,-26.86820409787393],[-48.729559314984236,-26.86817040068625],[-48.72979832468757,-26.868161038405127],[-48.72981608932311,-26.868149051370455],[-48.729832798786965,-26.86812016967755],[-48.7298404689443,-26.86803184968392],[-48.72982139633678,-26.867967869658628],[-48.7298435585936,-26.86795194006414],[-48.729850304916475,-26.867928753406343],[-48.729889435469204,-26.867541643492125],[-48.72987081812244,-26.867448024255918],[-48.729878805400446,-26.86728035291355],[-48.72985664684502,-26.86699537628102],[-48.729844047127145,-26.866971164939333],[-48.729823958411316,-26.866992109409903],[-48.72981173067729,-26.86702362699675],[-48.729811945258064,-26.86706945347287],[-48.729750846240584,-26.867081542900383],[-48.729729738459916,-26.867093707246195],[-48.729710102893435,-26.867090757473907],[-48.72969248524563,-26.867106375635053],[-48.72965920700455,-26.867087449785295],[-48.72955268140971,-26.86708589054204],[-48.729542861479366,-26.867069866691416],[-48.72954460861377,-26.86689800247594],[-48.72953179685611,-26.866889344211067],[-48.72947944774891,-26.86692765235397],[-48.729502296601495,-26.867012529868152],[-48.72946033796446,-26.867072549264158],[-48.729442728148314,-26.86708329155774],[-48.72939281134055,-26.867093029142833],[-48.72932278505237,-26.867093067031842],[-48.72934223546754,-26.866961448921202],[-48.72926973100849,-26.86692612580326],[-48.729227141581596,-26.866942774768518],[-48.72919156487526,-26.866935547389016],[-48.7291711523768,-26.866923993692374],[-48.72915648165247,-26.86689012794632],[-48.72915620702213,-26.86685985882675],[-48.729174763774346,-26.866806610850027],[-48.72917842039178,-26.866715366515553],[-48.72915798837334,-26.866651965604596],[-48.72912183080611,-26.866632770454697],[-48.72900196356861,-26.86660422959298],[-48.728910852552055,-26.86655406509242],[-48.72888290723441,-26.86652232511138],[-48.72881370212895,-26.866512508529862],[-48.72880028309431,-26.86650206802121],[-48.728801868899914,-26.86642055226641],[-48.728813953830624,-26.866334006238525],[-48.72884463865466,-26.86619829747441],[-48.72885288310805,-26.866103521593338],[-48.72887086121674,-26.86608194771471],[-48.72886501134827,-26.866051460831617],[-48.728894485740874,-26.865985026636682],[-48.72893102999114,-26.865952984892303],[-48.72898627733328,-26.865926936433116],[-48.72901463934352,-26.865933034434242],[-48.72905446280117,-26.86596600943706],[-48.72911568522202,-26.86597224118889],[-48.72922304148935,-26.865955893124358],[-48.72936654937245,-26.865952531083828],[-48.729507930073396,-26.86593914454364],[-48.7294750664335,-26.8659232070371],[-48.7294535323212,-26.865877695855918],[-48.72943703514139,-26.86588292128533],[-48.72942836501745,-26.865876740928748],[-48.72941769259467,-26.865846277639005],[-48.72941554803548,-26.865802572502645],[-48.72937598181617,-26.86578361414299],[-48.729318325734056,-26.865737286916048],[-48.729313478096614,-26.865724169448097],[-48.72932964866621,-26.865673443347788],[-48.729385992937864,-26.865663091592406],[-48.7294095524077,-26.8656091379184],[-48.72943622420376,-26.86559074132483],[-48.72945169035272,-26.86560559157213],[-48.729460470272706,-26.865602598436055],[-48.72946382041631,-26.86558757135366],[-48.72944721128137,-26.8655664198523],[-48.729480279957485,-26.865539753070944],[-48.72950468311775,-26.865532917450818],[-48.72949329273712,-26.865501421953113],[-48.72950610926767,-26.865487470196424],[-48.729488668117,-26.865475125920835],[-48.72943049232808,-26.865252291947602],[-48.72942680686398,-26.865208905882287],[-48.72944777854411,-26.865194068111748],[-48.72944781585541,-26.865173967438906],[-48.729416192256686,-26.865106246257007],[-48.72937788055045,-26.865068879043225],[-48.729346432323474,-26.865018271204054],[-48.72934193543402,-26.865]],[[-48.72995794885018,-26.865],[-48.72997861805999,-26.865030603914025],[-48.72998828707619,-26.86507559049609],[-48.73007381789545,-26.865269542092683],[-48.7300899057083,-26.865293271584843],[-48.7301180731026,-26.86530931128501],[-48.730120146213714,-26.86532224698468],[-48.73018026564858,-26.865397800656183],[-48.730155628614355,-26.865431766747342],[-48.73018528546831,-26.86551385034514],[-48.730225187024345,-26.86553375602987],[-48.7302416420361,-26.86556540322705],[-48.730257316340406,-26.865572808775134],[-48.7302702631195,-26.865571275913016],[-48.730263533628765,-26.865552569121643],[-48.7302718695215,-26.865541778811203],[-48.730320116298074,-26.865562924031718],[-48.73055694421329,-26.865567055662],[-48.73067559745591,-26.865578152879504],[-48.730699428788014,-26.865826123240094],[-48.73068438371644,-26.86584243353046],[-48.73063260276858,-26.865841699340955],[-48.73061171399086,-26.865848909266003],[-48.730605236204894,-26.86587045511684],[-48.730612761351615,-26.86589285849492],[-48.73064764822144,-26.865875511408458],[-48.730773244889754,-26.86586725773425],[-48.73084111988985,-26.86585175887741],[-48.73084838952267,-26.86577502887562],[-48.73089736471752,-26.86560815188237],[-48.730915783347506,-26.865581576168875],[-48.73098032262058,-26.865553468711948],[-48.731395030237195,-26.865550818006326],[-48.73164555262696,-26.865534967122628],[-48.73170340865752,-26.86552403044274],[-48.731786832387144,-26.865535478964574],[-48.732026385990686,-26.86552107303144],[-48.732083806496064,-26.865526816507067],[-48.73210706026303,-26.865585742863342],[-48.732157279660605,-26.8655972574453],[-48.73212929742011,-26.865631574514506],[-48.73213508596705,-26.86569175290979],[-48.73214547865613,-26.865683474538738],[-48.732162051724444,-26.865702174098292],[-48.732150795168,-26.86576408146153],[-48.732140383528076,-26.86577956202556],[-48.732146132390206,-26.865801892605344],[-48.732121617127994,-26.865841478801478],[-48.73208677069814,-26.865857717795055],[-48.731999651289286,-26.86585188926934],[-48.731915343412666,-26.865864310151284],[-48.731832273896224,-26.865894696185617],[-48.731744224632706,-26.86588957724634],[-48.73165531992995,-26.865925452989696],[-48.73169180265768,-26.865933007438027],[-48.731809851842605,-26.865926601734557],[-48.731878024232294,-26.86593270200213],[-48.73189696467017,-26.865978594475862],[-48.731900907257966,-26.866018421751598],[-48.73191547350197,-26.866038652178336],[-48.732021363630665,-26.866102467912402],[-48.732157706150154,-26.86614131859651],[-48.732207628573455,-26.866165761494084],[-48.732203341260664,-26.866189748534534],[-48.732221614110685,-26.866217013502837],[-48.732226514481454,-26.866261746552674],[-48.73219982078213,-26.86628589287837],[-48.73214215656373,-26.866306058625508],[-48.732097897287915,-26.866334863932824],[-48.732069548149475,-26.866337988937897],[-48.732050327098676,-26.866408965365558],[-48.732059835753994,-26.866423106050682],[-48.73208797390795,-26.86642546188343],[-48.73213418424969,-26.866452885600374],[-48.732180525690254,-26.866423112880476],[-48.73221220925371,-26.86645721892627],[-48.73221392701657,-26.8664706281059],[-48.73218700492494,-26.86649537540552],[-48.73215212870529,-26.86649832256375],[-48.73212487719569,-26.866488143149283],[-48.73212664621961,-26.86650508446021],[-48.73211544346198,-26.866521730926255],[-48.73212889397407,-26.86653545116188],[-48.732166012515115,-26.86655174786144],[-48.73224971659717,-26.86655377630325],[-48.73229525971172,-26.86656804680355],[-48.73218485371353,-26.866581696835784],[-48.73207921734431,-26.866577446428085],[-48.73198731679851,-26.866590015289287],[-48.731932123079154,-26.866581273440506],[-48.7316406117108,-26.866600546679134],[-48.73150086855359,-26.8666196768696],[-48.73149663895869,-26.866626195079487],[-48.731638674676994,-26.866633668175464],[-48.73202129196255,-26.8666242538216],[-48.73215184214551,-26.866628408714398],[-48.73218426779313,-26.866637179414177],[-48.73220756321773,-26.86662978678495],[-48.73226715895311,-26.86665937550901],[-48.732278287856836,-26.86667890547878],[-48.73228593340181,-26.866660347361194],[-48.73231350974733,-26.866643609909598],[-48.732338319630784,-26.866650234136767],[-48.732357003334414,-26.86663800250207],[-48.73238985910023,-26.866646651007382],[-48.732414544556605,-26.866638380904057],[-48.732459327658844,-26.86663920339892],[-48.7324466215061,-26.866625393161048],[-48.73245658963041,-26.866615500683967],[-48.73255663670732,-26.86663380259335],[-48.732571962463666,-26.86662041333779],[-48.732629182084764,-26.86661154173599],[-48.73270448441091,-26.8666134991583],[-48.732735723135335,-26.86662789825387],[-48.73273714652062,-26.86662040634656],[-48.73285091554657,-26.866681906787232],[-48.73284915097082,-26.866669327120075],[-48.73288928280221,-26.866682425853607],[-48.732890045496596,-26.866669666539003],[-48.73294019862578,-26.86670612097088],[-48.732930261657955,-26.866708954975305],[-48.732929078242314,-26.866722476431917],[-48.73291178548234,-26.866723295447137],[-48.73291021917935,-26.866706829377936],[-48.73289538117272,-26.86670338667511],[-48.7328805939865,-26.86671409258345],[-48.73287944874671,-26.866731601700952],[-48.732865462751924,-26.86672756802068],[-48.73284693358702,-26.866752836370914],[-48.732820584391774,-26.86675300558321],[-48.73278180340097,-26.866766919147835],[-48.73275362201955,-26.866789522872224],[-48.73276140070888,-26.866806454123797],[-48.73278176472087,-26.866819246512947],[-48.732827607643195,-26.866809771735248],[-48.73289162003775,-26.866817523063478],[-48.73291890811032,-26.86702184369273],[-48.73317264530316,-26.867063068000668],[-48.73326629339459,-26.867064303304947],[-48.73330342879361,-26.86709944777889],[-48.73330400177089,-26.86715860482415],[-48.73328843467096,-26.867177989813033],[-48.73330720020787,-26.867208573671345],[-48.73331099345697,-26.86723997139928],[-48.7333001250921,-26.867352612129828],[-48.73328997872304,-26.867385566770032],[-48.733253056579585,-26.867419737919672],[-48.73319876812126,-26.867439238979074],[-48.733171889824945,-26.867436666222602],[-48.73312605146415,-26.867413413619563],[-48.73311418580638,-26.867443570120795],[-48.73313563497055,-26.867460284801208],[-48.73324824558636,-26.867468826522416],[-48.73327107444824,-26.867502840832824],[-48.73326346748691,-26.867625561965074],[-48.733276291285144,-26.867606797179157],[-48.73329237930272,-26.867608822289668],[-48.733273977889816,-26.867639891018474],[-48.73326241771283,-26.867745741391243],[-48.733249017085846,-26.867776372334614],[-48.73324983969224,-26.86785449126522],[-48.73324089783865,-26.86786822125733],[-48.73313994838157,-26.867879810876577],[-48.7326690690224,-26.867898004937658],[-48.73249469705159,-26.867886102606228],[-48.73234781440377,-26.867905965488195],[-48.73226504788006,-26.86789553039375],[-48.73221662165705,-26.867904689154155],[-48.73191187979585,-26.867901058198047],[-48.73186190278072,-26.86791168460115],[-48.73174021036221,-26.867905914496614],[-48.73171749784985,-26.867912774016617],[-48.73163671901236,-26.867902327149018],[-48.73159937615211,-26.867905669530742],[-48.731516616874714,-26.867931775422537],[-48.73138533689533,-26.867923024586425],[-48.73124692124514,-26.86793273427626],[-48.73120619813234,-26.867942335848145],[-48.731112021876996,-26.867940206255685],[-48.73103432090892,-26.867949482888914],[-48.73093420917502,-26.867933470153957],[-48.730931216744686,-26.867921516009623],[-48.730948939484755,-26.867904715360257],[-48.73105237202809,-26.867902224233994],[-48.73112268694072,-26.867887959333423],[-48.73136188718892,-26.867906726948796],[-48.731425963590375,-26.867885386649615],[-48.73153338763643,-26.867882812158193],[-48.73156644841524,-26.86788911867896],[-48.73158180077541,-26.86788005724545],[-48.73159047041461,-26.86781459156672],[-48.73155906132747,-26.867813961842145],[-48.73155665546904,-26.867786129404646],[-48.73154921010345,-26.867782147358195],[-48.731513226407124,-26.867805569506313],[-48.73149232970726,-26.86780217105994],[-48.731506109009715,-26.867793929075322],[-48.73149851228059,-26.86778371765634],[-48.73142815987744,-26.867790842826306],[-48.73142163950105,-26.86775791584454],[-48.73139423063677,-26.867732370359064],[-48.73141980205899,-26.8677107854106],[-48.73142433999248,-26.86768605159024],[-48.731416424293776,-26.867683703551055],[-48.731412753471346,-26.86770376394256],[-48.73136653278821,-26.86770239910167],[-48.73136841306923,-26.867719457715918],[-48.731349705305064,-26.867717103341157],[-48.731368396897516,-26.867670113925175],[-48.73133474736487,-26.867662001119843],[-48.73128676474259,-26.867623034250055],[-48.73131302409076,-26.86761149747089],[-48.73137662412609,-26.867622328374726],[-48.73138494711692,-26.867610826661625],[-48.73138167981012,-26.867600189305108],[-48.73136984145344,-26.867598055332646],[-48.73135656298208,-26.867608379188077],[-48.73134612306497,-26.867594514094353],[-48.731374662972385,-26.86755538616437],[-48.73141139829745,-26.867556461526423],[-48.731431687703946,-26.867570317807573],[-48.73142570133777,-26.86752984585133],[-48.731431691715805,-26.867522229653694],[-48.731445212284946,-26.867524073868786],[-48.73147370278934,-26.86755879662855],[-48.731494770907794,-26.867534853440056],[-48.73163119069758,-26.867508000890975],[-48.73163567021134,-26.867501062537393],[-48.73159963843802,-26.867490400920158],[-48.731513662493896,-26.867497903413327],[-48.731439967599,-26.867493780879677],[-48.731382788430935,-26.867445959496113],[-48.73134137318525,-26.867456216917283],[-48.73127841032248,-26.867454755593652],[-48.731184907785156,-26.867505340254997],[-48.731099624029326,-26.867516929997823],[-48.73101888991405,-26.867515499936427],[-48.73098755110543,-26.867530808569974],[-48.73098618929159,-26.867538990014747],[-48.73099671674844,-26.867543378055345],[-48.73109106718543,-26.867540445929688],[-48.731179209171515,-26.867563259452044],[-48.731194042541624,-26.86760085747519],[-48.73121923234207,-26.867626462120942],[-48.73123070145857,-26.867661808640662],[-48.73122481662864,-26.867684298078316],[-48.73119424975851,-26.867706151120885],[-48.731113167928896,-26.867714721040887],[-48.73105682508551,-26.867741738198074],[-48.73103863060622,-26.867736506876835],[-48.73102986967524,-26.86774615240432],[-48.73091776150721,-26.86773950942373],[-48.73091046768687,-26.86774744218198],[-48.73089736008038,-26.867741747455224],[-48.73084450185732,-26.86769765922074],[-48.73080661321565,-26.867623821013783],[-48.7308173942833,-26.867599936525135],[-48.7308110081507,-26.867583174644437],[-48.73081687308847,-26.867572872559837],[-48.73084474966769,-26.86758728214999],[-48.73088989769984,-26.86757165926974],[-48.73088184073954,-26.867556228752637],[-48.73088785635883,-26.867546644731334],[-48.730903832330895,-26.867560375858965],[-48.730931905612145,-26.867551982655193],[-48.730932064754086,-26.8675380152101],[-48.73090758268577,-26.867527164384967],[-48.73089990351519,-26.86753187009351],[-48.730901202493456,-26.867544020850403],[-48.730858884639176,-26.867530588630657],[-48.73083370247376,-26.86753575053679],[-48.73082727816697,-26.86754473688398],[-48.73083452297395,-26.867563497955306],[-48.73077142594563,-26.867538114684226],[-48.730763489546035,-26.867542952524357],[-48.730768556414475,-26.86756032132675],[-48.73075385547763,-26.867557168481316],[-48.730742940439924,-26.867543970751736],[-48.730698655484375,-26.867546808833545],[-48.730693823208235,-26.867573274219186],[-48.73070485311148,-26.86759155371506],[-48.730698102110466,-26.867606468448464],[-48.73070095705245,-26.86765297086815],[-48.73065193257145,-26.86764784625764],[-48.730662740806025,-26.867692091233362],[-48.73061951081262,-26.86770962014548],[-48.73060514163075,-26.86769413695927],[-48.730625031733766,-26.867660462771795],[-48.7306153706105,-26.86764418614363],[-48.73062149870574,-26.867631238688034],[-48.73058140682601,-26.86761664187402],[-48.73056915614196,-26.867653194859425],[-48.7305749647517,-26.86766183891767],[-48.73056363977982,-26.867670680655912],[-48.730557766381196,-26.86772579668717],[-48.730569058853966,-26.86775576900355],[-48.73059747560912,-26.867786766314488],[-48.730590024302046,-26.867815987236174],[-48.73062694399601,-26.86782587282292],[-48.73063313553578,-26.86783645518535],[-48.73062617226145,-26.867852474718568],[-48.73066320807408,-26.8678804311096],[-48.7306971240635,-26.86788134857178],[-48.730732641954596,-26.867865035917664],[-48.730789272339095,-26.867865703607162],[-48.73084902177297,-26.867841797888996],[-48.73086275795849,-26.867789959491613],[-48.7308925937512,-26.867805177553947],[-48.73090217377401,-26.8678271311084],[-48.730884867081414,-26.867887097431723],[-48.73086986496056,-26.86790623219714],[-48.73090994399503,-26.867921479398746],[-48.73091264766819,-26.867935900729623],[-48.73090461787206,-26.86793881304291],[-48.73087819548723,-26.867925450199348],[-48.73082264312959,-26.86795520265621],[-48.73084337106422,-26.867971890747818],[-48.73156027852169,-26.86795684272386],[-48.731539612684934,-26.86801920537444],[-48.731553141391565,-26.868045345606486],[-48.731680846004984,-26.86811188174898],[-48.73174340719286,-26.868063461379073],[-48.73176697345921,-26.86807911647535],[-48.731831422080035,-26.868033533000002],[-48.731874448841104,-26.868054014569086],[-48.73190403985829,-26.867944927032372],[-48.73196066161778,-26.867952786682874],[-48.732000712616404,-26.867949179038114],[-48.73201621628208,-26.867967476109285],[-48.73203174215332,-26.8679718540664],[-48.73204811256571,-26.868034302326503],[-48.732057736825325,-26.868046538885686],[-48.73207058172715,-26.868030409729844],[-48.73209530721794,-26.867954450785245],[-48.732119366605446,-26.86796032300267],[-48.73215656863636,-26.86803029368684],[-48.7321836334573,-26.868001338752084],[-48.73220953447436,-26.867945484598724],[-48.7322203778989,-26.867939187138145],[-48.73223172419353,-26.867944853475624],[-48.732244020964956,-26.867992546166086],[-48.73226760283653,-26.867968292151783],[-48.73230457120912,-26.867996928403283],[-48.73231897545079,-26.86798938855141],[-48.73234255622167,-26.867934781324],[-48.732364696190274,-26.867933113362625],[-48.73239452997673,-26.8679784496302],[-48.73241759527867,-26.867965104300705],[-48.73244952232188,-26.86800589238763],[-48.73246105345151,-26.868009659298014],[-48.73247209717933,-26.868001240652553],[-48.73250202336634,-26.867928833225523],[-48.732569630701846,-26.867920650009598],[-48.73260672418664,-26.86792309803407],[-48.73266024660146,-26.86802951084983],[-48.73269706103713,-26.868041962604963],[-48.732730642217646,-26.868042063803205],[-48.732765235591444,-26.867974283194105],[-48.73280641345318,-26.868035999593424],[-48.7328860267845,-26.86801388726005],[-48.73290552661623,-26.867988245534654],[-48.732928512050925,-26.867990451755954],[-48.73295782057741,-26.867965888817757],[-48.73302280996002,-26.868031333532542],[-48.73307266446571,-26.86805050473554],[-48.733133536890364,-26.868036066565182],[-48.73319141609736,-26.867923841692726],[-48.73324497797311,-26.867901026003494],[-48.73328491174469,-26.86789496955313],[-48.73330448541285,-26.867907038964685],[-48.733311599674536,-26.86792974337],[-48.73331375641788,-26.868024268689705],[-48.733303474550446,-26.86819447202249],[-48.73329774953698,-26.86822137803764],[-48.73327540803548,-26.868233197340967],[-48.7332867652948,-26.868243161266836],[-48.73329814945711,-26.86823760067908],[-48.733298433295666,-26.86829147551717],[-48.73328518674521,-26.868278611472483],[-48.73324469732236,-26.86827205891634],[-48.73322812800437,-26.868234731937754],[-48.7331716879968,-26.868225516603736],[-48.7331102269121,-26.868234350116353],[-48.73309508765921,-26.868244787773506],[-48.73306195927009,-26.86824175913883],[-48.73306384374824,-26.868266388508644],[-48.73304670706399,-26.86825922059462],[-48.73304826597676,-26.868250685816655],[-48.73295799431891,-26.86826829723307],[-48.73287977937199,-26.868269737830982],[-48.73282772173256,-26.868283671173952],[-48.73276322853021,-26.868272692103094],[-48.73273134219511,-26.868281096675908],[-48.73272430377556,-26.868291111082645],[-48.732687758920974,-26.868306499894274],[-48.732662708874614,-26.868288240110306],[-48.732650284550026,-26.868297212380625],[-48.732626899696804,-26.86828118130464],[-48.732620300148845,-26.868306419049002],[-48.732630659639646,-26.868329671912658],[-48.73264732020395,-26.868343352475897],[-48.73264349215599,-26.868349817600883],[-48.73260444695402,-26.868344314130052],[-48.732585145349105,-26.86830902790905],[-48.73251124574233,-26.868303334156604],[-48.73249328934429,-26.86831495838547],[-48.7324627346965,-26.868291016805703],[-48.73244684024534,-26.868302938540616],[-48.73238836063175,-26.86830552044662],[-48.73218726605771,-26.868263642429717],[-48.732079216386296,-26.868258974182226],[-48.73196019734885,-26.86827296219783],[-48.731871229261145,-26.86829296368277],[-48.731785648059905,-26.868287313953072],[-48.731731009965166,-26.868272676146123],[-48.731690041403375,-26.868227723213135],[-48.731605733561516,-26.868192817277123],[-48.73153057345251,-26.868151071360764],[-48.73152748526017,-26.86812294098778],[-48.73156542448136,-26.868130357345134],[-48.731533762965434,-26.868075476085487],[-48.731522883852634,-26.868030932212832],[-48.731514465914266,-26.86802637051417],[-48.731504810999,-26.868045161636186],[-48.731473094063034,-26.86805475807887],[-48.73145759345941,-26.86806862269135],[-48.73145366848013,-26.868088005770538],[-48.73146353518538,-26.868108206815528],[-48.731440795218035,-26.86812667141812],[-48.73144501373832,-26.868147023632552],[-48.73142817540462,-26.868176180519896],[-48.7314265446562,-26.868215023070437],[-48.73140334573037,-26.86823318880323],[-48.73138240876221,-26.868283317902197],[-48.73136059061927,-26.868287511429543],[-48.73132156263472,-26.868277824102908],[-48.7312861677705,-26.86830152998351],[-48.731275142046805,-26.86829492836036],[-48.73122968211495,-26.86833034439795],[-48.731205172084465,-26.86833605501866],[-48.73118068327392,-26.868331328183015],[-48.731164078455365,-26.868338653888824],[-48.73116429705791,-26.868323622501645],[-48.73104677776716,-26.868335365952404],[-48.73103329509705,-26.868330409737148],[-48.73100142038291,-26.868369068894925],[-48.73101303848992,-26.868383144255876],[-48.73099013537821,-26.868380039295147],[-48.730980489236266,-26.86839561326468],[-48.73096172980935,-26.86838797954626],[-48.73094570140919,-26.868399243770455],[-48.73092574481376,-26.868398650724206],[-48.730910156116934,-26.868424530943077],[-48.730943384958515,-26.868442735570422],[-48.73094200111604,-26.868453228748475],[-48.7309292419902,-26.86845487206265],[-48.73099518506507,-26.86848308867527],[-48.731007626941,-26.868503079320607],[-48.731005457879554,-26.868516612893583],[-48.73099093596577,-26.86852560366595],[-48.73093740968359,-26.86853601840353],[-48.73093681137406,-26.868551367671643],[-48.73097205078732,-26.868569975492868],[-48.73102262446465,-26.86861949317589],[-48.73104979288119,-26.86858975591137],[-48.731075920666555,-26.868593186996318],[-48.73110960873366,-26.86863587082889],[-48.73110653097245,-26.868642401201022],[-48.73115626842866,-26.868680533578143],[-48.73116545449592,-26.868708515507087],[-48.731157176868535,-26.868718546025637],[-48.73123851576369,-26.868746580200494],[-48.7312471478662,-26.868763148005414],[-48.73127665100577,-26.868778107969977],[-48.731293391530265,-26.86879932005504],[-48.73135662976646,-26.868812277688512],[-48.73138628293611,-26.868789179006278],[-48.73142253243672,-26.86880825868005],[-48.731439944119636,-26.86880477501832],[-48.73145233349337,-26.8687877821844],[-48.73145693679079,-26.86875035097445],[-48.73150729512806,-26.868727397908575],[-48.73156894719227,-26.868726103678572],[-48.73164293745558,-26.868747782770754],[-48.731701115947146,-26.86874930793595],[-48.7317160265141,-26.868738892937937],[-48.731744222267935,-26.868690852189683],[-48.731935134086,-26.868679833338636],[-48.7319731302079,-26.868692022691743],[-48.732013772756055,-26.868720098018933],[-48.73204254235022,-26.868723213060647],[-48.732042374562205,-26.868731872131505],[-48.7320579957542,-26.868740252203963],[-48.732144305281686,-26.86873589712572],[-48.7321811307153,-26.868742208894123],[-48.73226969826567,-26.868738713925],[-48.73232559515656,-26.86871988704163],[-48.732398729733895,-26.868708764005387],[-48.73247104452382,-26.868705087468868],[-48.732624605765764,-26.868713873642676],[-48.73267078194045,-26.868669529817687],[-48.73269317345229,-26.868662120817216],[-48.73282952164511,-26.868671194568712],[-48.73296859145555,-26.868662129187125],[-48.733048795779375,-26.868665596439694],[-48.73314290574957,-26.868693481590594],[-48.73318203874896,-26.868677995211502],[-48.733233515402276,-26.868678010703782],[-48.733260097322514,-26.868662211930975],[-48.73327137214397,-26.868668844475778],[-48.733279569363646,-26.868689471657774],[-48.733288229239754,-26.868764693995328],[-48.73328518495377,-26.868911458431256],[-48.73327154837895,-26.868963091136365],[-48.73328437950095,-26.868995069748234],[-48.73326420107417,-26.869052606044804],[-48.73324427201156,-26.86907216559458],[-48.73324392610129,-26.868991289199403],[-48.73322766864583,-26.86896001547959],[-48.733173889222016,-26.868973432181058],[-48.73305299359318,-26.868890180281493],[-48.732999829326275,-26.868871400859653],[-48.73297001476845,-26.86889160764336],[-48.732940012614186,-26.868829973140958],[-48.73291650147049,-26.868822736313653],[-48.732740848124216,-26.868841293186815],[-48.73271080870042,-26.868883914198914],[-48.73267982385471,-26.868902554427297],[-48.7326432080179,-26.868834444203294],[-48.73262161874199,-26.868821868560936],[-48.73260762160168,-26.86883890699738],[-48.732591787948756,-26.868886206871327],[-48.73256293607821,-26.86884848145791],[-48.732502059279284,-26.868873350767167],[-48.7324646109692,-26.86899063476969],[-48.732425811847136,-26.868863160241247],[-48.732409629425035,-26.868839232725545],[-48.732394998477766,-26.868832561589695],[-48.732371258656755,-26.868876622875298],[-48.73233646123977,-26.868855313312913],[-48.73230254968479,-26.868851383906655],[-48.73227035892616,-26.86895596354326],[-48.73226027891107,-26.868935347603237],[-48.7322657590614,-26.869105175650773],[-48.732259056820745,-26.869115231523217],[-48.73214836069357,-26.86912136020129],[-48.73213153900566,-26.869115901967437],[-48.73209336254383,-26.868904053294024],[-48.732076771836745,-26.868910771077413],[-48.73205178673834,-26.86894602781485],[-48.73201499913806,-26.868951833881848],[-48.73196746454979,-26.86912315636201],[-48.731914445831805,-26.869144076965625],[-48.73181141941678,-26.869152681202436],[-48.73178169374494,-26.86913787118733],[-48.73175492871315,-26.869134748562406],[-48.73169197527049,-26.869150058753966],[-48.73156225556447,-26.86915517221351],[-48.73135847444221,-26.86914467962185],[-48.73126666969368,-26.869166857883066],[-48.73116759305423,-26.869136192484056],[-48.73111457025472,-26.869144408858908],[-48.731025097107036,-26.869134329160303],[-48.73094944662175,-26.86915048375586],[-48.7307804228958,-26.869155941710158],[-48.73066295561738,-26.869142613640474],[-48.73059628676154,-26.869165437055916],[-48.73058863750839,-26.86918047903313],[-48.73061437321274,-26.869205563722534],[-48.73061249144625,-26.869217305113253],[-48.73057257111727,-26.869222710323637],[-48.73055817410392,-26.869208108377787],[-48.730535257171475,-26.8692333492104],[-48.73054119112716,-26.86924735947513],[-48.730566991270344,-26.869258082644688],[-48.73055107104635,-26.869292843053607],[-48.73056267241748,-26.86928367366225],[-48.73059041714829,-26.869291250521684],[-48.73061765168905,-26.869276154035227],[-48.730676479264666,-26.869293158132216],[-48.73070383473022,-26.869285006153905],[-48.730728429614125,-26.869300101279933],[-48.73068597005107,-26.869304164396745],[-48.73065681126812,-26.86932940065112],[-48.73066914508639,-26.869382264204273],[-48.73062119051256,-26.869403896462053],[-48.730597322525846,-26.86939765073026],[-48.73059377565673,-26.869420814814188],[-48.73057824580764,-26.869424036198303],[-48.73056321857149,-26.86945061215201],[-48.73052830466391,-26.869434742081832],[-48.73052401260491,-26.8694453365388],[-48.73053791147167,-26.869464173828007],[-48.730483911985345,-26.869496947199732],[-48.73052973325918,-26.86951703548761],[-48.73053793538497,-26.86953386716179],[-48.73063174435136,-26.869554804768054],[-48.73063869629991,-26.86956807873418],[-48.73062125048263,-26.86958646577784],[-48.73075766871182,-26.869621803225854],[-48.730797287463425,-26.86966995380381],[-48.73086522766522,-26.869797440096466],[-48.730673249910446,-26.86988058159283],[-48.730662683157306,-26.869942595489302],[-48.730679055971386,-26.870001670535487],[-48.730626298649725,-26.870039903897435],[-48.730639677743724,-26.870085778487965],[-48.73060130089554,-26.870157331320975],[-48.7306202013662,-26.8701913713758],[-48.73060850732337,-26.87023641454907],[-48.73064506258018,-26.870276628512045],[-48.73063807681293,-26.870343495565308],[-48.730656989362075,-26.87037925047385],[-48.73068940974748,-26.870389338154606],[-48.73076258125108,-26.870392247982164],[-48.73076510360552,-26.87039952437647],[-48.73075257220154,-26.870408397274517],[-48.73082672094845,-26.87043180938545],[-48.73090836593741,-26.870443260698526],[-48.73095387849629,-26.870437358633545],[-48.730967772879175,-26.870494626841484],[-48.73095857035205,-26.870614005533543],[-48.730921757953254,-26.870610240358022],[-48.73087746350353,-26.87058275581599],[-48.730867987464954,-26.870522328681844],[-48.7308511843588,-26.870476427992312],[-48.730791600307676,-26.870490872255484],[-48.73076117535591,-26.870506381377417],[-48.73074927101521,-26.870540087258544],[-48.73075388925223,-26.870616052441964],[-48.73070890700693,-26.870637973400523],[-48.73069716918451,-26.870651448922107],[-48.73070780439365,-26.87066199346555],[-48.73069162378765,-26.870668113011597],[-48.73071461333642,-26.87073191039148],[-48.73069363125935,-26.870757551415192],[-48.73067073346215,-26.870912869626842],[-48.73062846405389,-26.870946428862627],[-48.73062310698646,-26.870960615125863],[-48.73062651204432,-26.870991864962146],[-48.7306581218983,-26.87099382206057],[-48.73069629509332,-26.871007705828013],[-48.73070072759139,-26.871015980336853],[-48.73066985154462,-26.871017689975027],[-48.73061814620249,-26.871001312838708],[-48.73051001129777,-26.870996354921907],[-48.73049948532141,-26.87100054378216],[-48.73048432353915,-26.87102643709993],[-48.73035619495355,-26.871019696803558],[-48.73033231185801,-26.871026080617266],[-48.730317648254015,-26.871042749811778],[-48.73029647018034,-26.87109612906246],[-48.730385398659756,-26.871198032479235],[-48.73036810890062,-26.871200329417597],[-48.73035691847438,-26.871220954819716],[-48.73026440197735,-26.871260484119354],[-48.730242527407206,-26.871257497513973],[-48.73023991419285,-26.871241572335993],[-48.73022905851752,-26.871238436974032],[-48.73020399898078,-26.87125303314678],[-48.730147165472125,-26.87126632826045],[-48.7300133796467,-26.87126243964965],[-48.72998108948027,-26.871252222139706],[-48.729956819171306,-26.871261966720766],[-48.729907366165044,-26.871247995359177],[-48.7298518405818,-26.87126125180681],[-48.7298417263526,-26.871275905771657],[-48.72977443221783,-26.871258737259016],[-48.72972820832388,-26.87127166573207],[-48.72972892955498,-26.87124528956747],[-48.729753302554464,-26.871209152604372],[-48.72973096310488,-26.871181437527913],[-48.72972023208296,-26.871151466051412],[-48.72971179153031,-26.87115004351344],[-48.729691560510524,-26.871170967583094],[-48.729683809674704,-26.871164387773213],[-48.72968086080402,-26.871139278334955],[-48.72965190528343,-26.871136931396933],[-48.72965108672245,-26.871127687040687],[-48.72973181467622,-26.870931722333214],[-48.72977753365724,-26.870798704299926],[-48.72977904628892,-26.87070350526393],[-48.72979535711126,-26.87066316956644],[-48.72979104541515,-26.870623317398096],[-48.72982279824709,-26.8705448286079],[-48.729823961414226,-26.870517434352827],[-48.72962885708985,-26.8709078385548],[-48.72961143529724,-26.870964034148898],[-48.72956862164436,-26.87103951953533],[-48.72945372350196,-26.87120215061407],[-48.72940547872846,-26.871323053985527],[-48.72934265053937,-26.871434845502485],[-48.729107368689874,-26.87196640376176],[-48.72898040589682,-26.87235072398799],[-48.72898256807541,-26.872356884601235],[-48.72908191021632,-26.87216255976393],[-48.72912678109292,-26.872093944628087],[-48.72916406630604,-26.872048696606832],[-48.729203139469014,-26.872016147763507],[-48.729217821363974,-26.872009453815362],[-48.72924099565046,-26.872012769212795],[-48.729271716943884,-26.871998978070668],[-48.72932683274791,-26.871882529624994],[-48.729350536081775,-26.871848796949493],[-48.729358617266605,-26.871854306363133],[-48.72933747901388,-26.87195797892272],[-48.72934552390689,-26.871979453966166],[-48.72938852171874,-26.871950623988056],[-48.72940041366655,-26.87191988351729],[-48.72943187537791,-26.87191350345712],[-48.729432787386706,-26.87189853286958],[-48.72941761701154,-26.871906407522143],[-48.72940872789293,-26.871892180056857],[-48.72944320541539,-26.87184924493802],[-48.729458303873095,-26.87177587985685],[-48.729553303361534,-26.871565847998877],[-48.729561171596295,-26.871532108063217],[-48.72958164764335,-26.871500739343784],[-48.7296763542142,-26.871444895048004],[-48.7296657829124,-26.871416095714874],[-48.72968397277387,-26.87139564693158],[-48.72974908132163,-26.871377912253926],[-48.729872146850425,-26.871362930011376],[-48.72988694845797,-26.87136585175372],[-48.729899000088025,-26.871384526764096],[-48.7299153032578,-26.87139016013985],[-48.730022573756614,-26.87137226623421],[-48.73009291278864,-26.871326786459246],[-48.730084957997704,-26.87130865378518],[-48.73013149709108,-26.871281910978166],[-48.73019345220704,-26.871281030193966],[-48.73022395809946,-26.871296443296984],[-48.730228595710415,-26.87129258491101],[-48.73022082967897,-26.871282834563253],[-48.73023139941292,-26.87128230046563],[-48.73024954910913,-26.871296851740897],[-48.730182142611284,-26.871311799957553],[-48.730165243970525,-26.871331591812837],[-48.7301693135452,-26.871363724100746],[-48.730145753380995,-26.871368647481663],[-48.73017322246432,-26.871409489889373],[-48.730168998597186,-26.871468145618483],[-48.73018313814327,-26.871488342299987],[-48.73029277174843,-26.871535772400858],[-48.730304377641765,-26.871498481742965],[-48.73033444146732,-26.871466711027704],[-48.73031892741059,-26.871393815124076],[-48.730323654874326,-26.87134460353794],[-48.730377726134996,-26.87132435569085],[-48.73041089003374,-26.87132917242361],[-48.730448417089406,-26.87131434873854],[-48.73043095068823,-26.871294656353314],[-48.730411989223086,-26.87129459720626],[-48.73041237211676,-26.871286108555676],[-48.73042588009421,-26.87127686603517],[-48.73044550363525,-26.87127944734649],[-48.73046560250207,-26.871271632798315],[-48.73044754001606,-26.871253570598746],[-48.7304470163104,-26.87123873034983],[-48.73053680910405,-26.87119006133586],[-48.73073988999512,-26.871143635260076],[-48.7307494764832,-26.87114884930549],[-48.73074723676768,-26.871157954290346],[-48.730697024525234,-26.87117010337877],[-48.7306831629485,-26.871187327870615],[-48.730656659935335,-26.871201395566104],[-48.730675712668436,-26.871225401869204],[-48.73067146435816,-26.871262068032085],[-48.73073510564776,-26.871282519236978],[-48.73079456507944,-26.87128562304752],[-48.7308320110928,-26.87127087376171],[-48.73084286511672,-26.87124456557427],[-48.730858359115935,-26.871241791214576],[-48.73088991583267,-26.87127019654509],[-48.73089479012863,-26.871306839579738],[-48.730940808652036,-26.87135639426762],[-48.730918332240115,-26.871407023745537],[-48.73092335092423,-26.871433817003528],[-48.73093811794108,-26.87145338836565],[-48.73102057654494,-26.871484352048167],[-48.73112231774613,-26.87148548970283],[-48.73117259108415,-26.871471747714324],[-48.731210177055644,-26.871492675506172],[-48.731211841775114,-26.871511155630504],[-48.73123610583224,-26.87152848256151],[-48.73123081336273,-26.871538579060175],[-48.731242611780246,-26.871553820572906],[-48.73123867603808,-26.871539966960405],[-48.731290322254814,-26.871571165750048],[-48.73128985004659,-26.871560947796294],[-48.731253266864194,-26.87152527648428],[-48.73129126352996,-26.871525939917397],[-48.73129913539463,-26.871550252112115],[-48.73136067273033,-26.87156138300228],[-48.73137130465019,-26.871584800060486],[-48.73136980785371,-26.871590567075398],[-48.73135129950468,-26.871589835780327],[-48.73134745762428,-26.871598647018775],[-48.731362891709175,-26.87164005130619],[-48.731360557887044,-26.871774928978656],[-48.731339681534706,-26.871945860651756],[-48.73135033901809,-26.87197233293101],[-48.73132202322824,-26.87199528608041],[-48.731273301694564,-26.87199364181687],[-48.73123650885277,-26.871973755570135],[-48.731221961989306,-26.87197475109798],[-48.73121227891083,-26.871950331298706],[-48.73120461923129,-26.87196019394578],[-48.731187139510666,-26.871960760631172],[-48.73118604265301,-26.871939090426103],[-48.73117510540862,-26.87194240366489],[-48.73115546310963,-26.871924477714984],[-48.73113318828769,-26.871927769505625],[-48.731106019301116,-26.871946708861685],[-48.73110856190731,-26.87196824255144],[-48.731086037680015,-26.872001307714513],[-48.73110524860268,-26.872013422159156],[-48.731093106136626,-26.87203571631001],[-48.73110919030283,-26.872100096722],[-48.73104248169307,-26.872115099857712],[-48.73088644895708,-26.872132700433117],[-48.73087905354526,-26.87213552635642],[-48.73087762110412,-26.872149053700134],[-48.73096680893547,-26.872176812609556],[-48.73096711613649,-26.87218909363015],[-48.73093584400658,-26.872207244180267],[-48.73093730244251,-26.87222259759696],[-48.73094728011429,-26.87223191144888],[-48.73111038105365,-26.87227479221279],[-48.73111347445017,-26.872287994264422],[-48.731101135420445,-26.872307884728396],[-48.731113463658346,-26.872319223525327],[-48.73110598117026,-26.872335127333102],[-48.731185520069396,-26.8723475500577],[-48.73126680270522,-26.87237560598372],[-48.731276000850144,-26.87236827325506],[-48.7312727994789,-26.872383760303798],[-48.73124390493626,-26.872384842177883],[-48.73125362822742,-26.872397926891452],[-48.731284469773826,-26.87239897178222],[-48.731341226893875,-26.87236331940335],[-48.73145152118753,-26.872379693176278],[-48.73150891516834,-26.87243053226878],[-48.73151339872334,-26.872479045315703],[-48.73149745710134,-26.872488052122534],[-48.73150984121599,-26.872529607766676],[-48.731526501897974,-26.872550108328657],[-48.731510440447344,-26.872557102543634],[-48.73151878471299,-26.87256133818912],[-48.73155746674656,-26.872554455417877],[-48.73157655639097,-26.872513882560874],[-48.73157329049477,-26.872460427371994],[-48.731551583489924,-26.872441574887752],[-48.73155523731269,-26.872432960067982],[-48.7315418398892,-26.87241322575086],[-48.73156834999286,-26.87237774457137],[-48.73156973854523,-26.872351391730888],[-48.73156491348014,-26.87234105063799],[-48.7315365216472,-26.872330159658297],[-48.73153278864112,-26.872285585242697],[-48.73151153025512,-26.872270373239452],[-48.731344877303314,-26.87226274983829],[-48.73132899550976,-26.87225868192495],[-48.731326114628395,-26.872248896372447],[-48.73134795497171,-26.872236977331692],[-48.7314987538169,-26.872224678956286],[-48.73158056476831,-26.87223539620311],[-48.7316162663086,-26.872230716273727],[-48.73163661250411,-26.872238190408392],[-48.73166407886944,-26.872267663389618],[-48.731691058480116,-26.87232973423541],[-48.731717991409816,-26.87250619586277],[-48.731732360418846,-26.872542238680076],[-48.73174433264025,-26.87254540539775],[-48.73174595458661,-26.872528984204713],[-48.73176333332929,-26.872535748276427],[-48.73176925441906,-26.87250973984526],[-48.731787772159706,-26.87252019067954],[-48.73180505068365,-26.872555565460907],[-48.7318142381263,-26.872671509630347],[-48.73184175085596,-26.872722056544664],[-48.73186737243109,-26.872742173005015],[-48.73186759370713,-26.87276128332696],[-48.73185492323347,-26.872781951868706],[-48.73184530913687,-26.872786680692297],[-48.73182246760425,-26.87278054637196],[-48.73181124662583,-26.872800135382267],[-48.73177213817069,-26.87280780824052],[-48.7317690262226,-26.872820834841992],[-48.73176066798394,-26.872815987121545],[-48.73172080374021,-26.872891103600942],[-48.73169387914287,-26.87291417571547],[-48.731638314984345,-26.872940167654463],[-48.73162321974366,-26.872970588869023],[-48.73163202761091,-26.87299127286959],[-48.73178012397639,-26.872992610252147],[-48.73184048207245,-26.872997675590092],[-48.731849898769326,-26.8730043479171],[-48.73186012578485,-26.873045840024666],[-48.73184949713692,-26.87318123249334],[-48.73185284943646,-26.873234751334905],[-48.73184404612379,-26.873258748846922],[-48.731814342953356,-26.873268063571828],[-48.73165373439812,-26.873277024456225],[-48.731622588838206,-26.87327214202926],[-48.731582327750445,-26.873245906445753],[-48.731566706979656,-26.873269330604536],[-48.731546223109255,-26.873280133456365],[-48.73151401778154,-26.873241892808927],[-48.73146485837891,-26.873220118626705],[-48.7313672013863,-26.873217663272523],[-48.731362379368186,-26.873211099895897],[-48.73137416653234,-26.87320317702351],[-48.73149645897595,-26.873170862030776],[-48.73156597779643,-26.873177228832617],[-48.73158400973896,-26.873166754806526],[-48.73158852315103,-26.873072953062906],[-48.73155518666703,-26.87304026150426],[-48.731555805386506,-26.873010986791606],[-48.73154220288701,-26.873013011869336],[-48.73150013439344,-26.872962038943186],[-48.73150009748441,-26.872899829456696],[-48.731487477106526,-26.872884166851325],[-48.73150256497288,-26.872873822438454],[-48.73149686710807,-26.872854274024057],[-48.73151402610265,-26.872763382706655],[-48.731488909643694,-26.872695140081046],[-48.73149707841383,-26.872692340082242],[-48.73152547254293,-26.87270982354046],[-48.73150908413751,-26.872682388377203],[-48.73152002495314,-26.87267768990536],[-48.731531992932084,-26.87268636154575],[-48.73153409979278,-26.872665714729425],[-48.73154259743701,-26.872658740741908],[-48.731559229927974,-26.87269315398946],[-48.731572739800065,-26.872636846586175],[-48.731560071130986,-26.872597445048473],[-48.7315164992809,-26.872585485466402],[-48.731495000631185,-26.872554987435993],[-48.73145332686014,-26.87258464973451],[-48.731433202308395,-26.872566425482983],[-48.73143297484572,-26.87257630551181],[-48.731419529248065,-26.872583125132977],[-48.73141099977168,-26.87260086578616],[-48.73142010510765,-26.87259974405496],[-48.73144871087844,-26.872624013773706],[-48.73146631010792,-26.872680163731832],[-48.73143832603654,-26.872713307323405],[-48.73140706780567,-26.872701980424498],[-48.73141883952336,-26.87271811222092],[-48.731418707908944,-26.87273201151588],[-48.731478942593796,-26.87274949911057],[-48.73148752178638,-26.87276333884167],[-48.73147593766897,-26.87276603436083],[-48.73145842433457,-26.87281167181778],[-48.73145967858595,-26.87284683082824],[-48.73142518314946,-26.872834590103977],[-48.73140698615181,-26.872837053983126],[-48.73140125649407,-26.872826557575586],[-48.73141055763226,-26.87282001523896],[-48.73139211674849,-26.87278394310255],[-48.73139757352938,-26.87273422246515],[-48.73140879416948,-26.87274700903879],[-48.73141130331186,-26.872733431294165],[-48.731381270526434,-26.87270891213516],[-48.731369314621986,-26.872708808578807],[-48.73137003677346,-26.872738057894693],[-48.73138222829414,-26.872766477938058],[-48.731378466593824,-26.872809724513456],[-48.73132761212007,-26.872762734666136],[-48.7313496416364,-26.87274180044128],[-48.73134026106415,-26.87271608597222],[-48.73134941025996,-26.872687166646394],[-48.731329995967286,-26.872654841203858],[-48.73135154814805,-26.872664463638962],[-48.731360784658364,-26.87266115737124],[-48.73135052382368,-26.872643040067604],[-48.73135254457221,-26.872618291119522],[-48.731361948343746,-26.872607817536977],[-48.73137196296037,-26.872645774956762],[-48.73138292025297,-26.87258572110622],[-48.731333975153476,-26.872578579119054],[-48.73131616938664,-26.872552279926104],[-48.7313111847862,-26.872525436688925],[-48.73129217447073,-26.8725142568226],[-48.73129929262479,-26.872555453567987],[-48.73128312461397,-26.87259741615404],[-48.73128527206271,-26.87262704934081],[-48.731274226711434,-26.872642929330574],[-48.73127748709509,-26.872732786733824],[-48.73127144593686,-26.872748826503187],[-48.731255754315455,-26.872759471639498],[-48.73126630028024,-26.872783769926517],[-48.73128524045688,-26.87279675087301],[-48.73127055883863,-26.872853674750306],[-48.7312914906527,-26.87286790870204],[-48.731281805458465,-26.872874936700175],[-48.731299959208,-26.87292619344839],[-48.731254252277864,-26.872942384045714],[-48.731215308736985,-26.87293982917118],[-48.73117556098645,-26.87296761903187],[-48.73120114169416,-26.87297884307071],[-48.731211245117855,-26.873028981449426],[-48.73120138527825,-26.873035330697903],[-48.73117183250394,-26.87311567627379],[-48.731182803130686,-26.873135288624457],[-48.73121553293262,-26.87314907222745],[-48.731229968433226,-26.87317255850525],[-48.73129632349455,-26.873202806816757],[-48.73130156727063,-26.873212236846538],[-48.73127372493247,-26.873232276326586],[-48.731192423630965,-26.873230774797346],[-48.73114782057951,-26.87324549944684],[-48.7310689247362,-26.873253402149473],[-48.73102793553427,-26.873276884461376],[-48.73103674559746,-26.873310303061707],[-48.73110010155421,-26.87333048876144],[-48.731128758364626,-26.873362285836876],[-48.73115389340559,-26.873361111130077],[-48.73115144313344,-26.87333429776326],[-48.73117247222095,-26.87333227558333],[-48.73118187286419,-26.873347612160106],[-48.73118044048456,-26.873364916278156],[-48.731236720429536,-26.8733829685824],[-48.73127568688971,-26.873408219650127],[-48.73132368552569,-26.873418731579978],[-48.73136961263142,-26.873621228147513],[-48.731362981230085,-26.873734606187817],[-48.73130344916106,-26.873762690211567],[-48.731239524831985,-26.87376591324932],[-48.73122533586743,-26.873777950627815],[-48.73121833120916,-26.87380030833995],[-48.731218989601224,-26.87389896257974],[-48.73125485522119,-26.873921015196174],[-48.73126962508425,-26.87394751652762],[-48.731273632986706,-26.874031081378245],[-48.73129883402133,-26.874166954417404],[-48.73127100061397,-26.874201752763845],[-48.73123395592315,-26.874228407423004],[-48.73113692947106,-26.87425117566372],[-48.73116285622087,-26.874284138180926],[-48.73117469838691,-26.874319574627485],[-48.731176796699174,-26.874353682291204],[-48.73116356555693,-26.874375652111397],[-48.731181373411864,-26.874458949467172],[-48.73119512108049,-26.874470828168842],[-48.73124564118007,-26.874479063138754],[-48.73126090004106,-26.874490554585638],[-48.73124588252364,-26.87451031449167],[-48.731238647119824,-26.874540041545853],[-48.73116222817043,-26.874605779909928],[-48.73112948539088,-26.874665034390677],[-48.73109744838871,-26.874657909354827],[-48.73106192206647,-26.87463382349669],[-48.731041395564866,-26.8746095101829],[-48.73102772612016,-26.87456413813839],[-48.73101945013276,-26.87456035748991],[-48.73101542881803,-26.874569277732512],[-48.73105035554483,-26.874689995074505],[-48.731072772739374,-26.874860289951],[-48.73111626279901,-26.874918509092186],[-48.73113441226018,-26.874908768016013],[-48.73115726436535,-26.874874635131114],[-48.73118031079543,-26.874867807307936],[-48.731191493095146,-26.874878289323103],[-48.73119809842964,-26.874908382157145],[-48.731217454723,-26.874921303929725],[-48.73120507676011,-26.87492312391942],[-48.7312039323293,-26.87495402452021],[-48.731187200094475,-26.87496349777709],[-48.73122821725999,-26.874978655376434],[-48.7312423137303,-26.875051529334094],[-48.73125251654272,-26.875065405085852],[-48.73122982152497,-26.875079124288],[-48.73123042377916,-26.875124502134874],[-48.73124134320513,-26.875166641625988],[-48.7312331137301,-26.875182600211637],[-48.7312356973805,-26.875210597028477],[-48.7312149116093,-26.875231105369338],[-48.73120868587653,-26.875261871113683],[-48.731217388139,-26.87527005896603],[-48.73123858766587,-26.875270656647732],[-48.73124781105535,-26.87529099629065],[-48.73123802761543,-26.875354229343095],[-48.73124766534306,-26.8754078400992],[-48.731292975309046,-26.875414903934843],[-48.73132613681075,-26.87546218093604],[-48.73132242972134,-26.87547320443845],[-48.73129044569716,-26.87549445524905],[-48.7313106343067,-26.875531213364326],[-48.7313316400414,-26.875717332633993],[-48.73129226074151,-26.875726119098786],[-48.73127442089028,-26.875718788925276],[-48.731271131363556,-26.875796732491747],[-48.73127937981186,-26.875823715683904],[-48.731273010966525,-26.875863963921958],[-48.73128513347813,-26.87598942555971],[-48.73127714008194,-26.876000211459022],[-48.731287795909275,-26.876138091673088],[-48.73132500978498,-26.876365781985278],[-48.73132811188573,-26.87656554939441],[-48.731337914734,-26.876632464065],[-48.73133260489128,-26.87667924412441],[-48.73136088460093,-26.87670703815717],[-48.731370870859,-26.8767356447939],[-48.73136126142479,-26.876745967050486],[-48.731330938845915,-26.876745886155636],[-48.731306108666644,-26.876773681830283],[-48.73132619437438,-26.876834699868787],[-48.7313076331308,-26.876862675642375],[-48.731360211250475,-26.876930975814428],[-48.73136791041093,-26.876954729322435],[-48.731359020558706,-26.877020879913108],[-48.731368383957566,-26.877037289808204],[-48.73136046029076,-26.877129285050483],[-48.731337580431635,-26.877147501817113],[-48.731356159832636,-26.877199191359647],[-48.73137729670789,-26.877348368050008],[-48.73138605738931,-26.877447514266734],[-48.731380930818375,-26.877479824612287],[-48.73139765307575,-26.877533402940802],[-48.73139443904804,-26.877571685759726],[-48.731421193935965,-26.877667678108814],[-48.73138816420345,-26.877854228131984],[-48.73136304883277,-26.877875631653335],[-48.731378675841796,-26.877896576807256],[-48.731373302104075,-26.8779186872561],[-48.73138562909502,-26.87797748337376],[-48.73139573084426,-26.877950931175956],[-48.731411111170964,-26.877951727789167],[-48.731430112351795,-26.878000546173293],[-48.731417686990895,-26.87803777769482],[-48.73142490269261,-26.878097129754032],[-48.73142085419715,-26.878212717806655],[-48.731412798262646,-26.878227836283134],[-48.73144552722251,-26.878416584928882],[-48.73149476764015,-26.878527179117583],[-48.731493825701264,-26.878549954559595],[-48.731473495486625,-26.878574378748066],[-48.73150612537296,-26.878615414851378],[-48.73151172875158,-26.87865789580794],[-48.73149921367182,-26.8786651499837],[-48.731522498889056,-26.87870284131902],[-48.73151707987205,-26.878776801529337],[-48.73148691268632,-26.87874200483691],[-48.73147700390267,-26.878737678165425],[-48.731473912152076,-26.878744843628727],[-48.731496851035594,-26.87887576281375],[-48.73149974690473,-26.878944314592328],[-48.73152016316779,-26.87904110577369],[-48.731515400575084,-26.87909116600887],[-48.73152392800689,-26.879155639796878],[-48.731506971395916,-26.87918039792553],[-48.731519737891695,-26.87920616045246],[-48.7315239148841,-26.87927244418141],[-48.7315385047117,-26.879322102283517],[-48.73153698195409,-26.879385347057845],[-48.7315076865473,-26.879455438518587],[-48.73148826444791,-26.879439524966532],[-48.73146632467192,-26.87946451349791],[-48.73148313534319,-26.87952632542228],[-48.73149111529925,-26.879497077814147],[-48.731513203467976,-26.879492272333465],[-48.73153358610637,-26.879505996614654],[-48.731544950532665,-26.87953726324936],[-48.73154382072344,-26.87955810712806],[-48.731528790472844,-26.87957610161921],[-48.731548736576144,-26.879605133528337],[-48.7315613079418,-26.879668483728203],[-48.73156729706863,-26.879832641496098],[-48.73156105787184,-26.87985857618065],[-48.73157864429095,-26.879881903682755],[-48.73158269633389,-26.87995852661809],[-48.73159424267174,-26.880012231171452],[-48.73160733223043,-26.880303550403283],[-48.73161708415679,-26.880339471261717],[-48.73160409334579,-26.880450654291973],[-48.73159455010708,-26.88047397203999],[-48.73157846501905,-26.880474987068663],[-48.73159672819969,-26.880496934759403],[-48.731583511838735,-26.880498022934894],[-48.73150693904776,-26.880448919757907],[-48.731518186739095,-26.88043499234833],[-48.731509313055334,-26.88040296884809],[-48.731514022391885,-26.880390448036128],[-48.73150121627574,-26.880365353587983],[-48.73150691043956,-26.880345748990436],[-48.7315001088891,-26.880327733265226],[-48.73147891397443,-26.880326101441216],[-48.73148332192569,-26.8803584484931],[-48.731472973286515,-26.880376691434165],[-48.73145484923665,-26.880384410517635],[-48.731444139779256,-26.8803741617117],[-48.73143967725895,-26.880328373540483],[-48.73142794176383,-26.880323996764],[-48.73143382666856,-26.88029761419666],[-48.731428134824014,-26.880224947454668],[-48.731437786825616,-26.880198452120478],[-48.73142196963611,-26.88015824374298],[-48.73141356678802,-26.880065011660854],[-48.73141871406562,-26.879945412732177],[-48.73142685459662,-26.87991583741232],[-48.731440851742626,-26.879899486857497],[-48.73140443509376,-26.879864772963206],[-48.731398514964155,-26.879887579444155],[-48.73136675303702,-26.87987885245491],[-48.731379451145536,-26.87986123294806],[-48.73138534140785,-26.879826368304613],[-48.73140436033951,-26.879802208258127],[-48.73138265979827,-26.87975797700135],[-48.73137112453333,-26.879677473347957],[-48.731380541750056,-26.879644541553393],[-48.73137174419047,-26.87962785737191],[-48.73138745023739,-26.879591195669015],[-48.73141482447143,-26.87956812100303],[-48.731425734582864,-26.87957230042012],[-48.73143900988074,-26.879596674127974],[-48.73144576750276,-26.879595875696793],[-48.73144034545803,-26.87956598237108],[-48.73145259101979,-26.879529751502588],[-48.73145497359071,-26.879464979150992],[-48.73144370841025,-26.87944774094281],[-48.731421302956434,-26.879451200270676],[-48.73139522460388,-26.87943811548094],[-48.731375545298256,-26.879443192466493],[-48.73128816945757,-26.879399654391502],[-48.73132692002221,-26.879389006057586],[-48.731344542836545,-26.87939881631498],[-48.73137049405908,-26.87935039594775],[-48.73136369170427,-26.879342450685826],[-48.73133651004664,-26.879339359987306],[-48.73133857266902,-26.87932663422593],[-48.73135908631329,-26.87930981347822],[-48.73131646603142,-26.87927034236502],[-48.73132814546526,-26.879259936053664],[-48.73133212703765,-26.87924228213071],[-48.73131724959795,-26.87919710278202],[-48.731292456987795,-26.879192304201112],[-48.731266563187006,-26.879199709858977],[-48.731258657736774,-26.879187942129665],[-48.73126597380222,-26.879147444712643],[-48.73130328127413,-26.879167675924688],[-48.731330739554004,-26.879155806582936],[-48.73132489889483,-26.879128281788176],[-48.73133590722376,-26.879127491170212],[-48.73132948604244,-26.87908171936378],[-48.73133376952093,-26.879036957871307],[-48.731321272826186,-26.878983784020924],[-48.731354359755905,-26.878941980440977],[-48.73133680084179,-26.878911440046092],[-48.73134111349039,-26.8788911156637],[-48.73135489839328,-26.878878734302646],[-48.731338322737535,-26.87886129257296],[-48.7313279811939,-26.878829657908717],[-48.73132251665331,-26.878724401786602],[-48.73131233307621,-26.878680424993423],[-48.7313220871415,-26.878579633178703],[-48.73128444576405,-26.878540758238007],[-48.73126370439573,-26.878506862837146],[-48.73127467746131,-26.878464755515502],[-48.731320775384404,-26.878427188565347],[-48.731329982682055,-26.878403098343348],[-48.731323252584104,-26.87832230726731],[-48.73130660123382,-26.878297624836474],[-48.73130913631838,-26.878289559713586],[-48.731318317127695,-26.87829612000775],[-48.731321460625225,-26.878290847824168],[-48.73132046726194,-26.878267523291953],[-48.73130547468786,-26.8782624769226],[-48.7313196209572,-26.87824363799046],[-48.731297130681426,-26.87822001601586],[-48.731297001468484,-26.878194943773263],[-48.73130927658297,-26.87818680315918],[-48.73127650723442,-26.87815396808253],[-48.73127921037735,-26.87814892617222],[-48.731301630252744,-26.87816377787447],[-48.73131196352889,-26.878160553323006],[-48.73131463076093,-26.878063237637306],[-48.73129590223584,-26.87787354425561],[-48.731286485167544,-26.87784802863561],[-48.731287350961225,-26.87778064548218],[-48.73125991443228,-26.87771541042683],[-48.731272620546775,-26.877622604001072],[-48.731260808946026,-26.877613687559702],[-48.73123269908858,-26.877622777713142],[-48.73121359052069,-26.877679458047815],[-48.73117832905738,-26.877677485653095],[-48.731175152367236,-26.87766683621064],[-48.73120210650111,-26.87763519594096],[-48.73119446093287,-26.877602461162915],[-48.73116220456867,-26.87756894302676],[-48.73111902880175,-26.87754849931812],[-48.73083293348624,-26.87756494792678],[-48.73066997853937,-26.877589398224544],[-48.73057756593957,-26.87757052323545],[-48.730438109611434,-26.87757188790817],[-48.73040607348366,-26.877585483029186],[-48.7303692503369,-26.87762480507955],[-48.730369017822824,-26.877785123116205],[-48.73040036907852,-26.87811314439205],[-48.73039502790219,-26.87818811111552],[-48.73041452481369,-26.878281150583398],[-48.73041726099163,-26.878387730986493],[-48.73043804108478,-26.87844576414255],[-48.73045221148201,-26.87853638156865],[-48.73044131852037,-26.87858776100289],[-48.73045138254705,-26.87864138044259],[-48.730448623460916,-26.87874451271156],[-48.73049320464075,-26.87935619902533],[-48.73050648840301,-26.87940637860216],[-48.73053909863467,-26.87943504377293],[-48.730544749342634,-26.87945353107798],[-48.7305186202355,-26.879619979393183],[-48.730555210440684,-26.880035676005168],[-48.73054104486967,-26.880126327254654],[-48.730500455327196,-26.880142163792815],[-48.73025968026806,-26.88012513704705],[-48.72967596603201,-26.880166217294068],[-48.72953423307168,-26.88013712805385],[-48.72947212016069,-26.880145912174864],[-48.72944727410906,-26.880157373704165],[-48.72942130628304,-26.880145057415156],[-48.72939971808298,-26.88014789963787],[-48.729394026873,-26.88012263693045],[-48.7294076161069,-26.880112208248484],[-48.72940918350945,-26.880096377347837],[-48.729400579857845,-26.880086266933024],[-48.72941114862062,-26.880079681071038],[-48.72938651443316,-26.880055073148096],[-48.72938014855226,-26.880023739622956],[-48.72934874724763,-26.8799971322678],[-48.72932447019408,-26.87999463114809],[-48.72927098771973,-26.87992696636221],[-48.729262977522055,-26.879888582607276],[-48.729270650402206,-26.879878701368604],[-48.72924492345331,-26.879850615851556],[-48.72922748714937,-26.879812606683394],[-48.729218435703025,-26.87976116935208],[-48.72922622496516,-26.87963668749343],[-48.72923744883023,-26.87961505113802],[-48.729257526895026,-26.87959844029971],[-48.72926054011981,-26.87956893431139],[-48.72927991526673,-26.879579579784007],[-48.72928697498808,-26.879546605744558],[-48.729320092452234,-26.879525268103965],[-48.729313826969985,-26.879497270753753],[-48.729326485544554,-26.879490904396715],[-48.72927267208148,-26.87947056344184],[-48.729265168794086,-26.879416791988564],[-48.729275258839635,-26.87939115938784],[-48.72926066273566,-26.879363259137328],[-48.72929429675441,-26.87931089534959],[-48.72925777891678,-26.8792558650951],[-48.72926644833437,-26.87924405689349],[-48.729265456561016,-26.879215338433003],[-48.72921648316134,-26.87911851838457],[-48.72920829016383,-26.879037583737986],[-48.72918991566737,-26.87898539819307],[-48.729213088036,-26.878948558983236],[-48.72922975657652,-26.87894497799427],[-48.72923577754905,-26.878934764265075],[-48.72923231002377,-26.8789282000286],[-48.72921885117161,-26.87892994919949],[-48.72920837012901,-26.878913225200016],[-48.72922674244091,-26.87889625393116],[-48.72921920208962,-26.878870665485337],[-48.729232581372266,-26.878846417784356],[-48.72919311492953,-26.87882139540936],[-48.72921009636106,-26.87880508223066],[-48.72925264551993,-26.878790929039937],[-48.729218279762975,-26.87875063253232],[-48.72919571924788,-26.878744234230567],[-48.72917536775981,-26.878702143325935],[-48.72921740407556,-26.878714496870746],[-48.72922592025444,-26.87870647560575],[-48.729215895309174,-26.87860980340853],[-48.72919312139651,-26.878578743051076],[-48.729187530475784,-26.87858476277466],[-48.729172181926494,-26.878575829910318],[-48.72918144471496,-26.878541637781687],[-48.729165679938966,-26.87854481636418],[-48.72915797518364,-26.878537470164847],[-48.72918910000431,-26.878497696780183],[-48.72916261544558,-26.878494837079902],[-48.72917754207228,-26.878459987873697],[-48.729192903093534,-26.878457473320886],[-48.729165895151944,-26.878434784632038],[-48.729174540821816,-26.878420587257526],[-48.72915232706272,-26.878412804748827],[-48.72910463497639,-26.878422707704352],[-48.729057660953785,-26.878412399119437],[-48.72904819415747,-26.8784001161438],[-48.7290330982293,-26.878334304814416],[-48.72898766635085,-26.878305757159243],[-48.728964327828116,-26.87830153295957],[-48.72895257644128,-26.878284024141877],[-48.72895857898604,-26.878214833924144],[-48.7289453345959,-26.878100059087984],[-48.728953213998615,-26.878020247392676],[-48.72891401237625,-26.87797338984947],[-48.728939936640806,-26.87794230564293],[-48.7289314622344,-26.877921562778642],[-48.72894643544233,-26.877909298229163],[-48.72893515478362,-26.87779913852181],[-48.72894831554261,-26.87774962586384],[-48.728927326562484,-26.87772634533866],[-48.72895183940192,-26.87772337060068],[-48.72896339557595,-26.877708007134775],[-48.72892797864562,-26.87767631480418],[-48.72891175136321,-26.87764525137323],[-48.72890625418362,-26.877578935572345],[-48.72891788110334,-26.877526762188634],[-48.72891232429454,-26.877501380697243],[-48.72891926760422,-26.87749773181105],[-48.72889880155028,-26.877465815093647],[-48.72890772329525,-26.87744012221197],[-48.728903506683174,-26.87740332818839],[-48.728917703869755,-26.877331017278152],[-48.728898173929764,-26.877184580785173],[-48.72886933994849,-26.877137121041226],[-48.728860132455,-26.87702967945554],[-48.72887089042316,-26.8769770237262],[-48.72886290003598,-26.876929508347114],[-48.72888058334353,-26.876885827857205],[-48.728861808482506,-26.876874526893186],[-48.72886372224034,-26.87685712678215],[-48.7288541624281,-26.87686057657186],[-48.7288490473384,-26.876852565377142],[-48.72885380227539,-26.87680087441344],[-48.728876144986316,-26.876807425374945],[-48.728889078851616,-26.876801922603764],[-48.72885298646079,-26.876783693931813],[-48.7288677837781,-26.876724952025754],[-48.728860802702684,-26.876707086725727],[-48.728863189777556,-26.87665936819084],[-48.72887541570948,-26.87665791507668],[-48.72886866054623,-26.87664178702164],[-48.72887697282603,-26.8766418430563],[-48.72888017367288,-26.876632497275626],[-48.728894790965576,-26.87663938517653],[-48.72889513440928,-26.876659001906713],[-48.72891219893789,-26.876661671378766],[-48.72892959525143,-26.876774692734067],[-48.72892989380809,-26.876860078621423],[-48.72894366380512,-26.876937385749855],[-48.7289401408148,-26.877003666629292],[-48.728955884919166,-26.877082099268748],[-48.72896531935129,-26.877198932719867],[-48.72896105571507,-26.877222023823442],[-48.7289808846062,-26.87740042458997],[-48.7289731776423,-26.877452689884116],[-48.72898806872461,-26.877504379048478],[-48.72899083774156,-26.87754683525078],[-48.72897738879868,-26.877660747745104],[-48.72899510443539,-26.877682552466847],[-48.72900344139971,-26.87774555589543],[-48.72900437213008,-26.87788443942679],[-48.72904299432112,-26.878240098021912],[-48.72904907155256,-26.878255357841333],[-48.72905985087816,-26.878259675209733],[-48.72923409731372,-26.878243382436047],[-48.72926390441655,-26.878217517207695],[-48.7292678097219,-26.8781754002351],[-48.72925417896888,-26.87817870518672],[-48.72923686927996,-26.87816669141507],[-48.7292313895926,-26.87815627474746],[-48.729238041484386,-26.878151549048102],[-48.729220187408814,-26.878136109835744],[-48.72918842736999,-26.878074868671835],[-48.72917867703505,-26.87804505550853],[-48.729187616501825,-26.878043041458355],[-48.72918737370171,-26.87800822001349],[-48.72915835038342,-26.87799900955164],[-48.729166880956726,-26.87797833522431],[-48.729148508141854,-26.877963625871335],[-48.729162847999724,-26.87795434816255],[-48.729163630574966,-26.877939365583643],[-48.729141314327954,-26.87790943071931],[-48.729160264775075,-26.877911555626767],[-48.72917337349256,-26.87790113817971],[-48.729165188236685,-26.877891250169256],[-48.729178616004155,-26.877879723321243],[-48.72918388149515,-26.87783435501981],[-48.72917724141017,-26.87775427287908],[-48.72916370710722,-26.877714195747892],[-48.72917389078167,-26.87769806747949],[-48.729166174451265,-26.877637036869405],[-48.72915049507619,-26.87759693698404],[-48.72916313842613,-26.87758865357561],[-48.72916051653763,-26.877541049439277],[-48.72914010721078,-26.877523809357772],[-48.729159048382144,-26.87751048772603],[-48.72915886361882,-26.877462393029603],[-48.729149813493265,-26.877440596783323],[-48.72916597292328,-26.877437452515675],[-48.72917094680367,-26.877421268467327],[-48.72916183707882,-26.877398224975853],[-48.72917985334113,-26.877369501645024],[-48.72914432785121,-26.877340976137297],[-48.72913698421286,-26.8772477122811],[-48.729172992784804,-26.877241600379744],[-48.729145347198255,-26.877232598880084],[-48.729149139393286,-26.87720640838573],[-48.729163535549255,-26.87720810269946],[-48.729167675557036,-26.87720171491041],[-48.729145674682265,-26.8771856107029],[-48.7292218776803,-26.877110183183973],[-48.72918634038261,-26.877094585140945],[-48.72917806543529,-26.877059384587334],[-48.72911333078012,-26.877031062733092],[-48.7291177261134,-26.877023329882515],[-48.729134084843146,-26.877022194070587],[-48.729118659468035,-26.87698545088007],[-48.72915133706075,-26.876939010750032],[-48.729120230784126,-26.876931013093714],[-48.729136929368906,-26.876926266614685],[-48.7291218567338,-26.876898810826166],[-48.7291297157143,-26.876884794826857],[-48.7291206437073,-26.87687068983613],[-48.729136653711315,-26.876868975358807],[-48.72912889852317,-26.876838433499813],[-48.72914217363174,-26.87681525623087],[-48.72912158203379,-26.876795259836573],[-48.72911089790876,-26.876805668434827],[-48.729101517675744,-26.87678553732046],[-48.729111318082985,-26.876777401332102],[-48.72910096028485,-26.876750847084473],[-48.72911748823741,-26.87673751914341],[-48.72911297352132,-26.876731239490045],[-48.729098491421006,-26.87673425008549],[-48.72909730876861,-26.876703250757753],[-48.72910921600673,-26.876692871750304],[-48.72910734134785,-26.87666537815742],[-48.7291192556155,-26.87666270169977],[-48.729119350577164,-26.876654628977786],[-48.729080780490236,-26.876631521578076],[-48.729057317592634,-26.87658606593409],[-48.729047861529736,-26.876588002187482],[-48.72902280095558,-26.8765707676368],[-48.72896257334324,-26.876565886307613],[-48.72895103611647,-26.87655871402608],[-48.72898569873415,-26.876507915409167],[-48.729044200403074,-26.876452794648923],[-48.72906702427267,-26.876458279393944],[-48.729087875719756,-26.876490192353288],[-48.72909828289724,-26.87649212576489],[-48.72917512031571,-26.876457077884073],[-48.729201935121594,-26.87643070699443],[-48.72929778421918,-26.87640411923495],[-48.729474415597295,-26.87638733372119],[-48.72953771710783,-26.87637149156448],[-48.72959920387039,-26.87637520074159],[-48.72964179799413,-26.876350440669842],[-48.72965110382354,-26.87632691617731],[-48.72968337172236,-26.87629043059746],[-48.72976793429417,-26.876276542728075],[-48.72975033851553,-26.876256346396612],[-48.72974494861395,-26.87623166971969],[-48.729752010381475,-26.876197414176694],[-48.72976373522834,-26.876191422612862],[-48.72976607223201,-26.87617433792248],[-48.72970611508267,-26.87612335221144],[-48.72969480685651,-26.87609218292115],[-48.72970022444532,-26.876067737697927],[-48.72968979448403,-26.876048616739702],[-48.72976244340554,-26.876070855725498],[-48.72975710670419,-26.87608259299933],[-48.72972856159394,-26.876097312595764],[-48.72975713628518,-26.876102664942604],[-48.729778241318144,-26.876123356263843],[-48.729816884914946,-26.876114182087562],[-48.72985559290646,-26.87612122331755],[-48.72990244778643,-26.876107991890777],[-48.72995160057698,-26.876108083297055],[-48.72996530184859,-26.87608879694538],[-48.729974536745814,-26.876098983342004],[-48.73000724982861,-26.876098931469333],[-48.72999141878707,-26.87608378928974],[-48.72992939389326,-26.876067937251975],[-48.72994705289032,-26.876044229309805],[-48.72996688984796,-26.876039796675048],[-48.72995427926237,-26.876028675235553],[-48.729916701842846,-26.876022871417298],[-48.729886928707664,-26.876044959699716],[-48.729860651673654,-26.876037584003473],[-48.72984762854686,-26.876013014782306],[-48.72987780071353,-26.87600887820932],[-48.7298431411576,-26.875994338586384],[-48.729815223667444,-26.875957259334808],[-48.72977272573693,-26.875948663626065],[-48.7297369961319,-26.875951664916247],[-48.72973951144668,-26.875965790835618],[-48.72973295335787,-26.875971520700215],[-48.72971067283021,-26.875959043564198],[-48.72970546816001,-26.875951031861497],[-48.729713842230126,-26.87594159863677],[-48.72969130682164,-26.87590093738944],[-48.729696267400655,-26.87585534935981],[-48.72971138502784,-26.875853162021325],[-48.72969549825218,-26.875831698131556],[-48.72968941249333,-26.875798687842938],[-48.72969460922229,-26.875761122809784],[-48.72974115225859,-26.875672395279068],[-48.72978264629696,-26.875618622539097],[-48.72977489762137,-26.875600136688455],[-48.72987838997371,-26.875582463934325],[-48.72990242937764,-26.87555450960584],[-48.72993457350681,-26.875552454176926],[-48.72992851543731,-26.875536688423427],[-48.72998122608655,-26.875518916059065],[-48.73003047812471,-26.875446290208398],[-48.730024527137466,-26.87542083382699],[-48.72999735807929,-26.8753951032623],[-48.72998577989164,-26.875366816603314],[-48.730016147999294,-26.87533800825299],[-48.729984593004716,-26.8753304764786],[-48.72987339572605,-26.87532995386768],[-48.72966414661064,-26.87534015215075],[-48.7296478081409,-26.875330568116237],[-48.72961256502734,-26.87463454119903],[-48.72958416819618,-26.874335956551093],[-48.729565257451014,-26.87428524606842],[-48.729555892936155,-26.87421131005047],[-48.72952556421768,-26.874437204882657],[-48.72951899102005,-26.87443966671476],[-48.72948942168321,-26.87440696393604],[-48.72947733339215,-26.87437797776438],[-48.729447104689996,-26.874038846197543],[-48.72943092559529,-26.873984037343906],[-48.729408321866686,-26.87395718882358],[-48.7293135308115,-26.873996450681545],[-48.72920835100016,-26.87399379617349],[-48.7291003936112,-26.87400942396146],[-48.72907107715434,-26.87405837554753],[-48.72899467872693,-26.87428439055554],[-48.72898960041455,-26.87435101285469],[-48.72895717019259,-26.874475326963317],[-48.72869626622335,-26.87479713628522],[-48.7286295716262,-26.87475809319586],[-48.728571391206,-26.874794516552452],[-48.72846155652577,-26.87476835441006],[-48.72833035647661,-26.874844108272995],[-48.72828692974641,-26.874839010453538],[-48.72827045956592,-26.87482852440384],[-48.728245574408234,-26.87478593543003],[-48.72822791457062,-26.8747056597933],[-48.7282079647759,-26.8746981310693],[-48.72819331944543,-26.874710272685743],[-48.72814889867322,-26.87482105907717],[-48.72809738214887,-26.874911065155633],[-48.72806429137224,-26.874946928885212],[-48.728037596715666,-26.874939169826064],[-48.72803028288504,-26.87492638085318],[-48.72803245387056,-26.874905682815477],[-48.72807017408895,-26.874812437074382],[-48.728127998752726,-26.87471309550383],[-48.72818947336599,-26.87458481227356],[-48.728220701281224,-26.87454009165445],[-48.728282155723555,-26.874399822567664],[-48.72829648100689,-26.874325124961562],[-48.72828954261718,-26.87427493986933],[-48.72828023669857,-26.87424713273712],[-48.72824548648685,-26.87422221759661],[-48.728239955928004,-26.874208821985313],[-48.72834697774249,-26.873908438702752],[-48.72809275689278,-26.874384766804305],[-48.727851925670755,-26.874952633409173],[-48.7278094940273,-26.87509481280443],[-48.727773627243955,-26.87515620551484],[-48.72772498246637,-26.87521319987636],[-48.727705007906685,-26.875289819892735],[-48.727668314814224,-26.875367411841754],[-48.72764562996202,-26.875440770100518],[-48.72750229015608,-26.875759555986935],[-48.72745998655592,-26.875894187369784],[-48.72743951659431,-26.875913005389254],[-48.727364218662515,-26.876082869211583],[-48.727324711135644,-26.876198850312964],[-48.727109849551546,-26.87670147236],[-48.727023094606196,-26.87693760727549],[-48.72697349278971,-26.876960745753973],[-48.72698824940959,-26.87701050618751],[-48.72698433479176,-26.877036453676567],[-48.7268550722866,-26.877407858862064],[-48.726858017697914,-26.877413348951258],[-48.72687207533937,-26.877386295848734],[-48.727073186224644,-26.876921422835995],[-48.727153749871505,-26.876775829685023],[-48.72723176734567,-26.87660065643393],[-48.72726696772145,-26.87656788439305],[-48.727291262982256,-26.876527938368223],[-48.727281805470696,-26.87651339750069],[-48.72730120323992,-26.876462869030846],[-48.72731663408158,-26.876438039948287],[-48.727329296956505,-26.876433659222307],[-48.727334275415124,-26.876409862231],[-48.72734980593294,-26.87643442597574],[-48.72735938305951,-26.8764098393232],[-48.72735643733179,-26.876395964552124],[-48.72737784675133,-26.87637868410255],[-48.727374968685886,-26.87634734254847],[-48.72736234331086,-26.87633113713457],[-48.72736288985252,-26.876285005332893],[-48.727383175038845,-26.876277238497995],[-48.727398722827274,-26.87625581714142],[-48.72739851863527,-26.87621194834336],[-48.72741613753706,-26.876194899297065],[-48.72741733582079,-26.876165686330687],[-48.72744909212173,-26.876121052037202],[-48.72745453958985,-26.876081102365195],[-48.72748294055317,-26.87604120520254],[-48.72751052747648,-26.87596593774455],[-48.7275257030563,-26.87595240413563],[-48.72752843397004,-26.875909205244284],[-48.72754506875869,-26.87588646391903],[-48.72754754330036,-26.87586599097798],[-48.72757066948823,-26.87583059520097],[-48.727602900137214,-26.87582839460146],[-48.727605521995834,-26.875797990731567],[-48.72758588482767,-26.875788258640835],[-48.72763043987497,-26.87571553378206],[-48.727659182426095,-26.875708810818065],[-48.727676086335265,-26.87564735677539],[-48.72769549312367,-26.875644154803883],[-48.727696919008075,-26.875629669910087],[-48.727716958565125,-26.875623761731323],[-48.7277319575593,-26.875566376880105],[-48.72776468193653,-26.87552107401167],[-48.727764876930244,-26.875493564972118],[-48.727779770416035,-26.875479740715562],[-48.727803995758585,-26.875432652344006],[-48.72783067364391,-26.87536236254816],[-48.72783426667939,-26.875332856889163],[-48.72784514591371,-26.875319584430404],[-48.72782995600222,-26.87529872176214],[-48.72783882889903,-26.87528986251463],[-48.72782682261172,-26.875274504576883],[-48.72784951751998,-26.875232233236055],[-48.72783197876016,-26.875220431317338],[-48.7278194185409,-26.87523115889353],[-48.727818632842656,-26.875217410923188],[-48.72783074762429,-26.875215117726167],[-48.72785659792669,-26.875226554277646],[-48.727851525924684,-26.87520145219013],[-48.727868392606744,-26.87517068000892],[-48.72787806834226,-26.875127817515],[-48.72789272558977,-26.875107184948426],[-48.72796103746532,-26.875057408807322],[-48.72793730210957,-26.8751605122256],[-48.72794475632291,-26.87517322585016],[-48.72819696717038,-26.875286377036975],[-48.72834269292093,-26.87537278587659],[-48.72833547257321,-26.875481030907864],[-48.728303539575485,-26.87558475159998],[-48.72827781935309,-26.875632073223304],[-48.728198564943,-26.87563924830666],[-48.728166658151366,-26.875613633434746],[-48.72806596386809,-26.8755927781814],[-48.727966654809194,-26.875549357644964],[-48.727929233804716,-26.875503948070946],[-48.727908470778836,-26.87542552486436],[-48.727931153100634,-26.87533643495574],[-48.72792783159005,-26.87531644003041],[-48.72791613009197,-26.875313364873353],[-48.727889638689355,-26.875366484912757],[-48.72785802473842,-26.87539793407369],[-48.72784770275978,-26.87544553307061],[-48.72781872687864,-26.875507547413278],[-48.72775277836657,-26.875557382239695],[-48.727740321476816,-26.875610234354586],[-48.727729806770654,-26.875612273519764],[-48.72772606753838,-26.87565819243766],[-48.72770489539689,-26.875694611473154],[-48.727659434820005,-26.875814067940706],[-48.72766351535567,-26.875890898015466],[-48.727617990999015,-26.875913422795698],[-48.72747930003541,-26.876242856529103],[-48.727474352512196,-26.876320091854282],[-48.72743333527822,-26.87635117122579],[-48.727412156894204,-26.876381451621036],[-48.727380321382086,-26.876444225727678],[-48.72734531694213,-26.876542005511837],[-48.727346585854725,-26.876609262250625],[-48.72730505267946,-26.876643185928657],[-48.72727550569299,-26.876685677203763],[-48.72723496906776,-26.876783866093696],[-48.72722725165968,-26.87681197063528],[-48.72723786195174,-26.876842933933183],[-48.727201093233695,-26.87693713683551],[-48.727193139887596,-26.87700172824159],[-48.72723299482794,-26.87704455013494],[-48.72723890924474,-26.8770994692827],[-48.72723295921563,-26.877125297395967],[-48.727243782801786,-26.87714856891372],[-48.727303752075336,-26.8772203429241],[-48.72731906961907,-26.87722281121211],[-48.727345697136,-26.877209000733966],[-48.72732227496502,-26.877236486206215],[-48.72732263812763,-26.87724997288397],[-48.72738400224656,-26.87729991912724],[-48.72739548652944,-26.8773222609095],[-48.72741268573078,-26.87732785938598],[-48.72741527453292,-26.8773217995553],[-48.72737433430697,-26.87728050073237],[-48.727353825231205,-26.877245879372232],[-48.72736300968826,-26.877212353030302],[-48.7273529372933,-26.87719951963979],[-48.72746389982477,-26.87721990984389],[-48.727491765343366,-26.87717686264642],[-48.727500639983994,-26.877137743322663],[-48.727529677652655,-26.877086255383094],[-48.72754400282274,-26.877042599575162],[-48.727489426917174,-26.876950531443295],[-48.727431770074595,-26.876916894454965],[-48.727429797164085,-26.876900972329842],[-48.72744341069686,-26.876881620763896],[-48.72744265164144,-26.876855627845913],[-48.72745276053114,-26.876844754388454],[-48.727493189947026,-26.876837986660902],[-48.72750814192604,-26.87684504343107],[-48.72752905857851,-26.876875287211636],[-48.72758789409526,-26.87688265287366],[-48.7275919253874,-26.876984075785774],[-48.72755931058951,-26.877044348424256],[-48.72759150350624,-26.877062262002156],[-48.72763371545984,-26.87710599076987],[-48.727659634827496,-26.87718668811132],[-48.727626241735756,-26.877271427268173],[-48.727622215044434,-26.877312441227918],[-48.72758277581569,-26.877385908034515],[-48.727611286069646,-26.877421052455016],[-48.7276114589013,-26.877434446728632],[-48.72759521578158,-26.877455757644068],[-48.72758267217583,-26.87745718928752],[-48.72745553668315,-26.87735816006777],[-48.72743148477567,-26.877345693781745],[-48.72742529644637,-26.87735098998343],[-48.72744629861346,-26.87735890396689],[-48.72746803373374,-26.87738143954273],[-48.72746395280919,-26.877401468796858],[-48.727493395650484,-26.87741474467288],[-48.72756507231983,-26.87747684854317],[-48.72758505932685,-26.8775078417407],[-48.72768975596501,-26.877603928871437],[-48.727762413720065,-26.877631738991397],[-48.72770261489977,-26.87756329163072],[-48.727686288571654,-26.877533877067112],[-48.72766253873725,-26.877532164789546],[-48.72763026149297,-26.87750548073422],[-48.72762589625274,-26.877490927048672],[-48.72764191943544,-26.87747799457082],[-48.72766398399323,-26.87748154962198],[-48.72769599790505,-26.87752034124933],[-48.727920637249866,-26.877671992225846],[-48.72798880952137,-26.87770031938484],[-48.72800864024737,-26.877735963963325],[-48.727996455406014,-26.87778038703739],[-48.72807413046223,-26.87776721881779],[-48.728034123345644,-26.87786707065156],[-48.72803718730261,-26.877876851080796],[-48.72807692833534,-26.877876794499823],[-48.72822407664291,-26.87783728106888],[-48.72828771481984,-26.877843953010768],[-48.72829295257993,-26.87781845632258],[-48.72830925093151,-26.877826182629683],[-48.728350789465864,-26.877876891676145],[-48.72837787182703,-26.877866909305418],[-48.72849020629697,-26.877915762505733],[-48.72853074421109,-26.877924370427596],[-48.72853297530822,-26.87791853224051],[-48.72850831264127,-26.87789341745457],[-48.72850589660771,-26.8778438366492],[-48.728560333139484,-26.877810025365182],[-48.728608695349074,-26.877844655871332],[-48.72863811575968,-26.877843917870283],[-48.728687246769354,-26.87790019431426],[-48.72869544964199,-26.877943372315933],[-48.728722444952616,-26.877967235876934],[-48.72870661190253,-26.87799381301448],[-48.728718237554354,-26.87803426559539],[-48.72869771178075,-26.878053196596078],[-48.7287182689931,-26.87808634394936],[-48.728707081450196,-26.878112660072034],[-48.72870142158957,-26.878206377232484],[-48.72868883591955,-26.878242118649624],[-48.728707549809066,-26.87828446123754],[-48.72867322116888,-26.878324913078043],[-48.728662063504636,-26.878377312366887],[-48.72867641688941,-26.878383417238396],[-48.72869516297975,-26.8783703497417],[-48.72870367975677,-26.878354749719076],[-48.72869873727748,-26.878335486803824],[-48.72873251605868,-26.878351019705352],[-48.72876459110668,-26.878378378922285],[-48.728802099823604,-26.87839022028721],[-48.72882677817119,-26.87838335415511],[-48.728869999925486,-26.878394997675592],[-48.72894652999158,-26.878397840852497],[-48.72896065383552,-26.878407575280775],[-48.72896681009088,-26.878427741205616],[-48.72903095695869,-26.879247613206548],[-48.72903727476765,-26.8793813581268],[-48.72903016222887,-26.879477773737527],[-48.729046842005616,-26.879572137967294],[-48.72904624414812,-26.879681264683615],[-48.72907481843925,-26.879870851140897],[-48.72909666119065,-26.880149627970876],[-48.72908868087509,-26.880180873434902],[-48.72909380724907,-26.88028718267187],[-48.7290839660255,-26.880380695432137],[-48.72907526973123,-26.880392432792522],[-48.728824271179185,-26.88055092417708],[-48.728788661474056,-26.880558978111804],[-48.728731220066706,-26.88055144847202],[-48.728636373564036,-26.88051448302633],[-48.72856781702292,-26.880511217348545],[-48.72851557984208,-26.88049195279757],[-48.72836734971973,-26.880477855921526],[-48.72832781370117,-26.880484120199934],[-48.728286934565574,-26.880463345242788],[-48.728217012817744,-26.880451858658148],[-48.72811572447698,-26.880470854116318],[-48.72800567407691,-26.88044328911352],[-48.72799584939819,-26.880424646143712],[-48.727987014067565,-26.88042904064751],[-48.727976347603345,-26.880419828299495],[-48.7279667728946,-26.880428382945567],[-48.72794642154946,-26.880426843577457],[-48.727924723487405,-26.88040584462186],[-48.72792380313448,-26.880372819012738],[-48.7279044018468,-26.88031739956619],[-48.72790460670344,-26.880273654679574],[-48.72788682537594,-26.88020134843123],[-48.72784975272032,-26.880164063758425],[-48.727853207344225,-26.88014143890012],[-48.727881669158016,-26.880159269865626],[-48.7278807581544,-26.880139058327224],[-48.72785163343559,-26.880092689276832],[-48.72784147171771,-26.880092405781305],[-48.72779154114464,-26.880054645320893],[-48.72772521704332,-26.880032315660372],[-48.72771232882814,-26.87999014157988],[-48.727837802041044,-26.879980346095035],[-48.727857162781305,-26.87999382071611],[-48.72787492653749,-26.87997529395272],[-48.727901436895415,-26.87996455346436],[-48.72777427910134,-26.879958600284727],[-48.72774614775759,-26.879922795059095],[-48.72774466716576,-26.879915511913712],[-48.727768080916015,-26.879902256134038],[-48.72776700706289,-26.879871271206916],[-48.72778666974513,-26.879856873941197],[-48.72776322658206,-26.87984493909942],[-48.72777863474047,-26.879832231368027],[-48.727781361476055,-26.879816763882545],[-48.72775365162685,-26.87976220526076],[-48.72775548050988,-26.879737087848046],[-48.72774479849079,-26.87970883710083],[-48.72777597415633,-26.879688949525097],[-48.72777713537037,-26.87966350190259],[-48.72779898784708,-26.879631146765124],[-48.72776685583236,-26.879613069937914],[-48.72772240208907,-26.879572847237934],[-48.72772110331672,-26.879554765565135],[-48.72769803999865,-26.87956756131286],[-48.727681762324636,-26.879595764594356],[-48.72763756992289,-26.87960923205951],[-48.72762885983369,-26.879547358777796],[-48.72761000488764,-26.8794961832969],[-48.72757987037375,-26.879470420794046],[-48.72754822620027,-26.879461665979154],[-48.727429879897926,-26.87946938655181],[-48.727231903343885,-26.87944866101237],[-48.72721221698803,-26.879467209100472],[-48.727075015667566,-26.879481553198477],[-48.72702151995094,-26.879499115894745],[-48.726966292122675,-26.879486613480534],[-48.72694568450061,-26.879496682605307],[-48.726932535187586,-26.87952635749873],[-48.72691475645918,-26.879512439845712],[-48.72690593784005,-26.879517710833504],[-48.726911302546576,-26.879596823089788],[-48.726935109904474,-26.87961207502457],[-48.726953801089685,-26.879598150469633],[-48.726957785794085,-26.87963000798115],[-48.72699811502542,-26.879665762374998],[-48.7270368460314,-26.879686738654943],[-48.72709151585915,-26.879703293101247],[-48.72707370562584,-26.879714482981548],[-48.7270025751713,-26.87972329598089],[-48.72707526292192,-26.87975288210953],[-48.727090157855386,-26.879778698194443],[-48.72708344521231,-26.879785344125736],[-48.72706892643996,-26.879776486655835],[-48.72706250748519,-26.87978811975012],[-48.727088472507944,-26.879818863582475],[-48.72710400018953,-26.879816731882677],[-48.727104198197225,-26.879789788751932],[-48.72713289010517,-26.879807677709547],[-48.72713482185385,-26.87979854890582],[-48.727145250928224,-26.879798143669973],[-48.727158034732696,-26.87981228143742],[-48.72716027039343,-26.87982236441204],[-48.72714475512839,-26.87982925675269],[-48.727131692801585,-26.879866906228177],[-48.727093707895506,-26.879896750029555],[-48.72711597098131,-26.879925056324947],[-48.72713603353715,-26.879986333489494],[-48.727147997055475,-26.880153108730575],[-48.72713729656831,-26.88021610818507],[-48.72716123111413,-26.880232656251],[-48.727204211948994,-26.880231368801688],[-48.72723228002538,-26.88027485658879],[-48.72720372140269,-26.880276854420053],[-48.72717855146244,-26.88025681384567],[-48.72713667769403,-26.88025437663279],[-48.727132944920186,-26.880267559146855],[-48.727149687805266,-26.880321528980627],[-48.72711669359884,-26.880329685945867],[-48.727061304455056,-26.88032638055074],[-48.727006227838245,-26.880369311876915],[-48.726962876369235,-26.88036010139188],[-48.72691647826726,-26.880338739079622],[-48.72682320959663,-26.880259434942836],[-48.726789835321874,-26.880250478835773],[-48.72678019137377,-26.880254997420987],[-48.72677739358954,-26.88032670273464],[-48.72680460889921,-26.880505863227707],[-48.72679688290561,-26.880597579607613],[-48.72680895599135,-26.88065185515131],[-48.72685456611639,-26.88069564789793],[-48.726884627348035,-26.88070551810443],[-48.72689403912677,-26.8806978182442],[-48.726889390425136,-26.880653831923393],[-48.72691660415032,-26.880650449813945],[-48.72695179119732,-26.880662264257],[-48.72698250350007,-26.880654185224184],[-48.72699112312507,-26.88066816484645],[-48.72697530853036,-26.88070182448432],[-48.726982477585835,-26.88076470087801],[-48.72700292710035,-26.880754246575936],[-48.72704087999389,-26.88075397835986],[-48.72705949069673,-26.88075972415398],[-48.727067078872984,-26.880772493229532],[-48.72706160024858,-26.880784657654637],[-48.72704050006796,-26.88077170542696],[-48.72702831873879,-26.88078036064386],[-48.72704992827148,-26.880809096833037],[-48.727047230241986,-26.880821614643263],[-48.72701410132309,-26.880830661933928],[-48.726977420382184,-26.880829325295526],[-48.72696663270941,-26.880847794538447],[-48.726967696895215,-26.880871808763985],[-48.726950365960036,-26.88089263007877],[-48.72694483033119,-26.880912871428],[-48.72689834516027,-26.880926672640207],[-48.72688789637784,-26.880981609093563],[-48.726858910970265,-26.880988780953757],[-48.72685117693753,-26.88100421745847],[-48.7268040077566,-26.88104429695338],[-48.72680073825331,-26.881128707507465],[-48.72683508383152,-26.881571748657517],[-48.7268345148683,-26.88169173671085],[-48.726829087440755,-26.88174739651255],[-48.72681907456142,-26.88177034083102],[-48.72680420651917,-26.88178017921166],[-48.72675404838376,-26.88178519543554],[-48.72670813077725,-26.88175870671867],[-48.72666466458311,-26.881749421174614],[-48.72543752156571,-26.881574888136335],[-48.72562092173754,-26.881612854886615],[-48.72569697842975,-26.881672303076133],[-48.72576330067363,-26.88166710801292],[-48.725788473218564,-26.88168460757838],[-48.726129034917285,-26.88174781801713],[-48.72659450837852,-26.88186635788367],[-48.726624011027425,-26.881890170167345],[-48.72663711238989,-26.881928822783525],[-48.726632621834575,-26.88195446586384],[-48.72666434985309,-26.88198254104391],[-48.72667839874101,-26.882047111979293],[-48.726721736555184,-26.88209383817917],[-48.726729610747675,-26.88214486048745],[-48.726757153468505,-26.882203946916817],[-48.72673963337248,-26.882264573193194],[-48.726734436300305,-26.882344266272696],[-48.726722202426735,-26.882362625572135],[-48.72673386329997,-26.882392701558548],[-48.726716904634394,-26.882396318164098],[-48.726691777643815,-26.88238009735664],[-48.72669202842179,-26.8823594244206],[-48.72668030856331,-26.882343608023053],[-48.72665497544877,-26.882344774135326],[-48.726637735084395,-26.882378048880444],[-48.72665166745618,-26.88241530975483],[-48.72665784046655,-26.882471729318915],[-48.72667123013081,-26.882480547912348],[-48.726732566028666,-26.882478526393527],[-48.72674362921955,-26.88247174385268],[-48.726751692818844,-26.88244457537995],[-48.726766820730234,-26.882441820023622],[-48.726884413010204,-26.882527588337577],[-48.72689616207469,-26.882566736274445],[-48.726906441431346,-26.882679866109193],[-48.7269384870556,-26.882761122414486],[-48.72695954653725,-26.882877241393697],[-48.726959425273826,-26.882973504867792],[-48.72698492119576,-26.883334535800728],[-48.72701990056172,-26.883628842267335],[-48.727033526302705,-26.88391640126054],[-48.72707142185597,-26.884296265541153],[-48.7270915466593,-26.884588270806784],[-48.72708630597662,-26.884701468501014],[-48.72710101788473,-26.884822639198262],[-48.72711242021893,-26.88514008225324],[-48.7271437553361,-26.88537965860129],[-48.72716583159644,-26.885717377337166],[-48.727199476179074,-26.886]],[[-48.72953058972892,-26.886],[-48.729504217797995,-26.885738989480057],[-48.729485567631656,-26.885207931224393],[-48.72947075442468,-26.885071513903192],[-48.729454156194706,-26.884763090230273],[-48.72943867186195,-26.884686715810634],[-48.72942255432048,-26.88437937106575],[-48.72942914387749,-26.88433484712402],[-48.72946706434674,-26.884310591504544],[-48.72945327500289,-26.88425922512256],[-48.729486006722105,-26.88411978547842],[-48.729520671758394,-26.884058563584606],[-48.72956374427048,-26.884011084922793],[-48.72955617958988,-26.88398322372452],[-48.72956497343384,-26.883953884678608],[-48.72964795738005,-26.883841902259082],[-48.72973622486635,-26.883760725104533],[-48.72977949996627,-26.883740808721704],[-48.729920455196044,-26.883702447830814],[-48.730071909396464,-26.88363467133206],[-48.730082827322065,-26.88364658230564],[-48.73011155642889,-26.88374837776484],[-48.73012655359663,-26.883666926067406],[-48.73016255585478,-26.883639429387205],[-48.730204421182165,-26.883640040866304],[-48.730207411649985,-26.883647521529184],[-48.730195896090905,-26.88365971991404],[-48.73020779672391,-26.88367311947532],[-48.730236989781034,-26.88368443703456],[-48.73024409731875,-26.8836693665903],[-48.730271467654966,-26.88368718590041],[-48.730319779866356,-26.883659909573534],[-48.7303655309988,-26.883656640636094],[-48.73039633850534,-26.883643174774974],[-48.73041802231877,-26.883657637599345],[-48.730434384436,-26.883658747038773],[-48.730477587331045,-26.883639817459468],[-48.730492130047935,-26.88361911244109],[-48.730545372904686,-26.883618761436338],[-48.73053723069567,-26.883605334758673],[-48.730595865101215,-26.883588151183535],[-48.73071761589473,-26.883573400398717],[-48.73074950366191,-26.88356122156618],[-48.73091911612381,-26.883558201718092],[-48.73096957746638,-26.883548370715257],[-48.73097379106035,-26.88353306963427],[-48.73107374878893,-26.883541352773594],[-48.73112199641062,-26.88353397060467],[-48.73115303239295,-26.883520649025375],[-48.7312681465929,-26.883525657748443],[-48.73141296546764,-26.883590637757916],[-48.7314719013627,-26.88359387395335],[-48.7314959741926,-26.883646995481136],[-48.73152126327423,-26.883626333908744],[-48.73156125720488,-26.883644353032043],[-48.73161067127006,-26.883643067455147],[-48.731615851857335,-26.883623739794086],[-48.731597803139515,-26.883571131072387],[-48.731583510060204,-26.88345152677621],[-48.731567113388884,-26.883430634235918],[-48.73157936297674,-26.883416898008054],[-48.73159114463952,-26.88335327927505],[-48.73160841436609,-26.883319983582176],[-48.73160067656863,-26.883308222165343],[-48.73155782537508,-26.883287995789175],[-48.73159377771701,-26.883223071371535],[-48.73158610413583,-26.883192678030348],[-48.731592219929006,-26.88318245580228],[-48.73155993534124,-26.88315304250708],[-48.731591819987344,-26.883101659945172],[-48.731586371121104,-26.883057080572865],[-48.731593655817406,-26.88305353541982],[-48.73158218718433,-26.883008980289787],[-48.73158847513103,-26.88294000659639],[-48.73157239774184,-26.882939812443823],[-48.73156651498734,-26.882931214139056],[-48.73159099957335,-26.882823599064245],[-48.73157659575376,-26.88272218734664],[-48.731583793588904,-26.882673008239312],[-48.73155969267341,-26.8826458363258],[-48.731573069004945,-26.88262178780583],[-48.73155931492057,-26.88256790972051],[-48.73161164332182,-26.882538948461523],[-48.73161706558218,-26.88252812578879],[-48.73160547568658,-26.882511762261377],[-48.73158407780977,-26.88252072468576],[-48.73154841129632,-26.882501469239696],[-48.73156914590887,-26.882466158063362],[-48.73156173323377,-26.882448199305337],[-48.73159629846568,-26.882356116715215],[-48.73164015973643,-26.882311194023323],[-48.73167245632423,-26.88231757416445],[-48.731662517159755,-26.882331935012438],[-48.73169484121319,-26.882361277617385],[-48.731715815313656,-26.882406232674004],[-48.73170294441519,-26.88242659468348],[-48.731728100425876,-26.882425126105954],[-48.731750090807516,-26.88248480476525],[-48.7316994706215,-26.882503068755877],[-48.731682490338095,-26.88251895898588],[-48.731706065465325,-26.882535118818904],[-48.73174715921597,-26.882531210576467],[-48.731796959446385,-26.882550675812826],[-48.73177642688874,-26.882600110057812],[-48.73181356245133,-26.8826843864528],[-48.73181611251794,-26.88271694551429],[-48.73184689457703,-26.88274726234202],[-48.73184262056665,-26.882788019798895],[-48.73186719965973,-26.8827542169517],[-48.73188245990918,-26.88276191538486],[-48.73189698979618,-26.882794644271108],[-48.73192253425198,-26.88279600297058],[-48.7319367117277,-26.88275970383777],[-48.73194296294312,-26.8826923557473],[-48.73196467925831,-26.882653036233886],[-48.732154306678666,-26.882657272504797],[-48.73216591141469,-26.882670478544124],[-48.732195947147645,-26.88281039443565],[-48.732212731817775,-26.882841291419798],[-48.73222147599834,-26.88282296762246],[-48.7322024080541,-26.88262987658818],[-48.73220854426061,-26.882609455124875],[-48.73222983960311,-26.882596503917462],[-48.73235020861656,-26.88258038211082],[-48.73243724013076,-26.88257981300499],[-48.73260831834153,-26.882546406404117],[-48.73267720013413,-26.882501443753117],[-48.73271019712848,-26.882490088149897],[-48.732825794126725,-26.882488864642372],[-48.73286189592473,-26.882504274186584],[-48.732876825465574,-26.88252420538325],[-48.73287555526522,-26.8825398903998],[-48.73285868734055,-26.88255106726065],[-48.73287077248766,-26.882639727910963],[-48.73294668098578,-26.882744493956814],[-48.73301139206442,-26.882764326270163],[-48.733063406418744,-26.882755219723958],[-48.73312765916377,-26.882729899366428],[-48.73313082837787,-26.882691123954395],[-48.73311650463071,-26.882600908556523],[-48.7331400028388,-26.88256955633014],[-48.73321845481475,-26.88254549172093],[-48.733301732441156,-26.88253090628079],[-48.733321512629914,-26.882532396021873],[-48.733336410750255,-26.882546241421373],[-48.73335598536227,-26.88263775216878],[-48.733350560208834,-26.882649231855904],[-48.73333414528019,-26.882659950378667],[-48.7332799047934,-26.882672487626124],[-48.733235347679376,-26.88265992418784],[-48.73317949887696,-26.88270241510646],[-48.73317032376791,-26.882735126196508],[-48.733113389486064,-26.88277960942865],[-48.733131048773984,-26.882785357227956],[-48.733127145179026,-26.882828958005753],[-48.73314077210038,-26.88283691075456],[-48.73314516324528,-26.88285172282032],[-48.73313840997432,-26.88292782125354],[-48.73314448183298,-26.8829801942597],[-48.73315211572204,-26.882989605745585],[-48.73318660650372,-26.882995787034258],[-48.73321898439991,-26.882982831256346],[-48.73320671850427,-26.882971329348056],[-48.73318382083567,-26.88297944851676],[-48.73316647995791,-26.882954419488698],[-48.73321625976204,-26.88291034212682],[-48.73327262180953,-26.882900631152626],[-48.73336358134408,-26.882932445921707],[-48.73338086992917,-26.88301490807095],[-48.73335495526638,-26.88314257115845],[-48.7333017711786,-26.883157180244925],[-48.73327815916305,-26.88317542252124],[-48.73334497930291,-26.88320945707257],[-48.733374381413185,-26.883205824585556],[-48.733405037354004,-26.88325196811706],[-48.7334105194617,-26.883400556717486],[-48.73343096921994,-26.883437638251905],[-48.73342376754163,-26.88349763513909],[-48.73345190222555,-26.88367424207952],[-48.73344860234648,-26.88370539778663],[-48.733420091307714,-26.883788067969387],[-48.733445121010355,-26.883854208024047],[-48.733438918405945,-26.883945984615465],[-48.73344930672043,-26.88401082209042],[-48.73343405325104,-26.884092927120395],[-48.733445646691756,-26.88410449493063],[-48.73347451328486,-26.88411187190022],[-48.73348362984593,-26.88414800175565],[-48.73347481063968,-26.884161264369574],[-48.73344506709276,-26.88416525056277],[-48.73339955204475,-26.88413187472519],[-48.73335987764732,-26.884136142819283],[-48.73332000320098,-26.884176198111888],[-48.733218621582026,-26.884192469302892],[-48.7332114029256,-26.88422058580793],[-48.73321662085454,-26.884255289493925],[-48.73323327739578,-26.884249420151082],[-48.73323393936181,-26.884205871131282],[-48.73323985479601,-26.88420089247973],[-48.73325104762412,-26.88420742089007],[-48.73325421049383,-26.884237232779384],[-48.73326452032297,-26.88423868785998],[-48.73327316306851,-26.88425539292284],[-48.733264068592135,-26.884263637972353],[-48.73324070111366,-26.884264222228687],[-48.73322459654231,-26.884282975741215],[-48.73321893016596,-26.884376414211033],[-48.73322771592727,-26.884384996779808],[-48.73325392982513,-26.884388281909576],[-48.73334008784612,-26.88437905729485],[-48.73339468926591,-26.88438705126954],[-48.73341432671334,-26.88437039668989],[-48.733466102706636,-26.88437558829462],[-48.73349736185195,-26.884399542933924],[-48.73352455552851,-26.884465631071034],[-48.73352810887352,-26.884526508981825],[-48.733509399043044,-26.88456299454746],[-48.7335450294779,-26.884688335130342],[-48.73355242343523,-26.884780420165868],[-48.73354727328923,-26.88481139636999],[-48.733561061214694,-26.88487427592237],[-48.733486388333866,-26.88486790647348],[-48.733456403199455,-26.884875263960563],[-48.73344432075882,-26.884886981538234],[-48.73346808096619,-26.884920780733705],[-48.73347133385018,-26.884960204295474],[-48.73348794606122,-26.884964981367002],[-48.73348656648824,-26.88501065317513],[-48.73350334680276,-26.8850392288477],[-48.73347915223097,-26.885052300653715],[-48.73348274759433,-26.885074918800214],[-48.73349755654191,-26.885087096833942],[-48.733475967600334,-26.88509325975614],[-48.73345702826189,-26.885121320826695],[-48.73349330551134,-26.885146188072632],[-48.733464501621114,-26.88524436671691],[-48.7335000778693,-26.885270119751386],[-48.733545646083186,-26.88528688766641],[-48.73355099170967,-26.885296895936268],[-48.733544000113184,-26.88531227435266],[-48.73350827318404,-26.885318574974345],[-48.73349697720761,-26.885306317049338],[-48.733470095398346,-26.88531485240574],[-48.73350447042546,-26.885362316348314],[-48.733510984385326,-26.885391793958306],[-48.73356657418432,-26.885419121679007],[-48.73359449590919,-26.885407346037802],[-48.73359109899522,-26.88543781431909],[-48.73361163855254,-26.88544848064866],[-48.733646475483994,-26.88542535571085],[-48.73363911636481,-26.88539541060814],[-48.73364636541871,-26.885382663361835],[-48.733659492472704,-26.885387490073946],[-48.733660304457366,-26.885415536933213],[-48.733675796679364,-26.885418343102202],[-48.73371720511845,-26.885401441338093],[-48.73372209579462,-26.88537660757911],[-48.73377647796783,-26.885395865048086],[-48.733829050674295,-26.885384962327432],[-48.73384255473429,-26.885379269751557],[-48.733848657651464,-26.88536020858319],[-48.73389336339518,-26.885360992723882],[-48.733907772417446,-26.88533683240416],[-48.73391858595227,-26.88533211551901],[-48.73397247131839,-26.885357710095736],[-48.734014284936805,-26.88541617416867],[-48.73403184027451,-26.885423774749757],[-48.73403279757997,-26.88539506770438],[-48.73401138062368,-26.885352464849177],[-48.73402869387706,-26.88532337588559],[-48.73402625853117,-26.885308084433937],[-48.73401600959925,-26.885307203439705],[-48.7340083783735,-26.885325840307654],[-48.733999231706484,-26.88532908316423],[-48.73396829137109,-26.885269818905513],[-48.733936261297615,-26.885240956174034],[-48.73392708842164,-26.88523774605924],[-48.7339065193294,-26.88525170817488],[-48.733861354706306,-26.885249562093588],[-48.73385485163488,-26.885217567725874],[-48.73391931075625,-26.885206833138156],[-48.7339506048465,-26.885210190639107],[-48.73397505826882,-26.885224493434094],[-48.73401262785233,-26.885289358199397],[-48.7340422335291,-26.885284881459995],[-48.7340675646548,-26.88529348127619],[-48.73409378131622,-26.885281862275214],[-48.734103383599596,-26.885285745280324],[-48.73409231579107,-26.8853337695799],[-48.73405330997098,-26.885343246712786],[-48.73404975235028,-26.88535196780173],[-48.73406472312736,-26.885397095170003],[-48.73408572323505,-26.8854023865856],[-48.73408760130162,-26.8853818552048],[-48.73411916423253,-26.88541012471728],[-48.73410072462339,-26.885442702556738],[-48.734122796596715,-26.88545616393524],[-48.734131935669865,-26.885542221488752],[-48.734161421076244,-26.885640059432678],[-48.734162447158994,-26.885705196982038],[-48.73413967032643,-26.885724030349397],[-48.734148959425646,-26.88576126303057],[-48.73415240135495,-26.885871821949475],[-48.73417650162763,-26.885916641851427],[-48.734173776836016,-26.885935726550276],[-48.734163206939535,-26.885943261213246],[-48.73417346222824,-26.88596601869019],[-48.73414360574552,-26.885983963258656],[-48.73413453869186,-26.886]],[[-48.73558842737751,-26.886],[-48.73560276713958,-26.885999856196378],[-48.73564951291498,-26.885984454491],[-48.7356905054026,-26.88598921702006],[-48.73570404386916,-26.886]],[[-48.73602698710446,-26.886],[-48.73601518254629,-26.885963264237915],[-48.73604448708604,-26.88592458012255],[-48.7361387957802,-26.885895487912975],[-48.73624936555528,-26.885941097088914],[-48.73627151750612,-26.88592608066129],[-48.73628142283473,-26.885887760568394],[-48.736298471104476,-26.885880017333932],[-48.736308680839,-26.885884584967602],[-48.73630218157044,-26.885902393615883],[-48.73634960199618,-26.88591084805096],[-48.73636414046855,-26.885922832853204],[-48.736400028576966,-26.88592258685792],[-48.73639532990676,-26.885840882695543],[-48.73644210628337,-26.88580465164762],[-48.73643399134329,-26.88577330476167],[-48.73638388289616,-26.88575267827828],[-48.73637065975256,-26.885736810541836],[-48.736367727263115,-26.88570655747011],[-48.73638009111302,-26.885604075229065],[-48.73640084984721,-26.885596290378025],[-48.736411504250164,-26.88557961051234],[-48.736457423425925,-26.885577994714602],[-48.73648058715503,-26.88554392288509],[-48.7365236564062,-26.88555542008289],[-48.73653792483386,-26.885574589494624],[-48.736550520961636,-26.885577179273422],[-48.73656391566301,-26.88555667088036],[-48.73656653651544,-26.885518392841643],[-48.73655787591249,-26.88545842578262],[-48.736541177539436,-26.88543539101844],[-48.73651605013262,-26.88542953475519],[-48.73648460958341,-26.885437403814873],[-48.736459893200184,-26.88542082394002],[-48.73642494322094,-26.8854451029304],[-48.736392098066055,-26.885452296980763],[-48.736377371683346,-26.88544489454495],[-48.73636761060578,-26.885425647557618],[-48.73634113205747,-26.885212926034814],[-48.73636989212976,-26.885170186499046],[-48.7364182683106,-26.88513421391936],[-48.73642789685895,-26.885105177437456],[-48.73642663080293,-26.885079427251043],[-48.73644232148401,-26.88507126966495],[-48.73641787569799,-26.885054700440282],[-48.73635565193256,-26.885041209513705],[-48.736318182683036,-26.885008353388105],[-48.73631811374548,-26.88497293724332],[-48.73632585415018,-26.88495688119703],[-48.73637099178162,-26.88492892647186],[-48.73648179915133,-26.88489658517475],[-48.7364980080111,-26.884880909411073],[-48.7365010388718,-26.884863059597215],[-48.7364870706177,-26.884833278514567],[-48.73638248283011,-26.884790350076646],[-48.736334172202696,-26.884750996687604],[-48.73633570076917,-26.884738384111074],[-48.736365367443476,-26.88471538766858],[-48.736423206076765,-26.88470312894111],[-48.73644809927546,-26.884682405061586],[-48.73643989305528,-26.88465271181496],[-48.736410219265295,-26.88462966761269],[-48.73641784091013,-26.88460800540977],[-48.736406842596516,-26.884584487130333],[-48.736385669700226,-26.884578524573396],[-48.736371224429575,-26.88460539286421],[-48.73634119901348,-26.88462164853786],[-48.73636297717558,-26.884644807156278],[-48.73638802936135,-26.884632869430146],[-48.73639584054202,-26.884649865122476],[-48.73639289056649,-26.884669967855718],[-48.736361519460246,-26.88466260005835],[-48.736309231345324,-26.884676923202765],[-48.736287305163636,-26.884664572711984],[-48.7362792854128,-26.884646731680718],[-48.73627866061877,-26.884551657058125],[-48.73633235962254,-26.884528046810832],[-48.7364043106096,-26.884551913946293],[-48.736425146104125,-26.884541631413974],[-48.73643610531749,-26.884520812351397],[-48.73647625369447,-26.884511500850607],[-48.736468954985796,-26.884491768107647],[-48.73647849570176,-26.88446016633433],[-48.736453496454786,-26.884292785300072],[-48.73642140059162,-26.884277805427732],[-48.73635892595494,-26.8842874729115],[-48.73632538091832,-26.88428082110922],[-48.73633206674085,-26.884229817730972],[-48.73628268183787,-26.8841946381159],[-48.73622601933711,-26.88409939355033],[-48.73624179217535,-26.88408584603055],[-48.73629129580144,-26.884080786187862],[-48.7363192024046,-26.88406933552037],[-48.73633952072213,-26.884069998706387],[-48.73636288409331,-26.884082241364222],[-48.73642660943967,-26.884069602280437],[-48.736436987403806,-26.884059411136718],[-48.73641792324349,-26.883930242215698],[-48.73642560036904,-26.883888828862467],[-48.7364106110352,-26.883836008877534],[-48.736409552666174,-26.883618275517982],[-48.736367298236004,-26.883175598308764],[-48.73636648804684,-26.883098349599837],[-48.73634063317086,-26.88292604547015],[-48.73634285348115,-26.88286236772027],[-48.736323291722314,-26.88270278528637],[-48.73630782399941,-26.882696896124937],[-48.73629710727099,-26.882733782778125],[-48.736274616453706,-26.88276436838478],[-48.73620834868532,-26.882783468873047],[-48.736170330680245,-26.882786357407912],[-48.736137664094294,-26.882778069071115],[-48.73611155313095,-26.8827599398513],[-48.736124245333656,-26.882718062717743],[-48.736103562626994,-26.882688689280947],[-48.736123588885405,-26.88264926435792],[-48.736113925098664,-26.88261015497932],[-48.73612661379455,-26.88258243730898],[-48.736168472863845,-26.88257683710577],[-48.73626142972097,-26.882526609161285],[-48.736291680798665,-26.882578878711243],[-48.73630359890329,-26.882681407251127],[-48.73631263495648,-26.88267405628691],[-48.736322152973756,-26.882629044566453],[-48.73631796518948,-26.882564424824256],[-48.7363105698638,-26.882537882404918],[-48.736289948728704,-26.882514860558285],[-48.736305552604506,-26.882466860886964],[-48.73629038676536,-26.882406698394316],[-48.73629576229319,-26.882331045997436],[-48.736306608038426,-26.882291269039637],[-48.73628345040752,-26.882268621668665],[-48.73627949440976,-26.882221709103685],[-48.736259244910116,-26.882199029826985],[-48.73614291585877,-26.882172009316225],[-48.73607110324704,-26.88218605827794],[-48.736060438308385,-26.88217975604514],[-48.73605520368061,-26.88216351818961],[-48.73606252923548,-26.88212555290846],[-48.73608872583441,-26.88208364225866],[-48.73606355125213,-26.8820594409855],[-48.736073230712314,-26.88203495730927],[-48.73605600899814,-26.882007508331277],[-48.73606165815725,-26.881979879070297],[-48.73607611673022,-26.881959395874357],[-48.73612541947721,-26.88197012218219],[-48.73617528411207,-26.88196770599941],[-48.73619543321089,-26.881978657173526],[-48.73619879439807,-26.882065051647146],[-48.73619048465253,-26.88207777212477],[-48.736164793063274,-26.882083293066426],[-48.73616184699797,-26.882090378850943],[-48.73619299287381,-26.882095883091022],[-48.73623068371289,-26.88208708001825],[-48.736229549805635,-26.8821130164563],[-48.73624139944858,-26.882148997758808],[-48.73625935250741,-26.882168437416624],[-48.73628107740377,-26.88212199421959],[-48.73628301755481,-26.882057577376447],[-48.73626223370895,-26.88198607302456],[-48.73624457255286,-26.88181586935834],[-48.736229072984244,-26.881746401709417],[-48.73622080746112,-26.881747816939747],[-48.73619094314976,-26.88181035491365],[-48.736153129381634,-26.88184820062907],[-48.736080893409316,-26.881770206828],[-48.73603338965223,-26.881766019657174],[-48.7360129173166,-26.881744680533796],[-48.73602688277037,-26.881688956683345],[-48.736009219524476,-26.88162918641059],[-48.73602805017073,-26.881589904765796],[-48.73601543661601,-26.88156034390447],[-48.73605685831128,-26.88153708468127],[-48.736089871479315,-26.881545891171033],[-48.73610902841056,-26.88152835669501],[-48.73617660817925,-26.881497169003893],[-48.73618416998388,-26.88150192521705],[-48.736193778720974,-26.88153909884627],[-48.73620310890174,-26.881543342831733],[-48.73620961137341,-26.881498498463607],[-48.7362053144877,-26.881387905892673],[-48.736182560207276,-26.881331349804604],[-48.73617588014335,-26.881263929496598],[-48.7361912606445,-26.881201883137518],[-48.73617817017594,-26.881102387895073],[-48.73616665936301,-26.881091773721483],[-48.73611498398475,-26.88110522860751],[-48.735998369047,-26.881100987733284],[-48.7359798349622,-26.88107329570985],[-48.73596476693657,-26.88097860681873],[-48.73596760150848,-26.88096519845279],[-48.735988000664356,-26.88095365003243],[-48.736073395648255,-26.88093258380107],[-48.736100180306956,-26.880976571935406],[-48.73615123107085,-26.881010809023994],[-48.73617038035237,-26.881062874473457],[-48.73618241046548,-26.881054655507715],[-48.73617742036372,-26.8809379954434],[-48.73615086800369,-26.88083347795167],[-48.736159617482066,-26.8807564817216],[-48.73614548233597,-26.880701170188726],[-48.73613198600382,-26.880573115650172],[-48.736119329783705,-26.880549687201338],[-48.736082972669614,-26.880515435648412],[-48.73607520860711,-26.88049296008968],[-48.73611368254049,-26.88043959188874],[-48.73611897736066,-26.8803935829451],[-48.73610648146207,-26.880348480087218],[-48.73612390880832,-26.88032172636662],[-48.73610978732844,-26.88029632873834],[-48.73609964250332,-26.880185783205576],[-48.736077926941775,-26.88010721933127],[-48.73608736474572,-26.880070412348427],[-48.73608041057475,-26.880018817608583],[-48.736095008851414,-26.879982122216973],[-48.73607618692843,-26.87994640998744],[-48.73606756107365,-26.87989618364845],[-48.73609282322577,-26.87985124107649],[-48.73608019892456,-26.87981212846258],[-48.73608094624447,-26.879767011352296],[-48.736093673557555,-26.879776114461826],[-48.73610606484933,-26.879823080117017],[-48.73613642134542,-26.879849122405002],[-48.736149221610525,-26.879849365469322],[-48.73617967683135,-26.87981693382718],[-48.73619360757214,-26.87982029133083],[-48.73621974320167,-26.879878454733422],[-48.73625290738469,-26.879926266808575],[-48.73624076915415,-26.879954459003798],[-48.73616589417769,-26.880018110295417],[-48.73617898736155,-26.880138824121087],[-48.73624005866225,-26.880258122973864],[-48.73621504892481,-26.88026424417687],[-48.73620395778154,-26.880307659521705],[-48.736225882532636,-26.880316253949868],[-48.736274173633014,-26.880297116149695],[-48.736309582341825,-26.88029851570943],[-48.736325548183736,-26.880269044708246],[-48.73636309621941,-26.880319739072878],[-48.73635912068675,-26.880366362990223],[-48.736300894582605,-26.88037287777865],[-48.73627736335431,-26.880398329819236],[-48.736278322407244,-26.88042453715417],[-48.73630434504144,-26.880454092701967],[-48.73629999453819,-26.880519427531528],[-48.736312487932544,-26.88059626969307],[-48.736293413835504,-26.880630511789743],[-48.736240810254834,-26.88066075738104],[-48.736237598118905,-26.880669733159692],[-48.736251326381364,-26.8806844664771],[-48.736321477999994,-26.880680540671214],[-48.73637492001906,-26.880696087343782],[-48.73635402410031,-26.880743319975164],[-48.736342768789335,-26.880797748970938],[-48.73635270096463,-26.880902363756462],[-48.73632861697566,-26.88092681333702],[-48.7362805544315,-26.88090861842156],[-48.73626812883978,-26.88092648101368],[-48.73631168483717,-26.880950783721147],[-48.736297242631174,-26.880953135982928],[-48.73629628903554,-26.880961797807917],[-48.736328071201804,-26.881004437412575],[-48.73636793304606,-26.881023526975177],[-48.73635353392859,-26.881044772836578],[-48.73631129100563,-26.881060875160816],[-48.73630276151381,-26.881074476534934],[-48.736309760171025,-26.88112096769045],[-48.73630966717347,-26.881244240699978],[-48.73631957091822,-26.881287164984094],[-48.73635379588459,-26.881324795401966],[-48.73636392961128,-26.88136552318342],[-48.73635700180733,-26.8813856109076],[-48.736388811422216,-26.881368963235055],[-48.736373015949326,-26.88135882458779],[-48.73637175430906,-26.881346132089377],[-48.736421627423866,-26.881332773670618],[-48.73641527409609,-26.88131030358956],[-48.73642978102664,-26.8813152089989],[-48.736440631802736,-26.881334250532852],[-48.73644108133649,-26.881465453091643],[-48.73637659934603,-26.881524966292837],[-48.73634203181422,-26.881546832878144],[-48.73637538667898,-26.88159600889883],[-48.73637306710951,-26.88163957656023],[-48.736390120715356,-26.881679450519876],[-48.736380678177134,-26.881718510869344],[-48.73640589475917,-26.881726365683605],[-48.73645643090842,-26.881720952274538],[-48.73647324661598,-26.881738326908213],[-48.7364723838521,-26.8817558631307],[-48.7364571427629,-26.881768754108872],[-48.73646009479847,-26.881796057376032],[-48.73645155948462,-26.881824087118982],[-48.73642578005954,-26.88185674082849],[-48.736397239427056,-26.881870391497497],[-48.736432537180754,-26.881901670469222],[-48.73646683243997,-26.88190619451721],[-48.73646703883426,-26.881966683089175],[-48.73645750533079,-26.881972890805784],[-48.73643037214671,-26.881954248916443],[-48.736415531990055,-26.881967623712843],[-48.73644395836999,-26.882002222789172],[-48.73643066226909,-26.882055777984576],[-48.73638899371648,-26.88209060824614],[-48.73639973471379,-26.882098043352528],[-48.73645384133442,-26.882095729353065],[-48.7364880246799,-26.88208163395149],[-48.73649924747131,-26.882127610712203],[-48.73645901041843,-26.882157724240283],[-48.736452785213636,-26.882178459457084],[-48.73647669442204,-26.882254995428415],[-48.73651207773169,-26.882285523108813],[-48.736521971387575,-26.882281090876575],[-48.73653996217574,-26.882223705083877],[-48.73654919412049,-26.882090785091908],[-48.7365363391143,-26.88199102110586],[-48.736550517478,-26.88194995287207],[-48.73654095241223,-26.88190967190549],[-48.73654782556137,-26.881889145606745],[-48.736538708250194,-26.88186144301903],[-48.736547123234494,-26.881771582318432],[-48.736521186950846,-26.881745907842653],[-48.736512518522154,-26.881713912247477],[-48.73652031654346,-26.88170570665291],[-48.7365372285721,-26.881713047519057],[-48.73654591428901,-26.881686710478455],[-48.736537719977186,-26.881632743181378],[-48.736510389190855,-26.881607961446498],[-48.73651840528984,-26.881567352173224],[-48.73650168769542,-26.88140002983561],[-48.73648912470887,-26.881348535642925],[-48.73648551233705,-26.881216661502894],[-48.73647054419836,-26.88113390561091],[-48.736472798094894,-26.881030408434896],[-48.736515543121826,-26.881023347686305],[-48.73653077765994,-26.881010880744796],[-48.73650787506174,-26.88098600031729],[-48.73650617812635,-26.880953791560966],[-48.73647019740349,-26.880902257790975],[-48.73647739795344,-26.880863280621302],[-48.7364615157096,-26.8807863995023],[-48.736468738407616,-26.880774083929133],[-48.736492573509466,-26.880761210641317],[-48.73646763663884,-26.880705952543305],[-48.73647617066249,-26.880661772427608],[-48.7364983118172,-26.8806318904856],[-48.736536059201256,-26.88061492189217],[-48.73658911859027,-26.88060689562816],[-48.73663567809656,-26.88062183014412],[-48.73669388623195,-26.880560923035112],[-48.73691366364475,-26.880485320032165],[-48.73693334097824,-26.880490341620753],[-48.73694725394895,-26.880512577239994],[-48.73694621513633,-26.88053743859109],[-48.73691668752214,-26.880574025726535],[-48.73695623733648,-26.880614076874206],[-48.73696735876387,-26.880728987864064],[-48.736962458769355,-26.880863334635],[-48.73699118711808,-26.880957930982433],[-48.73698574262067,-26.881015507956455],[-48.73699182691168,-26.88108436624293],[-48.73698448641103,-26.88109971671986],[-48.736956145032835,-26.881118280066314],[-48.736918989405936,-26.88110418128714],[-48.736915505156794,-26.881116865424953],[-48.73698488805087,-26.881206535996842],[-48.73696621766507,-26.881237592669738],[-48.73700928587616,-26.8812710860877],[-48.73698728821842,-26.88130720096077],[-48.73701358896395,-26.88135655711472],[-48.73696617222817,-26.881390383990478],[-48.736986329597315,-26.881402737599572],[-48.73701793354753,-26.881444087307113],[-48.73697329838427,-26.881478522785308],[-48.73696424645525,-26.88150142556184],[-48.73696939003778,-26.881510065962193],[-48.73700829709861,-26.881517943291218],[-48.73702873370477,-26.881543507904492],[-48.737024132783326,-26.881634760887152],[-48.73704839533962,-26.881692618902715],[-48.73703400354257,-26.881721630581392],[-48.737037734871514,-26.88177301572163],[-48.73702770677469,-26.881798441467954],[-48.73706245062036,-26.88186222508357],[-48.737070896731254,-26.88190654824296],[-48.73707297121463,-26.881966082180842],[-48.737062967920814,-26.882012688055415],[-48.737079347607946,-26.882083772498362],[-48.737067606557076,-26.88210298807753],[-48.73702778777266,-26.88212651242965],[-48.73701857192135,-26.882161831269958],[-48.737026571293036,-26.8821854918708],[-48.73707438631601,-26.88219977766892],[-48.737081010249284,-26.88222069622863],[-48.73706202289652,-26.882268308786752],[-48.73704021029299,-26.882288459475184],[-48.73705665895394,-26.882304414017327],[-48.73717035516175,-26.882309336496256],[-48.73720121068948,-26.882305174177283],[-48.73722391943693,-26.88228969719829],[-48.7372584437323,-26.882291522777777],[-48.737296875263134,-26.882277315649784],[-48.73730269486896,-26.882266474731615],[-48.73729840882423,-26.88225368505201],[-48.737269123283085,-26.882264262833793],[-48.73725869941367,-26.88222969332387],[-48.737249461291356,-26.88216031073129],[-48.737257228221054,-26.882122801863563],[-48.73726701209246,-26.882110391012898],[-48.73728210677287,-26.8821202530185],[-48.73730696398734,-26.88216206493599],[-48.7373304836954,-26.882261160452206],[-48.73737610599022,-26.882272560165216],[-48.73738331629137,-26.882281578399926],[-48.73740462117334,-26.882428806091905],[-48.73741803458622,-26.88246567511221],[-48.737423026649594,-26.88254966540918],[-48.73746060579306,-26.882586935996365],[-48.73743670467849,-26.88260502727567],[-48.73744218164064,-26.882642603924783],[-48.7374593734004,-26.882662535718648],[-48.73743876556871,-26.88269207596434],[-48.737447957321,-26.882725552705573],[-48.73744853777661,-26.882772644918692],[-48.73748324661369,-26.882831088057348],[-48.73747046680073,-26.882852179476796],[-48.73746175511805,-26.88291321557856],[-48.737478799314374,-26.88293707068942],[-48.737472088454595,-26.88295460799539],[-48.73748455152369,-26.882982049174753],[-48.7374714571875,-26.88304999375636],[-48.737487400149966,-26.88314736150191],[-48.7374836905073,-26.883188280777613],[-48.7375030975829,-26.883241950261596],[-48.737493536165246,-26.883316893126622],[-48.73750177567022,-26.883336389110223],[-48.7375210632226,-26.88334034039999],[-48.737516633204905,-26.88335821385973],[-48.73755717261664,-26.883396133791603],[-48.737557176308236,-26.883406001300106],[-48.73753803984515,-26.883422299928416],[-48.73754761799495,-26.883450731810353],[-48.73752989198968,-26.883451547942634],[-48.737561493558836,-26.88347244245769],[-48.73755978523875,-26.883483730079604],[-48.737542517201526,-26.883490201116512],[-48.73757511042604,-26.883524263902437],[-48.73758637806909,-26.88358312116031],[-48.73761841303138,-26.88365758515082],[-48.737605458263836,-26.883736203512345],[-48.73761925458881,-26.883764419590698],[-48.73761344680193,-26.8837929515436],[-48.73761782043285,-26.883840297642138],[-48.73763731923755,-26.883852189400695],[-48.7376172533734,-26.883851787647117],[-48.737616145172964,-26.8838777100773],[-48.73763987603653,-26.883902479083666],[-48.73763039543597,-26.88390435864174],[-48.737638591951075,-26.883931016720165],[-48.73762521566175,-26.883943649802667],[-48.737638102673515,-26.883948503885875],[-48.73764544525108,-26.8839619516772],[-48.737636411257995,-26.883991273940833],[-48.73765125849013,-26.884036454966747],[-48.73766615368357,-26.88415111590989],[-48.737717667982814,-26.884300296671277],[-48.73772952693149,-26.88429355938501],[-48.73775744477731,-26.88431099350403],[-48.737765333476055,-26.884307537118474],[-48.7377623941087,-26.884203902575045],[-48.73779182622083,-26.88419402375786],[-48.73777521216215,-26.88418322146445],[-48.73774638175275,-26.88412919981773],[-48.73774571957008,-26.88411313272108],[-48.73771624413259,-26.884077648906356],[-48.7377167176949,-26.88405812103634],[-48.73775440172532,-26.884067673420613],[-48.737785459115464,-26.88412630257735],[-48.7378105527853,-26.88415061508635],[-48.73781426114769,-26.884170736074136],[-48.73780084007181,-26.884216383890404],[-48.7378349064906,-26.884219399580335],[-48.737834655054456,-26.884245258125446],[-48.737825692808364,-26.884259561982276],[-48.73783100773682,-26.884275422941627],[-48.73781359486373,-26.88427779183059],[-48.737836319750485,-26.884297795973687],[-48.73781736868475,-26.8843107431753],[-48.73782147263455,-26.884335054283333],[-48.737854038947546,-26.884361288685636],[-48.737826093778374,-26.88437493110733],[-48.73784045428431,-26.88440605398988],[-48.73782854047693,-26.884413119802716],[-48.73779436403687,-26.884393445723923],[-48.73777256279562,-26.88433904934812],[-48.73776041648788,-26.884326716758718],[-48.73775345455978,-26.884350589801993],[-48.7377735269508,-26.884411898370534],[-48.737824220025665,-26.88442018811965],[-48.7378401242158,-26.884433586232497],[-48.73783907560768,-26.884467785136877],[-48.73782183127665,-26.884481445541795],[-48.73782552570873,-26.884530911453524],[-48.73780400840404,-26.884562997433232],[-48.7377786815454,-26.884568775369793],[-48.737773685142386,-26.884576835485195],[-48.73778046703883,-26.884793227513754],[-48.73779455500848,-26.884875366358333],[-48.737788725943616,-26.88491481587999],[-48.73782041800546,-26.884991156865926],[-48.73782483073585,-26.885038363703135],[-48.737816069904206,-26.885065843021792],[-48.73783021459882,-26.885104771397323],[-48.73782346910047,-26.885153697364256],[-48.73786077103817,-26.885313245256576],[-48.73792200117795,-26.885347987787146],[-48.73793554646993,-26.8853683060426],[-48.737916606442624,-26.88539716010562],[-48.73785949412698,-26.885420487052183],[-48.73784739090279,-26.885465245391835],[-48.737848415595494,-26.885547028782945],[-48.73787773635698,-26.885747665772136],[-48.73787206062404,-26.885780325868765],[-48.73787930054717,-26.88583712596695],[-48.73789821769192,-26.885890812830365],[-48.737890884105596,-26.885907824868145],[-48.7378961683993,-26.885951850969402],[-48.73792069769215,-26.8859586919204],[-48.73791966223378,-26.886]],[[-48.73822338566166,-26.886],[-48.73827609867221,-26.8859833249449],[-48.73832352580019,-26.885991049647412],[-48.73832840621188,-26.886]],[[-48.738557517963635,-26.886],[-48.738560907624034,-26.885996244494244],[-48.73856563165518,-26.88597416846417],[-48.73858244056683,-26.88596514684655],[-48.73867515209738,-26.885957252191915],[-48.738728165000644,-26.885942534588253],[-48.738805448903896,-26.88594793416671],[-48.73889052119423,-26.885910897684205],[-48.73894976714413,-26.885902180949905],[-48.7389762358061,-26.88587763828204],[-48.7390516639158,-26.885842900165937],[-48.7391083795144,-26.885805631563255],[-48.73917372336593,-26.88578483280917],[-48.73922128588765,-26.885695323357666],[-48.739255380350535,-26.88566293492505],[-48.739287309915355,-26.885645664063528],[-48.73932293779275,-26.885647061940947],[-48.73937600480375,-26.885622335808876],[-48.73937529217901,-26.885611521100653],[-48.73936676315002,-26.88562373287912],[-48.73935211652009,-26.885617469115406],[-48.73935543394431,-26.88560047121513],[-48.73934235032726,-26.885559223494393],[-48.73934848210696,-26.885546705313857],[-48.73936322523223,-26.88554559394668],[-48.739378716495224,-26.885571308327044],[-48.73939202964461,-26.885562302845443],[-48.73939372841943,-26.885529193657426],[-48.739548917671485,-26.885486709226882],[-48.73958689722583,-26.885496969794772],[-48.739610342168945,-26.88553654503374],[-48.739619832160365,-26.885539407002415],[-48.73963818151225,-26.885509618220443],[-48.73962844397878,-26.885489311423978],[-48.739625988237705,-26.885447501936767],[-48.73964002848247,-26.885420219793943],[-48.739680121468204,-26.885459504663743],[-48.739744748805485,-26.88545683984831],[-48.73976540402494,-26.88543735609833],[-48.73977447130376,-26.88538399278288],[-48.73980473694111,-26.885366476771676],[-48.739885281863316,-26.885351119096605],[-48.739918989498015,-26.885288596698295],[-48.739952383878446,-26.885263757655533],[-48.73998060894217,-26.885258857775302],[-48.74,-26.885266926260897]]]},"properties":{"objectid":690,"cota":4,"tipocurvanivel":"Normal","sourceLayer":"curvas-0"}},{"type":"Feature","geometry":{"type":"LineString","coordinates":[[-48.73214007579211,-26.865353194693473],[-48.73214111595128,-26.865385382122724],[-48.73215926936506,-26.865400573030445],[-48.73222629789628,-26.865386626560973],[-48.73225769510679,-26.86539346661448],[-48.7322660323457,-26.865379421943388],[-48.73232573414662,-26.865373102709246],[-48.732353389954,-26.865322661595872],[-48.732389863057875,-26.865307845632955],[-48.732355700132686,-26.865242230314617],[-48.73233417359656,-26.865253525613902],[-48.732314838159,-26.86515066926992],[-48.73230405546222,-26.865131293767664],[-48.73226271112452,-26.865111366406538],[-48.73222277377766,-26.86513358553459],[-48.73219780874653,-26.865274894741553],[-48.73214661646116,-26.86529913248753],[-48.73214007579211,-26.865353194693473]]},"properties":{"objectid":723,"cota":4,"tipocurvanivel":"Normal","sourceLayer":"curvas-0"}},{"type":"Feature","geometry":{"type":"LineString","coordinates":[[-48.73418633953948,-26.86516584899489],[-48.734411121406794,-26.865176895918587],[-48.73443452829307,-26.86516666646127],[-48.7345036677287,-26.865102332495283],[-48.73452505000759,-26.86509634459392],[-48.73454042896775,-26.865105403655964],[-48.73456882025466,-26.865168902659033],[-48.73456081681911,-26.865210790906232],[-48.73456897360986,-26.865254902899103],[-48.73454469808553,-26.865354192704668],[-48.73456557693679,-26.865443985256857],[-48.73456123247646,-26.86544784670143],[-48.734524932258616,-26.86542467078959],[-48.73451419100636,-26.865443125269792],[-48.73455467646069,-26.865461038380037],[-48.734545158089006,-26.865479579251115],[-48.73455019132862,-26.865488262165037],[-48.73456137047495,-26.86548938537259],[-48.734569172446164,-26.865470983033028],[-48.73458260165082,-26.865485782040597],[-48.73459035388089,-26.865516116060896],[-48.734583936815014,-26.865540308204764],[-48.73455487091957,-26.865555222750277],[-48.73456703014658,-26.86558865426889],[-48.734595538216155,-26.865615708537376],[-48.734594752880085,-26.865647131209933],[-48.734610800251886,-26.865682128556596],[-48.73460635502871,-26.865706340583298],[-48.73459186733619,-26.865695221067586],[-48.734590684670444,-26.86565722493575],[-48.73454833285917,-26.865623445604104],[-48.73451521203476,-26.86562395960635],[-48.7344149407437,-26.86559143821887],[-48.73435495171616,-26.865603783944923],[-48.734282592449595,-26.865599948784677],[-48.73427587060708,-26.865572243884838],[-48.734319491336116,-26.865497796714063],[-48.73434205058478,-26.865512222327734],[-48.73435041753512,-26.86554321417878],[-48.734406253539596,-26.865566818894735],[-48.73446660704604,-26.86551427997331],[-48.734453858229166,-26.86549210345437],[-48.73446883693086,-26.86545375368488],[-48.734322119746885,-26.865439694502292],[-48.73428856809077,-26.86542320919556],[-48.73428183085498,-26.8653985985717],[-48.734268346031456,-26.86539330512052],[-48.73423269659019,-26.865400632668],[-48.734242418785094,-26.86542824941064],[-48.73427448588962,-26.865429457606538],[-48.734260392747075,-26.865445087776234],[-48.734212983457105,-26.865452255622866],[-48.734181341019045,-26.865444383265906],[-48.73417125263393,-26.86543538734489],[-48.73417819820529,-26.865414266634964],[-48.734096529198204,-26.865437286292742],[-48.73404201014721,-26.86542404563029],[-48.734013053825684,-26.86544375837437],[-48.73394373413972,-26.865449027939214],[-48.733924861866825,-26.86548103049595],[-48.73390148108837,-26.865459110281062],[-48.7338754667321,-26.865476010294564],[-48.73384780898871,-26.8654741967865],[-48.733838923871694,-26.865486054243576],[-48.73382227014041,-26.86549096724263],[-48.73369899074576,-26.865479923903685],[-48.73365204078585,-26.865489487727913],[-48.733561745561914,-26.86548720371982],[-48.73355051877116,-26.86549659418445],[-48.73354701146106,-26.86553537331597],[-48.73353418654702,-26.865530695928726],[-48.73351800946007,-26.865494702790617],[-48.73353271046572,-26.865472715623408],[-48.73353166320745,-26.86544984593091],[-48.73349756663596,-26.865399637748574],[-48.73352138342561,-26.865392928285555],[-48.73354712936423,-26.86530996695817],[-48.73357673546538,-26.865306365452753],[-48.73359047466937,-26.865326804456238],[-48.73359935079649,-26.86532084803122],[-48.73364434953943,-26.865204359708002],[-48.733889610904455,-26.865173093085847],[-48.73393156534777,-26.86515431259271],[-48.733971631596255,-26.86511557015676],[-48.733993491460744,-26.865106927750713],[-48.73401948171066,-26.865111570758813],[-48.73410648356799,-26.865153104520292],[-48.73418633953948,-26.86516584899489]]},"properties":{"objectid":724,"cota":4,"tipocurvanivel":"Normal","sourceLayer":"curvas-0"}},{"type":"Feature","geometry":{"type":"LineString","coordinates":[[-48.737823767187955,-26.865],[-48.737823718225556,-26.86501154822575],[-48.73781584241436,-26.86502630727116],[-48.73779215408584,-26.865013787256842],[-48.737782415954015,-26.865]]},"properties":{"objectid":805,"cota":3,"tipocurvanivel":"Normal","sourceLayer":"curvas-0"}},{"type":"Feature","geometry":{"type":"MultiLineString","coordinates":[[[-48.734550559465056,-26.865],[-48.73453875739304,-26.86501419446115],[-48.7345720885277,-26.865059609826076],[-48.73456027859629,-26.865071809399463],[-48.73457711118327,-26.86510799704317],[-48.734589498083565,-26.865346067818056],[-48.73462567661262,-26.865619228509832],[-48.73465696740227,-26.865970712629522],[-48.734635499196294,-26.865999126108694],[-48.73463442354828,-26.866014773700723],[-48.734661211101546,-26.866052830197273],[-48.734671600752066,-26.86612350027385],[-48.73466909272442,-26.866185565306097],[-48.734692672074644,-26.86625973269126],[-48.734694541451795,-26.866328602936427],[-48.73470794024117,-26.866382694398553],[-48.734740245179516,-26.866387735436675],[-48.73473706525676,-26.866351042018874],[-48.73476033598342,-26.866353965442627],[-48.734769500083814,-26.866372889772776],[-48.734759175306316,-26.86637817056873],[-48.73476357273537,-26.86639214972683],[-48.73475624014178,-26.866396542646335],[-48.73480470188337,-26.866427716123212],[-48.73483749888199,-26.866465270605698],[-48.734851942859265,-26.866457233860327],[-48.734860427851096,-26.86646292631184],[-48.7348730096691,-26.866482080503864],[-48.734875960219355,-26.86653078915753],[-48.734885512571516,-26.86654255420163],[-48.734875604047026,-26.866549365927497],[-48.73493574767506,-26.866598353419246],[-48.734931430063476,-26.866606167160295],[-48.73489720604163,-26.866611378888233],[-48.7349156346914,-26.866621169968635],[-48.73491471284884,-26.866647731629318],[-48.73492283549834,-26.86665736741824],[-48.73491984220784,-26.86670152716206],[-48.734912257992484,-26.866703953212387],[-48.734916458280736,-26.866762105349572],[-48.73490024981318,-26.86677925389088],[-48.73487774918055,-26.86677646195614],[-48.7348550172776,-26.866808294463713],[-48.73485519776028,-26.866843615889643],[-48.73486885399635,-26.866864299824737],[-48.73483243312689,-26.86687194001984],[-48.73483747675296,-26.86688323570365],[-48.73488152747184,-26.866891125463358],[-48.73488992155346,-26.866907136045583],[-48.73486385618583,-26.866914266322],[-48.7348559417708,-26.866949766612695],[-48.73482313769991,-26.866944062408344],[-48.734854488449756,-26.867117693147076],[-48.734869156460896,-26.86712260302495],[-48.73486924930146,-26.867106686988333],[-48.7348821109947,-26.86708847856073],[-48.73487369346564,-26.86706006333936],[-48.734904977126725,-26.86708449710487],[-48.73492311805875,-26.86707848607612],[-48.73491937177512,-26.867090147121534],[-48.73494091538195,-26.8671228843593],[-48.734920764718034,-26.867158137953194],[-48.73488843419976,-26.867148159197534],[-48.734861344237046,-26.867157317108393],[-48.73486608463749,-26.867328061134078],[-48.734852605961784,-26.867363439727715],[-48.734874947192324,-26.8673818578547],[-48.73490580921876,-26.86736504982911],[-48.73504722427147,-26.867342388307765],[-48.73511290619593,-26.86733763660933],[-48.735129580281445,-26.867350950707486],[-48.735129033083,-26.867407943790276],[-48.735256740701864,-26.86850293326492],[-48.73529092705444,-26.86876977084801],[-48.73529605366254,-26.868789985922444],[-48.735306739924084,-26.86879586254493],[-48.73532173427191,-26.868752952845785],[-48.73530103181288,-26.868643403028173],[-48.73527782085522,-26.868354147475337],[-48.73522944001395,-26.868027332520803],[-48.73517538799412,-26.867530013092185],[-48.73517170483119,-26.867416672307822],[-48.73518302188659,-26.867391850258358],[-48.735201790602076,-26.86738478706748],[-48.73516932587581,-26.867373913691633],[-48.73515954695547,-26.86734513643521],[-48.735176512295055,-26.86733030487332],[-48.73528924627303,-26.867308526210596],[-48.73552347689023,-26.86728192452236],[-48.735549248935214,-26.867400263377295],[-48.73557676378175,-26.86772333347724],[-48.7356765206018,-26.868537031214707],[-48.735689553021295,-26.868679586345728],[-48.73568053942313,-26.868707532651417],[-48.735445399821415,-26.868812824916827],[-48.73532276855323,-26.86885540994989],[-48.73507355855311,-26.86897519237863],[-48.73505724187121,-26.868974984952047],[-48.73505573872196,-26.86892549722967],[-48.735048853125306,-26.8689232074139],[-48.73503126312433,-26.868961539720694],[-48.735028753814056,-26.869008019305433],[-48.73506291175913,-26.869017720512574],[-48.735314273898155,-26.868897654940763],[-48.73547152123344,-26.86883956283463],[-48.73551534619944,-26.8688488737922],[-48.73564378035742,-26.868845892036134],[-48.73588394564575,-26.868820678232623],[-48.73591657994143,-26.86884185301601],[-48.73592994450749,-26.868822297066725],[-48.735947178846985,-26.868813416017296],[-48.73599562317141,-26.86880578142242],[-48.736029982234726,-26.86880680398692],[-48.736026620723784,-26.868814710691026],[-48.736034494172245,-26.868821259640097],[-48.73609625403334,-26.868812944045462],[-48.736130228411824,-26.868799131254264],[-48.73615408277857,-26.868817841473565],[-48.7361503995051,-26.86879947070771],[-48.73620798971851,-26.868787549718967],[-48.7362382395995,-26.868788398096672],[-48.736276406336394,-26.868809730933204],[-48.73627660911452,-26.86879773331322],[-48.73628836802548,-26.868787248363667],[-48.73634480881682,-26.86877463205912],[-48.73650029676822,-26.868764824509462],[-48.73656860538411,-26.868782730720792],[-48.73660670202683,-26.86875701456699],[-48.73666437848534,-26.868762282963022],[-48.736689204293945,-26.86879699387579],[-48.73668838108613,-26.86882968572413],[-48.73662906717726,-26.869024895346815],[-48.736505063769286,-26.869496968368104],[-48.736478343866985,-26.869567998608538],[-48.736456591050285,-26.869660240347077],[-48.73643517198372,-26.869706275329534],[-48.73643780629378,-26.86973143922117],[-48.7364541871495,-26.86974515188263],[-48.73647576830049,-26.86974659864159],[-48.73651781958712,-26.86973408836618],[-48.73654562599274,-26.869711318154284],[-48.736503338571225,-26.869685722032287],[-48.736506387028356,-26.869633213600164],[-48.73657848677276,-26.869376299470332],[-48.73661719433309,-26.86936594660859],[-48.73661817883361,-26.86933627335831],[-48.73663013336478,-26.86930409645544],[-48.736609138848884,-26.869283204861667],[-48.73662027719457,-26.869265228577795],[-48.73662240933023,-26.869224820939973],[-48.73663928889381,-26.86920131793321],[-48.73664661868983,-26.86913786088604],[-48.73673510925397,-26.868797315917465],[-48.736747426098916,-26.868778368502756],[-48.7367914598878,-26.86875279613714],[-48.73676386242368,-26.86871992156239],[-48.736815080393704,-26.86851531574554],[-48.7368874908621,-26.868501017448406],[-48.73690522404941,-26.86848906147336],[-48.73693097685948,-26.868490565045875],[-48.73693603634829,-26.868477026206488],[-48.73690763278282,-26.868461032742335],[-48.73690920289642,-26.86845111281645],[-48.73694640133023,-26.868439566089982],[-48.736999205281606,-26.86844655218629],[-48.73700090462226,-26.868421906230708],[-48.73701337032653,-26.868418015959907],[-48.73703553347661,-26.86838916382773],[-48.737070000754436,-26.86837777366788],[-48.737090041785876,-26.8683599814411],[-48.73706862959106,-26.86834384729847],[-48.73704106366206,-26.868338950352385],[-48.73703550725081,-26.868302708025677],[-48.73705868500332,-26.868303502510514],[-48.73703426704415,-26.868271251071167],[-48.73698862384325,-26.86827452059597],[-48.73696904321206,-26.868322806082578],[-48.73695550643192,-26.868320501875967],[-48.73693970532137,-26.868298249588246],[-48.736927699579184,-26.86830294409008],[-48.736923782092596,-26.868320177831706],[-48.73693891554466,-26.868345790103714],[-48.73691229454566,-26.86835791958199],[-48.736913833312606,-26.868387469914126],[-48.73690314446267,-26.868386369171848],[-48.73689388570417,-26.86836984849234],[-48.73688192046782,-26.86837255913578],[-48.736890980997664,-26.868417476058703],[-48.736868775973846,-26.86844084958172],[-48.736848548553056,-26.868443290703883],[-48.73683835431096,-26.868428116843727],[-48.73683789240942,-26.86840896833328],[-48.736875065060694,-26.868244505295504],[-48.73690217878473,-26.86823380689002],[-48.73710681565172,-26.868208215866904],[-48.73719838900982,-26.868208942488586],[-48.73721629534376,-26.868236801138167],[-48.73720692630588,-26.86826068622735],[-48.737195475226315,-26.8682722943351],[-48.737164934405044,-26.868279846994255],[-48.73714894264686,-26.86826999684966],[-48.737133027791145,-26.868272556719617],[-48.7371400685283,-26.868311727826377],[-48.737160074691076,-26.86834354128987],[-48.73719505628176,-26.868340988072937],[-48.737195148967274,-26.86836256098878],[-48.73717405324856,-26.868364188675258],[-48.73717635983674,-26.86836923154663],[-48.737210170707996,-26.868381355187235],[-48.737250612959116,-26.868410154136253],[-48.73723950462258,-26.86835578187885],[-48.7372781906726,-26.868299742482282],[-48.7372618634744,-26.868280408470863],[-48.7372339190743,-26.868280773143518],[-48.73724239411884,-26.868234774365273],[-48.73725791678587,-26.868202839539848],[-48.7373135826376,-26.868153519217444],[-48.737335868209875,-26.868143376928444],[-48.73750682882776,-26.868137404182146],[-48.7375029465277,-26.868149893388008],[-48.73743459397554,-26.868171603903125],[-48.73744617446194,-26.86820100279361],[-48.73744280382657,-26.868217005334728],[-48.73745823142116,-26.86823482413401],[-48.737441979820154,-26.868273856868274],[-48.73747072351485,-26.86828171460696],[-48.73748847166542,-26.868306150379546],[-48.73750432184782,-26.8683115391791],[-48.73752360412141,-26.868295462941987],[-48.737526724570856,-26.86826918101463],[-48.73755860042486,-26.868250673969186],[-48.73759268618592,-26.868270067603515],[-48.737606570644,-26.868287155956235],[-48.737593392615786,-26.86830686216961],[-48.737609136724025,-26.86833789799598],[-48.737658162539404,-26.868354315392033],[-48.73762509909646,-26.868355645925774],[-48.737595346228495,-26.86834368663363],[-48.73761346200439,-26.86838322007093],[-48.73761391100445,-26.868405803130575],[-48.7376467396199,-26.86840236882199],[-48.73765699372716,-26.86840807139611],[-48.73760596403616,-26.86842250399701],[-48.73759895150868,-26.868447816633367],[-48.73756436913817,-26.868448612940774],[-48.73754162177275,-26.868469312032694],[-48.73758690447184,-26.868466867722244],[-48.737602688708,-26.868482292584993],[-48.73761862975346,-26.868477255837288],[-48.737642598636555,-26.86848779770225],[-48.737644981000045,-26.868479836469263],[-48.73763356212282,-26.868468902650037],[-48.73783701641921,-26.868466287158345],[-48.73784167980224,-26.868489776981832],[-48.737832260305005,-26.868514685598136],[-48.737801208428614,-26.868523291500914],[-48.73777274939926,-26.86851452509712],[-48.737771888473866,-26.86855428350647],[-48.737737558318784,-26.868567227358053],[-48.73771104156846,-26.86855354928296],[-48.73767416716301,-26.868552157457337],[-48.73764121377895,-26.86856044138239],[-48.73767322491419,-26.868584828467956],[-48.737715985038086,-26.86859516674043],[-48.73773810357733,-26.868611867111955],[-48.73773859257049,-26.868604287983622],[-48.73776592975506,-26.868591666244544],[-48.73778209115979,-26.868570657708613],[-48.73778578908865,-26.868658869846513],[-48.73784697587963,-26.868649913481363],[-48.73786075694113,-26.868684786687343],[-48.73786097647075,-26.868716068469215],[-48.73784551728149,-26.86873187837105],[-48.7378697087879,-26.868737963821182],[-48.737870324939685,-26.868762363496913],[-48.73782882900966,-26.868769647035865],[-48.73785946243278,-26.868783682498094],[-48.73788389453328,-26.868816150624788],[-48.73790884610392,-26.86882014822038],[-48.7379198834031,-26.86880491006364],[-48.73791839688678,-26.868768778947018],[-48.737899375587205,-26.868706382630872],[-48.73793868080335,-26.868691517647154],[-48.73795960964184,-26.868692361714817],[-48.737998465943114,-26.868709552030634],[-48.73806651877262,-26.86869704693499],[-48.73811654436592,-26.868701011836308],[-48.73813919902902,-26.86869078147601],[-48.73821287126492,-26.868713394252435],[-48.73823959067509,-26.868704154868144],[-48.73826695079327,-26.868742555633503],[-48.73832248579038,-26.868754963610108],[-48.73831122015393,-26.868741836615904],[-48.738323135954936,-26.868733217573723],[-48.738289950553366,-26.86872621030684],[-48.73828539712723,-26.86871508862854],[-48.73837049251066,-26.86868750269464],[-48.7384083714894,-26.868701067425857],[-48.738404807333566,-26.868714563479855],[-48.738387920438115,-26.868718333467235],[-48.73839956620444,-26.8687389054975],[-48.73844280604727,-26.86874997229775],[-48.73847155912291,-26.868783206193445],[-48.738474990930904,-26.868776410570984],[-48.738450487112985,-26.868732874554823],[-48.738471757362134,-26.868746143632123],[-48.73847061419309,-26.868732645325853],[-48.738511276291646,-26.868750218173002],[-48.738520245818805,-26.868763082785268],[-48.738513312466566,-26.868782959435393],[-48.738517325546105,-26.868794738471976],[-48.73854014597467,-26.868809550286336],[-48.73869944388295,-26.868818797118298],[-48.738729849492586,-26.868803832788366],[-48.7387819655349,-26.868806365323373],[-48.73879300986433,-26.868793498863898],[-48.73882462244475,-26.868817551731155],[-48.73882375915689,-26.868848394745857],[-48.73883204488575,-26.868859366772238],[-48.738745752553505,-26.868845964056455],[-48.738715144080054,-26.86886161552249],[-48.73869370626643,-26.86886187163687],[-48.738680777943856,-26.868871968072373],[-48.73867304936667,-26.86892154180853],[-48.738665426461516,-26.868930357739607],[-48.738647898530864,-26.868924773451344],[-48.73862752834859,-26.86889094908988],[-48.73862864764811,-26.86886286898943],[-48.738604840115514,-26.86886575121569],[-48.738599259619406,-26.868872257956575],[-48.7386102442022,-26.868905982634345],[-48.73860142487542,-26.868923695692374],[-48.73860590874803,-26.868936342304426],[-48.73859729066933,-26.868952943145665],[-48.73858374631055,-26.86895693000059],[-48.738621446732886,-26.868995805755315],[-48.73856315088717,-26.869015934219874],[-48.73852979139521,-26.869007658070746],[-48.738478573902924,-26.86896310696195],[-48.7385109373998,-26.868967123824778],[-48.738528131141166,-26.868980348400747],[-48.738543435662905,-26.868972964899108],[-48.73852948618886,-26.868952609595173],[-48.73850712755757,-26.86895731810586],[-48.73849424159959,-26.86894905380093],[-48.73849416626776,-26.86893893424173],[-48.7385192450878,-26.868935175341235],[-48.738518586116896,-26.86892667357073],[-48.73848838627624,-26.868905458015146],[-48.738473023156274,-26.868913915400004],[-48.73844889369115,-26.868909765009732],[-48.73844488703604,-26.868925168995965],[-48.738422536964904,-26.86892671722433],[-48.738404375729196,-26.86894299382541],[-48.73844789922876,-26.868983193787805],[-48.73844977797207,-26.86900483320514],[-48.738461363108286,-26.869017481586855],[-48.73844392752033,-26.869024498862395],[-48.73839150682284,-26.86901588236807],[-48.73833460394242,-26.86898609284471],[-48.73833315018298,-26.86896848248272],[-48.73836237697966,-26.868963354201306],[-48.73838848245808,-26.86893743747696],[-48.73837910447342,-26.868921888726955],[-48.738344249875205,-26.868906272380272],[-48.73827377840474,-26.868908081767298],[-48.73826646425469,-26.868877318128657],[-48.73823275064975,-26.868874601698035],[-48.73821794071118,-26.868893537318332],[-48.738201810758255,-26.868883947688378],[-48.73818969498025,-26.868899983522166],[-48.7381353387492,-26.868900291937145],[-48.73817484340129,-26.868910191707972],[-48.73816137888338,-26.868919216414646],[-48.73816987473758,-26.86892968917226],[-48.73819674187821,-26.86892986569685],[-48.73820614033526,-26.868899541071716],[-48.73822810601553,-26.868921299003414],[-48.7383006331527,-26.868930722043615],[-48.73830798822541,-26.868940774035707],[-48.73829225596285,-26.868956705057798],[-48.73831251224809,-26.868979158481505],[-48.738309757157275,-26.868987293349374],[-48.738290471477754,-26.86899368085509],[-48.73824766183732,-26.86897257383356],[-48.73822849822379,-26.868972373541016],[-48.73820293782676,-26.868983946277552],[-48.73821330991796,-26.868993128774108],[-48.73820782518283,-26.869010394323023],[-48.73821620757683,-26.86902393903171],[-48.738178808376624,-26.869024991808516],[-48.73813645654389,-26.869019104806338],[-48.738129117229164,-26.869010637773236],[-48.73813533772836,-26.86900160449105],[-48.738104770852104,-26.868984423281432],[-48.73810426455321,-26.86897386454703],[-48.73809674237779,-26.868971450073673],[-48.73809588827456,-26.86900096209657],[-48.7380640394045,-26.869034384600226],[-48.73805520935122,-26.86901653701948],[-48.738032778105364,-26.869012456161574],[-48.73800064623333,-26.869032644997446],[-48.73799953876594,-26.869046271518442],[-48.73797351620422,-26.869051588197767],[-48.737952941539504,-26.869043463359613],[-48.73795229398051,-26.869017051604022],[-48.73793372743339,-26.869023708676306],[-48.737937474712936,-26.868968614094054],[-48.73790994574877,-26.86894087219534],[-48.737886460861525,-26.868934116708626],[-48.737855434520554,-26.868942141844173],[-48.737838106062526,-26.868931190127746],[-48.73782669173768,-26.86894176014589],[-48.737830987884756,-26.868912829372405],[-48.73782056298291,-26.868898719489742],[-48.73780230999314,-26.868907570927142],[-48.73778214748896,-26.86890482679789],[-48.73774333908813,-26.86888790792542],[-48.7377251260481,-26.86886942907565],[-48.737673916832904,-26.868848743304603],[-48.73765525827988,-26.8688578490389],[-48.73763923277269,-26.868849232965815],[-48.73764851076394,-26.868876622202166],[-48.73772950000348,-26.868897246061678],[-48.73772308326225,-26.868922706318486],[-48.7377452458165,-26.868933155172453],[-48.73769515341795,-26.868931834167675],[-48.73769258153046,-26.868921009524463],[-48.73765740408267,-26.868922676215067],[-48.73762409306999,-26.868903933933936],[-48.737580520714644,-26.86890446535335],[-48.73753316765357,-26.86891991249298],[-48.73751178151385,-26.86890069242471],[-48.737517260926545,-26.868887388608936],[-48.73757320370051,-26.86888275057953],[-48.73755740776422,-26.868860076988614],[-48.73757508369224,-26.868855141128964],[-48.737592370789656,-26.868837135070667],[-48.73757339245097,-26.8688202512241],[-48.73753946571268,-26.868813382620793],[-48.73752673499977,-26.8688300258272],[-48.737508738311504,-26.868830350403115],[-48.73750568296569,-26.868840877370843],[-48.73748263149639,-26.868849401943937],[-48.73748427544371,-26.86886437747222],[-48.73750674015674,-26.868870464210886],[-48.73750352427998,-26.86888945816792],[-48.7374777471985,-26.86890099481215],[-48.73747528146721,-26.868914658234903],[-48.73744193802975,-26.868921400781606],[-48.7374428712445,-26.868935531960297],[-48.73747653066909,-26.86897063599537],[-48.737485245226594,-26.86895238166902],[-48.737544391408626,-26.86894347849921],[-48.73756324816507,-26.868959393871656],[-48.737605774345056,-26.868933270972583],[-48.73768543440786,-26.868981336249284],[-48.73770328813828,-26.86895892804018],[-48.73774113459133,-26.868948802928134],[-48.73776303502186,-26.868952200294025],[-48.73780231909779,-26.86897697003425],[-48.737811581606806,-26.86896490358364],[-48.737840067559794,-26.86895837196038],[-48.737856395386935,-26.868970657731374],[-48.737856600660834,-26.869047390640613],[-48.73783241119435,-26.869055150716967],[-48.73768253582032,-26.869063395389933],[-48.73764176191147,-26.869057808755773],[-48.73766159940498,-26.86903917300376],[-48.737651995671825,-26.86903547346748],[-48.73759627897653,-26.869073179369835],[-48.73741356851046,-26.86907430641028],[-48.73738542798077,-26.869034175616765],[-48.73736951010993,-26.869032080586607],[-48.73737239925782,-26.86899674873367],[-48.73738750048192,-26.868988258400353],[-48.737410813936904,-26.868997760108133],[-48.73744319401628,-26.868994472992537],[-48.73747245054923,-26.86898047422062],[-48.73740038498444,-26.86897435482381],[-48.73737338674788,-26.868961001979233],[-48.73736974625866,-26.86894593040191],[-48.73738382755873,-26.86892493463127],[-48.737415594095914,-26.8689319924881],[-48.73738782946355,-26.86888339544861],[-48.737394432992645,-26.868871299981365],[-48.73737381398345,-26.86886025129331],[-48.73734016878122,-26.86890762030841],[-48.73728866199697,-26.8689081482046],[-48.73729267390431,-26.86892619571804],[-48.73728431866702,-26.86893676324199],[-48.73729266708424,-26.868944731174068],[-48.73730336711351,-26.868942746567765],[-48.73730191507163,-26.868967407318166],[-48.73733170135647,-26.86895485196673],[-48.737345271576736,-26.868973219509723],[-48.73735711129675,-26.8690340235525],[-48.73733749171095,-26.869047423985982],[-48.73733675701389,-26.86906562290062],[-48.737367428847385,-26.86911704788112],[-48.737359597543346,-26.86913278675646],[-48.73736307747633,-26.869151626228184],[-48.73734514578534,-26.869148582949574],[-48.73736792132951,-26.869171405341614],[-48.737360931973406,-26.869187513268496],[-48.73736915551199,-26.869200389465803],[-48.73736765648496,-26.869219678039855],[-48.73737774956726,-26.869232257487784],[-48.73738436341358,-26.869224092388187],[-48.737383912492,-26.869116503261285],[-48.737400718687255,-26.869100567887433],[-48.73742153808212,-26.869094226727224],[-48.737661232222266,-26.86908602179794],[-48.73773250327883,-26.86909111217669],[-48.737752623515334,-26.86910098504956],[-48.7378443126311,-26.869083904047873],[-48.737910596428456,-26.869104823902667],[-48.737922519052105,-26.86908504792799],[-48.737990035736985,-26.869084980085006],[-48.738038345224346,-26.86906789299829],[-48.738213019877826,-26.8690585604129],[-48.738328450305275,-26.86907028566562],[-48.73839063019823,-26.869051585796146],[-48.73843456568916,-26.86908595165421],[-48.738468414607595,-26.869082529885013],[-48.73851227806013,-26.86905706073379],[-48.738656274268074,-26.869044086053925],[-48.73891022480098,-26.869043087684393],[-48.73896552020585,-26.869031489819264],[-48.739363243327304,-26.86901656342268],[-48.73943182139513,-26.86903102519701],[-48.739457617617795,-26.869063893029494],[-48.73948507765552,-26.86936412978013],[-48.73950902960464,-26.86949896839204],[-48.73952063426742,-26.869523694599113],[-48.739535608749144,-26.86953189115656],[-48.739582729061304,-26.869529612797916],[-48.73960085719468,-26.869540745864995],[-48.739681241101366,-26.8695208196458],[-48.73970929840426,-26.86953857224771],[-48.73973558403912,-26.869542544847643],[-48.739783123132696,-26.869527711810246],[-48.73979473846298,-26.86951244394112],[-48.73983041490101,-26.86952597036656],[-48.739919417992986,-26.869528892249072],[-48.74,-26.86952160789628]],[[-48.74,-26.868232878318572],[-48.73996331328337,-26.868231959941088],[-48.73980925813388,-26.868185605435286],[-48.7397694884557,-26.868162877958028],[-48.7397241699681,-26.868160551109188],[-48.73972112044275,-26.8681504083306],[-48.739659149645334,-26.868125190438384],[-48.73971407435122,-26.868126234272836],[-48.73991911027744,-26.86817521382185],[-48.73995673632698,-26.868176402294374],[-48.74,-26.86819206281159]],[[-48.74,-26.86719377090489],[-48.73998415200691,-26.867200622044034],[-48.739977309635826,-26.867227478950984],[-48.74,-26.867288534980844]],[[-48.74,-26.86732245890708],[-48.73999496069801,-26.867356245168292],[-48.74,-26.86735777030996]],[[-48.74,-26.867465384765854],[-48.73999734816981,-26.867469202538352],[-48.74,-26.867477023822914]],[[-48.74,-26.86751903978778],[-48.7399354894706,-26.867517193980742],[-48.73983367843534,-26.86747423820923],[-48.73983997841786,-26.867467723969657],[-48.73982819915938,-26.86745142756531],[-48.73986055988623,-26.867450404730604],[-48.739859250253545,-26.86743089880699],[-48.739877650443894,-26.867439114921826],[-48.739902055384334,-26.867413008235246],[-48.73990610296079,-26.86739280106283],[-48.73988785920421,-26.86735931411306],[-48.739855699017006,-26.867352076353768],[-48.73986642835035,-26.867330242444787],[-48.739887878540685,-26.867330361759077],[-48.73988563604469,-26.867315968680387],[-48.73989939405461,-26.86729044974624],[-48.73983936316745,-26.867205203487828],[-48.73980861795474,-26.86720888824424],[-48.73978881154155,-26.86723135847308],[-48.73976214408425,-26.86724028585269],[-48.73973573937112,-26.867192137855604],[-48.73972314451093,-26.867226463517518],[-48.73971247772874,-26.867234324754083],[-48.739683816436745,-26.867231839323008],[-48.73965211176554,-26.867215564371513],[-48.73963808563074,-26.86721914745342],[-48.73962245119947,-26.86720104129769],[-48.73961229984785,-26.867153089226964],[-48.73961496597558,-26.867114764776282],[-48.73959006384218,-26.867085935347923],[-48.73956222167199,-26.867098728979432],[-48.73954782751072,-26.867132653122873],[-48.739475872792255,-26.867086408810966],[-48.73946017988557,-26.867088596180057],[-48.73943251467567,-26.867110603103175],[-48.739402059839186,-26.867106722599484],[-48.73937974062998,-26.86709120781476],[-48.73937618705203,-26.867079039971813],[-48.73938598717252,-26.867077111190525],[-48.73940418412114,-26.86709275765819],[-48.73941967640134,-26.867094484655798],[-48.73944359729809,-26.867074451066813],[-48.73944287709743,-26.867059766478793],[-48.739390668229355,-26.867020509014466],[-48.739377520052145,-26.86702806429916],[-48.73937996475829,-26.867044024578227],[-48.739398893038555,-26.867058720727183],[-48.739421177486584,-26.867055748099723],[-48.73942007266942,-26.867062877890923],[-48.73939866550441,-26.867069349847206],[-48.73935460116196,-26.86705473614587],[-48.73933284632084,-26.867040190599567],[-48.73930722420786,-26.867003803251595],[-48.739269721088824,-26.86699640497261],[-48.73928079015064,-26.866943535601564],[-48.739274721945186,-26.866927118457454],[-48.7392412345036,-26.866927122310408],[-48.73921386593043,-26.866957688336402],[-48.73923978706393,-26.867009695714533],[-48.73920546440867,-26.86701339168625],[-48.73917823147011,-26.867003855545004],[-48.739184055755736,-26.866965158389664],[-48.73919938853496,-26.866936054894225],[-48.73916441459386,-26.8669044579395],[-48.73916181549866,-26.86689317443209],[-48.739204167991254,-26.86686854178008],[-48.73920942018521,-26.866844185452734],[-48.73923314323189,-26.866831213173537],[-48.73923755327662,-26.866819447098067],[-48.73922948427107,-26.866788075795363],[-48.739234222857554,-26.866769101630016],[-48.73918368041771,-26.866742850814326],[-48.739182866035215,-26.866707813389027],[-48.73916802184209,-26.866706491112183],[-48.7391571749416,-26.86672578447063],[-48.73912956648784,-26.866734470160356],[-48.73910960079,-26.866719422566693],[-48.739090747437864,-26.866729441392643],[-48.73908888188274,-26.866746332627233],[-48.739104513643255,-26.8667510607568],[-48.73912119473269,-26.86674350788085],[-48.739144233144145,-26.866768742853267],[-48.73912576095868,-26.866779429284442],[-48.73910192121785,-26.86681136753944],[-48.73907002005395,-26.866815702363084],[-48.739073468460084,-26.866838060889165],[-48.73904814915396,-26.866835875182844],[-48.739040755951244,-26.866841752807172],[-48.73908553472883,-26.866866426000076],[-48.739107494543106,-26.866895348309313],[-48.73910924745427,-26.866876431059115],[-48.73908938992785,-26.86682999770567],[-48.73911352826271,-26.866824830231494],[-48.73912546637872,-26.866803695275024],[-48.73914274423007,-26.86680661053122],[-48.73914661240769,-26.866824358798173],[-48.73911349592413,-26.86685336453183],[-48.73914468837055,-26.8669107040669],[-48.73916354269645,-26.866927496374156],[-48.73913634899304,-26.86694426389293],[-48.739118958280855,-26.866930936074308],[-48.73909830448224,-26.866929534363052],[-48.73906473027734,-26.86693592257794],[-48.73904066716217,-26.866954302327475],[-48.739020966184675,-26.86694951719542],[-48.7390205628838,-26.86694222339417],[-48.73904672194665,-26.866924859964175],[-48.73905668531564,-26.866907998139165],[-48.739047082340974,-26.86689258300669],[-48.73899427654284,-26.866868166699906],[-48.73901242893441,-26.866851655218852],[-48.738998437510126,-26.866830937407464],[-48.739023327508136,-26.866824000525387],[-48.739023305422315,-26.8668156018986],[-48.739009840015335,-26.866797071941622],[-48.73898607896604,-26.866792076539937],[-48.73897401332516,-26.866769649604837],[-48.73893687769483,-26.866733012974517],[-48.73898435961322,-26.866725600147955],[-48.739037229034196,-26.866762798082956],[-48.7390541323486,-26.866761626441505],[-48.73906045279492,-26.866745535680298],[-48.73903324706175,-26.866736254442788],[-48.739014178641355,-26.866698968386952],[-48.73902228820897,-26.866697647005033],[-48.73904159298546,-26.86671799499928],[-48.739071384612814,-26.866717877903852],[-48.73905027431244,-26.866686417033215],[-48.739073749566096,-26.86665777685207],[-48.7390307093505,-26.866638886453543],[-48.73900512892208,-26.86663662707382],[-48.738994032195954,-26.866649610947643],[-48.738991040065976,-26.866683372750185],[-48.73895355680143,-26.866652830274976],[-48.73891646610201,-26.86663968082661],[-48.73890968092517,-26.86657585239972],[-48.73891458697001,-26.86655104292633],[-48.73889794188035,-26.866537366032734],[-48.73886565165559,-26.866532127631324],[-48.738851269918726,-26.866554092526624],[-48.738832059374886,-26.866562694158063],[-48.738831823672584,-26.8665807106648],[-48.73882475215088,-26.8665858461911],[-48.738803951500316,-26.866585658602855],[-48.73879008539763,-26.86657098563683],[-48.73878690145416,-26.866529775383967],[-48.7387385041302,-26.866461015079736],[-48.73875341813968,-26.86644542465233],[-48.73874069272396,-26.866428497548885],[-48.7387313673359,-26.86642963069772],[-48.73872163456313,-26.86639014672295],[-48.73872996905709,-26.86635840349255],[-48.73871169763747,-26.866325067580576],[-48.738727230065116,-26.86630423835736],[-48.73872232506487,-26.866269722967925],[-48.73868212173262,-26.86622362274373],[-48.738685769867686,-26.866212170279688],[-48.738709106370905,-26.866201780147076],[-48.73871223071942,-26.866190556645837],[-48.73868584664613,-26.866150002089004],[-48.73872445977669,-26.866164003508967],[-48.73874274486389,-26.866143397925146],[-48.73873623630544,-26.866114627188242],[-48.738758735306234,-26.866067433141797],[-48.73873851672786,-26.866030814516357],[-48.73881814433334,-26.866074825639327],[-48.73884378171669,-26.866065112146714],[-48.738807983045156,-26.866053945298408],[-48.738792272416006,-26.865981825735986],[-48.73878212112627,-26.865972025029443],[-48.73876233568866,-26.86599991651837],[-48.7387206895832,-26.86601591390681],[-48.73868464755499,-26.866014956249533],[-48.73868261747444,-26.866039962453392],[-48.73869605983647,-26.866075118951695],[-48.73871448675289,-26.866065135765123],[-48.73872568794847,-26.86606834277516],[-48.73873836018536,-26.866078483446778],[-48.7387261531656,-26.866092196767625],[-48.73867576705754,-26.866099933047533],[-48.738661360651456,-26.8660925938215],[-48.73865524175853,-26.866061536172733],[-48.73867543727524,-26.86602957395912],[-48.73865640141633,-26.86598469510338],[-48.73870058006788,-26.865962840702583],[-48.738680374857694,-26.865943656867895],[-48.738669234185785,-26.865949192030474],[-48.73864636990444,-26.865937571549612],[-48.73863089580823,-26.86589175157677],[-48.738652641856014,-26.86586823862454],[-48.73861185026089,-26.865832594775178],[-48.73862931016811,-26.865804555988298],[-48.738612399578315,-26.86579345765172],[-48.73859137422325,-26.8657898037117],[-48.73858719903092,-26.86579760451624],[-48.73861566104651,-26.865898129083735],[-48.738608521519325,-26.865991946241316],[-48.73863401130125,-26.86605493784413],[-48.738605571111904,-26.86610826193509],[-48.7386260138747,-26.866139478443433],[-48.73862053990447,-26.866161322364515],[-48.738651689742,-26.86620419491174],[-48.73864792368949,-26.86622486048458],[-48.738654141864956,-26.86624207872645],[-48.738644921539276,-26.86625684607982],[-48.738668823375676,-26.866300728890124],[-48.73868189436619,-26.866347672765368],[-48.73865286279722,-26.86634833439756],[-48.7386503791695,-26.866354462947353],[-48.738668232963704,-26.86640109982582],[-48.73869433779624,-26.86643536068945],[-48.738692325948094,-26.866445188745455],[-48.73867753618581,-26.866450235934817],[-48.73867659138333,-26.866462824539752],[-48.738679653503695,-26.866474755307063],[-48.73870068450946,-26.866485616358332],[-48.73870168064565,-26.8664982116605],[-48.738665959782004,-26.86652540588822],[-48.738640508948514,-26.866527862055065],[-48.738582310246954,-26.866507876996508],[-48.738585750375066,-26.866479318729592],[-48.73856804680708,-26.866456991947025],[-48.73851977442491,-26.86644294597937],[-48.73848888819459,-26.866453069039927],[-48.738451189917846,-26.866451697652696],[-48.73845968374254,-26.86643167269901],[-48.73844828251495,-26.86642167778758],[-48.738425602195754,-26.866430795081666],[-48.73840866309449,-26.866451819244556],[-48.73840054480333,-26.866450849111924],[-48.73838510570157,-26.86639745805611],[-48.73839754629008,-26.866371354152843],[-48.738372583380695,-26.866329421674845],[-48.73840299557521,-26.866276725729108],[-48.73840390108787,-26.86624163912898],[-48.73842186385923,-26.866209726050215],[-48.738424351879104,-26.86617162169165],[-48.738474418977695,-26.866178502921368],[-48.73849414724559,-26.86617290758779],[-48.738509058971616,-26.866190958068138],[-48.73850860967672,-26.866251058175514],[-48.73853334289195,-26.866288454812008],[-48.73850930904173,-26.866310575630557],[-48.73850483929861,-26.866339649865978],[-48.73851026368939,-26.866351246633165],[-48.738548736972454,-26.866352657481027],[-48.73857154663487,-26.866370869560615],[-48.73858165442537,-26.866313981564677],[-48.738596465411774,-26.866306602773356],[-48.738624555339754,-26.86632802907852],[-48.73863044693862,-26.866289091168728],[-48.73862435052977,-26.866283857709806],[-48.73860556754851,-26.866293072606705],[-48.73857032441995,-26.86625909233203],[-48.73853222192898,-26.86624602767146],[-48.73855445320501,-26.866211332931396],[-48.73855420584425,-26.8661975186605],[-48.73848219536452,-26.86614780574754],[-48.7384677389899,-26.866124723228708],[-48.738420490930274,-26.86612863809902],[-48.738404738874316,-26.866121668072957],[-48.73840834671401,-26.866107741335377],[-48.738433237754435,-26.86609366612682],[-48.7384335714914,-26.866076338864573],[-48.738460428789494,-26.866072475748954],[-48.73847929911877,-26.86604066562731],[-48.738453142407,-26.86600730003972],[-48.73842752556922,-26.865992618550514],[-48.738419413502754,-26.865995989341982],[-48.738412956731146,-26.866016804965412],[-48.73839177080247,-26.86600776797073],[-48.73838640599497,-26.865969311400516],[-48.73837002231841,-26.86593512306241],[-48.73837309177804,-26.86590425850248],[-48.73835068751762,-26.865880799678045],[-48.73836235125624,-26.865851609568146],[-48.738318055005394,-26.865803273327618],[-48.73832388109059,-26.865792053373514],[-48.73834595505878,-26.8657953478128],[-48.73835033476231,-26.865756438057755],[-48.73834362185133,-26.86573313834501],[-48.738374709228125,-26.865726904509742],[-48.738347240228954,-26.86569956797821],[-48.738326130584255,-26.865706016567938],[-48.73831269689159,-26.865722159488623],[-48.738318603808615,-26.865701011987888],[-48.7383131355977,-26.865670685807167],[-48.73828473850063,-26.865628198387117],[-48.73829236162289,-26.865626237536915],[-48.73831334992736,-26.865646465466227],[-48.73832789740836,-26.86564888588036],[-48.73836116948676,-26.86561088891607],[-48.73834990070897,-26.865579072885517],[-48.73831241548182,-26.865564380998048],[-48.73832092603427,-26.865518078550334],[-48.738335561282646,-26.865507137675134],[-48.73836471913695,-26.86552014313583],[-48.73838101011431,-26.865489559689614],[-48.738406488738796,-26.865526199379126],[-48.73841384969698,-26.865531698554417],[-48.7384163241322,-26.865526739446153],[-48.73838628633218,-26.865412422630165],[-48.738387879159205,-26.865377484201222],[-48.73836926529973,-26.865336237241277],[-48.73837420801307,-26.865314593292595],[-48.73840628591054,-26.865303631980584],[-48.738392432088574,-26.865288402362967],[-48.73838001843119,-26.86524641174916],[-48.73837879942318,-26.865189495880067],[-48.73835290534214,-26.865094399148095],[-48.73832158025839,-26.86508285437255],[-48.7382959633792,-26.865049223960472],[-48.73827817741844,-26.865051478783265],[-48.73827632281266,-26.865082884410626],[-48.73831374290037,-26.865101751833116],[-48.738331121427855,-26.865119971765424],[-48.73833547767288,-26.865150654667925],[-48.73831478108757,-26.86517073608346],[-48.738341553446226,-26.865207639251096],[-48.73827755551328,-26.865192202613695],[-48.73822687370701,-26.865212238127597],[-48.73820962615547,-26.865271826579722],[-48.73822746744062,-26.86528191195823],[-48.73822759697098,-26.86527474580943],[-48.73824605041368,-26.86527566118392],[-48.738241978153255,-26.865262918271977],[-48.73826623628534,-26.865267137504464],[-48.73827220122928,-26.86523331410783],[-48.73827860740216,-26.86524790651277],[-48.73827296939329,-26.86527056000788],[-48.73828230434725,-26.865296195741553],[-48.73825240413188,-26.86534249242204],[-48.738227793656364,-26.865355876302655],[-48.73820876190754,-26.86535196272794],[-48.73819243692053,-26.86531599476359],[-48.7381696271156,-26.86533602788829],[-48.738155277895764,-26.86533886654742],[-48.73815630504468,-26.86536648466008],[-48.73813796508554,-26.86534687216535],[-48.73811635534743,-26.865340531212077],[-48.73811733887834,-26.865323268500518],[-48.73812938749909,-26.865311597664295],[-48.73812262945794,-26.865301945089193],[-48.73813437003951,-26.865283657013382],[-48.73813139417688,-26.865259104038472],[-48.73817048051465,-26.865212145829805],[-48.73816189698144,-26.8651808610008],[-48.738172099600746,-26.86515789071706],[-48.73811418862028,-26.865177082185713],[-48.738118871318584,-26.865215476404657],[-48.73810322233457,-26.865256322017153],[-48.73807555693673,-26.865281686729617],[-48.73805315763104,-26.865318962446242],[-48.73805390254952,-26.865345693436822],[-48.73795416926602,-26.865336449403156],[-48.737933306710126,-26.865327503256886],[-48.73792791014926,-26.86531264272728],[-48.737948707225144,-26.865281298505217],[-48.737951591460615,-26.865236336407104],[-48.737939171291195,-26.86523214419559],[-48.73794176813137,-26.865252229354045],[-48.73793398119915,-26.86525539414972],[-48.73791579883604,-26.865236309381828],[-48.73789697112958,-26.865230386552376],[-48.737916762294326,-26.865187498235905],[-48.73788856331533,-26.865067324946065],[-48.73788557620716,-26.865]]]},"properties":{"objectid":892,"cota":3,"tipocurvanivel":"Normal","sourceLayer":"curvas-0"}},{"type":"Feature","geometry":{"type":"LineString","coordinates":[[-48.72788166698896,-26.865],[-48.7278953278667,-26.865013991734354],[-48.72798264119697,-26.865232651601477],[-48.72798700438388,-26.865334573619457],[-48.72801369123437,-26.865565295452562],[-48.72800824249541,-26.865667068719276],[-48.72810128146799,-26.86617543972725],[-48.72810211766163,-26.86622099370527],[-48.72809140535955,-26.8662632133292],[-48.72809324430548,-26.86637095528512],[-48.72808197784242,-26.866528024010435],[-48.728093821930436,-26.866570834647355],[-48.728135071561255,-26.86664254901201],[-48.72814639454202,-26.866713441948697],[-48.72813617783633,-26.866817747538356],[-48.72807851282243,-26.866883711998582],[-48.72805013064683,-26.866965640628543],[-48.72806403151365,-26.867078668174166],[-48.728094091595075,-26.8671297503155],[-48.72813280896828,-26.867166767935306],[-48.72807573892234,-26.867196771043638],[-48.728055759709385,-26.867227622338316],[-48.72805403899234,-26.867405600069638],[-48.72800535190341,-26.867528467771457],[-48.7280057114915,-26.86767853807436],[-48.72801323546609,-26.867721262099828],[-48.72808787591483,-26.86775896929986],[-48.72812261494422,-26.867785103439484],[-48.72812987971449,-26.867810746160025],[-48.728128677186874,-26.86787688661145],[-48.728106244092245,-26.868096208399226],[-48.728096900910835,-26.86835813703465],[-48.728008875237975,-26.86836821608934],[-48.7279878707877,-26.86845979502791],[-48.72798349880116,-26.86854131555525],[-48.728041570004855,-26.868557858229135],[-48.72802709568092,-26.868631396544647],[-48.728023876608006,-26.868785607495514],[-48.7280475782729,-26.868898351333275],[-48.727997698057514,-26.868979794320744],[-48.7280017414733,-26.86909745265561],[-48.727965038067445,-26.869135173375664],[-48.72795300106698,-26.869172462308732],[-48.727945693087555,-26.869225074243275],[-48.72794648820722,-26.86932481446347],[-48.727925226459504,-26.86937514620555],[-48.727928389248305,-26.8694331697806],[-48.72791870359265,-26.86956599144373],[-48.72789593625351,-26.86963369195036],[-48.72785485954535,-26.869697419592605],[-48.72787028452623,-26.86976909685499],[-48.72784086658698,-26.869935532504968],[-48.727832435459895,-26.869950251293176],[-48.72778234763631,-26.869972799424882],[-48.72777241317828,-26.869989427085898],[-48.72772997172995,-26.869997500089408],[-48.727630221768464,-26.870328751199246],[-48.727644824235256,-26.870350376017562],[-48.72771823693027,-26.870362852792688],[-48.72771664595907,-26.870396518494378],[-48.72769819311887,-26.870432927186826],[-48.72768425737465,-26.87050783589361],[-48.72767629495077,-26.87063069777136],[-48.72765380399426,-26.870672481493372],[-48.72760051503044,-26.87071776138877],[-48.727574512957474,-26.870758192697423],[-48.72755440920761,-26.87081963232624],[-48.72756253239401,-26.87083143622042],[-48.72758611314224,-26.87083826264068],[-48.72758821669021,-26.870869136912802],[-48.72756307023955,-26.87087926225839],[-48.727535581160694,-26.870902770299338],[-48.727471807120146,-26.871012167734573],[-48.72736004697309,-26.871331454645873],[-48.727324782955556,-26.87137242727751],[-48.72724453435104,-26.87139106878364],[-48.72721805648713,-26.871409541990595],[-48.727165003970185,-26.87154917064203],[-48.72712102181209,-26.871601886457253],[-48.72707054431439,-26.871628778747418],[-48.727060627715495,-26.871678203575932],[-48.727064988845704,-26.871747731032972],[-48.72699819957516,-26.871973595382002],[-48.72697839190782,-26.872018546430027],[-48.7269338622706,-26.872057116438516],[-48.72685734234807,-26.87217243699856],[-48.7268364708164,-26.872224937969992],[-48.72679695950851,-26.872484860171227],[-48.72676006509685,-26.872561723111726],[-48.726762433116676,-26.872575897236263],[-48.726812046347,-26.87262185160184],[-48.72678518494871,-26.87269262018534],[-48.7266456943578,-26.872659694851563],[-48.726626574597105,-26.872668039886737],[-48.726051187035296,-26.873567292649955],[-48.7255864730512,-26.874315308314017],[-48.72545308596149,-26.87451204936354],[-48.725422277503135,-26.87456878951451],[-48.72540286180536,-26.874635471315678],[-48.72535365307156,-26.874663491539724],[-48.72519431908203,-26.874915562555387],[-48.72518352040193,-26.874950580673335],[-48.72494538810278,-26.875216266537425],[-48.724943062887725,-26.875226949313745],[-48.724976202448886,-26.875258700646995],[-48.724978111042304,-26.875268821698636],[-48.724807083275486,-26.875479612514724],[-48.72474820197268,-26.875524575461526],[-48.72465042006762,-26.875572442182946],[-48.724385775348665,-26.87576076050005],[-48.72427717897839,-26.875814507274875],[-48.7241921598768,-26.875866799131284],[-48.724129035483585,-26.87592682844873],[-48.723922548824696,-26.876192367019065],[-48.72366429692248,-26.87643305501871],[-48.72332941827367,-26.87670250495642],[-48.723124338165526,-26.8768515620449],[-48.72304570179827,-26.876918172333887],[-48.722960177763454,-26.876972289918385],[-48.722889967354746,-26.877034782687907],[-48.72284924774535,-26.877055561266733],[-48.7228214055591,-26.877052532314558],[-48.722792833354376,-26.877063780993776],[-48.72267813548955,-26.87714197653493],[-48.72260766241816,-26.877202850431374],[-48.722589991843314,-26.877240052431684],[-48.72250837600491,-26.877324185066943],[-48.72233354541174,-26.877436710094422],[-48.72220132607939,-26.877538957258544],[-48.72216263925512,-26.877612165581645],[-48.72207377654461,-26.877630687533724],[-48.721915896214,-26.877752636194998],[-48.721731723539136,-26.877845788454387],[-48.721702957332035,-26.87785174270206],[-48.72156828027121,-26.87781768410243],[-48.721527658630855,-26.877822615924856],[-48.72134112016241,-26.877922413036835],[-48.72133097935501,-26.87793063049949],[-48.721341752242914,-26.878024395587694],[-48.721337350000304,-26.878044885994395],[-48.72130924345827,-26.878103434763716],[-48.72129207676411,-26.878113885248894],[-48.72110195023909,-26.87814389542024],[-48.72096196279918,-26.87819624407201],[-48.72079882787121,-26.878230799082278],[-48.72076257499408,-26.87822909325953],[-48.72076270793216,-26.878160128377992],[-48.72075357316413,-26.878147645389532],[-48.72043839951844,-26.87825199759572],[-48.72001678513109,-26.878363673534064],[-48.719970913481255,-26.878381220324833],[-48.719974359380835,-26.878510160187982],[-48.71993134799267,-26.87852839567669],[-48.71983458840224,-26.878549223499682],[-48.719305881925806,-26.87859183395161],[-48.71926748495823,-26.878599925305256],[-48.719215687273675,-26.878629871464934],[-48.7191471049105,-26.878656641584517],[-48.718990059946776,-26.878667463611567],[-48.718822605039044,-26.87869442910833],[-48.718593112180564,-26.87866632937646],[-48.71851460119894,-26.878638926338926],[-48.71832903329729,-26.878617925007184],[-48.71823351358269,-26.878623005057086],[-48.71819955064417,-26.87861786654999],[-48.71816812457495,-26.878598458885325],[-48.718053789993036,-26.878469844799664],[-48.718017033351536,-26.8784524897896],[-48.717987639199244,-26.878453769261764],[-48.7179513812824,-26.878471900263456],[-48.71782994149458,-26.878501849691077],[-48.71775994178725,-26.878528979764955],[-48.717607634718604,-26.878556887964997],[-48.7175642061007,-26.878539377198457],[-48.71742993381948,-26.878453258947197],[-48.71718180240189,-26.878419392333566],[-48.7171519749041,-26.878406131596652],[-48.717116039014144,-26.87837538736082],[-48.717080285252074,-26.878363371866925],[-48.71704242846301,-26.878378482463837],[-48.717009302987286,-26.878419306278342],[-48.717,-26.878419703438638]]},"properties":{"objectid":993,"cota":1,"tipocurvanivel":"Normal","sourceLayer":"curvas-0"}},{"type":"Feature","geometry":{"type":"LineString","coordinates":[[-48.717,-26.878436148214224],[-48.71701265784641,-26.87843699705322],[-48.717082833221234,-26.87839557360576],[-48.71716402975405,-26.878443499182968],[-48.71737432298313,-26.878469068202246],[-48.71744528769331,-26.878544556911613],[-48.71747740387919,-26.8785548548347],[-48.71752105364754,-26.87858239360091],[-48.71754877050149,-26.878618712013804],[-48.71756818567926,-26.878670819079236],[-48.717610558221494,-26.87870277632674],[-48.717625073188394,-26.87869454860858],[-48.71764781014464,-26.878635683785443],[-48.71767311143271,-26.878590183242597],[-48.71769081577785,-26.878574930951068],[-48.71776648082217,-26.87857191654019],[-48.717876138829006,-26.878529568489032],[-48.71795886968932,-26.878519480129146],[-48.71804013350215,-26.878563079067288],[-48.71812962045988,-26.87863307026421],[-48.718218587388186,-26.878672044863823],[-48.71837197323815,-26.878679109790763],[-48.71845208365159,-26.87866466149964],[-48.71848440512369,-26.878642651230795],[-48.71863323588434,-26.878691068317647],[-48.71871598380122,-26.878704235904493],[-48.718775155194514,-26.87870350398503],[-48.71880708827594,-26.87872718739065],[-48.71888719038981,-26.878744521171406],[-48.71896767410817,-26.878680213785778],[-48.719068635539266,-26.87868278634617],[-48.71911373839922,-26.878691358767533],[-48.71917069460991,-26.878681314634676],[-48.71920745835583,-26.87866144253498],[-48.719258228849,-26.878610382333424],[-48.71928744611522,-26.8786004226913],[-48.71965117072074,-26.87856727962633],[-48.71977024786082,-26.878570336365247],[-48.71997122483337,-26.878537370787054],[-48.719983321643795,-26.878526671681453],[-48.71998037914323,-26.878394261000906],[-48.71998837479316,-26.878378059337273],[-48.720410801471374,-26.878265877688666],[-48.720732819064736,-26.8781606387771],[-48.720745456324565,-26.878165479484103],[-48.7207568344255,-26.878233071579803],[-48.720808936386746,-26.878234626139275],[-48.72094696145745,-26.878208564131214],[-48.72114586969028,-26.87814263214703],[-48.72124792191709,-26.87813400597762],[-48.72131587381747,-26.87811113494181],[-48.72133592748639,-26.878095479669312],[-48.72135009563218,-26.878055763080233],[-48.72134609537529,-26.87793857586101],[-48.72141084138784,-26.877889794247768],[-48.721519724285365,-26.87782980410259],[-48.72156567500051,-26.877846624268045],[-48.721688464816815,-26.87786534260611],[-48.72183825355571,-26.87780756691313],[-48.72208648943419,-26.87763496891867],[-48.722175110079874,-26.87760944816133],[-48.72219103366369,-26.877591626152594],[-48.722210399540614,-26.877541706241868],[-48.72233256009323,-26.877445598686176],[-48.722499319598256,-26.877350751584945],[-48.72254644658134,-26.87734509139761],[-48.7225753524633,-26.87730415391603],[-48.7225782874379,-26.877274365314676],[-48.722587890359705,-26.877259690169804],[-48.7226552064611,-26.87719385244623],[-48.722731763507674,-26.877140074212505],[-48.72277313933481,-26.877083753298855],[-48.72280507458164,-26.877062874641133],[-48.72285593920356,-26.87705840897992],[-48.72292723969093,-26.87701794638245],[-48.72295473319965,-26.8769847525352],[-48.72306545653283,-26.8769147474027],[-48.72316143905324,-26.876830120409338],[-48.723266984963246,-26.876756626703603],[-48.723314970246264,-26.876733283917652],[-48.723427721995876,-26.876628174237375],[-48.723616142143,-26.876479278656177],[-48.7236478897463,-26.87646830026596],[-48.72371256754241,-26.876421576698093],[-48.72378745945066,-26.876322730566724],[-48.723921343008165,-26.876206491708942],[-48.724108747850785,-26.87595962516067],[-48.72419339087444,-26.875876029383132],[-48.724282402584215,-26.87582662742406],[-48.724297611334904,-26.875809546274727],[-48.72437649508213,-26.87577703020182],[-48.72466442802598,-26.875570441468376],[-48.724752806041494,-26.875532207651393],[-48.72481885389157,-26.875493251334657],[-48.724853064857015,-26.875440856404314],[-48.72492545226233,-26.875364275142548],[-48.724972348475355,-26.875299038637323],[-48.72498464234806,-26.875261172117774],[-48.72495879194279,-26.87522312355296],[-48.72496430473785,-26.875203921528314],[-48.725160770070154,-26.874985674352633],[-48.725216332543575,-26.874911035684054],[-48.72526193139972,-26.874898059016427],[-48.725344182021175,-26.87479344012243],[-48.725415948419766,-26.874720092883397],[-48.72547819157223,-26.87468727299933],[-48.72549298523089,-26.874601438929766],[-48.72546842946272,-26.874567735849865],[-48.725469056814184,-26.874555149525374],[-48.72557800366901,-26.874364980090146],[-48.72558530708401,-26.874359574671736],[-48.72561298274571,-26.87436792844779],[-48.725638574248656,-26.874364724349732],[-48.72579186087211,-26.874325126189657],[-48.725890490800836,-26.87421093749631],[-48.725982845738905,-26.874045085197153],[-48.72599225025483,-26.874007707204697],[-48.72598903036357,-26.873963900875136],[-48.72603981850717,-26.873867758043815],[-48.72603467909859,-26.87384996739475],[-48.72595256163804,-26.873758867760074],[-48.725954278899096,-26.87373868317931],[-48.726635512034875,-26.87267209223372],[-48.72665303199026,-26.87266599924357],[-48.72679330568487,-26.872698110524908],[-48.7268758704523,-26.872684365399504],[-48.72690090207117,-26.872666875240277],[-48.7268964616276,-26.872636073469216],[-48.72685099302114,-26.872584702518683],[-48.7267767331832,-26.872564004695572],[-48.72678681616659,-26.87253705636005],[-48.72684760185426,-26.872530075730218],[-48.726870590844165,-26.87251468791053],[-48.72690209417373,-26.87240745548562],[-48.72689356925281,-26.87234053410093],[-48.726863583830855,-26.872241979367033],[-48.726865167626535,-26.872185802796754],[-48.72691569926793,-26.872142085233623],[-48.72694717946311,-26.872070858479415],[-48.72703787657295,-26.872076082788244],[-48.727088653201506,-26.87209903871079],[-48.727135197939134,-26.87210707486309],[-48.727157860586686,-26.872099794791527],[-48.72717834879963,-26.872074797972672],[-48.72718217867298,-26.872053071666784],[-48.72717190283105,-26.8720303585596],[-48.72706428804955,-26.87191656870246],[-48.727049295875645,-26.87187684517752],[-48.72707607135224,-26.871843149709466],[-48.72708510641197,-26.871805497636267],[-48.72711686811075,-26.871771599010756],[-48.72713540560722,-26.871641739165305],[-48.72715619919009,-26.87161832474538],[-48.72717051503367,-26.871575149778785],[-48.72719961673728,-26.87152999535651],[-48.7272072958143,-26.871472644370346],[-48.72725024102357,-26.871408678105723],[-48.727261643416995,-26.871399116852558],[-48.72733891226139,-26.87138385221151],[-48.727385913515825,-26.87133735495676],[-48.72739719443376,-26.871276008075224],[-48.72743341408002,-26.871195554932992],[-48.727459301572296,-26.871073013920398],[-48.72748333896576,-26.871012633895024],[-48.727550283575944,-26.87090264490638],[-48.727650035771724,-26.87084022485022],[-48.7276389342216,-26.870826394877763],[-48.72757597270019,-26.870811245232044],[-48.727580445488115,-26.870774271470754],[-48.727624866689176,-26.870712405350524],[-48.727713263277764,-26.87066208317351],[-48.72772578717479,-26.87063955902631],[-48.727727500575135,-26.870609231664552],[-48.727702198586066,-26.870583611971217],[-48.72770067624787,-26.870532428310323],[-48.72772687826205,-26.870358608561162],[-48.72765245557256,-26.870341235078172],[-48.727644873940385,-26.8703261026278],[-48.72774048384187,-26.86999777835711],[-48.72788855056199,-26.869945082058955],[-48.72787006943356,-26.86988805120008],[-48.727888691122594,-26.869720800268706],[-48.727908856419674,-26.869666326692403],[-48.727945254230264,-26.86963619974221],[-48.72796967192708,-26.869560241243406],[-48.727938031776766,-26.86949495249802],[-48.72798280750231,-26.869270374135397],[-48.727974126210675,-26.869218241471383],[-48.727995791082726,-26.869185843441507],[-48.72802951095325,-26.86908737209759],[-48.72802685805473,-26.869002283112014],[-48.72807002817701,-26.86890006602363],[-48.728061814366306,-26.868796918858543],[-48.72807461331657,-26.86874391239653],[-48.72805896401537,-26.868634732786965],[-48.72806445040128,-26.868567330111937],[-48.72804366675253,-26.868545895629794],[-48.72799528932088,-26.868534418190578],[-48.727993562091015,-26.86850796837735],[-48.728007168680826,-26.868411395420292],[-48.728018743876,-26.868383458395385],[-48.72803294519325,-26.868373803090076],[-48.72809146722182,-26.86837750656136],[-48.7281128474364,-26.86835415192463],[-48.728118490295174,-26.868104969603824],[-48.72813020060621,-26.86805003693261],[-48.7281560689813,-26.867990528155296],[-48.728172251846786,-26.867837959627636],[-48.72815804775878,-26.867790980517565],[-48.728055313657364,-26.867728999531245],[-48.72802685875498,-26.867693857059916],[-48.728015216059404,-26.867647160984106],[-48.728015807667404,-26.867545142686648],[-48.72806114526158,-26.867415210860216],[-48.72806805773907,-26.867274808152587],[-48.728077405445276,-26.86723476497535],[-48.72809782299097,-26.86720257426458],[-48.728147940646174,-26.867182242859556],[-48.72815768677898,-26.867170690232093],[-48.7281298262987,-26.86711804973762],[-48.728075062738604,-26.867058503343106],[-48.72807150821349,-26.867040857361864],[-48.72807774713333,-26.86695623982884],[-48.72809266234217,-26.866914187063937],[-48.72811315742884,-26.866888835486513],[-48.72816047638096,-26.866859652923022],[-48.72817314388309,-26.86683671227253],[-48.728175606294805,-26.86681803226469],[-48.72816268199318,-26.866780277860165],[-48.728184466768944,-26.866699922587753],[-48.72817198512034,-26.86663977368809],[-48.7281080143323,-26.86656830766144],[-48.72809958536974,-26.86654780013456],[-48.728102827043394,-26.866373411529462],[-48.72811317225418,-26.866296803411025],[-48.72810621659547,-26.866252429814097],[-48.72812838892444,-26.86619848928361],[-48.728130212277144,-26.86613063421091],[-48.72809768583977,-26.86609803800012],[-48.72806854892085,-26.865906912565695],[-48.72802228543206,-26.865679009279894],[-48.728027555069026,-26.865649818407142],[-48.72806552533533,-26.86562285807645],[-48.728055234122145,-26.865483646100962],[-48.72801191919795,-26.865325802600974],[-48.728016023294565,-26.865278153142942],[-48.72804090367571,-26.865228771134547],[-48.728030955715056,-26.865192139401525],[-48.72800479552329,-26.865158059030403],[-48.7280127527763,-26.865101687943294],[-48.72800089244404,-26.865038656654804],[-48.72800092492261,-26.865]]},"properties":{"objectid":995,"cota":2,"tipocurvanivel":"Normal","sourceLayer":"curvas-0"}},{"type":"Feature","geometry":{"type":"LineString","coordinates":[[-48.73317172866241,-26.88537504205889],[-48.73317301870263,-26.885401418927234],[-48.733205648073515,-26.885448500253375],[-48.7332806897248,-26.88548511701265],[-48.73327620434925,-26.88551152301386],[-48.733285860249396,-26.885546499174566],[-48.733282681879224,-26.88557120788181],[-48.73327122996519,-26.885590609123994],[-48.733241731580414,-26.885611485905358],[-48.73312085096572,-26.885618340936425],[-48.73303806247984,-26.88563749771761],[-48.73302621317302,-26.88563243967392],[-48.73301821603557,-26.88560864986831],[-48.732975181688964,-26.885569009158196],[-48.73268746385399,-26.885547957447407],[-48.73262437623314,-26.88555390249678],[-48.73244654719297,-26.885545788715547],[-48.73234479006717,-26.885531912141296],[-48.73231698886627,-26.88551496707778],[-48.73230953606378,-26.885385360681564],[-48.73227885848967,-26.88520795923136],[-48.73227885740505,-26.885063226438263],[-48.73225326227573,-26.884937130753023],[-48.73226050067411,-26.8849322807823],[-48.73225266001603,-26.884891644647663],[-48.73225410820014,-26.884813332233914],[-48.73223715361124,-26.884694020055395],[-48.7322509219989,-26.884571325171596],[-48.73225551889764,-26.884195286141946],[-48.73224763382143,-26.884161814773734],[-48.73221901886387,-26.884124656118004],[-48.732233388309986,-26.884117957815615],[-48.73223512338435,-26.884105004784622],[-48.732227483476535,-26.8840667660804],[-48.732213079260255,-26.88404083561668],[-48.73221722540628,-26.88403177748544],[-48.73220170631218,-26.884016368873542],[-48.73220899982803,-26.883985674420444],[-48.732192199104055,-26.8839195914134],[-48.73217633924877,-26.88369895126875],[-48.73216089825754,-26.883682053054997],[-48.73217654002693,-26.883676247858734],[-48.73216229119754,-26.883628478705546],[-48.732140943495125,-26.883605488838175],[-48.73214023642197,-26.883589038390173],[-48.73212812053871,-26.88358559951491],[-48.7321023439491,-26.883557404465545],[-48.732087882058856,-26.88355910980296],[-48.73209827816691,-26.883531597592025],[-48.73208168297247,-26.883526889228136],[-48.73206201743954,-26.883538750239783],[-48.732026265347706,-26.88353187338142],[-48.7320627696707,-26.88350733257005],[-48.73205994871959,-26.88349372610104],[-48.7320717503573,-26.883488811337713],[-48.7320443209299,-26.883468898627168],[-48.73203400749877,-26.883450595498353],[-48.73203592776099,-26.88343497147337],[-48.73204944724226,-26.883427238861525],[-48.73202310676289,-26.883385455526273],[-48.732032072810824,-26.883370892222192],[-48.73199014478156,-26.88334006343177],[-48.731939380882956,-26.88333098715867],[-48.73191123766681,-26.88329244534613],[-48.73190291359009,-26.88325354948429],[-48.731896559905586,-26.88301712916572],[-48.73188795285152,-26.88296705638379],[-48.7318959253026,-26.882891280853535],[-48.731952593162106,-26.882896143630948],[-48.732041673542945,-26.882886724832428],[-48.732213197482515,-26.882883892904943],[-48.73225688371905,-26.882896319947715],[-48.732386048169644,-26.88289868623505],[-48.73249580465314,-26.882889588287416],[-48.73248147381402,-26.88292147924199],[-48.73248516289041,-26.882927597544928],[-48.73257233021256,-26.882889189758604],[-48.73267132464819,-26.882883196606507],[-48.73270375614847,-26.88289089626967],[-48.732905444206736,-26.882880388650022],[-48.732970334750995,-26.88289441025769],[-48.73304905525747,-26.882941102457288],[-48.73308046450259,-26.883000016134464],[-48.733093000417504,-26.883097565055976],[-48.73309637197833,-26.883498628191766],[-48.73311710968832,-26.8837293512184],[-48.733118527956734,-26.883839701679424],[-48.73314728257493,-26.88403161429671],[-48.733143519502505,-26.88440147605134],[-48.73315275938003,-26.88448274774103],[-48.7332222933158,-26.88480835733521],[-48.73322002692498,-26.884921893869063],[-48.733186926128475,-26.885129038851193],[-48.73315221473444,-26.885235564150456],[-48.73317172866241,-26.88537504205889]]},"properties":{"objectid":1517,"cota":5,"tipocurvanivel":"Mestra","sourceLayer":"curvas-0"}},{"type":"Feature","geometry":{"type":"LineString","coordinates":[[-48.7235288367925,-26.88535118063335],[-48.72348710911604,-26.88535833765349],[-48.72350668049604,-26.88539289751334],[-48.72346872507361,-26.885489449776088],[-48.7234515286625,-26.88551985677497],[-48.72340944213965,-26.885529146790898],[-48.72343528339541,-26.885568632231806],[-48.723385217460645,-26.885686925994843],[-48.72337558002001,-26.885695256370255],[-48.72334306409887,-26.88570014868996],[-48.72336710596092,-26.885732150897674],[-48.7233228083772,-26.885840370618315],[-48.72330943627347,-26.885857877356933],[-48.72326979026865,-26.88586756494137],[-48.72329533767528,-26.88589906891462],[-48.7232726552619,-26.885989502344966],[-48.723276373364364,-26.88599992421772],[-48.72333275805936,-26.88597814923425],[-48.72337706755584,-26.8858966954725],[-48.723416292888395,-26.88578791657079],[-48.72341781380427,-26.885769081686995],[-48.723407600139986,-26.885746517323824],[-48.72343387100882,-26.885672813572096],[-48.723445470275195,-26.885652871406354],[-48.72348042531736,-26.88564142417782],[-48.72350203480241,-26.88559721675356],[-48.72370388985463,-26.88511307154921],[-48.72370797697478,-26.885094542438594],[-48.72369484552147,-26.885066263677512],[-48.72370077739006,-26.88504522480605],[-48.72377381093039,-26.8848872232605],[-48.72390263980547,-26.88456056221414],[-48.72391046517428,-26.884550594424383],[-48.72393708037715,-26.884541975398363],[-48.72392209702635,-26.884520429774465],[-48.72394283802163,-26.884421468326725],[-48.72394203549707,-26.884339291794127],[-48.723928051365306,-26.88436726348578],[-48.72386596228063,-26.88443387531107],[-48.723824127304106,-26.88451293074515],[-48.72381775516027,-26.884547703238724],[-48.72376132911504,-26.884672298469642],[-48.72379240630426,-26.88470517566478],[-48.723792763765914,-26.884726705769033],[-48.72374774314795,-26.884832981874005],[-48.723722775536444,-26.88485871260489],[-48.723728531736924,-26.88487410011058],[-48.7236728002717,-26.884906195405325],[-48.72361347904907,-26.885020316077846],[-48.72355292831886,-26.88518019819794],[-48.72355303522414,-26.885193390133207],[-48.723572919491566,-26.88521349687309],[-48.7235752333274,-26.885226093569596],[-48.7235288367925,-26.88535118063335]]},"properties":{"objectid":1726,"cota":5,"tipocurvanivel":"Mestra","sourceLayer":"curvas-0"}},{"type":"Feature","geometry":{"type":"LineString","coordinates":[[-48.725707876686776,-26.886],[-48.72569029585894,-26.885908742414006],[-48.725640819947174,-26.885812122484026],[-48.72563735865691,-26.885757865539382],[-48.72553452834798,-26.885693103761618],[-48.72554978567759,-26.885674815853456],[-48.72553670570293,-26.885635399119156],[-48.72555937468351,-26.885579458494785],[-48.72553497791695,-26.88550314148068],[-48.725541670700686,-26.885478365991695],[-48.72556145445883,-26.885463716563482],[-48.72557850398012,-26.885468100007152],[-48.72559609200584,-26.885491624080952],[-48.72560662221476,-26.885484939554278],[-48.725588343977776,-26.885419198541086],[-48.725571321058744,-26.88538685669533],[-48.725583599529685,-26.88534881217999],[-48.72558342031734,-26.885303392548074],[-48.72559504282897,-26.885272119385398],[-48.72559757536119,-26.88517507269335],[-48.72567167805413,-26.88511275519305],[-48.72568364926481,-26.885076832793597],[-48.725632820695026,-26.88421609121206],[-48.725645333049016,-26.884197615585034],[-48.72576127246235,-26.88412318580592],[-48.72585047450658,-26.884003375195732],[-48.725838353935316,-26.88390896682782],[-48.72578165566741,-26.88369173718437],[-48.72579531757101,-26.883664199586217],[-48.72579771384469,-26.883610124491852],[-48.72587309398257,-26.883578337462637],[-48.72612707790635,-26.883548085051785],[-48.72620314645296,-26.883510057642656],[-48.72624442720621,-26.88350241157518],[-48.726224586903164,-26.883498293736253],[-48.726211612020776,-26.883484890102835],[-48.72623885628412,-26.883474840436516],[-48.726267749945,-26.883505912247728],[-48.72634244408315,-26.883538790801364],[-48.72659733503037,-26.883533100620873],[-48.726604946367054,-26.883524759950486],[-48.72660080927275,-26.883297767409072],[-48.726638839820936,-26.883281244731428],[-48.72674052459845,-26.88328265135415],[-48.72674999159523,-26.8832922650364],[-48.726714246694414,-26.883310291018468],[-48.72669025664279,-26.88336345454012],[-48.72669551629036,-26.883417993127892],[-48.72673253790971,-26.883444332367706],[-48.726779990592135,-26.883451833864207],[-48.72679894891336,-26.88348392516055],[-48.72681435371661,-26.883471667837583],[-48.72682895551648,-26.883508023484975],[-48.72685121697944,-26.883520752596855],[-48.72682196672254,-26.8835469546629],[-48.726827370600226,-26.883565281089737],[-48.72686823643515,-26.883610641777054],[-48.7268725776144,-26.88369674055447],[-48.726899348888736,-26.88382485570596],[-48.72689501807556,-26.88392125175789],[-48.72690150063694,-26.88396191226892],[-48.7269196580631,-26.883983993303662],[-48.726903307864056,-26.883998428375765],[-48.72692452584438,-26.884027344203286],[-48.72692605925213,-26.884085534594423],[-48.726944029962894,-26.884131877739467],[-48.72695514364311,-26.884250340036267],[-48.72694341651585,-26.884265546210994],[-48.726945265749684,-26.884289154325952],[-48.72693748496851,-26.884298668179884],[-48.72695517459684,-26.884310787642175],[-48.72695728192442,-26.884295809277628],[-48.72696303634723,-26.88429778170045],[-48.72697589829902,-26.884328048469076],[-48.72696129251603,-26.884334622389712],[-48.72697774277249,-26.884344503676132],[-48.72697997569116,-26.88436830116376],[-48.7269590880596,-26.88442112298832],[-48.72696087370544,-26.884428500390932],[-48.72696629658154,-26.884422148679384],[-48.726970202897505,-26.884428512467405],[-48.72694488524174,-26.884532657602918],[-48.72686532708769,-26.884638100103185],[-48.72683686780344,-26.884720096314414],[-48.726853833268756,-26.88483018329096],[-48.72687058459307,-26.884861527929033],[-48.72684821704212,-26.88495815616899],[-48.72685369741479,-26.884980506954868],[-48.72684818354492,-26.884993413505224],[-48.72685983616827,-26.885035125562087],[-48.726851961421424,-26.885075423221043],[-48.726861488476686,-26.88509878581305],[-48.72685126613035,-26.885121216854508],[-48.726861128424055,-26.88513653046353],[-48.726851903864635,-26.88515813557784],[-48.726792123366295,-26.885169008993703],[-48.726790035794004,-26.88522492647556],[-48.72678095886324,-26.885262985649103],[-48.726773416852296,-26.885266500225853],[-48.72677640758696,-26.88535992501043],[-48.72679669275206,-26.885380900519763],[-48.726807946201724,-26.885422745132196],[-48.726828800789995,-26.885427593972405],[-48.726842151893024,-26.88544117147135],[-48.72685764080291,-26.885495815136736],[-48.72687759293319,-26.885497582914574],[-48.72688449546932,-26.885522343574227],[-48.72688695359525,-26.88555912283855],[-48.72687747770706,-26.88559579484487],[-48.726861325293555,-26.885572233561494],[-48.72684563318702,-26.885568763741077],[-48.72686069946028,-26.885590927695397],[-48.726859592114906,-26.885623469414814],[-48.72684317462163,-26.885621897505068],[-48.72682589945462,-26.88567603906209],[-48.72681055793191,-26.88567697523311],[-48.726807126879365,-26.885694679345537],[-48.726790960275366,-26.885714709835685],[-48.726812585806265,-26.885736552517145],[-48.726816438303246,-26.88577391013532],[-48.726830727469,-26.885796786253103],[-48.72682495374096,-26.88580763914954],[-48.72683155644908,-26.88583319997166],[-48.726821404503,-26.885857841339675],[-48.72682875427107,-26.885878661878113],[-48.72680734069315,-26.885878455270635],[-48.726797230917896,-26.885906217991845],[-48.72677398430584,-26.885916635311187],[-48.726773025100634,-26.885930615086025],[-48.726726608741714,-26.885986318057302],[-48.726706941850864,-26.885977738631325],[-48.726667361024994,-26.886]]},"properties":{"objectid":1729,"cota":5,"tipocurvanivel":"Mestra","sourceLayer":"curvas-0"}},{"type":"Feature","geometry":{"type":"LineString","coordinates":[[-48.726979414083345,-26.883522188698525],[-48.72695584566723,-26.883541971953022],[-48.72693207154399,-26.883412544149063],[-48.72691145623325,-26.88339068075825],[-48.72688788461367,-26.883391720030573],[-48.72689443785485,-26.883367658752164],[-48.726891195330914,-26.883336379932707],[-48.72690197576398,-26.88331924171234],[-48.72691172648608,-26.883321871365453],[-48.726923460076385,-26.883364410464818],[-48.72693495634334,-26.88336887852847],[-48.72693122876542,-26.883292295146916],[-48.72691071732617,-26.88327756189405],[-48.72690421624501,-26.88325024653874],[-48.7269235276794,-26.88323603690313],[-48.72692419410743,-26.883085890501278],[-48.726936514860164,-26.88310276429978],[-48.7269474002027,-26.883149468999235],[-48.726979414083345,-26.883522188698525]]},"properties":{"objectid":1730,"cota":5,"tipocurvanivel":"Mestra","sourceLayer":"curvas-0"}},{"type":"Feature","geometry":{"type":"LineString","coordinates":[[-48.725512411361464,-26.881336411227085],[-48.72558980483849,-26.881255020968382],[-48.725700261865384,-26.8811826271608],[-48.72575446384274,-26.881136678948746],[-48.72577311512215,-26.881142659300625],[-48.725794949053096,-26.881138715197963],[-48.725837389330664,-26.881168813057972],[-48.72587305681215,-26.881157690678428],[-48.726030754398664,-26.881172239537285],[-48.72611923444528,-26.881194812097167],[-48.726366268236625,-26.881195560024302],[-48.72652959841817,-26.881215904302163],[-48.72656037693197,-26.88123509401536],[-48.72657594254902,-26.881262399165177],[-48.72658915306729,-26.881393784067253],[-48.72657999982961,-26.88142063989491],[-48.72659479560882,-26.881441458463193],[-48.726587332203636,-26.881451214762144],[-48.72659073268749,-26.88145926341458],[-48.72661553346736,-26.881459844907088],[-48.726610791711266,-26.8814746599394],[-48.726615866020204,-26.881492753650043],[-48.72662712760676,-26.88149998667486],[-48.726632448473694,-26.88155709553712],[-48.72660248664474,-26.881661101835345],[-48.726579656766404,-26.881661101656025],[-48.726566561173144,-26.881675253382124],[-48.726528439264136,-26.88166434277382],[-48.726476740750904,-26.88169266789587],[-48.72646881125387,-26.881690464614543],[-48.726472568673195,-26.881672086206176],[-48.7263223584378,-26.881646849677754],[-48.72629742882233,-26.881649032071927],[-48.72615041146463,-26.88161245872758],[-48.72612490235525,-26.88162488631872],[-48.72607650550111,-26.881604315475492],[-48.72596307478033,-26.88159199910507],[-48.72594072364066,-26.881571860204367],[-48.72591312182556,-26.8815807904534],[-48.725848933553316,-26.881563098586078],[-48.72573174702042,-26.881552795391435],[-48.72564516715719,-26.881523171642577],[-48.72560052462483,-26.88153263421412],[-48.725530973424256,-26.88152800726774],[-48.725483230851744,-26.88154201064896],[-48.725359508499174,-26.881535597947764],[-48.7253847432892,-26.881485917403904],[-48.72547146264563,-26.8814056565712],[-48.725512411361464,-26.881336411227085]]},"properties":{"objectid":1742,"cota":5,"tipocurvanivel":"Mestra","sourceLayer":"curvas-0"}},{"type":"Feature","geometry":{"type":"LineString","coordinates":[[-48.72828780674253,-26.880137519778053],[-48.72826681537412,-26.880031878586166],[-48.72824981514884,-26.88000468680417],[-48.728244204478365,-26.87996504567947],[-48.72821745906508,-26.879898432347453],[-48.7282278053515,-26.879857386459026],[-48.72827173978447,-26.879838956587218],[-48.728278666353745,-26.879807623838214],[-48.72827900649973,-26.879718161969553],[-48.7282461874603,-26.879614677821284],[-48.7282461032718,-26.87957762808305],[-48.72823827082041,-26.879570879910972],[-48.728183724943854,-26.879583593530757],[-48.72817790394346,-26.87954405460743],[-48.728132473064434,-26.879537180886086],[-48.72812612508642,-26.87947463177564],[-48.72818120993741,-26.87945786219858],[-48.7285502543472,-26.87942267361702],[-48.72859011781745,-26.87941229482688],[-48.728641181919535,-26.879383810644665],[-48.72866082344149,-26.879356823691325],[-48.72863275792319,-26.879340264496594],[-48.72859515123485,-26.879334717008614],[-48.728309804671746,-26.87934494718846],[-48.72819497826966,-26.879339762194466],[-48.72812581950644,-26.879275775057536],[-48.728091803280684,-26.879230596228616],[-48.72810889976245,-26.879199032693943],[-48.72811747885899,-26.87914148230857],[-48.72817937234578,-26.87896960400403],[-48.728180129769,-26.878952213290752],[-48.72815320552266,-26.878915684844145],[-48.7281512957679,-26.878873454542237],[-48.72816817310174,-26.878812490980106],[-48.72821358668559,-26.87871263854737],[-48.728173592318925,-26.878612286908055],[-48.728114586789644,-26.87858962575202],[-48.7281578771731,-26.87835456080241],[-48.7281437353001,-26.878272924897896],[-48.72812876647806,-26.87824662311221],[-48.7284756296245,-26.87806203498751],[-48.72847566715085,-26.878051653774076],[-48.728399460184285,-26.877934036190876],[-48.72839460231408,-26.877912860525598],[-48.72840602794101,-26.877904885196536],[-48.728578979856216,-26.87797836645044],[-48.728613695104684,-26.87800911444778],[-48.72862849786591,-26.87809123383462],[-48.72861849155624,-26.878190483523213],[-48.7286472233378,-26.878391122214822],[-48.72868268125203,-26.878404968371846],[-48.72892607251364,-26.87841909228641],[-48.72893970849403,-26.878430929710092],[-48.72895393718437,-26.878465620453266],[-48.72896747752194,-26.878546216030145],[-48.728958191938155,-26.87860318839406],[-48.7289762345239,-26.87868651317962],[-48.728985432532674,-26.878877686882614],[-48.72901818766666,-26.879221817947254],[-48.729009396757256,-26.879417931223],[-48.729000698163134,-26.87944679980848],[-48.728963421819074,-26.879474757678967],[-48.728955138314134,-26.879493636464925],[-48.72891017632446,-26.879512785538868],[-48.72890829269699,-26.87953567123581],[-48.72888888803549,-26.879549454636397],[-48.728941845417026,-26.879779204263613],[-48.72900326896816,-26.879824014980926],[-48.72904320421422,-26.879883437434454],[-48.72905506503737,-26.880033343249913],[-48.72905463405574,-26.88019764228937],[-48.72906678651021,-26.880235367982944],[-48.729069468242194,-26.88035054241516],[-48.729046567075905,-26.880380443371145],[-48.72889005637097,-26.88046474730437],[-48.72879481443482,-26.880484547098952],[-48.7287376412762,-26.88047819947763],[-48.728694611429006,-26.880458582190403],[-48.72866999026645,-26.880466490626098],[-48.72861814766127,-26.880460910029804],[-48.72857269969451,-26.880475049765973],[-48.72854452720918,-26.880457486198523],[-48.728471532416435,-26.88045996540623],[-48.72840715385867,-26.88042885037848],[-48.728311622592244,-26.880433981240603],[-48.72829213338262,-26.880387928783506],[-48.7282954776206,-26.880224199177576],[-48.72828780674253,-26.880137519778053]]},"properties":{"objectid":1756,"cota":5,"tipocurvanivel":"Mestra","sourceLayer":"curvas-0"}},{"type":"Feature","geometry":{"type":"LineString","coordinates":[[-48.72601651927501,-26.87821482141924],[-48.72606075841825,-26.878102933793688],[-48.726055676258376,-26.878086046518767],[-48.72602491019869,-26.878115443136767],[-48.72601675990954,-26.878106888440197],[-48.72603706557087,-26.87807358817632],[-48.726060020455215,-26.878008089561153],[-48.726058971949755,-26.87799099197459],[-48.72604831958262,-26.877992555901088],[-48.725991868052205,-26.87804051757166],[-48.72595184108907,-26.8780288668656],[-48.72598474713233,-26.878049563720076],[-48.72598816318952,-26.878059140485266],[-48.72597097105333,-26.878066408203495],[-48.725961828344374,-26.87808153771748],[-48.72594899261643,-26.878078153537484],[-48.725947691332465,-26.878107060681558],[-48.725935997247,-26.878113959367315],[-48.72592746160449,-26.878154863651957],[-48.72590676098344,-26.878147720477433],[-48.725912990285316,-26.878172001061685],[-48.725885304461784,-26.878177981684903],[-48.725884516040516,-26.87819700440751],[-48.72583056109144,-26.87819394818413],[-48.72580778224934,-26.87819917483242],[-48.72580481266161,-26.878210073760798],[-48.72577642819032,-26.878213552346438],[-48.72574255058124,-26.878189257969147],[-48.72573753263911,-26.878169215845112],[-48.72563636234557,-26.878160640700905],[-48.72564354302221,-26.878117098414176],[-48.72560373286542,-26.87803933478018],[-48.72560883426927,-26.878026106661537],[-48.7256355129289,-26.878014636504712],[-48.725639818405966,-26.877944055589893],[-48.72563600615298,-26.87793345988744],[-48.72560611085034,-26.877928613364062],[-48.72559719766408,-26.87791493848434],[-48.72559166413098,-26.87786299992208],[-48.72559668097285,-26.877848566571057],[-48.72558457671348,-26.877811417173717],[-48.725568675425535,-26.877457533606634],[-48.725552770637016,-26.877385081367414],[-48.72558758252867,-26.87732631201352],[-48.72558922618706,-26.877269603139368],[-48.72560842998552,-26.87725785830157],[-48.72560432118937,-26.877222468374974],[-48.72561453820228,-26.877176148493014],[-48.725603559039804,-26.877155034830416],[-48.72558270888861,-26.877143256924146],[-48.725550802909495,-26.877057551732044],[-48.7255365708499,-26.876900856376228],[-48.72554705831267,-26.876789712322005],[-48.725525844814925,-26.87675542411835],[-48.72554551580814,-26.876740546274906],[-48.72557898769969,-26.876751506739886],[-48.72560824425153,-26.876735716530565],[-48.72559146742574,-26.876694254888502],[-48.72559711324563,-26.876653027937422],[-48.725588326302265,-26.87662315066667],[-48.72562949094757,-26.87649612374419],[-48.7256409857834,-26.876406633980896],[-48.72569975723864,-26.8763449482726],[-48.72570018605128,-26.876328807604036],[-48.72571138110515,-26.876326518740473],[-48.72572005754852,-26.876292801144167],[-48.72575174571768,-26.87628302066971],[-48.72576358383806,-26.876300887590556],[-48.72578711885407,-26.876281898077693],[-48.72580498610645,-26.87630010933498],[-48.725838550284145,-26.87628941417668],[-48.72588755015424,-26.876312073964037],[-48.725898748851094,-26.876307240229288],[-48.72595116131001,-26.87633281209794],[-48.72605244464783,-26.87635401045746],[-48.726073296507685,-26.87634176865376],[-48.72609693801202,-26.876284578199343],[-48.72607466854736,-26.876249346255996],[-48.72585272117797,-26.87602471760194],[-48.72579110521741,-26.87595057285758],[-48.72590854937353,-26.876053790033414],[-48.72613590133824,-26.876285689125186],[-48.72618511091066,-26.876458958812016],[-48.72626326921949,-26.876616533351275],[-48.72629281713648,-26.876617251728177],[-48.726490544542266,-26.876554230389],[-48.72650451713202,-26.876533285552117],[-48.726527770205315,-26.87652425715478],[-48.72656109422106,-26.876524003844054],[-48.72658775549132,-26.876555417735165],[-48.72662797723465,-26.876585373108163],[-48.7266615856204,-26.87665307810481],[-48.72664471737077,-26.87675148346717],[-48.72662207804047,-26.87680089476532],[-48.726575314538636,-26.87686358453141],[-48.7264855027355,-26.876929484523266],[-48.726482145714925,-26.876951601034015],[-48.726462531279246,-26.87696556754297],[-48.726462059090295,-26.87698277421788],[-48.72648054040137,-26.87701526666027],[-48.72648616502008,-26.877045226551214],[-48.72645036500444,-26.877154650230704],[-48.72642038074103,-26.877192669833963],[-48.726368948204815,-26.877216509607507],[-48.72633821528275,-26.87724009415128],[-48.72637079578597,-26.87727765159739],[-48.72638355771119,-26.87733434419784],[-48.726312168945356,-26.877515512981223],[-48.72630477537731,-26.877574130963165],[-48.726309250552774,-26.8775991215042],[-48.726300851860316,-26.877602876783797],[-48.726294613162494,-26.87765437586065],[-48.726280929678666,-26.8776637838605],[-48.72627904517453,-26.87768437726178],[-48.726268017712115,-26.877696185218472],[-48.72629125814166,-26.877741847969464],[-48.7262880093671,-26.87778917079511],[-48.726263574687394,-26.87781749800557],[-48.726244964175656,-26.87786254573946],[-48.72625322694944,-26.87789056812305],[-48.72618928043876,-26.878061788851834],[-48.72614586504883,-26.878138214401012],[-48.726131081910324,-26.878150922093408],[-48.726123280359126,-26.878181099032766],[-48.72605978328214,-26.87825489821161],[-48.72603433754817,-26.87829596886357],[-48.725842223455544,-26.8787163613265],[-48.72581136195936,-26.878767652534744],[-48.725814633794364,-26.878733365120286],[-48.725948279567554,-26.878365257108893],[-48.72595384219489,-26.878327381418735],[-48.72596608351433,-26.878302147404412],[-48.725983228653874,-26.87828883430963],[-48.72598424912761,-26.878261085002674],[-48.72600472506121,-26.878244013571383],[-48.72601651927501,-26.87821482141924]]},"properties":{"objectid":1760,"cota":5,"tipocurvanivel":"Mestra","sourceLayer":"curvas-0"}},{"type":"Feature","geometry":{"type":"LineString","coordinates":[[-48.73023077414018,-26.87631563681639],[-48.73082607080378,-26.876482251422768],[-48.730947182708405,-26.87650025790694],[-48.73107572281865,-26.876545152192325],[-48.7310971209966,-26.87657048033473],[-48.73111617397124,-26.87661361592921],[-48.73117038096443,-26.87728982354745],[-48.7311657933567,-26.877320087652695],[-48.731147379173564,-26.877344775413338],[-48.73044716375966,-26.877383611002404],[-48.73039117430113,-26.87739520315748],[-48.73035945418689,-26.877437760375244],[-48.73035986884388,-26.877555867524492],[-48.73033475981521,-26.877612707602204],[-48.73033228962918,-26.877636308583536],[-48.73034104021257,-26.877771724264807],[-48.730362631548076,-26.877843192655497],[-48.730377678217,-26.877985141285624],[-48.7303878899499,-26.87811875026423],[-48.73038544352625,-26.878226783370305],[-48.73036755794019,-26.87828080473072],[-48.73030292057579,-26.878297524590405],[-48.73038414285833,-26.878438391419994],[-48.73040873252922,-26.87851271732046],[-48.73039647022981,-26.878534162928343],[-48.730395700564564,-26.878553593920945],[-48.73042671402354,-26.878671881372163],[-48.73042600238309,-26.87871706661116],[-48.73041097324391,-26.878742608217813],[-48.73043840387723,-26.878788380111097],[-48.73045010575214,-26.8791317296609],[-48.730478299283355,-26.87938395273122],[-48.73050858394614,-26.879486043857952],[-48.730499429459606,-26.87964316280496],[-48.73048929405739,-26.879692382199217],[-48.730505773767426,-26.879871563785876],[-48.73052326427595,-26.879922747701066],[-48.7305345810505,-26.87999310340586],[-48.73053384172918,-26.880055891450027],[-48.73052103331029,-26.880079829883865],[-48.73051880502778,-26.88010391304795],[-48.73048181405241,-26.880117897811008],[-48.73029753818132,-26.880108059128315],[-48.73016849916735,-26.88011025860329],[-48.73005084293166,-26.88012627154735],[-48.72990216079898,-26.88012956291477],[-48.72967941779434,-26.880147694879398],[-48.729617301275304,-26.88012333100578],[-48.72960614411582,-26.880072104408896],[-48.729646481003286,-26.88002395264388],[-48.72966822567412,-26.880020833136612],[-48.72967289815399,-26.88001177631907],[-48.72968956033191,-26.87972133964963],[-48.729669529173385,-26.879695428619552],[-48.72959601607096,-26.87967185440567],[-48.7295716966817,-26.879570280454722],[-48.72957380389296,-26.879498695653396],[-48.72957995010344,-26.879487301709712],[-48.72961346273215,-26.8794683438002],[-48.72978305217511,-26.879393007484246],[-48.72979230988599,-26.879374220106822],[-48.72982002337979,-26.879368523438607],[-48.72981728310709,-26.87929364798006],[-48.72993129243217,-26.878910805150294],[-48.729928445979255,-26.878792344000704],[-48.72992398746395,-26.878766931458298],[-48.729906150169896,-26.87873593971545],[-48.72969693155309,-26.87843676014037],[-48.729663826211045,-26.878415671053318],[-48.729624508734496,-26.878410386040915],[-48.72960618503105,-26.878379367495427],[-48.729564446647004,-26.878374617514414],[-48.729551006666696,-26.878359516418428],[-48.729520148172114,-26.878353249207922],[-48.72946847381188,-26.87832555254427],[-48.72947220800671,-26.878279859098253],[-48.729450400916335,-26.878253041412627],[-48.729463487541295,-26.87820425939899],[-48.72945089006951,-26.87813704343675],[-48.72948856063299,-26.878113148270554],[-48.72953703786655,-26.8781101254663],[-48.7295704258203,-26.878072864692815],[-48.72960588706853,-26.878064643886475],[-48.72961161086512,-26.8780332944177],[-48.72965930302615,-26.878041050486576],[-48.72986961009556,-26.877776797252434],[-48.729880768891334,-26.877749084464984],[-48.72986906320667,-26.877725003885395],[-48.72989214712966,-26.87768450817851],[-48.72987581624172,-26.87765841389418],[-48.729894885333664,-26.87761839513384],[-48.72986220787187,-26.877584264404234],[-48.729898285067755,-26.877545767982127],[-48.72986027633393,-26.877513381748173],[-48.729904544697824,-26.877467155695292],[-48.72990570184197,-26.87745266103651],[-48.729881775060996,-26.877430191665464],[-48.729936396121985,-26.87736516150752],[-48.72992999655203,-26.877331280732164],[-48.72993435873986,-26.87729826328437],[-48.729895114360666,-26.87720791247597],[-48.72990223116474,-26.877132533012343],[-48.72987565596934,-26.87704841599981],[-48.72987845623734,-26.877013538763205],[-48.72985344780663,-26.876967951907226],[-48.72979815858285,-26.87693670930761],[-48.72981292220069,-26.87689831255212],[-48.72979363150698,-26.876863570312327],[-48.72983272195285,-26.876797706689175],[-48.72983591703322,-26.876772078725946],[-48.729757774208494,-26.876408627675243],[-48.72975783226997,-26.876307983389676],[-48.72982308014337,-26.8762940458755],[-48.73006029767171,-26.87627873866978],[-48.73014966586022,-26.87629243096885],[-48.73023077414018,-26.87631563681639]]},"properties":{"objectid":1761,"cota":5,"tipocurvanivel":"Mestra","sourceLayer":"curvas-0"}},{"type":"Feature","geometry":{"type":"LineString","coordinates":[[-48.72756690369855,-26.87440918323944],[-48.72769717877353,-26.87408549243702],[-48.72773511744827,-26.874025447022394],[-48.727728276927614,-26.874064166834767],[-48.72757369535117,-26.874508143567475],[-48.72755166627608,-26.874463149367266],[-48.72756690369855,-26.87440918323944]]},"properties":{"objectid":1763,"cota":5,"tipocurvanivel":"Mestra","sourceLayer":"curvas-0"}},{"type":"Feature","geometry":{"type":"LineString","coordinates":[[-48.72760360226101,-26.872303913106535],[-48.7276277185607,-26.872288153429405],[-48.7276940196213,-26.872297979085292],[-48.727713439775805,-26.872326383011618],[-48.72773277224731,-26.872389512824125],[-48.72775349432622,-26.87240887254485],[-48.727772178541244,-26.872388335422986],[-48.72780022999473,-26.872322533908136],[-48.72781835852373,-26.872309704718315],[-48.72818924481405,-26.872365025562736],[-48.72819987321327,-26.87237374180993],[-48.728210142936184,-26.87241740701225],[-48.72822332373632,-26.87242504616356],[-48.72824948338484,-26.87241584938867],[-48.72833110037427,-26.872340978523127],[-48.72837063145595,-26.872335371011758],[-48.72839348946191,-26.872357023829434],[-48.72839702212758,-26.87241095258784],[-48.72828209241239,-26.87270208416486],[-48.72824888695499,-26.872724697219322],[-48.72823055567069,-26.872748621572875],[-48.728180881403205,-26.872755107352386],[-48.72813025679564,-26.872741935033858],[-48.72798979186755,-26.872738835856985],[-48.72794312621377,-26.87272223645457],[-48.72789818085069,-26.872736709996285],[-48.727851632609,-26.872730292123986],[-48.727662579322605,-26.87274836691248],[-48.72755084888319,-26.872746156352246],[-48.72753300847283,-26.87272570857231],[-48.72752499171789,-26.87268306956545],[-48.7275479443993,-26.872407416298973],[-48.72760360226101,-26.872303913106535]]},"properties":{"objectid":1765,"cota":5,"tipocurvanivel":"Mestra","sourceLayer":"curvas-0"}},{"type":"Feature","geometry":{"type":"LineString","coordinates":[[-48.728045122985385,-26.875544206880463],[-48.72796993769334,-26.87552896808454],[-48.72794805929888,-26.875468775442474],[-48.72794399222026,-26.875405250443034],[-48.727952691789795,-26.875346690320143],[-48.7279761223132,-26.875267485270008],[-48.72800113869723,-26.875244388656984],[-48.72804152217376,-26.875236365594247],[-48.72808861001141,-26.87527462705911],[-48.72812798669279,-26.875273974356986],[-48.72815502086988,-26.875283227910465],[-48.728325091214074,-26.875382295334344],[-48.72832691079376,-26.875407350520614],[-48.72829142697081,-26.875534295591255],[-48.72824652047085,-26.875591759064054],[-48.728110029922824,-26.875583231430802],[-48.72808183023301,-26.875573580992846],[-48.728045122985385,-26.875544206880463]]},"properties":{"objectid":1764,"cota":5,"tipocurvanivel":"Mestra","sourceLayer":"curvas-0"}},{"type":"Feature","geometry":{"type":"LineString","coordinates":[[-48.72840630299379,-26.874063213123293],[-48.728448202415876,-26.873936115742644],[-48.72847531592544,-26.873904998350177],[-48.72852839763081,-26.87379248570382],[-48.7285384735156,-26.87370965721135],[-48.72855912690532,-26.873654404495404],[-48.72863042859578,-26.87353908031729],[-48.72864706638736,-26.873476041627992],[-48.72866848367269,-26.873450527083477],[-48.72867749577965,-26.873450599785706],[-48.72868986947218,-26.873472040678845],[-48.72870973623726,-26.87347535804724],[-48.72877984110051,-26.87345497429334],[-48.72892883894771,-26.873458756790896],[-48.728977733078,-26.873482956076618],[-48.72909203852238,-26.87350278582693],[-48.72914583224655,-26.873538071947074],[-48.72925049082035,-26.87356663296021],[-48.72930351183173,-26.87361128129069],[-48.72929953833105,-26.873637440917367],[-48.72927264522808,-26.87363614679621],[-48.72926684919154,-26.873649622922176],[-48.72923638991382,-26.873641521118415],[-48.72924881699755,-26.873778514783105],[-48.72918522461018,-26.87390353283535],[-48.729160314834786,-26.873916338918924],[-48.72896620188322,-26.873945640875213],[-48.728930500022564,-26.873973966181154],[-48.72890152944909,-26.874039642141184],[-48.728872605529006,-26.874159865831807],[-48.728841229309865,-26.874223903048584],[-48.72882593328174,-26.874280882596715],[-48.72878861512014,-26.874318721706928],[-48.728774407826485,-26.87436714724996],[-48.72860160866347,-26.874563668478604],[-48.72855672955607,-26.87463413506821],[-48.72852892915588,-26.874635577785536],[-48.72848891837738,-26.87468053718136],[-48.728445971445616,-26.874678371979197],[-48.7283941314402,-26.874729764230683],[-48.728330385643886,-26.874736109473435],[-48.72827021838896,-26.874678438969756],[-48.728261764158994,-26.87463843534266],[-48.7282807328147,-26.874623617981403],[-48.728317182725995,-26.874539079352868],[-48.728363263596634,-26.874367247875945],[-48.728470012888216,-26.874278989863658],[-48.7284842582989,-26.87425085933697],[-48.728473655979016,-26.874200011592997],[-48.728451315167646,-26.874151618378637],[-48.728393451181766,-26.874129903511033],[-48.72840630299379,-26.874063213123293]]},"properties":{"objectid":1766,"cota":5,"tipocurvanivel":"Mestra","sourceLayer":"curvas-0"}},{"type":"Feature","geometry":{"type":"LineString","coordinates":[[-48.7299885717843,-26.87400372498224],[-48.72998577280921,-26.87408659384914],[-48.72992633582334,-26.874113117548564],[-48.729792067749145,-26.874147548031893],[-48.729686162860624,-26.87415075268196],[-48.72963899848307,-26.874132730742467],[-48.72961129559232,-26.87410210836172],[-48.729600679598796,-26.87407528467724],[-48.729597632481855,-26.874034092842855],[-48.729610338070565,-26.873941599713362],[-48.72958025437294,-26.873847625623718],[-48.729588475451244,-26.873811598238866],[-48.72957994277987,-26.873787734693476],[-48.72960554577439,-26.87369949815568],[-48.72968675397981,-26.87365838525415],[-48.72982913236424,-26.873672102034856],[-48.72984703236315,-26.87365137154012],[-48.72986359371751,-26.873655783552216],[-48.729901901495445,-26.873717915812534],[-48.72993450511623,-26.873746626075587],[-48.729981661969944,-26.873772322258084],[-48.72997482588323,-26.87379177128983],[-48.72999309708255,-26.87386059542824],[-48.729998828255845,-26.873925707514278],[-48.7299885717843,-26.87400372498224]]},"properties":{"objectid":1767,"cota":5,"tipocurvanivel":"Mestra","sourceLayer":"curvas-0"}},{"type":"Feature","geometry":{"type":"LineString","coordinates":[[-48.73092971863258,-26.873967252836046],[-48.73096414790736,-26.873961809041553],[-48.7309733958437,-26.873923774747627],[-48.73096112691338,-26.873820326096297],[-48.73092229708155,-26.873744899780213],[-48.730914462768666,-26.873712155638938],[-48.73089228060077,-26.873504060705226],[-48.73090724856647,-26.87340686585575],[-48.73093558374545,-26.87339228609545],[-48.731030361845065,-26.87339292490067],[-48.73104656529967,-26.87340225842614],[-48.7310601470634,-26.873435538881093],[-48.73110560567104,-26.873452000580038],[-48.73113682542533,-26.873394211571625],[-48.731179238356326,-26.873393366697293],[-48.731237607528314,-26.873406727304822],[-48.731262874006006,-26.8734422087748],[-48.73123565332549,-26.873459082490832],[-48.731231830985074,-26.8735284405965],[-48.731241151974665,-26.873545751363324],[-48.73125642085472,-26.873554618629864],[-48.731264286700906,-26.873605290518118],[-48.73131955941251,-26.873637102584155],[-48.73133174235166,-26.87367679053965],[-48.73132724503321,-26.87369166115376],[-48.73130084489923,-26.873702918547124],[-48.73127218512163,-26.873732944988298],[-48.73120420396382,-26.87374807932909],[-48.73119546879029,-26.87377762527158],[-48.73118992216593,-26.873888778116346],[-48.731242433046724,-26.87394702567344],[-48.731274537566634,-26.874141849604783],[-48.73127192083361,-26.874168219708466],[-48.731245419793716,-26.874194904724906],[-48.73117516398505,-26.87421739992335],[-48.73101420153604,-26.874231516367008],[-48.73096567266733,-26.87422823980066],[-48.730936347569944,-26.87417270823896],[-48.73089863166262,-26.87401187981687],[-48.73090110935872,-26.873983153889856],[-48.73092971863258,-26.873967252836046]]},"properties":{"objectid":1768,"cota":5,"tipocurvanivel":"Mestra","sourceLayer":"curvas-0"}},{"type":"Feature","geometry":{"type":"MultiLineString","coordinates":[[[-48.72955964026034,-26.886],[-48.729544586351146,-26.88593016333163],[-48.7295313827101,-26.88558796222202],[-48.72952270601026,-26.885528584849386],[-48.72952411781966,-26.885462053489054],[-48.7295330634808,-26.88543434040866],[-48.72952115995022,-26.885395159481888],[-48.72953250253084,-26.885306761621834],[-48.72953364259999,-26.88524184037785],[-48.729523286133976,-26.885189059999234],[-48.72953092651346,-26.885157165626445],[-48.729509915070686,-26.885099353338607],[-48.72950272068481,-26.885052265928056],[-48.72951692407768,-26.884978837011534],[-48.729518034459815,-26.884723573626907],[-48.72952315453244,-26.88470769606954],[-48.72954187879358,-26.884691341431505],[-48.729515802659954,-26.88466964328548],[-48.72951769395738,-26.884656543910573],[-48.729502811066325,-26.884640388086265],[-48.72950166979367,-26.884617334638943],[-48.729539762493395,-26.884534284286495],[-48.729537024409666,-26.884412100541706],[-48.72956060412841,-26.88438539792337],[-48.72954682825797,-26.884366426200568],[-48.72953220476649,-26.884303371386345],[-48.72954658406191,-26.884275349474247],[-48.729582845479484,-26.884260680074124],[-48.72957064750734,-26.884248512041438],[-48.729511027074054,-26.884235306371817],[-48.72949647507983,-26.884213475832297],[-48.72949898667946,-26.88415505623938],[-48.729513628093706,-26.884110198779535],[-48.729535800069144,-26.884076736721777],[-48.72957643728655,-26.884035740930013],[-48.72960966689449,-26.884016411246353],[-48.73000547760831,-26.883995560241598],[-48.73022201957486,-26.88396434126196],[-48.73027467328081,-26.88397348462923],[-48.73032770981698,-26.88397238677757],[-48.7304011304369,-26.88395410348462],[-48.73050160674372,-26.883945568241366],[-48.73060048452121,-26.883941028569616],[-48.730648200081376,-26.883949100652096],[-48.73071658736875,-26.88393274246646],[-48.73082335847161,-26.883923313633318],[-48.730924941735815,-26.88391891105726],[-48.73097279394149,-26.88392870800889],[-48.73107775042653,-26.88390704144192],[-48.73123075320846,-26.8838978478437],[-48.73126035973418,-26.883903993563806],[-48.73129274581363,-26.883892364087362],[-48.73135164503609,-26.883885806328546],[-48.7318135389822,-26.8838528656829],[-48.731862100464895,-26.88385527090063],[-48.73188019277802,-26.883910743779392],[-48.731898750577614,-26.88411549443959],[-48.731999769283064,-26.885865471203285],[-48.731996928742504,-26.885875569159634],[-48.73198195299165,-26.885881823608287],[-48.73169280162926,-26.88591663935019],[-48.73163214283406,-26.885927091000113],[-48.73162717647891,-26.8859393152745],[-48.73164475394478,-26.88594706270158],[-48.73190280125737,-26.88593071438138],[-48.732184748864555,-26.885890494150207],[-48.732387653211504,-26.885876600296235],[-48.73232734876998,-26.885903429345973],[-48.732326059024274,-26.88593691763227],[-48.732238366897185,-26.885932338274056],[-48.732227773447256,-26.885940340780962],[-48.73222468962671,-26.886]],[[-48.73111270217004,-26.886],[-48.731066855709706,-26.88595426337165],[-48.73104908345519,-26.885954100568686],[-48.73103376936332,-26.885942531447785],[-48.731017094386154,-26.885952579475717],[-48.73099162895761,-26.885934337858856],[-48.730919625648404,-26.885931746071563],[-48.730801892671764,-26.88589710795763],[-48.73076053557504,-26.885895598721035],[-48.73064741025379,-26.885944900356783],[-48.73044550628538,-26.88596296446358],[-48.73031853979394,-26.88598158200046],[-48.73025231310554,-26.885999445651866],[-48.730251448220976,-26.886]]]},"properties":{"objectid":1772,"cota":5,"tipocurvanivel":"Mestra","sourceLayer":"curvas-0"}},{"type":"Feature","geometry":{"type":"LineString","coordinates":[[-48.73001450360548,-26.86918346582983],[-48.73006333918477,-26.869138686442966],[-48.73009136633918,-26.8691330280273],[-48.73008890061115,-26.869195762234003],[-48.73006263970095,-26.869323061966394],[-48.73003238078907,-26.8694565063392],[-48.73000533494991,-26.869531916758156],[-48.72997633813616,-26.869689017567577],[-48.72987351100876,-26.869957192850894],[-48.729851903378204,-26.86998795234504],[-48.729802696498936,-26.87001497800349],[-48.729755006371484,-26.86996966292685],[-48.729753861167424,-26.869807335438836],[-48.729746648034876,-26.869748109685727],[-48.72972205425673,-26.869657362579193],[-48.7297445155725,-26.86953375789543],[-48.72975571266591,-26.86949854086056],[-48.72980578830176,-26.86940610935812],[-48.729904538803346,-26.869313967198504],[-48.72994413424801,-26.869289819301983],[-48.73001450360548,-26.86918346582983]]},"properties":{"objectid":2295,"cota":8,"tipocurvanivel":"Normal","sourceLayer":"curvas-0"}},{"type":"Feature","geometry":{"type":"LineString","coordinates":[[-48.72984775224151,-26.869146350696212],[-48.72988608778544,-26.86903042733482],[-48.72996624309746,-26.868882866219693],[-48.73005299723615,-26.868760396418793],[-48.730118289271125,-26.868650426379375],[-48.730150734618356,-26.868615812384135],[-48.73017418691148,-26.86861877920514],[-48.73018449656364,-26.86863750020114],[-48.730183139872615,-26.868747486698297],[-48.73016261129857,-26.868836683981403],[-48.73013310985226,-26.86904456146504],[-48.73006187910004,-26.869395744246276],[-48.73001291090119,-26.869532940936235],[-48.7300066616592,-26.869615160602862],[-48.72998636886621,-26.869707699803865],[-48.72984890412116,-26.87007592140894],[-48.729782647598554,-26.87022690402783],[-48.72975627483011,-26.870269816087145],[-48.72974227604221,-26.870315916813038],[-48.72965660311039,-26.870396480200753],[-48.72961152618072,-26.87041104789179],[-48.729594547488105,-26.870399343652767],[-48.72957811879454,-26.870371092731446],[-48.729527837272634,-26.870334800180167],[-48.72951699062046,-26.87021926787504],[-48.72968694690074,-26.869711616199222],[-48.7297430979917,-26.869490479584876],[-48.72984775224151,-26.869146350696212]]},"properties":{"objectid":2303,"cota":7,"tipocurvanivel":"Normal","sourceLayer":"curvas-0"}},{"type":"Feature","geometry":{"type":"LineString","coordinates":[[-48.729687128689015,-26.87048981250945],[-48.72966416445829,-26.870536736581183],[-48.729597946045764,-26.87063365999107],[-48.72950358491332,-26.8707090632911],[-48.729457731912966,-26.870719354358442],[-48.72945493385741,-26.87070019631725],[-48.7294362694519,-26.87069393834945],[-48.72941356918542,-26.87064641939596],[-48.72938670817931,-26.870506835608786],[-48.72941039908732,-26.870457190635555],[-48.729425469818366,-26.8703938125505],[-48.729626423979965,-26.869848055789213],[-48.72968835552797,-26.869658942732762],[-48.729695764762454,-26.86960928332634],[-48.72972312826179,-26.86956114844262],[-48.72973316054472,-26.869479319885702],[-48.729854440123226,-26.869039457764803],[-48.72988823149146,-26.86886650388266],[-48.72991216535766,-26.868691783425607],[-48.729938749823845,-26.868591253000222],[-48.729963933111705,-26.86850953156907],[-48.730008308151106,-26.86842175527405],[-48.730202828298786,-26.868168501236127],[-48.73021519282396,-26.868200366100126],[-48.73023683912,-26.868213240819916],[-48.730243710958746,-26.868246742032426],[-48.730233330078065,-26.868338443326625],[-48.73023549545131,-26.868453012222098],[-48.73017855647759,-26.86888546151593],[-48.730087012072644,-26.869356042075292],[-48.730059728538045,-26.86946274851221],[-48.73002223626262,-26.869517770703524],[-48.730015091707365,-26.869564162088007],[-48.73002486014905,-26.869604637988065],[-48.72999603145519,-26.869722243786505],[-48.72987503293772,-26.87004879203857],[-48.729687128689015,-26.87048981250945]]},"properties":{"objectid":2313,"cota":6,"tipocurvanivel":"Normal","sourceLayer":"curvas-0"}},{"type":"Feature","geometry":{"type":"LineString","coordinates":[[-48.73283162710705,-26.886],[-48.73281459179886,-26.88586105789662],[-48.73280534856695,-26.88584861808862],[-48.732779112018655,-26.8858460986803],[-48.732468366215365,-26.885866993739185],[-48.73249818511451,-26.88590320606642],[-48.732509296123254,-26.88598671521225],[-48.73250538031144,-26.886]]},"properties":{"objectid":2364,"cota":4,"tipocurvanivel":"Normal","sourceLayer":"curvas-0"}},{"type":"Feature","geometry":{"type":"LineString","coordinates":[[-48.73356287753651,-26.88522958042585],[-48.73358086155828,-26.88521933018212],[-48.73362581061089,-26.885215534746173],[-48.733619435956406,-26.885183564090372],[-48.733624084782505,-26.885172966274176],[-48.73367340631281,-26.8851681824127],[-48.7336969537449,-26.88514744647664],[-48.73366241375186,-26.885144201078088],[-48.73365030004143,-26.885109983264798],[-48.733658958632645,-26.88510346029992],[-48.7336775581468,-26.885112897025795],[-48.73368109045032,-26.88510509243394],[-48.73361293089774,-26.885058234286426],[-48.733618503111884,-26.885035155911137],[-48.73363782651847,-26.885017952988353],[-48.733683701516114,-26.88502484210273],[-48.733692295310334,-26.88503245774445],[-48.733691814659466,-26.885056994974498],[-48.73371909128648,-26.885061350243156],[-48.73375223552277,-26.885042549741758],[-48.73377477903968,-26.88501432355662],[-48.73378103153017,-26.884985951464696],[-48.73379138813539,-26.884985167369816],[-48.733803298536316,-26.88499573581018],[-48.73378467542161,-26.88502132025539],[-48.733812734309005,-26.885052288793172],[-48.73381189492224,-26.885078463637083],[-48.73382661312904,-26.8850833393288],[-48.733833736093,-26.88507010001464],[-48.73386786250542,-26.885084638361015],[-48.73390093495208,-26.88508355545473],[-48.73392278003278,-26.885103439595397],[-48.733913038673705,-26.885113083036007],[-48.7338595475064,-26.885101076700447],[-48.73384094099288,-26.88513414998244],[-48.73381320500439,-26.88513359752601],[-48.73378405136212,-26.885151734699075],[-48.73372590193459,-26.88514479845269],[-48.73372571867563,-26.885154485160257],[-48.733748117391144,-26.885178246129083],[-48.73373827775154,-26.885199217386642],[-48.73371459222253,-26.885215929778397],[-48.73365413935553,-26.88521477826753],[-48.733609257534546,-26.88526436981589],[-48.73357041127524,-26.88525753210598],[-48.73356025617149,-26.885242218737012],[-48.73356287753651,-26.88522958042585]]},"properties":{"objectid":2367,"cota":4,"tipocurvanivel":"Normal","sourceLayer":"curvas-0"}},{"type":"Feature","geometry":{"type":"MultiLineString","coordinates":[[[-48.733802606124236,-26.886],[-48.7337987860018,-26.885960582524554],[-48.733830340585115,-26.885906066261143],[-48.733832617267495,-26.88586384990113],[-48.73382188003325,-26.885804377355004],[-48.73376736526672,-26.885661699972587],[-48.73377258745482,-26.885575677032868],[-48.73375839638841,-26.885552453878788],[-48.73376544585601,-26.885523433983828],[-48.73375817506208,-26.885485481024467],[-48.733764623074066,-26.885478125714208],[-48.73381102260625,-26.885471147080736],[-48.73386056612066,-26.885478444263484],[-48.733931579318075,-26.885470781212625],[-48.733938952363715,-26.885462410134288],[-48.73393297141884,-26.88543456009411],[-48.73394080991534,-26.885417389435208],[-48.733933387570914,-26.885396862242455],[-48.733922471335,-26.88541368480366],[-48.733865952815094,-26.88540202606502],[-48.73385098443583,-26.885428746690327],[-48.73379775782596,-26.885438575834435],[-48.733787097661036,-26.885420881823876],[-48.73377017480807,-26.885417344283308],[-48.733748072557695,-26.8854364158311],[-48.73373861490619,-26.885469813690516],[-48.733727831234276,-26.885479790541595],[-48.73371314730999,-26.885482473439485],[-48.73368212103918,-26.88546211343635],[-48.7336797493298,-26.885486800808664],[-48.73368856814773,-26.88549806958659],[-48.73366700256163,-26.885514051608],[-48.73360037624326,-26.88550512923608],[-48.73357390946756,-26.885479455634265],[-48.73353750989232,-26.885498831047087],[-48.73351791661903,-26.885496673789152],[-48.73348775988805,-26.88551065343448],[-48.73347403130365,-26.885557392289204],[-48.73340258130155,-26.885573170179228],[-48.733397693984415,-26.885584268629863],[-48.73340435411641,-26.885648976776103],[-48.73341791638147,-26.885700017936287],[-48.7333764965005,-26.885732510212655],[-48.73337633361687,-26.885765274792785],[-48.73336770331869,-26.8857761750916],[-48.73337930175668,-26.885790928654725],[-48.7334215244442,-26.885811898894403],[-48.7334209036985,-26.88583044247918],[-48.73338576869949,-26.885823113777814],[-48.733372321539065,-26.885834119964684],[-48.73335062075719,-26.885826769527377],[-48.73329210592073,-26.885754682696614],[-48.7332567489787,-26.88568421022612],[-48.73322272812055,-26.885661102819167],[-48.733205000751894,-26.885658642460847],[-48.733183964504676,-26.885668521483307],[-48.73311253440248,-26.885733004966003],[-48.7330933602571,-26.885780782625037],[-48.73308943631227,-26.88584631358063],[-48.73311640221795,-26.885894775018716],[-48.73320578834784,-26.885919160099473],[-48.733241507398226,-26.88590529868083],[-48.733276105959035,-26.885900175776634],[-48.733301973979664,-26.885905730447572],[-48.73331610408288,-26.885899334134006],[-48.73337105629741,-26.885941772318862],[-48.73332533879691,-26.8859785030092],[-48.7333233806456,-26.886]],[[-48.73340038058407,-26.886],[-48.733403523367905,-26.88599467634137],[-48.7333996842136,-26.885980338807467],[-48.73341266041735,-26.88595249068745],[-48.733403491708074,-26.88591801148295],[-48.733376977060196,-26.88589589364496],[-48.73338643944101,-26.88587446784579],[-48.73343855353454,-26.885851309819916],[-48.733486863052576,-26.885866333998806],[-48.73351608552246,-26.88585101275764],[-48.73360714570845,-26.885844371918484],[-48.73366989843851,-26.885859650385388],[-48.733694620284126,-26.88581744497532],[-48.733704126820925,-26.88581306631183],[-48.733737849645735,-26.885830792005812],[-48.73375466076751,-26.88586423688748],[-48.733746814625974,-26.885887183114683],[-48.733752377607004,-26.88591222252873],[-48.73372572788592,-26.88592183015728],[-48.73372127481695,-26.885930636135534],[-48.73373944728805,-26.886]]]},"properties":{"objectid":2368,"cota":4,"tipocurvanivel":"Normal","sourceLayer":"curvas-0"}},{"type":"Feature","geometry":{"type":"LineString","coordinates":[[-48.73386267440337,-26.885161092238217],[-48.733891994937,-26.885180081075664],[-48.73394898623841,-26.885166429036648],[-48.73402008777269,-26.885164970818323],[-48.73402240674784,-26.885219683207087],[-48.734007103695085,-26.88526075742924],[-48.734076482943145,-26.885253315353676],[-48.734069478704754,-26.88523059649724],[-48.73407918657957,-26.885205129780807],[-48.73403333833784,-26.885166684205547],[-48.734069678506636,-26.885152344298195],[-48.73410381611185,-26.885189525343186],[-48.734120629297315,-26.88517318814095],[-48.7341064409432,-26.884970827918956],[-48.73409189600788,-26.884913893359954],[-48.73403206630448,-26.884907998790997],[-48.73397283312138,-26.884927941102003],[-48.73393453838344,-26.884931849744515],[-48.73392611639179,-26.88495329769985],[-48.733949069708856,-26.884970499475592],[-48.733931668844406,-26.88498295028561],[-48.73394583168562,-26.885019539216554],[-48.733991333133005,-26.88501564513114],[-48.73400643520767,-26.8850248370841],[-48.73401043413477,-26.88503697066848],[-48.73396575147232,-26.885067364022134],[-48.733952496613355,-26.885093907299566],[-48.73395312944983,-26.88511615843425],[-48.733902320708786,-26.885143573737924],[-48.73385702294283,-26.88514749632904],[-48.73386267440337,-26.885161092238217]]},"properties":{"objectid":2369,"cota":4,"tipocurvanivel":"Normal","sourceLayer":"curvas-0"}},{"type":"Feature","geometry":{"type":"LineString","coordinates":[[-48.73421217402835,-26.884894125402507],[-48.73425335516584,-26.88487816108019],[-48.7342705139294,-26.884858068873847],[-48.734345080912924,-26.88484921902682],[-48.73437273256354,-26.88485364245366],[-48.73440345198077,-26.884913493292153],[-48.73439955742762,-26.884958625723417],[-48.73431832665123,-26.884986805748426],[-48.7343125778677,-26.884995638793203],[-48.734321829539475,-26.885000195705942],[-48.73438619674234,-26.884986443419898],[-48.73441195919459,-26.884989816759962],[-48.7344339208074,-26.885024394649648],[-48.734442365538676,-26.885063697537806],[-48.73443820743153,-26.885081483183072],[-48.73438267162163,-26.88511071618291],[-48.73427748598671,-26.88508083513074],[-48.734262058742395,-26.885084912187292],[-48.7342398042762,-26.885107483802415],[-48.73422777263016,-26.88510783134195],[-48.734217467775586,-26.88507202539217],[-48.73422358813951,-26.884996047600687],[-48.7342080651058,-26.88490581304368],[-48.73421217402835,-26.884894125402507]]},"properties":{"objectid":2370,"cota":4,"tipocurvanivel":"Normal","sourceLayer":"curvas-0"}},{"type":"Feature","geometry":{"type":"MultiLineString","coordinates":[[[-48.73448469124048,-26.88552286027932],[-48.734471825805386,-26.885521968026776],[-48.73447026829215,-26.8855334980648],[-48.7345062958904,-26.88565307092311],[-48.73449875500504,-26.885681710266248],[-48.734531192614114,-26.885687637227324],[-48.73461223397604,-26.88568163729241],[-48.734686273956974,-26.885731013307826],[-48.73470157467086,-26.885915553437798],[-48.734696577007206,-26.885945960884303],[-48.734684053579436,-26.88596288316697],[-48.7346563912302,-26.885972955739355],[-48.7345360935606,-26.886]],[[-48.73428539513855,-26.886],[-48.73427764207156,-26.88590915156155],[-48.73426841303936,-26.8858778336324],[-48.73427419754374,-26.88577077354829],[-48.734257975764955,-26.885722967497646],[-48.734250841611924,-26.88555559129078],[-48.73425521755989,-26.885505756685724],[-48.73424696523539,-26.885443799863243],[-48.73433662285211,-26.885374676277017],[-48.73434746762544,-26.88535648892587],[-48.7343374821461,-26.885348809481613],[-48.73428678235348,-26.88534740950413],[-48.734241895137316,-26.88530558347444],[-48.73423271033859,-26.885262467567546],[-48.73423734748048,-26.885216842588036],[-48.73430658928731,-26.8852339918736],[-48.73433445247631,-26.885225951301102],[-48.7343879171124,-26.8852348543981],[-48.73441285907719,-26.885225582023622],[-48.73445433724444,-26.885232921073644],[-48.73448383942034,-26.88522328956581],[-48.73448964431002,-26.885242062587363],[-48.734481960922544,-26.8852851605729],[-48.73449147879252,-26.88532656895286],[-48.73449910305026,-26.88532542872619],[-48.73451069629238,-26.885302412603114],[-48.734537436123134,-26.885301292940916],[-48.7345759024708,-26.885308260564024],[-48.734623680397426,-26.88533247363723],[-48.73461756551534,-26.88541792460517],[-48.73463161046757,-26.885443233615945],[-48.734668298781386,-26.885479397774777],[-48.73467075494901,-26.885498795720256],[-48.734649298867694,-26.885506621468213],[-48.73462203168995,-26.885489828899946],[-48.734600702033596,-26.885489148329604],[-48.73448469124048,-26.88552286027932]]]},"properties":{"objectid":2371,"cota":4,"tipocurvanivel":"Normal","sourceLayer":"curvas-0"}},{"type":"Feature","geometry":{"type":"LineString","coordinates":[[-48.73483590093143,-26.885234383153552],[-48.73483572050729,-26.8852120968561],[-48.73485396800847,-26.88520225497002],[-48.73495503172796,-26.885168960856458],[-48.73500742775243,-26.885172052823073],[-48.73503044902451,-26.885159116250286],[-48.73503796763321,-26.885135066395176],[-48.73506009453102,-26.885120245587455],[-48.735133872912186,-26.88513186749593],[-48.73515967022526,-26.885165386851295],[-48.735174490357124,-26.88523645637082],[-48.73516772864291,-26.88526817389381],[-48.73517165611314,-26.88534833422742],[-48.7350384822438,-26.885359836344712],[-48.734994649989666,-26.88533180884267],[-48.734975387824626,-26.885304373032195],[-48.734943416948276,-26.88529720105613],[-48.73491198765281,-26.885261919987467],[-48.734859840605054,-26.885242005714947],[-48.734834954384176,-26.88525221851915],[-48.73483590093143,-26.885234383153552]]},"properties":{"objectid":2372,"cota":4,"tipocurvanivel":"Normal","sourceLayer":"curvas-0"}},{"type":"Feature","geometry":{"type":"LineString","coordinates":[[-48.73580225936621,-26.8849150788204],[-48.73582036811688,-26.884892100251374],[-48.73594403674678,-26.88487999375648],[-48.73596941422191,-26.88494402004536],[-48.73599990556709,-26.884979817400403],[-48.7360426154833,-26.88499746191042],[-48.73612329122883,-26.885069191779163],[-48.7361780025485,-26.885082001058162],[-48.73619938018999,-26.885117528646898],[-48.73621335283678,-26.885165715393196],[-48.73619202278826,-26.885175607318796],[-48.73605718100947,-26.885185924022537],[-48.73597873932021,-26.885207738687317],[-48.735937835884734,-26.88520740692999],[-48.73592008085754,-26.885225716467026],[-48.735854775304524,-26.88522449622416],[-48.73584051270614,-26.88519908636872],[-48.735837683370406,-26.885131918228158],[-48.7358055398777,-26.88505794307647],[-48.73578998763213,-26.88499146980086],[-48.73580225936621,-26.8849150788204]]},"properties":{"objectid":2373,"cota":4,"tipocurvanivel":"Normal","sourceLayer":"curvas-0"}},{"type":"Feature","geometry":{"type":"LineString","coordinates":[[-48.73626035038154,-26.885568646855717],[-48.73626010458323,-26.885623130433295],[-48.73624618546242,-26.88563763177076],[-48.73586336241025,-26.8857143419307],[-48.73585570519997,-26.885688767237998],[-48.73586152760716,-26.88560713789533],[-48.73584616281157,-26.885540546701552],[-48.73582466442054,-26.885324120076667],[-48.735873836103394,-26.885310801234336],[-48.7358868835683,-26.885297617079868],[-48.73591562592463,-26.885288989250224],[-48.73597464777124,-26.88529382594211],[-48.735979630306865,-26.885284753121997],[-48.73596959480911,-26.885239396401293],[-48.73601282422811,-26.885242447533532],[-48.73605305128637,-26.88528952731882],[-48.73606632634472,-26.885341958870903],[-48.73610334498917,-26.885398225640955],[-48.7361253916701,-26.88540433581647],[-48.73621945709907,-26.885389240315337],[-48.73623867252499,-26.88539949969969],[-48.73626035038154,-26.885568646855717]]},"properties":{"objectid":2374,"cota":4,"tipocurvanivel":"Normal","sourceLayer":"curvas-0"}},{"type":"Feature","geometry":{"type":"LineString","coordinates":[[-48.733640012008415,-26.88429969423992],[-48.7336669153221,-26.88427897424879],[-48.73372628289885,-26.884277850375522],[-48.73381368396143,-26.884243499431115],[-48.7339432295123,-26.884263011693527],[-48.734007185426336,-26.88425905812741],[-48.734020429023,-26.88427246359566],[-48.73401253686736,-26.8843104855108],[-48.734031273548275,-26.884352333321477],[-48.733971759017116,-26.884376555082575],[-48.73394696202219,-26.884358850846443],[-48.73391029879501,-26.884371690184494],[-48.73382117748566,-26.884363588312148],[-48.73377262694696,-26.884382254430886],[-48.73371553455711,-26.88438419816107],[-48.73365058172238,-26.88436765259387],[-48.733630708629896,-26.8843178024917],[-48.733640012008415,-26.88429969423992]]},"properties":{"objectid":2381,"cota":4,"tipocurvanivel":"Normal","sourceLayer":"curvas-0"}},{"type":"Feature","geometry":{"type":"LineString","coordinates":[[-48.733656698179985,-26.884537015024197],[-48.73366268410339,-26.884521495018344],[-48.73364579376004,-26.88449278584069],[-48.73366222632264,-26.884476052721883],[-48.733734537461935,-26.88449515299023],[-48.73379744017166,-26.88449697999019],[-48.7338423245748,-26.88452001158896],[-48.73384020519531,-26.884486619268237],[-48.733860530486965,-26.884458138171123],[-48.733944033697696,-26.88445677698917],[-48.733980594354406,-26.884448625149567],[-48.734002449527544,-26.884454128829343],[-48.734040433223285,-26.88451305846826],[-48.734036816618676,-26.884574618205885],[-48.73405479535859,-26.884597610610765],[-48.73405926247327,-26.88464080244599],[-48.734077367889995,-26.88469083621248],[-48.73408558953797,-26.88476138571986],[-48.734067992023874,-26.88480366672313],[-48.73404063131929,-26.884815934282628],[-48.73388615007312,-26.88481715202698],[-48.733833450069284,-26.88477055107452],[-48.73384910805194,-26.884711135672728],[-48.73384474901435,-26.884691479766296],[-48.73382748011028,-26.884671801708276],[-48.733830594295654,-26.884639710777627],[-48.73386616075109,-26.88462278018865],[-48.733881897003975,-26.88459676044771],[-48.73385014840096,-26.884546036660566],[-48.733780672375964,-26.88458048844435],[-48.7337217301442,-26.88458121937149],[-48.7336676568908,-26.88457358234117],[-48.733656698179985,-26.884537015024197]]},"properties":{"objectid":2382,"cota":4,"tipocurvanivel":"Normal","sourceLayer":"curvas-0"}},{"type":"Feature","geometry":{"type":"LineString","coordinates":[[-48.73410282398486,-26.883825986882968],[-48.734108822996916,-26.88376733606552],[-48.73413386717463,-26.883714944294283],[-48.7341655852664,-26.88369365167551],[-48.734210459510635,-26.883693070267864],[-48.734230706895275,-26.883659200201528],[-48.73426437947272,-26.88365954367147],[-48.73427954339598,-26.883671731827448],[-48.73423260389631,-26.883707577820562],[-48.734254192787,-26.88373635870044],[-48.734264949169734,-26.883738684519187],[-48.73430346469439,-26.88371682858967],[-48.7343243264979,-26.883740589173737],[-48.734352695977755,-26.883738579681555],[-48.73435949948951,-26.88374613678031],[-48.73435915566295,-26.883772500981035],[-48.73434393880912,-26.883787631984298],[-48.73431139220552,-26.88378669112116],[-48.734303250932456,-26.88379770943564],[-48.734255736402716,-26.883793974489507],[-48.73421545476863,-26.883803867112],[-48.73420562018276,-26.883795138725308],[-48.73420479170324,-26.883773005376426],[-48.73421811491623,-26.883759367351917],[-48.73424546537897,-26.883760209533236],[-48.734250738810665,-26.883751389617657],[-48.73423728080712,-26.88373496111991],[-48.7342066213141,-26.88372841738837],[-48.73419628206343,-26.883747353763635],[-48.734176512056436,-26.883756842654968],[-48.73417434373133,-26.883785720698192],[-48.73415195974442,-26.88380067352193],[-48.73414772035095,-26.88384613973967],[-48.734181020465066,-26.883855267161138],[-48.73418283984137,-26.883893007207323],[-48.734218801957574,-26.88390162863602],[-48.73423620512395,-26.883944487435762],[-48.73425413744359,-26.88396279262427],[-48.73424330000232,-26.88398167859401],[-48.73422539032078,-26.883955277849868],[-48.734201242391485,-26.883988726157185],[-48.73418089588134,-26.883978734444526],[-48.73415093493228,-26.883908881201723],[-48.734100976037624,-26.883867859990588],[-48.73410282398486,-26.883825986882968]]},"properties":{"objectid":2383,"cota":4,"tipocurvanivel":"Normal","sourceLayer":"curvas-0"}},{"type":"Feature","geometry":{"type":"LineString","coordinates":[[-48.73422256252226,-26.884552232145758],[-48.73426709946413,-26.884545269485262],[-48.73431505035668,-26.88455050410172],[-48.734308961364846,-26.884504257613838],[-48.734313621285615,-26.88446550698439],[-48.734361651971085,-26.88444943862533],[-48.73436900983076,-26.884420485902663],[-48.734362241898175,-26.884415128654954],[-48.73431179482236,-26.8844207556591],[-48.734279200502186,-26.884398388848],[-48.734252024867445,-26.8844397220605],[-48.73420219711329,-26.884443614516467],[-48.734169011727616,-26.884435689197293],[-48.73417133280382,-26.884397643770345],[-48.734152192652395,-26.884352206759306],[-48.734159988673625,-26.884257464946153],[-48.734171368001526,-26.88424345190749],[-48.734202239696224,-26.884233667342524],[-48.73426369075032,-26.8842377784141],[-48.73429838927184,-26.88418282511471],[-48.73428743099496,-26.884143805875997],[-48.7343062465198,-26.884136660675367],[-48.734261542666594,-26.884112501347296],[-48.73426576624882,-26.88405920066653],[-48.73428768276069,-26.884076053646368],[-48.73428209593303,-26.884108853062514],[-48.73430845913498,-26.884115801647102],[-48.7343335640974,-26.88411746512318],[-48.73436620259171,-26.88409917615803],[-48.73442828731893,-26.884086806771936],[-48.73443045858921,-26.884073366154542],[-48.73441755591291,-26.884058155868882],[-48.73436940824243,-26.88406314745958],[-48.73437039491092,-26.88402453824233],[-48.73437659482577,-26.884015336105303],[-48.73439477999332,-26.884028788324255],[-48.734401698309945,-26.883985040026165],[-48.73442771281252,-26.883982023507382],[-48.73440487215324,-26.88395171456875],[-48.73442641063024,-26.883957148122477],[-48.73443738305752,-26.88394062512309],[-48.73445098399334,-26.883940155633596],[-48.73447349088623,-26.883973675558604],[-48.73445961484091,-26.88400397668098],[-48.7344695549748,-26.884017808319207],[-48.73448709184192,-26.884022088410237],[-48.734487321119026,-26.884035768784283],[-48.734463697001296,-26.884058299526668],[-48.73443692069184,-26.88405833656068],[-48.734438919442375,-26.884099297636457],[-48.734427066323185,-26.884140189018627],[-48.734403813685,-26.88418147780693],[-48.73439098720737,-26.884184542538716],[-48.73435388350552,-26.884172501485452],[-48.73434246613695,-26.88417828354678],[-48.73433724122258,-26.884232844237093],[-48.73436219386298,-26.884309738368998],[-48.73439961760814,-26.884338226371337],[-48.73439609370867,-26.884364832853265],[-48.73438643187664,-26.884372210642848],[-48.7344023882359,-26.88438932807312],[-48.734415491581494,-26.884433172845842],[-48.73443467257709,-26.884410233322864],[-48.73449388361852,-26.884416959775702],[-48.73456003305701,-26.88444269670206],[-48.734569264458024,-26.88449331815257],[-48.73455663701658,-26.884555517607144],[-48.73457204223764,-26.884569894450053],[-48.734573523558566,-26.884588465453703],[-48.734558340823206,-26.884608086732513],[-48.73449482976185,-26.88461061728629],[-48.73445789310787,-26.88463645403848],[-48.73445265099368,-26.884643853999037],[-48.73446431482785,-26.88465931695176],[-48.734463850840456,-26.88470865390484],[-48.734440914504994,-26.88471642700368],[-48.73439335780327,-26.884755191591044],[-48.734363957296175,-26.88479161316889],[-48.73425795148284,-26.884804063913936],[-48.73422096516989,-26.884820883381433],[-48.73420014223382,-26.884804447718658],[-48.734200521890806,-26.88478824483004],[-48.734215204985354,-26.884763556419923],[-48.734199573658735,-26.884756376593675],[-48.73419697317279,-26.884744266352385],[-48.73420586901051,-26.88473376913907],[-48.73422566634438,-26.884731595082314],[-48.734229920285976,-26.884720658803605],[-48.73418982673107,-26.88468454008509],[-48.73417431275741,-26.88465876887555],[-48.73418444645722,-26.884579423437962],[-48.73422256252226,-26.884552232145758]]},"properties":{"objectid":2384,"cota":4,"tipocurvanivel":"Normal","sourceLayer":"curvas-0"}},{"type":"Feature","geometry":{"type":"LineString","coordinates":[[-48.73534283459391,-26.885529144426826],[-48.735379833099564,-26.88551212181262],[-48.73539096792324,-26.885467423105602],[-48.73538214843025,-26.885448559358004],[-48.735356682769726,-26.88542807680044],[-48.735370930615396,-26.885396440506423],[-48.73537119621204,-26.885357083307227],[-48.73530548477764,-26.885346539357396],[-48.73529487156655,-26.885259565670253],[-48.73530184334755,-26.88524779304633],[-48.73533208969442,-26.885230820091564],[-48.735335545487445,-26.885209840194555],[-48.73536541950818,-26.885181004813006],[-48.73538162115463,-26.885149601995526],[-48.735347307041465,-26.885116455992275],[-48.73531383502594,-26.88509780788113],[-48.73528420859029,-26.8850429256106],[-48.735284896459355,-26.885029377261464],[-48.73533666585738,-26.884988847034037],[-48.73530906672529,-26.884981382460857],[-48.735304043737955,-26.884959983228118],[-48.73531136326677,-26.88494076461132],[-48.735270545566,-26.88492044557339],[-48.7352558498907,-26.884897280344997],[-48.73521692034822,-26.88462141733895],[-48.735230229748474,-26.884597117399043],[-48.735291433441525,-26.884584022379034],[-48.73527863377617,-26.884576607414974],[-48.73532097396505,-26.88450352153657],[-48.73535182879948,-26.884517795889384],[-48.73538397363861,-26.884551712992852],[-48.735401190185534,-26.884551622665736],[-48.73540311735916,-26.88453240060026],[-48.73538935192088,-26.88450230681599],[-48.73540519920006,-26.88446691667609],[-48.73542563003916,-26.884453360920293],[-48.73546146209731,-26.884444596876225],[-48.73547672623607,-26.884460149066282],[-48.73546299445968,-26.884474393427418],[-48.73546794456908,-26.884484206676667],[-48.73555266491056,-26.88448126490808],[-48.735608045285275,-26.884500830067385],[-48.73562670459834,-26.884551283164317],[-48.73562657852775,-26.88456865881155],[-48.735616736671645,-26.88458108032869],[-48.73552804647252,-26.884582683310526],[-48.73550284538759,-26.884597996380613],[-48.73549738525952,-26.884618300697074],[-48.7355115625486,-26.884622797533964],[-48.73555541865606,-26.884611568473353],[-48.735621455918015,-26.884628717164507],[-48.735647674675505,-26.88472579495633],[-48.735644826727906,-26.88483737662673],[-48.735625816590726,-26.884850342423896],[-48.73559388412616,-26.88485336083093],[-48.735591151947524,-26.884819331482003],[-48.735566875506876,-26.884804474082024],[-48.735556501242506,-26.88480791124235],[-48.73555205385261,-26.88482164026966],[-48.73550458477464,-26.88481020129387],[-48.73549622064112,-26.884828561182967],[-48.735443767168505,-26.884852479853592],[-48.73545249752376,-26.884891961451427],[-48.73547236560586,-26.88493014702864],[-48.735474952927326,-26.88500822918344],[-48.73548949549052,-26.885081922176568],[-48.73550250944731,-26.88508823415102],[-48.73562347370264,-26.8850873499276],[-48.73564798230881,-26.885106466116838],[-48.7356759177927,-26.88515586496671],[-48.7356866193769,-26.885319731000763],[-48.73557826984196,-26.885332502516103],[-48.73556417901379,-26.88534758762666],[-48.73558556650646,-26.885386449126155],[-48.735575915098615,-26.885396886484266],[-48.73559119613653,-26.88543102860095],[-48.73563699788092,-26.885443222351345],[-48.7356719288492,-26.885435146832936],[-48.735691021156626,-26.885448953670167],[-48.73571316887572,-26.88552661213631],[-48.735726313288524,-26.885728776896087],[-48.73570655915285,-26.885743665630294],[-48.73560854014631,-26.8857713272319],[-48.73557605404851,-26.885770249528615],[-48.73554092756257,-26.885757136761438],[-48.73548655586699,-26.88577038382613],[-48.73546355255832,-26.885758898532007],[-48.735432750869954,-26.885798614384623],[-48.735386610387614,-26.88581051517884],[-48.73535858644686,-26.885807839437806],[-48.73533574594768,-26.8857080560725],[-48.73532707240594,-26.885582916203237],[-48.73533029861625,-26.885550033763252],[-48.73534283459391,-26.885529144426826]]},"properties":{"objectid":2386,"cota":4,"tipocurvanivel":"Normal","sourceLayer":"curvas-0"}},{"type":"Feature","geometry":{"type":"LineString","coordinates":[[-48.72634621777864,-26.879133742304155],[-48.72647731394989,-26.87883820399491],[-48.72655230259725,-26.87863529439615],[-48.72659298369349,-26.878554090450503],[-48.72665719040228,-26.87838730385812],[-48.7266589329882,-26.87837048041646],[-48.726651359667365,-26.878362610073935],[-48.726636289969996,-26.878373043541234],[-48.726500581177476,-26.87867826061442],[-48.72647017569748,-26.878709951747418],[-48.72646657471376,-26.878750135021942],[-48.72644905076447,-26.8788056506574],[-48.72628974342181,-26.879197399142083],[-48.72628915122202,-26.87921783285104],[-48.72630467364746,-26.879211988464444],[-48.72634621777864,-26.879133742304155]]},"properties":{"objectid":2435,"cota":4,"tipocurvanivel":"Normal","sourceLayer":"curvas-0"}},{"type":"Feature","geometry":{"type":"LineString","coordinates":[[-48.73025598949127,-26.868724038092953],[-48.73025995017593,-26.868800514345168],[-48.73030641732,-26.86860441204886],[-48.7303273521761,-26.868582578661066],[-48.73035292187099,-26.868620550481808],[-48.73035493732156,-26.868583878228872],[-48.730370249837634,-26.868562915629138],[-48.73038108472272,-26.868504655751693],[-48.730385743415184,-26.86838571939717],[-48.730362646515985,-26.868236334170394],[-48.73034607760634,-26.86820331792942],[-48.73032366586119,-26.8681901746324],[-48.730298425729515,-26.8682080546975],[-48.730286764784644,-26.86823517474078],[-48.73028218049967,-26.86839904910458],[-48.73025598949127,-26.868724038092953]]},"properties":{"objectid":2531,"cota":4,"tipocurvanivel":"Normal","sourceLayer":"curvas-0"}},{"type":"Feature","geometry":{"type":"LineString","coordinates":[[-48.73471087550598,-26.88453900763948],[-48.73467474318126,-26.88440924894618],[-48.734681210051264,-26.88432607327969],[-48.73466570516727,-26.884283547297304],[-48.734674864315,-26.88422024264059],[-48.73466538052475,-26.884155078604934],[-48.73467909514613,-26.8841175308701],[-48.7346992534038,-26.884101243630575],[-48.73472006431389,-26.884096888279643],[-48.73476993030157,-26.884134107559408],[-48.734755898712415,-26.884157275023146],[-48.734765329237014,-26.88419862423238],[-48.7347777453433,-26.884213558655613],[-48.73479207811734,-26.884213132458765],[-48.734800729999705,-26.884187615349806],[-48.734823139076674,-26.884175188795833],[-48.734891079785484,-26.884211172787122],[-48.73489675407379,-26.884231651144184],[-48.734879971533324,-26.88425100584944],[-48.734858675912726,-26.88425705638033],[-48.73484287902743,-26.884240720375114],[-48.73482287178757,-26.884253624047677],[-48.7348438425597,-26.88426481782712],[-48.734880762266705,-26.884261566419937],[-48.734914041201655,-26.88427378334077],[-48.73494429582032,-26.884242912790818],[-48.73492015055717,-26.88422259934701],[-48.73491635885371,-26.88420678348334],[-48.73496361173017,-26.884196097308017],[-48.73499423946561,-26.88421221451344],[-48.73500379828686,-26.88419269159904],[-48.735027334351756,-26.88417664077934],[-48.73502375412852,-26.884211679819142],[-48.73507557436659,-26.884227976245942],[-48.73508653227183,-26.884243715711747],[-48.73508364769529,-26.884297212983682],[-48.73509059851265,-26.884341995054108],[-48.73506869740712,-26.884361650335627],[-48.73494626835846,-26.884362294939542],[-48.73493968651571,-26.88435391387054],[-48.73496284823689,-26.884348459095804],[-48.73498129453675,-26.884310780553754],[-48.73497576100643,-26.884288744112997],[-48.73496303500708,-26.884283441145122],[-48.73492427179369,-26.884292230248768],[-48.73489192739386,-26.884289772119935],[-48.734866019819705,-26.884310785379128],[-48.73482648141697,-26.884297689232845],[-48.734797051275386,-26.88425614559347],[-48.734772814254946,-26.884257234166334],[-48.734796699259675,-26.88433171328932],[-48.73478825765417,-26.88436964432343],[-48.73484737843024,-26.884380694644307],[-48.73484407286619,-26.884404534108768],[-48.7348846053156,-26.884419109976125],[-48.7348900886886,-26.88448710220721],[-48.73490813949032,-26.88453419029892],[-48.73495614761644,-26.884557799589956],[-48.73499667673514,-26.88454751907002],[-48.735017781949495,-26.88456317762029],[-48.735047929058354,-26.884531291870783],[-48.73509830476099,-26.884520717105815],[-48.735105814748344,-26.88453256945398],[-48.735127094767456,-26.88466672487983],[-48.73511921814981,-26.884709686254048],[-48.73512647535889,-26.884740671998706],[-48.735124189600825,-26.88478695291845],[-48.735108320617336,-26.884814997593775],[-48.73506623785549,-26.884856847254735],[-48.735031097212875,-26.884839213753377],[-48.73500094883955,-26.884901180086484],[-48.73498872729436,-26.88488799053679],[-48.73500100169438,-26.884859375632903],[-48.73500224890248,-26.884825758449683],[-48.73499180624413,-26.88483595385471],[-48.73498652082508,-26.88487302494233],[-48.73495306022818,-26.88483478916007],[-48.73498501730456,-26.88491404265312],[-48.73505122286724,-26.884942031890212],[-48.735064239546915,-26.884977672815577],[-48.73506130264651,-26.885006089129234],[-48.73505009048324,-26.885015910312532],[-48.73498980720314,-26.88503633166266],[-48.734947295028,-26.88502331328624],[-48.73494757667543,-26.885046278049362],[-48.734918907662404,-26.885105518306784],[-48.734946325821205,-26.88515838343879],[-48.73483323308494,-26.88514446763833],[-48.73479902899031,-26.88509527041522],[-48.734756089524396,-26.885072493205776],[-48.73475881584896,-26.885014578608477],[-48.734874379752135,-26.884971605467797],[-48.73489393640663,-26.88495702863692],[-48.73490034394741,-26.884941959342246],[-48.73484417933677,-26.88488360375918],[-48.7348405474174,-26.88483641753145],[-48.73481818565448,-26.884832136799034],[-48.734766908606275,-26.884839857877026],[-48.7347561345086,-26.88483306646304],[-48.73473779336538,-26.88479922263016],[-48.734738290279296,-26.884765130458938],[-48.73476389639489,-26.884736532680456],[-48.73490122025136,-26.88472738958365],[-48.73491577911947,-26.8847137144597],[-48.73490893435654,-26.88469671704895],[-48.73489741821893,-26.884690294580402],[-48.734819853325,-26.884689857314015],[-48.73479757275004,-26.884723535114844],[-48.734766953353514,-26.88472778097759],[-48.73473828868961,-26.88472151932473],[-48.73474539334141,-26.884648952311558],[-48.73476063054802,-26.88464622492936],[-48.734724477164505,-26.884629317832335],[-48.73471153030557,-26.884585542374413],[-48.73471087550598,-26.88453900763948]]},"properties":{"objectid":2385,"cota":4,"tipocurvanivel":"Normal","sourceLayer":"curvas-0"}},{"type":"Feature","geometry":{"type":"LineString","coordinates":[[-48.73572806842961,-26.884238111350477],[-48.735757330869895,-26.884230138036056],[-48.73581979119193,-26.884242590661177],[-48.73580055512716,-26.884308889752244],[-48.7357826679764,-26.884314298374374],[-48.7357775399797,-26.884331677759324],[-48.73582369452268,-26.884343217392612],[-48.73588244393655,-26.884317828324413],[-48.7359057630922,-26.8842999319659],[-48.735872437158775,-26.884274518825396],[-48.73587820368717,-26.884235662222228],[-48.73583076823863,-26.884214672322308],[-48.735855176035884,-26.884175135409848],[-48.73588095291962,-26.88417177188086],[-48.73589496815881,-26.88414158925058],[-48.73590509507735,-26.88401264730327],[-48.73600947417633,-26.884001281925247],[-48.736084648480116,-26.88401049988664],[-48.73611377027899,-26.884057839315318],[-48.736116435663966,-26.884086442936095],[-48.73609381150322,-26.88416348022596],[-48.7361004826219,-26.88421362919383],[-48.73605007694965,-26.88422460724501],[-48.736008711173326,-26.884218608818397],[-48.73601779415105,-26.88424207746898],[-48.7359931494779,-26.88426083700431],[-48.736019232908276,-26.884279403507293],[-48.73602262855716,-26.88429161942396],[-48.73594453380446,-26.88434618974998],[-48.73591677427949,-26.88441209411543],[-48.73589677387887,-26.884431624780106],[-48.73585948794505,-26.88444077444047],[-48.73581104195131,-26.88443926947612],[-48.73574782139768,-26.884414717174312],[-48.73572230407567,-26.884250458369845],[-48.73572806842961,-26.884238111350477]]},"properties":{"objectid":2387,"cota":4,"tipocurvanivel":"Normal","sourceLayer":"curvas-0"}},{"type":"Feature","geometry":{"type":"LineString","coordinates":[[-48.72309180239309,-26.883475776464376],[-48.72308861101575,-26.883505596115068],[-48.7231038295277,-26.883538890094663],[-48.72312825757632,-26.883564456863194],[-48.72311979411709,-26.883591342484475],[-48.723087945603815,-26.883605040813592],[-48.722949492085384,-26.883619782789108],[-48.72289216393015,-26.883655038606495],[-48.72288327931648,-26.88367521943524],[-48.722908469240885,-26.883700181248695],[-48.72293800315874,-26.883847491477372],[-48.722978910558034,-26.883878456203757],[-48.72305404162061,-26.88390471140382],[-48.72306290695981,-26.883921881762745],[-48.723019171443745,-26.88395004782507],[-48.7229903420947,-26.884008413741448],[-48.722945499121785,-26.88403157859348],[-48.72293356728478,-26.884025800950717],[-48.72290945670529,-26.883959756257642],[-48.72272309180876,-26.883987294726182],[-48.722696425185156,-26.883943326934354],[-48.72271680921945,-26.883836064628763],[-48.72270082541534,-26.88377429048578],[-48.7226963271883,-26.883628681640786],[-48.722703096770104,-26.883576462232377],[-48.722731103862905,-26.88356321644772],[-48.72276175586685,-26.883496415891813],[-48.72274904952055,-26.883479127631347],[-48.722698274430414,-26.883450578423762],[-48.72268989950091,-26.883435455490094],[-48.722671400720095,-26.883324952707607],[-48.72269416640703,-26.88327948796818],[-48.72272427075829,-26.883265941189478],[-48.72277630545058,-26.883276489668415],[-48.722873488440364,-26.883262284495014],[-48.72294592308738,-26.883279296682076],[-48.72296553752904,-26.88324492905315],[-48.72297697383027,-26.88324690750741],[-48.72298733352602,-26.88322648783841],[-48.72301585048016,-26.88326078858057],[-48.72301613737772,-26.883287387510947],[-48.723084694406865,-26.883300082961725],[-48.723100899944406,-26.88332199400501],[-48.723106580502154,-26.88335158758574],[-48.723082694210596,-26.883355070397286],[-48.723105798648334,-26.88337853658377],[-48.72309734521116,-26.883381030039377],[-48.723103425389525,-26.883399426143274],[-48.72308970465187,-26.88343498799349],[-48.72309180239309,-26.883475776464376]]},"properties":{"objectid":2397,"cota":4,"tipocurvanivel":"Normal","sourceLayer":"curvas-0"}},{"type":"Feature","geometry":{"type":"LineString","coordinates":[[-48.723530885206465,-26.884421619537903],[-48.72347281265683,-26.88457271021287],[-48.723450415169886,-26.884662309019387],[-48.72398274756145,-26.883425459631415],[-48.72430727716206,-26.882646890033723],[-48.724309271908524,-26.882633225679886],[-48.7243007966727,-26.88262470715648],[-48.724285326341544,-26.88263023356764],[-48.72421093262744,-26.88281444604154],[-48.72400159705913,-26.883282265639263],[-48.723946955201605,-26.88336664407108],[-48.72392187537361,-26.88338704678749],[-48.723917077396266,-26.88340670334899],[-48.723882046583945,-26.88343095617715],[-48.72378559587125,-26.88365033603112],[-48.72372925971047,-26.883757166189188],[-48.723658189586125,-26.88396155196872],[-48.72366142947069,-26.883983679930143],[-48.723683567032246,-26.884008148411596],[-48.72368426948572,-26.884026876554287],[-48.723530885206465,-26.884421619537903]]},"properties":{"objectid":2398,"cota":4,"tipocurvanivel":"Normal","sourceLayer":"curvas-0"}},{"type":"Feature","geometry":{"type":"LineString","coordinates":[[-48.724895853329855,-26.88348886902157],[-48.724885982267764,-26.883515104890463],[-48.72489609691359,-26.883535887026188],[-48.72488335038331,-26.88357855803336],[-48.724891853386225,-26.88361458096839],[-48.724937838008394,-26.88364085207036],[-48.724976738242475,-26.883637299453206],[-48.72500757174612,-26.883659488346073],[-48.72504192221956,-26.88365668004237],[-48.72508166461293,-26.88363284123078],[-48.725098218302556,-26.88360810547068],[-48.72511207007686,-26.88360154215922],[-48.72511081361758,-26.883581218579305],[-48.72510325144966,-26.883575594527283],[-48.72509813365931,-26.883585050998033],[-48.72509468158926,-26.88356963297073],[-48.72511492776725,-26.883536607209177],[-48.725124247871264,-26.883479343402975],[-48.72515861815842,-26.88346614817653],[-48.72518922680454,-26.883443392251024],[-48.725130110418576,-26.88341271241402],[-48.725120802542456,-26.883394358247088],[-48.725178835451025,-26.883266857074215],[-48.725188671004965,-26.88320983258917],[-48.725211665921634,-26.883189550372467],[-48.7252237989517,-26.88311127858041],[-48.72523521550673,-26.883089123188817],[-48.725263111203546,-26.883091518173206],[-48.72534333605499,-26.883057212192398],[-48.725259984112306,-26.883046359693605],[-48.725218413709946,-26.883029734806442],[-48.72520212982073,-26.88290052941921],[-48.72519217846274,-26.882882748778773],[-48.72517033773298,-26.882867922581777],[-48.72507950975646,-26.882851024976585],[-48.72499708389076,-26.88287066662659],[-48.7249504870304,-26.882900742853458],[-48.72491670161621,-26.882957543058648],[-48.724903485199626,-26.88300468446623],[-48.724925919702905,-26.88303829846793],[-48.724925982825255,-26.88314873150256],[-48.72494331975386,-26.88319014178348],[-48.724925148907644,-26.88322371444793],[-48.724918857327445,-26.883343856559375],[-48.72489274367789,-26.883394923426092],[-48.724893620520426,-26.883421534583647],[-48.72490232039181,-26.883434418239254],[-48.724887568832294,-26.88345163490769],[-48.724895853329855,-26.88348886902157]]},"properties":{"objectid":2399,"cota":4,"tipocurvanivel":"Normal","sourceLayer":"curvas-0"}},{"type":"Feature","geometry":{"type":"LineString","coordinates":[[-48.733504164144925,-26.88298056927437],[-48.73351197509923,-26.882890593602323],[-48.73353115417363,-26.882867946558758],[-48.73354568063766,-26.88281932982971],[-48.73359722174714,-26.882824304606007],[-48.733623923310006,-26.882794512603805],[-48.73360944130899,-26.88277236952597],[-48.73361027125457,-26.88274570900559],[-48.733649390363595,-26.882741353393122],[-48.73365665176581,-26.88275455459835],[-48.733655926440136,-26.88279836433066],[-48.7336771691108,-26.882868181543884],[-48.73367238734002,-26.882889178923193],[-48.73366012649997,-26.882900821474],[-48.733622998804535,-26.882888545226564],[-48.73359828317975,-26.882889828080316],[-48.73355385883225,-26.882908880739507],[-48.73353652245896,-26.88306904444003],[-48.73352050175207,-26.88306217596511],[-48.73350871334972,-26.883044799548117],[-48.73350039077066,-26.88300812110859],[-48.733504164144925,-26.88298056927437]]},"properties":{"objectid":2400,"cota":4,"tipocurvanivel":"Normal","sourceLayer":"curvas-0"}},{"type":"Feature","geometry":{"type":"LineString","coordinates":[[-48.73464018003979,-26.883621257021186],[-48.734642513661875,-26.88359841452414],[-48.734654199896845,-26.883580159411515],[-48.73469090837617,-26.88359550785272],[-48.73469905656598,-26.883567944925602],[-48.73473832974098,-26.88356379996077],[-48.7347645709591,-26.88354991694626],[-48.73478056308065,-26.883560950557765],[-48.73479330192147,-26.883605968963813],[-48.73478408334134,-26.883632603250042],[-48.73465995988648,-26.88364411579823],[-48.73470167857105,-26.883672315234495],[-48.73469263606313,-26.88369738657889],[-48.73471904521295,-26.883729575668166],[-48.73471021496099,-26.883764540416756],[-48.73466213181248,-26.8838418296789],[-48.73464841325167,-26.883829024904905],[-48.73463884339322,-26.883799759124656],[-48.734648714948975,-26.883741201070592],[-48.73464846570089,-26.883650725109003],[-48.73464018003979,-26.883621257021186]]},"properties":{"objectid":2401,"cota":4,"tipocurvanivel":"Normal","sourceLayer":"curvas-0"}},{"type":"Feature","geometry":{"type":"LineString","coordinates":[[-48.731503279107194,-26.88142598900819],[-48.73150976985817,-26.88138570304722],[-48.73150073653684,-26.881302920286934],[-48.73150454989702,-26.88108000691409],[-48.73149806962406,-26.880998189269498],[-48.731504462074305,-26.88096383084699],[-48.73147997071521,-26.880783049642645],[-48.73148886804933,-26.88077287569548],[-48.731515658954635,-26.88077886961494],[-48.731525395163246,-26.880771337985937],[-48.7315167286817,-26.88075690392791],[-48.73148990982169,-26.880751604449205],[-48.73147729940657,-26.880738829828488],[-48.73148182044008,-26.88071089750139],[-48.73147307457944,-26.880675497266015],[-48.73148551561726,-26.88067075254152],[-48.7315121104263,-26.880687873271746],[-48.731513434850775,-26.88067487213739],[-48.73150217748367,-26.8806575392982],[-48.73155219951737,-26.88057077581504],[-48.731566063852384,-26.880558559064138],[-48.731609630553216,-26.880586950556662],[-48.73165028098365,-26.88069872704502],[-48.7316438601341,-26.880755926124497],[-48.731657475085406,-26.880860301473096],[-48.73167057404658,-26.88089865314507],[-48.73166246387734,-26.880910229524428],[-48.7316768952678,-26.88094913684744],[-48.73168610896338,-26.88103735617492],[-48.73167258267472,-26.88107220016965],[-48.7316703727238,-26.88111013992736],[-48.73167961954146,-26.881142532198375],[-48.73170013365603,-26.88116782893738],[-48.731693683835864,-26.88119009627724],[-48.73167548311104,-26.881201547602277],[-48.73166441436135,-26.881222838306183],[-48.73167400249558,-26.881238594814054],[-48.731658982243054,-26.881263938146514],[-48.73164126805033,-26.88140204220569],[-48.73165116066398,-26.88144477974863],[-48.731644610491976,-26.88151580684552],[-48.73165351274252,-26.881550738503115],[-48.73165342313801,-26.88160359738082],[-48.73166873228648,-26.881635998575383],[-48.731671532248086,-26.88167433464954],[-48.73168706517579,-26.88167668682937],[-48.73170397787116,-26.88171672957998],[-48.73168447394635,-26.88179539095919],[-48.731692385225905,-26.881843811917307],[-48.731657584046815,-26.881927112592358],[-48.731686138354576,-26.881936990094506],[-48.73170302357203,-26.881961832378995],[-48.731715134236296,-26.881999586093595],[-48.73170287744856,-26.88204075049902],[-48.731704901269424,-26.882067256477285],[-48.73169721794583,-26.882074840936816],[-48.73168543025214,-26.882064099233006],[-48.7316828579273,-26.882072916404518],[-48.73169277852779,-26.882092286261816],[-48.7317207302577,-26.882096106739915],[-48.73171424867053,-26.88210943025103],[-48.731716776937795,-26.882136125723793],[-48.731706264907984,-26.882140774195257],[-48.73169831732785,-26.882162294610495],[-48.73167694994283,-26.88216303258091],[-48.731679094221676,-26.88218915063367],[-48.73163356154183,-26.882202624870512],[-48.73163041606737,-26.882223257683766],[-48.73164426531024,-26.882229039227216],[-48.73164068340824,-26.88225403832107],[-48.731647145125486,-26.88227753550119],[-48.73163299207505,-26.88228897962322],[-48.7316196891621,-26.88228194522296],[-48.731605688017716,-26.882259029059934],[-48.73159502548885,-26.882206818729674],[-48.73159738993566,-26.88215076831727],[-48.73157887426774,-26.882126585698195],[-48.731595102792845,-26.882104897774376],[-48.73158150097289,-26.88207902075611],[-48.73158590638197,-26.88204745780877],[-48.73154718365081,-26.88203490092693],[-48.731573449277334,-26.882028814291193],[-48.731547749342134,-26.882011466977975],[-48.731547289657726,-26.881967317886314],[-48.731585536784266,-26.881909312409128],[-48.731565256427736,-26.881899667046753],[-48.73154701919584,-26.88187610798013],[-48.73154999862514,-26.88181854229803],[-48.731531000626674,-26.881768075188567],[-48.73151908255964,-26.881684456451403],[-48.73151936264256,-26.881636424250743],[-48.73153370717984,-26.881613071727156],[-48.73150287951294,-26.88156172875014],[-48.73151127344669,-26.88152531781008],[-48.731498792780215,-26.881495663976306],[-48.731503279107194,-26.88142598900819]]},"properties":{"objectid":2414,"cota":4,"tipocurvanivel":"Normal","sourceLayer":"curvas-0"}},{"type":"Feature","geometry":{"type":"LineString","coordinates":[[-48.735542303776626,-26.881928701941515],[-48.735568024419884,-26.881913748216608],[-48.73553230153505,-26.88189946267047],[-48.735524086523995,-26.88188188921084],[-48.73552471075453,-26.881735602238525],[-48.735516845355434,-26.88166526422963],[-48.73547833750898,-26.88149876927736],[-48.73547869485003,-26.881357994729743],[-48.73549134493776,-26.881331203315458],[-48.73552636669735,-26.881307153064466],[-48.73558877049656,-26.881308579520226],[-48.735616524011796,-26.881295941581712],[-48.73562680218599,-26.88130472751667],[-48.73563406110257,-26.881339261724925],[-48.73567212962557,-26.881359407483885],[-48.73570703632898,-26.881409778108388],[-48.735705433577934,-26.881424345112876],[-48.73568030277838,-26.881457169717358],[-48.735690292379125,-26.88147957267939],[-48.73571161667544,-26.881469076960347],[-48.7357342474412,-26.88147401882326],[-48.73580294163899,-26.881444784946563],[-48.73582116539589,-26.881426355657283],[-48.73584490210476,-26.881431755629556],[-48.735842054836695,-26.88145170568498],[-48.735856547631975,-26.881511688667313],[-48.735849134388175,-26.881525378294764],[-48.735765429055554,-26.881550563184792],[-48.735700118099274,-26.881539877030193],[-48.73567669846802,-26.881564255012037],[-48.73573470066598,-26.881603985039792],[-48.73581506023186,-26.88158387699209],[-48.73587623589429,-26.88158118920059],[-48.7358935781152,-26.881605869591308],[-48.735893247985906,-26.8816404517957],[-48.7358602499424,-26.88164855480395],[-48.73583878032127,-26.881633778568332],[-48.7358228966142,-26.88164406912762],[-48.73578586827767,-26.881616921686266],[-48.735763211121224,-26.881619258610165],[-48.73572724221298,-26.881641949977066],[-48.73569248396839,-26.88168993129036],[-48.73569609674517,-26.881744304371004],[-48.73570473079399,-26.88177685175698],[-48.73574322318281,-26.881828343856153],[-48.735776990060344,-26.881843365981133],[-48.73579256792836,-26.88184453080312],[-48.735797518122844,-26.88183096413691],[-48.73579683734659,-26.88179640814436],[-48.73577983079742,-26.88176508744376],[-48.73578806597767,-26.881754341269833],[-48.73584170933053,-26.881764958570603],[-48.73587626365631,-26.881787176837967],[-48.73587627151608,-26.881813790365893],[-48.73586252296849,-26.88184706910238],[-48.735835856836914,-26.881847258902717],[-48.73581492921808,-26.88187414958118],[-48.73588749941653,-26.881898822796618],[-48.735886810131774,-26.88193077309776],[-48.73589316205697,-26.88194220344169],[-48.73591305077915,-26.8819491507996],[-48.73591365452538,-26.881975002280566],[-48.73590270841446,-26.88199108453892],[-48.7358536598933,-26.88198946529388],[-48.735835175574266,-26.881968863734308],[-48.735795741600185,-26.881951926006938],[-48.73574825821636,-26.881983210060202],[-48.73564519951712,-26.881985986178364],[-48.73562494509577,-26.881982945062635],[-48.735621833611916,-26.881964809979326],[-48.735601389114784,-26.881963428135165],[-48.73559154273318,-26.881974069950978],[-48.73560743365957,-26.88199385746027],[-48.73555340127021,-26.882004312470528],[-48.735530575862946,-26.881992875192452],[-48.73551412734723,-26.881953406118996],[-48.73552105146938,-26.881922913081112],[-48.735542303776626,-26.881928701941515]]},"properties":{"objectid":2415,"cota":4,"tipocurvanivel":"Normal","sourceLayer":"curvas-0"}},{"type":"Feature","geometry":{"type":"LineString","coordinates":[[-48.736792227557416,-26.8810932970493],[-48.73681283993639,-26.88113023634834],[-48.73679268525238,-26.88113699315885],[-48.73679103789919,-26.881147189778385],[-48.7368256668741,-26.881207985375763],[-48.736823982982166,-26.8812941555327],[-48.73685525313525,-26.88133129267666],[-48.736856578507265,-26.881348920821427],[-48.73687245255627,-26.881353249764206],[-48.73691541006032,-26.881321742977406],[-48.73689844500524,-26.88130464034881],[-48.73684595412646,-26.881309574986687],[-48.73687646477516,-26.8812700300396],[-48.73687578152202,-26.88123689446017],[-48.73688857739716,-26.88120645661223],[-48.73687453941311,-26.881160289470525],[-48.73688017956473,-26.881127240772617],[-48.73686851124621,-26.881105486925197],[-48.73686926011739,-26.881070177715618],[-48.73684529676803,-26.88100625365099],[-48.73682430370653,-26.881001297599575],[-48.736805763246615,-26.881019823932988],[-48.73678817081849,-26.881074408627036],[-48.736792227557416,-26.8810932970493]]},"properties":{"objectid":2416,"cota":4,"tipocurvanivel":"Normal","sourceLayer":"curvas-0"}},{"type":"Feature","geometry":{"type":"LineString","coordinates":[[-48.737033240165545,-26.880778862669178],[-48.737073220990425,-26.880756727057772],[-48.73708455416773,-26.880760449869793],[-48.73709868343656,-26.880841941475268],[-48.73709585276232,-26.880924360719188],[-48.7371104194732,-26.880966522191102],[-48.73710858437303,-26.88100271104383],[-48.73715805055951,-26.881053912928362],[-48.73715163974711,-26.881061597509543],[-48.73711142772158,-26.88105941908305],[-48.73713837410697,-26.88116683602038],[-48.73712008239674,-26.881175252560595],[-48.73709436847169,-26.88120342406046],[-48.73708406486813,-26.881193231794185],[-48.73705980069995,-26.881116719098955],[-48.73705626619748,-26.881036867340868],[-48.73704342971436,-26.881020605184556],[-48.73705670827208,-26.88099614299015],[-48.73704089647933,-26.880967427105766],[-48.73704780524095,-26.88089616167682],[-48.737033240165545,-26.880778862669178]]},"properties":{"objectid":2417,"cota":4,"tipocurvanivel":"Normal","sourceLayer":"curvas-0"}},{"type":"Feature","geometry":{"type":"LineString","coordinates":[[-48.72497488374993,-26.879910517486536],[-48.724991783448054,-26.88003794778409],[-48.725006217482935,-26.880067709380832],[-48.72502942451837,-26.880076396553733],[-48.725100203656986,-26.880081873738497],[-48.72517094579349,-26.880052568914753],[-48.72517770149084,-26.88002674578045],[-48.72516408710687,-26.880010123555245],[-48.725182166916895,-26.879992620207354],[-48.72519795270695,-26.879952178402128],[-48.72520844918577,-26.879953433101758],[-48.72519393834594,-26.879925996806175],[-48.72513139122616,-26.87990138492122],[-48.72509286879505,-26.879921260950344],[-48.72506352739231,-26.87991797813448],[-48.725045280377884,-26.87988037058428],[-48.72500233247764,-26.87983068204643],[-48.72498832338974,-26.879797291318187],[-48.724982162355104,-26.879857735735687],[-48.72496721752724,-26.87988723981329],[-48.72497488374993,-26.879910517486536]]},"properties":{"objectid":2428,"cota":4,"tipocurvanivel":"Normal","sourceLayer":"curvas-0"}},{"type":"Feature","geometry":{"type":"LineString","coordinates":[[-48.72475949886564,-26.881492893880992],[-48.724700136562404,-26.881647448847406],[-48.72468769968943,-26.88170556668038],[-48.72490395792671,-26.88119037565505],[-48.725174361614634,-26.88058723157902],[-48.725574589823374,-26.879599894765978],[-48.7255895501011,-26.879545485906977],[-48.72532118279737,-26.88013061845116],[-48.725269460624006,-26.880201653089184],[-48.72524529091047,-26.880219976160525],[-48.72522096795101,-26.880276450597183],[-48.72520871811531,-26.880275156828926],[-48.725091923850854,-26.880524749208455],[-48.7250015367166,-26.880761915902678],[-48.72499372678013,-26.880824187387105],[-48.724962319320035,-26.880891127988228],[-48.724977629353475,-26.880902985531527],[-48.72495512888015,-26.880961658752856],[-48.72493127640489,-26.881064965279226],[-48.72475949886564,-26.881492893880992]]},"properties":{"objectid":2429,"cota":4,"tipocurvanivel":"Normal","sourceLayer":"curvas-0"}},{"type":"Feature","geometry":{"type":"LineString","coordinates":[[-48.73693868817907,-26.88038133033224],[-48.73694155186121,-26.88041625522506],[-48.73691691091478,-26.88043250530679],[-48.73658912348383,-26.88056887615757],[-48.736494922460125,-26.88060279695598],[-48.73646767999071,-26.880605611018417],[-48.73644513050982,-26.880548928297184],[-48.736460975403176,-26.880511185241122],[-48.7364435219974,-26.88048870151872],[-48.73645863709842,-26.88036340407076],[-48.73645449517529,-26.880313495977642],[-48.73643847557519,-26.880258255342135],[-48.736439521815235,-26.88015571525944],[-48.736449475783814,-26.880112797870797],[-48.736539852701675,-26.880049055523333],[-48.73660524010684,-26.880016527490916],[-48.736625392320356,-26.880022055786117],[-48.736662569611426,-26.88008373243339],[-48.73665509004429,-26.880102477510412],[-48.73665386809297,-26.880205865804413],[-48.73665990293263,-26.880247803057767],[-48.736674792216654,-26.880276644076257],[-48.736715687145114,-26.880259284563603],[-48.736700505088955,-26.880238418370077],[-48.73667641323866,-26.880239436538925],[-48.73668503539294,-26.88022037134953],[-48.73672072730071,-26.880230789972316],[-48.73669084381177,-26.88020180615494],[-48.73668807885191,-26.88015263848255],[-48.736698665368834,-26.880148627045145],[-48.7367285251001,-26.880089511858714],[-48.73674880468776,-26.880078699608863],[-48.736731336953355,-26.880061076317865],[-48.73672846783383,-26.880022488268157],[-48.73671566229488,-26.88001574117319],[-48.73682271879631,-26.87997037638419],[-48.73685653422696,-26.879971629343782],[-48.73688598294448,-26.87999460302444],[-48.73691039598899,-26.880077872107083],[-48.736926206649855,-26.880268112211855],[-48.73692345550312,-26.880310524159306],[-48.73693868817907,-26.88038133033224]]},"properties":{"objectid":2430,"cota":4,"tipocurvanivel":"Normal","sourceLayer":"curvas-0"}},{"type":"Feature","geometry":{"type":"LineString","coordinates":[[-48.73705328860272,-26.880374867483827],[-48.73703837514299,-26.88041057425852],[-48.737052168778945,-26.88044834643873],[-48.73704507446777,-26.880491347597335],[-48.73706746655897,-26.880521395344243],[-48.73709932604987,-26.88052854334273],[-48.73710399324167,-26.88053831229694],[-48.737109007503385,-26.880644766892956],[-48.73709737610363,-26.880667680700448],[-48.73708843987773,-26.88073726215884],[-48.73702375883535,-26.880683611785283],[-48.737007818070545,-26.88060904366887],[-48.73701268887275,-26.880518686624473],[-48.73699177828886,-26.880418274672216],[-48.73697453281267,-26.880246753783492],[-48.73700087313539,-26.880214307469906],[-48.73702093368917,-26.88017019105502],[-48.737038899847725,-26.88022644469656],[-48.73705328860272,-26.880374867483827]]},"properties":{"objectid":2431,"cota":4,"tipocurvanivel":"Normal","sourceLayer":"curvas-0"}},{"type":"Feature","geometry":{"type":"LineString","coordinates":[[-48.73657089267211,-26.87934465207579],[-48.736572228365254,-26.87929237075954],[-48.73651313122228,-26.879232582727763],[-48.73653141360349,-26.879163463324957],[-48.73652681557806,-26.879141744243167],[-48.73656401473878,-26.879094335122765],[-48.73658454807959,-26.87908961762748],[-48.736603362394,-26.879071473823153],[-48.73663908092314,-26.87905498345301],[-48.736688039291984,-26.879012832721592],[-48.73672307864692,-26.878928303428513],[-48.73674280081768,-26.87891277773478],[-48.73676343269953,-26.878912052449813],[-48.736777083127826,-26.878932302079864],[-48.73679549307164,-26.878991977749433],[-48.73680471313892,-26.879154018827457],[-48.73683258328821,-26.87933520110406],[-48.73682469132903,-26.879364344000024],[-48.73682420526556,-26.879467832543888],[-48.73679937680783,-26.879517392861864],[-48.73684955257026,-26.879597999179975],[-48.7368505551332,-26.879649758445577],[-48.73686802130333,-26.879702409612236],[-48.73686803574749,-26.87977552680647],[-48.736851221174476,-26.87980043049001],[-48.73684281401362,-26.87987063047339],[-48.736808876558854,-26.879896765989244],[-48.736749818520735,-26.87989509500718],[-48.73672651437575,-26.879876990140172],[-48.736705082165315,-26.879842518548603],[-48.73665390808183,-26.879829081298826],[-48.736645484376744,-26.879779656895547],[-48.73666652598955,-26.879756307317617],[-48.736666448225634,-26.879738543939446],[-48.736634780624435,-26.87969748735332],[-48.736601522787815,-26.879722294466255],[-48.73659384546487,-26.879717936215897],[-48.73657280796455,-26.87964588455766],[-48.736606138414274,-26.879619957764213],[-48.73661223142755,-26.879605441937386],[-48.736574728784625,-26.87953656659431],[-48.736585971079805,-26.879479342447112],[-48.73655939335011,-26.879398816389358],[-48.73657089267211,-26.87934465207579]]},"properties":{"objectid":2436,"cota":4,"tipocurvanivel":"Normal","sourceLayer":"curvas-0"}},{"type":"Feature","geometry":{"type":"LineString","coordinates":[[-48.72340491108271,-26.879122844256177],[-48.72340497597592,-26.879101531219323],[-48.723413100063446,-26.879093561763632],[-48.72339568313042,-26.87905223035835],[-48.72340087285357,-26.878988518856193],[-48.72338892172793,-26.878960581281977],[-48.7233984897834,-26.8788294550766],[-48.723376625438085,-26.87881309499744],[-48.72340949809869,-26.878786638846083],[-48.723422487571106,-26.878759957878323],[-48.723423117268524,-26.878692639780187],[-48.72340970306082,-26.878637832518955],[-48.723394834111545,-26.878626987263633],[-48.72343928586614,-26.878572513433433],[-48.723425946398834,-26.878445037521796],[-48.723395524966705,-26.878410305509917],[-48.723324846120995,-26.878378644526254],[-48.723292678890566,-26.878388689234004],[-48.723193602430335,-26.878461020115232],[-48.72310342999699,-26.878439926553078],[-48.72311693438462,-26.878346291165105],[-48.72314291051392,-26.878280418560276],[-48.72310845426838,-26.87823998655057],[-48.72307580092852,-26.878215845758756],[-48.72307224165175,-26.878151123274055],[-48.723051865318126,-26.878104719283364],[-48.72318058197231,-26.878035886764852],[-48.723179039509674,-26.878028241607133],[-48.723140081036505,-26.878018227238602],[-48.72322053230776,-26.87795283742786],[-48.723205815348614,-26.877939435256067],[-48.72320429971905,-26.877917698761074],[-48.723156660625826,-26.87789693346048],[-48.72316393844003,-26.87787610398597],[-48.723069835873574,-26.8778101674639],[-48.723049568523855,-26.877763399738104],[-48.723005391755656,-26.87774517555184],[-48.722995353994904,-26.877728077447554],[-48.72314746357744,-26.877716693927916],[-48.72324721010272,-26.87769705712192],[-48.72330923911061,-26.8777094287004],[-48.723283038997046,-26.87775982792761],[-48.723311897373556,-26.877830208647328],[-48.72333332498252,-26.87794903679394],[-48.723374893369844,-26.878095099744197],[-48.72334423740098,-26.878106869945928],[-48.72332676969735,-26.87818486608822],[-48.723329479041524,-26.878271264377684],[-48.72335888235929,-26.878309793749235],[-48.72339909014902,-26.878322805383934],[-48.7233867534601,-26.878309187101397],[-48.7233912680697,-26.878279909456484],[-48.723376950154325,-26.878263063662096],[-48.72338063460975,-26.87821505309865],[-48.72339106009601,-26.878207036805716],[-48.72337182903923,-26.878192105337046],[-48.72336248495397,-26.878138434882107],[-48.723400801635655,-26.878152958321884],[-48.723425222454985,-26.87818104543303],[-48.72345209428685,-26.87817149742573],[-48.72345858883097,-26.87815811406772],[-48.72344939075726,-26.87811101491003],[-48.723455957713554,-26.878061932662963],[-48.72346563018272,-26.878055183902422],[-48.723498668892326,-26.878082995670322],[-48.72351896287865,-26.878078433263216],[-48.72363529698071,-26.878091910038705],[-48.723628739311614,-26.878196874918984],[-48.723658441290034,-26.87822130915129],[-48.72365771294286,-26.878244747602192],[-48.723733350797076,-26.878288929524892],[-48.723752869620355,-26.87831074677338],[-48.72374676443642,-26.878345428849475],[-48.72369798384223,-26.878387636402913],[-48.723684654829405,-26.878414242441657],[-48.723646853731,-26.878453226480264],[-48.723642789930885,-26.878468147088977],[-48.7236643010985,-26.878664427591808],[-48.72373552901147,-26.87872007628979],[-48.72377910441266,-26.878718467339272],[-48.723785505033064,-26.878737089681895],[-48.72381042595828,-26.87912380165909],[-48.72377299571383,-26.87918303727946],[-48.723713349321685,-26.879232863277526],[-48.723707549253184,-26.879245336433755],[-48.7237182171334,-26.879289505542793],[-48.723764421555785,-26.879364468617116],[-48.723768437241034,-26.87940638539433],[-48.7235951527253,-26.879438695367618],[-48.72356034428024,-26.87945146266397],[-48.72351222954334,-26.879425874310755],[-48.72347126448331,-26.879420398584156],[-48.723435945864445,-26.879320693308706],[-48.72341573497519,-26.87929026991787],[-48.723416708163285,-26.87921545618973],[-48.72340491108271,-26.879122844256177]]},"properties":{"objectid":2446,"cota":4,"tipocurvanivel":"Normal","sourceLayer":"curvas-0"}},{"type":"Feature","geometry":{"type":"LineString","coordinates":[[-48.72521072854492,-26.88138064239038],[-48.72497506230896,-26.88196947085086],[-48.72491897632302,-26.882118875144872],[-48.72491898733819,-26.882136862976264],[-48.72502670417041,-26.88191536055882],[-48.72518949925491,-26.881529197699027],[-48.725217300046005,-26.881480087353406],[-48.72538940488793,-26.881060754719016],[-48.725445013860906,-26.880899780276838],[-48.725465389314806,-26.880881976351585],[-48.725475209001374,-26.880821701830993],[-48.72551797877363,-26.880746589179026],[-48.72554687220536,-26.880713908325053],[-48.72555419358695,-26.88065692090243],[-48.72569316251667,-26.88032721627103],[-48.72571460338122,-26.880283187069413],[-48.725731219193364,-26.880267628323267],[-48.72572643274569,-26.880255221057247],[-48.72574365213,-26.880223340362395],[-48.72574590881236,-26.88020145795577],[-48.72578649100465,-26.88018682296101],[-48.725791167879954,-26.880162936371313],[-48.725843541673335,-26.88008849262805],[-48.72591990880109,-26.879919980967934],[-48.72600519599342,-26.8797722365915],[-48.726106251840264,-26.879524302227797],[-48.726165131447345,-26.879439694975535],[-48.726150657638016,-26.879377774877582],[-48.72616391944241,-26.879383107981248],[-48.72616430894688,-26.879358121751768],[-48.72617629831627,-26.879351258490388],[-48.72618548781664,-26.879331081406093],[-48.72616334420594,-26.879337744201152],[-48.72615544690119,-26.87928708969345],[-48.72614407126668,-26.879272696557088],[-48.726159239053864,-26.879206950751907],[-48.72621462435987,-26.879047287148598],[-48.72630988510165,-26.87882596102417],[-48.72635823869281,-26.8786922316185],[-48.726383100840856,-26.87865914904414],[-48.72652376549628,-26.878311130050577],[-48.726695780765496,-26.877838827951116],[-48.726712318835894,-26.877768093690133],[-48.72650558901363,-26.878234135385213],[-48.72640565042213,-26.878372366234707],[-48.72636673384023,-26.87853761048788],[-48.72632370661435,-26.878592276996986],[-48.72631315098581,-26.878651195122952],[-48.72628098896898,-26.878709299778905],[-48.726220656115466,-26.87891066730354],[-48.726188480662714,-26.878970592862448],[-48.72616325662695,-26.878988165447186],[-48.7261236628146,-26.879053288811313],[-48.72604699793439,-26.87927015011491],[-48.72589798258624,-26.879594344663424],[-48.725849138484826,-26.879729552293707],[-48.72582721991366,-26.879839165823036],[-48.72579141089453,-26.87995543688545],[-48.72551712318614,-26.8806541815235],[-48.725490560598004,-26.880697512735654],[-48.725414975816946,-26.880704737951042],[-48.72540411675032,-26.88071625794051],[-48.72542554358027,-26.880760879073122],[-48.72542350670698,-26.88078550033969],[-48.72540710913278,-26.88082377364846],[-48.72536590370916,-26.880884236693586],[-48.725270053686444,-26.881085500000836],[-48.725249649411666,-26.881155036448654],[-48.72526188874083,-26.881242379678415],[-48.72521072854492,-26.88138064239038]]},"properties":{"objectid":2447,"cota":4,"tipocurvanivel":"Normal","sourceLayer":"curvas-0"}},{"type":"Feature","geometry":{"type":"LineString","coordinates":[[-48.7282852847025,-26.877037003816838],[-48.72827807649681,-26.877018825297867],[-48.7282835690897,-26.876966443219448],[-48.728295953164206,-26.87695975125471],[-48.728329183724234,-26.87697298499168],[-48.72833503321858,-26.87696087699854],[-48.72832726979701,-26.876927436294583],[-48.72830057966509,-26.876914747237283],[-48.728281101473215,-26.876881805799947],[-48.7282864447408,-26.876867586049787],[-48.728324362484756,-26.876836603683437],[-48.72831745579747,-26.876814469149764],[-48.7282903490871,-26.876784569030875],[-48.72828677688331,-26.876768148306393],[-48.728292929509884,-26.876762520288775],[-48.72833759470154,-26.876791927575724],[-48.728358902703185,-26.876794611211118],[-48.72836883935369,-26.876808298778798],[-48.7283685794375,-26.87682552332694],[-48.72835248643846,-26.876856247534683],[-48.728357508758116,-26.87691403565195],[-48.72836968184561,-26.876940841142762],[-48.728355147835494,-26.87697417324107],[-48.72843529250936,-26.87699277836314],[-48.728467117895974,-26.87704070322493],[-48.728448891178836,-26.87704220148645],[-48.72840486798945,-26.87702708226106],[-48.72838321678059,-26.877050918908356],[-48.728344678861134,-26.87701523434093],[-48.72832355665281,-26.877058008434407],[-48.728302409611125,-26.877077315643376],[-48.72829127141602,-26.877069060464596],[-48.7282852847025,-26.877037003816838]]},"properties":{"objectid":2459,"cota":4,"tipocurvanivel":"Normal","sourceLayer":"curvas-0"}},{"type":"Feature","geometry":{"type":"LineString","coordinates":[[-48.72823633478276,-26.87597443835818],[-48.72824031626998,-26.875927366370682],[-48.72829197930485,-26.87592083771707],[-48.728319928118886,-26.87594067367936],[-48.72834509322338,-26.875926248365758],[-48.72833960087441,-26.875942390656864],[-48.7283114230523,-26.875952626162768],[-48.728318898968716,-26.87597316619181],[-48.72837403570322,-26.876014707480206],[-48.728384197937956,-26.876045192420094],[-48.728436081698824,-26.876046198235674],[-48.72843215134766,-26.87605513609799],[-48.728445767833435,-26.87608147024851],[-48.72842182557067,-26.876097397071213],[-48.728423496602105,-26.876140500731324],[-48.728413410799995,-26.87618641147205],[-48.72843225020058,-26.876212443364633],[-48.728417770281816,-26.876235729338507],[-48.72843833431287,-26.876294787157445],[-48.72841958555586,-26.87630679692011],[-48.72840437008498,-26.87632957471399],[-48.72836938716618,-26.876334381734257],[-48.72840114598381,-26.876356638869996],[-48.72842429308293,-26.87635209634526],[-48.728452080685635,-26.876364802120392],[-48.728467895806695,-26.87640061038152],[-48.72849839992169,-26.876400665026043],[-48.72850779182446,-26.87642010508364],[-48.728487837373045,-26.876422003334714],[-48.72840261488953,-26.876399885475774],[-48.72836363390219,-26.87641047248439],[-48.72836180399203,-26.87640279206056],[-48.72837947366836,-26.876390193700832],[-48.72833663811032,-26.876375885015307],[-48.728318147555555,-26.876361596022935],[-48.7283170540115,-26.876342556534066],[-48.72833565802234,-26.876293853429416],[-48.7283301118708,-26.87628062903505],[-48.728308812788654,-26.876272622875792],[-48.72829775493898,-26.87624525684456],[-48.72836215787988,-26.876182993606296],[-48.72837256349844,-26.876147007776225],[-48.72836467904875,-26.87614075693695],[-48.728327680344805,-26.876142400923506],[-48.728288615106244,-26.876124545756568],[-48.728273476257456,-26.876097447098243],[-48.72827237806449,-26.87607949589237],[-48.72828247625553,-26.87605999113554],[-48.728307299291394,-26.87604324824476],[-48.72830714249658,-26.87602733638019],[-48.72828564121927,-26.875992204647094],[-48.728247487344,-26.876022227523663],[-48.72823254885826,-26.87602249987132],[-48.72823633478276,-26.87597443835818]]},"properties":{"objectid":2460,"cota":4,"tipocurvanivel":"Normal","sourceLayer":"curvas-0"}},{"type":"Feature","geometry":{"type":"LineString","coordinates":[[-48.72828964775234,-26.87654533464186],[-48.728296698185744,-26.876518160560067],[-48.72830669357702,-26.876517385463234],[-48.72835929983974,-26.876539389478886],[-48.72842629686868,-26.876594907361902],[-48.728452713568494,-26.876605112957733],[-48.72844498458351,-26.876616248572542],[-48.72852710592191,-26.876641223346216],[-48.72853422562675,-26.87665326014091],[-48.72851294482157,-26.87665515601664],[-48.72850848836567,-26.876665491441326],[-48.72852375430162,-26.876697463563442],[-48.72853448756976,-26.876748565190546],[-48.728530811058896,-26.876760710843964],[-48.72851046122809,-26.876769797092297],[-48.72848215919153,-26.87676957661021],[-48.72845717163585,-26.87673681643309],[-48.72842042826908,-26.876729456255966],[-48.72840249583676,-26.876743415803823],[-48.72839168930275,-26.876783343415518],[-48.72837536572055,-26.87675418977892],[-48.72834100571277,-26.876730709490563],[-48.72837454017619,-26.87669422114207],[-48.728446767438825,-26.876716616471963],[-48.72845190422195,-26.876694956278826],[-48.72844160384923,-26.876631266975412],[-48.72843452410286,-26.876625083226383],[-48.728403511065004,-26.876636082648908],[-48.728378137913715,-26.87666286641886],[-48.72835729139121,-26.876660004303588],[-48.728335139053065,-26.876613541735043],[-48.728338044531974,-26.876587667306044],[-48.728331252630774,-26.876571870740726],[-48.728316887181286,-26.87656874645223],[-48.72830456672152,-26.876597068532572],[-48.728284355557086,-26.8765840243222],[-48.728280889626156,-26.87656983797503],[-48.72828964775234,-26.87654533464186]]},"properties":{"objectid":2461,"cota":4,"tipocurvanivel":"Normal","sourceLayer":"curvas-0"}},{"type":"Feature","geometry":{"type":"LineString","coordinates":[[-48.728491010457375,-26.87703441831541],[-48.72855293022303,-26.87701502852201],[-48.72855230002028,-26.876949363132002],[-48.72856184658197,-26.87693389428219],[-48.72858761905773,-26.8769468302468],[-48.7286808303283,-26.877023155062517],[-48.72873901441315,-26.877005229360343],[-48.72873419994844,-26.877054458369596],[-48.72868731689026,-26.87705639021759],[-48.72866475289224,-26.87709286372141],[-48.72866145349399,-26.87713844139699],[-48.72865104380034,-26.877154246525695],[-48.72864150560756,-26.87720120480612],[-48.728563283433004,-26.877259320254304],[-48.72856893730632,-26.877273502071308],[-48.728614692483966,-26.877275236845794],[-48.728625485047615,-26.877284120867515],[-48.728610937888014,-26.877305127078834],[-48.72858060563335,-26.877319515359908],[-48.72854815249036,-26.87735969592575],[-48.72852135164957,-26.877347554718526],[-48.728485761488194,-26.877249955171962],[-48.7284380077092,-26.87721118223356],[-48.72848072725601,-26.877172981620323],[-48.72849224389521,-26.877112087905495],[-48.728511560424955,-26.87708085058424],[-48.728491010457375,-26.87703441831541]]},"properties":{"objectid":2462,"cota":4,"tipocurvanivel":"Normal","sourceLayer":"curvas-0"}},{"type":"Feature","geometry":{"type":"LineString","coordinates":[[-48.72949998681632,-26.87559497282691],[-48.729515653931834,-26.87583637915523],[-48.729511147729134,-26.875847498050835],[-48.72949576476747,-26.875854250224492],[-48.72941562250059,-26.875833640519513],[-48.72936304567096,-26.8757963732788],[-48.72931800618474,-26.87574597284735],[-48.72932276951944,-26.875708547966568],[-48.72931011376758,-26.875682422460606],[-48.729297464077995,-26.875679757228536],[-48.72927032496124,-26.87570202399171],[-48.72924812493347,-26.875707928348103],[-48.72920556775075,-26.87568584164983],[-48.72919722221401,-26.87562855061126],[-48.729215690574115,-26.8755423554661],[-48.7292035762858,-26.875446502476816],[-48.729164830184686,-26.875345980741002],[-48.729161957307014,-26.875309673080356],[-48.72912638550898,-26.875242767311597],[-48.72912322825297,-26.87518841684145],[-48.729088654712314,-26.87516772911358],[-48.72906071584344,-26.875172316558608],[-48.72903811669516,-26.875152230132084],[-48.7289968483494,-26.875138626405306],[-48.729003280751215,-26.875153530050472],[-48.728984404440915,-26.87517872901064],[-48.728994681906165,-26.87518935998889],[-48.729016943082584,-26.875182053336093],[-48.72901719415368,-26.87522451599531],[-48.728997392467576,-26.87522668661846],[-48.728972023098265,-26.87524630781024],[-48.72889490698372,-26.875249730080718],[-48.72893072653707,-26.875225002975704],[-48.728893821368146,-26.875207485936762],[-48.72890150168345,-26.875178793180748],[-48.7289337412095,-26.875125900706742],[-48.72892243687161,-26.875123748008022],[-48.72887756548172,-26.875145854153192],[-48.728855491963756,-26.875131592461063],[-48.72889023661825,-26.875087994029276],[-48.7289038203857,-26.87504861276978],[-48.72894002746107,-26.875004296018226],[-48.728981323455685,-26.874986309825683],[-48.728971343548125,-26.874945139196143],[-48.72900297715115,-26.87492209913957],[-48.729016979725344,-26.874899922651768],[-48.7290778977023,-26.874959481127544],[-48.729092910489896,-26.874993594253304],[-48.72909370394745,-26.875044819431448],[-48.729075970365976,-26.875046634356405],[-48.72905410253325,-26.87502933202644],[-48.72905705726437,-26.87510408190641],[-48.7291133077607,-26.875149355305858],[-48.72913261672345,-26.87515511923677],[-48.7291447235194,-26.875112093564713],[-48.72914328298402,-26.875055430629526],[-48.72918920217272,-26.87501589049793],[-48.72918292787387,-26.874988746719175],[-48.7292049791717,-26.874967318679346],[-48.729223877500374,-26.87492188252137],[-48.729243648892414,-26.87489720960321],[-48.72929578169891,-26.874862923225255],[-48.72934854109412,-26.87488655372697],[-48.72937859004829,-26.87491026768799],[-48.72938560993331,-26.874975533152],[-48.72942242821025,-26.87509542930465],[-48.72942796276991,-26.875177411403925],[-48.729413930931024,-26.875250849526648],[-48.7293987993188,-26.875283849079725],[-48.72936412096402,-26.87529050406985],[-48.72938810939373,-26.87538296878704],[-48.72939127739299,-26.875436586636685],[-48.72941272437414,-26.875460652360452],[-48.729440381519105,-26.87552056317886],[-48.72945791112287,-26.87551984412102],[-48.729456956435065,-26.87549636498663],[-48.72947095278284,-26.87547183114596],[-48.72948026892205,-26.87547532989219],[-48.729473015447724,-26.87553684906951],[-48.729490962783395,-26.875558480566735],[-48.72949998681632,-26.87559497282691]]},"properties":{"objectid":2473,"cota":4,"tipocurvanivel":"Normal","sourceLayer":"curvas-0"}},{"type":"Feature","geometry":{"type":"LineString","coordinates":[[-48.72856305756208,-26.87326517640838],[-48.72854143201987,-26.873296880224142],[-48.728488964665544,-26.873347473719104],[-48.72849182180639,-26.873370716320085],[-48.728525090267226,-26.873404151092853],[-48.72853057515253,-26.873421240603445],[-48.72848349744976,-26.87358986688571],[-48.728602227769706,-26.8733557546449],[-48.72859420579401,-26.87332040200553],[-48.72860003354932,-26.873293161298683],[-48.72891651949476,-26.872520688448965],[-48.728931647803,-26.872467903481105],[-48.728889427829365,-26.872539560911648],[-48.728696435624364,-26.872987953833047],[-48.72856305756208,-26.87326517640838]]},"properties":{"objectid":2489,"cota":4,"tipocurvanivel":"Normal","sourceLayer":"curvas-0"}},{"type":"Feature","geometry":{"type":"LineString","coordinates":[[-48.72892206306733,-26.869027682357544],[-48.728951178181134,-26.868979017166588],[-48.72889537229828,-26.869198882898107],[-48.72901322853415,-26.869232816294208],[-48.729045067482055,-26.869255659294932],[-48.72902151946396,-26.869325803951217],[-48.72903331492035,-26.86944489095457],[-48.72901762450876,-26.869466919430717],[-48.72898824914989,-26.869479509362225],[-48.728908493423575,-26.869479963640188],[-48.72890520243592,-26.869461458263434],[-48.728922675873264,-26.869448800665168],[-48.72892061173016,-26.869431846474132],[-48.728905410093,-26.8693983539041],[-48.72887086704435,-26.869363690379885],[-48.72888976631252,-26.86935883937015],[-48.72889194023667,-26.869348550243522],[-48.7288696903146,-26.869332997959017],[-48.72886294717147,-26.86929670116154],[-48.72884203175743,-26.86927847198855],[-48.728827772746584,-26.869242527255686],[-48.72880382566218,-26.869246237630765],[-48.72878926861169,-26.869237640577484],[-48.72879758345153,-26.86922565970308],[-48.728834658130246,-26.86920585301822],[-48.72892206306733,-26.869027682357544]]},"properties":{"objectid":2527,"cota":4,"tipocurvanivel":"Normal","sourceLayer":"curvas-0"}},{"type":"Feature","geometry":{"type":"LineString","coordinates":[[-48.729451026694946,-26.872174023886306],[-48.72953764428085,-26.872221611700507],[-48.72953891903384,-26.872211350531458],[-48.72967238434276,-26.87218686495289],[-48.730028564570475,-26.87215735131612],[-48.729891349055315,-26.872152665615367],[-48.72979999971047,-26.872157959776956],[-48.72970941699499,-26.872142312122165],[-48.72945378824014,-26.872163285752414],[-48.729445159943594,-26.872166672061425],[-48.729451026694946,-26.872174023886306]]},"properties":{"objectid":2490,"cota":4,"tipocurvanivel":"Normal","sourceLayer":"curvas-0"}},{"type":"Feature","geometry":{"type":"LineString","coordinates":[[-48.72991849818165,-26.873649245872933],[-48.72996531046688,-26.873728598230834],[-48.730003996420784,-26.87376616633586],[-48.730022687030406,-26.87387428734268],[-48.73051047293376,-26.873861950281714],[-48.730577731353286,-26.873867185694163],[-48.7307732000942,-26.873852308244086],[-48.73078175861815,-26.873846424549782],[-48.73077524306362,-26.873803380218888],[-48.730804679506015,-26.87385473974672],[-48.73081383991858,-26.873857415568967],[-48.730826217481166,-26.873844676809462],[-48.73082840301575,-26.873818940533575],[-48.73080273455606,-26.873781268593657],[-48.73082712953353,-26.873733968460773],[-48.73084420844707,-26.873719070740293],[-48.73084803686249,-26.873700006525176],[-48.73083946787622,-26.873671650043665],[-48.73080883165076,-26.87365617719385],[-48.73083864779566,-26.873632246552276],[-48.730827475432285,-26.873407647499185],[-48.73077775942131,-26.873367896277706],[-48.73075517457444,-26.87336669330494],[-48.73076014359145,-26.87334050268401],[-48.7307444780421,-26.87329884915284],[-48.73073182153947,-26.873288978756243],[-48.730634835007336,-26.8732835375151],[-48.730628086971485,-26.873294807254283],[-48.730578914592115,-26.873314799941696],[-48.73051545244512,-26.873310464814555],[-48.73051226450265,-26.87328930339453],[-48.73049967724639,-26.87327959472735],[-48.73045082563783,-26.873290632056488],[-48.730390863113854,-26.87328984108217],[-48.7303554936276,-26.873271080262537],[-48.73031445187005,-26.87327300730433],[-48.73024303221174,-26.873214202038447],[-48.730168584230455,-26.87318881197674],[-48.730114778684246,-26.873208254464185],[-48.73002642495712,-26.87328155976551],[-48.72998927409434,-26.873280994386263],[-48.72996515921581,-26.873216103094553],[-48.72992615124828,-26.873164039109685],[-48.72989012336807,-26.873144592563104],[-48.72983650628185,-26.873135766800644],[-48.72978701489947,-26.873113755687264],[-48.72976440438975,-26.87312763936887],[-48.72972913182695,-26.873178468168042],[-48.72970097863449,-26.873194058647016],[-48.72967557969664,-26.873245706703297],[-48.72964079067148,-26.873258032838585],[-48.72943106851433,-26.873260168954467],[-48.72928869160741,-26.87324444386194],[-48.729223078886655,-26.87327098262469],[-48.72923696254749,-26.873290590496307],[-48.72927283026397,-26.873310343271037],[-48.72948463631811,-26.873309730839296],[-48.72954558970003,-26.87330177710375],[-48.72958683506772,-26.87335386631649],[-48.7295413652911,-26.87340137529273],[-48.729545625128075,-26.87341290130895],[-48.72964385953915,-26.873415067596056],[-48.72968503897941,-26.873427454076573],[-48.72971241522824,-26.87342234485012],[-48.72980853286036,-26.87343214154461],[-48.729823902595726,-26.8734696968798],[-48.72982909677089,-26.873564297042524],[-48.72984246880459,-26.87362663955685],[-48.729850820010924,-26.873633449211013],[-48.729900232743034,-26.87363674486353],[-48.72991849818165,-26.873649245872933]]},"properties":{"objectid":2491,"cota":4,"tipocurvanivel":"Normal","sourceLayer":"curvas-0"}},{"type":"Feature","geometry":{"type":"LineString","coordinates":[[-48.73294663591145,-26.872594652515293],[-48.73295203647172,-26.872592751072588],[-48.73295508986881,-26.87260988535091],[-48.732994436985244,-26.87265021035201],[-48.73300800273299,-26.872695817923795],[-48.73297694022819,-26.872864452162275],[-48.73293955477796,-26.872914328329056],[-48.73294056637816,-26.872932723059094],[-48.732970687968105,-26.872957603408423],[-48.73302173696187,-26.872965935548464],[-48.73305462960145,-26.873003543451667],[-48.73307763652622,-26.873008001665074],[-48.73311515506517,-26.87299926691291],[-48.73313091085677,-26.873007893618524],[-48.73310908217139,-26.873078036815844],[-48.73308608310984,-26.873105663717087],[-48.73309034940916,-26.873147447259054],[-48.73307732295844,-26.873203516223825],[-48.73308495081558,-26.873218394669138],[-48.733118210875034,-26.87322841318666],[-48.73354640876254,-26.873221454439864],[-48.733562101455036,-26.873225731156086],[-48.73355853205537,-26.87323682913922],[-48.73347945571762,-26.873245360216874],[-48.73338992596831,-26.873235419933096],[-48.733367048327345,-26.87324404944175],[-48.733005328625,-26.87325105378185],[-48.73299862012953,-26.873246131530266],[-48.73301593256469,-26.873218000066608],[-48.73301754714215,-26.873196341787494],[-48.733008016954955,-26.873181231564114],[-48.732990805426034,-26.87317606405714],[-48.73295655434506,-26.873192816275864],[-48.732915279944294,-26.873259607904906],[-48.73272401112216,-26.873272698540852],[-48.73257727201866,-26.873268931947155],[-48.732596753894285,-26.87322316619722],[-48.73261385045373,-26.873104756055717],[-48.73265615753237,-26.873064483486196],[-48.73266559947283,-26.873043117795465],[-48.73261761433643,-26.873006162807577],[-48.73262986056188,-26.872944926548627],[-48.732642956685915,-26.872936859423998],[-48.73266415181836,-26.87294224522668],[-48.73267717177206,-26.87297495700833],[-48.732689304808716,-26.87298232264527],[-48.73271313175231,-26.872978616934258],[-48.73273688102366,-26.87299499049701],[-48.73275635080013,-26.87298275433462],[-48.73277840778714,-26.872987059274887],[-48.73282413203702,-26.87292042031762],[-48.73282500882415,-26.872877641779358],[-48.732808499196814,-26.87283120090986],[-48.73284482360605,-26.872691529723685],[-48.7328644595722,-26.872665313572213],[-48.732909469926845,-26.872643166786666],[-48.73291296363579,-26.872625021237763],[-48.73294663591145,-26.872594652515293]]},"properties":{"objectid":2492,"cota":4,"tipocurvanivel":"Normal","sourceLayer":"curvas-0"}},{"type":"Feature","geometry":{"type":"LineString","coordinates":[[-48.73139219147897,-26.87148102289145],[-48.73151466040835,-26.87147228273837],[-48.7315286428871,-26.871486548549587],[-48.73149927238193,-26.87150215687598],[-48.73150067656101,-26.871512973683142],[-48.73151411746403,-26.871525283302514],[-48.731541686522455,-26.871527576918425],[-48.73155891223769,-26.871547088430383],[-48.73153709106789,-26.871587893587606],[-48.731514524352846,-26.871593863752846],[-48.73151269341656,-26.871606034636862],[-48.73143942402745,-26.87159442843977],[-48.73146218945212,-26.87162668945426],[-48.73149355839856,-26.871640067581037],[-48.73150287051315,-26.871633524506407],[-48.731503821102315,-26.87162053900929],[-48.73153368215138,-26.871656419986568],[-48.73154206068088,-26.87180722112445],[-48.73153463264053,-26.871848880083938],[-48.7315197036907,-26.87187390277632],[-48.731509458892646,-26.87187363268409],[-48.73150281318669,-26.871860633504607],[-48.73148893329916,-26.871862698350007],[-48.73150599468449,-26.87190425239136],[-48.73148562498468,-26.871953904140092],[-48.731430039878774,-26.87192829964955],[-48.731445283299855,-26.8719128290846],[-48.73147214966027,-26.87192451681596],[-48.731472720484,-26.871894515757905],[-48.73148860084874,-26.871893612910355],[-48.73147802442196,-26.87187557898954],[-48.731456917905234,-26.871881089776714],[-48.73143730222503,-26.87185326075545],[-48.731433731819116,-26.87188113439051],[-48.731422956835566,-26.87189602784418],[-48.73139702478349,-26.871897320671728],[-48.73137453130252,-26.871878855323295],[-48.73137795270507,-26.871766718921865],[-48.73138714695078,-26.87175141383665],[-48.731379469604846,-26.871693569558317],[-48.73138702960258,-26.871677811368432],[-48.73138433965051,-26.871662697181332],[-48.73140143357013,-26.871638006175683],[-48.73142230530582,-26.87165110655511],[-48.731438353408464,-26.871642758447475],[-48.7314028645766,-26.871614164646257],[-48.73139321494179,-26.871595830646186],[-48.73137996930322,-26.871496680947693],[-48.73139219147897,-26.87148102289145]]},"properties":{"objectid":2503,"cota":4,"tipocurvanivel":"Normal","sourceLayer":"curvas-0"}},{"type":"Feature","geometry":{"type":"LineString","coordinates":[[-48.73143616308699,-26.871408929778323],[-48.73147466946042,-26.871390160667563],[-48.731469459933486,-26.871352456389527],[-48.731486251757836,-26.871328427432715],[-48.73147890589399,-26.871297828169336],[-48.73148760862381,-26.871275889359858],[-48.731539470720925,-26.871248137770156],[-48.731542033155954,-26.87122533508017],[-48.73155102657742,-26.871224470542575],[-48.731576523728805,-26.871191121823156],[-48.73162527630366,-26.87118055895985],[-48.73164252248921,-26.871189919978747],[-48.73166672473868,-26.871219063488258],[-48.731671009097745,-26.87123531690102],[-48.73166727833549,-26.871400620092157],[-48.73164385435701,-26.871493435973985],[-48.73165223039083,-26.871524808028475],[-48.73164513038711,-26.871543335132184],[-48.731616002179194,-26.871523620785595],[-48.731593686854154,-26.87148816872228],[-48.731595659938485,-26.871481931953454],[-48.73162617079634,-26.871475838446607],[-48.731614571485245,-26.87142310046185],[-48.73156644456977,-26.87142661436206],[-48.731421972307615,-26.871416841143176],[-48.73143616308699,-26.871408929778323]]},"properties":{"objectid":2504,"cota":4,"tipocurvanivel":"Normal","sourceLayer":"curvas-0"}},{"type":"Feature","geometry":{"type":"LineString","coordinates":[[-48.73770072505443,-26.8721096388209],[-48.73770133299568,-26.87209002282701],[-48.73771367790237,-26.872079988457823],[-48.737866531289384,-26.87207849778297],[-48.73791586769994,-26.872107094276554],[-48.73793895549675,-26.872135293024836],[-48.73797829016907,-26.87214256402708],[-48.738030806741044,-26.872191168336155],[-48.73803545583043,-26.872209165569817],[-48.738020212562375,-26.872224669377644],[-48.73805989986244,-26.87227190409222],[-48.738079130110904,-26.87231943395406],[-48.73807242229351,-26.87233822580829],[-48.73810045662783,-26.872355787056453],[-48.73810093423721,-26.872368494078],[-48.73805774798774,-26.87234420607623],[-48.737996275415746,-26.872259450341883],[-48.73798209156743,-26.872258335216717],[-48.73797832979631,-26.872273154694177],[-48.73796812871308,-26.87226901693593],[-48.73796511211371,-26.87225611223303],[-48.7379720315214,-26.872248427602468],[-48.73796288196286,-26.87223706536629],[-48.737950290797514,-26.872250017067326],[-48.737949578278474,-26.872277667768326],[-48.737903031961366,-26.872269658585882],[-48.7378673687411,-26.87223501978262],[-48.7378304753024,-26.872254538466493],[-48.73783383005078,-26.872233577574303],[-48.73779751768643,-26.872180951419033],[-48.73779068824389,-26.872135142544703],[-48.73774884019686,-26.872119969039005],[-48.737721023490884,-26.872145409670296],[-48.73770072505443,-26.8721096388209]]},"properties":{"objectid":2505,"cota":4,"tipocurvanivel":"Normal","sourceLayer":"curvas-0"}},{"type":"Feature","geometry":{"type":"MultiLineString","coordinates":[[[-48.73964369251044,-26.87208879045566],[-48.739626650982174,-26.871969248998383],[-48.73964474985467,-26.871965634547266],[-48.73965387232928,-26.871840727857933],[-48.73966505639608,-26.871802334858717],[-48.73972504542262,-26.871755736033556],[-48.739799411880405,-26.871749737742043],[-48.73981237898602,-26.87173477037201],[-48.73988968201579,-26.87170908316534],[-48.73989721444425,-26.871702140132477],[-48.73989611067225,-26.871684881922235],[-48.739911236627435,-26.87168274683212],[-48.7399239197886,-26.8716607546895],[-48.73992946564304,-26.87168746049878],[-48.7399407654677,-26.871700055478254],[-48.74,-26.871720070725104]],[[-48.74,-26.872313915884906],[-48.73999686902048,-26.87231331657759],[-48.73989188120231,-26.872307427031455],[-48.7398720180762,-26.872269010200874],[-48.73983249241857,-26.87225428236385],[-48.73979219383245,-26.872220791788283],[-48.73974623261521,-26.872235011076384],[-48.73966945138017,-26.872232274607498],[-48.73965044779639,-26.872191780507762],[-48.73964369251044,-26.87208879045566]]]},"properties":{"objectid":2506,"cota":4,"tipocurvanivel":"Normal","sourceLayer":"curvas-0"}},{"type":"Feature","geometry":{"type":"LineString","coordinates":[[-48.72980473013307,-26.8703959049844],[-48.7300026732603,-26.869982245592237],[-48.730008062460094,-26.869950332960176],[-48.730025183072804,-26.869922895476435],[-48.730044384831714,-26.869859332793318],[-48.73007888287706,-26.869819757635558],[-48.73009129236661,-26.8697721540119],[-48.730086127498545,-26.869721811545663],[-48.73009766731418,-26.869657293685883],[-48.730089008557506,-26.869645793572094],[-48.730074496628866,-26.869651754860115],[-48.73006007984038,-26.8696833789627],[-48.72980871123379,-26.870367335892258],[-48.72980473013307,-26.8703959049844]]},"properties":{"objectid":2516,"cota":4,"tipocurvanivel":"Normal","sourceLayer":"curvas-0"}},{"type":"Feature","geometry":{"type":"LineString","coordinates":[[-48.73023824392653,-26.870221208180958],[-48.73027061417134,-26.870235061090597],[-48.73031084839623,-26.87027254926533],[-48.73030621593805,-26.87030224771355],[-48.730333729248514,-26.870345552691706],[-48.73036378570916,-26.870331615232796],[-48.73035003619904,-26.870318798792052],[-48.73035281860479,-26.870311442463564],[-48.73038471895387,-26.870315622513925],[-48.73040211249839,-26.870303487774553],[-48.73038386340448,-26.87027925881148],[-48.730374704630634,-26.87029933748402],[-48.730357793523694,-26.87029759661293],[-48.7303494215464,-26.870287705683392],[-48.730364503732964,-26.870259042366065],[-48.73038740640916,-26.870254579455544],[-48.730401215892165,-26.870193861265747],[-48.73037369435347,-26.870145477155223],[-48.730322362444284,-26.870121711217617],[-48.73028209641065,-26.870055288948734],[-48.73026679631318,-26.870058489618618],[-48.730275772052444,-26.87013044481571],[-48.730260330414715,-26.87018057895645],[-48.73023242177297,-26.870217922662526],[-48.73023824392653,-26.870221208180958]]},"properties":{"objectid":2517,"cota":4,"tipocurvanivel":"Normal","sourceLayer":"curvas-0"}},{"type":"Feature","geometry":{"type":"LineString","coordinates":[[-48.72862561978945,-26.868911066704737],[-48.72863510060533,-26.86883435893581],[-48.7286599338214,-26.868801917871004],[-48.72866953757418,-26.86875344263549],[-48.72865008922585,-26.86870411139028],[-48.72869295447648,-26.868701390130312],[-48.72867250050459,-26.868667028870384],[-48.72871900349987,-26.86866938823896],[-48.72877027156722,-26.86864237712233],[-48.72882444200181,-26.868625772813058],[-48.72882971598202,-26.86860180178077],[-48.728841257132956,-26.868593432944554],[-48.728858466513564,-26.86859790780043],[-48.728869192604115,-26.868644266911765],[-48.72890264815196,-26.86866118333743],[-48.728888923858534,-26.868688761915717],[-48.72889278517406,-26.868703099001888],[-48.72892207610286,-26.868696334868297],[-48.728937788096204,-26.868684248176518],[-48.728952109019666,-26.86869352998904],[-48.72897204275523,-26.8687322759961],[-48.72901347114188,-26.868738110270154],[-48.72904066167641,-26.86872753467811],[-48.72908143128068,-26.868757975483984],[-48.72908553296081,-26.868843268266527],[-48.729017045021095,-26.86886818877465],[-48.72900882390746,-26.868898543329433],[-48.72903279616519,-26.868940195169717],[-48.72900470149123,-26.868958144615046],[-48.72895952143631,-26.868969237822512],[-48.728938371090024,-26.86896009711232],[-48.72883430142204,-26.868979617435468],[-48.72877154324557,-26.868945675320113],[-48.72872015344741,-26.86896930478316],[-48.72863633941441,-26.868960614996876],[-48.72862061805835,-26.868949455192773],[-48.72862561978945,-26.868911066704737]]},"properties":{"objectid":2528,"cota":4,"tipocurvanivel":"Normal","sourceLayer":"curvas-0"}},{"type":"Feature","geometry":{"type":"LineString","coordinates":[[-48.72974781560163,-26.86921440982101],[-48.72969670360238,-26.869426155267117],[-48.729703317949635,-26.869460098171732],[-48.729718032228206,-26.86943610101652],[-48.72979781554607,-26.869139460342506],[-48.729849083978806,-26.86885433518319],[-48.7298599094861,-26.86873208578585],[-48.72977937440696,-26.868901828479924],[-48.729763823172405,-26.86896424772477],[-48.729754555615784,-26.868959350093224],[-48.72973960350063,-26.869053983942784],[-48.72974781560163,-26.86921440982101]]},"properties":{"objectid":2529,"cota":4,"tipocurvanivel":"Normal","sourceLayer":"curvas-0"}},{"type":"Feature","geometry":{"type":"LineString","coordinates":[[-48.730222723392714,-26.86913012255743],[-48.73024218887202,-26.868977775186046],[-48.73024278294673,-26.868876596124394],[-48.73025252878846,-26.868855231861943],[-48.73024822760504,-26.86881504776034],[-48.73021619339298,-26.868925248939146],[-48.730194742459204,-26.869050092794765],[-48.73017393707016,-26.869123523358653],[-48.73016402956728,-26.86928103559968],[-48.73012678076284,-26.869355913927386],[-48.73012804955118,-26.869371234522927],[-48.7301463385328,-26.86940025799068],[-48.730167121802005,-26.86941367928831],[-48.730192860211055,-26.869403866185433],[-48.73021180757087,-26.869367185300707],[-48.730213524320995,-26.869325823616343],[-48.730201094252855,-26.869286655939412],[-48.730222723392714,-26.86913012255743]]},"properties":{"objectid":2530,"cota":4,"tipocurvanivel":"Normal","sourceLayer":"curvas-0"}},{"type":"Feature","geometry":{"type":"LineString","coordinates":[[-48.7322240615434,-26.866755462206363],[-48.73223170953593,-26.86675891953144],[-48.73222821044222,-26.866769223558098],[-48.732239445732574,-26.86678407781202],[-48.732313093802304,-26.86681977516951],[-48.73235070366527,-26.866818414145783],[-48.73240533994345,-26.86677794231172],[-48.7324386821972,-26.86677497047641],[-48.732459616688956,-26.86678221654968],[-48.732490508548665,-26.866817984791687],[-48.73252639177616,-26.866926966318967],[-48.73253717843378,-26.866902174798767],[-48.732549318574236,-26.86682477740259],[-48.73258424182223,-26.866792848545828],[-48.73255738156645,-26.866749133924476],[-48.732526499995664,-26.86672470160558],[-48.73244573426656,-26.86673431161708],[-48.73239913416807,-26.86672726911061],[-48.73238336211379,-26.86671577048576],[-48.732279108739675,-26.866732370186337],[-48.73225626738843,-26.86672114162973],[-48.73224174542674,-26.866740438588216],[-48.73221743541237,-26.866746028978273],[-48.7322240615434,-26.866755462206363]]},"properties":{"objectid":2536,"cota":4,"tipocurvanivel":"Normal","sourceLayer":"curvas-0"}},{"type":"Feature","geometry":{"type":"LineString","coordinates":[[-48.73379295426783,-26.866728761521184],[-48.73391895811792,-26.86671340386654],[-48.73396024439341,-26.866697883179153],[-48.73403635671366,-26.866702119854267],[-48.734047117291524,-26.866682908571697],[-48.73409228861234,-26.86666128547236],[-48.73412282310966,-26.86666095030662],[-48.73416872297484,-26.866675159154042],[-48.7342629552893,-26.8666661052236],[-48.73433902010352,-26.866610742765737],[-48.734382521629286,-26.866624418539956],[-48.73439039896235,-26.866659531275022],[-48.73442508185312,-26.8666761258599],[-48.73449256188407,-26.866756614989118],[-48.73446489222869,-26.86688884231711],[-48.734395634645765,-26.86689887712503],[-48.734352924653194,-26.866884458686954],[-48.73429670522759,-26.866882376769553],[-48.734266840982194,-26.86684797996149],[-48.734237093884815,-26.86685515125376],[-48.73421102139265,-26.866842197132765],[-48.73418965442171,-26.866866729785436],[-48.73407075667477,-26.8669103465356],[-48.73405080029559,-26.866881744417594],[-48.73402428249709,-26.866882242350915],[-48.73397460702716,-26.866848203698886],[-48.73387174375808,-26.866903083790984],[-48.73384652208843,-26.866895705988902],[-48.73383419122721,-26.866883300693296],[-48.73381479203835,-26.86679759284721],[-48.733788559500766,-26.866760927662856],[-48.73379295426783,-26.866728761521184]]},"properties":{"objectid":2537,"cota":4,"tipocurvanivel":"Normal","sourceLayer":"curvas-0"}},{"type":"Feature","geometry":{"type":"LineString","coordinates":[[-48.73380185305549,-26.867423539036004],[-48.73390114321976,-26.867427820873804],[-48.73393916007609,-26.867422157637893],[-48.7340319744304,-26.86743393420138],[-48.73411849134732,-26.86743240046285],[-48.73421000586129,-26.86741736665632],[-48.734281186643216,-26.867422024097856],[-48.73434447251907,-26.86741440513808],[-48.7345725575842,-26.867413579922285],[-48.73459908204493,-26.867407958754473],[-48.73461138770334,-26.867397052238328],[-48.73458444927137,-26.867390881595433],[-48.73438056222731,-26.867398653907905],[-48.73427274274757,-26.86739382772161],[-48.734248404772,-26.86738628186036],[-48.73423257888808,-26.867356170312796],[-48.73420368956592,-26.867373860837912],[-48.73421997727086,-26.867334124279353],[-48.73423508193861,-26.867330457063186],[-48.73423490670944,-26.86727943841048],[-48.73418681824523,-26.86724977240429],[-48.73417454294076,-26.86726738191043],[-48.7341811385607,-26.867295161497584],[-48.7340649522645,-26.867326412029385],[-48.734032632299716,-26.86732847201143],[-48.734005798239316,-26.86736506220175],[-48.73397222574861,-26.867351867721965],[-48.73392444445771,-26.867352014675497],[-48.73389828324032,-26.86731549955546],[-48.7338674327705,-26.867352916023673],[-48.73382391642538,-26.867325490927808],[-48.73379824659774,-26.867402043350303],[-48.73380185305549,-26.867423539036004]]},"properties":{"objectid":2538,"cota":4,"tipocurvanivel":"Normal","sourceLayer":"curvas-0"}},{"type":"Feature","geometry":{"type":"LineString","coordinates":[[-48.733491656090315,-26.867990341250948],[-48.73348789786034,-26.867932765652778],[-48.73349995264338,-26.867816637900987],[-48.73349149288679,-26.86780932586373],[-48.73344677214724,-26.86780575579514],[-48.73342881403618,-26.86778917116312],[-48.73343890369863,-26.867777020819297],[-48.73350188582553,-26.867758609420882],[-48.73351480279682,-26.86772245758919],[-48.73351704562758,-26.867507177543477],[-48.73350263392449,-26.867416662875065],[-48.73351583473477,-26.867365873247596],[-48.73349677380589,-26.867298633237297],[-48.73350144254074,-26.867236842979345],[-48.73351643461053,-26.867202141285695],[-48.7334905127456,-26.86711907224037],[-48.73349037234496,-26.867078634552],[-48.73350018203651,-26.867060790626773],[-48.73352434981799,-26.867052595051717],[-48.73353719124086,-26.86707734152513],[-48.73357848668742,-26.867084479065447],[-48.733699301241195,-26.867071968661147],[-48.73380939463682,-26.867047066940106],[-48.73388516614492,-26.86703974319452],[-48.73389815577109,-26.867046716340056],[-48.73392215110562,-26.86703576273135],[-48.73398840356492,-26.867039279978464],[-48.734001673691075,-26.86703364940017],[-48.73406776029211,-26.867049118785424],[-48.73407892437914,-26.867045301751983],[-48.73406947298649,-26.867074602732846],[-48.73409837510447,-26.867060355307107],[-48.73418071844308,-26.867070749128608],[-48.734218207225574,-26.867047656329788],[-48.73423257934939,-26.867004417298322],[-48.734259232609375,-26.866992634480557],[-48.73458928282935,-26.866985009916114],[-48.73477339319364,-26.866969660842674],[-48.734781716579434,-26.866984825598205],[-48.734791118907864,-26.86706308303107],[-48.7348119444081,-26.86729753212635],[-48.734803085697635,-26.86737843518923],[-48.7347924805112,-26.867390307540195],[-48.734727126711206,-26.86738758208318],[-48.73462206002273,-26.867397461602568],[-48.73463989639952,-26.867406227060982],[-48.73471851854151,-26.867403664818465],[-48.73476585920097,-26.867421536193977],[-48.73480396346737,-26.867411233693986],[-48.734821983894996,-26.867447770660966],[-48.734925588203254,-26.8684580023188],[-48.73496653252764,-26.86893270272924],[-48.73496550690804,-26.86901727440691],[-48.73488368634256,-26.86903005179758],[-48.733950455061304,-26.869060236655102],[-48.733728437856556,-26.869074925003886],[-48.73355720195267,-26.869075409869],[-48.73351055271796,-26.869065229057238],[-48.733496624191396,-26.868920415976767],[-48.733501460285254,-26.868867042012713],[-48.7334934006434,-26.86881282584444],[-48.7335007786306,-26.86867731414172],[-48.73348659620889,-26.86851511207715],[-48.73345509193924,-26.868495278786767],[-48.73334491753998,-26.868463224883282],[-48.73327728233138,-26.86848550346486],[-48.733163759098424,-26.8684888125641],[-48.73303672324275,-26.868478017773366],[-48.73298107218321,-26.868440095273435],[-48.732993591538495,-26.86841339575999],[-48.73302473610574,-26.86839909792432],[-48.73328264518951,-26.8683884717432],[-48.73334627126592,-26.86840983566677],[-48.73340721330059,-26.86837945481877],[-48.733477544185625,-26.86836262692922],[-48.733499659168025,-26.868308332590047],[-48.73348751317093,-26.86817974537082],[-48.73349855449308,-26.86803184214377],[-48.733491656090315,-26.867990341250948]]},"properties":{"objectid":2539,"cota":4,"tipocurvanivel":"Normal","sourceLayer":"curvas-0"}},{"type":"Feature","geometry":{"type":"LineString","coordinates":[[-48.73015422175858,-26.865844506194467],[-48.73011885350571,-26.865734405278882],[-48.73016826077293,-26.86598770040769],[-48.73016378805382,-26.86601853131228],[-48.73013170871368,-26.866064887659345],[-48.730126584833734,-26.866090282543425],[-48.73013643802189,-26.866107815793715],[-48.730181716828874,-26.8661330791212],[-48.730194236672396,-26.86615181756811],[-48.73021404554516,-26.866297936368245],[-48.73021020656848,-26.86638077147872],[-48.730220665533594,-26.866451862507386],[-48.73036505532455,-26.86679607061967],[-48.73036865454855,-26.866784288229933],[-48.73033558657736,-26.86662801411451],[-48.73028851736952,-26.86632911765107],[-48.73023631349307,-26.866136679787864],[-48.730233118867275,-26.866074898760385],[-48.73019780897083,-26.86599476931979],[-48.73015422175858,-26.865844506194467]]},"properties":{"objectid":2548,"cota":4,"tipocurvanivel":"Normal","sourceLayer":"curvas-0"}},{"type":"Feature","geometry":{"type":"LineString","coordinates":[[-48.72759855519988,-26.885421920316517],[-48.72757092032287,-26.885424162247148],[-48.72755814383802,-26.885411387314434],[-48.72754143918336,-26.885261124735447],[-48.727526580329275,-26.885226177348805],[-48.72751769939064,-26.885248923325484],[-48.72753477103988,-26.885443406527425],[-48.72752894184095,-26.885478509245086],[-48.72750045003198,-26.885487059948197],[-48.72736714007962,-26.885475163745635],[-48.727275887457274,-26.885477297830004],[-48.727298553175444,-26.885491924932797],[-48.72743131666574,-26.88550341803581],[-48.72749958364915,-26.885517276331466],[-48.72752180511796,-26.885530316961034],[-48.727541616687304,-26.88558618074967],[-48.727541815526244,-26.885691106585398],[-48.72755593787308,-26.885796704082207],[-48.72756402327249,-26.885527813353395],[-48.72756792725704,-26.88546881883376],[-48.72757674189108,-26.88545622617406],[-48.727627075578475,-26.88544010428076],[-48.727829166375976,-26.88540909610856],[-48.72825433097374,-26.88531486226581],[-48.72832580216414,-26.885308961981107],[-48.7283609316232,-26.885292089875588],[-48.728434796550545,-26.885275449151862],[-48.72854776504217,-26.885255177759216],[-48.72859382226651,-26.88526471473313],[-48.728632841100456,-26.88524177385295],[-48.7286868292621,-26.88522472667255],[-48.72869974335667,-26.88520733113772],[-48.72866683084479,-26.88520318477944],[-48.72838785406194,-26.88525618389374],[-48.72792437371815,-26.88535960415346],[-48.72759855519988,-26.885421920316517]]},"properties":{"objectid":2584,"cota":3,"tipocurvanivel":"Normal","sourceLayer":"curvas-0"}},{"type":"Feature","geometry":{"type":"LineString","coordinates":[[-48.738481063908594,-26.88567872469262],[-48.73849098863969,-26.885826972088157],[-48.738469009020505,-26.88583223880074],[-48.73839199956221,-26.88582281758265],[-48.73836066387881,-26.88575609356381],[-48.73834967543231,-26.885666162961005],[-48.73833443076262,-26.88539584182483],[-48.738342473907345,-26.88536543243532],[-48.73840200657667,-26.88535190771491],[-48.738420739040485,-26.88535974590998],[-48.7384304025133,-26.885373653182768],[-48.738481063908594,-26.88567872469262]]},"properties":{"objectid":2585,"cota":3,"tipocurvanivel":"Normal","sourceLayer":"curvas-0"}},{"type":"Feature","geometry":{"type":"LineString","coordinates":[[-48.73952692302981,-26.884637348105503],[-48.739509819275405,-26.884590716975406],[-48.73951689432797,-26.884561901985247],[-48.73954026322468,-26.884588603377892],[-48.73957513004457,-26.88459419173371],[-48.739554872085044,-26.8845596481595],[-48.73958709401141,-26.884524738871693],[-48.73960046843487,-26.884520889173444],[-48.73961833559171,-26.884545500848812],[-48.73963451365075,-26.884526292897085],[-48.7396551965751,-26.88451855506548],[-48.73966778380579,-26.884539944389953],[-48.73968161692398,-26.884542123213368],[-48.73969819117499,-26.88453183064292],[-48.739684668926685,-26.884517067531814],[-48.73970133988192,-26.88449018575261],[-48.73973085930698,-26.8845126257854],[-48.73975068173618,-26.884480111669852],[-48.73976027628603,-26.88447842421183],[-48.73976284190665,-26.884499293963373],[-48.739781602041134,-26.884518533149347],[-48.7398051779542,-26.884564315739787],[-48.73978455494476,-26.884600747247326],[-48.73976873097729,-26.884610053718763],[-48.73976298009765,-26.884631857074826],[-48.739781907301825,-26.884654636563884],[-48.739804864933085,-26.88473365845645],[-48.73979802966069,-26.88474901355575],[-48.739802605731605,-26.88475837396848],[-48.7397462482189,-26.884772785794535],[-48.73982515885226,-26.884777575485376],[-48.739818477881606,-26.884792156040128],[-48.73983002640499,-26.88480490575922],[-48.7398256690655,-26.884835373340582],[-48.739807858329726,-26.88487390926068],[-48.73983065592251,-26.884893419720267],[-48.739806581596135,-26.884896692995042],[-48.73977167128229,-26.884887773029746],[-48.73976087340157,-26.884892980661764],[-48.739800412008584,-26.884908536460554],[-48.739815800336906,-26.88492597362415],[-48.73981295386983,-26.884935090707845],[-48.73975087493897,-26.884962589534297],[-48.739581798478,-26.884992908849224],[-48.73958055865486,-26.884963226173443],[-48.73956917812505,-26.884947852073683],[-48.73960652123102,-26.8849206586326],[-48.73961660342543,-26.884903474794],[-48.73956697113819,-26.88488641814416],[-48.73956874257737,-26.884867653749925],[-48.739541400982404,-26.88484304022912],[-48.73955760286861,-26.884821627067968],[-48.739541210611,-26.884803612482017],[-48.73954061177193,-26.884780457603743],[-48.739512375586045,-26.884713926915026],[-48.73952260740838,-26.884698427655767],[-48.73952020166229,-26.884667304046715],[-48.73953610626134,-26.8846462128174],[-48.73952692302981,-26.884637348105503]]},"properties":{"objectid":2586,"cota":3,"tipocurvanivel":"Normal","sourceLayer":"curvas-0"}},{"type":"Feature","geometry":{"type":"LineString","coordinates":[[-48.72743833340096,-26.8843106739423],[-48.72738782156031,-26.883865722210963],[-48.72738778250251,-26.88380787983901],[-48.72739671817641,-26.883774548081565],[-48.727444974726524,-26.883757127554762],[-48.727404759663344,-26.883746420813083],[-48.72738911283987,-26.883733809955633],[-48.72737628240746,-26.883703423701686],[-48.727369619490055,-26.883649539383207],[-48.72735982276323,-26.88363839438727],[-48.72736667473423,-26.88361997009223],[-48.72733049288886,-26.883256663610986],[-48.7273241684566,-26.883224187283638],[-48.72731156520011,-26.883219113039534],[-48.7273038721693,-26.88322967878573],[-48.72731010463006,-26.883311054789182],[-48.72736335717835,-26.883752353309816],[-48.72736019435797,-26.88382158544115],[-48.727384929376015,-26.883988416329355],[-48.72740170160373,-26.88419483146802],[-48.72742031533252,-26.884243502404892],[-48.72740997655945,-26.88426638014298],[-48.72741182427411,-26.88431978989518],[-48.727462748436245,-26.884804392945284],[-48.7275054352086,-26.885121839470322],[-48.7275164374735,-26.885148437587876],[-48.72751233927883,-26.885180978124204],[-48.72752773965023,-26.88519706305882],[-48.727536611654045,-26.885182759372746],[-48.72743833340096,-26.8843106739423]]},"properties":{"objectid":2587,"cota":3,"tipocurvanivel":"Normal","sourceLayer":"curvas-0"}},{"type":"Feature","geometry":{"type":"LineString","coordinates":[[-48.737936214535516,-26.882761684589873],[-48.73794457637289,-26.882802830619458],[-48.737935468049116,-26.882899607586104],[-48.73794630422109,-26.882981549050694],[-48.7379417037488,-26.883040371436113],[-48.737952891428854,-26.88306737792511],[-48.73794844697225,-26.88312523898619],[-48.737968667068685,-26.8831877691142],[-48.73798978545465,-26.883200654193722],[-48.7380037028033,-26.88319045914611],[-48.73800695973957,-26.883170945165713],[-48.737991816253896,-26.88311572502066],[-48.7379795771781,-26.882980777910557],[-48.73798092431047,-26.882884647334027],[-48.73796065741611,-26.882867062366564],[-48.73797578602137,-26.88285405842283],[-48.737978061883155,-26.88283271659782],[-48.73796447348766,-26.88275126530762],[-48.73797452209622,-26.882728038202593],[-48.737973818818084,-26.88268214969506],[-48.737966369051485,-26.88267317548247],[-48.737955023796125,-26.882682224995598],[-48.737936026358064,-26.882730357335287],[-48.737936214535516,-26.882761684589873]]},"properties":{"objectid":2588,"cota":3,"tipocurvanivel":"Normal","sourceLayer":"curvas-0"}},{"type":"Feature","geometry":{"type":"LineString","coordinates":[[-48.738075216088376,-26.88368229225415],[-48.7380559058404,-26.883605049534975],[-48.738065187924825,-26.883579837383692],[-48.73804287243339,-26.883464503509266],[-48.73803984753361,-26.883390765940067],[-48.73803371490033,-26.883364117471817],[-48.738025874398865,-26.883360711472076],[-48.73799494456695,-26.883375714872408],[-48.73799034560925,-26.88343582508567],[-48.737994769684335,-26.88345432228406],[-48.73801561636847,-26.88348019386057],[-48.738015599951076,-26.88350052141329],[-48.738007059512185,-26.88351320671963],[-48.738023153887944,-26.883610172548508],[-48.73802747091185,-26.883734239107564],[-48.738041157801575,-26.883844149103364],[-48.73805755662732,-26.883889655462056],[-48.73804965009534,-26.88395529799841],[-48.738053651711134,-26.88404442092958],[-48.73806056712053,-26.88405238666141],[-48.73809306090889,-26.88403264333788],[-48.73808507260234,-26.883981429185646],[-48.73808260676209,-26.883831419600856],[-48.73806706519896,-26.883721146896843],[-48.738075216088376,-26.88368229225415]]},"properties":{"objectid":2589,"cota":3,"tipocurvanivel":"Normal","sourceLayer":"curvas-0"}},{"type":"Feature","geometry":{"type":"LineString","coordinates":[[-48.73975027794072,-26.883060710118066],[-48.73975668386858,-26.883047554648495],[-48.73976672120431,-26.88305041362617],[-48.73977530991949,-26.883104314917926],[-48.739784588658026,-26.883258357500154],[-48.739810884013295,-26.883481461241562],[-48.73980154621057,-26.8835051438737],[-48.73979108382211,-26.88348702928859],[-48.73976829595815,-26.883351601171004],[-48.73975027794072,-26.883060710118066]]},"properties":{"objectid":2590,"cota":3,"tipocurvanivel":"Normal","sourceLayer":"curvas-0"}},{"type":"Feature","geometry":{"type":"LineString","coordinates":[[-48.72761272183885,-26.87558681980893],[-48.72752010677352,-26.875796759241563],[-48.727369850840546,-26.876172874786274],[-48.72710194697166,-26.876783643448658],[-48.727079286128586,-26.87685491097766],[-48.72713435531149,-26.87674853429102],[-48.72736557305457,-26.876240322050023],[-48.72766948661428,-26.87551575512199],[-48.72774685418574,-26.875318898623018],[-48.727754914366685,-26.875288184242606],[-48.72775068337031,-26.875279046534146],[-48.72773388754044,-26.875279256468907],[-48.72772372282899,-26.87529619985845],[-48.72767828229905,-26.875434235463967],[-48.72761272183885,-26.87558681980893]]},"properties":{"objectid":2641,"cota":3,"tipocurvanivel":"Normal","sourceLayer":"curvas-0"}},{"type":"Feature","geometry":{"type":"LineString","coordinates":[[-48.72787118253776,-26.88154951659768],[-48.72788424542275,-26.88155781722634],[-48.727883180978885,-26.88154487337727],[-48.727868635483794,-26.881529339206935],[-48.72787130450831,-26.881518921820696],[-48.727890812614326,-26.881529922488994],[-48.727910966282664,-26.881527367878288],[-48.72795461707514,-26.881539300193648],[-48.72796265787069,-26.88152839525918],[-48.7279609094403,-26.88149697081992],[-48.72798923300019,-26.8814956206385],[-48.728002087094346,-26.881502938737025],[-48.72799592433551,-26.881529433063804],[-48.728016176557524,-26.881589866677682],[-48.72800819083597,-26.88164993539145],[-48.72803319404626,-26.881683111955766],[-48.72803938535306,-26.881740210432937],[-48.72803124047987,-26.881754405842667],[-48.72797723879967,-26.88176737986729],[-48.7279666154991,-26.881794035268843],[-48.7279501147034,-26.881788353307584],[-48.72793739261368,-26.881759293643626],[-48.72792554797478,-26.881770735709217],[-48.72792798307114,-26.88173845806943],[-48.72794400142329,-26.881734449862318],[-48.72794318512083,-26.881725904045126],[-48.72789680987642,-26.881713322349288],[-48.72791889275565,-26.881696383905524],[-48.72790864735978,-26.881676532093657],[-48.72789854902806,-26.881678757529993],[-48.727913293233065,-26.88166257821235],[-48.727895567928755,-26.881613873797672],[-48.727909695144966,-26.881585121517297],[-48.727893697612714,-26.881580795910413],[-48.72786815429191,-26.881597105625275],[-48.72786669136403,-26.881586825721687],[-48.727876431140906,-26.881577319852028],[-48.727863304609684,-26.88154619337796],[-48.72787118253776,-26.88154951659768]]},"properties":{"objectid":2593,"cota":3,"tipocurvanivel":"Normal","sourceLayer":"curvas-0"}},{"type":"Feature","geometry":{"type":"LineString","coordinates":[[-48.72819079342792,-26.88219411029607],[-48.728209026820736,-26.882165756138566],[-48.72825670290967,-26.8821752506194],[-48.72825846547488,-26.882147459976096],[-48.728271934734906,-26.88213655660761],[-48.72829186804847,-26.8821356652323],[-48.72832886455399,-26.882150933268377],[-48.728337907748156,-26.882130920643686],[-48.72835900737009,-26.882121028007003],[-48.728359762575224,-26.882095548583226],[-48.72840657581929,-26.882111400448128],[-48.72843608287071,-26.882137481208588],[-48.72844089036277,-26.882182666707177],[-48.72843337943947,-26.882213370067383],[-48.7284061314923,-26.882229615458556],[-48.72843075329948,-26.882252538480948],[-48.72842907657831,-26.88228766203124],[-48.72842227921474,-26.88229592295055],[-48.72840744850014,-26.88228276581356],[-48.72836012529678,-26.88229869462582],[-48.72831324647339,-26.88229587851333],[-48.728302179173475,-26.882313437299153],[-48.72828029530835,-26.882325605027404],[-48.72823565372752,-26.88232540317992],[-48.72822298286366,-26.88231530939516],[-48.72822043531318,-26.882301089990587],[-48.728248554285756,-26.882271237935946],[-48.72822956392882,-26.88228289628748],[-48.72821829360597,-26.88227785168911],[-48.72821018400382,-26.882251543813425],[-48.72821352934448,-26.882235188334352],[-48.728186973288615,-26.88220471944355],[-48.72819079342792,-26.88219411029607]]},"properties":{"objectid":2594,"cota":3,"tipocurvanivel":"Normal","sourceLayer":"curvas-0"}},{"type":"Feature","geometry":{"type":"LineString","coordinates":[[-48.729123721508365,-26.882437688547373],[-48.72913198176205,-26.882427986433154],[-48.729131492108,-26.882411102697212],[-48.729114830075645,-26.88240039071013],[-48.72910680761969,-26.882435444734302],[-48.72909069705041,-26.88244340703728],[-48.729110995035576,-26.882483217509833],[-48.72911336162159,-26.88255289692241],[-48.729165984067244,-26.88260987015373],[-48.729118351444484,-26.882593809520593],[-48.72908380813459,-26.88261166503559],[-48.72909317303811,-26.882627298089623],[-48.729063950994366,-26.88261609084565],[-48.72903656257942,-26.882634629035717],[-48.728960881567346,-26.882644946355963],[-48.72903892093521,-26.882661636749813],[-48.72905338594987,-26.882677939309477],[-48.72907019892656,-26.88268211095142],[-48.72909374790944,-26.882679377941315],[-48.7291302488601,-26.88265300767576],[-48.729255494177615,-26.882656014104363],[-48.72925810247776,-26.8826811442221],[-48.729237221462185,-26.8826991779211],[-48.72927483487632,-26.882709278270543],[-48.72926779881294,-26.882692232428543],[-48.729275832201466,-26.882633376383378],[-48.729268627368455,-26.882521990847852],[-48.72925005136036,-26.882520831247355],[-48.72924612522652,-26.882603285681355],[-48.72922463744933,-26.88261296013253],[-48.72918799055792,-26.88261003988226],[-48.729174093447014,-26.882585517904293],[-48.72918910196467,-26.882568549445867],[-48.72918826981208,-26.88251076195494],[-48.72916444793924,-26.88252155761849],[-48.72916025320866,-26.8825508036379],[-48.7291324889167,-26.882551299387988],[-48.7291222407364,-26.882536957983348],[-48.72913196992657,-26.882499292629568],[-48.72915047520556,-26.882502781240706],[-48.72915237019468,-26.882492264746187],[-48.729160526697655,-26.88249006666032],[-48.72917692705408,-26.88245387126762],[-48.72917362661687,-26.882431346230405],[-48.729155112315354,-26.882432436522077],[-48.72913402609527,-26.882451121186442],[-48.72912319909603,-26.882448111596823],[-48.729123721508365,-26.882437688547373]]},"properties":{"objectid":2595,"cota":3,"tipocurvanivel":"Normal","sourceLayer":"curvas-0"}},{"type":"Feature","geometry":{"type":"LineString","coordinates":[[-48.72529183645714,-26.88123445115463],[-48.72544138646465,-26.88082763946068],[-48.72550560525915,-26.88071086401909],[-48.72542005668141,-26.880718222079846],[-48.72544114190811,-26.880751257453113],[-48.72543976105912,-26.880775081590812],[-48.72540026753679,-26.880865694237748],[-48.725333771847545,-26.881067654134725],[-48.72529183645714,-26.88123445115463]]},"properties":{"objectid":2599,"cota":3,"tipocurvanivel":"Normal","sourceLayer":"curvas-0"}},{"type":"Feature","geometry":{"type":"LineString","coordinates":[[-48.72710747271978,-26.8813800819151],[-48.72712563737178,-26.88152021276506],[-48.72711795328358,-26.88162543051523],[-48.72713020440579,-26.88182394598344],[-48.72714053612598,-26.881862459232636],[-48.72713210911976,-26.881889639936666],[-48.7271325301166,-26.881932317343725],[-48.727145482275816,-26.882002371040027],[-48.72716009835783,-26.882014677445426],[-48.727168126346285,-26.882006680958366],[-48.72716420281167,-26.881878830632232],[-48.727170738557916,-26.881811683287204],[-48.72715967087965,-26.88172581286211],[-48.72715016372323,-26.881526562732994],[-48.72715545423135,-26.881496694587394],[-48.727143241857895,-26.88146782355464],[-48.72714898353897,-26.881410884599106],[-48.72713858304103,-26.88136122586446],[-48.727143919999925,-26.881302735397615],[-48.72713073233995,-26.881271154850612],[-48.7271356596415,-26.88122312713623],[-48.72712047384273,-26.88117266221261],[-48.727128638735394,-26.881148468012377],[-48.727095505796896,-26.881068199583492],[-48.727089688075345,-26.881080964097062],[-48.72710747271978,-26.8813800819151]]},"properties":{"objectid":2600,"cota":3,"tipocurvanivel":"Normal","sourceLayer":"curvas-0"}},{"type":"Feature","geometry":{"type":"LineString","coordinates":[[-48.729109532521875,-26.88534414226628],[-48.72908559610567,-26.884940422575426],[-48.729084893415624,-26.884767012288904],[-48.72902990215526,-26.884150822502058],[-48.728995908360695,-26.88344714094322],[-48.7289753325829,-26.88333158676497],[-48.72895900313479,-26.8830047013847],[-48.7289349932619,-26.88281573974221],[-48.72892600034277,-26.88281406637967],[-48.728921597411016,-26.882827802199312],[-48.728926997494945,-26.883047886181178],[-48.72894552777085,-26.88316763817046],[-48.72897215180834,-26.88368741230281],[-48.72898424650424,-26.8837604482315],[-48.7290120843205,-26.88425365380209],[-48.729053874709045,-26.884716938193133],[-48.72905589200036,-26.884949869198174],[-48.72906948212008,-26.885105851892327],[-48.72905881628784,-26.885140062911717],[-48.72894603255716,-26.885146827985544],[-48.72886633005533,-26.885175167449773],[-48.72876261227631,-26.88517971013534],[-48.72874761402139,-26.885174708491995],[-48.728739685400114,-26.885161578449654],[-48.7286806860887,-26.884819934049133],[-48.728596461061144,-26.884403735740936],[-48.72850486911807,-26.884088844599145],[-48.7283928367169,-26.883778068312655],[-48.728261761340164,-26.883290421786352],[-48.72823989331984,-26.883187283442087],[-48.728232633282744,-26.88305617031706],[-48.72824232371163,-26.88302886186298],[-48.7282224885686,-26.882968994503504],[-48.7282155732265,-26.882903510535243],[-48.728221995088376,-26.882865374226675],[-48.72821684470749,-26.88269042953813],[-48.728204092128955,-26.88253027017158],[-48.72820728530017,-26.882449377887966],[-48.72821599667512,-26.882414461352734],[-48.728230447950004,-26.882396577976337],[-48.728300835010714,-26.88235839750978],[-48.72840020350034,-26.882347116869813],[-48.72841468978768,-26.882354953024095],[-48.7284229204702,-26.882381549817506],[-48.72844773191548,-26.882403094233776],[-48.72843958931587,-26.88241405621608],[-48.72841761921796,-26.882409805166105],[-48.7284484157397,-26.882427020218337],[-48.72845705844067,-26.882450729472268],[-48.728485627903254,-26.882452040879127],[-48.72849005206514,-26.8824845425605],[-48.728513179151406,-26.88249449855999],[-48.72852197429258,-26.88248296318163],[-48.72851908886745,-26.882458765346037],[-48.72853932903003,-26.882449076353222],[-48.72852251828086,-26.88242723557186],[-48.72852660068153,-26.88239596537617],[-48.728550890046684,-26.88238182382747],[-48.728550538315865,-26.88236529426804],[-48.728573716136225,-26.88237402103023],[-48.728579749810244,-26.882384470098128],[-48.72855885526595,-26.882412788726707],[-48.72855407388212,-26.882435633216392],[-48.72857658942466,-26.882444464841374],[-48.72858729901353,-26.882479056611693],[-48.728573313761956,-26.882500159349437],[-48.72859802995536,-26.88252148742596],[-48.7285973723288,-26.882591351930486],[-48.728624091374535,-26.88286643217821],[-48.72866942791349,-26.88355407459877],[-48.72865436721118,-26.883622298732],[-48.728617602869306,-26.883638318000514],[-48.72861098460596,-26.883652514525888],[-48.72861943749509,-26.883658749244237],[-48.72866581419351,-26.88365142627664],[-48.7286894353608,-26.883671662817836],[-48.72870046340386,-26.883670764450347],[-48.728705654881004,-26.883655194003477],[-48.72869549217118,-26.883426043224894],[-48.728683580278215,-26.883331046334636],[-48.72868914954805,-26.88328123841007],[-48.72866840648782,-26.883104272337654],[-48.728632808761176,-26.882451754734838],[-48.728618136099016,-26.882326179862194],[-48.72862365222916,-26.882310928688064],[-48.72869080831151,-26.882284587672043],[-48.72871520572651,-26.882283559561692],[-48.72873880257896,-26.882266703996493],[-48.72873219211129,-26.882240862454978],[-48.72874739061723,-26.882197184506744],[-48.72872075211152,-26.882133492402414],[-48.72874609540702,-26.88208436073131],[-48.72873988916999,-26.882081332469067],[-48.72871658448697,-26.882096815592703],[-48.72870941194303,-26.882079202597232],[-48.72871660811121,-26.882061616717305],[-48.72868706208454,-26.882066568018534],[-48.728669825840136,-26.882049800317155],[-48.728692887791915,-26.882042881181015],[-48.72869747809808,-26.88201519646552],[-48.728727575854,-26.882021807230352],[-48.728738271312196,-26.882002607182567],[-48.728753756193164,-26.881999258119915],[-48.72878001201972,-26.881976204844566],[-48.72875161439866,-26.8819463282306],[-48.728718530924496,-26.881937139883068],[-48.72867494738569,-26.881906434254716],[-48.72867746506371,-26.881895781583996],[-48.72869151864883,-26.881889574004333],[-48.728732351757266,-26.881912477915755],[-48.72873860842448,-26.88190840468795],[-48.72873212627217,-26.881872725770425],[-48.72872230740154,-26.881873306076628],[-48.728703871908166,-26.881855514665066],[-48.72864126108699,-26.881761984744667],[-48.72865134969414,-26.88175747769861],[-48.72866672300154,-26.881774450079163],[-48.728680276329065,-26.88177785730554],[-48.7286765164646,-26.881754457615273],[-48.728687756872,-26.881737093799824],[-48.72867574370085,-26.881718218940954],[-48.72867665429481,-26.881696992560855],[-48.72865205715886,-26.881669869966156],[-48.72863145966309,-26.881622002940407],[-48.72866958999387,-26.8816491599762],[-48.72867784056334,-26.881621674002464],[-48.72865909003158,-26.88159784823545],[-48.728649044949755,-26.881563495476676],[-48.728622395466054,-26.881540265541048],[-48.72862452667906,-26.881500930325757],[-48.72859857960545,-26.881490082500875],[-48.72859821178245,-26.881518940625224],[-48.728579757015005,-26.881547907659485],[-48.72857320625209,-26.881539664894994],[-48.72855069811938,-26.881197608238534],[-48.72856747276222,-26.881157138598713],[-48.72855654276639,-26.881157222727186],[-48.72854719025952,-26.881146413451802],[-48.72854189905864,-26.881094717099565],[-48.728551740447095,-26.8810738355936],[-48.728595210004585,-26.881082647720593],[-48.72858652235261,-26.881066069834066],[-48.728594795178076,-26.881029619256875],[-48.72858672824428,-26.881010385508034],[-48.72854539831118,-26.881005597532077],[-48.72853279016372,-26.880970685539175],[-48.728536906905696,-26.880963357049914],[-48.72859912425737,-26.88096276119259],[-48.72860627605729,-26.88095272451778],[-48.7285895947455,-26.88094253649393],[-48.72859324106398,-26.88093789696565],[-48.72870678465736,-26.880907317642862],[-48.728759812880405,-26.8809030399379],[-48.72878166253406,-26.88092190601022],[-48.72878111250981,-26.880992338102722],[-48.728805710749505,-26.881264284343178],[-48.72882267621096,-26.88171183520058],[-48.728835858677705,-26.881811086833583],[-48.728828842696664,-26.881832396430962],[-48.72884637369233,-26.881898639494796],[-48.72886735365952,-26.88216502346996],[-48.72886449984752,-26.882244420472176],[-48.72887628554527,-26.88229928327007],[-48.72891063384197,-26.88267571337359],[-48.7289264586593,-26.882737853517906],[-48.72893367896458,-26.88263431302933],[-48.728897028972305,-26.882275899476973],[-48.72890334351195,-26.88222021771973],[-48.72892887242332,-26.882209460376707],[-48.72889760707017,-26.882188764349777],[-48.72888239526327,-26.882129490322022],[-48.72881338426769,-26.881065455747642],[-48.7288087854593,-26.880883761406203],[-48.72878422569244,-26.880858148340362],[-48.728760566773495,-26.880871228875193],[-48.72857756928157,-26.880908832332057],[-48.728002902747036,-26.880987866393568],[-48.72798341139229,-26.881001336909765],[-48.727964245794006,-26.88098468880599],[-48.72796621242981,-26.881011443859],[-48.72804638336776,-26.881025551923678],[-48.72813951982402,-26.881010666942817],[-48.728203822927746,-26.880990524301584],[-48.72837178613584,-26.88096374811963],[-48.72844475355455,-26.88096079204383],[-48.72846875431022,-26.880968512274816],[-48.72848096826928,-26.88098317953365],[-48.728485117174074,-26.881012384644634],[-48.728450734807275,-26.88101647750666],[-48.72843129684664,-26.88104323124096],[-48.72844479490871,-26.881063787803562],[-48.728441860845514,-26.881103008126313],[-48.72846559867477,-26.881138015195265],[-48.72845568345554,-26.88115463683351],[-48.728459389267705,-26.881178773865088],[-48.728475487059455,-26.881200225054105],[-48.728503045574165,-26.881211208913733],[-48.72846294894391,-26.881228633855734],[-48.72846242539519,-26.88127206949617],[-48.728470271368096,-26.88127638667112],[-48.728485443827815,-26.881242964698],[-48.728503743552736,-26.88123523349658],[-48.72851034043174,-26.881250931262542],[-48.7284960429275,-26.881264658651098],[-48.72849256115124,-26.881286984378082],[-48.72847663849672,-26.881291948082932],[-48.72848460751853,-26.88130369893204],[-48.728498104631306,-26.881295824613517],[-48.728504378606864,-26.881302961034915],[-48.72847034648304,-26.88132828250433],[-48.72848031624836,-26.88136851083229],[-48.72845081624865,-26.881373635200998],[-48.728439305306836,-26.881399845900578],[-48.72843824310567,-26.88142905293368],[-48.728421956492014,-26.88141995959359],[-48.72840289264677,-26.881390720359637],[-48.7283694097907,-26.881386515174313],[-48.72835974618179,-26.881371989096404],[-48.728346511634186,-26.881449855513395],[-48.72832668315943,-26.88141411533919],[-48.7283253778456,-26.881379500637653],[-48.72830197578656,-26.881367706411528],[-48.728283684920484,-26.881332830243927],[-48.72828824575121,-26.88128865997116],[-48.728279205684586,-26.88127596687137],[-48.7282611626422,-26.881193583277504],[-48.72825941678235,-26.881145774855476],[-48.72824518523401,-26.881115349893932],[-48.72823898379816,-26.881117468375493],[-48.72823476193051,-26.881172766824474],[-48.728256891429474,-26.88121160152842],[-48.72824127272163,-26.88122944448093],[-48.72823802073429,-26.881285661883968],[-48.72823072289509,-26.88128800368435],[-48.728218221952325,-26.88127726918792],[-48.72820515018552,-26.88129084569718],[-48.72816725727614,-26.881281665604952],[-48.72816188557556,-26.8813030792253],[-48.72817354623141,-26.88132412516767],[-48.72814809880888,-26.881359945695017],[-48.72814881358676,-26.881377290593942],[-48.72813615544462,-26.8813671699366],[-48.72813700796356,-26.88133169561488],[-48.72812708551026,-26.88131974727503],[-48.7281037780185,-26.88130956631839],[-48.72809539578048,-26.881328687110717],[-48.7280853621721,-26.881322798752205],[-48.72807479310345,-26.88126861697223],[-48.728082154071345,-26.881226293046204],[-48.72805272701635,-26.881190543734135],[-48.728070705017146,-26.88118279748771],[-48.72806507807665,-26.881158410251263],[-48.728035827620246,-26.8811312406838],[-48.72798738027773,-26.881147494242207],[-48.72798005616738,-26.881310622820138],[-48.7279767210876,-26.881319120808453],[-48.727969023680984,-26.88131547742118],[-48.727965936752305,-26.881342509453102],[-48.72797953354782,-26.88136210202158],[-48.727982154743856,-26.881407701781576],[-48.72794808584045,-26.881441746531756],[-48.727911345356056,-26.881433314089524],[-48.72787586769512,-26.88144249796628],[-48.72786528431208,-26.88147203824091],[-48.727873689276784,-26.881487349089344],[-48.727853832549265,-26.88150660203263],[-48.72784838305616,-26.881479081623187],[-48.72783490443048,-26.881469579456805],[-48.727827675071424,-26.881498327185376],[-48.72781576883276,-26.881495796487293],[-48.72781152526687,-26.88147942993223],[-48.72779799870901,-26.88148756541902],[-48.727812437120186,-26.88151136884747],[-48.72783336907886,-26.88151624131571],[-48.72784400232708,-26.881537983691814],[-48.727830020943976,-26.881549687379973],[-48.727841491214775,-26.881562188574833],[-48.727821357452044,-26.88156892906864],[-48.727816624910304,-26.881593301265138],[-48.72783834247271,-26.881598797331918],[-48.72787138205925,-26.881643320687697],[-48.72788965807893,-26.881641860330237],[-48.72787343505789,-26.881660073446323],[-48.72779441847055,-26.881583216482998],[-48.72779104882197,-26.881543994044193],[-48.72776024666916,-26.881547650685157],[-48.727734354807,-26.88153766904446],[-48.72774139573623,-26.88157216303922],[-48.72771970854979,-26.88156912301889],[-48.727712401406194,-26.881584956300642],[-48.727703105127475,-26.881586429347507],[-48.72770397540353,-26.88155948078669],[-48.72766232806936,-26.8815498259285],[-48.727649230206275,-26.881535427750855],[-48.72767952671952,-26.881543059894803],[-48.727689073975085,-26.881525672534142],[-48.72771757166175,-26.88152336590261],[-48.72772041617826,-26.88151303075902],[-48.727710098727535,-26.88149059585989],[-48.72769692847035,-26.88148972518185],[-48.727684004981896,-26.881505543910112],[-48.72766780816274,-26.88148708628182],[-48.727664848493475,-26.881514695212456],[-48.72762980547398,-26.88150798842157],[-48.72761576361724,-26.88152371966088],[-48.72760056192113,-26.881462267168853],[-48.72761639210499,-26.881440802546347],[-48.72769974009576,-26.88142877187155],[-48.72771589211399,-26.881417980301322],[-48.72775392306571,-26.881420059535014],[-48.727769137784705,-26.881388259134294],[-48.727793250462675,-26.881378565760407],[-48.727834842991825,-26.88140257771045],[-48.72789623624302,-26.88137381601777],[-48.72794618026873,-26.881370889621255],[-48.72795419657881,-26.881352957799493],[-48.72793029183308,-26.88133852477892],[-48.72792110203085,-26.8813228547666],[-48.727904780272105,-26.881208421164363],[-48.72784826526878,-26.88112700604788],[-48.72782065793184,-26.881129382986153],[-48.72775801226783,-26.881104904190153],[-48.72773023771732,-26.88110859690346],[-48.72772735324259,-26.88112354564341],[-48.72773953039574,-26.88112354932724],[-48.72774537384088,-26.88113188001741],[-48.72772905894499,-26.88114608655945],[-48.72775496982645,-26.88117141109305],[-48.727751417410204,-26.881200530221342],[-48.72776239572357,-26.881251904756468],[-48.72777922188475,-26.881280102737716],[-48.72777995236676,-26.881297012004246],[-48.727808917970854,-26.881322472308636],[-48.72778002156111,-26.88131739680489],[-48.72778458239172,-26.881345118605886],[-48.72776055337627,-26.88134449378399],[-48.727745876967255,-26.881368502950416],[-48.72773383269456,-26.881361202370613],[-48.727706059394755,-26.881374839216424],[-48.72770362024911,-26.881388856569327],[-48.72763797577477,-26.88139323320596],[-48.727598864325536,-26.881370262840047],[-48.727597201998144,-26.88132342409882],[-48.727605386280636,-26.881322600981616],[-48.727618504852394,-26.881343608152346],[-48.727654372710724,-26.881340674683862],[-48.727667308038484,-26.881349916341247],[-48.727673876792366,-26.881322800456555],[-48.727715431278135,-26.881321448409917],[-48.72768413591457,-26.881287889902556],[-48.7277048455475,-26.881293258769457],[-48.72771161313821,-26.88126566056196],[-48.72773846507561,-26.881251998061273],[-48.72770653634553,-26.8812283166355],[-48.72770537875403,-26.88121575392679],[-48.727717117811814,-26.88121577402858],[-48.72770455335304,-26.881202885216418],[-48.72768566606704,-26.881205424978628],[-48.727686723450226,-26.881214294143426],[-48.72765090168797,-26.881210046649546],[-48.72762477427552,-26.881235734233147],[-48.727597915821775,-26.881224924812667],[-48.72760078321007,-26.88120811494525],[-48.72759074664594,-26.881195133231905],[-48.72759606890468,-26.88117991778605],[-48.72757544448232,-26.881146349548864],[-48.727585790248355,-26.88111993517791],[-48.72754789677145,-26.881106061261406],[-48.72753405830116,-26.881126970427882],[-48.72753273515626,-26.881168151492712],[-48.72759528023895,-26.882017812905197],[-48.72756481116892,-26.88202890835337],[-48.72739452366218,-26.882044812152156],[-48.72731759373486,-26.882035982842364],[-48.72728777094187,-26.882061451150886],[-48.727241922904035,-26.88206954296676],[-48.727195004217705,-26.88206349597125],[-48.727160249724704,-26.882034218866842],[-48.727148429367205,-26.88203307746362],[-48.727136467889565,-26.882045725960293],[-48.72713520059401,-26.882124990474356],[-48.727145860601816,-26.88213649050002],[-48.727159591508816,-26.882108444867864],[-48.72723429859501,-26.88209221801692],[-48.7275684267508,-26.882058048945467],[-48.72759679668221,-26.88205851262198],[-48.72760286912957,-26.882066465266163],[-48.72768572893554,-26.883000270482597],[-48.72767826149429,-26.883053382369216],[-48.727697735954486,-26.883144389410806],[-48.727713469444396,-26.88329712173188],[-48.7277866438531,-26.88421205144445],[-48.72778556784909,-26.88428182163822],[-48.72780282601968,-26.884390703970098],[-48.72783505319425,-26.884808284269894],[-48.72788727247619,-26.885285342816903],[-48.727892845995875,-26.88527402730124],[-48.72788891993206,-26.885194004199448],[-48.72777163924326,-26.883781254751124],[-48.72775398895643,-26.883469656449517],[-48.72775889923847,-26.88342468775634],[-48.72772032068301,-26.883087648323652],[-48.727726033486874,-26.883072182866748],[-48.72781902755958,-26.883059672047107],[-48.72782803198319,-26.883048597628328],[-48.72780744809979,-26.883038386426122],[-48.72774117580784,-26.8830456236648],[-48.72771269278486,-26.883021073548065],[-48.727719556707065,-26.882990528589833],[-48.727702914479764,-26.882890557037076],[-48.727678114399026,-26.88247843776759],[-48.727662292727935,-26.88233358693493],[-48.727673410323064,-26.88228997973526],[-48.727657905473805,-26.882264295570124],[-48.72763742406575,-26.882065232567438],[-48.72764159642881,-26.8820534694529],[-48.72765624022077,-26.882049656656765],[-48.72771174594988,-26.882056433661504],[-48.72785122460257,-26.882054575053793],[-48.727880604143024,-26.882045370701423],[-48.72797880027646,-26.882041065491542],[-48.72798990939994,-26.88204410497306],[-48.728002549513256,-26.88206182039321],[-48.728020954920694,-26.882048311659148],[-48.72803934783404,-26.882019077491837],[-48.72797878226091,-26.881926363529086],[-48.72794171908993,-26.881928821202003],[-48.72792718404741,-26.881941033095927],[-48.72792947704262,-26.88195736014738],[-48.7279214392151,-26.881958858866636],[-48.72790526780997,-26.881946017630437],[-48.72790445194613,-26.881912499164084],[-48.727896282107736,-26.881906058691623],[-48.72788653291278,-26.88191296534731],[-48.72788223881788,-26.881933782619758],[-48.72784349366613,-26.88195864004624],[-48.7277766037754,-26.88196076222483],[-48.727777955460084,-26.88197464022049],[-48.72771203129326,-26.881983673540933],[-48.72769946960695,-26.882006354918904],[-48.727647581381596,-26.882006795264644],[-48.72763415685742,-26.881948212287856],[-48.727625191136,-26.881838099741508],[-48.72766842306306,-26.88177580504303],[-48.72768850062767,-26.881785607421104],[-48.727674441119326,-26.881797692474045],[-48.72770559152993,-26.881801883766983],[-48.727720775000954,-26.881817271191554],[-48.72769346119564,-26.88188283258777],[-48.727744436524716,-26.881870272042995],[-48.727809369660044,-26.881913989136763],[-48.727816110892604,-26.881911200716818],[-48.72780752913387,-26.8818902385725],[-48.72778526139581,-26.881869935237496],[-48.72780022078244,-26.881855075171014],[-48.72787326765729,-26.881858689646393],[-48.72787692949126,-26.881876920332118],[-48.72789440672402,-26.881879824018505],[-48.72791768490598,-26.881905710819737],[-48.72797288601058,-26.881898283635923],[-48.72795516405371,-26.881888647338716],[-48.72793523703914,-26.881838719882428],[-48.727936473299245,-26.88182169605801],[-48.72797674530867,-26.881825048551526],[-48.72799136241541,-26.88180948806892],[-48.72802501196886,-26.88180717671569],[-48.728056049579976,-26.881843570125206],[-48.72811222553889,-26.882243858507106],[-48.72815421729903,-26.88241380061556],[-48.72816603475328,-26.882786569896027],[-48.728211957890196,-26.883214135975123],[-48.72835348818226,-26.883771027998563],[-48.72845131851063,-26.884057982175282],[-48.72847610498816,-26.884155859209862],[-48.72847051346008,-26.88417567827217],[-48.72844929668645,-26.884187835981137],[-48.72822952499885,-26.88421681089262],[-48.72785122300016,-26.884252348899324],[-48.727842961321,-26.88426366899833],[-48.727854739123636,-26.88427283427179],[-48.72788072497953,-26.884273571809246],[-48.728194122787045,-26.884237422868125],[-48.72843295212444,-26.88422292665272],[-48.728467331883564,-26.884214132926946],[-48.728490874306644,-26.884222410746585],[-48.72850970673517,-26.884253178623744],[-48.728531648765404,-26.884322296581356],[-48.728607245685005,-26.884634686962105],[-48.72871076485121,-26.88515604876979],[-48.728708106903696,-26.88520374844676],[-48.72878312532459,-26.885241439265943],[-48.728809500493995,-26.885233039258654],[-48.728836008669,-26.885205207980523],[-48.72888591932776,-26.8851921588898],[-48.72897758489013,-26.88520112062647],[-48.72904458125019,-26.88518914129082],[-48.72907453874879,-26.8852028583803],[-48.72909086997739,-26.885305467195096],[-48.7291188477914,-26.885691240716792],[-48.72912940586336,-26.88573408294362],[-48.729109532521875,-26.88534414226628]]},"properties":{"objectid":2601,"cota":3,"tipocurvanivel":"Normal","sourceLayer":"curvas-0"}},{"type":"Feature","geometry":{"type":"LineString","coordinates":[[-48.72906054102049,-26.88140441942116],[-48.72909529097394,-26.881418690017302],[-48.72905723163286,-26.881429201707242],[-48.729054730335974,-26.88144598320676],[-48.72907147027291,-26.881470307238775],[-48.72909611927463,-26.88147928678691],[-48.729101286824694,-26.881501444767643],[-48.72912363305505,-26.881518032865248],[-48.729091811660744,-26.881509348616007],[-48.72907626777405,-26.881488624749014],[-48.729046651604904,-26.881518633408113],[-48.72904936759217,-26.881549448005433],[-48.729032102638904,-26.881533965881875],[-48.72902117796075,-26.881534235132992],[-48.72900872680927,-26.88157254258279],[-48.7289885606017,-26.881578845035275],[-48.72900147589927,-26.881590253042926],[-48.72896175573753,-26.881587438555233],[-48.72891914091419,-26.8816155397563],[-48.728917615035705,-26.881625061363774],[-48.72893232646217,-26.881643830686222],[-48.728957482927434,-26.881645149377484],[-48.728978944146036,-26.88166044900442],[-48.72903259715535,-26.881676178706762],[-48.729057376638224,-26.881725341161673],[-48.729055538959244,-26.881687543971935],[-48.72907822952197,-26.881666378093946],[-48.729165748433154,-26.881669679505237],[-48.72918007563307,-26.881688591530978],[-48.72919321111418,-26.88178557813616],[-48.72920301431579,-26.881806971364593],[-48.729213019949775,-26.881809734004566],[-48.72922098518986,-26.881797569760142],[-48.72922001502629,-26.881732136270536],[-48.729201013594015,-26.881564667655642],[-48.72917956942986,-26.8815364343842],[-48.72919334528474,-26.881517587947947],[-48.729179287129426,-26.881433528580505],[-48.72918706424524,-26.881397300117975],[-48.72917608945712,-26.88132875385063],[-48.72917715286782,-26.88124159311422],[-48.729163713004176,-26.881184696682602],[-48.72917000437826,-26.88117148575453],[-48.72923353673549,-26.881145242301535],[-48.729238090385074,-26.881105237585842],[-48.72922316380464,-26.881072465086444],[-48.72916746459363,-26.881035719640803],[-48.72914287065079,-26.88093706516928],[-48.729159405739146,-26.88091294313575],[-48.72913520706545,-26.88057320386259],[-48.729162397014576,-26.88054307223289],[-48.72915542908974,-26.880514218888823],[-48.729177678890544,-26.880502953922775],[-48.72964275747532,-26.88042062376174],[-48.72966593733003,-26.880412922110374],[-48.729676936306035,-26.880398508950282],[-48.7295725128166,-26.880406102216718],[-48.72917270449543,-26.88046358566456],[-48.729151803805436,-26.880457155367743],[-48.72913170100161,-26.880414191265967],[-48.729107082449595,-26.88042891695013],[-48.729101148514864,-26.88047131443527],[-48.729084518864966,-26.88048919628938],[-48.72909005729841,-26.8805046315463],[-48.7290700800519,-26.880515787742006],[-48.7290743056255,-26.880555963389373],[-48.729065040124745,-26.880577846897037],[-48.72908699833822,-26.880588061950736],[-48.729077824002495,-26.880611375507616],[-48.729074663672655,-26.880702894769016],[-48.72909663000334,-26.8807471829582],[-48.729084752022814,-26.880763122421303],[-48.72910971030241,-26.880845061212167],[-48.72910313300928,-26.880956476958584],[-48.72908151358085,-26.880930422086948],[-48.72907376506546,-26.880940709100052],[-48.72905683020102,-26.880944407604805],[-48.729066144438114,-26.880965638659042],[-48.729097856782985,-26.880973779682463],[-48.729108526167465,-26.880985118177232],[-48.729104197571715,-26.881014670688835],[-48.7291133983657,-26.881041072775407],[-48.7291108798905,-26.881060375454126],[-48.729103153597066,-26.88106305785677],[-48.72907521577105,-26.88104361203278],[-48.729108748898895,-26.881086672956524],[-48.72910182142491,-26.881120674286667],[-48.72909183414564,-26.881111460302353],[-48.72909105402182,-26.881083987928676],[-48.729049823307015,-26.881084250916413],[-48.72901485478673,-26.88106184118842],[-48.729001882980455,-26.881071783402994],[-48.72899343377324,-26.881095067096922],[-48.729005594915364,-26.881211026555505],[-48.729021797766485,-26.881227078197224],[-48.72904646170771,-26.881229972753562],[-48.72903885623911,-26.881254142687624],[-48.72904351052179,-26.881278665867818],[-48.72903420742258,-26.881288836733496],[-48.72908084506516,-26.8813092320979],[-48.72910817599881,-26.881297427058684],[-48.72913925089911,-26.88129648276365],[-48.72913269760598,-26.881314890313313],[-48.729110998589,-26.881320746695778],[-48.72912704153643,-26.881349276676193],[-48.729114858483406,-26.8813704039456],[-48.72909317762708,-26.881342384348567],[-48.72903535934728,-26.88132896927542],[-48.72903512576746,-26.881349508951747],[-48.729048647854114,-26.88137420630161],[-48.72905583313826,-26.88137618449437],[-48.72905412580267,-26.88135763781172],[-48.72907040896216,-26.88137662010144],[-48.72907049340477,-26.881391522757394],[-48.72906054102049,-26.88140441942116]]},"properties":{"objectid":2602,"cota":3,"tipocurvanivel":"Normal","sourceLayer":"curvas-0"}},{"type":"Feature","geometry":{"type":"LineString","coordinates":[[-48.73012829594355,-26.88351717036786],[-48.73011573073167,-26.883449964907165],[-48.730118309885775,-26.88338386739684],[-48.73009838481047,-26.883265860993088],[-48.73009926366694,-26.883214641065706],[-48.73005660597535,-26.882816238174502],[-48.73005772683459,-26.882720182861295],[-48.73004848603316,-26.882632878149405],[-48.73005316148214,-26.882583900467424],[-48.73004374616863,-26.88253845773946],[-48.73002313692456,-26.882196944254865],[-48.73002463080446,-26.88217466955556],[-48.73004804618739,-26.88214749761205],[-48.730055269272114,-26.882114456677954],[-48.73003990942669,-26.882065277913533],[-48.73000992939119,-26.882027345175565],[-48.729987418295345,-26.88193853395818],[-48.729995650792425,-26.88190131374643],[-48.729978091676884,-26.881851649305265],[-48.72997272216371,-26.88176013369148],[-48.72995737182866,-26.88168223631249],[-48.72991817446052,-26.88118490973347],[-48.72991043440589,-26.8811374778426],[-48.72989762740303,-26.881128554304514],[-48.72989473878635,-26.881217134174435],[-48.72992413723516,-26.881409473602833],[-48.72993845792407,-26.881601114948975],[-48.72994686632864,-26.881872045538078],[-48.729939729287324,-26.881938694294032],[-48.72995375088986,-26.88199908529216],[-48.72994857083036,-26.882133274393187],[-48.729959401145436,-26.882173577838632],[-48.7299438970123,-26.882204826958404],[-48.72997475505737,-26.882244752901858],[-48.72998454172058,-26.88227700232605],[-48.72996474157204,-26.882335878678525],[-48.72999117577511,-26.882369046340656],[-48.72999820275915,-26.882395463076247],[-48.72999046357772,-26.88249012060712],[-48.729995826713974,-26.88256352749274],[-48.730014204723204,-26.88262459134251],[-48.73000693124905,-26.882669163003236],[-48.73002111628649,-26.882739306722804],[-48.73002150173279,-26.882817348918966],[-48.73003508707827,-26.882927465269667],[-48.73003320483646,-26.88299494751459],[-48.730049647974205,-26.88308076522728],[-48.73004512949867,-26.883157434485817],[-48.73006424795158,-26.883237448203783],[-48.73006137151011,-26.88329223590839],[-48.73007759720547,-26.8833947247436],[-48.73008025986326,-26.883487886229254],[-48.730098490954944,-26.883587122365068],[-48.7301166650218,-26.883614341848922],[-48.73013407932201,-26.88359971682225],[-48.73012829594355,-26.88351717036786]]},"properties":{"objectid":2603,"cota":3,"tipocurvanivel":"Normal","sourceLayer":"curvas-0"}},{"type":"Feature","geometry":{"type":"LineString","coordinates":[[-48.72977539380332,-26.88039198207267],[-48.72980718886636,-26.880406502799552],[-48.72982102990813,-26.88043538627219],[-48.72989423043821,-26.881026063169283],[-48.7298804589422,-26.880675384123425],[-48.72986284099016,-26.880598110883025],[-48.72984828810203,-26.880406159854495],[-48.72986189613277,-26.880378628140505],[-48.7299569378256,-26.880376489010388],[-48.73001297940527,-26.88036407761046],[-48.729859544884526,-26.88037048902869],[-48.72984649492589,-26.88036118796886],[-48.72981952980092,-26.880313671783068],[-48.729810604525724,-26.880364561144926],[-48.72976717854073,-26.880387410860166],[-48.72977539380332,-26.88039198207267]]},"properties":{"objectid":2604,"cota":3,"tipocurvanivel":"Normal","sourceLayer":"curvas-0"}},{"type":"Feature","geometry":{"type":"LineString","coordinates":[[-48.73833617325118,-26.879919711052857],[-48.73831245208282,-26.879895749134732],[-48.73832172407839,-26.87987011262261],[-48.73830771704139,-26.879841876093078],[-48.73831840879266,-26.879837478158766],[-48.7383527205681,-26.879849940895696],[-48.73835424844853,-26.87987019752739],[-48.73837373270434,-26.879876827608573],[-48.73837629571103,-26.87985834122042],[-48.73835829785649,-26.87982846330053],[-48.738380989534335,-26.87982361495683],[-48.73838353177766,-26.879798236177265],[-48.73840392614393,-26.87978412613683],[-48.73842279281085,-26.87978841437494],[-48.73842275530458,-26.87980081081652],[-48.73843385477454,-26.87980813147913],[-48.738427877638,-26.87981446306903],[-48.73843198321048,-26.87983733026679],[-48.738412495190126,-26.879854492491013],[-48.73841186882279,-26.879870433376535],[-48.73843803115073,-26.879886830269026],[-48.73845535304152,-26.879883992340606],[-48.73844801286043,-26.879855823763997],[-48.738469072505374,-26.879835241120364],[-48.7384650939182,-26.87981883393389],[-48.73847852017414,-26.87981538673887],[-48.73850557780352,-26.879868497242406],[-48.738500579523176,-26.879874947388004],[-48.738483470046084,-26.87987363742413],[-48.73847734608931,-26.879892649786154],[-48.73849919458614,-26.879913470025038],[-48.7385361945237,-26.879871036926225],[-48.7385434316278,-26.879825432556082],[-48.73857815761639,-26.879820681199007],[-48.73857309287643,-26.879845936571236],[-48.7385883571813,-26.879843732597912],[-48.738594973829755,-26.879850873181216],[-48.73855590358748,-26.879882298378195],[-48.73856618842581,-26.879896972739278],[-48.73854185290042,-26.879934292245206],[-48.73854007336662,-26.879965996824836],[-48.738547366404504,-26.879983392924224],[-48.738511308358575,-26.88000000017089],[-48.73850176352826,-26.880015332594418],[-48.73850872724084,-26.880025411721736],[-48.738525037534195,-26.88001181835875],[-48.738552682412944,-26.880017696474482],[-48.73854306529989,-26.88002867339193],[-48.738537157112596,-26.880076930600257],[-48.73855553267047,-26.88012858179397],[-48.73854718005679,-26.880147266982153],[-48.73853562690131,-26.88015211590572],[-48.73852953276466,-26.880132126390368],[-48.73849804489946,-26.880109953354076],[-48.7385063992008,-26.880081428715016],[-48.73847208914704,-26.880075091912605],[-48.73847129182782,-26.880048974695903],[-48.73845791535252,-26.880030158187008],[-48.738387832988344,-26.880098351902074],[-48.73837813032243,-26.88009704681265],[-48.73837666009923,-26.88007111465488],[-48.738355296643775,-26.880018404847718],[-48.73835560964875,-26.879967408447236],[-48.738328598563434,-26.879949716460764],[-48.73835063525862,-26.879934146382077],[-48.738352875211014,-26.879908382829385],[-48.73833917608122,-26.879891822699545],[-48.73833617325118,-26.879919711052857]]},"properties":{"objectid":2611,"cota":3,"tipocurvanivel":"Normal","sourceLayer":"curvas-0"}},{"type":"Feature","geometry":{"type":"LineString","coordinates":[[-48.738722468747305,-26.879773320434506],[-48.7387433945356,-26.879759003163482],[-48.73871854463427,-26.879717830543374],[-48.73871129687819,-26.879653423514835],[-48.73871604231744,-26.879628533932966],[-48.738701321007945,-26.8795625714471],[-48.73870565414297,-26.879533875020392],[-48.73874604018336,-26.87951222458734],[-48.73882685740194,-26.87951351568377],[-48.73887109501757,-26.879445244602568],[-48.738922048606035,-26.87945009967335],[-48.73894066470587,-26.879503827617384],[-48.73892172323928,-26.879564266042838],[-48.738924063526106,-26.87959952909096],[-48.73898921674109,-26.87962214798384],[-48.73902313544746,-26.879650161714366],[-48.739037978481896,-26.879676095859228],[-48.739030041892086,-26.87974587941552],[-48.7390376193239,-26.87982138831823],[-48.739018547142926,-26.879840971358327],[-48.739030508768046,-26.879877227703123],[-48.73903452432376,-26.879956493369786],[-48.739016482529536,-26.880045090213027],[-48.73902118138741,-26.880057674379753],[-48.73904363869052,-26.880074307862802],[-48.73905225584,-26.88012685866911],[-48.739029752321436,-26.8801878736077],[-48.73897173102449,-26.88020064049538],[-48.73892713356812,-26.88022818067929],[-48.73888591085105,-26.880238160728553],[-48.73879741668493,-26.880243025129307],[-48.73876918816887,-26.880221773395107],[-48.7387740832749,-26.88016899579507],[-48.73875954329922,-26.88009139362792],[-48.73876005974735,-26.880010404629928],[-48.738778094128584,-26.87999088713775],[-48.73881652413816,-26.87997230982809],[-48.7388823857006,-26.879968506266508],[-48.73886998450042,-26.879947002549446],[-48.738887727977016,-26.87991525300231],[-48.73884169974293,-26.879933633790866],[-48.73879859824528,-26.87987258930082],[-48.73874801423786,-26.87986377018813],[-48.738726240544025,-26.879818971112023],[-48.738722468747305,-26.879773320434506]]},"properties":{"objectid":2612,"cota":3,"tipocurvanivel":"Normal","sourceLayer":"curvas-0"}},{"type":"Feature","geometry":{"type":"LineString","coordinates":[[-48.73911610772993,-26.880134431687868],[-48.73913189223991,-26.880119088997372],[-48.73912727870127,-26.88005843504778],[-48.73913654281742,-26.880040719209482],[-48.7391791064152,-26.8800376923138],[-48.73919415664339,-26.880007616990582],[-48.73923217671094,-26.880016255605533],[-48.73924774944568,-26.880008466682032],[-48.739253091701634,-26.879973357285618],[-48.73923335428563,-26.879935758180736],[-48.73924884465815,-26.879898483779087],[-48.73931528860916,-26.879864558112736],[-48.73942414767918,-26.879874500125673],[-48.73945362123653,-26.87995657647997],[-48.73940888194346,-26.88004025006706],[-48.73936993785733,-26.880065394612565],[-48.739358586780995,-26.880095891046963],[-48.739356699421755,-26.880134541031957],[-48.739312118348685,-26.880152112167746],[-48.739207980476806,-26.880158878802185],[-48.73914744238732,-26.880177605010264],[-48.73909175551533,-26.880146761103568],[-48.73911610772993,-26.880134431687868]]},"properties":{"objectid":2613,"cota":3,"tipocurvanivel":"Normal","sourceLayer":"curvas-0"}},{"type":"Feature","geometry":{"type":"LineString","coordinates":[[-48.724111768752024,-26.878645281212716],[-48.7241309258952,-26.878664613553394],[-48.72411379783896,-26.878702173740873],[-48.724116039932966,-26.878708305021696],[-48.72412371183687,-26.878700197379725],[-48.72412918875727,-26.878708619762996],[-48.72412157413989,-26.878780367374784],[-48.72414238250511,-26.878848481240812],[-48.724141969364254,-26.878885926304395],[-48.72415319498211,-26.878924768182006],[-48.72414869143115,-26.878966008024403],[-48.724120001433484,-26.878950118351902],[-48.724136236674525,-26.879032608579756],[-48.72415269921872,-26.879070907634564],[-48.72414442598388,-26.879095163071625],[-48.72415191986285,-26.87910161721902],[-48.724170643732975,-26.879077936269876],[-48.72417333671729,-26.87903815900629],[-48.72415676799328,-26.878994059092168],[-48.72419502827123,-26.878942355050057],[-48.724179939576835,-26.878913289454086],[-48.72417589516421,-26.878858484312733],[-48.72419612754766,-26.878799040061462],[-48.72416805807455,-26.87875087611196],[-48.724143517692724,-26.878669021860752],[-48.72416770664069,-26.87860231526292],[-48.72416816578509,-26.87857091104423],[-48.724153133475006,-26.878548878254403],[-48.72412636396655,-26.87853493453214],[-48.724118778553844,-26.87854249307338],[-48.724122942823854,-26.87857132489736],[-48.72410113411592,-26.878624258727328],[-48.724111768752024,-26.878645281212716]]},"properties":{"objectid":2618,"cota":3,"tipocurvanivel":"Normal","sourceLayer":"curvas-0"}},{"type":"Feature","geometry":{"type":"LineString","coordinates":[[-48.726076350606995,-26.87929246831639],[-48.725957445690355,-26.879594403188193],[-48.725956636840344,-26.879617461343155],[-48.726340650599596,-26.87868931244403],[-48.726352488922686,-26.878667065341155],[-48.726370885569594,-26.87865724227324],[-48.72637242020904,-26.878623560395564],[-48.72645446791756,-26.878416052770234],[-48.7264215776647,-26.87846851534678],[-48.72637429729817,-26.87857508291549],[-48.726351079259615,-26.87860476173439],[-48.726222513574285,-26.87894466549259],[-48.72617196322674,-26.87904992050686],[-48.726076350606995,-26.87929246831639]]},"properties":{"objectid":2619,"cota":3,"tipocurvanivel":"Normal","sourceLayer":"curvas-0"}},{"type":"Feature","geometry":{"type":"LineString","coordinates":[[-48.737490618082916,-26.87913405221125],[-48.73748122050195,-26.879148759715946],[-48.7374534895806,-26.879134230885295],[-48.73743584985382,-26.87914666393073],[-48.737409641557186,-26.8791320854804],[-48.73739159232655,-26.87913956289178],[-48.73734632454698,-26.87913599140539],[-48.73735337302416,-26.87916145971811],[-48.737308859045314,-26.87916879835253],[-48.73729957295882,-26.879144262528165],[-48.737266141479495,-26.87912915321109],[-48.73717934050655,-26.879121609720592],[-48.73716022282483,-26.879098357605677],[-48.73716008591731,-26.879081437071555],[-48.7371432017374,-26.87907685735296],[-48.73713509701107,-26.879094004126767],[-48.737151720697646,-26.879123025398563],[-48.73714074160995,-26.879129117966954],[-48.73711581942598,-26.879116866745335],[-48.737105789880644,-26.879177487370477],[-48.737123600623484,-26.879213654357155],[-48.73716450013602,-26.879234079690185],[-48.73715864347483,-26.8792465868556],[-48.737136612075275,-26.879255778274516],[-48.7371619332005,-26.879293065498896],[-48.737143620826714,-26.879316729621586],[-48.73722676991162,-26.879309315993076],[-48.73723757926335,-26.87928542517147],[-48.73724917099861,-26.879278536517475],[-48.73728441470562,-26.879313564097522],[-48.7373531701897,-26.879315318892566],[-48.737366099389,-26.879303883421706],[-48.73736894135468,-26.87927817014667],[-48.73737798978829,-26.879274120477582],[-48.73742631730411,-26.87930551314924],[-48.737549105917864,-26.879308778627674],[-48.737570696279526,-26.879345626092913],[-48.737593679482686,-26.87934993525138],[-48.73762112929491,-26.879343819482585],[-48.73762837114935,-26.87930966380567],[-48.737637552457976,-26.879303490061417],[-48.73773357619012,-26.879291267396987],[-48.73777284162909,-26.87930269236425],[-48.73778982106719,-26.879292285544583],[-48.73779814987454,-26.879266864990957],[-48.73785076380176,-26.879268184138194],[-48.737840511440204,-26.8792561815211],[-48.737846551828994,-26.87924424852113],[-48.73780997642113,-26.879241919195408],[-48.737776227295576,-26.8792131435269],[-48.737780534444965,-26.87918561088989],[-48.73781455658759,-26.87920628687366],[-48.737824653875116,-26.87920358960813],[-48.73784550678937,-26.8791763066177],[-48.73783482275064,-26.879152073318426],[-48.73778791711373,-26.87912073424023],[-48.73776562510778,-26.879140487543538],[-48.73775090903669,-26.879139170706342],[-48.7377373275237,-26.879122019495004],[-48.73771071843585,-26.879131553721706],[-48.737692706948195,-26.879095401634622],[-48.73770002364206,-26.879082749971538],[-48.73766468027792,-26.87906585936063],[-48.73769252654466,-26.879068382819344],[-48.73771195894235,-26.879063914651045],[-48.737714420160046,-26.879055999822835],[-48.737810540308814,-26.879050445985733],[-48.73781528392377,-26.879040309764363],[-48.73777932164298,-26.87904332737897],[-48.73772111847705,-26.879027556101608],[-48.73769903959,-26.879009274283323],[-48.73767489651267,-26.879013736489995],[-48.73765533160739,-26.878990348223784],[-48.73762674414044,-26.879026352273907],[-48.737613791343364,-26.87902174623702],[-48.737584666086086,-26.879036396772776],[-48.737552229419805,-26.87902338271605],[-48.73755644680006,-26.87900015697483],[-48.737524258351385,-26.87896791193982],[-48.737512784993186,-26.878979318405133],[-48.73748241222957,-26.878986219401483],[-48.73750555463335,-26.879003549951882],[-48.73750531851316,-26.879017020740854],[-48.737526182378986,-26.879013845282834],[-48.73753972125221,-26.879020857638412],[-48.73753874140533,-26.87902958042548],[-48.73751658900455,-26.879042677603934],[-48.737528184039896,-26.879058710458754],[-48.737560226614455,-26.879060892346114],[-48.73756357997549,-26.87906972695601],[-48.73754404126483,-26.879085696105403],[-48.73752456980496,-26.879079999261982],[-48.737490618082916,-26.87913405221125]]},"properties":{"objectid":2620,"cota":3,"tipocurvanivel":"Normal","sourceLayer":"curvas-0"}},{"type":"Feature","geometry":{"type":"LineString","coordinates":[[-48.72410146559804,-26.878215399561526],[-48.724113406874444,-26.87827115768764],[-48.72413148242233,-26.878279375157124],[-48.72415187191732,-26.878255731868567],[-48.72414802028043,-26.878230031172603],[-48.72412527614825,-26.878184048513372],[-48.72414466999934,-26.878150427024206],[-48.724151054433584,-26.87811270004069],[-48.724133570095844,-26.87808241002273],[-48.724107456472574,-26.877992491383143],[-48.72411812185463,-26.877969936799857],[-48.7241158336418,-26.877938784317116],[-48.724075801283526,-26.87774007111672],[-48.724081222592574,-26.87768456566924],[-48.72407035832385,-26.87759785998785],[-48.72408737258992,-26.87754407098486],[-48.724131200279125,-26.8775032264868],[-48.724103593873124,-26.87744050443141],[-48.724124855592635,-26.877441227837792],[-48.72416716592273,-26.877372442450476],[-48.72414963988672,-26.877361316220075],[-48.72411463927302,-26.87736211228463],[-48.724100717358645,-26.87739320844514],[-48.72408331025161,-26.87734932514316],[-48.72408348578742,-26.877503451299113],[-48.72407055458506,-26.877534673516696],[-48.72403477143698,-26.877541222710963],[-48.7240058087016,-26.877574020389225],[-48.72395833387273,-26.87757493939458],[-48.72393860267029,-26.87761691212422],[-48.7238178767178,-26.877618781420075],[-48.72379631923409,-26.877625936110185],[-48.7237437600161,-26.877617880356887],[-48.7237114062569,-26.877629913876564],[-48.723686600101686,-26.87762773629262],[-48.723643249767306,-26.877675533598122],[-48.72364988690582,-26.877720716183607],[-48.72361830896876,-26.87774590818672],[-48.72360639691725,-26.877774274276398],[-48.723612874404516,-26.87780226440293],[-48.72364368983378,-26.877828229086624],[-48.72365384617395,-26.87785232125102],[-48.72373912930994,-26.877888435465582],[-48.72374818637305,-26.877872922991564],[-48.72373736699591,-26.877729100088406],[-48.72376806056568,-26.87768280352409],[-48.723760325267165,-26.877647322643455],[-48.723776164331674,-26.87764636228337],[-48.723794696841914,-26.87765723133633],[-48.723827331655684,-26.87765326933695],[-48.72385295811099,-26.877659609585116],[-48.7238600266918,-26.87764911427334],[-48.7238706072578,-26.877663939672317],[-48.72386943402897,-26.877678495352527],[-48.72380599152709,-26.87769803988749],[-48.72379023744377,-26.877738350292233],[-48.723791585914135,-26.877755527617325],[-48.723816928017065,-26.877739297501194],[-48.72384866155061,-26.877731398921917],[-48.723862481094805,-26.87776337345126],[-48.72389164281543,-26.877745510067605],[-48.72390038074802,-26.877724577732867],[-48.723950557861386,-26.877730631312957],[-48.72396544052691,-26.877711006368205],[-48.72401398264575,-26.877702829901473],[-48.724034377159946,-26.87774402421268],[-48.724043062728775,-26.877804508364168],[-48.72406640860098,-26.877859529753227],[-48.72407804166868,-26.87791921670073],[-48.72408285890375,-26.878004610247334],[-48.724075358362235,-26.87802144554873],[-48.72407933495712,-26.878059994651824],[-48.7240980607722,-26.878082416353507],[-48.72408373192386,-26.87808811097312],[-48.72409669585353,-26.87812226104357],[-48.72410146559804,-26.878215399561526]]},"properties":{"objectid":2625,"cota":3,"tipocurvanivel":"Normal","sourceLayer":"curvas-0"}},{"type":"Feature","geometry":{"type":"LineString","coordinates":[[-48.73633809395815,-26.877749583404036],[-48.73634789721588,-26.877749313645648],[-48.736356230254174,-26.877787975730342],[-48.73640580188591,-26.87779193865553],[-48.73652687412593,-26.87786029414063],[-48.736589437377546,-26.877873574573748],[-48.73661772000392,-26.877912869468208],[-48.73664919183277,-26.87792973799248],[-48.73669192768627,-26.87800181785173],[-48.73669465203246,-26.878025751315715],[-48.73668044121937,-26.878028126294527],[-48.73666827122355,-26.87798848404303],[-48.73665376005471,-26.87797967007149],[-48.736644115766964,-26.87798271835164],[-48.73665013764162,-26.87800954558518],[-48.73662143411518,-26.87801122086068],[-48.736615170791175,-26.8779919658739],[-48.73662982110235,-26.877974857230445],[-48.73659708859116,-26.877971963785242],[-48.73654191513475,-26.877988977183886],[-48.73656001433298,-26.878022973933685],[-48.736552346269775,-26.878042448788992],[-48.73654148430904,-26.878046859209253],[-48.736498141923995,-26.87799895901365],[-48.736515529919906,-26.877972185633908],[-48.73655039283969,-26.877964122226956],[-48.73654986211282,-26.877955201971453],[-48.736536310353436,-26.877946724636452],[-48.736559733141135,-26.877940926268586],[-48.73655229681106,-26.87792968163239],[-48.73651301851571,-26.877914033554465],[-48.73648504107834,-26.87793164336819],[-48.736460271389106,-26.87792327053568],[-48.73643109161466,-26.87792505997306],[-48.73642655769895,-26.877931032867835],[-48.73643264134215,-26.87794253649697],[-48.73642696008845,-26.877943968799784],[-48.736379461185216,-26.8779266385301],[-48.73637894415212,-26.877902588823506],[-48.7363604215237,-26.877867219852167],[-48.73637369254021,-26.877835749110375],[-48.7363275168595,-26.877772474350294],[-48.73633809395815,-26.877749583404036]]},"properties":{"objectid":2626,"cota":3,"tipocurvanivel":"Normal","sourceLayer":"curvas-0"}},{"type":"Feature","geometry":{"type":"LineString","coordinates":[[-48.737168181615935,-26.878074622650416],[-48.737322125715316,-26.87804934633241],[-48.73777602389571,-26.87803140729089],[-48.73778672677038,-26.878048322876317],[-48.737784974216815,-26.878117524031573],[-48.73780522623003,-26.87822035386915],[-48.73780485221831,-26.87829097861614],[-48.73781450493268,-26.87833904912203],[-48.73780265167846,-26.878348817891066],[-48.73778903125611,-26.878345751600598],[-48.73776131976106,-26.87830488857291],[-48.73774824516685,-26.87826946442878],[-48.73775271874219,-26.878244891802648],[-48.73773936511863,-26.878222871883388],[-48.73775292991224,-26.878168498656077],[-48.73773628255018,-26.878137885139267],[-48.737730964500734,-26.878091369495834],[-48.737701313035515,-26.878069797878606],[-48.73768391477682,-26.87806688315047],[-48.73759696038193,-26.878086180151914],[-48.737584896414745,-26.878107084544798],[-48.737564106612844,-26.878093463789508],[-48.73749244943373,-26.87808145677682],[-48.737324035060425,-26.878107329939414],[-48.7371909177554,-26.878107132362604],[-48.73716301812492,-26.87809239773132],[-48.737168181615935,-26.878074622650416]]},"properties":{"objectid":2627,"cota":3,"tipocurvanivel":"Normal","sourceLayer":"curvas-0"}},{"type":"Feature","geometry":{"type":"LineString","coordinates":[[-48.73860489893322,-26.878396861619475],[-48.73860686901466,-26.878304578175563],[-48.73858651612751,-26.878207485525742],[-48.73859790979333,-26.878177477155873],[-48.73862884193313,-26.878178051786108],[-48.738670309010665,-26.878201305943268],[-48.73870015067261,-26.878203325982497],[-48.738733389267054,-26.87821796078717],[-48.73878714746277,-26.878213997753786],[-48.73881320207965,-26.87821996675918],[-48.73882675444098,-26.878243287500435],[-48.73885006766135,-26.878244103807592],[-48.73885854942773,-26.878257189836344],[-48.738851305258905,-26.878279857291346],[-48.73882211901506,-26.878315434190252],[-48.738825730992986,-26.878329733679358],[-48.73884035657729,-26.878341456081213],[-48.73889930828663,-26.87835520653879],[-48.738890509611004,-26.87842810962786],[-48.73893007603536,-26.87855716618213],[-48.73891798489187,-26.878571103296977],[-48.7388534457649,-26.878580909565613],[-48.738817863126,-26.878594640275498],[-48.7386362356343,-26.878606915518773],[-48.738620372618705,-26.87859380786778],[-48.73861476038547,-26.878573221424933],[-48.73861289795609,-26.878449258158632],[-48.73860489893322,-26.878396861619475]]},"properties":{"objectid":2628,"cota":3,"tipocurvanivel":"Normal","sourceLayer":"curvas-0"}},{"type":"Feature","geometry":{"type":"LineString","coordinates":[[-48.74,-26.878510942660863],[-48.739979641462554,-26.87852293568318],[-48.73995685491206,-26.87856832746772],[-48.73997826355638,-26.878574131681273],[-48.7399795984994,-26.878590190603965],[-48.73992535597047,-26.878578277532384],[-48.7399170280187,-26.878563118371556],[-48.739908771149935,-26.878454560562194],[-48.739914027277074,-26.878428670146278],[-48.739995575788846,-26.87843393763484],[-48.74,-26.878432772950227]]},"properties":{"objectid":2630,"cota":3,"tipocurvanivel":"Normal","sourceLayer":"curvas-0"}},{"type":"Feature","geometry":{"type":"LineString","coordinates":[[-48.72418607152905,-26.876978420057554],[-48.72417921131452,-26.876963600475488],[-48.724114656087366,-26.876914038281278],[-48.72414637751223,-26.877037679826056],[-48.72413078649151,-26.877058410618854],[-48.72409611729374,-26.877067131032828],[-48.72411539670159,-26.877074471759137],[-48.72416682092602,-26.87706563143314],[-48.72419377699485,-26.877071151049623],[-48.724220255261805,-26.877101072466207],[-48.72430897196343,-26.877158120754512],[-48.724305152646764,-26.87717601529704],[-48.724259013778656,-26.8771852539747],[-48.724244886296646,-26.877195671681562],[-48.724229735856994,-26.877233390106692],[-48.72420410223907,-26.877252375305382],[-48.724184464210545,-26.87732958759405],[-48.7241676669734,-26.87734597711544],[-48.72417390441948,-26.87736214575617],[-48.72421364228042,-26.877386145043694],[-48.724212080082424,-26.877408313858698],[-48.72425097770194,-26.877427288287183],[-48.724231207481544,-26.87743695809513],[-48.72422404580707,-26.8774510978313],[-48.7242549421078,-26.877470065177782],[-48.72427078066514,-26.87746938000022],[-48.72425098191306,-26.877493382984646],[-48.724328427246114,-26.877497564569882],[-48.72451909366608,-26.877489951177367],[-48.72472713146194,-26.87746742637644],[-48.72479048392475,-26.87746984833912],[-48.72482496378662,-26.877454959159767],[-48.72484155825365,-26.877274894976374],[-48.7248357205509,-26.87715721692938],[-48.72484809152481,-26.877106572067216],[-48.72480116076808,-26.877001704833585],[-48.724818929182845,-26.876974754139944],[-48.724817106529855,-26.876942806876148],[-48.72482728579875,-26.876921397728438],[-48.724828592186434,-26.87686546767597],[-48.72481676278864,-26.876819887437417],[-48.724818554750584,-26.87677458345081],[-48.72481094815817,-26.876741002540225],[-48.724822660193425,-26.876707427763755],[-48.72482249928428,-26.876682300017585],[-48.724809336190944,-26.87665919460983],[-48.72480446095771,-26.87655732405865],[-48.72475845441423,-26.876364069350082],[-48.72477594461744,-26.876334021472807],[-48.724739101764406,-26.87626834232885],[-48.72472502960619,-26.876266158247063],[-48.72471171926613,-26.876299947325485],[-48.72468423111264,-26.87630823848521],[-48.72462989174215,-26.8763446191028],[-48.72463079110497,-26.876356240019096],[-48.72466588456198,-26.876395207322616],[-48.72467537168663,-26.876420762345475],[-48.724641817701276,-26.87645957957878],[-48.72463839260131,-26.87649211193211],[-48.724615130340254,-26.876517619530357],[-48.72460000358017,-26.876559241492554],[-48.72465006155239,-26.87661734177475],[-48.724644290820734,-26.876628011456443],[-48.72466048933416,-26.876662354366378],[-48.72465615908393,-26.87670405277847],[-48.7247155451559,-26.876788921105625],[-48.72467116501452,-26.876819740603427],[-48.72464281615467,-26.876869739119428],[-48.72460226633931,-26.876904616347502],[-48.72453258047903,-26.8769350398906],[-48.72450209850295,-26.876958039664725],[-48.724437477505795,-26.87694516029975],[-48.724382292383396,-26.876975363433424],[-48.724367159923574,-26.876995661246102],[-48.72437167701603,-26.877013312867565],[-48.72440584297852,-26.87701639917055],[-48.72442150038763,-26.877035554155977],[-48.724413824782445,-26.877093486103487],[-48.72439721712073,-26.877107649655038],[-48.72437067833974,-26.877111791223903],[-48.72435077520813,-26.87708891651478],[-48.72433076068718,-26.8771006372862],[-48.72431332483184,-26.877096714994043],[-48.7242958763146,-26.877077450823005],[-48.72430973035317,-26.877060487737268],[-48.72430787148455,-26.877044922992223],[-48.72422996764947,-26.876999798830923],[-48.72419916914823,-26.876991778891796],[-48.72418607152905,-26.876978420057554]]},"properties":{"objectid":2636,"cota":3,"tipocurvanivel":"Normal","sourceLayer":"curvas-0"}},{"type":"Feature","geometry":{"type":"LineString","coordinates":[[-48.72515278822844,-26.876532471841525],[-48.72525192742665,-26.876499175088213],[-48.72548003018083,-26.876374298447878],[-48.725491970312184,-26.876304792545152],[-48.725479310704266,-26.876176019089637],[-48.72546704039269,-26.876138878743063],[-48.725467915427075,-26.87609009996697],[-48.725443418817036,-26.87605237289117],[-48.725446941371416,-26.876030491006595],[-48.72542348360956,-26.87598546177088],[-48.7254257124053,-26.875942753026116],[-48.725414535035625,-26.87594431116733],[-48.72538922261068,-26.875971102573242],[-48.725339845358704,-26.876003789333012],[-48.72531593811551,-26.876007192848544],[-48.72529976225482,-26.87602166760053],[-48.72530001352782,-26.876030528309077],[-48.72531838560666,-26.87604729390247],[-48.725350842964396,-26.87605025949808],[-48.725361973626555,-26.876066011441726],[-48.72533455564484,-26.876083568433845],[-48.72531519175598,-26.876065976469306],[-48.72531123854465,-26.87608157215453],[-48.72532402673219,-26.876098023118907],[-48.72532205994265,-26.8761186991073],[-48.72531470100151,-26.876120639098357],[-48.72530461401197,-26.876106641177344],[-48.72528395688205,-26.87610915666862],[-48.72525223340775,-26.876147135381366],[-48.725280283100126,-26.876182663575083],[-48.7252662192386,-26.876211223506314],[-48.72528133782984,-26.876252665696992],[-48.7252702181226,-26.876294863962812],[-48.72529153079867,-26.876334242721946],[-48.72532689231475,-26.876342898124566],[-48.72533867239933,-26.87635752885384],[-48.72532445268929,-26.87638361897709],[-48.72532722982481,-26.87641570073653],[-48.72531249618918,-26.87642986390134],[-48.72527058993329,-26.87644098321085],[-48.72520599785101,-26.87648541577341],[-48.72515733496531,-26.876508547067758],[-48.72515001399638,-26.876519042000197],[-48.72515278822844,-26.876532471841525]]},"properties":{"objectid":2637,"cota":3,"tipocurvanivel":"Normal","sourceLayer":"curvas-0"}},{"type":"Feature","geometry":{"type":"LineString","coordinates":[[-48.727729440750004,-26.875250267643956],[-48.727742202260515,-26.875258808876993],[-48.72776447101188,-26.87525892612526],[-48.72778457911933,-26.875235650428735],[-48.72781678850705,-26.87514323482791],[-48.727907703593324,-26.87495176807532],[-48.72796401564304,-26.874803181568126],[-48.727997317559065,-26.87473718564482],[-48.728093343759106,-26.874484947627653],[-48.7280953344589,-26.87446053219079],[-48.72794207360224,-26.874802079619467],[-48.72781217759183,-26.875128891076784],[-48.72777017073874,-26.87518482174516],[-48.727734048494675,-26.87520741388656],[-48.727729440750004,-26.875250267643956]]},"properties":{"objectid":2642,"cota":3,"tipocurvanivel":"Normal","sourceLayer":"curvas-0"}},{"type":"Feature","geometry":{"type":"LineString","coordinates":[[-48.73183104098978,-26.876769073085306],[-48.73186933655543,-26.87675011737742],[-48.731882440103846,-26.87677018086912],[-48.73186853441724,-26.876786107907527],[-48.73189368862576,-26.87678310413746],[-48.731893364575804,-26.876749284877846],[-48.73187797472023,-26.87672039567484],[-48.73186550295104,-26.87671052381558],[-48.7318407996153,-26.876716248500806],[-48.731834325139346,-26.876707562200114],[-48.7318446782158,-26.8766602458132],[-48.731877153456004,-26.876688747858374],[-48.731896291333506,-26.87668883765914],[-48.73185251882632,-26.87665171897915],[-48.73184291000947,-26.876631520280082],[-48.73184528936307,-26.87661980943424],[-48.73186360498213,-26.876616273511697],[-48.73186613047288,-26.876585550301698],[-48.73187803845853,-26.876579052515407],[-48.73189244315064,-26.87659785812028],[-48.73189441845347,-26.876622461860528],[-48.731953883192276,-26.87665457569136],[-48.73196615087645,-26.876671746023355],[-48.73194238907201,-26.876661765994218],[-48.73190642500561,-26.87666626845277],[-48.731892953814175,-26.876645566439873],[-48.731865716686784,-26.876631474966924],[-48.73188109430685,-26.876655784921734],[-48.73192637683585,-26.876687737824753],[-48.7319173035193,-26.876717279272906],[-48.73192432860336,-26.876743146309746],[-48.73191940640325,-26.876762609922256],[-48.73193504999304,-26.876790434689628],[-48.731902591167135,-26.8768122664003],[-48.731889959643944,-26.87680641331352],[-48.73186819825076,-26.87682068545664],[-48.73188350950538,-26.876848169180054],[-48.731867394177144,-26.876845533353524],[-48.7318708144247,-26.876867927623074],[-48.731829749276216,-26.876831043726092],[-48.73182926734059,-26.87681339842323],[-48.73185456877975,-26.87682565120762],[-48.73184525003436,-26.876800651597605],[-48.73186298530485,-26.876797303092882],[-48.73185155253754,-26.876787408207367],[-48.73182483965366,-26.876783146551986],[-48.73182137683621,-26.876775736849616],[-48.73183104098978,-26.876769073085306]]},"properties":{"objectid":2638,"cota":3,"tipocurvanivel":"Normal","sourceLayer":"curvas-0"}},{"type":"Feature","geometry":{"type":"LineString","coordinates":[[-48.731901483318296,-26.874801204995205],[-48.73191301586943,-26.874797070110667],[-48.73190466957379,-26.87478052767779],[-48.73193308501239,-26.87475967154506],[-48.73191694629433,-26.87474259609095],[-48.731977628707604,-26.874739528285794],[-48.731987305356874,-26.87474503249464],[-48.73198070748662,-26.874775044176374],[-48.73194896636271,-26.87478293460522],[-48.73195265209623,-26.874821921153607],[-48.731921014493224,-26.87480894939373],[-48.73193533766376,-26.874836113114487],[-48.73196315901679,-26.87484541829448],[-48.73195651454415,-26.874885626960946],[-48.73197553474668,-26.874941297015823],[-48.731955616556924,-26.874980710482813],[-48.73196037665918,-26.87500404045182],[-48.73200577851728,-26.875038152087914],[-48.73203340019385,-26.87504400306475],[-48.73202094739179,-26.875060056338253],[-48.73198681997864,-26.875049356704032],[-48.73201267659442,-26.875077284065036],[-48.732004057944614,-26.875113094962494],[-48.732007821024084,-26.87514498223973],[-48.73196941546441,-26.875209801689117],[-48.731964120519116,-26.875253938745814],[-48.73194982162814,-26.8752456177615],[-48.73194198352958,-26.87522670461964],[-48.731956349848,-26.875153216489103],[-48.73193662893225,-26.875143631649316],[-48.73193019900541,-26.875131911116377],[-48.73194193779176,-26.875103838329768],[-48.73192759734663,-26.875072850632268],[-48.731937293835564,-26.875025847659654],[-48.73191731451504,-26.87497028312984],[-48.73192148789051,-26.874941545597082],[-48.73194115527582,-26.87492442324453],[-48.73191673999886,-26.874898500804097],[-48.73190001236368,-26.874829316296506],[-48.731901483318296,-26.874801204995205]]},"properties":{"objectid":2643,"cota":3,"tipocurvanivel":"Normal","sourceLayer":"curvas-0"}},{"type":"Feature","geometry":{"type":"LineString","coordinates":[[-48.73211642184831,-26.875252022393635],[-48.732099157215224,-26.875266590592368],[-48.73203972381577,-26.875252951497057],[-48.732004650898475,-26.875200640755885],[-48.73201240399334,-26.875179151450794],[-48.73203833363566,-26.875184570060114],[-48.732067451535606,-26.875162959901573],[-48.732024594135964,-26.875140315109814],[-48.73203825639037,-26.875105216001987],[-48.73204817245141,-26.875109617642668],[-48.73205803041034,-26.875130691195576],[-48.73206857093808,-26.875118128595076],[-48.73205814967753,-26.87510036973878],[-48.73208738894726,-26.87509697576152],[-48.73206027206783,-26.87507642379404],[-48.73205457762589,-26.8750633992958],[-48.73207903864935,-26.87498319109807],[-48.73210201534874,-26.874991449237065],[-48.73215008617448,-26.87498819964647],[-48.732149549812334,-26.875006447689866],[-48.73213658139749,-26.87502821696562],[-48.73210669277472,-26.875031474185313],[-48.732115323750534,-26.87503900114595],[-48.73213479981512,-26.87503705768613],[-48.73214328953494,-26.87505110622082],[-48.7321351723167,-26.87507047162857],[-48.73210720877502,-26.875078972330716],[-48.73214089087289,-26.875108955654273],[-48.73211622448221,-26.875147681051104],[-48.73214556648964,-26.875171706180872],[-48.73214443791614,-26.875194061713486],[-48.732119307257285,-26.87519424033879],[-48.73211270753859,-26.875200752984416],[-48.73212001217944,-26.875214581247423],[-48.7321326065559,-26.875217951960863],[-48.7321840856789,-26.875194197363463],[-48.73221739733326,-26.87519555518457],[-48.732214185608136,-26.87516195668335],[-48.73223144423105,-26.875169113159593],[-48.732243712476375,-26.87516018719711],[-48.732200025674146,-26.875103219627334],[-48.73219917309015,-26.87506980790408],[-48.7321672939801,-26.875060460185253],[-48.732173746348565,-26.875006682726664],[-48.7321922035084,-26.875003856544755],[-48.732208198986406,-26.87496907914718],[-48.73223245290706,-26.874992704008548],[-48.7322509004298,-26.875031950996327],[-48.73227398393205,-26.875036221071404],[-48.73225637721509,-26.875012172283913],[-48.73224797666855,-26.874980044510618],[-48.73225886881171,-26.87491815576412],[-48.73227343447913,-26.874917648676586],[-48.732311248918386,-26.874950588859424],[-48.73233812386182,-26.874916462588725],[-48.73235813607618,-26.87492370476412],[-48.73236354355523,-26.874940318219203],[-48.732358893816205,-26.87497286099391],[-48.73232833927749,-26.874967434081114],[-48.73234117096769,-26.874999650129848],[-48.732329029982104,-26.87501243613825],[-48.73233201358123,-26.875042189227727],[-48.73231858157952,-26.875038635424804],[-48.73227881337593,-26.8750532575255],[-48.732297186753435,-26.875063350426682],[-48.73231130821664,-26.87509966717977],[-48.732280515778676,-26.875104896229022],[-48.732272243598956,-26.87513121888707],[-48.73223758312115,-26.87512181299591],[-48.732263654577274,-26.875159701446346],[-48.732274155391806,-26.875222679951897],[-48.73229872901467,-26.875228779757666],[-48.73233698592415,-26.875207596013002],[-48.73236356850812,-26.875172591471763],[-48.73236272522178,-26.87515212199746],[-48.732386817965576,-26.87513875353791],[-48.73237671251685,-26.875092364889223],[-48.73238966281973,-26.875043369147125],[-48.73244548335495,-26.875028627463088],[-48.7324302639776,-26.874992662201514],[-48.732425924599895,-26.87494169500831],[-48.73243746713091,-26.874929396636613],[-48.73246217965268,-26.874923442750035],[-48.73245104324062,-26.874875968147286],[-48.732461944177984,-26.874872470138587],[-48.732484936583745,-26.87491518418512],[-48.732479078179466,-26.874935934141376],[-48.73246135996002,-26.874942678949182],[-48.73246110948093,-26.874955228072075],[-48.7324891884295,-26.874960807441482],[-48.732512717238905,-26.87499021076682],[-48.73250690021049,-26.874997493155547],[-48.732483182670286,-26.874994687551915],[-48.7324773798491,-26.875007308186383],[-48.73250451057189,-26.87505005977979],[-48.73249457424415,-26.87506522667103],[-48.73249131496929,-26.875105297485494],[-48.73246876788863,-26.87512850135869],[-48.732436946251894,-26.875143396356528],[-48.732482407892135,-26.875208555050214],[-48.73246059047976,-26.8752167799604],[-48.73244151800754,-26.87519583015779],[-48.732418097602846,-26.875185396350396],[-48.73240559602535,-26.875190232268732],[-48.73239927944146,-26.875208726850452],[-48.73241294434499,-26.875226779610458],[-48.73245504279633,-26.875241775535752],[-48.732458568488894,-26.87525909337923],[-48.73241942904224,-26.87528173850334],[-48.73237943479679,-26.875265634740195],[-48.73236427839144,-26.87525172195954],[-48.73237959339744,-26.875236010605924],[-48.73236748347525,-26.8752099825451],[-48.73235559124664,-26.875203348116287],[-48.73233450055606,-26.87523349536605],[-48.732329470432035,-26.875263011516086],[-48.73229106588221,-26.875249142456795],[-48.73225146904733,-26.875269694617977],[-48.73218112995209,-26.875272491984845],[-48.7321661588732,-26.875268654453507],[-48.73214085581252,-26.875245962118225],[-48.73212513694512,-26.875243994195017],[-48.73211642184831,-26.875252022393635]]},"properties":{"objectid":2644,"cota":3,"tipocurvanivel":"Normal","sourceLayer":"curvas-0"}},{"type":"Feature","geometry":{"type":"LineString","coordinates":[[-48.733132662408,-26.875019987466413],[-48.73317425497743,-26.875014544384488],[-48.73318038732202,-26.875036393756925],[-48.73319497714762,-26.875049605178848],[-48.7332059121831,-26.87504515466722],[-48.733206248590264,-26.875030514125314],[-48.73326261878679,-26.875047834325713],[-48.733289273601336,-26.875022609754573],[-48.7333319514882,-26.875022639380976],[-48.73335667573308,-26.875006513955],[-48.73339569510545,-26.875021145239135],[-48.73340840778976,-26.87500461589869],[-48.73342507397707,-26.875000109324674],[-48.733477633027746,-26.875018246378183],[-48.73348601056209,-26.875032478945446],[-48.733435250408824,-26.8750995038466],[-48.7334214036345,-26.875093534839483],[-48.733424547621,-26.87507163397123],[-48.73339437234019,-26.87506030770604],[-48.733367549125404,-26.875064921134754],[-48.73336717809547,-26.875088409692985],[-48.73334573875665,-26.87508016108145],[-48.733330393458644,-26.875124987061856],[-48.733314136582685,-26.875131876355162],[-48.7333351700498,-26.875154314074976],[-48.73333497988455,-26.875171309664257],[-48.73330285952997,-26.875175912083236],[-48.73328435155409,-26.875168927910448],[-48.733268489028575,-26.87514591526856],[-48.73326450406419,-26.875075502258575],[-48.733235431183,-26.87507761947081],[-48.73321352201871,-26.875063111093265],[-48.73318117000427,-26.875067725110124],[-48.73319106871712,-26.87507884878022],[-48.73323314905206,-26.875091729733185],[-48.733232962388286,-26.875108851721606],[-48.73319761233849,-26.875115793797082],[-48.73323347619059,-26.8751335863275],[-48.73321959523124,-26.87513835867264],[-48.73320511652193,-26.875161992658008],[-48.73319697732177,-26.87516073127383],[-48.73315772450538,-26.87511341739535],[-48.733172063166066,-26.875098516930525],[-48.73317730973054,-26.875076903399872],[-48.73315749956491,-26.875070525521416],[-48.73314080353943,-26.875083233996055],[-48.733123625834544,-26.875067733025162],[-48.73312085184941,-26.875032407038084],[-48.733132662408,-26.875019987466413]]},"properties":{"objectid":2645,"cota":3,"tipocurvanivel":"Normal","sourceLayer":"curvas-0"}},{"type":"Feature","geometry":{"type":"LineString","coordinates":[[-48.73559714774883,-26.875313723310715],[-48.735610927326654,-26.875328069432445],[-48.7356501719316,-26.875468800251998],[-48.73565875943529,-26.875520124292642],[-48.73565761673583,-26.875592195944066],[-48.73566890190115,-26.875601025975822],[-48.735690799911325,-26.87558531778865],[-48.735721263473835,-26.875536406571047],[-48.73575412826073,-26.875513289019437],[-48.73576750466496,-26.87549394179608],[-48.73574280961794,-26.875407380388346],[-48.73574891642584,-26.875373785989616],[-48.73570333815588,-26.875351134764568],[-48.73567699073217,-26.875259981337685],[-48.73563120789451,-26.875221443591485],[-48.735618071211746,-26.875229471533373],[-48.73559988490427,-26.875273539320222],[-48.735592793137165,-26.875302676937636],[-48.73559714774883,-26.875313723310715]]},"properties":{"objectid":2646,"cota":3,"tipocurvanivel":"Normal","sourceLayer":"curvas-0"}},{"type":"Feature","geometry":{"type":"LineString","coordinates":[[-48.73225976518056,-26.880396855236285],[-48.7322784074747,-26.880755066876226],[-48.732267024161736,-26.880775789454123],[-48.73222962239081,-26.880775114935087],[-48.73221368957493,-26.8807884609019],[-48.73226939466818,-26.88080464647739],[-48.73228695740716,-26.880841522964896],[-48.73233713012433,-26.881375223926653],[-48.732332538233834,-26.881140682756648],[-48.73231292826554,-26.88095174782529],[-48.732309612563476,-26.88075843227934],[-48.73228947176388,-26.880434944666995],[-48.732273795031496,-26.880229315205035],[-48.73226207140472,-26.880178172620422],[-48.73225560460614,-26.879963392137455],[-48.732242540570475,-26.87991355734508],[-48.73223011198345,-26.879691672679318],[-48.73223485611723,-26.879624377949273],[-48.732220360061916,-26.879530489431616],[-48.73222876686662,-26.879450518075167],[-48.73222078550029,-26.879418604596864],[-48.73222448830557,-26.879365308256983],[-48.7322010998947,-26.8792668386966],[-48.732212487747994,-26.879170172872975],[-48.73220397729826,-26.879151150577428],[-48.732214992408345,-26.879139939362453],[-48.73224308411884,-26.879139133265703],[-48.73224565809778,-26.879131991057072],[-48.73223441513753,-26.87909816074344],[-48.7321984208409,-26.87904229218716],[-48.732207356101405,-26.879002687057366],[-48.73219529001976,-26.878935989684994],[-48.732217465403956,-26.878913602974414],[-48.732188057859275,-26.878882632388084],[-48.73218524004315,-26.878824364418875],[-48.732193902812696,-26.878795684534857],[-48.732205890481204,-26.87879231411288],[-48.73222160221131,-26.87881583434354],[-48.7322646568568,-26.878842328558328],[-48.73227495546027,-26.878827384112284],[-48.73228180111891,-26.878776000888404],[-48.73231090163753,-26.878786762383072],[-48.732319750552435,-26.87878212685643],[-48.73232546256265,-26.878760860177792],[-48.73234661337486,-26.878772349562876],[-48.73235768677746,-26.878764768940336],[-48.7323275423971,-26.878732294796514],[-48.73228157830811,-26.878733628894715],[-48.732204062721436,-26.878695899059537],[-48.7321862987539,-26.878613368697152],[-48.732273556703625,-26.878632658079283],[-48.73229724882929,-26.87865512240534],[-48.73229626193856,-26.87867718329692],[-48.73230590862319,-26.878684003697234],[-48.732333280138306,-26.878684434108823],[-48.73231890575664,-26.878660818041425],[-48.732353505424975,-26.87866747591265],[-48.73234408909051,-26.878695140182245],[-48.7323468303725,-26.87872760575981],[-48.73236591248758,-26.87873065737465],[-48.73238916337922,-26.878712566434707],[-48.73240709108824,-26.878709372577205],[-48.73238896372464,-26.878740109740626],[-48.73240546812324,-26.87876611901219],[-48.732383163363416,-26.878791410483657],[-48.73243246646908,-26.87881311997744],[-48.73243353888257,-26.87875713269198],[-48.732453862376715,-26.87874463147443],[-48.73247342453254,-26.878777072885217],[-48.73245712541713,-26.878794618453327],[-48.732453970137925,-26.87881595867142],[-48.73247038836807,-26.878828238419846],[-48.732528270512674,-26.87880569839441],[-48.732506520801095,-26.878767192576476],[-48.73251360447051,-26.878755150233687],[-48.73245661746109,-26.878671552546866],[-48.73239424703441,-26.878644538025835],[-48.732370501685125,-26.87861874009752],[-48.732391500130255,-26.87863029922526],[-48.73241040215111,-26.878622963401806],[-48.73247155730164,-26.878633170050325],[-48.732492003063996,-26.87861943262148],[-48.73250555241983,-26.878651711623423],[-48.732506823366485,-26.87868886982233],[-48.73256945377719,-26.878684815164767],[-48.73256354768281,-26.878698464733777],[-48.73257821619038,-26.878706290746024],[-48.73259592178979,-26.87868473106206],[-48.732573767776486,-26.87865200981281],[-48.73258504381593,-26.87863780570233],[-48.73258410835076,-26.878601888347962],[-48.73259704668903,-26.878588349857928],[-48.73262370601022,-26.878587453001288],[-48.73263085234504,-26.878596015590777],[-48.7326182785445,-26.87861423103903],[-48.73264958331868,-26.878639042059554],[-48.73266147786672,-26.878634890382084],[-48.73266900032335,-26.878641197456965],[-48.73265929520598,-26.878655452962413],[-48.732640421074024,-26.87864904037653],[-48.732652127438556,-26.878676599727395],[-48.73264748494043,-26.87868321148898],[-48.73262377186018,-26.878680396018716],[-48.73262761997282,-26.878696237202767],[-48.73265087016359,-26.878690984520563],[-48.73269566639362,-26.8787237046188],[-48.73274403233134,-26.878726269638026],[-48.73274864934534,-26.878713724729437],[-48.73273846923612,-26.878670806648046],[-48.73272238881146,-26.878644527164283],[-48.73274212477728,-26.8786378120334],[-48.73270723922199,-26.878580790912817],[-48.732716771083105,-26.87857612210183],[-48.73274551848125,-26.87859217163545],[-48.732751221148845,-26.878583065356956],[-48.732740828960935,-26.87856993118123],[-48.73276605078524,-26.878559626600875],[-48.732783576019735,-26.87858607366344],[-48.73277914184033,-26.87864607887431],[-48.73279174213505,-26.87866500434401],[-48.73280314025749,-26.878753486135423],[-48.7327981164531,-26.878785402918087],[-48.73281135795408,-26.878889730711098],[-48.7328013355347,-26.878937125571948],[-48.73280983773775,-26.878973354799676],[-48.73280457859241,-26.878995431954493],[-48.73280927495926,-26.879031498116586],[-48.73279308542859,-26.879051570549784],[-48.73277099430153,-26.879021389842745],[-48.73275340878119,-26.87905523387706],[-48.73274328703768,-26.879060916603006],[-48.7327327516462,-26.87905571089488],[-48.73273400392806,-26.87903522362539],[-48.73272056212058,-26.87901146643879],[-48.73269511324226,-26.879019780156653],[-48.732689695928144,-26.879029109405586],[-48.732695826263075,-26.879066388924944],[-48.73273229628769,-26.87910942849273],[-48.73277361012816,-26.879079305321117],[-48.73278449786842,-26.879059548479393],[-48.732803820729806,-26.87907181886308],[-48.73282454827065,-26.879068722237793],[-48.732831998655634,-26.879192839946814],[-48.73284801299103,-26.879286567793766],[-48.73285105337529,-26.879442303494383],[-48.73287446485607,-26.879522000489505],[-48.73288191352951,-26.879517083450065],[-48.73290070353869,-26.879442206993108],[-48.732939180813716,-26.879401429898547],[-48.7330101360271,-26.87929926750027],[-48.73301026574874,-26.879289490587016],[-48.73299301276102,-26.879273446898228],[-48.732988941881125,-26.87923846018757],[-48.733019325660216,-26.879206869201134],[-48.733022474918,-26.87919434765427],[-48.733003523611785,-26.87911580972156],[-48.733007546009155,-26.87902757273045],[-48.732979273835234,-26.878931484974224],[-48.732877469863034,-26.87885908593645],[-48.73285352713494,-26.878777321014084],[-48.732866599032455,-26.87874135955468],[-48.732895939589135,-26.878716550935117],[-48.732936499457125,-26.878721118584775],[-48.73296333051817,-26.878713585064766],[-48.73297496587342,-26.878649458398694],[-48.73296989697669,-26.878633113912883],[-48.732941678715626,-26.87860592940901],[-48.73295162313499,-26.878556689565954],[-48.73292723686217,-26.878528812111366],[-48.732929987966294,-26.878513901695143],[-48.73291917900119,-26.878485647438715],[-48.732927939448786,-26.878452214034077],[-48.73292223463199,-26.87839159485421],[-48.732897397590854,-26.87836008500171],[-48.73288074987526,-26.878315286188013],[-48.73285649441024,-26.878288723894272],[-48.73288710269369,-26.87828096583466],[-48.73290217363805,-26.87825355110935],[-48.73290315859368,-26.878110517965087],[-48.73288696066733,-26.8780391508935],[-48.73288797944027,-26.877996275390657],[-48.73283969329933,-26.877862616673475],[-48.73283541736006,-26.87779600736961],[-48.73284140598092,-26.877730066385748],[-48.73282292858225,-26.87771422052456],[-48.732828621437214,-26.877699300470567],[-48.732824989153904,-26.877663821735972],[-48.73283921116321,-26.877625793156366],[-48.73282471895019,-26.877591391819365],[-48.73284263886244,-26.87756997360659],[-48.73283508413097,-26.877543151430118],[-48.7328376054534,-26.877506424098296],[-48.73281991931398,-26.87746006180579],[-48.7328224737402,-26.877445020986357],[-48.732797937206236,-26.877415255879193],[-48.73278920073319,-26.87738254968152],[-48.732796754887666,-26.877159715038456],[-48.73276895181411,-26.877134134522656],[-48.732722766232605,-26.877068649316083],[-48.73270755464197,-26.877063185357574],[-48.7326949964769,-26.877099786780256],[-48.732707166530545,-26.877134461298915],[-48.73271140273225,-26.877189545625985],[-48.7327212818771,-26.87720604223252],[-48.73272524489047,-26.87729437671836],[-48.73271478465466,-26.87734697533152],[-48.73268940546855,-26.877365580873914],[-48.73273098501135,-26.877416800163505],[-48.732731454122565,-26.877450775175898],[-48.73272104290243,-26.877457909822997],[-48.732646390470975,-26.877430343632412],[-48.73238748016507,-26.877286427959998],[-48.73210136909109,-26.877150770269672],[-48.73207008770095,-26.87713076148214],[-48.732058836933454,-26.877111345031665],[-48.73202581581923,-26.876683047932907],[-48.732027072032565,-26.876533683042627],[-48.732016777625525,-26.876452657855253],[-48.732026252646676,-26.876421492112332],[-48.73201362743036,-26.87638190630063],[-48.732015908318346,-26.87634085056831],[-48.73200367630005,-26.87628141978192],[-48.73200212834371,-26.876218474009846],[-48.73201390333771,-26.87619590226563],[-48.7319901302799,-26.87602766407056],[-48.73200273272792,-26.876001500306316],[-48.73198310776823,-26.875942896591393],[-48.731938875049636,-26.875298679594597],[-48.7319491201827,-26.875296781077502],[-48.731978552393706,-26.87531895946344],[-48.731990791215225,-26.875337418030927],[-48.73199042311169,-26.875354646292312],[-48.731997665658966,-26.875358075484744],[-48.73210178654829,-26.87535194362804],[-48.73216165627817,-26.875340149513747],[-48.732200055317634,-26.875371787848785],[-48.732208197118815,-26.87540518212617],[-48.73223234426573,-26.875392772074363],[-48.73226853099379,-26.875405174254684],[-48.732276047806636,-26.875380749066146],[-48.73230230914235,-26.87536879799781],[-48.732311486796796,-26.875400563724906],[-48.73233134690191,-26.87541653922539],[-48.73234791383143,-26.87541922826511],[-48.73236089090603,-26.87541174677011],[-48.73236151008168,-26.875398927416192],[-48.73232455918177,-26.875384072755004],[-48.7323239264691,-26.87537604338724],[-48.732363074533076,-26.87536123715064],[-48.73236755838106,-26.875364936093803],[-48.732359020292705,-26.8753755914869],[-48.73237076969241,-26.87538096289438],[-48.73239973027041,-26.87536350323744],[-48.732456400712174,-26.87536366479793],[-48.732473356146876,-26.875371846080366],[-48.73247202567364,-26.875408605161713],[-48.73247904907214,-26.8754264430118],[-48.73249114477178,-26.875427926779516],[-48.73249524564911,-26.875398832494522],[-48.73250759249053,-26.875402203714728],[-48.73252187916768,-26.875475876599662],[-48.73253161808879,-26.875453358754886],[-48.732533382823185,-26.875406942256753],[-48.732549853540036,-26.87539161222261],[-48.73256091510129,-26.875391766313296],[-48.73255663151474,-26.875409545399968],[-48.73256515064278,-26.875433720827402],[-48.73259742963167,-26.875455258920432],[-48.73260200951017,-26.875482583854634],[-48.73258301816199,-26.87550032179424],[-48.732588892693656,-26.87550861308328],[-48.73257875155322,-26.875526880232073],[-48.73259310062432,-26.875560825354807],[-48.73259495351001,-26.87559963717947],[-48.73257694796087,-26.87565041897299],[-48.73258916203015,-26.875683586203834],[-48.7325849125097,-26.87570333860294],[-48.732599683975074,-26.87571319767564],[-48.7325964216912,-26.875734612901084],[-48.73260787565983,-26.875770418439103],[-48.73261525663075,-26.875857266406957],[-48.73257444027759,-26.87587865911457],[-48.73261661357173,-26.875928085748008],[-48.73257328035095,-26.87595144421142],[-48.73256859218335,-26.87596181216272],[-48.73259694219155,-26.875979083561646],[-48.73260314506041,-26.87600556367776],[-48.73259210910901,-26.87602076165287],[-48.732601280597976,-26.876024506954845],[-48.73262797144295,-26.87607973061367],[-48.732622282725025,-26.876090312632392],[-48.73260327947585,-26.87607299543381],[-48.73259843475724,-26.876084601747966],[-48.732639599048696,-26.87612075422163],[-48.73264163484283,-26.876172284564696],[-48.73267396004564,-26.876332744535773],[-48.73266731019115,-26.876361481147924],[-48.73268118845287,-26.87639265087938],[-48.73267263165838,-26.876410694382905],[-48.73267966459172,-26.876469856673506],[-48.732636909982446,-26.876465728449286],[-48.73264004931115,-26.876476037040117],[-48.7326196253481,-26.876474888875734],[-48.73263715415291,-26.876510720628154],[-48.73266658680598,-26.876491252424373],[-48.73267350893421,-26.876494000504408],[-48.73267139723421,-26.876551246299844],[-48.73267933752666,-26.876598527901105],[-48.73268626685405,-26.876603839969633],[-48.73270452291079,-26.876569808139724],[-48.7327012318751,-26.876528579023013],[-48.73272437676682,-26.876485570430734],[-48.732704006535926,-26.876461813947472],[-48.73274885283779,-26.8764473111592],[-48.73274525112192,-26.876409243768762],[-48.73271339537575,-26.87639598168245],[-48.73271252830769,-26.876387491009783],[-48.73272298762044,-26.876376529820025],[-48.73273705193157,-26.876389907934076],[-48.73275195573839,-26.876378468483967],[-48.732736822693894,-26.87636660287804],[-48.732739933310306,-26.876343862217848],[-48.732748798401836,-26.876334371707305],[-48.7328101555295,-26.87631538969889],[-48.732768205893464,-26.87630496627929],[-48.732820203453784,-26.876297257311222],[-48.732829698275836,-26.876283593122718],[-48.732807506164974,-26.87624286473092],[-48.73279181366786,-26.876245467328584],[-48.7327869979284,-26.876268732023],[-48.732775625040624,-26.876272575335264],[-48.732727454988265,-26.876243356816033],[-48.732718311083836,-26.876226429810277],[-48.73278099360231,-26.87621263654021],[-48.732801157356114,-26.876224954695573],[-48.73282270272199,-26.876224873637874],[-48.732852915175734,-26.876283058783002],[-48.732896563287156,-26.87629334248289],[-48.73292662745332,-26.87623330006743],[-48.73293985890746,-26.87622275696659],[-48.73296371829806,-26.876225981716082],[-48.732980759573344,-26.876261285791905],[-48.73299256771432,-26.876260038590406],[-48.732985849219396,-26.876229286113883],[-48.733010154816796,-26.876222203862266],[-48.73302559021524,-26.876187603290486],[-48.73303088850347,-26.876139348334522],[-48.73301850233159,-26.876120142054834],[-48.733047064791656,-26.876135396181436],[-48.73306252404787,-26.876124107294544],[-48.73308971880331,-26.876120656846144],[-48.73310575959722,-26.8760570276931],[-48.73309195048687,-26.875952240461412],[-48.73310179191808,-26.875904410364747],[-48.73308778997247,-26.87583132507737],[-48.73309135434146,-26.875808433756166],[-48.73310911343643,-26.875802823013586],[-48.73312131632599,-26.875659546582778],[-48.733160034495306,-26.875658518223258],[-48.73318167984043,-26.875635417088123],[-48.733185169264274,-26.875619154895645],[-48.73324644046974,-26.87562725215992],[-48.73323316892897,-26.87561807240396],[-48.73323089314072,-26.875606344582664],[-48.73325084502879,-26.8756027498959],[-48.733266201807524,-26.875581360867592],[-48.73329388156686,-26.87556620519437],[-48.733308137070736,-26.875532324758325],[-48.73330166544063,-26.875500645822488],[-48.733310551402354,-26.875491969619585],[-48.733374037379946,-26.875490136555033],[-48.73339324849851,-26.87550374519027],[-48.73333761074781,-26.875511840889047],[-48.73334992895679,-26.875524315542517],[-48.7333457829758,-26.875561682844484],[-48.73326388554067,-26.875604544764897],[-48.733262858161545,-26.87561614016535],[-48.73327899764603,-26.875627292680065],[-48.73330092167936,-26.875614482177436],[-48.73337287271497,-26.87562330667058],[-48.73351754340344,-26.875612066761498],[-48.73358485141337,-26.875624816331175],[-48.733613395832506,-26.875637845500744],[-48.7336532285666,-26.875637041549563],[-48.73366334302224,-26.875630243188326],[-48.73367350791617,-26.875588229134582],[-48.733677608972336,-26.875506145354766],[-48.733657466992085,-26.87549571290303],[-48.733655379154854,-26.875478798985714],[-48.733608657015715,-26.87549378187833],[-48.733579461252546,-26.87549035069697],[-48.7335473169204,-26.875456756377123],[-48.73357126420141,-26.875442958517066],[-48.733569804427034,-26.875420087643615],[-48.73354022908615,-26.875390488195734],[-48.73352284940553,-26.87538737563771],[-48.733541833650726,-26.87537936771894],[-48.73357342849829,-26.87538067962849],[-48.733604196702494,-26.875411371227077],[-48.73360112848405,-26.875426801810622],[-48.73364700347233,-26.875433246755914],[-48.73364941187834,-26.875446954881603],[-48.733669342709845,-26.875446784612524],[-48.73367157664841,-26.8754386189419],[-48.733655561946996,-26.875420201905666],[-48.733650454888874,-26.875354873375347],[-48.73363087602103,-26.875324085155885],[-48.733647243438796,-26.875299448114994],[-48.733645605353196,-26.875283294962998],[-48.73362979849247,-26.875265760250414],[-48.73362036211796,-26.87528755114553],[-48.73358574829247,-26.87528855975513],[-48.73358568117786,-26.875314774093212],[-48.73357212505288,-26.875340641154708],[-48.73354158359281,-26.8753409561261],[-48.73352836500427,-26.875324582876697],[-48.733545003148116,-26.87531654092457],[-48.73355032331809,-26.875289520146065],[-48.73353795677644,-26.87527820709645],[-48.73352292995771,-26.875298143988736],[-48.733511797571445,-26.875293116483217],[-48.73351748517874,-26.87524016324097],[-48.733500958891625,-26.875214957836878],[-48.73352643156656,-26.875209944586853],[-48.73354501030094,-26.875256914034374],[-48.73356022013982,-26.875243893783246],[-48.733549740044396,-26.875213838132954],[-48.733548643656746,-26.875160697529413],[-48.73353652107442,-26.87511042309537],[-48.7335406834603,-26.875085747269875],[-48.73352418264659,-26.87506753810863],[-48.73353427686803,-26.87503648053683],[-48.73354816091173,-26.875026003790854],[-48.733551127660405,-26.875006730731048],[-48.73357005945331,-26.875002559202212],[-48.73356930678252,-26.87502061427559],[-48.73355750984698,-26.875021205626886],[-48.73357432690577,-26.875059982295518],[-48.73361722695932,-26.87507697343304],[-48.73363390816127,-26.875066871854184],[-48.73362507034586,-26.875041307904443],[-48.733593620175306,-26.875022054818846],[-48.73360785782589,-26.87501973020142],[-48.73363454114354,-26.875037665027932],[-48.73364592127665,-26.875026186985306],[-48.73363544265032,-26.87497613205793],[-48.733591780597436,-26.874936050219542],[-48.7335827111093,-26.874867823501454],[-48.73361898108936,-26.874853756761752],[-48.73363657233485,-26.874838290246696],[-48.73363170936649,-26.874815408090328],[-48.733590677891016,-26.87475631041202],[-48.73359722503136,-26.87474778708073],[-48.733634934241195,-26.874739611188446],[-48.73362600787386,-26.874715208180366],[-48.73359556783281,-26.874712516013318],[-48.733538732438895,-26.874727699429563],[-48.73342481961849,-26.874739326439713],[-48.73344034795608,-26.87475386867409],[-48.73344438831982,-26.8747858497247],[-48.73340267901332,-26.8748103635013],[-48.733387769158185,-26.874792916256943],[-48.7334009505889,-26.874780279505448],[-48.73337533739202,-26.874758899991992],[-48.73338537835553,-26.8747512927707],[-48.7334120586824,-26.87475257639049],[-48.73340503122835,-26.874745023794883],[-48.73332617277171,-26.87475049981157],[-48.73314115353894,-26.874788565539188],[-48.73312190000341,-26.874821974995903],[-48.733101060074546,-26.874912695558386],[-48.73312895305951,-26.8749275959807],[-48.733138660501176,-26.874905386219098],[-48.73315965678025,-26.87492691008105],[-48.73317113520788,-26.87496058798515],[-48.73313687370814,-26.87497566690173],[-48.73311692351224,-26.874968843665993],[-48.73309732520002,-26.87493203028031],[-48.73306623841507,-26.87494787847986],[-48.73303725884867,-26.874940378786604],[-48.73300965065366,-26.874945600439563],[-48.73295515006679,-26.874936008085722],[-48.732899227861004,-26.874906077736494],[-48.732841620128106,-26.8748100867977],[-48.73283491886118,-26.874768441059608],[-48.73281914383835,-26.874736109224497],[-48.73277635417273,-26.87471743203634],[-48.732814680967664,-26.874711491731183],[-48.73282201257126,-26.87469285909591],[-48.73284125378191,-26.874677265747152],[-48.732850218447645,-26.87459944204117],[-48.73288898577339,-26.87456950799824],[-48.73292280425789,-26.874522363222127],[-48.73294543335929,-26.874515613235054],[-48.73302239027487,-26.87451000763882],[-48.7330429279998,-26.874521978890765],[-48.73309059209272,-26.87462423205163],[-48.73308922964074,-26.87466477372947],[-48.73310010342842,-26.874670047997633],[-48.73323368782624,-26.87467002391079],[-48.73321863183782,-26.874644167035374],[-48.733225729288606,-26.874617697309578],[-48.73323915347009,-26.874604090719235],[-48.733212634005895,-26.874581785157346],[-48.733209182694225,-26.874566584777284],[-48.733250637729064,-26.874542556105474],[-48.733274171940316,-26.87455686674046],[-48.73330944300259,-26.874604311622747],[-48.73337249569082,-26.874599102718612],[-48.73338910777867,-26.874604366158007],[-48.73337838482878,-26.874628099235185],[-48.733320122868015,-26.874625559825176],[-48.733327288085995,-26.87465611640708],[-48.733585505617306,-26.874639521941315],[-48.733618001683176,-26.87462561214148],[-48.73362432010017,-26.874598791471975],[-48.7336148446842,-26.874585970787674],[-48.733606805873364,-26.874591835922168],[-48.73360563440453,-26.874584375482954],[-48.7336292293233,-26.874561999528684],[-48.733611774228066,-26.8745071850282],[-48.7336187317817,-26.874442070808588],[-48.733592973287756,-26.874389890919698],[-48.733576877238605,-26.874393516844872],[-48.73356291423808,-26.874385609321532],[-48.73359784488408,-26.874364922339574],[-48.73361750647772,-26.874375867801103],[-48.733625868232984,-26.874366626346998],[-48.73362059235802,-26.874335235536016],[-48.73359267627159,-26.87432457367463],[-48.733576865767226,-26.874272169842428],[-48.73359049598344,-26.87424359027737],[-48.733582887750885,-26.874165726218223],[-48.733608850580204,-26.874141931689863],[-48.73360031886553,-26.87409436808707],[-48.73361811052605,-26.874056691752305],[-48.733615327523964,-26.874022516250307],[-48.73359957934227,-26.87398035718832],[-48.733557085922556,-26.873930745224182],[-48.73354221820792,-26.87389424062747],[-48.733550850865036,-26.873867584333357],[-48.73359553921848,-26.873850146607516],[-48.733556925422086,-26.873807888724947],[-48.73356328978504,-26.873762418653268],[-48.73354445777668,-26.873753023379383],[-48.73355004242291,-26.873715262204716],[-48.73351676348577,-26.873708400266377],[-48.7335011175075,-26.87368104670927],[-48.733520324622475,-26.87365433626417],[-48.73352767058146,-26.87367210072992],[-48.73354561631082,-26.87367124072519],[-48.73353816440696,-26.87362448499378],[-48.73352591369424,-26.87360283437909],[-48.73354328185019,-26.87361059709116],[-48.73354738038386,-26.87360389804314],[-48.73352671008841,-26.873570681849902],[-48.7335160605132,-26.873575257903312],[-48.73349668115785,-26.873560865973296],[-48.73345584746917,-26.873569357211668],[-48.73338100033067,-26.873556456889542],[-48.7333572686875,-26.873566174588518],[-48.733341453974916,-26.873587179071567],[-48.73329499262029,-26.873588675281614],[-48.733274840176136,-26.87356214101931],[-48.73326135512019,-26.87352286999735],[-48.73322826800841,-26.873507910635716],[-48.73321401494747,-26.873522567024565],[-48.73316847828157,-26.873525684401628],[-48.73316684233775,-26.873556938144116],[-48.73314918007707,-26.873567347014248],[-48.73313634329428,-26.873549200222275],[-48.73313431901769,-26.87351624437583],[-48.7331043301369,-26.873471792837492],[-48.73311038261788,-26.873442566489775],[-48.73305920897111,-26.873411319941862],[-48.73303343102111,-26.873417884059972],[-48.733012518241694,-26.87344085707206],[-48.73290373153985,-26.873450079718427],[-48.73282790849396,-26.873472728292832],[-48.73279320149168,-26.87347006314925],[-48.73272890694692,-26.87344555480961],[-48.73270668610945,-26.873464533270763],[-48.732699861994774,-26.87348895337152],[-48.73260131565334,-26.873453695695513],[-48.73256279308122,-26.873449247370605],[-48.732537234497855,-26.873428632978705],[-48.73249232005022,-26.873422156201602],[-48.732481167692264,-26.87339706492905],[-48.73241892232474,-26.873412781069774],[-48.73235560501687,-26.87338857613431],[-48.73232204836943,-26.873393670598656],[-48.732273232898116,-26.873385105121628],[-48.73227010818127,-26.873395798684797],[-48.732252412988174,-26.87339933471896],[-48.73220853566959,-26.8733886943315],[-48.73213952892505,-26.87339003851009],[-48.73215023079739,-26.873410924355177],[-48.73212445622749,-26.873419182266282],[-48.732117056703025,-26.873438242442155],[-48.7321017635941,-26.873441878386327],[-48.732088652534706,-26.8734369264054],[-48.73208699589774,-26.87342746103677],[-48.73212087725294,-26.87339269101127],[-48.7320992470494,-26.873377136500626],[-48.73206611264519,-26.873371059879286],[-48.7319676202756,-26.873380197089183],[-48.73194829876997,-26.87339351755846],[-48.73192783302223,-26.873381989518702],[-48.731888879009404,-26.873401474399785],[-48.731910693721545,-26.87342250438836],[-48.73188006178642,-26.87342193406815],[-48.731855279299516,-26.873442497483335],[-48.73182348358443,-26.873424661656752],[-48.73178996652085,-26.87337333426905],[-48.73177679565112,-26.873365885110548],[-48.73176062664173,-26.873377505408442],[-48.73172925495146,-26.8734554204757],[-48.73171875694789,-26.873455829484495],[-48.73170306115387,-26.873442285210036],[-48.731660516053715,-26.873469355250837],[-48.73160229222052,-26.87345874060997],[-48.73154407775456,-26.873466053353148],[-48.73152359696723,-26.87348219336462],[-48.73152157704512,-26.873528119322142],[-48.731506757330344,-26.873539443591483],[-48.73148893830895,-26.873534765204113],[-48.73147550963005,-26.873542495672876],[-48.73149754805844,-26.87356365836621],[-48.73156661693848,-26.873592471019457],[-48.73159328634141,-26.873637076216887],[-48.731591135831515,-26.873670542597978],[-48.731569575829255,-26.873666492721217],[-48.73156179138674,-26.873693082175674],[-48.73146763942338,-26.873768771629365],[-48.73148083329324,-26.873795077970986],[-48.731508986440986,-26.873798486504572],[-48.731522608823845,-26.873810388429956],[-48.7315251841413,-26.873838251550886],[-48.73150876599721,-26.873853826881593],[-48.731529860642326,-26.87387014718817],[-48.73153168068748,-26.873890527663356],[-48.731513260163965,-26.87390291766411],[-48.731511061406884,-26.873924233523717],[-48.73148581392817,-26.873943279591373],[-48.731482888736366,-26.873991702537893],[-48.731504450453194,-26.87401945722654],[-48.73152553714784,-26.874021763193458],[-48.73154562786906,-26.874040787375147],[-48.73156368737394,-26.87406905797287],[-48.73153776879509,-26.874134261934206],[-48.731567550126115,-26.87427214154813],[-48.731549877439456,-26.874314155793407],[-48.731546401419436,-26.87435755766327],[-48.73156310284854,-26.874389083265772],[-48.731585695932544,-26.874396789337116],[-48.73161899274602,-26.874428916231288],[-48.73162912283786,-26.87448080667815],[-48.7316239000219,-26.874514271552034],[-48.73162882407008,-26.874562146407847],[-48.731600920597835,-26.874692733804284],[-48.73167321554461,-26.874763172505173],[-48.731768078945485,-26.874764386198706],[-48.73179994648239,-26.874789478938467],[-48.73180343954093,-26.874756460071957],[-48.73182274411301,-26.874734323287466],[-48.73183969875433,-26.8747456623154],[-48.73184877300246,-26.87476369736749],[-48.731847494190774,-26.874782789013825],[-48.7318336944621,-26.874800176131288],[-48.7317838926766,-26.874820116693524],[-48.731818042082324,-26.874831071218296],[-48.731839883629824,-26.87486523507601],[-48.731838859601396,-26.87488845051705],[-48.73185716594761,-26.874916464238098],[-48.731871830251585,-26.87500633146061],[-48.73183797140226,-26.875047303421297],[-48.73186363203698,-26.875066093017978],[-48.731874530408966,-26.875088784241285],[-48.73186557982162,-26.875136531074652],[-48.73188346941171,-26.87519197361731],[-48.73188332126509,-26.875232156629036],[-48.7318724976676,-26.87524624432915],[-48.73183295985226,-26.875261720108814],[-48.731808985669396,-26.875254025283958],[-48.73172096104527,-26.875261321456282],[-48.73170119375356,-26.87529372432982],[-48.731722629714824,-26.875299466115266],[-48.7318585153563,-26.87529227963466],[-48.73188362810289,-26.875305448971634],[-48.73187701649887,-26.875345520081822],[-48.73189266865166,-26.87539770583918],[-48.73190943193328,-26.87550880811836],[-48.731905083299274,-26.875558318234994],[-48.7319249903275,-26.87570632000363],[-48.731919652536895,-26.875739848015698],[-48.73193179063106,-26.875806045707762],[-48.731928466888256,-26.875864303524494],[-48.73193934403126,-26.87591023982208],[-48.73193274452027,-26.876024301548487],[-48.73194305211922,-26.876057736026198],[-48.731925081322665,-26.876112151555628],[-48.731937437355064,-26.876134067508996],[-48.73190143520231,-26.876161403260767],[-48.73190718454913,-26.876325055482656],[-48.73185019999836,-26.876371800913635],[-48.7318628680051,-26.876395228981423],[-48.731865266291585,-26.876448091745957],[-48.73185670659765,-26.876474539703196],[-48.73184086879278,-26.876482804564304],[-48.73180549757362,-26.87647414971225],[-48.73179585590378,-26.876479436692087],[-48.731799585469936,-26.876487497737752],[-48.73183169761198,-26.876494869312733],[-48.73184778401173,-26.876508023682895],[-48.7318372673006,-26.87656560286066],[-48.73180855383562,-26.87655731030654],[-48.73179825512939,-26.87651637476427],[-48.731786108134465,-26.876513473255542],[-48.73178243362715,-26.876527602637193],[-48.7317973246836,-26.876562419280713],[-48.73175601220718,-26.87660561427646],[-48.7317201971397,-26.87661495262502],[-48.73171010550277,-26.876632441674786],[-48.73167513614041,-26.876629262113525],[-48.73169779182344,-26.87665456885191],[-48.73168792995138,-26.876663222051018],[-48.73166635668791,-26.87666232783291],[-48.73165620164089,-26.87665235057109],[-48.73164056473817,-26.876577628952752],[-48.731627025332216,-26.87657511207706],[-48.73161566953189,-26.87658933469154],[-48.73163873842288,-26.876664502347033],[-48.73166585697029,-26.876677425085465],[-48.73169200397498,-26.876718289344357],[-48.73169672597789,-26.876781324883225],[-48.73171224593952,-26.876825972139905],[-48.73169980948428,-26.87685263398106],[-48.73166637428914,-26.876856683341558],[-48.73164703305744,-26.87686889249698],[-48.731671167748104,-26.8768953763279],[-48.731659901174076,-26.87691268857491],[-48.73160668474703,-26.876907085277924],[-48.73163088627718,-26.876929163505622],[-48.731624417947764,-26.876969557259592],[-48.731592030405345,-26.876983429490533],[-48.73156319200611,-26.87697922209089],[-48.73162056051722,-26.877055083155927],[-48.731596565731714,-26.877135988180505],[-48.731600471517794,-26.87728625715942],[-48.731665324963,-26.8773758492247],[-48.73166138263526,-26.877452523388676],[-48.7316731060196,-26.877468025392773],[-48.73167719589406,-26.877520585017027],[-48.73166513759705,-26.877560910660964],[-48.73167368481323,-26.877584986413403],[-48.73166476013088,-26.877601987014067],[-48.73167649378005,-26.877633958969188],[-48.73166127885417,-26.877720430541427],[-48.73163007269964,-26.877722503204136],[-48.73160701121568,-26.87780751132224],[-48.73161450902608,-26.877820640605044],[-48.731638019592346,-26.87783036126893],[-48.73169374858187,-26.877835749527513],[-48.73173759018214,-26.877823717221442],[-48.73178917408813,-26.877859641998555],[-48.7318061136234,-26.877880528769197],[-48.73182121412787,-26.877929307033277],[-48.73179747341488,-26.877952377882472],[-48.73182481467208,-26.877995892859627],[-48.73182931313203,-26.87801690654068],[-48.73182618553172,-26.878025063235608],[-48.731802665967784,-26.87801034737313],[-48.7317975292264,-26.878020744183985],[-48.73180536435936,-26.878037191783434],[-48.7318180030865,-26.878032963684777],[-48.73182761734362,-26.878041555111004],[-48.731831072077654,-26.878106673912384],[-48.73187929200982,-26.878170815822678],[-48.73185722531242,-26.878211955420852],[-48.73186200149714,-26.878221631518315],[-48.73187409531926,-26.87822352593847],[-48.73187802445305,-26.878235606108326],[-48.73186734364748,-26.878274933209433],[-48.73188229378967,-26.878276915007472],[-48.731919402086135,-26.878261955266318],[-48.731936269097055,-26.878273374116695],[-48.731916054311284,-26.87829212559896],[-48.73192202707893,-26.878322918479128],[-48.73190902997053,-26.87832327020565],[-48.731903200157774,-26.87834146302079],[-48.731876453211584,-26.87829877161201],[-48.73186884821347,-26.878297508792752],[-48.73186562972511,-26.878308553686395],[-48.73188347600446,-26.878356104477938],[-48.73189866688286,-26.878363115906847],[-48.73191487233347,-26.878353991503086],[-48.73192930853402,-26.878364778410344],[-48.73192972811237,-26.878376222850083],[-48.73190909734286,-26.878385465712213],[-48.73194247706891,-26.87842302487336],[-48.73193036231333,-26.878433013636702],[-48.731933202036736,-26.878446229648752],[-48.731961686626896,-26.878448771695943],[-48.73196247622209,-26.878417593757664],[-48.732009094496156,-26.878433034248363],[-48.732018761578715,-26.8784259283231],[-48.73203518294628,-26.878429326215365],[-48.732049195198094,-26.87840671099089],[-48.73204061042705,-26.87839549733199],[-48.73203939840582,-26.878342946019217],[-48.73207590985209,-26.878385298733118],[-48.732067936990404,-26.87838985896875],[-48.732069790619995,-26.87840059905608],[-48.73209740048086,-26.878411114651918],[-48.73210740607543,-26.878428737787942],[-48.7321071188353,-26.878484102344757],[-48.73208707909025,-26.87851056813124],[-48.73198900302712,-26.87852030293401],[-48.73195954411712,-26.87850295041535],[-48.73195513839194,-26.878515393100308],[-48.731962547706615,-26.878531698487222],[-48.73201104012351,-26.87855569455575],[-48.73204071255785,-26.87853700196544],[-48.732105167240185,-26.878541575384745],[-48.73212413150894,-26.878591102426682],[-48.732125689988415,-26.878640819278818],[-48.73211166362964,-26.8787018418261],[-48.73213748417763,-26.878751172116583],[-48.732155514686404,-26.878984970698628],[-48.732144222613,-26.879009550026865],[-48.73208043289968,-26.87903103301584],[-48.73209271444422,-26.879045959164213],[-48.73211324111391,-26.879037651356683],[-48.73214992533788,-26.879041120088832],[-48.73216035976738,-26.879070534353048],[-48.732180961936706,-26.879376493831572],[-48.7321954838014,-26.879486376057113],[-48.73219555815836,-26.879599638839487],[-48.732222140239266,-26.879897031658416],[-48.73223289030288,-26.88012480676055],[-48.73225976518056,-26.880396855236285]]},"properties":{"objectid":2652,"cota":3,"tipocurvanivel":"Normal","sourceLayer":"curvas-0"}},{"type":"Feature","geometry":{"type":"LineString","coordinates":[[-48.73549147568568,-26.87404683331101],[-48.73548971741256,-26.87408526508555],[-48.73552625403821,-26.874145392999704],[-48.73552293188986,-26.87419003748052],[-48.73555751537343,-26.874216081713413],[-48.7355793888652,-26.87421608038013],[-48.735604296931015,-26.874188789590733],[-48.735623427272834,-26.87418545121788],[-48.73565181071363,-26.874188275127008],[-48.73567073584971,-26.874214873334623],[-48.735697515431774,-26.874194763586548],[-48.73569075225268,-26.87416147368314],[-48.735700927269264,-26.874135921294993],[-48.735736294770035,-26.874131515652937],[-48.73570598314076,-26.87409890598163],[-48.73569831988932,-26.874035392842483],[-48.73566981863561,-26.8740132364507],[-48.73563650292848,-26.874007096378257],[-48.735579730127164,-26.874023611871014],[-48.73558569270604,-26.87409807703066],[-48.73557316502169,-26.87411352480226],[-48.7355427918134,-26.8741027887383],[-48.73551788407002,-26.874061552441283],[-48.73549147568568,-26.87404683331101]]},"properties":{"objectid":2653,"cota":3,"tipocurvanivel":"Normal","sourceLayer":"curvas-0"}},{"type":"Feature","geometry":{"type":"MultiLineString","coordinates":[[[-48.73831939974801,-26.88568608894303],[-48.73836039753676,-26.886]],[[-48.7383784481991,-26.886],[-48.73838254425621,-26.88599583024823],[-48.738371669576495,-26.885952940163712],[-48.73839156401952,-26.885922856838523],[-48.73846723673513,-26.88588413410832],[-48.7385187099589,-26.88592822932913],[-48.73853693335302,-26.885915142243388],[-48.738535302543795,-26.88585831105589],[-48.73854282056638,-26.885823947710396],[-48.73852651583427,-26.885784762800558],[-48.738518943614054,-26.88573568693209],[-48.73853442454089,-26.885679995215362],[-48.7385091460872,-26.885622993814856],[-48.73848904514217,-26.885533427181386],[-48.73847393677271,-26.885380052948133],[-48.738477897211375,-26.88536715890992],[-48.73852940436418,-26.88533277711171],[-48.7385541734682,-26.88532459048576],[-48.73859851244068,-26.88532914133179],[-48.7386174515549,-26.88537233922226],[-48.738635345010486,-26.88546511392108],[-48.738622109153155,-26.885508947236676],[-48.7386464838756,-26.88555144431859],[-48.738645916608455,-26.885579322922965],[-48.73867843472685,-26.885670064824737],[-48.73869362425848,-26.885674434973303],[-48.73870698091341,-26.885668958858275],[-48.73871201249009,-26.885630223899128],[-48.73872184386722,-26.885621349541726],[-48.73870077199121,-26.885594529573506],[-48.738677341318905,-26.885431294521347],[-48.73870321963054,-26.885423455929484],[-48.7387381310316,-26.885440259131418],[-48.73873494321883,-26.885407785559245],[-48.73874525009657,-26.885313322683597],[-48.738776146805534,-26.885293435423197],[-48.73880821820299,-26.885286779819698],[-48.73882191887698,-26.885293338935778],[-48.73881781521888,-26.88534137683544],[-48.738839196605134,-26.885390912945482],[-48.73886640679152,-26.885491215272882],[-48.73888846002359,-26.88550170655195],[-48.73889842271755,-26.885497001824568],[-48.73889965766648,-26.885484514461194],[-48.738866311491236,-26.885346951666868],[-48.73886156651633,-26.8852864364219],[-48.738870648809545,-26.88527883876537],[-48.73894746160087,-26.885265065246912],[-48.73896595675365,-26.885270165129906],[-48.73902701945704,-26.885453144630638],[-48.73901723794318,-26.885508495386],[-48.73902635959209,-26.88556731007961],[-48.7390342354946,-26.885577893829815],[-48.73907983124574,-26.885598486852746],[-48.739092075297485,-26.885587070069583],[-48.7391251438874,-26.885505818012305],[-48.739146805561504,-26.885475571536976],[-48.73916218543023,-26.885473515585623],[-48.739176541350666,-26.885486493498572],[-48.73918507156478,-26.885533921455472],[-48.739196351573064,-26.885534377281715],[-48.739203203110755,-26.885525845046494],[-48.73920680761414,-26.885486189271845],[-48.739197434201934,-26.88541206129179],[-48.739208368307295,-26.88532444270459],[-48.73920421865261,-26.88520282718484],[-48.7392220361453,-26.885180292910157],[-48.739230752490876,-26.88518278424357],[-48.739225964179404,-26.885203244782765],[-48.739233770372486,-26.885234618187564],[-48.73925158567685,-26.88524242354292],[-48.73925456363877,-26.885256479136498],[-48.73927377002852,-26.885248148282763],[-48.73929069691272,-26.885299567745673],[-48.73930301513938,-26.885265566361657],[-48.73933651528129,-26.885235623067395],[-48.739363332420716,-26.885238960954652],[-48.73936706414813,-26.885211413656084],[-48.73940361156007,-26.88519962690354],[-48.739432706470446,-26.885166805528772],[-48.73949904192921,-26.885140966013175],[-48.73951477807278,-26.885141485918513],[-48.73951447234742,-26.885174185132357],[-48.73947087572272,-26.88527491254678],[-48.73943177855525,-26.88541063340487],[-48.739459588217436,-26.8853876751537],[-48.73959997469671,-26.88510503755197],[-48.73964888272521,-26.88503673461442],[-48.73966112249296,-26.885039279606705],[-48.73966758176958,-26.885070169378064],[-48.73968748708517,-26.885057514251677],[-48.73968212187101,-26.885092349826678],[-48.73970532992594,-26.88511465005139],[-48.739743928980495,-26.885189597718522],[-48.73973495969481,-26.885009344666415],[-48.7399206696514,-26.884967123539088],[-48.7399425803192,-26.884941037623285],[-48.73993556768717,-26.88492237270313],[-48.73991427862109,-26.884921069992618],[-48.739905296171386,-26.884909851300588],[-48.73992158607621,-26.884888766192784],[-48.739930211648655,-26.884824670096453],[-48.739902246949804,-26.884524975278165],[-48.73990344193692,-26.884450875662846],[-48.73991193133402,-26.88446087446472],[-48.73994726664249,-26.884677255147917],[-48.73999461208804,-26.885078189915646],[-48.74,-26.88510725599676]],[[-48.74,-26.87784472782533],[-48.7399666474434,-26.87783838196895],[-48.739874915727924,-26.877848960231596],[-48.73986657324684,-26.877837518057337],[-48.7398669470816,-26.877797082231528],[-48.73984179591681,-26.87776867113764],[-48.7396898284903,-26.877797214483294],[-48.73964630171491,-26.87778309391776],[-48.739603195803646,-26.87779834602322],[-48.739544472884944,-26.877795004858232],[-48.739515660522756,-26.877804933759272],[-48.73941123677124,-26.877777578689386],[-48.739389456054774,-26.87779745778007],[-48.7393342066218,-26.877804000775086],[-48.7392912344548,-26.8777979677716],[-48.73913131410177,-26.87780388677966],[-48.73906716298071,-26.877795081695876],[-48.739054395938226,-26.877772248239044],[-48.73900135889378,-26.87774044683595],[-48.73894370640793,-26.877755022785884],[-48.73888521335953,-26.87774675941919],[-48.738666503645405,-26.877770526862975],[-48.73865931728171,-26.877781747572556],[-48.73862869414347,-26.87778931444951],[-48.73857347452901,-26.877779143223858],[-48.73848718625813,-26.877805942748566],[-48.73846280728294,-26.877792344074756],[-48.73846455422489,-26.877761313100514],[-48.73845471022188,-26.877753317657042],[-48.73838707487797,-26.87776494856258],[-48.73836578226255,-26.87779012550191],[-48.73827828129947,-26.8778112633215],[-48.738230373568605,-26.87774162164561],[-48.738212444034914,-26.877730820032696],[-48.7382114896656,-26.87774306823152],[-48.73823397418575,-26.87777316600479],[-48.73822857131364,-26.877779268539],[-48.73819253976973,-26.87778224726635],[-48.73813396632813,-26.87775821277935],[-48.738103399786404,-26.877785628170617],[-48.73804920666172,-26.87780365959906],[-48.73800169193886,-26.877770991465333],[-48.737987680492225,-26.877779983873967],[-48.73794848122795,-26.877781078019552],[-48.737878297601725,-26.877802165319114],[-48.73784312789307,-26.877778897182726],[-48.73775636157897,-26.877758747333626],[-48.7377407068077,-26.877762278806447],[-48.737728569948445,-26.87778356198195],[-48.73770231038749,-26.877763233226784],[-48.73768774663508,-26.877763423225222],[-48.737702692183014,-26.87778489107185],[-48.737697596691774,-26.87779334489357],[-48.737669033078646,-26.877783703118023],[-48.7376206619158,-26.87778398696746],[-48.73760637371555,-26.87777296925483],[-48.737540246233515,-26.87779099614349],[-48.73752904474329,-26.87778284803912],[-48.73752129361718,-26.877755319903116],[-48.73749927887351,-26.877738277261052],[-48.73746600897736,-26.877751704453935],[-48.73743924517575,-26.877745679627584],[-48.73738519341586,-26.87775878294335],[-48.73736702049611,-26.877797439143052],[-48.737337956682474,-26.877807605420493],[-48.73731907582612,-26.877802633666857],[-48.73729361972771,-26.877777540106674],[-48.737245248687,-26.877792569961585],[-48.73718442965269,-26.877799787267854],[-48.73702187199992,-26.877799375120606],[-48.73698095575003,-26.877790222077422],[-48.73693973200502,-26.877769782494177],[-48.73688751334949,-26.877763611452096],[-48.73689669813174,-26.877754530996064],[-48.73695067615019,-26.877754324589414],[-48.73697034066861,-26.87771899984777],[-48.73693996161346,-26.87769092415561],[-48.736944516957905,-26.877672306372634],[-48.73693044658357,-26.87766056290049],[-48.73691788003175,-26.877667341160517],[-48.73691306806034,-26.87769257615028],[-48.736895395775946,-26.877711097486593],[-48.73686918851128,-26.877704316187856],[-48.73685842536321,-26.87768492864987],[-48.73684919993603,-26.877632001607132],[-48.7368249533758,-26.877603940218457],[-48.736858788132594,-26.877569082582166],[-48.73682643835262,-26.87752657841378],[-48.736825431335774,-26.87747716184056],[-48.73688022526881,-26.877459786668098],[-48.73690350605305,-26.87747585969024],[-48.73691780443132,-26.87747292476065],[-48.73683747375991,-26.877434763375714],[-48.736815892633786,-26.877406673398347],[-48.73682494075273,-26.87738879271272],[-48.7368142729254,-26.877308353748788],[-48.73683154988989,-26.87725900901896],[-48.73682749627005,-26.8772140559116],[-48.73684163198184,-26.877160286645868],[-48.73681572793923,-26.87709252944503],[-48.736816244458815,-26.87707574662451],[-48.73680633050225,-26.877064300765905],[-48.736818434103306,-26.877035598951284],[-48.73678947015307,-26.877012070821742],[-48.7367825442523,-26.876993947734718],[-48.73680142276581,-26.876893259064772],[-48.736789799515435,-26.876866181452453],[-48.736810569966174,-26.8768321658584],[-48.736784333996525,-26.876793397442142],[-48.736825466830645,-26.876703416493772],[-48.73677697957598,-26.876666010749222],[-48.736811110672846,-26.876569692477577],[-48.73679775435218,-26.876553382278576],[-48.73676123932375,-26.876536399607776],[-48.736756874523415,-26.876526362047372],[-48.73676763219427,-26.876503943226343],[-48.73679053738183,-26.876492286791578],[-48.73680964854937,-26.87649427336113],[-48.73681221688456,-26.876482597923463],[-48.73684050470657,-26.876490908826455],[-48.736852786321215,-26.876487111326085],[-48.73685539353477,-26.876480252918373],[-48.73684122322967,-26.876466410534018],[-48.73686716441774,-26.87644001056986],[-48.73685574158112,-26.87642272601739],[-48.73681219005239,-26.87641560186316],[-48.736807464586576,-26.876438265338212],[-48.73679677078619,-26.876447427204585],[-48.73676996987833,-26.876451515496576],[-48.73675933740497,-26.87643845536252],[-48.736783288164425,-26.876393209119637],[-48.73676488915693,-26.876356286347082],[-48.73677039136875,-26.87633681286626],[-48.73679422914525,-26.876331735836434],[-48.73682171286184,-26.87636040319428],[-48.73683879525604,-26.876351224556405],[-48.736845788136556,-26.876332847975068],[-48.73683091035052,-26.87629834786526],[-48.736813744919566,-26.87629058065693],[-48.73680053037224,-26.87629731153165],[-48.7367874175208,-26.876242011009207],[-48.73679326269139,-26.876218354722962],[-48.73678503975388,-26.87617961771054],[-48.73674449143906,-26.876136419047768],[-48.7367279068241,-26.876097379301605],[-48.73672726883491,-26.87601459039419],[-48.73674650341275,-26.87597441439279],[-48.73671212300101,-26.875961119962614],[-48.73674510121362,-26.87593826660957],[-48.73674500593233,-26.875908196148497],[-48.73678823167539,-26.87593863365832],[-48.73679489278383,-26.875930898036955],[-48.73678015411131,-26.87588108366709],[-48.73674682104118,-26.875860782210793],[-48.73674843418169,-26.87584941815806],[-48.73676122968852,-26.875840937026553],[-48.73675888733005,-26.875827329265125],[-48.73671291252185,-26.875801124441637],[-48.73673014223752,-26.875791770389363],[-48.736738085482195,-26.8757762021398],[-48.736716311125946,-26.875738379682332],[-48.73676544030896,-26.875653026489157],[-48.7367527732132,-26.875620613977922],[-48.73671951909101,-26.87560155646529],[-48.736709278496754,-26.875587368221492],[-48.73671481960879,-26.875558262546406],[-48.736735823102734,-26.875555977429425],[-48.73673836064668,-26.87554933178829],[-48.73670709200416,-26.875521992659024],[-48.73670879120007,-26.875474840380104],[-48.73668180159986,-26.875447143846056],[-48.73666190067958,-26.875331304286618],[-48.736672627998956,-26.87531095882312],[-48.73670952170468,-26.87530113559554],[-48.73676711465136,-26.875306215954154],[-48.736786751050666,-26.875315369215187],[-48.736910498848324,-26.875307042122678],[-48.7369130414437,-26.875300142065754],[-48.73690122531547,-26.87530179648222],[-48.736891863,-26.875292672466927],[-48.73689233849264,-26.875255922140582],[-48.736916052319515,-26.875269532961333],[-48.73692934028571,-26.875262494605234],[-48.73689004184376,-26.875161972142454],[-48.73690649506029,-26.87515203707524],[-48.73690283813428,-26.875117479392312],[-48.73695289630779,-26.875100598615848],[-48.736930651611466,-26.8750533000852],[-48.73694886315162,-26.875018546755133],[-48.73697081062384,-26.87501711329781],[-48.7369745964138,-26.87498053963625],[-48.73699464142715,-26.87497119905899],[-48.73698338562935,-26.874955941405172],[-48.73695678646591,-26.87496204455709],[-48.73694058943675,-26.874946996526955],[-48.73699423585847,-26.87491077943051],[-48.73697316633044,-26.874902695213844],[-48.7369446555648,-26.87490620115458],[-48.73693683471036,-26.874893301594323],[-48.73697813745951,-26.874856831703937],[-48.737001437788024,-26.874855076077115],[-48.737017450763524,-26.874840463730123],[-48.73699709754661,-26.87481460718866],[-48.737021605228016,-26.874788967539235],[-48.737026459546016,-26.87476316285613],[-48.737008140531856,-26.87476401099991],[-48.736999819844804,-26.87475235875261],[-48.73701763510145,-26.87473320162815],[-48.73700682700778,-26.874721234284856],[-48.737003048359405,-26.87469733266114],[-48.737020112512326,-26.87470658636532],[-48.73702664915734,-26.874701709520483],[-48.73701023502073,-26.874678465522724],[-48.73701895500948,-26.87465269298489],[-48.73699501704674,-26.874645944482957],[-48.736984391211536,-26.874606843196524],[-48.73696455252759,-26.874609466488906],[-48.73693603736865,-26.874581774446636],[-48.73696086511882,-26.87458724940702],[-48.73697611815124,-26.874579312089825],[-48.73695575711563,-26.87456339868264],[-48.73698054879373,-26.87455108294002],[-48.7369767708763,-26.874514262665016],[-48.737001468350726,-26.874481920805206],[-48.73698353601131,-26.8744275917422],[-48.7369882830938,-26.87439822785818],[-48.73697373085146,-26.874349868543558],[-48.736988623090596,-26.87432639597455],[-48.73701456971259,-26.87431682143562],[-48.73699629697033,-26.874279481076787],[-48.73696673370551,-26.87429541684695],[-48.73694449181,-26.8742970883544],[-48.73691921578164,-26.874282799141127],[-48.73690521307569,-26.874259898795415],[-48.73689209725717,-26.874285277825823],[-48.73690619865663,-26.874315499577126],[-48.73688340061346,-26.874324276228215],[-48.736864646050016,-26.874318803794644],[-48.73683651936103,-26.87428621491422],[-48.73686556061237,-26.874243593298054],[-48.736866137454506,-26.87422489101005],[-48.73687668954189,-26.8742221749061],[-48.73691624369587,-26.87423886868631],[-48.73694380841202,-26.87419908689159],[-48.73691819693185,-26.87415703094306],[-48.73686766020223,-26.874123695903837],[-48.736817330038804,-26.874101108801955],[-48.73677105133873,-26.874090797728012],[-48.7367583394695,-26.874096909458704],[-48.736756836041174,-26.87411226503211],[-48.73678490765327,-26.87411872061662],[-48.736807511836666,-26.874167865934336],[-48.736824860181926,-26.87416845611845],[-48.736809963361274,-26.874195138633656],[-48.7368640441263,-26.874206460901895],[-48.736844318522806,-26.874213767033112],[-48.73683782123138,-26.87423081412452],[-48.736815163655166,-26.874232237094287],[-48.736802737154534,-26.874244481980778],[-48.736802154768064,-26.874265331122675],[-48.73682330446445,-26.87429721892859],[-48.73682324851643,-26.874310787365083],[-48.73680326854878,-26.87432060636497],[-48.7367526290548,-26.874326171819266],[-48.73674179614622,-26.874294540441074],[-48.73673261600867,-26.874310575305607],[-48.73671543919846,-26.874316174195034],[-48.736693707223644,-26.87428719829603],[-48.73665228374878,-26.874274777415312],[-48.736652751637244,-26.87426326325308],[-48.73668657258191,-26.874248494957587],[-48.73669343090389,-26.874248837673395],[-48.736692376186205,-26.874263238416095],[-48.73670250340543,-26.874275636172964],[-48.73673791452859,-26.87425772662324],[-48.73675547237409,-26.87421986651109],[-48.7367662972606,-26.874157487986327],[-48.736762298902875,-26.874143052311627],[-48.736732351145235,-26.874138483481133],[-48.73672506892356,-26.874069857743788],[-48.73669945931131,-26.874068276051432],[-48.73668722409671,-26.874094357745047],[-48.73667369096336,-26.8740876441383],[-48.736662281289455,-26.87406410396179],[-48.73666154555528,-26.87402390128435],[-48.73668048975486,-26.874022630017617],[-48.73670258179641,-26.87404747121648],[-48.73671953472913,-26.87404977425677],[-48.73672239129454,-26.874010139922554],[-48.736754965124724,-26.87399735146892],[-48.73675685690733,-26.873977453737368],[-48.736778186855666,-26.873998421104723],[-48.73681297250274,-26.8740066005471],[-48.73686117236769,-26.874053227445785],[-48.73687168194955,-26.87404183354276],[-48.73685899937846,-26.87402237826196],[-48.736875451643776,-26.87397196710462],[-48.736854320881726,-26.873919984615316],[-48.7368133847942,-26.87391023023132],[-48.736814219368476,-26.87388116645868],[-48.73675444961292,-26.87381844027073],[-48.73673022221268,-26.873820673754945],[-48.736699389221194,-26.87381063719532],[-48.736679590139104,-26.87381547210644],[-48.73667582040282,-26.873827093103355],[-48.736707744406985,-26.87384853795125],[-48.736717576018115,-26.8738679430554],[-48.73668219960095,-26.87390098825678],[-48.7366736075148,-26.873898367037576],[-48.736670537702366,-26.873881421164977],[-48.73669099470694,-26.873868464763035],[-48.73667182723109,-26.873841948533453],[-48.73662972810309,-26.873823848500184],[-48.736646613738294,-26.87380800929329],[-48.736640949284926,-26.873773654078075],[-48.73667296530626,-26.873769515771315],[-48.73667302570942,-26.873789720028146],[-48.736682921118444,-26.873797688425388],[-48.73672397077296,-26.87377779536481],[-48.73668565679171,-26.87375720204032],[-48.73668478796688,-26.873726306065688],[-48.73667406994186,-26.87371467315098],[-48.73665373043236,-26.873710771745902],[-48.736652789496475,-26.87373552458341],[-48.73664388410056,-26.87374302390276],[-48.73660396142761,-26.873731452809608],[-48.736574731358424,-26.87373844779228],[-48.73658608248719,-26.873762701781754],[-48.736580560707985,-26.873777557083514],[-48.736533338139175,-26.873750632840068],[-48.73651511980924,-26.873719008555195],[-48.736524112651495,-26.873702321835882],[-48.73654582349412,-26.873688911754275],[-48.736584529616096,-26.87369936598428],[-48.736610296879164,-26.873696262861575],[-48.73659663282042,-26.873666119386897],[-48.73660383477498,-26.873650828043797],[-48.736624886365014,-26.873635503203676],[-48.736616995549895,-26.873605713941522],[-48.73665549775326,-26.87356912073906],[-48.73669622200199,-26.873552272771207],[-48.73672722966929,-26.8735186314353],[-48.736742343170576,-26.873522440077743],[-48.73676530799686,-26.87357555115568],[-48.736782017023366,-26.873555238331267],[-48.736811300864936,-26.87354266156903],[-48.73679003484787,-26.87350469746781],[-48.73687029696314,-26.873512166029556],[-48.73680991494505,-26.87342335087692],[-48.73678390247313,-26.8734187115475],[-48.736746426628834,-26.87344212912627],[-48.73669758529211,-26.873446508681546],[-48.73669167344829,-26.873459830784128],[-48.73670796184627,-26.8734828083769],[-48.736681194187895,-26.873483848721147],[-48.736667873367196,-26.8735106304774],[-48.73663667708225,-26.873510146002115],[-48.736587396020155,-26.873545233572234],[-48.7365569162116,-26.873543183967254],[-48.7365631652886,-26.873581934489614],[-48.736586004780406,-26.873616582036778],[-48.736575934880605,-26.873634143130822],[-48.73651194861969,-26.87362820493894],[-48.73649649353633,-26.87361663960171],[-48.73651961167286,-26.873575626983726],[-48.736498050843785,-26.873539938626145],[-48.736511771833655,-26.87352580400471],[-48.736509650842834,-26.873482651562888],[-48.73651915307328,-26.873474743074407],[-48.736551257354726,-26.873478091177976],[-48.736561562296814,-26.873470098082553],[-48.736532623546026,-26.873434288811325],[-48.73653695990772,-26.8734175121392],[-48.73651815108719,-26.87337885818738],[-48.736495549913734,-26.873295833768857],[-48.73654575910969,-26.873263100263685],[-48.73658007160005,-26.873282844369207],[-48.73659934054771,-26.87331582923536],[-48.7366125704065,-26.87332245586283],[-48.73660737777934,-26.873279723483726],[-48.73664407834117,-26.87325319358145],[-48.73668611705176,-26.873257191753424],[-48.736688401970966,-26.87324529157063],[-48.73667471806966,-26.8732328151736],[-48.73665848875416,-26.873237788500482],[-48.73662588665179,-26.873219829802295],[-48.736494883358354,-26.87322766327303],[-48.73645712794775,-26.873208593167114],[-48.73636516946488,-26.8731979029059],[-48.73631348210928,-26.873208154134414],[-48.73629866131308,-26.873242891336396],[-48.73628248087134,-26.8732371785159],[-48.736273222133285,-26.87321508873404],[-48.73625182428672,-26.873209258011816],[-48.73601591844205,-26.873216797974795],[-48.735973094646916,-26.873226697481],[-48.73592132618312,-26.873283788343546],[-48.73587823707707,-26.87329715260827],[-48.73587514322637,-26.87333514786248],[-48.73585488575478,-26.87335546326416],[-48.73584152589822,-26.87334561632578],[-48.73584894306746,-26.87332372069066],[-48.73581767019858,-26.873286484092407],[-48.73581064621144,-26.873216593614828],[-48.73579099160763,-26.873202972787038],[-48.73577605241423,-26.87321450768963],[-48.7357718141996,-26.87323014159273],[-48.735781868706724,-26.87342053595947],[-48.73576221113211,-26.87349946645319],[-48.73578350162396,-26.87353189271325],[-48.73576355042543,-26.87358026224216],[-48.73575393019365,-26.873633019042344],[-48.73579908156829,-26.873688671611816],[-48.73576351225226,-26.873724165454618],[-48.735734833744544,-26.873819263241067],[-48.73575091392743,-26.873895094444066],[-48.73574075065232,-26.87397676263853],[-48.735748527491864,-26.87398176235504],[-48.735761198965626,-26.873959855285992],[-48.73581345621866,-26.87400661523882],[-48.73581733468148,-26.87413829879694],[-48.73583720301306,-26.87420497753518],[-48.735860179428386,-26.87424850304165],[-48.735856423274484,-26.87427428286041],[-48.73587100461485,-26.874321409979718],[-48.735876785311945,-26.874429198111535],[-48.73587828957408,-26.874539892196083],[-48.73586929241142,-26.874576782978714],[-48.73588447806245,-26.874611817848923],[-48.7358796372644,-26.87463723464202],[-48.7358884805339,-26.87468178803851],[-48.735875080208885,-26.874775255404888],[-48.735904436099176,-26.874889360448627],[-48.735905883056304,-26.87493536827959],[-48.735918211863854,-26.874980296105797],[-48.73591472503261,-26.875031189269855],[-48.73589172334976,-26.875065977581038],[-48.73591741120201,-26.87510454422804],[-48.7359398360661,-26.87517444147686],[-48.73592212154136,-26.87522317083814],[-48.73588924220316,-26.87526666655742],[-48.735889221187904,-26.87531407403088],[-48.73587339499298,-26.8753545987396],[-48.73590171623925,-26.875425644568846],[-48.73588186880661,-26.875475606783148],[-48.73593458938524,-26.875520260592072],[-48.73593398495914,-26.875553264543804],[-48.735919981617975,-26.875577409117618],[-48.73596576158731,-26.875695480166016],[-48.7359608090523,-26.87571796759978],[-48.73596734900585,-26.875777158908623],[-48.735953305135624,-26.875858525752374],[-48.73597942136319,-26.875920900629087],[-48.73594581749308,-26.87596418258704],[-48.73594298961058,-26.87603341247602],[-48.735930867598995,-26.87607530330962],[-48.73595359126926,-26.876124055393156],[-48.73595892684542,-26.876199444527206],[-48.73595088229456,-26.876242305876573],[-48.73596244616611,-26.87627967149423],[-48.73597214471478,-26.876536964559154],[-48.73597936371107,-26.876570871815847],[-48.73596818486396,-26.87662274629066],[-48.73597494789051,-26.87666024342776],[-48.735991437013226,-26.87669462234219],[-48.736009551065024,-26.876965327206413],[-48.736004397040766,-26.876988933159147],[-48.73597441508421,-26.877024520158255],[-48.73595005065777,-26.877115188324765],[-48.73601508871472,-26.877275874256306],[-48.73594734092568,-26.877323345924697],[-48.73596093259677,-26.877357282224928],[-48.73603657639587,-26.877469966861764],[-48.73602945969235,-26.877506360738565],[-48.73603970958704,-26.877558308828725],[-48.73605728027623,-26.877946915301305],[-48.736045531380114,-26.877956340852506],[-48.735998362735025,-26.877948901248807],[-48.73599053783637,-26.878056723055103],[-48.73597284826539,-26.8780558041927],[-48.73595258285971,-26.878078038051864],[-48.73597541223771,-26.878082222260463],[-48.735976647562765,-26.87810062508068],[-48.73598573470091,-26.87810488051488],[-48.73603935962609,-26.87808508371422],[-48.73604200809474,-26.87812498582229],[-48.736056064857166,-26.87814094453278],[-48.736057861891496,-26.878178274532374],[-48.736068309503366,-26.87819293812852],[-48.73612670542626,-26.878210111954804],[-48.73616202037438,-26.87823764332882],[-48.73621699543007,-26.87821862616377],[-48.7362364525736,-26.87824790501765],[-48.73635843006252,-26.878169047644786],[-48.73628119521972,-26.87817342857256],[-48.73624181767412,-26.878201489266665],[-48.73621646205807,-26.878205042877717],[-48.73621174600286,-26.878196117814813],[-48.73622966636029,-26.878169551547742],[-48.73621427557154,-26.878149733329412],[-48.73620704667639,-26.878147926272124],[-48.736191142079214,-26.878163634910358],[-48.73615247981866,-26.87816272287503],[-48.73611216414467,-26.878147822438372],[-48.736103129392276,-26.87812967815721],[-48.73623385424928,-26.878104339534893],[-48.736370792738185,-26.878098371404977],[-48.73660101916366,-26.878074198302883],[-48.736673670421396,-26.878074946409466],[-48.7367528121317,-26.878119260748438],[-48.73677468686517,-26.878109184267373],[-48.73682001845653,-26.878110389798486],[-48.73685509762432,-26.87814445913059],[-48.73687224688922,-26.878116986988402],[-48.736892397247125,-26.878106732150457],[-48.73694192630006,-26.8781011218621],[-48.736979219027006,-26.878108846939902],[-48.73699028116189,-26.878123282070142],[-48.73700523251114,-26.878191532492515],[-48.73700925317895,-26.878275018130072],[-48.737026732855725,-26.878349263461264],[-48.73702058955557,-26.87844571699386],[-48.73704923218883,-26.8785626287897],[-48.7370628398816,-26.87867872755154],[-48.73705038253344,-26.87870103251613],[-48.73707393190969,-26.87882911362621],[-48.73707189624388,-26.878858451440223],[-48.73708951610607,-26.878877373951713],[-48.73720714220094,-26.878870302391597],[-48.73723319053092,-26.87886118162495],[-48.73724715085159,-26.878871991976013],[-48.737270373431386,-26.87886993728784],[-48.7373237379249,-26.87888236975778],[-48.73732852113938,-26.878888939551413],[-48.737302956404505,-26.878901468536654],[-48.737352615940104,-26.878918727542437],[-48.737344452805964,-26.87890425314199],[-48.73738609953671,-26.87888357718955],[-48.73740222336788,-26.878898540089388],[-48.73736825426116,-26.87892360855246],[-48.737377308164184,-26.878940652976095],[-48.737462665249964,-26.878952219823443],[-48.737472143409725,-26.878930889582417],[-48.73750084486787,-26.87891073722588],[-48.73752917904371,-26.878942621815934],[-48.7375434597496,-26.878948262588125],[-48.73754860984879,-26.878926814283453],[-48.73757161239706,-26.878918527269747],[-48.73759379769747,-26.87889412644309],[-48.73761666738195,-26.87888634537621],[-48.73763412688932,-26.878891092182563],[-48.737658341466144,-26.878914820245846],[-48.73767774370747,-26.878902315226345],[-48.73769972726198,-26.87892174434683],[-48.73770902926381,-26.878909761614086],[-48.73770436621545,-26.878883615873754],[-48.737711751268286,-26.878880365286964],[-48.7377272816683,-26.878890210745286],[-48.73771989749032,-26.87894308650693],[-48.737807256640664,-26.878931391917178],[-48.73780396004483,-26.87882738790166],[-48.73782178281007,-26.87881808925991],[-48.73784097584474,-26.878821594950615],[-48.73784330012774,-26.878802515445607],[-48.737807110891254,-26.878757710990765],[-48.737814215154856,-26.87874870003551],[-48.73783185324038,-26.878761104310257],[-48.7378235013634,-26.878727352252955],[-48.73779440776339,-26.878677710561277],[-48.73779208414195,-26.878597464845985],[-48.73776910177462,-26.87857715338658],[-48.73778671912688,-26.87856098647317],[-48.7377867061216,-26.878548046848],[-48.737767204720505,-26.878529557245493],[-48.73774625203606,-26.878544978554114],[-48.73774286590792,-26.87854061870346],[-48.73775258692977,-26.878515376570757],[-48.73776869489694,-26.878501879316694],[-48.73775745220989,-26.878473360326247],[-48.737780241195175,-26.878463461675704],[-48.73778935240601,-26.878434578289237],[-48.73778710792026,-26.87837875701181],[-48.737812676488474,-26.87837492044973],[-48.73782728356445,-26.878403484293667],[-48.737853563109354,-26.878717367017124],[-48.73786986623789,-26.87878027843011],[-48.73791535793948,-26.879248463044313],[-48.73791026973343,-26.879282066634893],[-48.73788696349383,-26.879278666542646],[-48.73784764332803,-26.879292171983746],[-48.737865103258734,-26.879306855715953],[-48.73788582651689,-26.879299070013843],[-48.73792278133275,-26.879366939958384],[-48.737928278577144,-26.879531499727623],[-48.7379460324462,-26.87962016068397],[-48.73794423075262,-26.879682885019445],[-48.737953411777404,-26.87974742049362],[-48.73794109666746,-26.87987143010637],[-48.73796077956224,-26.87990643844985],[-48.73797109546945,-26.880051285422073],[-48.73797471437664,-26.88022329646005],[-48.737962030968575,-26.880274232812383],[-48.73794523955698,-26.88029232165543],[-48.73790742375849,-26.880299855270437],[-48.7378914562275,-26.880311391933635],[-48.737943636950064,-26.880348888106262],[-48.73794722590079,-26.880376366711733],[-48.7379253615533,-26.88040914751204],[-48.737929821348565,-26.880474860882845],[-48.73793704260237,-26.88048499379654],[-48.737976060167256,-26.880476546283425],[-48.7379856116276,-26.880592621536035],[-48.73799150428934,-26.880905090233522],[-48.737973791198634,-26.880926601768497],[-48.73793200474123,-26.8809383927475],[-48.737919204767685,-26.880970365717552],[-48.737914831662565,-26.88102121585495],[-48.73793297220601,-26.881056614634126],[-48.737927907921204,-26.88108992078719],[-48.7379339758638,-26.881137497080754],[-48.73794960716561,-26.881158966873663],[-48.73795953526322,-26.881157648557473],[-48.737954440927865,-26.881133243072934],[-48.73797385588579,-26.881100866154966],[-48.737957169358125,-26.881024396431318],[-48.737995387190956,-26.88105813405407],[-48.737992846839866,-26.88116021709481],[-48.73795384604596,-26.881169983357754],[-48.73793850186601,-26.881202210683806],[-48.73794457631101,-26.881236020115225],[-48.7379632148442,-26.88127087366176],[-48.73794656150879,-26.881291521365043],[-48.737949641862365,-26.881315684322153],[-48.737959208640355,-26.881317905066886],[-48.73798591047343,-26.881296210807346],[-48.73799062109799,-26.881277377089862],[-48.73799792349417,-26.881283034217514],[-48.738006637834424,-26.88139556384224],[-48.73800081528351,-26.881463152081952],[-48.73798962718776,-26.881486348314038],[-48.738005680128744,-26.88151772660207],[-48.738007967272125,-26.881545688828485],[-48.737980334161435,-26.88160408278896],[-48.73800102295251,-26.88163791690477],[-48.73800999097119,-26.88168000487849],[-48.738015470796604,-26.882168370924422],[-48.738006761682406,-26.88233565956906],[-48.7380206929669,-26.882486147905905],[-48.738017266397215,-26.88280850710664],[-48.73802516051137,-26.883066709726922],[-48.73804478137873,-26.883143006236427],[-48.73805025070217,-26.883224481807133],[-48.738079786222876,-26.88329863042592],[-48.73809952762549,-26.883382723370342],[-48.73808837593277,-26.883419139352366],[-48.738106337416866,-26.88347476470051],[-48.73811700481158,-26.883564732600625],[-48.738131674793756,-26.883824473213394],[-48.73818084338057,-26.884203424814878],[-48.73825956845266,-26.885010072267782],[-48.73826762726979,-26.885042744783423],[-48.738287896207034,-26.88504988924546],[-48.73826694175632,-26.88508297340076],[-48.73828196312249,-26.8852910287488],[-48.738294263075524,-26.885307478957632],[-48.738314839367405,-26.88530343879238],[-48.73833430872266,-26.885261494002965],[-48.73837953789151,-26.885236001080813],[-48.73841387359755,-26.88519953852071],[-48.73849728888363,-26.885182158276614],[-48.738539340320116,-26.88518195266385],[-48.73853189575158,-26.885103423584688],[-48.738540899055266,-26.88509231322931],[-48.73855486380863,-26.885099052577296],[-48.73856348139139,-26.885061272085455],[-48.73853255211013,-26.88500593187144],[-48.73856378220094,-26.88501731106155],[-48.73857641509818,-26.885084156099335],[-48.73860837682737,-26.885117420719652],[-48.738604861953526,-26.88514079128723],[-48.7386161764979,-26.885177363089166],[-48.73865890638754,-26.885170429666918],[-48.738700892915496,-26.885176414715765],[-48.73878753916569,-26.88515016976712],[-48.73888685095201,-26.885151483691907],[-48.73897371678962,-26.885126995613422],[-48.7390206086625,-26.885132220719896],[-48.73903839224794,-26.885151474149175],[-48.73901840926953,-26.88517383836214],[-48.73901905146075,-26.885213664096693],[-48.739008622853596,-26.885226201912076],[-48.73894402275457,-26.885217447154453],[-48.738892647862855,-26.88523832146599],[-48.738568983319304,-26.885279243692953],[-48.73851701544618,-26.885294564581958],[-48.73839319336601,-26.88530885210357],[-48.738292172801735,-26.885332487724003],[-48.73828790843414,-26.88536089280863],[-48.73831939974801,-26.88568608894303]]]},"properties":{"objectid":2654,"cota":3,"tipocurvanivel":"Normal","sourceLayer":"curvas-0"}},{"type":"Feature","geometry":{"type":"LineString","coordinates":[[-48.73698004133431,-26.873458548477565],[-48.73700755376724,-26.87346619261334],[-48.73705744267501,-26.87342786217218],[-48.73707073521353,-26.87348878876372],[-48.737097192220986,-26.87351365199239],[-48.73707138992252,-26.87353544181157],[-48.73707077352264,-26.873546634129763],[-48.73712703752456,-26.873587472705974],[-48.73712838928465,-26.873569775528306],[-48.7371602391755,-26.873551541685465],[-48.7371328123614,-26.873513173013393],[-48.73715573985464,-26.873456558264362],[-48.7371380172531,-26.873446015255425],[-48.73712127663363,-26.873462916334393],[-48.737108594777006,-26.873439838626812],[-48.73716272893168,-26.87342335332636],[-48.737187666784195,-26.87340151173843],[-48.73712370954488,-26.87339467634928],[-48.73712279040135,-26.873374637018795],[-48.73715006879249,-26.873348659969718],[-48.737117302680744,-26.873314324582278],[-48.737075779825794,-26.873319033578653],[-48.73708204716016,-26.873345710413773],[-48.737073510359366,-26.873359564449114],[-48.73702670086117,-26.873377279778776],[-48.73698111620388,-26.87337831475664],[-48.73698004133431,-26.873458548477565]]},"properties":{"objectid":2655,"cota":3,"tipocurvanivel":"Normal","sourceLayer":"curvas-0"}},{"type":"Feature","geometry":{"type":"LineString","coordinates":[[-48.728177462796424,-26.87097089849787],[-48.72827456940542,-26.870955880131195],[-48.72833210047012,-26.87095807858112],[-48.7284159590641,-26.870942967118605],[-48.7284628047156,-26.87095189025392],[-48.72850068827752,-26.870979088355433],[-48.728514837135926,-26.871009774556228],[-48.72854138594983,-26.871020406359154],[-48.728548603558764,-26.8710428833994],[-48.72854529819261,-26.871082785484752],[-48.72852355210959,-26.8711196358847],[-48.728482702466856,-26.871128653387665],[-48.72856252209423,-26.871138047103187],[-48.72857053127157,-26.871117052144044],[-48.728568545561586,-26.871064413491503],[-48.72853985683715,-26.8709252965575],[-48.72855483198634,-26.87086989925996],[-48.728561143500976,-26.870686313524118],[-48.72852702633136,-26.87071877674162],[-48.7284686264929,-26.87081898476663],[-48.72839791365014,-26.87084318326806],[-48.72835815785804,-26.870879837917585],[-48.72835024855136,-26.870934291129217],[-48.72830912558006,-26.870941933362726],[-48.72824607998891,-26.87093430189979],[-48.72822464732894,-26.870949232184117],[-48.72818179441294,-26.87095542068525],[-48.728177462796424,-26.87097089849787]]},"properties":{"objectid":2660,"cota":3,"tipocurvanivel":"Normal","sourceLayer":"curvas-0"}},{"type":"Feature","geometry":{"type":"LineString","coordinates":[[-48.729120382226455,-26.871996409260806],[-48.72914099535482,-26.871988854963362],[-48.72918213038139,-26.871914164898538],[-48.729288834906356,-26.871661074908783],[-48.72936109533142,-26.871557591405185],[-48.729391251505696,-26.87149437367731],[-48.72938781824357,-26.871485046686075],[-48.729349890531836,-26.871495336931478],[-48.72934597099578,-26.87152937676168],[-48.72926948748787,-26.871642913398656],[-48.72912243849737,-26.87196738872022],[-48.729120382226455,-26.871996409260806]]},"properties":{"objectid":2661,"cota":3,"tipocurvanivel":"Normal","sourceLayer":"curvas-0"}},{"type":"Feature","geometry":{"type":"LineString","coordinates":[[-48.73425125374295,-26.87084461797015],[-48.73417009073634,-26.87083388833174],[-48.73416539658766,-26.87081722500816],[-48.73417546346232,-26.87079820476675],[-48.73416562696452,-26.870796185241332],[-48.734163052916884,-26.870772364250872],[-48.73414703725965,-26.87075084192185],[-48.734139379890614,-26.87075152229597],[-48.734143723090455,-26.870771301585822],[-48.73413738794239,-26.870784145707113],[-48.73411731468731,-26.870779337655843],[-48.73411212286726,-26.870754074068458],[-48.734095000386105,-26.870736079730545],[-48.73410660561845,-26.8706987552925],[-48.73410676321094,-26.870660424210257],[-48.734136023816454,-26.870697935701298],[-48.73415830942135,-26.870699134212924],[-48.73419416232103,-26.87066604491928],[-48.73423951709808,-26.87065917272951],[-48.734241090853125,-26.870636518353827],[-48.734260863424424,-26.870612550372957],[-48.734319896699475,-26.870592203659786],[-48.73437195968062,-26.870591978199652],[-48.73441968639319,-26.870602964782595],[-48.73443005952312,-26.870611884047854],[-48.734433168560706,-26.870633353693638],[-48.73442029601008,-26.87066464748543],[-48.73438327805702,-26.870668406392433],[-48.73434459568482,-26.87064380329133],[-48.73428620214676,-26.870634336818227],[-48.73427168090662,-26.870646925125097],[-48.73425997663324,-26.87068154874627],[-48.73418629632765,-26.870695606850127],[-48.734183041676445,-26.870702737296906],[-48.734194287889125,-26.87070854627984],[-48.73425183033319,-26.87069408226116],[-48.73426553964991,-26.870701218545012],[-48.73425630473598,-26.870722825940522],[-48.73430170921933,-26.870724312171493],[-48.73430903450943,-26.87071974590312],[-48.73430776269907,-26.870703539060607],[-48.73433166853862,-26.870685908520706],[-48.73435455274578,-26.870728800130443],[-48.73439801947459,-26.87073516371212],[-48.73441220792944,-26.87073068584045],[-48.73441455873352,-26.870706556675373],[-48.7344686949574,-26.87071550540419],[-48.73445346044631,-26.870699670276064],[-48.73446674948796,-26.870684986542003],[-48.73446662300099,-26.870669678863088],[-48.73449299790878,-26.870662361445355],[-48.73450352665644,-26.870667715793257],[-48.73448588638455,-26.87069178839482],[-48.73449509118123,-26.87070817930385],[-48.73453690521176,-26.870713097679747],[-48.73458539231273,-26.870735916769508],[-48.734624484420365,-26.870743455523186],[-48.73463868463161,-26.870757618042806],[-48.73461610239195,-26.870777353630608],[-48.734645282840226,-26.870822327951807],[-48.734631910392736,-26.87085911331416],[-48.73458691069624,-26.870857510041215],[-48.73454879112949,-26.87084247663332],[-48.734542022274255,-26.870828976549262],[-48.73455689479891,-26.87079892049771],[-48.73458191722733,-26.870828954780688],[-48.734600130125216,-26.870826987078612],[-48.73459209966471,-26.87081427987939],[-48.73455780932252,-26.870796659168867],[-48.73450799415922,-26.870798254568452],[-48.73445949560343,-26.870784942639865],[-48.73440799367675,-26.87078347058166],[-48.73438894008774,-26.87080277087959],[-48.734347095020446,-26.870815557240313],[-48.73434464926539,-26.870822090603156],[-48.73440447011429,-26.870826849272515],[-48.73442012919104,-26.8708103390775],[-48.73442933374311,-26.870810541734862],[-48.73444129662944,-26.87082492198507],[-48.734435071315716,-26.870845330461865],[-48.7344455711312,-26.870873484896034],[-48.734368056821474,-26.870872146176115],[-48.734353663476725,-26.87086348190333],[-48.7343182002588,-26.87087112281897],[-48.73428978121086,-26.870839193009793],[-48.7342872264908,-26.87080057386135],[-48.734248649359564,-26.870793098323144],[-48.73424209593571,-26.870768140493773],[-48.73420245938015,-26.870760907860127],[-48.73419406530876,-26.870772291278538],[-48.73419843509843,-26.870792302022238],[-48.7342232344133,-26.870815857666422],[-48.734227225395124,-26.870833165796547],[-48.7342642775731,-26.870832487563604],[-48.73425125374295,-26.87084461797015]]},"properties":{"objectid":2662,"cota":3,"tipocurvanivel":"Normal","sourceLayer":"curvas-0"}},{"type":"Feature","geometry":{"type":"LineString","coordinates":[[-48.73465631609176,-26.87084250509431],[-48.73466879386203,-26.870830758460755],[-48.73467006020962,-26.870806055085122],[-48.7346880343028,-26.87077548381296],[-48.73471449938052,-26.870788780795237],[-48.734728514424,-26.870779322164225],[-48.73470693213082,-26.8707597537973],[-48.734707188175186,-26.8707456489074],[-48.73473404506249,-26.870749892413418],[-48.734741494005796,-26.870770216033467],[-48.73478701397322,-26.870801194415524],[-48.7348181081857,-26.87072624855684],[-48.73486115864387,-26.870716241991268],[-48.73489074753556,-26.870687728605738],[-48.73490974449857,-26.87069095082318],[-48.734884372944315,-26.870725927535222],[-48.734901929739166,-26.87072835055151],[-48.73491504026449,-26.870741801585332],[-48.73491452239718,-26.870779087275316],[-48.73490354481931,-26.870786655247294],[-48.73486473894685,-26.870782827545316],[-48.73488312086736,-26.870801355485884],[-48.73490943222113,-26.870799902032857],[-48.73491982218646,-26.870809645476736],[-48.73492815283635,-26.870839956265673],[-48.73491744831009,-26.870875472262533],[-48.734929245048654,-26.870899301231837],[-48.73491184543069,-26.87089363640857],[-48.73488451291471,-26.870844951987838],[-48.734883034702314,-26.870834400236383],[-48.73489919587384,-26.870833537596827],[-48.73489901457649,-26.870826024451617],[-48.73485354111205,-26.870806491795786],[-48.734843812285554,-26.870807752665836],[-48.734850373000974,-26.870823265486457],[-48.73481909054733,-26.870822043760498],[-48.734794454078845,-26.870849017528208],[-48.734761965379626,-26.870842884235163],[-48.73474696205296,-26.870824283205945],[-48.734741085495436,-26.870856173822432],[-48.73469692230315,-26.870849307337696],[-48.73470467971131,-26.87083947041526],[-48.73469440954789,-26.87083542878858],[-48.73466898361546,-26.870862225627224],[-48.73465631609176,-26.87084250509431]]},"properties":{"objectid":2663,"cota":3,"tipocurvanivel":"Normal","sourceLayer":"curvas-0"}},{"type":"Feature","geometry":{"type":"LineString","coordinates":[[-48.73561785078517,-26.871069709103413],[-48.73565552580261,-26.87106641253848],[-48.73569137065634,-26.87104239782149],[-48.73574205812249,-26.871048845141804],[-48.735776691996854,-26.871044392489353],[-48.73582845486329,-26.87105772470643],[-48.73589122321983,-26.87103022115385],[-48.73594551597701,-26.87103738948528],[-48.73600767198578,-26.871025717784352],[-48.7360403488934,-26.87103978550076],[-48.73610018883577,-26.871029607209664],[-48.73613127997863,-26.871032202737506],[-48.73616758317643,-26.871007401077204],[-48.73618480589362,-26.87102780814979],[-48.73626804254415,-26.87102231031267],[-48.73638284835208,-26.871041329005962],[-48.736377793638816,-26.871058204271083],[-48.73636228051467,-26.871066086842024],[-48.736387882991856,-26.87112133302457],[-48.73635578942472,-26.87109858949148],[-48.73635299394047,-26.871074646750277],[-48.73631292893594,-26.871063549832613],[-48.73630525692165,-26.87106637883809],[-48.736312003440176,-26.87108343597301],[-48.7363009408442,-26.871092193034258],[-48.73624083871684,-26.871072244115624],[-48.73625064128263,-26.871080465538373],[-48.736243720254116,-26.871087219624883],[-48.73619335297263,-26.871080558316518],[-48.73618294555572,-26.871093048499336],[-48.736166109149906,-26.871097394775845],[-48.73610920418235,-26.871091782918207],[-48.736109854386385,-26.871105917682154],[-48.73610295644439,-26.871108835789183],[-48.73608053421625,-26.87110696306094],[-48.73609323052555,-26.871098889185788],[-48.73607932739084,-26.87108839102392],[-48.73605011544888,-26.87109698447093],[-48.736023626540735,-26.8710944166508],[-48.73601591720236,-26.871098966928653],[-48.73601488090058,-26.87111663395367],[-48.735985696872255,-26.87109428170412],[-48.73593903603882,-26.871105435530755],[-48.7359292945861,-26.87111657094958],[-48.735895383624175,-26.87109903514466],[-48.73587414321019,-26.871097141615575],[-48.735850545858014,-26.871103186218757],[-48.735867068837095,-26.8711149735832],[-48.73586065557374,-26.871125080290266],[-48.73583989154225,-26.871120590804143],[-48.735824167828774,-26.871104194767554],[-48.735763642039934,-26.871091522583683],[-48.73567089184503,-26.871098028198716],[-48.73560527539116,-26.87107297658582],[-48.73561785078517,-26.871069709103413]]},"properties":{"objectid":2664,"cota":3,"tipocurvanivel":"Normal","sourceLayer":"curvas-0"}},{"type":"Feature","geometry":{"type":"LineString","coordinates":[[-48.73681569814671,-26.871124619669093],[-48.7368257031102,-26.871120762206832],[-48.73682418972852,-26.871111815374455],[-48.736759961918715,-26.871084073747472],[-48.73676729301774,-26.87107693904959],[-48.73681374295854,-26.871085160017458],[-48.736801994083606,-26.871058401677058],[-48.736806305026064,-26.871053654325586],[-48.73682663660542,-26.871062578634593],[-48.73687662580862,-26.871066802443362],[-48.73692472299002,-26.87105784893784],[-48.73692694214834,-26.87108607813513],[-48.73696404946141,-26.87108379912084],[-48.73698900411348,-26.871104085390208],[-48.73701232274797,-26.87108601179593],[-48.73703209139057,-26.87110516452809],[-48.737038244116775,-26.871098180602058],[-48.73702977964952,-26.871070315230714],[-48.73705318908661,-26.87107153038864],[-48.73706161762095,-26.871063102885916],[-48.73704828694143,-26.87103896432702],[-48.737099198262875,-26.871044888616368],[-48.73711433755476,-26.87103495681188],[-48.737148094827376,-26.871032175568207],[-48.73715973728804,-26.871022190456603],[-48.73720738934493,-26.871051352205228],[-48.73718291055985,-26.87107225179533],[-48.73722514698426,-26.87108907233634],[-48.737288745261544,-26.871081629517416],[-48.73732120315234,-26.87108669413775],[-48.737389253525265,-26.87112952083735],[-48.73739228498986,-26.87113798570026],[-48.73738800336359,-26.871144647651064],[-48.73734843356819,-26.871142229758124],[-48.73732011507203,-26.871157605304937],[-48.737308875081716,-26.871154100634],[-48.73730352747817,-26.87114117122096],[-48.737275387137,-26.87114345676861],[-48.737321555999834,-26.87118080437633],[-48.73730398036465,-26.87119352006695],[-48.73724568498274,-26.87115165636393],[-48.73724673030192,-26.87114413849455],[-48.737232562098484,-26.87113992090482],[-48.737156508847924,-26.87113978391271],[-48.73711560602141,-26.87115609675202],[-48.73708761195624,-26.871153664756108],[-48.73706587690545,-26.871167459912034],[-48.73703780203164,-26.87115013788092],[-48.73703673644225,-26.871164230723007],[-48.73702438238884,-26.871170280543005],[-48.73697134847123,-26.87115855913516],[-48.73695698069128,-26.87117002121344],[-48.736933801808625,-26.87116430286322],[-48.73689060542112,-26.871175218302795],[-48.736850961371,-26.871170314617622],[-48.73680953079808,-26.87117689674616],[-48.7367838442484,-26.871172389907006],[-48.736807541575764,-26.87116182995219],[-48.7368116714024,-26.871152737078077],[-48.73668694119894,-26.87114963609408],[-48.736672243981744,-26.871133937043446],[-48.73669941919849,-26.871131403321176],[-48.736699105108265,-26.871115698252016],[-48.73672178079641,-26.87110666604756],[-48.73673630838407,-26.871109713543966],[-48.7367527645812,-26.87112980955955],[-48.73680223646885,-26.87111716451132],[-48.73681569814671,-26.871124619669093]]},"properties":{"objectid":2665,"cota":3,"tipocurvanivel":"Normal","sourceLayer":"curvas-0"}},{"type":"Feature","geometry":{"type":"LineString","coordinates":[[-48.73266655329099,-26.870526986519707],[-48.73267870634599,-26.870528293384773],[-48.732679496036674,-26.870511209947566],[-48.732695096668934,-26.870505757700933],[-48.732796614419044,-26.87051316258505],[-48.73284899837879,-26.87052549328156],[-48.73286380540389,-26.870519619468418],[-48.732871615218315,-26.870500807673988],[-48.732908918422154,-26.870494703747497],[-48.73292258753404,-26.87050566501969],[-48.73293275111085,-26.870541825248424],[-48.732918352024534,-26.87057935291566],[-48.732867411492485,-26.870570026216235],[-48.7327565580399,-26.87057589919146],[-48.73273830899838,-26.870563087469748],[-48.73271104955949,-26.870582454380553],[-48.73264679100003,-26.870560156762362],[-48.73259938708325,-26.870577029046327],[-48.7325815987353,-26.870574313244745],[-48.73257764885958,-26.87058904740844],[-48.73253392828983,-26.870598691459694],[-48.73251838766669,-26.870589940909845],[-48.73248685421765,-26.87059504987687],[-48.73246754594363,-26.870580908951037],[-48.732471213688946,-26.870565084609368],[-48.73250340945914,-26.870536114533436],[-48.73253716144146,-26.870567379425967],[-48.732586254800054,-26.870544613269406],[-48.73261495222054,-26.87054214086032],[-48.73263815947464,-26.87052453189464],[-48.73266655329099,-26.870526986519707]]},"properties":{"objectid":2668,"cota":3,"tipocurvanivel":"Normal","sourceLayer":"curvas-0"}},{"type":"Feature","geometry":{"type":"LineString","coordinates":[[-48.73287028441519,-26.869837460033192],[-48.73276147288014,-26.869829542003],[-48.732561821290304,-26.869838759296574],[-48.73253082261596,-26.86982555161143],[-48.73258527984677,-26.86981586146519],[-48.73294799913992,-26.869801730795942],[-48.73299927716469,-26.869807843808477],[-48.73319199817499,-26.86980277518456],[-48.733217920992516,-26.869810496482494],[-48.733137909787416,-26.869821217181357],[-48.73311796164637,-26.86984495296165],[-48.73307712128288,-26.869840378298992],[-48.733067508642115,-26.86987163131103],[-48.73303789764778,-26.869890095110126],[-48.733037417661286,-26.86990996759757],[-48.73301274820725,-26.869961786917834],[-48.73299783059595,-26.869973459959237],[-48.732971743322224,-26.869978015690734],[-48.732944026769395,-26.870007290597936],[-48.73294599930339,-26.870056657677498],[-48.732902380849865,-26.870091507264743],[-48.73286917810132,-26.870102770454015],[-48.73285986663759,-26.870130221723883],[-48.73280165295127,-26.870150142385068],[-48.7327764158202,-26.870148501023856],[-48.73275600208272,-26.870136810613474],[-48.73273022882331,-26.870089164302378],[-48.73273972232991,-26.870081841617868],[-48.7327666662344,-26.870097648238797],[-48.732776961929225,-26.870085424556276],[-48.732752788582026,-26.869996175468465],[-48.73274255808299,-26.869982840858416],[-48.73271305265127,-26.869973820200237],[-48.73270743284258,-26.86996326514167],[-48.73284375501482,-26.86992807761386],[-48.73284205127338,-26.869919609609237],[-48.73278574744391,-26.86991417124061],[-48.73275946283821,-26.869902845968536],[-48.7327593120909,-26.86989491818729],[-48.732807544736126,-26.86987184933795],[-48.73287622488829,-26.869854639741213],[-48.7328956934537,-26.869858221746526],[-48.73294576275015,-26.8698473979556],[-48.73298320358454,-26.869851432585737],[-48.73298889830941,-26.86984491799108],[-48.73297843796728,-26.86982882902525],[-48.73287028441519,-26.869837460033192]]},"properties":{"objectid":2669,"cota":3,"tipocurvanivel":"Normal","sourceLayer":"curvas-0"}},{"type":"Feature","geometry":{"type":"LineString","coordinates":[[-48.73299307036031,-26.86999623284252],[-48.73300685941064,-26.86998589718077],[-48.73304681771161,-26.869988282795187],[-48.733030002655134,-26.869956961299454],[-48.7330433924918,-26.869917406747852],[-48.733059836157096,-26.86990197419218],[-48.73308362671602,-26.869899504166533],[-48.733124880519505,-26.86991674781365],[-48.73314656024866,-26.869901851391116],[-48.733178824600444,-26.869921733958893],[-48.73317364361726,-26.869951828939758],[-48.733196482414726,-26.869952326239677],[-48.733250805596654,-26.86999495805216],[-48.73322896921936,-26.870042676085642],[-48.733232400833465,-26.87005093987874],[-48.733253024586716,-26.8700578045524],[-48.73326048844416,-26.870077970547484],[-48.73324821079693,-26.87009259639083],[-48.73321229790765,-26.870090605135125],[-48.73317766830266,-26.87010307735667],[-48.73310003463705,-26.870096300561034],[-48.73308820130123,-26.87008799851797],[-48.7330802840969,-26.87006811222179],[-48.73308619681894,-26.870038666120816],[-48.733166501767855,-26.869962988724854],[-48.73316332991604,-26.869956130611545],[-48.73313285953016,-26.869954771745324],[-48.7330990085623,-26.869985920122343],[-48.73306044955379,-26.869988247938295],[-48.7330409571772,-26.870023031656956],[-48.73299924837161,-26.87001164574049],[-48.73298912863441,-26.870003047204943],[-48.73299307036031,-26.86999623284252]]},"properties":{"objectid":2670,"cota":3,"tipocurvanivel":"Normal","sourceLayer":"curvas-0"}},{"type":"Feature","geometry":{"type":"LineString","coordinates":[[-48.73335541131081,-26.869422525738944],[-48.733421206413844,-26.869409286403016],[-48.733422683558345,-26.86938568020427],[-48.7334329288572,-26.869378498579714],[-48.733488096971975,-26.869371647771064],[-48.733477939879386,-26.869360584065394],[-48.73344522291073,-26.86935754586149],[-48.733456163683755,-26.869339460192084],[-48.733454056517544,-26.86931479115513],[-48.73347260714617,-26.869300823639314],[-48.733562502342785,-26.86930681774002],[-48.73354707391678,-26.869333412878394],[-48.73355886278146,-26.869360591734782],[-48.73356103275438,-26.869349622001472],[-48.733585699883335,-26.86933705032171],[-48.73358459968559,-26.869305534263813],[-48.73361038589931,-26.869312784920158],[-48.73360458426765,-26.86932511686224],[-48.73362032014396,-26.869352529594504],[-48.73355947515335,-26.869392096356894],[-48.73357107460758,-26.869408944471946],[-48.733508197011645,-26.86945107767505],[-48.733493979119345,-26.86942283285299],[-48.73349851594863,-26.869405956616113],[-48.73353035856152,-26.86938093968136],[-48.73352388998857,-26.86937262537054],[-48.73350935466987,-26.869375228609826],[-48.733481284524,-26.86939515394054],[-48.733473852340744,-26.869440144854302],[-48.73343822442974,-26.869442643441353],[-48.73342098798722,-26.869432041925553],[-48.73341874302462,-26.869460240134288],[-48.73340706477879,-26.869465958449517],[-48.733394953871695,-26.869457145702953],[-48.73337983679977,-26.869467069338956],[-48.73337465594945,-26.869492217975658],[-48.733393387976655,-26.86950825551703],[-48.73339170040432,-26.869515421013684],[-48.73335561533591,-26.8695122836293],[-48.733362957361436,-26.869493961546432],[-48.73335541131081,-26.869422525738944]]},"properties":{"objectid":2671,"cota":3,"tipocurvanivel":"Normal","sourceLayer":"curvas-0"}},{"type":"Feature","geometry":{"type":"LineString","coordinates":[[-48.73363447330708,-26.86943856121116],[-48.733625827980205,-26.8694277825758],[-48.73359950855037,-26.869426276522045],[-48.733587138070995,-26.869407975721362],[-48.733610972929945,-26.869409182013626],[-48.73364872070556,-26.86938127265068],[-48.73363778001245,-26.869366258069377],[-48.73364171774546,-26.869354444017116],[-48.73365816556915,-26.86936159991475],[-48.73366844493623,-26.86937934915626],[-48.73374894309719,-26.869396567855844],[-48.73379797619343,-26.869387281155866],[-48.73385540003209,-26.869392759636842],[-48.733874927275075,-26.869386787244782],[-48.733878060793295,-26.869410252621755],[-48.73383981985224,-26.86940436168362],[-48.733849463215314,-26.869430742627834],[-48.73381057378701,-26.869454290214325],[-48.73380170051632,-26.869421537648705],[-48.73378602108511,-26.86941263520615],[-48.73377389459925,-26.86941605593042],[-48.733766660770705,-26.86943314431188],[-48.733744597244296,-26.869450087768893],[-48.73370617129481,-26.8694441387768],[-48.7337073789102,-26.869454175405878],[-48.73372460680779,-26.86946394558931],[-48.7336955728927,-26.869495917725853],[-48.73369260832377,-26.869510300437046],[-48.73373559223689,-26.8695376683307],[-48.733737676087465,-26.86952425516776],[-48.73378842577493,-26.869526582637725],[-48.733800995274784,-26.86950670100742],[-48.73379963737778,-26.86947034275042],[-48.7338306752279,-26.869493447117172],[-48.733867430884345,-26.869484202614476],[-48.73386392025608,-26.869474046020382],[-48.733840498359704,-26.86948200270963],[-48.733831128402954,-26.86947723274484],[-48.733832779307185,-26.869462468878798],[-48.73384274176426,-26.869454937046317],[-48.73389770641079,-26.86947140949018],[-48.73388798368698,-26.86949260383924],[-48.73391367069555,-26.869498222114146],[-48.73387556696187,-26.869510880654964],[-48.7338625718821,-26.869531869096623],[-48.73380019469038,-26.869552495011636],[-48.73377685130728,-26.86954092290536],[-48.733746995138866,-26.869551154340073],[-48.73372877544922,-26.8695798101533],[-48.73369305509151,-26.86959869771936],[-48.73367660128012,-26.869596633382923],[-48.73371883292388,-26.869563838741474],[-48.733688334055174,-26.869549633989323],[-48.73366504581849,-26.869551039159276],[-48.7336613929379,-26.86955820742722],[-48.73367146594601,-26.8695800477999],[-48.73365645854621,-26.86957044679263],[-48.73365639299413,-26.869589525457982],[-48.733647387207604,-26.86959359004612],[-48.73363432456998,-26.869581132375163],[-48.73363011636171,-26.86955968659811],[-48.73365029559027,-26.86955442680847],[-48.73362221382993,-26.869543803856885],[-48.73361486521469,-26.869529310758104],[-48.73361555425171,-26.869488760040987],[-48.73362857493764,-26.869478396644784],[-48.73361744587348,-26.869444522229696],[-48.73363447330708,-26.86943856121116]]},"properties":{"objectid":2672,"cota":3,"tipocurvanivel":"Normal","sourceLayer":"curvas-0"}},{"type":"Feature","geometry":{"type":"LineString","coordinates":[[-48.733559192862444,-26.86983639778857],[-48.73375478723413,-26.869836458023876],[-48.73376715577898,-26.86982115494305],[-48.73375002743942,-26.869801798670796],[-48.73372784649841,-26.86980767252171],[-48.73365224317859,-26.869801777817056],[-48.73371017629459,-26.869795455001572],[-48.733770416635366,-26.869800846947314],[-48.73380862549981,-26.869793064289816],[-48.73381594248108,-26.869804301715],[-48.73380373027964,-26.869824733256472],[-48.73383134851065,-26.869861731129387],[-48.73382767258401,-26.86987333460133],[-48.73380739635579,-26.869880226302705],[-48.733759673778756,-26.86987899062799],[-48.73373665841507,-26.869889718038028],[-48.7337228257956,-26.869882211528413],[-48.733721151685614,-26.869870892246883],[-48.73375284572903,-26.869858475676832],[-48.73369098686014,-26.86985507113761],[-48.73368166863742,-26.869887665458844],[-48.73365635068104,-26.869894770462757],[-48.73365670903373,-26.869900819053917],[-48.733701050508856,-26.869919763560986],[-48.73375248276486,-26.869928441751934],[-48.733797980685914,-26.869929817724437],[-48.73382967776261,-26.869915534005475],[-48.73384976666083,-26.86993054911496],[-48.73388075776844,-26.869928050058544],[-48.733938551367366,-26.869943813419518],[-48.733946328818675,-26.86996425605294],[-48.73390541479878,-26.869968920689004],[-48.73386431176811,-26.86999789714421],[-48.73385795126005,-26.870015747671886],[-48.733870573027964,-26.87002326994305],[-48.733879615811574,-26.870047777681815],[-48.73386773541256,-26.8700575249624],[-48.733855621515104,-26.870050976464675],[-48.73384755897147,-26.870031761106006],[-48.733810823232005,-26.870022590404286],[-48.73379047519873,-26.870042112621487],[-48.7337497103483,-26.870057964638338],[-48.73373174677086,-26.870057427408558],[-48.73374677926692,-26.870036610644302],[-48.73373312599658,-26.870003864425982],[-48.7337406046295,-26.86998232455284],[-48.73373300550521,-26.869970097116433],[-48.73371673395008,-26.86998724718078],[-48.7337173618108,-26.870016917358267],[-48.73369753063875,-26.870025912585756],[-48.733660329552286,-26.870010206017056],[-48.73364170656723,-26.86998521428653],[-48.733629116441264,-26.870002644497518],[-48.73362017558991,-26.869999920048087],[-48.733605835466925,-26.869984156039266],[-48.73361784388377,-26.869966527885563],[-48.733607972850635,-26.869957162684955],[-48.73358784947602,-26.86997752866206],[-48.733558060036806,-26.869974115992633],[-48.733530489916724,-26.869958269691935],[-48.73352563871855,-26.869978242624374],[-48.7335059177013,-26.869970969220937],[-48.73350819343694,-26.869927657180366],[-48.73361688009182,-26.869906478372386],[-48.73362493383226,-26.869892783753397],[-48.73361706702529,-26.86987435214752],[-48.733556811609404,-26.869879855238967],[-48.73350328504104,-26.869898938108467],[-48.733435401182184,-26.869893432446602],[-48.73340664627927,-26.869904193162927],[-48.73340286380228,-26.869916797540274],[-48.73345493797495,-26.869915742324835],[-48.73348310862261,-26.86993861125539],[-48.73349418981184,-26.869983260230423],[-48.733488656898864,-26.870003356690553],[-48.733477997889395,-26.870002470043996],[-48.733473456034,-26.87002186675536],[-48.7333856858834,-26.869998401736158],[-48.73335707594513,-26.869978436157638],[-48.73335581044124,-26.86996000305535],[-48.73337112865889,-26.86993984790508],[-48.73334218558873,-26.869883413266045],[-48.73334027744038,-26.86985794965202],[-48.733420041356226,-26.869838085704433],[-48.733559192862444,-26.86983639778857]]},"properties":{"objectid":2673,"cota":3,"tipocurvanivel":"Normal","sourceLayer":"curvas-0"}},{"type":"Feature","geometry":{"type":"LineString","coordinates":[[-48.73476975141925,-26.870308621599516],[-48.7348926548599,-26.870292907616886],[-48.73490040875371,-26.87027784269642],[-48.73491876888586,-26.870269241550115],[-48.73494902842756,-26.87023559940987],[-48.73496151866945,-26.870241092562758],[-48.73496331609087,-26.870256984751883],[-48.73497901359945,-26.870254894545106],[-48.73497221441459,-26.870219390310393],[-48.735013132740654,-26.870251516764842],[-48.73503869938483,-26.87024521327544],[-48.73500377214642,-26.870210580194225],[-48.734986753657175,-26.87017186723677],[-48.73496172650245,-26.870178670302778],[-48.73495217025477,-26.870207522031052],[-48.73493277705491,-26.87020429166527],[-48.73491220038255,-26.870127767405172],[-48.734924877590956,-26.870106868524008],[-48.73493674007988,-26.870101700827703],[-48.73495208698622,-26.870146073366406],[-48.73496461347405,-26.87014727411628],[-48.734983578346515,-26.870135341763213],[-48.73497587056116,-26.870113817347793],[-48.734979813010426,-26.870104184565843],[-48.73502208370986,-26.870093806259995],[-48.735057848888225,-26.870121789033497],[-48.735052675042745,-26.870153872330686],[-48.735016539500975,-26.870125790664975],[-48.73500711505387,-26.870126374172184],[-48.73502120866068,-26.870152496999125],[-48.735031329257325,-26.870212301670325],[-48.735063182233326,-26.870198473203285],[-48.735084286842344,-26.870245235688323],[-48.735075223042024,-26.870293556785892],[-48.735078173945915,-26.87032488412351],[-48.73506951986363,-26.87034548111816],[-48.73498981667083,-26.870326349135123],[-48.734970435480435,-26.870352652742284],[-48.73496723884375,-26.870377472278527],[-48.73494112939085,-26.87037016523358],[-48.734917782134666,-26.870375582878815],[-48.73494007314592,-26.87035308466085],[-48.73493422759883,-26.870339758229225],[-48.734855822358064,-26.870329772616152],[-48.73483314141909,-26.87034825676147],[-48.73476676595758,-26.870329711054957],[-48.73475846272413,-26.87031948124554],[-48.73476975141925,-26.870308621599516]]},"properties":{"objectid":2674,"cota":3,"tipocurvanivel":"Normal","sourceLayer":"curvas-0"}},{"type":"Feature","geometry":{"type":"LineString","coordinates":[[-48.73555761723474,-26.869703459122995],[-48.735606813143455,-26.869737358743823],[-48.73562567627741,-26.86971886019941],[-48.73566387671419,-26.869719977823845],[-48.73567921659721,-26.869728103926413],[-48.73569553389938,-26.869709298345246],[-48.73573764826796,-26.869711704213547],[-48.73574517766111,-26.86972324998189],[-48.73573485453463,-26.86975343143803],[-48.735750888116534,-26.869767296541585],[-48.73576625762825,-26.869766058320096],[-48.735779865272754,-26.86973713879173],[-48.73576125380654,-26.869714374767653],[-48.73576439671693,-26.86970133139744],[-48.73570649222914,-26.869693093487317],[-48.73567879079675,-26.86970063986722],[-48.735647838998254,-26.869691323190132],[-48.73566730838654,-26.86967189128905],[-48.735667756827276,-26.869641862923466],[-48.73570685893374,-26.869641108852385],[-48.73572729459937,-26.869662820975872],[-48.73574808780721,-26.869641592731924],[-48.7357861408066,-26.869640614260305],[-48.7357860469154,-26.869619065706257],[-48.735797803476714,-26.869603806772616],[-48.73575971587409,-26.86960475491234],[-48.73574993465326,-26.869621629311325],[-48.735738500230504,-26.869623195920173],[-48.735740089683205,-26.869577264703945],[-48.735752637317795,-26.86956018105101],[-48.7358005313854,-26.869576744309327],[-48.73579368539261,-26.869563373899844],[-48.73576340654206,-26.869552404806882],[-48.73575820391208,-26.86954200905811],[-48.735810646434835,-26.86953791397891],[-48.73581638262444,-26.86952915822424],[-48.73581220990301,-26.869514546461865],[-48.735782798666754,-26.86951876879006],[-48.73577156849722,-26.869495692590643],[-48.73575337993506,-26.869492410353846],[-48.73573741466178,-26.869471684970577],[-48.73569902752681,-26.869464184913433],[-48.73568824108838,-26.869492772423886],[-48.73571998796964,-26.869517180074016],[-48.735712962656095,-26.86952563630503],[-48.73568549495275,-26.86952973724594],[-48.73570737616338,-26.869547836542285],[-48.735702324201334,-26.86960163944164],[-48.735685084861146,-26.869602886495176],[-48.735687814844255,-26.869618291860906],[-48.73566919068266,-26.869601115632506],[-48.73566798954143,-26.86962003442871],[-48.735633072531414,-26.86961983127732],[-48.73564012618418,-26.8696492913066],[-48.735605860611706,-26.869657249574516],[-48.73560296503973,-26.86966944408344],[-48.735578377949174,-26.869666694599452],[-48.735575538039406,-26.869679125540905],[-48.73555643025888,-26.869683390226193],[-48.73555761723474,-26.869703459122995]]},"properties":{"objectid":2675,"cota":3,"tipocurvanivel":"Normal","sourceLayer":"curvas-0"}},{"type":"Feature","geometry":{"type":"LineString","coordinates":[[-48.73530938898689,-26.87054997037977],[-48.735328255003445,-26.870544817453183],[-48.73539825126017,-26.870561448174943],[-48.735399613540075,-26.87057130588121],[-48.735351141703134,-26.870572051343906],[-48.73537818122509,-26.870594395509926],[-48.73540826141615,-26.8706058515448],[-48.735422092818354,-26.870630444983366],[-48.73544499820352,-26.870626902696902],[-48.73546729307311,-26.870648338730113],[-48.73553110620335,-26.870617836067936],[-48.73556691151819,-26.870644627222763],[-48.73553994099882,-26.8706461857496],[-48.73550651953698,-26.870663427537888],[-48.73543771703653,-26.870663541221532],[-48.73543339199351,-26.870715446150445],[-48.73544566618765,-26.870728047155218],[-48.73546947415757,-26.870704867447582],[-48.73547756737497,-26.870679085850906],[-48.73552571162265,-26.870687408390747],[-48.73553540925707,-26.870719926811038],[-48.735550909368115,-26.870691641392618],[-48.73555017830755,-26.870666924033664],[-48.73558262593242,-26.87069102438994],[-48.73560083901287,-26.870688187494302],[-48.73560594436069,-26.87067932959119],[-48.73559481356914,-26.870663281494267],[-48.73559410695274,-26.87061895686019],[-48.73560155336308,-26.870616035835994],[-48.73561887523866,-26.870626813547446],[-48.73564230085495,-26.870609789650707],[-48.73565379111407,-26.870610829340702],[-48.73567173483101,-26.87062368002749],[-48.73566760788601,-26.8706360082173],[-48.73568752251963,-26.870660292123624],[-48.73570393680224,-26.870698688489878],[-48.73572310635833,-26.870687039983213],[-48.735816086717065,-26.870719870662214],[-48.735838883888164,-26.870740343647682],[-48.73583471429153,-26.870753903914633],[-48.73581492868113,-26.870763290032258],[-48.73577830314474,-26.87075917263952],[-48.73576505462651,-26.87074991408637],[-48.73570407574421,-26.870769381018352],[-48.735697790289784,-26.87076443950409],[-48.73570408748548,-26.87071890051055],[-48.73566441632467,-26.87072981071014],[-48.73567720450229,-26.870762926447313],[-48.73567178625143,-26.87078021459648],[-48.73569293545196,-26.87078663160694],[-48.7357226340842,-26.870827995180672],[-48.73572914975734,-26.870843855592252],[-48.73572299115419,-26.870859665386256],[-48.73574282854185,-26.87085606485727],[-48.73576652484196,-26.870832680255848],[-48.73579465133992,-26.87082765222057],[-48.735804271686355,-26.870818755668164],[-48.73581984711837,-26.87082703714948],[-48.735842847034775,-26.870822893473928],[-48.735846736883246,-26.870861954560606],[-48.73587138523548,-26.870877803242475],[-48.735903989623075,-26.870863590454423],[-48.73589316003263,-26.87083691807505],[-48.7358988739397,-26.87080181114173],[-48.735935348365174,-26.87084356212151],[-48.73596191050044,-26.870825381852633],[-48.73597705103941,-26.870824582149133],[-48.73599367248548,-26.870799104140342],[-48.735974507606315,-26.870780115268122],[-48.73599128481639,-26.87076489978181],[-48.73597855671835,-26.870758864137322],[-48.735952064340545,-26.870770261763834],[-48.73594053606235,-26.870796885384852],[-48.73591655771048,-26.87079907582282],[-48.73593205663434,-26.870788471264493],[-48.735929295738465,-26.870769312091458],[-48.73591397838731,-26.870754896250105],[-48.73589095315249,-26.870753089637713],[-48.73588603916904,-26.870734517751238],[-48.73589449911794,-26.870720072342966],[-48.73589755725005,-26.87068366031126],[-48.73593326968634,-26.870680069598734],[-48.73593963722806,-26.870672962821025],[-48.7358985419947,-26.870661611937543],[-48.735899900629754,-26.8706528176148],[-48.73595667074417,-26.87066351904421],[-48.73598024270605,-26.87068965199596],[-48.736008389186736,-26.87067952806491],[-48.73605313819948,-26.870720681528564],[-48.73609296103438,-26.87071973315716],[-48.73608909870918,-26.870688124998985],[-48.7360533545591,-26.87065563052376],[-48.736034454472254,-26.870621736421096],[-48.7360368581853,-26.870600944441666],[-48.736021979985495,-26.87059741746875],[-48.73600835397826,-26.870608316472136],[-48.735945446019215,-26.87060178080897],[-48.73594491020618,-26.87062336890558],[-48.73590324516062,-26.87061203145411],[-48.73588233143001,-26.870600464321466],[-48.73587010407133,-26.870569805049612],[-48.73587881270488,-26.87054227259515],[-48.73590212875275,-26.870536047494213],[-48.73598955439213,-26.870537107403127],[-48.736008225370256,-26.87055517597385],[-48.73605560645989,-26.87055816431715],[-48.73608250310913,-26.87057546404094],[-48.736077107818495,-26.870585340702743],[-48.736086553162,-26.87063234759722],[-48.73610818363069,-26.870647640696678],[-48.73612208680985,-26.870640153800423],[-48.736166830427564,-26.870639961101],[-48.7361822479771,-26.870625407864413],[-48.736174722960115,-26.87060596027721],[-48.73613462873675,-26.870594470280036],[-48.73613337652626,-26.87056378113477],[-48.73609968593374,-26.870573222435475],[-48.736114346134435,-26.87055082104089],[-48.736158477543256,-26.870563222239067],[-48.73614922923474,-26.870536073449582],[-48.73615404391828,-26.870527003301532],[-48.7361832336719,-26.87053476920043],[-48.73620322517603,-26.870556462415305],[-48.73620452264676,-26.87052937160825],[-48.736267586097775,-26.870512948445576],[-48.73632491751422,-26.87052083042038],[-48.73641386378395,-26.87050450784862],[-48.736502992011815,-26.870506075726723],[-48.73652152336003,-26.870514538053026],[-48.73652997077525,-26.870528500831995],[-48.736527980516385,-26.870572844540774],[-48.736541961987896,-26.870686554262907],[-48.736535426745455,-26.87087045052661],[-48.73651173006872,-26.870887243715522],[-48.736489582329874,-26.87091837016521],[-48.73647426934914,-26.870924340041313],[-48.7364290010469,-26.870921162775982],[-48.73641423738583,-26.870907994026982],[-48.736390068561185,-26.870915552011578],[-48.73629258992136,-26.87087644793922],[-48.73628964252156,-26.870890083757462],[-48.7363041065764,-26.870917229476166],[-48.736344054311516,-26.87094082714717],[-48.73631297996564,-26.870949814965055],[-48.73629628616868,-26.870963723264715],[-48.73625235652348,-26.870955884545214],[-48.73625922219914,-26.87097630433932],[-48.736225734927835,-26.870967099660227],[-48.736221535309575,-26.870948024829513],[-48.73619690014278,-26.87093711736621],[-48.736256335932005,-26.870931159635447],[-48.73628556024325,-26.87094290409976],[-48.736283709252554,-26.870909689312008],[-48.73617857011781,-26.870919053377918],[-48.73617290061705,-26.87092587354105],[-48.73617639342616,-26.870944563429994],[-48.73613761655169,-26.870916950495133],[-48.736105300951024,-26.870937629553197],[-48.73607167563124,-26.870934445620286],[-48.73602727361272,-26.87094380098295],[-48.736022927854115,-26.87093448657887],[-48.73600466470475,-26.87093104704374],[-48.73595215970118,-26.870941881609813],[-48.73590131192336,-26.870937673498968],[-48.73585932025905,-26.870944792343906],[-48.73584167838252,-26.870934819033906],[-48.73582381126916,-26.87094231005598],[-48.735799605992426,-26.870920284836167],[-48.73571613469037,-26.870930946102906],[-48.73569185713947,-26.870944260796062],[-48.7356421528745,-26.870901456622974],[-48.73563387208262,-26.870935591065088],[-48.735642076663545,-26.870948656569173],[-48.73558693905696,-26.870957829795937],[-48.735541986460525,-26.8709478004445],[-48.7355292895648,-26.87089919910928],[-48.73550415391838,-26.870931030147933],[-48.73547461471104,-26.87092908205443],[-48.735483529995136,-26.870943042463278],[-48.73551090383003,-26.870944931480633],[-48.73550633637731,-26.8709624967759],[-48.7354471471723,-26.87095229334596],[-48.7354313378184,-26.87093191786956],[-48.735371003400225,-26.870917426531825],[-48.735321522097884,-26.870894190171683],[-48.735283016666145,-26.87085832208519],[-48.73531165041845,-26.870855664006644],[-48.735352848204535,-26.870873582976074],[-48.735403511717145,-26.870840127931647],[-48.735474126363314,-26.87086229608062],[-48.735484827150486,-26.870853467407223],[-48.735486286694346,-26.870809063787124],[-48.73552176713958,-26.870790960674615],[-48.73553391381086,-26.87079930725482],[-48.73554363283492,-26.870828531149943],[-48.73556686260698,-26.870825326148772],[-48.73562150800041,-26.87083847541442],[-48.73567461334133,-26.870830135054547],[-48.73565014834412,-26.870817913542933],[-48.73558792261273,-26.870817232956917],[-48.73556143998838,-26.870796630469343],[-48.73556407024082,-26.870781340799333],[-48.73559639686817,-26.870787882831127],[-48.73565545106961,-26.87077567062827],[-48.73563421568482,-26.87075827836323],[-48.735569290894205,-26.87076053712835],[-48.7355247267257,-26.87075005735786],[-48.73549694134322,-26.870755692745615],[-48.73549241111287,-26.87074831565128],[-48.73552783191721,-26.870730124041945],[-48.73550322398867,-26.870720733927907],[-48.73547805300093,-26.870723792289706],[-48.735462136247165,-26.870757279095162],[-48.73542085485342,-26.87077592092711],[-48.735399151348076,-26.87077232419148],[-48.735387537559106,-26.87070573530519],[-48.735359650996195,-26.87064929630587],[-48.73534673413174,-26.870655561667583],[-48.735330378164434,-26.87068573842714],[-48.73530177130769,-26.870700630637838],[-48.73530153729172,-26.870747006813712],[-48.73528055145692,-26.870733000903922],[-48.73522860370585,-26.87071931267092],[-48.735188110294594,-26.870677973590567],[-48.735163250490324,-26.870683191047412],[-48.735143798432375,-26.87066660251104],[-48.73514155817889,-26.870659244068534],[-48.735149054578045,-26.87065800604842],[-48.735196020838764,-26.870671961897237],[-48.735215793422036,-26.870657879277665],[-48.73529221188466,-26.870638512054526],[-48.735329659608006,-26.87059854693874],[-48.735307510567715,-26.870561313923407],[-48.73530938898689,-26.87054997037977]]},"properties":{"objectid":2676,"cota":3,"tipocurvanivel":"Normal","sourceLayer":"curvas-0"}},{"type":"Feature","geometry":{"type":"LineString","coordinates":[[-48.737077436676245,-26.870592331598374],[-48.737084740634046,-26.87057993783068],[-48.73709710380118,-26.870577974472173],[-48.73710846534173,-26.870597655837404],[-48.73710546893004,-26.870817489634057],[-48.73709658380589,-26.870847682499274],[-48.737054666028214,-26.87088762704569],[-48.736885208891685,-26.870887122736406],[-48.73687584143121,-26.870904091379884],[-48.736858337129675,-26.870907617539],[-48.73680016752365,-26.870874409336526],[-48.73681325673972,-26.87089763256665],[-48.73678976572929,-26.870927947899112],[-48.73678043703251,-26.87088461771079],[-48.73677111322707,-26.87087428502511],[-48.73676734601607,-26.87088502798369],[-48.73673016070436,-26.87089668222391],[-48.73673918700207,-26.87092624510668],[-48.736698213754806,-26.87092704888357],[-48.736661449901845,-26.870939620435244],[-48.736622324214885,-26.870908446361156],[-48.736626533165904,-26.870896038232132],[-48.73665804476855,-26.870899197194525],[-48.73665370978665,-26.87089272391351],[-48.73660923841788,-26.870889397934025],[-48.73658659399731,-26.87087539271174],[-48.73655747274663,-26.870869637759565],[-48.736591334700385,-26.870794058054557],[-48.7365753257733,-26.87073615535534],[-48.7365677699636,-26.870554423937914],[-48.736586967133704,-26.8705110228148],[-48.73666762428123,-26.87049188427764],[-48.73676208744643,-26.870510600207577],[-48.736778126773025,-26.870493572398644],[-48.73684582830002,-26.870482597402056],[-48.736927424235695,-26.87051075165564],[-48.736963581642655,-26.870502549934542],[-48.73702354472479,-26.87052846245286],[-48.737040533604905,-26.870487401153795],[-48.73707430960002,-26.870473060650856],[-48.73709917867871,-26.870487280114],[-48.737108011671886,-26.870510939618722],[-48.73706436703731,-26.870553673083748],[-48.737077436676245,-26.870592331598374]]},"properties":{"objectid":2677,"cota":3,"tipocurvanivel":"Normal","sourceLayer":"curvas-0"}},{"type":"Feature","geometry":{"type":"LineString","coordinates":[[-48.737038833711914,-26.86953318555571],[-48.73710978133969,-26.869573679879647],[-48.73714958976263,-26.86957004976016],[-48.73716491650324,-26.86957939651899],[-48.73717706734753,-26.869597994033587],[-48.73711838198896,-26.86959136861658],[-48.73712051519186,-26.86962401757634],[-48.73714932279356,-26.869643335815695],[-48.737183238784816,-26.869642770812792],[-48.737198071300504,-26.86965404542298],[-48.73720944965746,-26.869677730347032],[-48.737174374435,-26.86965762676971],[-48.73716251341374,-26.86966924634946],[-48.73716894809304,-26.86968710976256],[-48.73722677238508,-26.869692003994434],[-48.737245415100816,-26.86970811001183],[-48.73715302016506,-26.86970112971606],[-48.737109618199895,-26.869702842313323],[-48.737106630918866,-26.86970883641526],[-48.7371697860272,-26.869726034418207],[-48.737312086700875,-26.869715428220644],[-48.73731628252852,-26.869692100124123],[-48.737268155786154,-26.86968033381039],[-48.73725493005118,-26.86969474269469],[-48.73722533302755,-26.869662612285353],[-48.737309527389584,-26.869674511346034],[-48.73729205356626,-26.869655747370018],[-48.73725837287446,-26.86964439471105],[-48.737244475043376,-26.869629185925177],[-48.73724446545591,-26.869590604834297],[-48.7372946350539,-26.869585536048472],[-48.7372822058574,-26.86955574993587],[-48.73722195951382,-26.869535088918308],[-48.73720360633614,-26.86953511805179],[-48.737195575272274,-26.869542996925272],[-48.73714965533756,-26.869535831448676],[-48.73717116415843,-26.8695560688021],[-48.73716126787159,-26.86956503774833],[-48.73713007555981,-26.869553846747166],[-48.737102367919825,-26.869532200637327],[-48.7370356120929,-26.869524166239877],[-48.737038833711914,-26.86953318555571]]},"properties":{"objectid":2678,"cota":3,"tipocurvanivel":"Normal","sourceLayer":"curvas-0"}},{"type":"Feature","geometry":{"type":"LineString","coordinates":[[-48.737099689418415,-26.870024504821092],[-48.73720700399257,-26.8700177324306],[-48.73735701867473,-26.87003520155399],[-48.73741216386919,-26.870094248060113],[-48.73740770607472,-26.87019501450208],[-48.73741859294702,-26.870213115259645],[-48.73742999193713,-26.87021717115824],[-48.737417809367216,-26.870012013639727],[-48.73740738955681,-26.869974197165313],[-48.7373733283363,-26.869999839170685],[-48.737327826444535,-26.869999716895197],[-48.737271266948824,-26.8699881999688],[-48.73724628341172,-26.87000575692147],[-48.73719417844591,-26.8700050694969],[-48.73710591305266,-26.870017140284784],[-48.737099689418415,-26.870024504821092]]},"properties":{"objectid":2679,"cota":3,"tipocurvanivel":"Normal","sourceLayer":"curvas-0"}},{"type":"Feature","geometry":{"type":"LineString","coordinates":[[-48.72850343280729,-26.868296917327722],[-48.72851208575249,-26.86830934966979],[-48.728536177531296,-26.868320088142738],[-48.72861167477116,-26.868333031992563],[-48.728663160586564,-26.86830287303947],[-48.728699547133985,-26.868317681567138],[-48.728792636950836,-26.868322622706785],[-48.72886788477468,-26.86830298562746],[-48.728916947862984,-26.86830986224866],[-48.728934081834566,-26.868301391983525],[-48.72893546129241,-26.86827365557424],[-48.72896201349135,-26.868302014232164],[-48.728970763253464,-26.86829666434566],[-48.72896040830628,-26.868283443902612],[-48.728963428113516,-26.868273071806467],[-48.72900263345214,-26.8682304184877],[-48.72899411484062,-26.868205219510358],[-48.729002718884566,-26.868200967370633],[-48.728985181250096,-26.868185327511696],[-48.72891511693987,-26.86816130422897],[-48.72890015770646,-26.868170420411904],[-48.728840552478204,-26.868175302059115],[-48.72876901897305,-26.86823440629408],[-48.72874005417805,-26.86821257417122],[-48.728697554332406,-26.868202409774096],[-48.728626114686655,-26.868156528465583],[-48.728529409864535,-26.868126297396024],[-48.72851172768308,-26.868142509974632],[-48.72849232532714,-26.86824135515621],[-48.72850343280729,-26.868296917327722]]},"properties":{"objectid":2691,"cota":3,"tipocurvanivel":"Normal","sourceLayer":"curvas-0"}},{"type":"Feature","geometry":{"type":"LineString","coordinates":[[-48.73578659840332,-26.86929252158702],[-48.73579531194923,-26.86929544260163],[-48.735790329504574,-26.86931056011934],[-48.73581338426463,-26.869343343123326],[-48.73581391854072,-26.869358547247362],[-48.73582560018662,-26.869351793663487],[-48.735820212414474,-26.869322812468937],[-48.73582561482937,-26.869311363848745],[-48.73588919813995,-26.869360229247327],[-48.73588419752733,-26.869372471251214],[-48.73585506820395,-26.86937613227397],[-48.73584907594581,-26.869393447336577],[-48.735856927614,-26.869401242239825],[-48.735884245319845,-26.869395981008296],[-48.73589439098178,-26.869414196336063],[-48.7359043626029,-26.869408874614077],[-48.73590921141308,-26.869423341986273],[-48.735896700464565,-26.869432222913787],[-48.73589356649256,-26.86945173794703],[-48.73591500777959,-26.869451968743583],[-48.73593691606808,-26.86949507370373],[-48.735912604076354,-26.869507508005718],[-48.73593900708523,-26.86952416631126],[-48.735942161374034,-26.86951539895673],[-48.735959050648674,-26.869525003715232],[-48.73595006704923,-26.869508312310924],[-48.735961141415004,-26.869506684864493],[-48.73594790676878,-26.869487039281385],[-48.73595245220624,-26.86946738983793],[-48.73592342624962,-26.869446922648752],[-48.73591917456093,-26.869434101902016],[-48.73594543406953,-26.86945013340622],[-48.7359755532711,-26.86944118539378],[-48.73595452685571,-26.86939861709346],[-48.735965060869304,-26.86938678593594],[-48.73596189103348,-26.86934562644091],[-48.73597381217529,-26.869327660050136],[-48.73600332147976,-26.86931275506803],[-48.735965579734064,-26.86929094524708],[-48.735976896171806,-26.86927070219459],[-48.7359733551771,-26.869260545157644],[-48.73596030242508,-26.86925025645298],[-48.73594285762772,-26.869256363586427],[-48.73590837088172,-26.869242197376746],[-48.7359129458352,-26.86925369218075],[-48.73587757762502,-26.86925417043888],[-48.73586897130212,-26.869264806946504],[-48.73582923802809,-26.869263053856688],[-48.73581664058085,-26.86925243942949],[-48.73581400419365,-26.869271929946784],[-48.73576733034665,-26.869262008479257],[-48.73578659840332,-26.86929252158702]]},"properties":{"objectid":2692,"cota":3,"tipocurvanivel":"Normal","sourceLayer":"curvas-0"}},{"type":"Feature","geometry":{"type":"LineString","coordinates":[[-48.73610776842204,-26.869298612292713],[-48.736119726166386,-26.869280423567954],[-48.73611408890548,-26.869258607498328],[-48.73614721558804,-26.86926497539768],[-48.736159688435464,-26.869259318312878],[-48.73615681387855,-26.86925025761368],[-48.73612524483344,-26.869239449320677],[-48.736112097463476,-26.869226787457503],[-48.73612012558107,-26.86921825070982],[-48.736147940395114,-26.86922435119636],[-48.73614809109324,-26.869206078865083],[-48.73613212231868,-26.869188153791008],[-48.73612825808558,-26.86920306001697],[-48.73611720560392,-26.869208692028597],[-48.73609915745301,-26.869186898191213],[-48.73607552778384,-26.869191504721332],[-48.73604884641982,-26.86918159777278],[-48.736068221918934,-26.869202175617694],[-48.73601826838458,-26.86920196264951],[-48.73599098496007,-26.869178686978337],[-48.73598713614029,-26.869155595514115],[-48.73604605742204,-26.869152181730126],[-48.735998663583985,-26.869128851835697],[-48.73596582271472,-26.8691268789347],[-48.73595512499221,-26.86911561451022],[-48.73597242302675,-26.86908596263853],[-48.73595105597735,-26.869068726250177],[-48.7359350551627,-26.86901453271926],[-48.73597019654019,-26.86902321344963],[-48.73597423789885,-26.869003054159784],[-48.735954370379815,-26.868995001735833],[-48.73595010020007,-26.868980584248007],[-48.73596789224816,-26.86897108673206],[-48.73599919438618,-26.86897483176419],[-48.73599203712805,-26.868965922633638],[-48.73599651889601,-26.86896027558445],[-48.735964197467126,-26.868934001536893],[-48.73596596231443,-26.868911786971292],[-48.73598514827397,-26.868868892920315],[-48.7359527504885,-26.86885301845947],[-48.735898226618325,-26.868854521788723],[-48.73588887404855,-26.868865644496893],[-48.735891056620765,-26.868897010056465],[-48.73586902450667,-26.868905326885685],[-48.73590684475951,-26.868940664003215],[-48.73594207293922,-26.868948572725277],[-48.735941189137534,-26.86895833487421],[-48.73589252873075,-26.86901590161099],[-48.73588067105306,-26.86900022994694],[-48.735868733416034,-26.869009530679715],[-48.735863279036565,-26.869026315597868],[-48.735878798850905,-26.869044548462277],[-48.735867782778584,-26.869057545083148],[-48.7358503322652,-26.869061869763264],[-48.735846459898546,-26.869084859152686],[-48.7358049126045,-26.869081831598237],[-48.73579497306556,-26.869090342207382],[-48.73580321325436,-26.86909737354379],[-48.73584175664409,-26.869098591364523],[-48.73587529471714,-26.869069511109082],[-48.73588146801977,-26.869074269421382],[-48.73587639958869,-26.869088047222554],[-48.73590615134086,-26.869108294117286],[-48.735901256038424,-26.869123837191346],[-48.73588374314212,-26.86913664577148],[-48.73575466612452,-26.869152127279687],[-48.735658441856835,-26.869152016427282],[-48.73564741421974,-26.869162460697048],[-48.73566259398344,-26.869175891578355],[-48.73570208701615,-26.869166469355182],[-48.735764263358625,-26.86917135089454],[-48.73579746935316,-26.86920211805563],[-48.73589336817786,-26.869215383220467],[-48.73590662562595,-26.86922615531805],[-48.73593066749599,-26.86921197223674],[-48.7359718881685,-26.869202657941706],[-48.73599857040936,-26.8692243392692],[-48.73600929813345,-26.869208441132272],[-48.73603683701734,-26.869208490759824],[-48.736047534066806,-26.869218830150018],[-48.73606318432391,-26.869214810507817],[-48.736091251890166,-26.869240499265498],[-48.73610776842204,-26.869298612292713]]},"properties":{"objectid":2693,"cota":3,"tipocurvanivel":"Normal","sourceLayer":"curvas-0"}},{"type":"Feature","geometry":{"type":"LineString","coordinates":[[-48.73605723945492,-26.86876340663646],[-48.73575391133283,-26.86879458088056],[-48.735734585138005,-26.86877931203656],[-48.73572665233343,-26.868740695134125],[-48.73575463818078,-26.868718559666892],[-48.73654794200963,-26.86838324394096],[-48.736758485428865,-26.868271840483693],[-48.736820775794385,-26.86825157369337],[-48.736821114421126,-26.868289189913177],[-48.73678082149039,-26.86845086038218],[-48.736763676866275,-26.8684671160495],[-48.73672509916744,-26.868469954484333],[-48.73669620826558,-26.868493487100704],[-48.736687971534636,-26.86852280954088],[-48.73667207355587,-26.86853502862272],[-48.73670139813303,-26.86854307541296],[-48.73671511783979,-26.868557870773458],[-48.73672612028991,-26.86855247254751],[-48.736728404044065,-26.868527841374913],[-48.736755828724675,-26.86852073344422],[-48.736770248757864,-26.86853229749044],[-48.736741664964036,-26.868665811137575],[-48.73671301351974,-26.86871500895129],[-48.736659861223835,-26.868726921828447],[-48.73659413424752,-26.86872212459496],[-48.73645626552964,-26.868730048636],[-48.73605723945492,-26.86876340663646]]},"properties":{"objectid":2694,"cota":3,"tipocurvanivel":"Normal","sourceLayer":"curvas-0"}},{"type":"Feature","geometry":{"type":"LineString","coordinates":[[-48.73792350986932,-26.868157158986623],[-48.73791854236989,-26.868199295507257],[-48.737958243629535,-26.86827073523814],[-48.73793967592826,-26.8682896395478],[-48.7379385443709,-26.868321512469034],[-48.73792968841783,-26.868338535419692],[-48.73796620172959,-26.86836453501625],[-48.737988925971905,-26.86836834802778],[-48.73804426571006,-26.86835643084947],[-48.73806616041327,-26.868345450120685],[-48.738098761352575,-26.868307700629643],[-48.738136773365916,-26.868335807048375],[-48.73818615443386,-26.868332054613077],[-48.73818971740147,-26.868314574195995],[-48.73816888353181,-26.86830693979128],[-48.73818857645553,-26.86830308930666],[-48.73821160164735,-26.86830588732299],[-48.7382574877128,-26.868329699525493],[-48.738331698973354,-26.868317887594046],[-48.738328344187025,-26.86832521238421],[-48.738359642351845,-26.86835059143814],[-48.73836090721233,-26.868401709731604],[-48.738353557590706,-26.868421367633506],[-48.738382136262494,-26.86843706761242],[-48.73838978560933,-26.868489416176214],[-48.738370041305245,-26.86847815060462],[-48.73834683730013,-26.868491362955645],[-48.73830390387248,-26.868485888149944],[-48.73830041693896,-26.868476342088574],[-48.73831541462613,-26.868450699689586],[-48.73831334616946,-26.868438239738616],[-48.73830465577703,-26.868426217063874],[-48.73828063338264,-26.868416338661184],[-48.73826692733909,-26.868416166181056],[-48.73824783203257,-26.868445502616552],[-48.73830351207378,-26.868517657405498],[-48.73829688293553,-26.868523107717056],[-48.73828617066728,-26.868516103729295],[-48.738270644087166,-26.8685334837818],[-48.73824384570746,-26.868541536080876],[-48.73823731215083,-26.868558564643525],[-48.73826321620787,-26.868579419083137],[-48.73830343008203,-26.86859068926798],[-48.73830937949955,-26.86862889618691],[-48.73827522935648,-26.868634061162183],[-48.738271831503745,-26.868642183935528],[-48.73820946459547,-26.868628479840545],[-48.73816678530089,-26.868649011564532],[-48.73808821765303,-26.868626193146664],[-48.73801702960089,-26.868646013916894],[-48.73789316175952,-26.868657201196903],[-48.73788986880698,-26.868621180135563],[-48.737920538084964,-26.868591809765466],[-48.73793975509624,-26.868589829712423],[-48.737980659516104,-26.8686126624979],[-48.73798971548127,-26.86860950358975],[-48.73798689923136,-26.86859245169242],[-48.738001877422626,-26.86860039938392],[-48.7380031545667,-26.868587196123656],[-48.73798920058009,-26.8685663163721],[-48.73801671227618,-26.868573690416806],[-48.73803851808509,-26.868562223651878],[-48.73806028066558,-26.868564201903663],[-48.7380846013198,-26.86861025741583],[-48.73809589562417,-26.868612842378397],[-48.73816431765433,-26.8685818355464],[-48.73817737244897,-26.868559874770646],[-48.73817507141666,-26.868550000245467],[-48.73816411805415,-26.868548688700216],[-48.73813135845933,-26.868573425837322],[-48.738135129090196,-26.86855916330064],[-48.73812770523108,-26.868532751354454],[-48.738182999240706,-26.86852899973009],[-48.73821141918082,-26.86855555647269],[-48.738224527933994,-26.868541551718018],[-48.73819301639602,-26.868510865475503],[-48.73819556563143,-26.868492496153976],[-48.738186633985904,-26.868483494647567],[-48.738145263240455,-26.868489196476872],[-48.73808625182875,-26.868478147834693],[-48.73809922577705,-26.86844386903317],[-48.73804766799357,-26.868436554947962],[-48.73803519940212,-26.868422645196237],[-48.73805416047807,-26.86841532209079],[-48.738083388984734,-26.868423043076596],[-48.73805378405202,-26.86838706644077],[-48.73804557236387,-26.86839482606157],[-48.73801194564242,-26.868392807673],[-48.73798745256553,-26.868403644814645],[-48.737955081329616,-26.86838920794328],[-48.7379290685614,-26.868427454544374],[-48.73792259123034,-26.868424368217045],[-48.73792447680961,-26.86840921185423],[-48.73790603202937,-26.868419311044814],[-48.73788101973806,-26.868183916103106],[-48.73784309166309,-26.868122735000348],[-48.73791954918049,-26.868109185917387],[-48.73804168241799,-26.868112669139034],[-48.738020825768665,-26.868122712587855],[-48.73798265924284,-26.868124566155902],[-48.73792350986932,-26.868157158986623]]},"properties":{"objectid":2695,"cota":3,"tipocurvanivel":"Normal","sourceLayer":"curvas-0"}},{"type":"Feature","geometry":{"type":"LineString","coordinates":[[-48.73528004582947,-26.86728303595536],[-48.735210267579816,-26.867291921201925],[-48.73516181072389,-26.867275222422332],[-48.73507833029565,-26.86726981415334],[-48.73507774587099,-26.867246628801865],[-48.735104727714514,-26.867238756019404],[-48.73512043660338,-26.867212444028496],[-48.73508144900521,-26.867198507821207],[-48.73506835106388,-26.86720888006137],[-48.735065404229026,-26.867179823361347],[-48.73509071815838,-26.86718601299319],[-48.735108954109805,-26.867179829289984],[-48.73512097791792,-26.86719447216388],[-48.73512437901523,-26.867176399943382],[-48.73509060510069,-26.86716391634032],[-48.73511333552378,-26.86715937315265],[-48.735129804082696,-26.86713685011754],[-48.7351231521722,-26.867129353272393],[-48.735115602346134,-26.867139645693925],[-48.735099506082385,-26.86714146873492],[-48.735062795711784,-26.86713015637028],[-48.735055207012664,-26.867109177148045],[-48.73507929851526,-26.867108490321343],[-48.73505386445237,-26.867086063571538],[-48.735052037001175,-26.867075717395053],[-48.73510552181637,-26.86705208570964],[-48.7351143177517,-26.867012288498323],[-48.735140299470736,-26.867032935347307],[-48.73515246406906,-26.86702955661469],[-48.73515646627653,-26.8669945504081],[-48.735175040744345,-26.86699945248144],[-48.73517977439867,-26.866988838762524],[-48.73517699178257,-26.86697032358204],[-48.73515803001768,-26.8669473905379],[-48.73519957849362,-26.866952641015747],[-48.735215321149276,-26.86696472275824],[-48.73521710228717,-26.86697406104956],[-48.73520052813684,-26.866971841560243],[-48.73520503590653,-26.866989325811947],[-48.73519636738343,-26.867005816427067],[-48.73521736920741,-26.867011564200016],[-48.735221600914926,-26.867029469985702],[-48.735235220646445,-26.86704002322978],[-48.735264852618926,-26.867005757234494],[-48.735265088423304,-26.866993116696094],[-48.735235648679314,-26.86693245366685],[-48.73520507264065,-26.866940574798992],[-48.73518810726206,-26.866931023798063],[-48.7351951836663,-26.86692368293763],[-48.73521089454617,-26.866924230777137],[-48.73520511589378,-26.866906089020016],[-48.73521855029447,-26.866891403903384],[-48.73523501569202,-26.86688802190427],[-48.73525076723787,-26.86689889990818],[-48.735251959883485,-26.86688126607319],[-48.735291282578046,-26.866907821235706],[-48.73528852669678,-26.866894325948216],[-48.73530103496407,-26.866876073909562],[-48.73532430520146,-26.86688049260841],[-48.73534729411217,-26.86686999369988],[-48.73535554578611,-26.86687548023399],[-48.73535557758173,-26.866886458225082],[-48.735323758659334,-26.866898577199347],[-48.73532546438748,-26.866907357465355],[-48.735311560059834,-26.866909318545535],[-48.735310548786586,-26.86692113354146],[-48.73529108429447,-26.866924133568954],[-48.73529078903569,-26.866942080501463],[-48.73525667218419,-26.866950140378094],[-48.73526789339592,-26.866979406414494],[-48.735282420742074,-26.866985315721486],[-48.7352908200194,-26.86697410466761],[-48.73530218803275,-26.86697696807951],[-48.735311649239556,-26.867001036631642],[-48.735331556935485,-26.867019525780908],[-48.73536650944308,-26.867017553715943],[-48.73537053990345,-26.8669952653706],[-48.73535696337103,-26.8669579522878],[-48.735387651375476,-26.866986427530232],[-48.735406264699336,-26.866974988512965],[-48.735428879170776,-26.866975403314807],[-48.73539777478588,-26.86694151388758],[-48.73541309022094,-26.866939182847347],[-48.7354292116371,-26.866911049050692],[-48.73540483624508,-26.866881344774075],[-48.735399331465366,-26.86689369329831],[-48.73537085404209,-26.866878912170446],[-48.73536849242365,-26.866857750517674],[-48.73537878985961,-26.866846015773024],[-48.73537446185531,-26.866856725344928],[-48.735380660259985,-26.866871578955237],[-48.73541214911041,-26.866846027928265],[-48.73543833447517,-26.866837115314713],[-48.73545438938447,-26.8668686743416],[-48.73545872719167,-26.86696629671494],[-48.7354779251182,-26.8670182853889],[-48.735478368355075,-26.867043258051627],[-48.73545409357978,-26.867084704168057],[-48.73542145153836,-26.86709091241581],[-48.735433371092896,-26.867103971587362],[-48.73546554588916,-26.86710055797587],[-48.735461140343936,-26.86711525967755],[-48.73547041979585,-26.867126080855122],[-48.73551595539591,-26.8671365716377],[-48.73553472513785,-26.867124050358342],[-48.73554267856658,-26.867078098393893],[-48.73556096608716,-26.86709043386624],[-48.735560680116,-26.867108623710582],[-48.73557783101885,-26.867128511673123],[-48.73561016302678,-26.867129429632744],[-48.73567522844716,-26.86716056209545],[-48.7356843050361,-26.86714575926486],[-48.73570985524229,-26.867160798453458],[-48.73571025997536,-26.86718740304445],[-48.73572734210858,-26.867171300819365],[-48.735745487010405,-26.867180190209098],[-48.73574198116531,-26.867201908500338],[-48.735730308565714,-26.86721276480203],[-48.735676633105385,-26.86722187675382],[-48.73565574183774,-26.86721315271145],[-48.73564469241429,-26.867223690498534],[-48.73561823149062,-26.867219713454865],[-48.73559361058277,-26.867229191742428],[-48.7355838530673,-26.86722620164839],[-48.735596250012705,-26.867220353870568],[-48.73559507869406,-26.867212174183283],[-48.73554434630736,-26.86718852354007],[-48.73552441792382,-26.86721318595042],[-48.73554585972066,-26.867231347701452],[-48.735533378210846,-26.867240126200763],[-48.7354340886133,-26.867262076327815],[-48.73528004582947,-26.86728303595536]]},"properties":{"objectid":2711,"cota":3,"tipocurvanivel":"Normal","sourceLayer":"curvas-0"}},{"type":"Feature","geometry":{"type":"LineString","coordinates":[[-48.7357344622225,-26.866453788577306],[-48.73577135729451,-26.86646269235635],[-48.73579096163645,-26.866477012644324],[-48.73581076589862,-26.86657008992474],[-48.735793906683185,-26.866621828340094],[-48.735821536218964,-26.866695531635596],[-48.735816862733046,-26.866726160127076],[-48.73580253018808,-26.866750322952726],[-48.73580902043018,-26.86679088589844],[-48.73578787192357,-26.86681103637121],[-48.73582706062796,-26.86688129341643],[-48.735791842056344,-26.866982431399173],[-48.735811610985536,-26.86702783944641],[-48.73580182932955,-26.867045657827635],[-48.735778623465315,-26.867059874162532],[-48.73576888960225,-26.867052313517622],[-48.73574989958867,-26.866967963404797],[-48.735757391077186,-26.86685478724027],[-48.73577537555941,-26.866824957758162],[-48.73576460191631,-26.866746302057948],[-48.73577384647467,-26.866595285994396],[-48.735732709458915,-26.866515600433868],[-48.73572565442106,-26.866463689967873],[-48.7357344622225,-26.866453788577306]]},"properties":{"objectid":2712,"cota":3,"tipocurvanivel":"Normal","sourceLayer":"curvas-0"}},{"type":"Feature","geometry":{"type":"LineString","coordinates":[[-48.736875996778885,-26.86807554417563],[-48.73686394789613,-26.86810741727892],[-48.736856533063666,-26.868165353565047],[-48.73683668043309,-26.868170603722596],[-48.736827439806554,-26.86815842866026],[-48.73682643056943,-26.868132707812478],[-48.73680624331166,-26.86812378764149],[-48.73680542557867,-26.868087541798424],[-48.73681452053898,-26.86809399475639],[-48.736829965282055,-26.86807158597226],[-48.73681190314987,-26.86803473089695],[-48.736852471994354,-26.868036395097363],[-48.73686962248166,-26.868020396708935],[-48.73687787756834,-26.86785134622645],[-48.73689988563574,-26.8678242640516],[-48.73693191970643,-26.867710646122834],[-48.73694541840281,-26.86772582417071],[-48.73694502072299,-26.867759588646113],[-48.7369105421176,-26.867934614817475],[-48.73689031090728,-26.86798328244437],[-48.736875996778885,-26.86807554417563]]},"properties":{"objectid":2713,"cota":3,"tipocurvanivel":"Normal","sourceLayer":"curvas-0"}},{"type":"Feature","geometry":{"type":"LineString","coordinates":[[-48.73847734835574,-26.86655410580108],[-48.73854437126469,-26.866574074208632],[-48.73862706305014,-26.86655538660406],[-48.73867722003259,-26.866561552657007],[-48.73872774805167,-26.866555898823027],[-48.73873822115043,-26.86657425818063],[-48.738727520849395,-26.866595182786106],[-48.73870395181318,-26.86660233659213],[-48.73867591476606,-26.866593622264233],[-48.73869517723125,-26.8666195314728],[-48.73871269090252,-26.866688473465587],[-48.73873383825466,-26.8667094195369],[-48.738758497999704,-26.866683963288637],[-48.73875690054253,-26.866674178543988],[-48.73878194410048,-26.86667737515275],[-48.73880425793811,-26.86669188730862],[-48.7387895073183,-26.866706698826118],[-48.7387632186867,-26.866711104451156],[-48.73875630552094,-26.866737410558525],[-48.7387008792337,-26.866709066226054],[-48.73870168166719,-26.866732053839343],[-48.73872944177484,-26.866732739979042],[-48.73873017713755,-26.866756924080494],[-48.73869440728299,-26.866754362590957],[-48.73866862028164,-26.86676597332683],[-48.73867123462798,-26.866775729224134],[-48.73870285816948,-26.866800012399302],[-48.73867836465195,-26.866851652498934],[-48.738710292337345,-26.86689802368313],[-48.7386799073786,-26.866939689384655],[-48.738671046995314,-26.866935049727655],[-48.7386812994794,-26.866912359071932],[-48.7386723039683,-26.86690272756339],[-48.73861359727329,-26.866909020266203],[-48.738615610233396,-26.86688022437322],[-48.73859971821541,-26.866862684343733],[-48.738511417551855,-26.866886618378942],[-48.738511196057615,-26.866893754176765],[-48.73852083900185,-26.866895627701528],[-48.738517743310055,-26.86690485271063],[-48.73848786596338,-26.866892740012805],[-48.73849342768522,-26.86687422667265],[-48.738539142503846,-26.866861361945197],[-48.73856029036433,-26.866824483070527],[-48.73854556328046,-26.866819449891057],[-48.73850473282664,-26.866834592089344],[-48.7384812524402,-26.8668314222552],[-48.73849298735946,-26.86681155386345],[-48.738484934325236,-26.866785660701723],[-48.73850397172318,-26.866753096999194],[-48.73848927155265,-26.86673007555524],[-48.73849334951767,-26.866703244878952],[-48.738475753770494,-26.86666508257971],[-48.73847150351082,-26.866616530008578],[-48.73847709586175,-26.86659313937413],[-48.7384597596169,-26.866569749045375],[-48.73846309342326,-26.866555890117926],[-48.73847734835574,-26.86655410580108]]},"properties":{"objectid":2714,"cota":3,"tipocurvanivel":"Normal","sourceLayer":"curvas-0"}},{"type":"Feature","geometry":{"type":"LineString","coordinates":[[-48.737947343011406,-26.86776211261348],[-48.73791475495167,-26.867742906391562],[-48.737841330632556,-26.867742045778634],[-48.737835744770706,-26.867756708814557],[-48.73781903023909,-26.867760470670216],[-48.73782248856454,-26.867776303703813],[-48.73779936905233,-26.86777956412021],[-48.73775396293324,-26.867803639340835],[-48.737717040328754,-26.867813273891937],[-48.73765045172025,-26.867809725914356],[-48.73759338276168,-26.86782653004225],[-48.737544597548656,-26.867826191957633],[-48.737511546474906,-26.867809572795345],[-48.73747752266702,-26.867807038943162],[-48.73747450758603,-26.867835458674552],[-48.73741884339742,-26.867865097410284],[-48.73739331923526,-26.867890627992644],[-48.737389706651186,-26.867920349422644],[-48.73737799943666,-26.867936990962384],[-48.73738025225234,-26.8679516080403],[-48.737368973941244,-26.867963790187],[-48.73740877726716,-26.868013151269157],[-48.7374349919073,-26.86802541762568],[-48.737450234082004,-26.868007667617288],[-48.737430628301574,-26.8679998650634],[-48.73743335686084,-26.86798063137004],[-48.737412164575936,-26.867969878543946],[-48.73741125872767,-26.867961195936314],[-48.737440906629175,-26.86796356226616],[-48.737459874159164,-26.86797906067978],[-48.73752387116619,-26.867980968097495],[-48.73751879516681,-26.86796385293385],[-48.73754062858044,-26.86796898918993],[-48.73755220700221,-26.86794708966242],[-48.737540787676316,-26.8679179352189],[-48.737573136812856,-26.867913255071482],[-48.73758596514307,-26.86788922590189],[-48.73758565082055,-26.867869127657627],[-48.737622146146016,-26.86788565756175],[-48.73774189649839,-26.867891252528867],[-48.73780045300811,-26.86793145421831],[-48.73781531922368,-26.867923589079982],[-48.737828341957645,-26.867933112753278],[-48.7378802317965,-26.86793303478117],[-48.73790809576843,-26.867906375592735],[-48.73795815580321,-26.867913799302347],[-48.73799323803765,-26.86788899469658],[-48.73800669668432,-26.86786767121599],[-48.73802601327442,-26.867866647539437],[-48.73803808536033,-26.86784860575375],[-48.73807330877881,-26.867827979959497],[-48.73812723855524,-26.8678359267156],[-48.73814238546479,-26.86782275416993],[-48.73822388915072,-26.867811937113565],[-48.73840949919521,-26.867809572046564],[-48.73848099566974,-26.867795359344633],[-48.7385731552332,-26.86779068420789],[-48.73862523585113,-26.86779654086635],[-48.73879820678503,-26.867773409590118],[-48.73872634751135,-26.86775821999175],[-48.73868090567515,-26.867732316842115],[-48.738670374718104,-26.867736835659482],[-48.738595902529504,-26.867692958365584],[-48.7385922078943,-26.86775721016855],[-48.73857993042166,-26.867764390348665],[-48.738501576043284,-26.86775950021016],[-48.738491977809545,-26.867771000915926],[-48.738419558736126,-26.86775673985632],[-48.73826424927911,-26.867779543329064],[-48.73817632131669,-26.867772679499716],[-48.73814302785619,-26.867747960655343],[-48.738124202242716,-26.867744237160462],[-48.738093556786836,-26.867748007058815],[-48.73808845966103,-26.867776842902867],[-48.738069629598776,-26.867769197249206],[-48.738050121516636,-26.86778055010222],[-48.73799758473664,-26.867788766070845],[-48.73793882653553,-26.867771334746426],[-48.737947343011406,-26.86776211261348]]},"properties":{"objectid":2715,"cota":3,"tipocurvanivel":"Normal","sourceLayer":"curvas-0"}},{"type":"Feature","geometry":{"type":"LineString","coordinates":[[-48.738604851757415,-26.878068690669203],[-48.73862989231737,-26.878075397925482],[-48.73884713197966,-26.878075712553752],[-48.73895217917275,-26.878113715283355],[-48.739023537193304,-26.8780691210066],[-48.73914156763141,-26.878044572769664],[-48.739265907658144,-26.87802928986535],[-48.739242221369466,-26.87801556703804],[-48.73918162807165,-26.878024131674714],[-48.73910430225622,-26.87802302757081],[-48.73885017947384,-26.878047288831027],[-48.73871768762939,-26.878047115345822],[-48.73861544091066,-26.878057254606798],[-48.73860249713011,-26.878062460315462],[-48.738604851757415,-26.878068690669203]]},"properties":{"objectid":2738,"cota":2,"tipocurvanivel":"Normal","sourceLayer":"curvas-0"}},{"type":"Feature","geometry":{"type":"LineString","coordinates":[[-48.73943312266191,-26.878408836531584],[-48.73942391597237,-26.87838883604014],[-48.739429923606124,-26.878665657930785],[-48.739457451768615,-26.879142250026902],[-48.73947249497096,-26.879240653706887],[-48.73947778029043,-26.879186301199802],[-48.73944629853148,-26.878659622652357],[-48.73945693965004,-26.87861720601582],[-48.73943211436854,-26.878508399284392],[-48.73943312266191,-26.878408836531584]]},"properties":{"objectid":2739,"cota":2,"tipocurvanivel":"Normal","sourceLayer":"curvas-0"}},{"type":"Feature","geometry":{"type":"LineString","coordinates":[[-48.73931341304538,-26.8780266515291],[-48.739382358286306,-26.878023539582234],[-48.739396936297055,-26.878031383309178],[-48.73941415798946,-26.878348396907874],[-48.739427096693134,-26.878371258352978],[-48.73943170179337,-26.87834491353195],[-48.739423076626856,-26.878117847309486],[-48.73942860349411,-26.878082200274676],[-48.739463950257544,-26.878043395372256],[-48.73949959596312,-26.878022639869144],[-48.73965905158793,-26.877999379529708],[-48.73970868206679,-26.87798355768069],[-48.73980667541122,-26.877922456399876],[-48.73984671159189,-26.877882540599728],[-48.739851599786356,-26.87786654244529],[-48.73982503567897,-26.877863116726466],[-48.73978391255159,-26.877880884174893],[-48.73973997497024,-26.87788432158333],[-48.73967236415013,-26.8779134837267],[-48.7396500108551,-26.87796845927102],[-48.73963623676976,-26.87797655318962],[-48.73952017616193,-26.877992897551184],[-48.73935492417434,-26.87799318678249],[-48.7393122873487,-26.87800428055984],[-48.73929356645816,-26.878019429192584],[-48.739295535508056,-26.87802592139513],[-48.73931341304538,-26.8780266515291]]},"properties":{"objectid":2740,"cota":2,"tipocurvanivel":"Normal","sourceLayer":"curvas-0"}},{"type":"Feature","geometry":{"type":"LineString","coordinates":[[-48.739298894240086,-26.86756372184772],[-48.73933075299195,-26.867907572622222],[-48.73932760386166,-26.86793724017374],[-48.739303616405635,-26.867982157040586],[-48.73936313378489,-26.86803453681084],[-48.739433375865964,-26.868027033185673],[-48.73935920475303,-26.868001684942083],[-48.73933934134119,-26.86797632391413],[-48.73934511742592,-26.8678846616325],[-48.73930941546776,-26.86755372129616],[-48.73930005721223,-26.867525241600138],[-48.739298894240086,-26.86756372184772]]},"properties":{"objectid":2743,"cota":2,"tipocurvanivel":"Normal","sourceLayer":"curvas-0"}},{"type":"Feature","geometry":{"type":"MultiLineString","coordinates":[[[-48.73977113678215,-26.868103479269287],[-48.73976053351552,-26.86810429783599],[-48.74,-26.868164690240402]],[[-48.74,-26.868151529768106],[-48.73977113678215,-26.868103479269287]]]},"properties":{"objectid":2744,"cota":2,"tipocurvanivel":"Normal","sourceLayer":"curvas-0"}},{"type":"Feature","geometry":{"type":"LineString","coordinates":[[-48.737238346505315,-26.87094228346161],[-48.737231672755854,-26.870950368171904],[-48.73719956516098,-26.87095414329304],[-48.737157642488675,-26.8709271796455],[-48.7371317774922,-26.870884339966803],[-48.73714566359575,-26.87078761506002],[-48.737163500133654,-26.8707891326016],[-48.73718369741559,-26.870818190323686],[-48.73719105808394,-26.870814470069195],[-48.737191627065286,-26.870790598370398],[-48.73715277250551,-26.87077076634586],[-48.73714264041234,-26.870753824680396],[-48.73714580408814,-26.870686474464684],[-48.73716687952889,-26.870648090314685],[-48.73714976722451,-26.87062860021526],[-48.7371600861979,-26.870574864455346],[-48.7371887989206,-26.87055949434558],[-48.73716930656627,-26.870546834727175],[-48.73716669173943,-26.870503048958575],[-48.73720989326137,-26.870481452023366],[-48.73726458414167,-26.870496110290343],[-48.73728417921811,-26.870477536606025],[-48.737383506988536,-26.87047477124197],[-48.73739561538343,-26.870466903512924],[-48.73738195643776,-26.87044383635769],[-48.73735612048427,-26.87042874773399],[-48.737210266047484,-26.870435950704888],[-48.737121149791356,-26.870429538177024],[-48.73702378808553,-26.87043888578365],[-48.73688033037238,-26.87042457794002],[-48.73683596419253,-26.87042709442497],[-48.736795041428806,-26.87044765292188],[-48.736722677002255,-26.870438761418303],[-48.73670872749968,-26.87041220245702],[-48.73671711116691,-26.87038516108541],[-48.7367090891106,-26.87036707007461],[-48.73671002895663,-26.870332313475124],[-48.73671579425354,-26.870311334373838],[-48.73674610310693,-26.870268219525776],[-48.73672778269927,-26.870241892868965],[-48.736719653526336,-26.87020275756005],[-48.73673216751768,-26.870059995352154],[-48.73674417509235,-26.87004673117731],[-48.73680289608071,-26.870033440110035],[-48.73677066289877,-26.870014280805428],[-48.736749069014586,-26.869988361063513],[-48.7366937313254,-26.869988256997217],[-48.73664187672847,-26.870020468828816],[-48.736577482501545,-26.870039811058838],[-48.73654813437258,-26.87003090741798],[-48.73646485577981,-26.870025110539007],[-48.73635360266094,-26.87002430179416],[-48.73632301938276,-26.870016330409065],[-48.73628868614755,-26.870021316868534],[-48.73621677821504,-26.86999796334812],[-48.736204083701125,-26.87002681452699],[-48.73618869782131,-26.870034933763385],[-48.7361058607581,-26.87004091809779],[-48.736069479494326,-26.87003061204864],[-48.73606705206575,-26.870009614501374],[-48.736085110822785,-26.869989263798722],[-48.73625196440328,-26.86988965027311],[-48.73631719215211,-26.86984326589673],[-48.73632645209713,-26.869828308946023],[-48.73622638116839,-26.869870578450566],[-48.73604766995761,-26.869991786330825],[-48.73594774498659,-26.870029496046868],[-48.735895958838285,-26.87004063633299],[-48.735871649814854,-26.87005407690792],[-48.7358697954821,-26.870062750480233],[-48.73589538648628,-26.870079411127247],[-48.73593730134983,-26.87007390822696],[-48.735962299012144,-26.870097116602295],[-48.73596400882038,-26.870061100794878],[-48.73599933239644,-26.870046259217226],[-48.73606624909616,-26.870057643904634],[-48.73617365204242,-26.870062500068318],[-48.736299734613624,-26.8700558955399],[-48.73639742961151,-26.870081477928014],[-48.73649606617658,-26.870049035642516],[-48.73655164420233,-26.870056575368714],[-48.73666938281284,-26.87005284110805],[-48.736697149459175,-26.87008774353303],[-48.73669592803414,-26.870192108424433],[-48.73667163243903,-26.8704125133526],[-48.736653100409406,-26.870456019001377],[-48.73656447261917,-26.87045994346624],[-48.7365264184624,-26.87044510385751],[-48.73650288340684,-26.87046621518666],[-48.73634492174996,-26.87047066391453],[-48.73629494336805,-26.870454496091565],[-48.7362486860916,-26.870459197620246],[-48.73620450906238,-26.870435803800643],[-48.73616749456904,-26.870457930934315],[-48.73611378094165,-26.870475043546328],[-48.736013428748365,-26.870486598670173],[-48.73597237445457,-26.870479508963456],[-48.73594993029172,-26.870441926572003],[-48.73593450277393,-26.870452333738914],[-48.73592966670991,-26.870485606513768],[-48.73591519582983,-26.87049315197792],[-48.735863973507605,-26.870488004720617],[-48.73569456048594,-26.87049537003666],[-48.73566153093818,-26.870487797891588],[-48.73561185831068,-26.87049603263604],[-48.73539184087775,-26.870493149515],[-48.73536533523154,-26.870500113954435],[-48.7353160035488,-26.87049083738485],[-48.73529349850501,-26.870478889092183],[-48.73527369722753,-26.87049910886903],[-48.73517433391213,-26.87049578239988],[-48.735158925466905,-26.870485388171137],[-48.73515707656979,-26.87045541684327],[-48.735169014076455,-26.870445426703633],[-48.73526065470301,-26.870461343179684],[-48.73527808192238,-26.870442093391365],[-48.7353608103808,-26.870436575290665],[-48.7353315745747,-26.87041446304389],[-48.73528067323013,-26.87041790398309],[-48.735266075852905,-26.870392464384437],[-48.73520085380468,-26.870405154226795],[-48.73518309222973,-26.870426588003816],[-48.73516602204667,-26.87041934197768],[-48.7351373332674,-26.87033863837797],[-48.735123122439894,-26.870271493442303],[-48.73511607284183,-26.870181606803115],[-48.735121480388564,-26.870151681412185],[-48.735129972752716,-26.87013722754636],[-48.7351429024907,-26.87013319147491],[-48.73515939731482,-26.870141837012522],[-48.735175373209884,-26.870171721656575],[-48.735191077067256,-26.87018112611098],[-48.73522453635061,-26.87018091434586],[-48.73520467323087,-26.870171422463258],[-48.735206255600595,-26.870162310461122],[-48.735266308994,-26.870194111870006],[-48.73528167411249,-26.870190875595966],[-48.73528541999872,-26.870176563125696],[-48.73520224415792,-26.870126433085872],[-48.7352074361804,-26.870108581805898],[-48.73519051711937,-26.870107488445793],[-48.73518965526374,-26.87012336507739],[-48.73518100389263,-26.87012353232253],[-48.735178600700955,-26.870099812446135],[-48.73513063963442,-26.8700663096985],[-48.73509610985342,-26.870058991334307],[-48.73502411032409,-26.870065033254633],[-48.73498680472164,-26.87005243882471],[-48.73497982888766,-26.870031753696434],[-48.73498561381443,-26.870013792807143],[-48.73501275064174,-26.869997623574413],[-48.735054436556254,-26.869990127350913],[-48.73526401555288,-26.870003220065286],[-48.735281664556226,-26.870019238205305],[-48.73528717109778,-26.870043213587678],[-48.73525701149303,-26.870075080474116],[-48.73528391502262,-26.87009848556657],[-48.735322389732715,-26.870114222963867],[-48.735319233697,-26.87006142651647],[-48.73533908906537,-26.87003914458041],[-48.7353298136977,-26.870019979342896],[-48.73533584901155,-26.870012072202524],[-48.735452379465706,-26.87001321270931],[-48.735481685484395,-26.87004093752678],[-48.7354829421126,-26.870048371346858],[-48.7354664966993,-26.8700547164368],[-48.73548205079514,-26.870064668054674],[-48.73556686433272,-26.870042570825024],[-48.735604336266846,-26.870043842846158],[-48.73561077813367,-26.870030531081305],[-48.73554710103894,-26.869989541586904],[-48.735492030925926,-26.869992220903033],[-48.73541501938489,-26.869963966062762],[-48.73535727790462,-26.869963903260796],[-48.73533633904426,-26.869973347539567],[-48.73528510001742,-26.869954258672802],[-48.735251591628405,-26.86996774209128],[-48.73521773678664,-26.86995549092232],[-48.73511865023683,-26.869948400215815],[-48.735025294777756,-26.869960681391873],[-48.73495590454972,-26.86996102188145],[-48.73483182461337,-26.87000053740077],[-48.73480516717847,-26.870000431269943],[-48.73478171269396,-26.869992251677264],[-48.73477745699558,-26.869979940725347],[-48.734784320020005,-26.86995898473315],[-48.734807450263865,-26.869946630057022],[-48.73480855267086,-26.86993368124417],[-48.73479407938752,-26.869923680102783],[-48.73475991824179,-26.8699192256478],[-48.7347532304349,-26.869890051212522],[-48.73474143372154,-26.869883339115574],[-48.73470875425784,-26.869905464978007],[-48.734695300919505,-26.869935160267694],[-48.734729464258415,-26.869962875576658],[-48.73473997111623,-26.869980884694186],[-48.734716800642836,-26.870021403462047],[-48.73467604401866,-26.869992783757763],[-48.73467912562692,-26.870020224512377],[-48.73464713594031,-26.87003626713282],[-48.7346050119656,-26.870028686098017],[-48.73450667994935,-26.870051483763966],[-48.73445407353381,-26.87004657552408],[-48.73442615700824,-26.87003613406001],[-48.7344229170639,-26.870017899423324],[-48.73446618240088,-26.870017695278374],[-48.73445767382849,-26.869983951379808],[-48.73447740420501,-26.869979604781086],[-48.73450514791774,-26.869989830483945],[-48.7345186069929,-26.869978777338893],[-48.73448275104894,-26.869873642928543],[-48.73451100577817,-26.869880646031465],[-48.73454539946758,-26.86985218629223],[-48.734604823657406,-26.869858948262625],[-48.73462599314009,-26.869841824282066],[-48.73466092037949,-26.869841415984823],[-48.7346596863245,-26.869821849001216],[-48.734608378735885,-26.86980333185688],[-48.734621495529616,-26.869805559168565],[-48.73465097315712,-26.869787159666945],[-48.73471898249179,-26.86979515572896],[-48.73473372547648,-26.869774918998253],[-48.73475390505361,-26.86979069079319],[-48.734797135835244,-26.86979065113804],[-48.734801200640874,-26.869803300157145],[-48.734787726992145,-26.869833561874437],[-48.73480349808492,-26.869840397251963],[-48.73483481079814,-26.869836503430783],[-48.734855423451044,-26.869823787106128],[-48.734966971757736,-26.869824463680168],[-48.734948843472615,-26.86979437935903],[-48.735008007314754,-26.869783003934714],[-48.735007659990835,-26.869803053648543],[-48.735014513943106,-26.8698099120965],[-48.73506742381057,-26.86981019448582],[-48.73507349608946,-26.869785439093437],[-48.73509277439127,-26.86980917230083],[-48.73511329027945,-26.869793786725243],[-48.73509048958206,-26.869773254016472],[-48.73509174365335,-26.869763952651294],[-48.735127224731286,-26.869775035065697],[-48.735194454533975,-26.869775241035597],[-48.73522855373666,-26.8697956768903],[-48.73530669704528,-26.86978612171017],[-48.73529959104936,-26.86977332829319],[-48.73530633033116,-26.869769077458425],[-48.735362931852286,-26.869813155551167],[-48.73537817123018,-26.86980168414013],[-48.735382340903975,-26.869784384108588],[-48.73535018005649,-26.869734598995247],[-48.73538490554029,-26.86972133901329],[-48.73539465066181,-26.869727586798387],[-48.7353694244736,-26.86973282008848],[-48.73536953349479,-26.869749667084303],[-48.73538444423281,-26.869752362577188],[-48.735406958149234,-26.869782440436065],[-48.735425534423904,-26.869767027332575],[-48.73549700652149,-26.869737956888237],[-48.73550377699293,-26.86974350180416],[-48.735506150595285,-26.86977981859196],[-48.735549663083965,-26.869797859421034],[-48.735556059792934,-26.86977398729284],[-48.735523071191956,-26.869742557543912],[-48.73550911088725,-26.8696910083882],[-48.735536688594706,-26.869682248060144],[-48.73551554350777,-26.869674524344607],[-48.735488149996854,-26.86964339183285],[-48.735493761011206,-26.869634556475223],[-48.735509756248995,-26.869632316656777],[-48.735553166764355,-26.869644514248208],[-48.735555402689194,-26.869626337614225],[-48.735524917876546,-26.86961656453372],[-48.73550593927057,-26.8696001587163],[-48.73549585080327,-26.869617906261308],[-48.73546485342412,-26.869617594426526],[-48.73546825184777,-26.869609505132495],[-48.73546060731993,-26.869599345483216],[-48.73542161186516,-26.86956728066602],[-48.73539567276668,-26.869559814902765],[-48.7353898264072,-26.869543498637498],[-48.73536501109191,-26.86955548437529],[-48.7353541904856,-26.869552305749966],[-48.73535458186051,-26.86954130205702],[-48.73534679182424,-26.869549905745256],[-48.735363878646865,-26.86956651048287],[-48.735428424158975,-26.869588297965947],[-48.73545007259286,-26.869614036471944],[-48.735433838507944,-26.86962785728657],[-48.73542536634628,-26.869651349598584],[-48.735402035275456,-26.8696712123069],[-48.735434905084176,-26.869707640688],[-48.73543514947813,-26.869743547925694],[-48.735424094640884,-26.869730258040246],[-48.73542477255868,-26.869714621217227],[-48.73537583053017,-26.869699442548008],[-48.73537539407315,-26.869687209977084],[-48.73534412178256,-26.86965242168463],[-48.73541017621202,-26.86964368883002],[-48.73534339985292,-26.86960568814762],[-48.735350037600355,-26.869589162277542],[-48.73534409373726,-26.869569054131492],[-48.73533235310539,-26.86955907338359],[-48.735325626525984,-26.869583489808818],[-48.73534024574361,-26.869629490410343],[-48.73532288943697,-26.869640493803644],[-48.735356205430385,-26.86969351198732],[-48.735334947086244,-26.869700913401232],[-48.735297942078155,-26.86967556314437],[-48.73522439869331,-26.869663250643644],[-48.735234939725245,-26.869649355740897],[-48.735309967303685,-26.86964273773857],[-48.73530760247287,-26.86963461201844],[-48.735281849290224,-26.869622462758905],[-48.735306430244734,-26.869609210743953],[-48.73527289449161,-26.869593475811524],[-48.735273247621876,-26.86957530329634],[-48.735260546252945,-26.869560361682147],[-48.735225871871464,-26.869556266416648],[-48.73521534083862,-26.86957001347669],[-48.73526503686423,-26.869603147821863],[-48.735207045138786,-26.869603229860793],[-48.73521005046099,-26.869578664446554],[-48.73518531517388,-26.869576586654485],[-48.73517713382543,-26.86954671144965],[-48.73519762968919,-26.86954914002304],[-48.735206157363784,-26.86953281050863],[-48.73522389096386,-26.86952216333041],[-48.73526686277724,-26.86954798738055],[-48.735246444377815,-26.869524455217675],[-48.73527450221355,-26.869529773733866],[-48.7352779406693,-26.869516949898692],[-48.73530629500079,-26.86953354574228],[-48.73531772875683,-26.869521055827185],[-48.735369959133635,-26.869532351610623],[-48.73539814590005,-26.869517618688214],[-48.735440298483084,-26.86952002164447],[-48.73548041947127,-26.869509998592566],[-48.735499632336506,-26.869492481224594],[-48.73547722408161,-26.869484016196],[-48.73545223762552,-26.869490048410267],[-48.73543833643661,-26.86948118186732],[-48.73540947428862,-26.86949491397837],[-48.73537135020912,-26.869489767142834],[-48.735335300709345,-26.869499584690228],[-48.73531799184627,-26.86948917355759],[-48.73529454634225,-26.869500641571804],[-48.735287215313186,-26.869477378762383],[-48.73524268178096,-26.869491289198976],[-48.735178198215245,-26.869464833319466],[-48.73516816409242,-26.869468694714644],[-48.73516767025059,-26.8694944311661],[-48.73515867443345,-26.86949400990375],[-48.73514661933456,-26.8694751701026],[-48.73515075620605,-26.86945886044941],[-48.735132283471394,-26.869460093078693],[-48.73511606533089,-26.86944605258207],[-48.73512955237721,-26.869432327647804],[-48.735113866298306,-26.86941946165385],[-48.735120639103926,-26.86940529878577],[-48.735135484282274,-26.869412189673046],[-48.735157509608754,-26.8694519818949],[-48.73518414316057,-26.8694499478466],[-48.735206748610956,-26.86943680406006],[-48.73523932873468,-26.869462970520473],[-48.735229594886576,-26.869424047673988],[-48.73518975554913,-26.869382275988094],[-48.7352213643591,-26.86936841648443],[-48.7352313312727,-26.869406702323516],[-48.73526002582802,-26.869418040504055],[-48.735277851957754,-26.869400426936352],[-48.735266620933736,-26.869378308194122],[-48.73526611975982,-26.86935579199909],[-48.73529602143176,-26.869348216891886],[-48.735279679299616,-26.869333227749536],[-48.73528073200942,-26.869325041296776],[-48.73526083680523,-26.869321104434256],[-48.73522917473362,-26.86934904772839],[-48.735236071886284,-26.869365804997834],[-48.73520084162591,-26.869337700897262],[-48.73519078759949,-26.869361595601276],[-48.73517464686663,-26.869333927458616],[-48.73519360123208,-26.869323725811395],[-48.73516530519091,-26.869295120995005],[-48.73512016877258,-26.869286624573242],[-48.73511078148172,-26.86929120385995],[-48.735102621031565,-26.86927608414552],[-48.73507528902552,-26.86929660282284],[-48.735072525109366,-26.869277603324388],[-48.73504298406835,-26.86928581588515],[-48.735042490270374,-26.869276158907475],[-48.735024085120024,-26.86926133069253],[-48.73500285590198,-26.86925783356338],[-48.73501402623034,-26.86923558931314],[-48.73506579773043,-26.869211335511018],[-48.73504342089875,-26.869206195569614],[-48.73500476940919,-26.869162238179445],[-48.73500002928508,-26.869120060802246],[-48.735018936713615,-26.869060213407487],[-48.73491949032393,-26.869106451987093],[-48.734938399332215,-26.86916213345745],[-48.73496069955056,-26.869177477160886],[-48.73496540671244,-26.869212220478786],[-48.73498682597237,-26.86924980101425],[-48.73498684996397,-26.869316296173245],[-48.734996080292476,-26.869352658814382],[-48.73503775641149,-26.869375377562058],[-48.73502301532694,-26.86937871316202],[-48.735016495306105,-26.86940003384744],[-48.73499748216985,-26.869418836739204],[-48.7350065744337,-26.86942910986658],[-48.73500421508253,-26.869445094248587],[-48.73496902514117,-26.8694242582175],[-48.734917530907914,-26.86942182447877],[-48.73493992729212,-26.8694505197624],[-48.73492430469326,-26.869447797470258],[-48.734930569207236,-26.869474885854597],[-48.734923526102556,-26.869481253475026],[-48.73494889152461,-26.869510630784763],[-48.734919051561484,-26.86951606617861],[-48.734914520368534,-26.86954231186022],[-48.734895877433516,-26.869524064921638],[-48.73490262765195,-26.869552381214536],[-48.734891884701035,-26.86956938722981],[-48.73489829038996,-26.869576116664238],[-48.73493430282405,-26.869571543712205],[-48.734951486240526,-26.869546245398677],[-48.73496901077874,-26.86954093834471],[-48.73498869218303,-26.86955262392015],[-48.734995550487966,-26.869570319131437],[-48.73495569274737,-26.869574957697285],[-48.734952407335406,-26.869582171601788],[-48.73499512525946,-26.869597003356603],[-48.73500661261849,-26.869608380682838],[-48.734984260995766,-26.869632211779184],[-48.73494937286389,-26.86961879786643],[-48.7349305688581,-26.869626400106842],[-48.734923738340775,-26.869607513193838],[-48.73489364653004,-26.86959953314339],[-48.73490325501428,-26.869626162545806],[-48.73489066131255,-26.869645853476218],[-48.73486150264774,-26.86959252552243],[-48.73487299346441,-26.86956596907549],[-48.73489154939288,-26.869549962803834],[-48.734845814432894,-26.86950621758974],[-48.73485391841616,-26.869490397510653],[-48.73486979242635,-26.869504031828306],[-48.734890730037044,-26.86949737347797],[-48.73490876394253,-26.869509321436254],[-48.734897387400444,-26.86946310656179],[-48.7349054332767,-26.869445758591844],[-48.734881374344695,-26.869447462053202],[-48.73487426729235,-26.869440782740604],[-48.73488868935594,-26.86941064360812],[-48.73484027075523,-26.869412681186425],[-48.73481680403825,-26.869384272855406],[-48.73479765639768,-26.869396848420354],[-48.734807657074185,-26.86941273676677],[-48.73479965676793,-26.869418762344925],[-48.734803630704256,-26.869432183311847],[-48.73477825636323,-26.869444446962888],[-48.734781544732705,-26.869514671059438],[-48.73476567202219,-26.86951662036417],[-48.734769386774936,-26.869498520703676],[-48.73474644571878,-26.869442936105884],[-48.73474653043663,-26.869413699693116],[-48.73470774140361,-26.869404558578296],[-48.73468454948403,-26.869377308874178],[-48.73469609682106,-26.869358619154976],[-48.73469959291068,-26.869330540241183],[-48.734695795889344,-26.86932187444203],[-48.73468811923596,-26.869327060504496],[-48.734679013121976,-26.869316878284184],[-48.734718664219145,-26.869305135955234],[-48.73467192209597,-26.86927269946349],[-48.73466473079698,-26.869251924232067],[-48.734621385425626,-26.86923546241537],[-48.73463078864502,-26.869216809615548],[-48.73467855437594,-26.869233131130184],[-48.73472915418568,-26.869225305027506],[-48.73470715101321,-26.86919501145197],[-48.734699406923866,-26.869208224683376],[-48.734678648864175,-26.869195480373982],[-48.734629802543246,-26.869195808994085],[-48.7346081818696,-26.869184439723213],[-48.73453792587434,-26.869189113277677],[-48.73452294562697,-26.869202830454487],[-48.73452281446974,-26.869230103278753],[-48.73449569457143,-26.86924472317854],[-48.73448594677783,-26.869236342788874],[-48.734479982306894,-26.869211068625106],[-48.734476119512095,-26.869129186415204],[-48.734458829504234,-26.86911193125917],[-48.734436115070146,-26.869110806251268],[-48.73439479247518,-26.86913083151329],[-48.734336122898156,-26.869121419328398],[-48.73424077077978,-26.869128190990136],[-48.73424767327097,-26.869144218299724],[-48.734215134616164,-26.869152829329114],[-48.734119740301864,-26.869155508495886],[-48.73411444963875,-26.86917204327175],[-48.7341270234069,-26.869205939921866],[-48.73408118825287,-26.869196308409006],[-48.73404251603057,-26.869207405659495],[-48.734033967333716,-26.869221805309813],[-48.734053922998235,-26.869213017782926],[-48.734061816698464,-26.869239337262194],[-48.734034763160004,-26.869257489444305],[-48.73402395238809,-26.86928192873239],[-48.73400192227819,-26.869296140132953],[-48.73398573763759,-26.869296273119033],[-48.733964017048656,-26.869267713976424],[-48.733932586788484,-26.86925959584373],[-48.73385442897327,-26.869290934420732],[-48.733864379276724,-26.869308029505454],[-48.733855909227465,-26.869313286723422],[-48.73376575124957,-26.869280657125977],[-48.73375514355634,-26.869254444809727],[-48.73373528902854,-26.869257857084143],[-48.733719800112006,-26.86924444902272],[-48.73362723749191,-26.86922860705432],[-48.7335930453477,-26.869230563778256],[-48.73357433154885,-26.869243379867722],[-48.73353184040764,-26.869234247634648],[-48.73346376895059,-26.869178888250264],[-48.733419021206494,-26.86918279997434],[-48.733377920924056,-26.86916720315913],[-48.73336919570001,-26.869145348293237],[-48.73336622482895,-26.86909380741863],[-48.733370047743335,-26.869073675404263],[-48.73339074619296,-26.86904096857158],[-48.733386070442876,-26.869025964235814],[-48.73336071362175,-26.869068473709135],[-48.733339391855246,-26.869085159169952],[-48.73334407911152,-26.86910836430529],[-48.7333220650388,-26.86911198283152],[-48.733341805683764,-26.86912356128182],[-48.733302602837426,-26.869141785530253],[-48.73334929486567,-26.869154058989853],[-48.7333516834878,-26.869180003200547],[-48.73332928825161,-26.86919869383943],[-48.73337662240314,-26.869220900994396],[-48.73338851850917,-26.86923135005725],[-48.73338468094202,-26.86923541722507],[-48.7332781187966,-26.869227708976876],[-48.73320042260852,-26.869247249570027],[-48.733190267861836,-26.86923163119006],[-48.73317725349129,-26.869247831728984],[-48.73315949736663,-26.869244418025414],[-48.73315641373968,-26.869255686243704],[-48.733078107161845,-26.869246099248944],[-48.73307760753836,-26.869234371945872],[-48.73309386518418,-26.869219532015993],[-48.7331548752658,-26.86920619526708],[-48.733139313403015,-26.869195792054118],[-48.73313205326831,-26.86920577133584],[-48.73312024791492,-26.869203687665966],[-48.733116061119055,-26.86919368355179],[-48.73312299298459,-26.86918477473079],[-48.733061623602346,-26.869142982819728],[-48.73304954044095,-26.869157649674637],[-48.7330172747483,-26.869165587961373],[-48.733010300136144,-26.86919373824569],[-48.73298730573351,-26.869198778599742],[-48.73300764106724,-26.869210054388546],[-48.73302357075192,-26.86923369622147],[-48.73299415797959,-26.8692181225824],[-48.732971994722654,-26.869248182407127],[-48.732944598449485,-26.869258790662318],[-48.7329253696552,-26.86925560327889],[-48.7329095061273,-26.869224308773145],[-48.73293123734459,-26.869221503398816],[-48.732931182901964,-26.869177425700986],[-48.73288027538714,-26.86916738301418],[-48.73286081176797,-26.869151706384393],[-48.732864416619115,-26.869177763970043],[-48.73285383098689,-26.869186317238274],[-48.73274913712719,-26.86919482230563],[-48.73273262292327,-26.869213188481922],[-48.73276835537738,-26.869233790994933],[-48.73277783020759,-26.869248734284554],[-48.732761005860816,-26.869273667166617],[-48.73276243335278,-26.869299611298732],[-48.73274646354932,-26.86930188821409],[-48.73273949794005,-26.86932282530015],[-48.73272993106234,-26.86932848268323],[-48.73268362266596,-26.869318618413573],[-48.732635957962884,-26.869269662366005],[-48.732611378304426,-26.869289647144424],[-48.73256908565464,-26.869297400040075],[-48.73253334744131,-26.869278801738158],[-48.73258639388336,-26.86924680731612],[-48.7326177336244,-26.86925244614935],[-48.73264317261412,-26.86923886725097],[-48.73264936489787,-26.869227134535414],[-48.73263949279801,-26.86921752739779],[-48.732564886885086,-26.86921941376493],[-48.73248777532292,-26.869233554928357],[-48.73247560866944,-26.869228448498454],[-48.732408152157234,-26.869245220913307],[-48.732393105557456,-26.869263813654293],[-48.73240820084478,-26.869274549683816],[-48.73239749166457,-26.869284904940635],[-48.732322962847924,-26.869286405261654],[-48.732320018579486,-26.869278180858],[-48.73234063888684,-26.86926831588732],[-48.73234418647433,-26.86925079570836],[-48.732309141795604,-26.869266377240894],[-48.732297068377896,-26.869294114440375],[-48.73225409318025,-26.86932941185017],[-48.73225310310891,-26.86937841732118],[-48.73222547944277,-26.869417255992747],[-48.73220498029608,-26.86952597511393],[-48.73211164299489,-26.869569622187385],[-48.732099974314735,-26.86964539361732],[-48.73207053198072,-26.869645772912826],[-48.731944173911806,-26.869597838404214],[-48.73192665891441,-26.869603568479725],[-48.731906389240926,-26.869647688082633],[-48.731899282436686,-26.869734019250323],[-48.73190812107394,-26.869825800932674],[-48.73191399419998,-26.869837726402984],[-48.731935766674745,-26.869849598476282],[-48.73191958528053,-26.869856673859466],[-48.73189743792988,-26.869883697890813],[-48.73191451857699,-26.869922618831335],[-48.731932812063356,-26.869929060033037],[-48.73200782556373,-26.86992512748074],[-48.73205622463248,-26.86989851762707],[-48.73208032255144,-26.86989426133244],[-48.73209776156934,-26.869897633986326],[-48.73210801272964,-26.869916332261226],[-48.73211761402597,-26.86991772726055],[-48.73213936278931,-26.869908100639684],[-48.73216127521051,-26.86988351754757],[-48.73221354342349,-26.869857460680297],[-48.732225485372915,-26.86986480342166],[-48.7322255489607,-26.869877399105242],[-48.732179750892676,-26.869899687400274],[-48.73217761425225,-26.8699138703799],[-48.73223172730695,-26.86994648825956],[-48.73227612111122,-26.869951907145204],[-48.73223554133969,-26.869994377793887],[-48.73217266612018,-26.869990015915125],[-48.732152900332906,-26.869969562154548],[-48.732145799913425,-26.869971582483725],[-48.73214133911703,-26.870042165886662],[-48.732215117135624,-26.870069788492074],[-48.73217063303479,-26.870104639288776],[-48.73212596292733,-26.87012652331808],[-48.73210405768025,-26.87012916512839],[-48.73208488731235,-26.87011391905678],[-48.732073890121455,-26.870087020830066],[-48.7320103803078,-26.870113139935718],[-48.73195943587748,-26.870119047200266],[-48.73194606513166,-26.870127174845106],[-48.731945303270095,-26.8701394811243],[-48.731996173305646,-26.87016901297945],[-48.73204988963805,-26.87015375022881],[-48.73207509309043,-26.870168926198772],[-48.732077588972274,-26.870211514309332],[-48.73203510708692,-26.870207856957794],[-48.73205022806982,-26.870230317233634],[-48.7320078685576,-26.87027986787422],[-48.73197907466335,-26.87028122769155],[-48.73193289791529,-26.870261727958724],[-48.73191105806437,-26.870219198406925],[-48.7318906805444,-26.87021653661525],[-48.73186296754795,-26.87035778434283],[-48.731819867035696,-26.87037044601091],[-48.73178996735436,-26.870363027003688],[-48.731744196758406,-26.870329885905434],[-48.73173947435132,-26.87031823610306],[-48.7317513854464,-26.870299298904605],[-48.73173938219267,-26.87028560005153],[-48.731721466131745,-26.870278497968382],[-48.73166225295793,-26.8702818844684],[-48.73165490660423,-26.870289216281634],[-48.731656951293964,-26.870316390439093],[-48.731621788916776,-26.870304981076217],[-48.731618833589835,-26.87031429930126],[-48.73159150487978,-26.870305575972726],[-48.731590821737456,-26.870313231357414],[-48.73154689485319,-26.870321417034248],[-48.73154323218613,-26.870340963151662],[-48.73149615985087,-26.87036304935462],[-48.73142691161636,-26.870367358468844],[-48.731411821555895,-26.870419159821072],[-48.731443054769144,-26.870429037851125],[-48.73144706597514,-26.8704641617236],[-48.731411526734355,-26.870462857358408],[-48.73135122680282,-26.870474250899093],[-48.73131621896572,-26.870492094301547],[-48.73126669818226,-26.870489890343485],[-48.731274100159645,-26.87050870355675],[-48.73125250522681,-26.870521099430892],[-48.731226360543936,-26.870505539999407],[-48.73121069905406,-26.870479010818475],[-48.731221320439666,-26.87044836887853],[-48.73133470192754,-26.87043985741322],[-48.73138405355756,-26.8704204430354],[-48.73138588874821,-26.870412392827532],[-48.73134560283626,-26.870380446085527],[-48.7313174870049,-26.870369364584874],[-48.73128304891375,-26.870400404699634],[-48.731217018733005,-26.870423816203576],[-48.731181770148225,-26.870382001651013],[-48.73114734012348,-26.870364658561186],[-48.73113546639349,-26.870386859579355],[-48.73115189032329,-26.87040629779162],[-48.73114093512777,-26.870427198684723],[-48.73116748066496,-26.87046556869381],[-48.731146030602126,-26.870480637241215],[-48.73112531528193,-26.87052654001879],[-48.73110383551306,-26.870658953347263],[-48.731094604313874,-26.87067223181439],[-48.73107267507153,-26.8706796975949],[-48.731013349330624,-26.870671375363578],[-48.730975405129186,-26.870690322145702],[-48.73093216317918,-26.87072718869919],[-48.73090956154765,-26.870777393825293],[-48.7309062517588,-26.87087223285134],[-48.73088901787253,-26.870959362375338],[-48.7308900150259,-26.870998065710953],[-48.73087936649807,-26.871016302945097],[-48.73082636084273,-26.87103409628942],[-48.73071600130052,-26.871045950717505],[-48.73064826018705,-26.87104314973495],[-48.73051619567272,-26.87102251805158],[-48.73048493263385,-26.871041839145107],[-48.730375686415684,-26.871039366679312],[-48.73036496971725,-26.87104997974428],[-48.73035706348102,-26.87108145487127],[-48.730369238050976,-26.871103045844098],[-48.730422915640354,-26.871149251990655],[-48.73044104961892,-26.871154413854978],[-48.730526144190875,-26.871127145073658],[-48.730749767096015,-26.87110356249535],[-48.73081991265372,-26.87111607004531],[-48.73093529050535,-26.871083462075298],[-48.73098091483313,-26.871081449583002],[-48.731000643824814,-26.87110026676341],[-48.73101599651558,-26.87113379495713],[-48.73104274133996,-26.871156747953055],[-48.731065035906916,-26.871230115483492],[-48.73114515661349,-26.871260179696474],[-48.73115590499192,-26.871298019861857],[-48.73119892367398,-26.871305452961405],[-48.731249685891434,-26.87128602069404],[-48.731241936142226,-26.871270612269914],[-48.731220382965425,-26.871255912603996],[-48.73120804045261,-26.871253256105742],[-48.73119633806086,-26.871266065322793],[-48.731188424753036,-26.87125622782861],[-48.73117835009849,-26.87121488432694],[-48.73119599056957,-26.871124619846892],[-48.731218216897574,-26.871093107505718],[-48.73125804908126,-26.87107889457576],[-48.73166896898007,-26.871071664591465],[-48.731849903499196,-26.871078586386375],[-48.7319601808052,-26.87106706906954],[-48.73206334231709,-26.87107512629238],[-48.73225114989712,-26.871063493335082],[-48.732359139559435,-26.871071151346868],[-48.73269566928598,-26.871051409319247],[-48.73298698438038,-26.871063982540097],[-48.733102073012425,-26.871057241516695],[-48.73312798202365,-26.871066223351587],[-48.7331551572714,-26.871092490371225],[-48.733174417079155,-26.871170555852345],[-48.733205802782265,-26.871234397366],[-48.73321431051972,-26.871298280607725],[-48.73319688223707,-26.871360080865394],[-48.73316758089232,-26.871405978864676],[-48.73317028221802,-26.871422501944163],[-48.73318358264016,-26.87143126972887],[-48.7332577352798,-26.871433362876942],[-48.7333781317228,-26.871453295849616],[-48.73342663879701,-26.87143586976177],[-48.733477038147214,-26.87143663231928],[-48.7335960906143,-26.87141981902561],[-48.733625381455994,-26.87142145850272],[-48.73365346556942,-26.87143945276665],[-48.7337152399439,-26.871420195350126],[-48.73377022640621,-26.871432390594364],[-48.73385210151627,-26.87143357038696],[-48.733901666998875,-26.87142422454952],[-48.73405927241928,-26.871421050789063],[-48.734153027027226,-26.871435747505913],[-48.73419889352264,-26.871415189689785],[-48.73427764557845,-26.871414780459734],[-48.7343127584111,-26.87142517403253],[-48.734368251570814,-26.87142604232925],[-48.73448479456317,-26.871409767410558],[-48.73478828370102,-26.871400912953728],[-48.73490438165442,-26.871422910020105],[-48.73501125195913,-26.871397906246557],[-48.735053082852595,-26.871398105810037],[-48.73510548809889,-26.871376842115158],[-48.735106314348585,-26.87135432284064],[-48.73508297751772,-26.87131473248414],[-48.73508349188607,-26.871256417708203],[-48.73506766616041,-26.871236915507737],[-48.73508190088377,-26.871222293804728],[-48.73510602161041,-26.871168742513444],[-48.73515456185783,-26.87114377812922],[-48.73514376811154,-26.871116678510617],[-48.735224164880634,-26.87110543495306],[-48.73523830223296,-26.871126644591353],[-48.73523088945074,-26.871133682235293],[-48.73523766675002,-26.871169785339944],[-48.73521648364046,-26.871180465647843],[-48.73519616338604,-26.87117370538279],[-48.73519111754111,-26.871178666514325],[-48.73523254849829,-26.871269001430612],[-48.73525455442041,-26.87121926247699],[-48.73523262555813,-26.87121192322421],[-48.73523306924298,-26.871204203508242],[-48.73527247946996,-26.871215482456666],[-48.735340611339346,-26.871188042578428],[-48.73538548561049,-26.871179234678205],[-48.735371908314214,-26.871143202164866],[-48.73539782447448,-26.871127298479312],[-48.735435775539216,-26.871128228088978],[-48.73546096013554,-26.8711482728342],[-48.735486611862676,-26.871154977736637],[-48.73553648472859,-26.871134337488176],[-48.73557082749286,-26.87115272409488],[-48.73559979942818,-26.87115142957813],[-48.73562112331574,-26.871140954519714],[-48.73568727655886,-26.871156897215354],[-48.73572287042497,-26.87112967294439],[-48.73584109361311,-26.87115055988537],[-48.73589415781292,-26.871149543125057],[-48.73590357588625,-26.87112968931099],[-48.73593596375236,-26.87114624410187],[-48.73615897075071,-26.87113248340784],[-48.73635668161253,-26.871137149507323],[-48.736445846263614,-26.871123426805298],[-48.736468164511685,-26.87109864556191],[-48.73648814309561,-26.871113518671198],[-48.73651125629829,-26.871103488174587],[-48.736531103638804,-26.871121110765298],[-48.73656316980335,-26.871124773182718],[-48.73658898435841,-26.871107799133803],[-48.73661445248351,-26.87113382790193],[-48.73663989728437,-26.871132687837306],[-48.73665118966569,-26.87114088617405],[-48.73663650990252,-26.871154015472108],[-48.73652202403701,-26.871165401352275],[-48.736431796655225,-26.871162154428813],[-48.736391535613805,-26.87114685345596],[-48.736361157628686,-26.871170436135703],[-48.73616801393917,-26.87116811109788],[-48.736161327058,-26.871170537141147],[-48.73616223180832,-26.871180886569594],[-48.73612916636755,-26.871196367196806],[-48.735989514228756,-26.871173244635436],[-48.73596526027327,-26.87118148524065],[-48.73593932986257,-26.871178966964674],[-48.73594006382052,-26.871202583373965],[-48.7359132168982,-26.87120570970855],[-48.73589722207872,-26.871196150855596],[-48.73590858172191,-26.871185366256952],[-48.735903620716115,-26.871182637140095],[-48.735877683559764,-26.87118333600136],[-48.73584999459782,-26.87119766184847],[-48.73582330262599,-26.871183366926203],[-48.73578693630602,-26.871183454617753],[-48.735768758912236,-26.871216310507545],[-48.73571595932933,-26.871191523919812],[-48.7357085706206,-26.871204323256297],[-48.7356728088933,-26.871194270683276],[-48.73566144784542,-26.871211537582163],[-48.73563516860572,-26.871196832305667],[-48.73562248591867,-26.871234012372536],[-48.735598800383805,-26.87122402970146],[-48.735560756684556,-26.871224817828317],[-48.73554758114532,-26.87125607709467],[-48.73553118135087,-26.871229677293236],[-48.7355081919087,-26.871219657934635],[-48.7354433801079,-26.871252536971326],[-48.7354241546369,-26.871249414038044],[-48.735424289513546,-26.871230932996554],[-48.73540066801838,-26.871233541484564],[-48.73539769070204,-26.871244128301917],[-48.735415065204,-26.87126191265144],[-48.73540972479045,-26.871267920430586],[-48.73538979111113,-26.871262867518624],[-48.735372350773346,-26.871240510268276],[-48.7353042268504,-26.871245386179098],[-48.7352677399136,-26.871257885987635],[-48.7352610999853,-26.871287136440664],[-48.73524559910234,-26.871300306569598],[-48.73524693861529,-26.871333923773673],[-48.73529175824081,-26.8713571431955],[-48.73531728930424,-26.87134551821603],[-48.735364902023825,-26.871344826693086],[-48.73539095622141,-26.871350223187644],[-48.73542540018168,-26.871373127343663],[-48.735474347606115,-26.871379739999714],[-48.73557523556306,-26.871371538390108],[-48.735592582931226,-26.871355139050593],[-48.73563516507857,-26.871369903490255],[-48.73572434887737,-26.87137543095519],[-48.735896681057454,-26.871364350108042],[-48.73586461128331,-26.87134506054659],[-48.73578988010162,-26.871352706024982],[-48.73570145420351,-26.87134101072943],[-48.73570030758105,-26.87131820894271],[-48.73573438832089,-26.87132177298241],[-48.735743737905494,-26.871307580094],[-48.735773751177284,-26.871314224896235],[-48.73578712183446,-26.871297309665522],[-48.735762005121714,-26.871252038801284],[-48.735766116179896,-26.87124470003607],[-48.73578595188318,-26.87124285385217],[-48.735781152462756,-26.871201969666032],[-48.735786771225285,-26.8711957786219],[-48.735848915541204,-26.8712327744701],[-48.73584974329856,-26.871221938406894],[-48.735889993523145,-26.871250606541185],[-48.73589408110308,-26.871242678091612],[-48.73586681440523,-26.871220510864788],[-48.73589706545095,-26.871229665571835],[-48.73590931501577,-26.871224721493107],[-48.73596117165182,-26.8712414836],[-48.7359949841281,-26.871275226830846],[-48.735992871334375,-26.87129414365249],[-48.73601815285929,-26.871298321065503],[-48.73603527276446,-26.87131323235478],[-48.73605989875311,-26.87130132109346],[-48.73608344730222,-26.87131419206212],[-48.73612334261775,-26.871307293153713],[-48.73615019705175,-26.871311518309945],[-48.73616423231435,-26.871284678548456],[-48.736143559716425,-26.871266658237136],[-48.736149033221324,-26.87125937287795],[-48.736171656399684,-26.871269293312967],[-48.7361942398648,-26.871304743599296],[-48.7362175668421,-26.871307321188034],[-48.73621652851771,-26.871274633823706],[-48.73619892217769,-26.871252720723867],[-48.736217208905764,-26.871234220996705],[-48.73623552008414,-26.871250910238846],[-48.73623037491925,-26.87126676788154],[-48.73624316780772,-26.87130122379901],[-48.73635565881881,-26.87130400724445],[-48.73639711461121,-26.871293182306587],[-48.7363880595071,-26.87127315068958],[-48.736369608073204,-26.871263601259173],[-48.73629887743635,-26.87128173087318],[-48.73627848420459,-26.87127529537779],[-48.73626071979895,-26.871279347033187],[-48.73624536429756,-26.871267547735833],[-48.73631120792804,-26.871201606215084],[-48.73632280581091,-26.871200580952767],[-48.73631811042984,-26.871222401116395],[-48.73632546107525,-26.87123014736076],[-48.7363727528246,-26.87119803403771],[-48.73639403526184,-26.871215044312077],[-48.73636956687348,-26.87123147314924],[-48.73639809600813,-26.87124765827305],[-48.736402217439796,-26.871260506702267],[-48.736421026376675,-26.87125726321889],[-48.73641687030487,-26.871284492326964],[-48.736425128202,-26.871298423197846],[-48.73644885590094,-26.871283058212114],[-48.73647581610342,-26.87129258242088],[-48.736505057079064,-26.871282482249526],[-48.736531370912836,-26.871303742465795],[-48.736541360961816,-26.871288965964656],[-48.73655348934086,-26.871296570350182],[-48.73661120035435,-26.871298551730877],[-48.73666287582589,-26.871282284383287],[-48.73671120890944,-26.87128735891041],[-48.73672298028531,-26.87128030166769],[-48.73671396441402,-26.87125971207685],[-48.73677264821077,-26.871275500316813],[-48.73679395048092,-26.871250041243798],[-48.73680894659332,-26.87125492912866],[-48.73683219869604,-26.871279504601585],[-48.736884746941676,-26.87130065707752],[-48.7368756808941,-26.87130860417565],[-48.73682316153127,-26.871315758613214],[-48.7366907133352,-26.871324857931956],[-48.73670857723232,-26.871333795970894],[-48.73708727027838,-26.87133740939871],[-48.73724653779533,-26.8713242459308],[-48.737261877939865,-26.87131873214749],[-48.73726332530645,-26.8713056796329],[-48.73722236497207,-26.8713070405785],[-48.7371924338683,-26.871294597307294],[-48.73718852374794,-26.8712860398536],[-48.73720447421915,-26.87127842861544],[-48.737244101565295,-26.8712848309168],[-48.737303447636,-26.871274239905546],[-48.73732153291896,-26.871280148257195],[-48.737330067231554,-26.871295161943195],[-48.73728503633007,-26.871306280052746],[-48.73729092830216,-26.871317341977576],[-48.737321450051205,-26.871324937665957],[-48.73744767718006,-26.871317663061607],[-48.737461500863965,-26.87130305076604],[-48.73747174234308,-26.87126497858879],[-48.7374574600061,-26.871240314032676],[-48.7374888606643,-26.871219133581093],[-48.737508156457594,-26.871189518030707],[-48.737478860702254,-26.871162198066404],[-48.737469898716235,-26.871139906444505],[-48.73745357368728,-26.87092006821596],[-48.73744641944727,-26.870915443161454],[-48.73742028174855,-26.870923790127545],[-48.73742182925905,-26.870947146128877],[-48.73743195752734,-26.87094528141644],[-48.73744104743892,-26.870957812310387],[-48.73744149842324,-26.871004094814396],[-48.73743453406581,-26.871010299575246],[-48.73740806179005,-26.870996838724178],[-48.73740632300303,-26.870956507153235],[-48.73738780616153,-26.870938970965792],[-48.73739720752918,-26.870914484459796],[-48.737386215801436,-26.87089588566852],[-48.73733559072569,-26.870899440964035],[-48.737293576397064,-26.870912148793206],[-48.73728160303418,-26.87087684965072],[-48.73727725931044,-26.870901082340914],[-48.7372507980504,-26.870920421431705],[-48.737212635464054,-26.87090469765823],[-48.737240355220024,-26.87093585855567],[-48.737238346505315,-26.87094228346161]]},"properties":{"objectid":2750,"cota":3,"tipocurvanivel":"Normal","sourceLayer":"curvas-0"}},{"type":"Feature","geometry":{"type":"LineString","coordinates":[[-48.73824270193253,-26.87257540499592],[-48.738248474778494,-26.872553028947095],[-48.738298558225516,-26.87253476095385],[-48.738280095722544,-26.872511746019356],[-48.738274691755535,-26.872475100066538],[-48.73824611713473,-26.872438371940586],[-48.73823965807914,-26.872415449905485],[-48.73825106843828,-26.872412830455698],[-48.73825276200204,-26.872396252360172],[-48.73822958053135,-26.872370528500408],[-48.73825063927652,-26.872359926968553],[-48.7382724997826,-26.872363847071192],[-48.73827016302625,-26.872330639851782],[-48.73830096757965,-26.872336229196254],[-48.73831917634139,-26.872330384903105],[-48.738381277365,-26.87235193615891],[-48.73838516910175,-26.872332910591723],[-48.73841887376051,-26.872342953036284],[-48.738481588370526,-26.872320585166577],[-48.73850715660772,-26.87233575505546],[-48.73855951352037,-26.872325508297262],[-48.738583141690206,-26.872339056084915],[-48.73860728101367,-26.872323130580362],[-48.73862466146686,-26.872328869562597],[-48.73865364361648,-26.872299824938356],[-48.73868574622244,-26.872311790080808],[-48.738699736236924,-26.87230692054681],[-48.738718738672254,-26.872269994741664],[-48.73875383347447,-26.872275870151654],[-48.738766076937694,-26.872110391218353],[-48.73877552601117,-26.872093409310196],[-48.738893707555896,-26.87208471866745],[-48.73945239117751,-26.872073280121274],[-48.73946741464552,-26.87208069956435],[-48.73947376063772,-26.872094698953116],[-48.73951292688498,-26.87238665788773],[-48.739519193584975,-26.87239953515405],[-48.73954900598017,-26.872413977706444],[-48.739557661521744,-26.87243465162162],[-48.739552833769324,-26.872538770312392],[-48.739563715960514,-26.872576860284294],[-48.73958132163018,-26.87259601778683],[-48.73956877050183,-26.872595633762376],[-48.739580673586126,-26.87264113480487],[-48.73956843060718,-26.87267579181776],[-48.739581204177206,-26.872712288530867],[-48.73955308214915,-26.87273791326245],[-48.7395482305225,-26.87277282300604],[-48.73955851731445,-26.872780144090942],[-48.73958718026873,-26.87277558505443],[-48.73959373630373,-26.872821011369425],[-48.739542471637606,-26.872878977175542],[-48.73949926449353,-26.872899665932866],[-48.739474090767935,-26.872902537234815],[-48.739426575411215,-26.87288793141106],[-48.739399668244374,-26.87285719813152],[-48.73939314494971,-26.872834507944535],[-48.73922917263321,-26.87280343399874],[-48.739187539301774,-26.872806121260172],[-48.73894194514995,-26.872902519575515],[-48.73890712413793,-26.872902091304947],[-48.738891379315014,-26.87294552815688],[-48.73886800785925,-26.872947945381174],[-48.73886317651714,-26.872970043229998],[-48.73880630489814,-26.873028582308923],[-48.73878457849108,-26.8730975017459],[-48.73871504641192,-26.87310941844603],[-48.73871100080873,-26.873100126064315],[-48.73876098018531,-26.873090231052217],[-48.73877041164643,-26.87307959945927],[-48.738751681271005,-26.87295278237796],[-48.73875144878445,-26.87290217156669],[-48.73872408262857,-26.87285628488139],[-48.73873252237157,-26.87284107639729],[-48.73869590693785,-26.872816186227947],[-48.73868091871263,-26.872788438515638],[-48.73866956706377,-26.872784820252388],[-48.73865631183713,-26.87279266069913],[-48.73863879259851,-26.87276026903461],[-48.738603245842825,-26.87274382580175],[-48.73858076347502,-26.8727621955073],[-48.738583525399086,-26.872772175772145],[-48.738561782153695,-26.872767365060803],[-48.738553642173855,-26.872781719193437],[-48.738539260254,-26.872774120406],[-48.738519958260476,-26.872740040571394],[-48.73850306565425,-26.872758020540857],[-48.738462971913165,-26.872739377392875],[-48.738444939820546,-26.87272168213241],[-48.73844531500785,-26.872652682661357],[-48.73840707127836,-26.872639733838504],[-48.7384182597219,-26.87262541317502],[-48.73839891435508,-26.87260564830811],[-48.73839774340964,-26.87259890445251],[-48.73840891234711,-26.872598960520797],[-48.738398487887004,-26.872581119015088],[-48.738371811713385,-26.872588645309538],[-48.73835014668473,-26.872585266214102],[-48.73834542476201,-26.87256738604443],[-48.73836732148731,-26.872579144553605],[-48.73837002415325,-26.87256520605386],[-48.73830585784941,-26.87255023763658],[-48.73829255631413,-26.87257648021172],[-48.738280525692126,-26.87275549210312],[-48.738283735674244,-26.87305122450117],[-48.73827716200038,-26.873060900987966],[-48.73826696050605,-26.873037924452223],[-48.738263758834684,-26.8728800840064],[-48.73824270193253,-26.87257540499592]]},"properties":{"objectid":2751,"cota":4,"tipocurvanivel":"Normal","sourceLayer":"curvas-0"}},{"type":"Feature","geometry":{"type":"LineString","coordinates":[[-48.73605366795306,-26.86744365000747],[-48.73604179227879,-26.867463033102034],[-48.736026297150076,-26.86745675279356],[-48.73600088229382,-26.867236258915394],[-48.736006646958224,-26.867227177813835],[-48.736051233085576,-26.867236186721332],[-48.73604446535439,-26.867250613247926],[-48.73601945183249,-26.867253029913204],[-48.736032439054156,-26.867267304608312],[-48.73603710500282,-26.86729498913529],[-48.73606305793516,-26.86731214285545],[-48.7360648536656,-26.867326258076673],[-48.73608856651123,-26.86731937596352],[-48.73609839657742,-26.867326807273418],[-48.736072774826496,-26.867363593292183],[-48.73607783576066,-26.867374077906437],[-48.73609608473948,-26.8673502169601],[-48.736134240990445,-26.86737770891453],[-48.73616376642161,-26.867364492625825],[-48.73622470148479,-26.867366121429196],[-48.736230028652756,-26.86735606858212],[-48.73624601776207,-26.867363363924575],[-48.73625762525634,-26.867391236373077],[-48.73626311077251,-26.867374547589293],[-48.73631523897008,-26.86735056701568],[-48.73639694762649,-26.86736753913351],[-48.736391253674306,-26.867378375761056],[-48.73634791749314,-26.867393299382723],[-48.73639489095344,-26.86743047872216],[-48.736396550225734,-26.867439473921824],[-48.73635927007337,-26.867456501633487],[-48.736376702922215,-26.867467498506816],[-48.73636838145115,-26.86747879751042],[-48.73634577574993,-26.867476926429575],[-48.73633255410315,-26.86745532186018],[-48.736332341965934,-26.867483046448104],[-48.736338472227246,-26.867493852314393],[-48.73636048235113,-26.86749213019846],[-48.73637832108755,-26.8675052308844],[-48.73637900972557,-26.867572957767532],[-48.73638934697817,-26.867614792522712],[-48.736412414942905,-26.86757057260466],[-48.73643460703529,-26.867580731530513],[-48.736455923370755,-26.867577669868812],[-48.73645285061232,-26.867599273289123],[-48.73643053871233,-26.867633927552205],[-48.73638483902132,-26.867641763322045],[-48.73639454113887,-26.86767587821241],[-48.73640803263579,-26.86767529839378],[-48.73640016329156,-26.867664908676797],[-48.736405954896156,-26.867655636669664],[-48.73642461032898,-26.867651733708673],[-48.736484042195,-26.867665790424784],[-48.736502553133214,-26.867688188147067],[-48.73649731827767,-26.86770184148137],[-48.73646666781464,-26.86772061338702],[-48.73644027794425,-26.86771392033183],[-48.73643905111666,-26.867702259885974],[-48.736431615298514,-26.867701073151395],[-48.73644905598351,-26.86774724430181],[-48.73642898159005,-26.86774443371714],[-48.73644327113536,-26.867800078011246],[-48.7364970874384,-26.86783715487476],[-48.73651061852631,-26.867860656840712],[-48.73648857284752,-26.867870930088404],[-48.73646149211816,-26.86786764808408],[-48.73645720328688,-26.86789867262211],[-48.73647119233778,-26.867908629733996],[-48.73648078955165,-26.867880064602964],[-48.736494304808105,-26.867876120798687],[-48.736507714260306,-26.867887845559107],[-48.73650567647641,-26.867911897681804],[-48.736498413033274,-26.86792175888116],[-48.736469596199555,-26.86792672549635],[-48.736458121877654,-26.867938235705033],[-48.73642587476229,-26.867911522560338],[-48.73640655061772,-26.86790852996272],[-48.73640932565239,-26.86791990927967],[-48.73644782726357,-26.86795184948792],[-48.73644494058863,-26.8679758302517],[-48.73641583406993,-26.867958814683025],[-48.73639099251862,-26.8679589554588],[-48.73637660654659,-26.867936139189887],[-48.73634860551792,-26.86798153267071],[-48.736346778835546,-26.868008119562695],[-48.73633543467091,-26.868007184259127],[-48.736322437604834,-26.867989710220435],[-48.736302932916324,-26.86798704140487],[-48.73629473113865,-26.867994400387797],[-48.736276343075865,-26.867991192643277],[-48.7362811439246,-26.868003774003878],[-48.736296991045016,-26.868009967877075],[-48.73631244128487,-26.868003654558457],[-48.736361418858905,-26.86804263213516],[-48.736356822132876,-26.868023844241982],[-48.73636266317583,-26.868014920476003],[-48.736408514732396,-26.868017099009766],[-48.73640692657324,-26.867982507664514],[-48.73643665491316,-26.867988007921184],[-48.73645976071568,-26.868011203937147],[-48.736471612537215,-26.868000848604144],[-48.73646454589611,-26.867982995797195],[-48.73648570955696,-26.8679709314865],[-48.736499835905015,-26.86799233485097],[-48.7364914939613,-26.868008651191992],[-48.736518779770655,-26.868036548281005],[-48.73653384423274,-26.868026009771594],[-48.73653727297554,-26.867982542816122],[-48.73655394390311,-26.86795369211628],[-48.73661493067029,-26.86797436523973],[-48.73661888456143,-26.8679877407215],[-48.73665547026423,-26.867984822567248],[-48.73668302218957,-26.86801512352215],[-48.736734325594064,-26.868005637490278],[-48.736751426280115,-26.867989512877447],[-48.7367753918512,-26.867995007387076],[-48.736765749831186,-26.86800687817437],[-48.73679971589973,-26.868021660323734],[-48.73680047806772,-26.868029925501354],[-48.73679310315802,-26.86803209599779],[-48.73676022675377,-26.86801560219422],[-48.736733860725515,-26.8680372647691],[-48.736742074323104,-26.868050935902854],[-48.73672459839191,-26.868052200964296],[-48.73669467578518,-26.868069185076468],[-48.73666542625014,-26.86803267058656],[-48.736658107941004,-26.868038011411176],[-48.73665944699461,-26.86805550713511],[-48.73664270240029,-26.868048345929868],[-48.736625010280186,-26.86807991653043],[-48.73662487931212,-26.868049105456514],[-48.736603746352436,-26.868057607380038],[-48.73659156718911,-26.86807661745659],[-48.736618005571124,-26.86810614071655],[-48.736611282136515,-26.868113443082326],[-48.73658773756391,-26.868104291313532],[-48.73655944060045,-26.86815034791452],[-48.736514491313905,-26.8681491440961],[-48.73647926344936,-26.868131782295762],[-48.73651894386515,-26.868231754130576],[-48.73648813070387,-26.868228324793765],[-48.736471166212944,-26.868234981170893],[-48.7364688845069,-26.86824147208624],[-48.73648850107799,-26.868254945081585],[-48.73649354663768,-26.868245340748246],[-48.7365016398622,-26.86824661472206],[-48.73650329955311,-26.8682595301997],[-48.73645694929326,-26.868303752543795],[-48.7364137749744,-26.86830861275814],[-48.73644556968382,-26.8683225795813],[-48.73648116046529,-26.86832712961232],[-48.73650449447283,-26.868320786453246],[-48.73650052167673,-26.868294164404816],[-48.73651815604803,-26.868315763850138],[-48.736549835360506,-26.868310921601267],[-48.7365699437575,-26.86828591087595],[-48.73661521653683,-26.86825410257459],[-48.736630523541756,-26.86825311232543],[-48.736685779815275,-26.868217752126693],[-48.736692010603306,-26.868184408691413],[-48.73673214713912,-26.868206619459894],[-48.73681520376154,-26.86818100345342],[-48.73683115953949,-26.868184573762207],[-48.73683608554071,-26.868196230288312],[-48.73631196657117,-26.868446560095848],[-48.73577320478898,-26.86867251065927],[-48.73572980332533,-26.868682702338663],[-48.73571427052316,-26.868664367274754],[-48.73571969177493,-26.868628943396928],[-48.73565623807953,-26.86814303026064],[-48.73565729454884,-26.868084253051798],[-48.73567112246244,-26.868093305201633],[-48.73565708036548,-26.868057328438333],[-48.735665592691205,-26.868041911022484],[-48.73565566466437,-26.86803176893699],[-48.73567616336989,-26.868031163415637],[-48.735680023474075,-26.86800515240689],[-48.73565253240309,-26.8680012030724],[-48.7356392137539,-26.867980430757875],[-48.735624723969266,-26.86784057045944],[-48.735625877047774,-26.867755734559736],[-48.73559965782433,-26.867635691931213],[-48.735572263640336,-26.867338630757924],[-48.73557595618769,-26.867324967182842],[-48.735593744448614,-26.867317112111863],[-48.73560288050322,-26.867317203482113],[-48.73560013786801,-26.867326322168783],[-48.735616111772316,-26.86733821625573],[-48.73562965547781,-26.867335418205826],[-48.735634968463785,-26.867325675601382],[-48.73556978637892,-26.86728872852418],[-48.735565900976106,-26.867279397121933],[-48.735579098964706,-26.86726975923208],[-48.735642709937395,-26.867263442624346],[-48.73566023318317,-26.86727166507406],[-48.735664875179495,-26.867284184344197],[-48.73568094670989,-26.8672860275241],[-48.735686467356075,-26.86727540744763],[-48.73570887719865,-26.867274631295093],[-48.73569307879877,-26.867260999192283],[-48.735715465269216,-26.86725210326158],[-48.73589755140883,-26.8672294302489],[-48.73593257545543,-26.86723553798522],[-48.73592692898821,-26.867251969682556],[-48.73588023972737,-26.867270388791603],[-48.7358059928827,-26.867266386038292],[-48.7357951644504,-26.867285428520724],[-48.73579588960604,-26.867312517451378],[-48.73580398168884,-26.86732273388673],[-48.735785099083614,-26.86732485889699],[-48.73577594838404,-26.867348684210153],[-48.73578580225606,-26.86742411151911],[-48.73580017420753,-26.86745322856879],[-48.73579984148245,-26.867526948530262],[-48.73582137475288,-26.867537241384984],[-48.73582160359206,-26.86743994668766],[-48.73585026227365,-26.867429478094838],[-48.735851601918185,-26.86741213900343],[-48.73583770791167,-26.867397063721242],[-48.73585055608508,-26.867398468074548],[-48.73586915045072,-26.867370708667213],[-48.73588490717442,-26.867396535883675],[-48.73587993351366,-26.86742566329077],[-48.73591142824981,-26.867449973885208],[-48.735942987193994,-26.867443636267435],[-48.73596244418274,-26.867409145708578],[-48.73597478287953,-26.86741430332644],[-48.73598280866471,-26.86740360425555],[-48.73599170920058,-26.867407992033307],[-48.73599222791878,-26.8674346363555],[-48.73596825043417,-26.867455204478727],[-48.735971580593805,-26.867475790536552],[-48.73595250981624,-26.867474833370594],[-48.73594535037392,-26.867498010151298],[-48.735951214474866,-26.86751479956792],[-48.735971121018856,-26.867506232964235],[-48.7359870967767,-26.86752212853467],[-48.73598495297479,-26.867548618287724],[-48.73597594275248,-26.86755786757972],[-48.73599828485518,-26.867580092114963],[-48.73598202371624,-26.86760311854008],[-48.73599172753839,-26.867614968068008],[-48.73597355835784,-26.867626082172446],[-48.7359877729806,-26.86764769456214],[-48.735970144077235,-26.867641437812217],[-48.73595966859143,-26.867605791671387],[-48.735936792380386,-26.867582798702934],[-48.73592029294231,-26.867578743088977],[-48.73590619155317,-26.86758811655299],[-48.735875325063525,-26.867580252466837],[-48.73590238086896,-26.867598973409294],[-48.735951478943306,-26.867602642623595],[-48.73594893967855,-26.867628222679233],[-48.7359387573703,-26.867633420107577],[-48.735954714619766,-26.867652417129115],[-48.73598244128151,-26.86766762020174],[-48.735998966174456,-26.86770030033864],[-48.735975263659334,-26.86772630746014],[-48.73592905358397,-26.867731675706104],[-48.7359278789841,-26.867761691544164],[-48.735946331222166,-26.86777202976812],[-48.73598737951836,-26.867766441631346],[-48.73598358617448,-26.86777839795981],[-48.73599775070989,-26.867819698444027],[-48.736026778741056,-26.86783600170114],[-48.736019939809985,-26.867810157660237],[-48.73602969541576,-26.867760464078795],[-48.73601777321234,-26.867748894865844],[-48.73603873047044,-26.867657333512508],[-48.73604770723392,-26.867647793992017],[-48.73602932192548,-26.867608690143744],[-48.73602615647903,-26.867511697520165],[-48.7360326023348,-26.867506710950313],[-48.73604877137086,-26.867513965880537],[-48.73608292659976,-26.867500450179502],[-48.736085641902655,-26.867525786842894],[-48.73610369445053,-26.867533002457893],[-48.736183876866505,-26.867499149150838],[-48.73617242475286,-26.86749136065498],[-48.736155496534074,-26.86749655469774],[-48.73614211476085,-26.86749162765506],[-48.73611060368969,-26.86743828120364],[-48.73611743870145,-26.86741269867926],[-48.73610061298868,-26.867398553807323],[-48.736091045442876,-26.867398856245956],[-48.73608297224217,-26.86742032087292],[-48.73609690867709,-26.867435591743057],[-48.73606465635509,-26.867431931699116],[-48.73605366795306,-26.86744365000747]]},"properties":{"objectid":2752,"cota":3,"tipocurvanivel":"Normal","sourceLayer":"curvas-0"}},{"type":"Feature","geometry":{"type":"LineString","coordinates":[[-48.73801941522375,-26.86725538868786],[-48.73834622084999,-26.867252436800037],[-48.73837842445106,-26.86724398546446],[-48.738407380698156,-26.86722123143329],[-48.738434450316866,-26.867240186766274],[-48.73850499818835,-26.86724272831913],[-48.738547522581165,-26.867236524108282],[-48.73858077553323,-26.86721503456793],[-48.73863661619743,-26.867203702716907],[-48.73866112449493,-26.86722308358456],[-48.73870585283162,-26.867228498546766],[-48.73877945963883,-26.867218958984125],[-48.73881843404828,-26.867204251773806],[-48.73888534284765,-26.867207825968368],[-48.73893291965571,-26.867189787343964],[-48.738977225625284,-26.86719847679777],[-48.73906257592239,-26.86719452983187],[-48.73910771656966,-26.867240169301287],[-48.73912333286055,-26.867232021817202],[-48.73913718335011,-26.867241517104183],[-48.73909558368778,-26.86726309973483],[-48.73904467780526,-26.86727088826978],[-48.73897448590926,-26.867306693603744],[-48.73889090856166,-26.867321969461965],[-48.738857301509626,-26.86730871058924],[-48.738834578476926,-26.867285627563767],[-48.73881050600813,-26.867306039453307],[-48.73878647917573,-26.867313284307272],[-48.73876288638217,-26.86730407617625],[-48.738791242803366,-26.8673052952793],[-48.738802986618786,-26.86728811542674],[-48.73872473157393,-26.86728689640977],[-48.7387149863518,-26.86729516759291],[-48.73873129794917,-26.867313370414045],[-48.738697293320975,-26.86732661664226],[-48.73868002671703,-26.867352918577595],[-48.73863705711482,-26.867369105005437],[-48.738606406128305,-26.86736233693383],[-48.7385617942912,-26.867338271807075],[-48.738542516556784,-26.867300282035284],[-48.73847777111208,-26.867296357856254],[-48.738449165021485,-26.867307836785553],[-48.73837378471823,-26.867294136573395],[-48.73836089425909,-26.867309215160578],[-48.7383455265717,-26.867287575508318],[-48.73832317753293,-26.867289947696495],[-48.73831605283132,-26.867312667631282],[-48.738289347328596,-26.867295135865323],[-48.73828961332504,-26.867308315101646],[-48.73826916696286,-26.867290117338936],[-48.73824868658479,-26.867290061133705],[-48.73823555140941,-26.867300446621762],[-48.73825049167123,-26.867307410897496],[-48.73825091255631,-26.867316093862083],[-48.73821791083387,-26.867320051688903],[-48.738215276797305,-26.86732943749722],[-48.73819619733491,-26.86732320292414],[-48.738179812551635,-26.867330674693207],[-48.73812927486248,-26.86732875744197],[-48.738116873159655,-26.867314929992798],[-48.738107775765116,-26.867281954754528],[-48.738103681851484,-26.867322775956236],[-48.73808104988735,-26.8673282904455],[-48.738070990656006,-26.867321850107217],[-48.73805561817723,-26.86727563101652],[-48.73800175561,-26.867284846452723],[-48.73797436674025,-26.867301144039665],[-48.73787461920922,-26.867286009304355],[-48.7378620092708,-26.867290581412433],[-48.73786632281374,-26.867301212836498],[-48.737847557086695,-26.867317940854914],[-48.73783596523506,-26.86728926287516],[-48.73778495024831,-26.867284987860668],[-48.737725260823936,-26.86730600969844],[-48.737645519164445,-26.867314212300613],[-48.73764323818028,-26.867322086718357],[-48.737565906562246,-26.867322148893887],[-48.737517762590706,-26.867331109168646],[-48.737499845470836,-26.867317744751478],[-48.737471474600696,-26.86731578694782],[-48.73742273826908,-26.867335293746894],[-48.737348041140606,-26.867312052324067],[-48.737325319495234,-26.86729209971604],[-48.737384600457666,-26.86727506939522],[-48.7376393000269,-26.86724791656963],[-48.73766828844934,-26.86725110164208],[-48.73769402863348,-26.867268239032256],[-48.73773343533517,-26.867273424699572],[-48.73777942578973,-26.867266389103968],[-48.737836443582445,-26.867272916200395],[-48.73801941522375,-26.86725538868786]]},"properties":{"objectid":2753,"cota":3,"tipocurvanivel":"Normal","sourceLayer":"curvas-0"}},{"type":"Feature","geometry":{"type":"LineString","coordinates":[[-48.739417341609844,-26.886],[-48.73952854439945,-26.88598723000032],[-48.73953450769582,-26.885945359440303],[-48.739593374679814,-26.885834239190142],[-48.73961107790352,-26.885785089610042],[-48.73965945292212,-26.885749646510522],[-48.73974297629893,-26.885716837977633],[-48.73979026141801,-26.88570854041416],[-48.739979933555944,-26.885758718388647],[-48.74,-26.885745600884402]]},"properties":{"objectid":3582,"cota":7,"tipocurvanivel":"Normal","sourceLayer":"curvas-0"}},{"type":"Feature","geometry":{"type":"LineString","coordinates":[[-48.7397846035988,-26.886],[-48.739848444952564,-26.88598811125538],[-48.74,-26.885947818249413]]},"properties":{"objectid":3649,"cota":9,"tipocurvanivel":"Normal","sourceLayer":"curvas-0"}},{"type":"Feature","geometry":{"type":"LineString","coordinates":[[-48.73916279395869,-26.886],[-48.73916723542007,-26.885994684410154],[-48.73944141323667,-26.88594453441871],[-48.73943753023376,-26.8859016741897],[-48.73944564795737,-26.885889093036923],[-48.73946514086309,-26.885878103600593],[-48.73951280404529,-26.885880798685847],[-48.73952849546219,-26.88587361090385],[-48.73954247838857,-26.8857826288997],[-48.73956093235405,-26.885762603673232],[-48.739700923339775,-26.88570856443821],[-48.73978105772523,-26.885686338890405],[-48.73985972732892,-26.885689263868755],[-48.739896032870114,-26.88571233861605],[-48.73994428218091,-26.885709601121913],[-48.73999641893724,-26.885693786059],[-48.74,-26.885691464063864]]},"properties":{"objectid":3650,"cota":6,"tipocurvanivel":"Normal","sourceLayer":"curvas-0"}}]}