{"type":"FeatureCollection","features":[{"type":"Feature","geometry":{"type":"LineString","coordinates":[[-48.7229009803798,-26.886],[-48.72294227462219,-26.88590061694869],[-48.722987725814356,-26.88579340775927],[-48.723045201446695,-26.885652329448252],[-48.72309278064246,-26.885532690785748],[-48.723144195372214,-26.88540691952153],[-48.72320143644931,-26.885272047099296],[-48.723261609554704,-26.88512691051884],[-48.72331652603321,-26.88499542535488],[-48.72338501958933,-26.88483177821517],[-48.72344150251996,-26.884688105377542],[-48.72350246115592,-26.884528952728836],[-48.72355948558886,-26.88439495018611],[-48.72361987424355,-26.884247445229263],[-48.72367516110313,-26.884115612081832],[-48.7237422594792,-26.883956592541736],[-48.72382829336266,-26.883755134475646],[-48.72384120308949,-26.88372653541712],[-48.72384431128765,-26.88372013750234],[-48.72388117958446,-26.88363142789865],[-48.7239306647029,-26.88351346292229],[-48.723980429329444,-26.883397313644764],[-48.724021806828304,-26.883298924778117],[-48.7240600466793,-26.883207145417362],[-48.724103987264144,-26.88310459149929],[-48.72414758321716,-26.882999343608596],[-48.72418757189807,-26.882906362341124],[-48.72423275013979,-26.882799889114438],[-48.72428006961891,-26.882688708893863]]},"properties":{"objectid":5031,"nome":"Vala","sourceLayer":"valas-0"}},{"type":"Feature","geometry":{"type":"LineString","coordinates":[[-48.727550041120494,-26.886],[-48.72755753169602,-26.885838713582746],[-48.72754822866589,-26.885596450554512],[-48.72754532277624,-26.885502023597972]]},"properties":{"objectid":5055,"nome":"Vala","sourceLayer":"valas-0"}},{"type":"Feature","geometry":{"type":"LineString","coordinates":[[-48.723276539822514,-26.886],[-48.72332195888863,-26.885893581621612]]},"properties":{"objectid":5058,"nome":"Vala","sourceLayer":"valas-0"}},{"type":"Feature","geometry":{"type":"LineString","coordinates":[[-48.729145302638436,-26.886],[-48.72913241574945,-26.88586363503853],[-48.72911807655717,-26.8856229659275],[-48.72909664754813,-26.885327473444217],[-48.729083113520815,-26.885176534558997],[-48.7290801750903,-26.88517289554874],[-48.729079816680525,-26.88517275080782]]},"properties":{"objectid":5061,"nome":"Vala","sourceLayer":"valas-0"}},{"type":"Feature","geometry":{"type":"LineString","coordinates":[[-48.72332195888863,-26.885893581621612],[-48.7233253097254,-26.885885728374028],[-48.72338840564631,-26.885732513216528],[-48.72339223216041,-26.885723322081926]]},"properties":{"objectid":5065,"nome":"Vala","sourceLayer":"valas-0"}},{"type":"Feature","geometry":{"type":"LineString","coordinates":[[-48.72325993163591,-26.88587091382734],[-48.72332195888863,-26.885893581621612]]},"properties":{"objectid":5066,"nome":"Vala","sourceLayer":"valas-0"}},{"type":"Feature","geometry":{"type":"LineString","coordinates":[[-48.7316337655371,-26.88593634374519],[-48.73202201496348,-26.885897133662095],[-48.73200266644163,-26.885553179553813],[-48.731984187945834,-26.885253646427092],[-48.73196776042084,-26.88491532088155],[-48.731949303107555,-26.8846270254262],[-48.73192954427339,-26.884346402476226],[-48.731914732087326,-26.884100996886183],[-48.73190036834732,-26.88383288734895],[-48.7318937877379,-26.883785456106],[-48.73187848282419,-26.88374879631787],[-48.73185510231948,-26.88371864618573]]},"properties":{"objectid":5068,"nome":"Vala","sourceLayer":"valas-0"}},{"type":"Feature","geometry":{"type":"LineString","coordinates":[[-48.738356643792244,-26.886],[-48.73835613798596,-26.88598393354151],[-48.73835515681588,-26.88592238299047],[-48.7383518860949,-26.8858693681985],[-48.738342675330976,-26.88578695012957],[-48.73833207760037,-26.885681597402076],[-48.738318399168534,-26.885540522167844],[-48.738298914174024,-26.885351823406253]]},"properties":{"objectid":5069,"nome":"Vala","sourceLayer":"valas-0"}},{"type":"Feature","geometry":{"type":"LineString","coordinates":[[-48.72339223216041,-26.885723322081926],[-48.72345990889591,-26.885560730268793],[-48.72346303369552,-26.88555330745147]]},"properties":{"objectid":5072,"nome":"Vala","sourceLayer":"valas-0"}},{"type":"Feature","geometry":{"type":"LineString","coordinates":[[-48.723332490919894,-26.885703096204217],[-48.72339223216041,-26.885723322081926]]},"properties":{"objectid":5073,"nome":"Vala","sourceLayer":"valas-0"}},{"type":"Feature","geometry":{"type":"LineString","coordinates":[[-48.73852142101056,-26.885914548196787],[-48.73851077459076,-26.88582850995523],[-48.738503737998045,-26.88577042893636],[-48.73847850798458,-26.885580417168136],[-48.73846215167925,-26.88547176399707],[-48.738442650650846,-26.885347277417342],[-48.73843864157253,-26.885331434681092]]},"properties":{"objectid":5074,"nome":"Vala","sourceLayer":"valas-0"}},{"type":"Feature","geometry":{"type":"LineString","coordinates":[[-48.72346303369552,-26.88555330745147],[-48.72353180890112,-26.88538992831281],[-48.723534809654225,-26.885382768814083]]},"properties":{"objectid":5078,"nome":"Vala","sourceLayer":"valas-0"}},{"type":"Feature","geometry":{"type":"LineString","coordinates":[[-48.723402851193114,-26.88553280646589],[-48.72346303369552,-26.88555330745147]]},"properties":{"objectid":5080,"nome":"Vala","sourceLayer":"valas-0"}},{"type":"Feature","geometry":{"type":"LineString","coordinates":[[-48.73900984540022,-26.885706549125093],[-48.7390221550184,-26.88563406691651],[-48.73903593958317,-26.885539064068134],[-48.739038489721196,-26.885491709715836],[-48.73902610697053,-26.885376651395777],[-48.73901023119863,-26.885269667377166],[-48.73900488175607,-26.885260938010905],[-48.73899728056988,-26.885253390007417],[-48.73898704168059,-26.885249120811906],[-48.738928312367634,-26.88525702912751],[-48.73883214454794,-26.885270827554056]]},"properties":{"objectid":5083,"nome":"Vala","sourceLayer":"valas-0"}},{"type":"Feature","geometry":{"type":"LineString","coordinates":[[-48.72754532277624,-26.885502023597972],[-48.72754352078371,-26.885443460685558]]},"properties":{"objectid":5085,"nome":"Vala","sourceLayer":"valas-0"}},{"type":"Feature","geometry":{"type":"LineString","coordinates":[[-48.738686788626104,-26.88566806608659],[-48.73867421347646,-26.88560675584072],[-48.7386447399442,-26.885454402399677],[-48.73862895008323,-26.885359799619238],[-48.73861960797264,-26.88530125121292]]},"properties":{"objectid":5087,"nome":"Vala","sourceLayer":"valas-0"}},{"type":"Feature","geometry":{"type":"LineString","coordinates":[[-48.72718151384503,-26.885483005872132],[-48.72754532277624,-26.885502023597972]]},"properties":{"objectid":5089,"nome":"Vala","sourceLayer":"valas-0"}},{"type":"Feature","geometry":{"type":"LineString","coordinates":[[-48.723534809654225,-26.885382768814083],[-48.723590646882215,-26.885249574700403],[-48.72360527188182,-26.885215399112123]]},"properties":{"objectid":5092,"nome":"Vala","sourceLayer":"valas-0"}},{"type":"Feature","geometry":{"type":"LineString","coordinates":[[-48.73890701284163,-26.885628349218983],[-48.73886970592294,-26.885456489251432],[-48.73884740569435,-26.885359946655164],[-48.738838541921766,-26.885288843731256],[-48.73883214454794,-26.885270827554056]]},"properties":{"objectid":5093,"nome":"Vala","sourceLayer":"valas-0"}},{"type":"Feature","geometry":{"type":"LineString","coordinates":[[-48.72754352078371,-26.885443460685558],[-48.727949253007964,-26.885374262255173],[-48.72831986247013,-26.885290388734102],[-48.72866432202593,-26.885221691625315]]},"properties":{"objectid":5094,"nome":"Vala","sourceLayer":"valas-0"}},{"type":"Feature","geometry":{"type":"LineString","coordinates":[[-48.72754352078371,-26.885443460685558],[-48.72754346630265,-26.885441707247804],[-48.72750754949266,-26.88506909541053],[-48.727468519258274,-26.88477361383602],[-48.72743936018796,-26.884504075039594],[-48.72741717622199,-26.88428806459313],[-48.72738536741821,-26.883970500686445],[-48.72736113350822,-26.883720848131617],[-48.727330758497224,-26.883460187009167],[-48.72729990288059,-26.883110748472774],[-48.72728936085425,-26.88294384002877],[-48.727281350983574,-26.88286332523807],[-48.72727645742834,-26.882845495263766],[-48.72727198880643,-26.882834140902062],[-48.727176681328444,-26.882693370602553],[-48.72716943779471,-26.882676549652114],[-48.72716467452474,-26.882660055595135],[-48.727161955916806,-26.882639253648936],[-48.72715410760369,-26.88243853216306],[-48.727153620941806,-26.88230987711484],[-48.72715335220494,-26.882285137487568],[-48.72715327791737,-26.88227517141879]]},"properties":{"objectid":5095,"nome":"Vala","sourceLayer":"valas-0"}},{"type":"Feature","geometry":{"type":"LineString","coordinates":[[-48.72347251058129,-26.88536292772754],[-48.723534809654225,-26.885382768814083]]},"properties":{"objectid":5096,"nome":"Vala","sourceLayer":"valas-0"}},{"type":"Feature","geometry":{"type":"LineString","coordinates":[[-48.72788669689093,-26.885292631684184],[-48.72785028594144,-26.884889432347205],[-48.72782444123956,-26.884571348077124],[-48.72777479900194,-26.8839999173419],[-48.727736441764634,-26.883504993010064],[-48.72771823818034,-26.883251179723953],[-48.72769107602974,-26.882966817787498],[-48.727669808034356,-26.88269107613828],[-48.7276438691048,-26.882358463512546],[-48.72762451025196,-26.88212613343301],[-48.727615983732875,-26.882042054671555]]},"properties":{"objectid":5100,"nome":"Vala","sourceLayer":"valas-0"}},{"type":"Feature","geometry":{"type":"LineString","coordinates":[[-48.72360527188182,-26.885215399112123],[-48.72366236753016,-26.885081975265255],[-48.72367782689663,-26.885047092057704]]},"properties":{"objectid":5101,"nome":"Vala","sourceLayer":"valas-0"}},{"type":"Feature","geometry":{"type":"LineString","coordinates":[[-48.72354381307988,-26.885194612300136],[-48.72360527188182,-26.885215399112123]]},"properties":{"objectid":5102,"nome":"Vala","sourceLayer":"valas-0"}},{"type":"Feature","geometry":{"type":"LineString","coordinates":[[-48.739290159173215,-26.885404377598956],[-48.73941698219334,-26.885416644264307],[-48.73942833422162,-26.885417526281113],[-48.7394381852063,-26.885412162738014],[-48.7394452574567,-26.88540447330676],[-48.739475647588755,-26.885322212649914],[-48.73950012485224,-26.885267408423072]]},"properties":{"objectid":5104,"nome":"Vala","sourceLayer":"valas-0"}},{"type":"Feature","geometry":{"type":"LineString","coordinates":[[-48.73918696062466,-26.885394455468344],[-48.73918540055729,-26.885346539862667],[-48.739170402707934,-26.88513676483025],[-48.73916897849091,-26.885123881130152]]},"properties":{"objectid":5105,"nome":"Vala","sourceLayer":"valas-0"}},{"type":"Feature","geometry":{"type":"LineString","coordinates":[[-48.72870077787127,-26.88521271917056],[-48.72871157307104,-26.88520968276534],[-48.72873306854856,-26.88519914760492]]},"properties":{"objectid":5106,"nome":"Vala","sourceLayer":"valas-0"}},{"type":"Feature","geometry":{"type":"LineString","coordinates":[[-48.72873306854856,-26.88519914760492],[-48.72873019954188,-26.885196013272676],[-48.72867852468561,-26.884935239889902],[-48.72862800636927,-26.884669888903233],[-48.72856715472577,-26.88440215708841],[-48.728509060612694,-26.884194714601595],[-48.7285076917863,-26.884190544013197]]},"properties":{"objectid":5107,"nome":"Vala","sourceLayer":"valas-0"}},{"type":"Feature","geometry":{"type":"LineString","coordinates":[[-48.738298914174024,-26.885351823406253],[-48.738298033230585,-26.885343300043754]]},"properties":{"objectid":5108,"nome":"Vala","sourceLayer":"valas-0"}},{"type":"Feature","geometry":{"type":"LineString","coordinates":[[-48.73843864157253,-26.885331434681092],[-48.738410952611545,-26.885336145195936],[-48.738298914174024,-26.885351823406253]]},"properties":{"objectid":5111,"nome":"Vala","sourceLayer":"valas-0"}},{"type":"Feature","geometry":{"type":"LineString","coordinates":[[-48.729079816680525,-26.88517275080782],[-48.72907432754886,-26.88517054268146],[-48.72891163672402,-26.88518650437347],[-48.72874573747582,-26.885204978142546],[-48.72873965101634,-26.885204003975893],[-48.72873509055657,-26.885201355936108],[-48.72873306854856,-26.88519914760492]]},"properties":{"objectid":5112,"nome":"Vala","sourceLayer":"valas-0"}},{"type":"Feature","geometry":{"type":"LineString","coordinates":[[-48.729079816680525,-26.88517275080782],[-48.72908024684489,-26.885132771870506],[-48.72906936402121,-26.88492958211477],[-48.72906511905777,-26.88476179400144],[-48.72905481778965,-26.884649449023957],[-48.72904000122207,-26.884448508989138],[-48.72902475961557,-26.88427697664688],[-48.7290093284102,-26.88406626218691],[-48.72899487374316,-26.88380550980764],[-48.72898196491562,-26.883609073889676],[-48.72896896424863,-26.883429108052354],[-48.728950561920165,-26.883140657280062],[-48.72893814911646,-26.882988970210114],[-48.728917648163645,-26.882675424574487],[-48.728898861104675,-26.88244174736278],[-48.72887690848898,-26.88217226317212],[-48.72884938765134,-26.881795682932026],[-48.72883837208435,-26.881645796141658],[-48.72881655910043,-26.8813006931625],[-48.728792721845075,-26.88093035121726],[-48.72879196307839,-26.88089174924025],[-48.72879100683273,-26.88088773238858],[-48.72879051100646,-26.88088645827447],[-48.72878682422986,-26.880884566108275],[-48.728610468999705,-26.88091828667501],[-48.728487490962145,-26.88093500774007]]},"properties":{"objectid":5113,"nome":"Vala","sourceLayer":"valas-0"}},{"type":"Feature","geometry":{"type":"LineString","coordinates":[[-48.73829511733236,-26.885306326665756],[-48.738289325079485,-26.88521548837755],[-48.738284778468426,-26.88512638380065],[-48.73827264024196,-26.885006060826537],[-48.73826322388902,-26.884867976893194],[-48.73825094828647,-26.884748034357003],[-48.73824007927572,-26.884652163887807],[-48.73822911825114,-26.884534385734042],[-48.73821450385189,-26.884389528643098],[-48.73820208957715,-26.88423046874096],[-48.73818337956867,-26.88407856555846],[-48.73816541094178,-26.88388696529075]]},"properties":{"objectid":5116,"nome":"Vala","sourceLayer":"valas-0"}},{"type":"Feature","geometry":{"type":"LineString","coordinates":[[-48.73861960797264,-26.88530125121292],[-48.73859756795247,-26.88530440162742],[-48.73843864157253,-26.885331434681092]]},"properties":{"objectid":5117,"nome":"Vala","sourceLayer":"valas-0"}},{"type":"Feature","geometry":{"type":"LineString","coordinates":[[-48.73883214454794,-26.885270827554056],[-48.73875239715408,-26.88528226900299],[-48.73861960797264,-26.88530125121292]]},"properties":{"objectid":5118,"nome":"Vala","sourceLayer":"valas-0"}},{"type":"Feature","geometry":{"type":"LineString","coordinates":[[-48.72361291982149,-26.885026172990294],[-48.72367782689663,-26.885047092057704]]},"properties":{"objectid":5119,"nome":"Vala","sourceLayer":"valas-0"}},{"type":"Feature","geometry":{"type":"LineString","coordinates":[[-48.7397568190766,-26.885267321395887],[-48.73973784500506,-26.885171200340334],[-48.73971756010144,-26.885075357016166],[-48.739705241879406,-26.885000607057012]]},"properties":{"objectid":5121,"nome":"Vala","sourceLayer":"valas-0"}},{"type":"Feature","geometry":{"type":"LineString","coordinates":[[-48.739508255276135,-26.885250394602185],[-48.73955618463498,-26.885138436869834],[-48.739588671046754,-26.88507073386098],[-48.73959713049396,-26.885045784587753],[-48.73960337869506,-26.885027819225808]]},"properties":{"objectid":5122,"nome":"Vala","sourceLayer":"valas-0"}},{"type":"Feature","geometry":{"type":"LineString","coordinates":[[-48.74,-26.884963212756375],[-48.73999654111668,-26.88492675161503]]},"properties":{"objectid":5125,"nome":"Vala","sourceLayer":"valas-0"}},{"type":"Feature","geometry":{"type":"LineString","coordinates":[[-48.73870270913751,-26.88516435449884],[-48.73869196633615,-26.884908941806128],[-48.73867337695697,-26.88468943943357],[-48.73866771659487,-26.88453748081982],[-48.7386642548209,-26.884387363221517],[-48.738647689015814,-26.88419921477641],[-48.73863531308857,-26.884006358521475],[-48.73862479405326,-26.883909121029955],[-48.738617902782536,-26.883843690927144]]},"properties":{"objectid":5126,"nome":"Vala","sourceLayer":"valas-0"}},{"type":"Feature","geometry":{"type":"LineString","coordinates":[[-48.72375120619402,-26.884876964459064],[-48.72370859794663,-26.88497766257665],[-48.72367782689663,-26.885047092057704]]},"properties":{"objectid":5129,"nome":"Vala","sourceLayer":"valas-0"}},{"type":"Feature","geometry":{"type":"LineString","coordinates":[[-48.73916897849091,-26.885123881130152],[-48.73919303761365,-26.885122385562426],[-48.73925269848605,-26.885112571618258],[-48.73939961320956,-26.885079702295464],[-48.7395291313907,-26.88504174969089]]},"properties":{"objectid":5130,"nome":"Vala","sourceLayer":"valas-0"}},{"type":"Feature","geometry":{"type":"LineString","coordinates":[[-48.73916897849091,-26.885123881130152],[-48.7391444692305,-26.884902063068033],[-48.73913072857669,-26.88473130688712],[-48.739128187299166,-26.884689657567066],[-48.739129536427946,-26.884671837609172],[-48.73913648127647,-26.884662002818953],[-48.73914352207775,-26.884651645237437],[-48.73914508476607,-26.884633966773738],[-48.7391350471986,-26.884493567124604],[-48.73913445331422,-26.884486242308622]]},"properties":{"objectid":5131,"nome":"Vala","sourceLayer":"valas-0"}},{"type":"Feature","geometry":{"type":"LineString","coordinates":[[-48.73904207727717,-26.88511737969937],[-48.73902264344146,-26.88499803012042],[-48.739010111281786,-26.884843165680646],[-48.73899373418541,-26.88463575464752],[-48.738970742045446,-26.884404177325976],[-48.73895295295245,-26.884207081311647],[-48.73893011267821,-26.88397177385271],[-48.738923012400036,-26.883830852670403],[-48.73891792310281,-26.883823517249983],[-48.73889386362582,-26.883818827344314],[-48.738758632056445,-26.883829953592887],[-48.7386217312429,-26.883843181876156],[-48.738617902782536,-26.883843690927144]]},"properties":{"objectid":5132,"nome":"Vala","sourceLayer":"valas-0"}},{"type":"Feature","geometry":{"type":"LineString","coordinates":[[-48.723686016826875,-26.88485727904069],[-48.72375120619402,-26.884876964459064]]},"properties":{"objectid":5133,"nome":"Vala","sourceLayer":"valas-0"}},{"type":"Feature","geometry":{"type":"LineString","coordinates":[[-48.74,-26.884669100868937],[-48.73996714893583,-26.884670757970415]]},"properties":{"objectid":5135,"nome":"Vala","sourceLayer":"valas-0"}},{"type":"Feature","geometry":{"type":"LineString","coordinates":[[-48.7395291313907,-26.88504174969089],[-48.739600115610756,-26.885028692016146],[-48.73960337869506,-26.885027819225808]]},"properties":{"objectid":5136,"nome":"Vala","sourceLayer":"valas-0"}},{"type":"Feature","geometry":{"type":"LineString","coordinates":[[-48.73960337869506,-26.885027819225808],[-48.73970344759222,-26.88500105393434],[-48.739705241879406,-26.885000607057012]]},"properties":{"objectid":5137,"nome":"Vala","sourceLayer":"valas-0"}},{"type":"Feature","geometry":{"type":"LineString","coordinates":[[-48.739705241879406,-26.885000607057012],[-48.73993076589785,-26.884944427697896]]},"properties":{"objectid":5142,"nome":"Vala","sourceLayer":"valas-0"}},{"type":"Feature","geometry":{"type":"LineString","coordinates":[[-48.723821908728034,-26.884701488160985],[-48.72379878932094,-26.884760236865205],[-48.72375559259871,-26.88486659922278],[-48.72375120619402,-26.884876964459064]]},"properties":{"objectid":5145,"nome":"Vala","sourceLayer":"valas-0"}},{"type":"Feature","geometry":{"type":"LineString","coordinates":[[-48.71899276664207,-26.884619478016283],[-48.718961861446566,-26.884232456521193],[-48.71892611166642,-26.883715111769302],[-48.718899007456855,-26.883374505907124],[-48.71887155862814,-26.883020247638466],[-48.71885115127483,-26.882775981633383]]},"properties":{"objectid":5148,"nome":"Vala","sourceLayer":"valas-0"}},{"type":"Feature","geometry":{"type":"LineString","coordinates":[[-48.723757223135316,-26.884680021339708],[-48.723821908728034,-26.884701488160985]]},"properties":{"objectid":5149,"nome":"Vala","sourceLayer":"valas-0"}},{"type":"Feature","geometry":{"type":"LineString","coordinates":[[-48.73998341083944,-26.884931227048483],[-48.73999654111668,-26.88492675161503]]},"properties":{"objectid":5150,"nome":"Vala","sourceLayer":"valas-0"}},{"type":"Feature","geometry":{"type":"LineString","coordinates":[[-48.73999654111668,-26.88492675161503],[-48.73999269279005,-26.884886184181962],[-48.7399761243353,-26.884747108624246],[-48.73996714893583,-26.884670757970415]]},"properties":{"objectid":5153,"nome":"Vala","sourceLayer":"valas-0"}},{"type":"Feature","geometry":{"type":"LineString","coordinates":[[-48.73990901509237,-26.884854774345666],[-48.73988435570261,-26.884662575261462],[-48.73986955652851,-26.88450489860363],[-48.739851689303904,-26.884368991530604],[-48.739663822595055,-26.884400492111492],[-48.739478258135634,-26.884428774127674],[-48.739296519434724,-26.884461229628197],[-48.739173970707384,-26.88448273264687],[-48.73913445331422,-26.884486242308622]]},"properties":{"objectid":5159,"nome":"Vala","sourceLayer":"valas-0"}},{"type":"Feature","geometry":{"type":"LineString","coordinates":[[-48.7182333026145,-26.884452398174734],[-48.71821463883932,-26.88414406575544],[-48.71820011625481,-26.883841803321484],[-48.718179194560406,-26.88361894950818],[-48.718176769854956,-26.883517889360615],[-48.71816091498331,-26.88324046332435],[-48.71815567845249,-26.883156530433812],[-48.71815169287847,-26.88313675837178],[-48.71812533007508,-26.882987514179025],[-48.71810928647804,-26.88280498294615],[-48.71809107211167,-26.88262540735097],[-48.71848892988272,-26.8826412926275]]},"properties":{"objectid":5164,"nome":"Vala","sourceLayer":"valas-0"}},{"type":"Feature","geometry":{"type":"LineString","coordinates":[[-48.72388708449215,-26.88454058936422],[-48.723840394095554,-26.88465451303523],[-48.723821908728034,-26.884701488160985]]},"properties":{"objectid":5165,"nome":"Vala","sourceLayer":"valas-0"}},{"type":"Feature","geometry":{"type":"LineString","coordinates":[[-48.72382470056507,-26.88452103406178],[-48.72388708449215,-26.88454058936422]]},"properties":{"objectid":5167,"nome":"Vala","sourceLayer":"valas-0"}},{"type":"Feature","geometry":{"type":"LineString","coordinates":[[-48.723927231312935,-26.884446639735167],[-48.723907295710944,-26.884495827776107],[-48.723888025248584,-26.884538291545752],[-48.72388708449215,-26.88454058936422]]},"properties":{"objectid":5172,"nome":"Vala","sourceLayer":"valas-0"}},{"type":"Feature","geometry":{"type":"LineString","coordinates":[[-48.73996714893583,-26.884670757970415],[-48.73996051280112,-26.884614314131923],[-48.73994679613682,-26.884501354365373],[-48.739928551530795,-26.884333836334413],[-48.73992605386965,-26.88430894361885]]},"properties":{"objectid":5175,"nome":"Vala","sourceLayer":"valas-0"}},{"type":"Feature","geometry":{"type":"LineString","coordinates":[[-48.739450585957556,-26.884510765157334],[-48.73945975897373,-26.884601539338867],[-48.73948422510387,-26.88474248849639],[-48.73950349549454,-26.884876695262694],[-48.73952335707516,-26.88502893173308],[-48.7395291313907,-26.88504174969089]]},"properties":{"objectid":5183,"nome":"Vala","sourceLayer":"valas-0"}},{"type":"Feature","geometry":{"type":"LineString","coordinates":[[-48.73913445331422,-26.884486242308622],[-48.739113609585814,-26.88422908678137],[-48.739112480221294,-26.884216862080958]]},"properties":{"objectid":5186,"nome":"Vala","sourceLayer":"valas-0"}},{"type":"Feature","geometry":{"type":"LineString","coordinates":[[-48.72784811370472,-26.884270229692135],[-48.728238942472856,-26.88423016796025],[-48.728431884580054,-26.884209178673096],[-48.72844071069132,-26.88420747331536],[-48.7285076917863,-26.884190544013197]]},"properties":{"objectid":5190,"nome":"Vala","sourceLayer":"valas-0"}},{"type":"Feature","geometry":{"type":"LineString","coordinates":[[-48.724076588931176,-26.88419007595594],[-48.72413350485038,-26.884046178724397]]},"properties":{"objectid":5191,"nome":"Vala","sourceLayer":"valas-0"}},{"type":"Feature","geometry":{"type":"LineString","coordinates":[[-48.7285076917863,-26.884190544013197],[-48.72843373952247,-26.88396515837981],[-48.72837966475508,-26.883820738266873],[-48.728313307651305,-26.8835751587447],[-48.728262343396416,-26.883376332861108],[-48.72821824337957,-26.883209834016068],[-48.72821501141537,-26.88319144149363],[-48.72820564056538,-26.883039873728013],[-48.72819086864179,-26.882901021267784],[-48.728180958976246,-26.882690009330208],[-48.72817360006853,-26.882432836475274],[-48.72816829896263,-26.88238254869068],[-48.72816190522701,-26.882359160772527],[-48.728129547551056,-26.882234350952366],[-48.728110362066275,-26.88207948295892]]},"properties":{"objectid":5196,"nome":"Vala","sourceLayer":"valas-0"}},{"type":"Feature","geometry":{"type":"LineString","coordinates":[[-48.73992605386965,-26.88430894361885],[-48.739912696367284,-26.884175866623593],[-48.73990310009019,-26.884096784220276]]},"properties":{"objectid":5200,"nome":"Vala","sourceLayer":"valas-0"}},{"type":"Feature","geometry":{"type":"LineString","coordinates":[[-48.73984005852267,-26.884294539558894],[-48.7398242832044,-26.88412583911032],[-48.739820007407815,-26.884107561820706]]},"properties":{"objectid":5201,"nome":"Vala","sourceLayer":"valas-0"}},{"type":"Feature","geometry":{"type":"LineString","coordinates":[[-48.74,-26.88430527873942],[-48.73992605386965,-26.88430894361885]]},"properties":{"objectid":5202,"nome":"Vala","sourceLayer":"valas-0"}},{"type":"Feature","geometry":{"type":"LineString","coordinates":[[-48.739112480221294,-26.884216862080958],[-48.73913103355301,-26.88421872846411],[-48.73917511734113,-26.88421676651186],[-48.739293611305044,-26.88419736807684],[-48.73951422016592,-26.884160824791852],[-48.73980750131374,-26.884109553744576],[-48.739820007407815,-26.884107561820706]]},"properties":{"objectid":5203,"nome":"Vala","sourceLayer":"valas-0"}},{"type":"Feature","geometry":{"type":"LineString","coordinates":[[-48.739112480221294,-26.884216862080958],[-48.73908700545183,-26.88394128547759],[-48.73906168917534,-26.883702437757478],[-48.739044939148386,-26.883477812701756],[-48.73900919897675,-26.883227422634853],[-48.73901525050274,-26.8832191320859],[-48.73902512190205,-26.883215312089128],[-48.73907258861598,-26.883212956689036],[-48.73923936941934,-26.883199748685062],[-48.739360728428224,-26.883192793044817],[-48.739365829652755,-26.883192400907625]]},"properties":{"objectid":5204,"nome":"Vala","sourceLayer":"valas-0"}},{"type":"Feature","geometry":{"type":"LineString","coordinates":[[-48.739820007407815,-26.884107561820706],[-48.73983768170324,-26.88410474744106]]},"properties":{"objectid":5207,"nome":"Vala","sourceLayer":"valas-0"}},{"type":"Feature","geometry":{"type":"LineString","coordinates":[[-48.73013191034703,-26.883951674649307],[-48.730117830118495,-26.883829202096035],[-48.73010577702094,-26.883712861799964],[-48.73010039717226,-26.88365096182972],[-48.73010153810812,-26.88364100896621],[-48.730108029988145,-26.88362864501736],[-48.730120797082236,-26.88361113145377],[-48.73009427046797,-26.88341203644461],[-48.730062687140325,-26.88307919245294],[-48.73003932206141,-26.882806874486896],[-48.73000810086683,-26.882325012443367],[-48.72998724395668,-26.882121619000834]]},"properties":{"objectid":5208,"nome":"Vala","sourceLayer":"valas-0"}},{"type":"Feature","geometry":{"type":"LineString","coordinates":[[-48.739889243803546,-26.884098805984436],[-48.73990310009019,-26.884096784220276]]},"properties":{"objectid":5209,"nome":"Vala","sourceLayer":"valas-0"}},{"type":"Feature","geometry":{"type":"LineString","coordinates":[[-48.73990310009019,-26.884096784220276],[-48.7398989387488,-26.88406249016335]]},"properties":{"objectid":5210,"nome":"Vala","sourceLayer":"valas-0"}},{"type":"Feature","geometry":{"type":"LineString","coordinates":[[-48.73942971549027,-26.884074528516003],[-48.739419960298235,-26.88394611439221],[-48.73940097040703,-26.883759300708235],[-48.739387481986824,-26.88358839242995],[-48.73937673440706,-26.883372166055967],[-48.739365829652755,-26.883192400907625]]},"properties":{"objectid":5211,"nome":"Vala","sourceLayer":"valas-0"}},{"type":"Feature","geometry":{"type":"LineString","coordinates":[[-48.7398989387488,-26.88406249016335],[-48.73989563935603,-26.884035303207202],[-48.73988056197106,-26.883861972593273],[-48.739862578150436,-26.883696679668848],[-48.73983711141108,-26.883468040894204],[-48.739819299348675,-26.883305398518157],[-48.739816065785995,-26.883280771077096]]},"properties":{"objectid":5212,"nome":"Vala","sourceLayer":"valas-0"}},{"type":"Feature","geometry":{"type":"LineString","coordinates":[[-48.7399458545928,-26.884057288346597],[-48.7398989387488,-26.88406249016335]]},"properties":{"objectid":5213,"nome":"Vala","sourceLayer":"valas-0"}},{"type":"Feature","geometry":{"type":"LineString","coordinates":[[-48.74,-26.88405091479076],[-48.73997908714507,-26.884052495658704]]},"properties":{"objectid":5214,"nome":"Vala","sourceLayer":"valas-0"}},{"type":"Feature","geometry":{"type":"LineString","coordinates":[[-48.73150765795472,-26.8838538404442],[-48.73149484451838,-26.88371095315334],[-48.73149318761322,-26.883618723787325]]},"properties":{"objectid":5217,"nome":"Vala","sourceLayer":"valas-0"}},{"type":"Feature","geometry":{"type":"LineString","coordinates":[[-48.73816541094178,-26.88388696529075],[-48.73816501992735,-26.88388279780508]]},"properties":{"objectid":5219,"nome":"Vala","sourceLayer":"valas-0"}},{"type":"Feature","geometry":{"type":"LineString","coordinates":[[-48.73816266514066,-26.88384812384066],[-48.73815662293801,-26.88377125425925],[-48.73814437053634,-26.883648587566398],[-48.738134307786034,-26.883527704899098],[-48.73812729806566,-26.883435847176106],[-48.7381233304908,-26.883392104773826],[-48.738111741296,-26.883338261854842],[-48.73809819821495,-26.883281006140866]]},"properties":{"objectid":5223,"nome":"Vala","sourceLayer":"valas-0"}},{"type":"Feature","geometry":{"type":"LineString","coordinates":[[-48.738617902782536,-26.883843690927144],[-48.73843615508704,-26.883867843517283],[-48.73829696451311,-26.883881582605287],[-48.73819750459463,-26.883887409784233],[-48.73816541094178,-26.88388696529075]]},"properties":{"objectid":5224,"nome":"Vala","sourceLayer":"valas-0"}},{"type":"Feature","geometry":{"type":"LineString","coordinates":[[-48.728693775606914,-26.88367017227883],[-48.72866962166171,-26.883335716750235],[-48.728648662637184,-26.883012656418195],[-48.72863266969447,-26.882749099721934],[-48.72861675932647,-26.882531332072695],[-48.72859243816818,-26.88227982002185],[-48.72858262969429,-26.882091837569764],[-48.72857664937432,-26.881994487706425]]},"properties":{"objectid":5225,"nome":"Vala","sourceLayer":"valas-0"}},{"type":"Feature","geometry":{"type":"LineString","coordinates":[[-48.73837917772796,-26.88378544205659],[-48.73836603548309,-26.88369283997598],[-48.738340373740456,-26.88350476875429],[-48.73832613192829,-26.883348171257516],[-48.73831102187247,-26.883263268096222]]},"properties":{"objectid":5227,"nome":"Vala","sourceLayer":"valas-0"}},{"type":"Feature","geometry":{"type":"LineString","coordinates":[[-48.738597496109804,-26.883760739822208],[-48.7385807159463,-26.883566582990387],[-48.738567307916234,-26.883436376739056],[-48.738557112721104,-26.883318079299332],[-48.73854830113017,-26.88324568216692]]},"properties":{"objectid":5230,"nome":"Vala","sourceLayer":"valas-0"}},{"type":"Feature","geometry":{"type":"LineString","coordinates":[[-48.73880061797052,-26.883724546630823],[-48.73878507363999,-26.883568787437767],[-48.738759810442076,-26.883401960137352],[-48.73874640454872,-26.8833040347785],[-48.73873366595659,-26.883237444351547]]},"properties":{"objectid":5233,"nome":"Vala","sourceLayer":"valas-0"}},{"type":"Feature","geometry":{"type":"LineString","coordinates":[[-48.73809819821495,-26.883281006140866],[-48.73809759209338,-26.883278442483657],[-48.73807818732174,-26.88320165218774],[-48.73806311401478,-26.883119562551222],[-48.73805402026735,-26.883053212751314],[-48.73804487606173,-26.882977017252248],[-48.738042502290185,-26.88290085437935],[-48.73804165232797,-26.882821653878036],[-48.73803884064869,-26.882737766188257],[-48.73804096752472,-26.882638308104873],[-48.738040263033874,-26.882581261612383],[-48.7380380994314,-26.882468372148736],[-48.738036005591056,-26.88237001875532],[-48.73803644857493,-26.882264050456037],[-48.738033711450804,-26.882148122258887],[-48.73803329682392,-26.8820446373174],[-48.738030949133005,-26.881898443373043],[-48.73802946391822,-26.881778625781994],[-48.738030326058755,-26.881614065918598]]},"properties":{"objectid":5245,"nome":"Vala","sourceLayer":"valas-0"}},{"type":"Feature","geometry":{"type":"LineString","coordinates":[[-48.73831102187247,-26.883263268096222],[-48.738191554568246,-26.883272762851025],[-48.73809819821495,-26.883281006140866]]},"properties":{"objectid":5247,"nome":"Vala","sourceLayer":"valas-0"}},{"type":"Feature","geometry":{"type":"LineString","coordinates":[[-48.739816065785995,-26.883280771077096],[-48.739805104995426,-26.883197285402673]]},"properties":{"objectid":5248,"nome":"Vala","sourceLayer":"valas-0"}},{"type":"Feature","geometry":{"type":"LineString","coordinates":[[-48.73985439187849,-26.883278135570777],[-48.739816065785995,-26.883280771077096]]},"properties":{"objectid":5249,"nome":"Vala","sourceLayer":"valas-0"}},{"type":"Feature","geometry":{"type":"LineString","coordinates":[[-48.73854830113017,-26.88324568216692],[-48.73836180194751,-26.883259232379206],[-48.73831102187247,-26.883263268096222]]},"properties":{"objectid":5250,"nome":"Vala","sourceLayer":"valas-0"}},{"type":"Feature","geometry":{"type":"LineString","coordinates":[[-48.73873366595659,-26.883237444351547],[-48.73872901761167,-26.883237887034568],[-48.738563597482425,-26.883244570703376],[-48.73854830113017,-26.88324568216692]]},"properties":{"objectid":5251,"nome":"Vala","sourceLayer":"valas-0"}},{"type":"Feature","geometry":{"type":"LineString","coordinates":[[-48.74,-26.883266220105096],[-48.739891933547646,-26.883274156377745]]},"properties":{"objectid":5252,"nome":"Vala","sourceLayer":"valas-0"}},{"type":"Feature","geometry":{"type":"LineString","coordinates":[[-48.74,-26.882435486109017],[-48.739880918609096,-26.882450570673257],[-48.73972574245556,-26.882467635498923]]},"properties":{"objectid":5253,"nome":"Vala","sourceLayer":"valas-0"}},{"type":"Feature","geometry":{"type":"LineString","coordinates":[[-48.73895648034638,-26.883216204922057],[-48.73873366595659,-26.883237444351547]]},"properties":{"objectid":5255,"nome":"Vala","sourceLayer":"valas-0"}},{"type":"Feature","geometry":{"type":"LineString","coordinates":[[-48.73972432296598,-26.88322139765126],[-48.7397379853512,-26.883372314789092],[-48.739758211457385,-26.883531327317787],[-48.73977155806442,-26.883696241910034],[-48.739785909752655,-26.883828255488808],[-48.73980293242603,-26.88396876692464],[-48.73980869432578,-26.884066097002755],[-48.7398132506386,-26.88408909050649],[-48.739820007407815,-26.884107561820706]]},"properties":{"objectid":5256,"nome":"Vala","sourceLayer":"valas-0"}},{"type":"Feature","geometry":{"type":"LineString","coordinates":[[-48.739365829652755,-26.883192400907625],[-48.73952896970924,-26.88317987700421],[-48.739704616638136,-26.8831642031526],[-48.73973255576553,-26.883161710084426]]},"properties":{"objectid":5258,"nome":"Vala","sourceLayer":"valas-0"}},{"type":"Feature","geometry":{"type":"LineString","coordinates":[[-48.73980056913894,-26.8831578927869],[-48.73978044857496,-26.882967280628964],[-48.739758966590536,-26.882778074365678],[-48.73973926671704,-26.88259585997239],[-48.73972574245556,-26.882467635498923]]},"properties":{"objectid":5259,"nome":"Vala","sourceLayer":"valas-0"}},{"type":"Feature","geometry":{"type":"LineString","coordinates":[[-48.73901117552802,-26.883122786510928],[-48.73900772111898,-26.883084693585214],[-48.738982918188555,-26.88283983738589],[-48.73894970124438,-26.88243158403144],[-48.73892254950955,-26.882203916297275],[-48.73889759144168,-26.882077970638694]]},"properties":{"objectid":5261,"nome":"Vala","sourceLayer":"valas-0"}},{"type":"Feature","geometry":{"type":"LineString","coordinates":[[-48.73922803690768,-26.883123026359016],[-48.73920841699347,-26.882926777313855],[-48.73919412901758,-26.882764552287885],[-48.739183694691405,-26.88263492881217],[-48.73917439753177,-26.882475229328342],[-48.73914693896695,-26.882257896147383],[-48.739127821998245,-26.88207592477427]]},"properties":{"objectid":5262,"nome":"Vala","sourceLayer":"valas-0"}},{"type":"Feature","geometry":{"type":"LineString","coordinates":[[-48.73944860053555,-26.883107862444437],[-48.73944009869956,-26.883045812447573],[-48.73942748326756,-26.882885395650582],[-48.73941405139654,-26.88272443604135],[-48.73940257087794,-26.88258916449688],[-48.73939061965227,-26.882426324399013],[-48.73937431487567,-26.88223157595468],[-48.739357361921904,-26.88205270758405]]},"properties":{"objectid":5263,"nome":"Vala","sourceLayer":"valas-0"}},{"type":"Feature","geometry":{"type":"LineString","coordinates":[[-48.739703473553455,-26.883072367138645],[-48.73968601504914,-26.882920995771727],[-48.739665473884536,-26.882742576277725],[-48.73964927376257,-26.882595891646467],[-48.739633049770866,-26.88245566641402],[-48.73962349995133,-26.882292802481516],[-48.739609318013656,-26.882152322944936],[-48.7395964259335,-26.882041593673524],[-48.73959376588879,-26.88203138673394],[-48.73959146513663,-26.88202603354081],[-48.73958618213085,-26.882020948478353],[-48.73957625942071,-26.882019818628144],[-48.739357361921904,-26.88205270758405]]},"properties":{"objectid":5265,"nome":"Vala","sourceLayer":"valas-0"}},{"type":"Feature","geometry":{"type":"LineString","coordinates":[[-48.71848892988272,-26.8826412926275],[-48.71849918228917,-26.8827555448927]]},"properties":{"objectid":5268,"nome":"Vala","sourceLayer":"valas-0"}},{"type":"Feature","geometry":{"type":"LineString","coordinates":[[-48.7322144889251,-26.882846334568615],[-48.73219933099511,-26.882763457105472],[-48.73219079388467,-26.882697679154568],[-48.732174876801814,-26.88256668962075],[-48.73217771609988,-26.882563249935544],[-48.73239800074177,-26.882508390015094],[-48.73240149107408,-26.882506568047845],[-48.732403162680335,-26.882502939948516],[-48.732396324740925,-26.882316069157266],[-48.73237063307684,-26.881983732352044],[-48.73237034941945,-26.881978634348442]]},"properties":{"objectid":5270,"nome":"Vala","sourceLayer":"valas-0"}},{"type":"Feature","geometry":{"type":"LineString","coordinates":[[-48.72430631300934,-26.88261263912681],[-48.72431429789751,-26.882583853264155],[-48.72439136614181,-26.882399746979903],[-48.72449239631336,-26.88216289941822],[-48.72459275497931,-26.88192357995564],[-48.72466539992436,-26.881754606697243],[-48.72468828784393,-26.881710317632958],[-48.72469527149384,-26.88169713974244]]},"properties":{"objectid":5272,"nome":"Vala","sourceLayer":"valas-0"}},{"type":"Feature","geometry":{"type":"LineString","coordinates":[[-48.72466031578359,-26.882599449888858],[-48.72460759085643,-26.88275229596242],[-48.72455043192481,-26.88291532150805],[-48.724484772438586,-26.883101718902807],[-48.72444812483647,-26.883210587590824],[-48.724405283693244,-26.88333939899915],[-48.724373743279536,-26.883414925881205],[-48.724326509604005,-26.883533161050646],[-48.72430029696233,-26.88360200898678]]},"properties":{"objectid":5273,"nome":"Vala","sourceLayer":"valas-0"}},{"type":"Feature","geometry":{"type":"LineString","coordinates":[[-48.72478593032448,-26.882457466729416],[-48.724832883484666,-26.88234228252766],[-48.724893725805266,-26.88219640045819],[-48.724951620468694,-26.882056133751792],[-48.725021257175115,-26.88189317540368],[-48.72508866471253,-26.881732066323835]]},"properties":{"objectid":5281,"nome":"Vala","sourceLayer":"valas-0"}},{"type":"Feature","geometry":{"type":"LineString","coordinates":[[-48.72715327791737,-26.88227517141879],[-48.72715322481664,-26.882267867923932],[-48.727141068804826,-26.882101509256987],[-48.72714211193525,-26.88209861744132],[-48.72714429189629,-26.882097806925152],[-48.72715469707791,-26.882096443812657]]},"properties":{"objectid":5291,"nome":"Vala","sourceLayer":"valas-0"}},{"type":"Feature","geometry":{"type":"LineString","coordinates":[[-48.73972574245556,-26.882467635498923],[-48.739723197571486,-26.88244350008591],[-48.73970703277727,-26.882277844579402],[-48.73969294535345,-26.882138274430055],[-48.739680895179866,-26.881995554820424],[-48.739665512438954,-26.881846332920887],[-48.739655822162945,-26.88174710706407]]},"properties":{"objectid":5293,"nome":"Vala","sourceLayer":"valas-0"}},{"type":"Feature","geometry":{"type":"LineString","coordinates":[[-48.736596115200456,-26.88233388149679],[-48.736801139713414,-26.882319067360807],[-48.737024068719315,-26.882300883052793],[-48.73709872908951,-26.882293416618648],[-48.73710735552715,-26.88228995132715],[-48.73711325432546,-26.882283874846852],[-48.73711560460326,-26.882277948174305],[-48.73711833608022,-26.88226526460743],[-48.737116514035975,-26.88224356926197],[-48.73709801126699,-26.882061444261037],[-48.73707580222146,-26.881824051252043],[-48.73705301925803,-26.88155763238697],[-48.73703877454489,-26.881312578779422],[-48.73701930328888,-26.88106779789563],[-48.737000202714675,-26.8808298211435],[-48.736982508433485,-26.880617586904396],[-48.736969392722216,-26.8804877065146],[-48.73696664180708,-26.8804474246471]]},"properties":{"objectid":5296,"nome":"Vala","sourceLayer":"valas-0"}},{"type":"Feature","geometry":{"type":"LineString","coordinates":[[-48.73652874790241,-26.882254659169448],[-48.7365280605993,-26.88218118468083],[-48.736528137252485,-26.882129115138735],[-48.736526566217094,-26.882078621951013],[-48.73652454711014,-26.882071415072637]]},"properties":{"objectid":5298,"nome":"Vala","sourceLayer":"valas-0"}},{"type":"Feature","geometry":{"type":"LineString","coordinates":[[-48.72715469707791,-26.882096443812657],[-48.72733287261443,-26.882073104690072],[-48.727615983732875,-26.882042054671555]]},"properties":{"objectid":5299,"nome":"Vala","sourceLayer":"valas-0"}},{"type":"Feature","geometry":{"type":"LineString","coordinates":[[-48.728110362066275,-26.88207948295892],[-48.7281028774306,-26.88201906792493],[-48.7281025741024,-26.882016673352165]]},"properties":{"objectid":5300,"nome":"Vala","sourceLayer":"valas-0"}},{"type":"Feature","geometry":{"type":"LineString","coordinates":[[-48.72715139299974,-26.882046060901043],[-48.72715469707791,-26.882096443812657]]},"properties":{"objectid":5301,"nome":"Vala","sourceLayer":"valas-0"}},{"type":"Feature","geometry":{"type":"LineString","coordinates":[[-48.727615983732875,-26.882042054671555],[-48.727615984888146,-26.882041996933218]]},"properties":{"objectid":5303,"nome":"Vala","sourceLayer":"valas-0"}},{"type":"Feature","geometry":{"type":"LineString","coordinates":[[-48.727615984888146,-26.882041996933218],[-48.72786943556161,-26.882030262664898],[-48.72802569426641,-26.882022039001058]]},"properties":{"objectid":5304,"nome":"Vala","sourceLayer":"valas-0"}},{"type":"Feature","geometry":{"type":"LineString","coordinates":[[-48.727615984888146,-26.882041996933218],[-48.727616455269995,-26.882006114885883],[-48.72761609588104,-26.881988767585042],[-48.72760044208645,-26.88184166782699],[-48.72757597122644,-26.88151169319726],[-48.727560297531035,-26.881265499358737],[-48.727549037771546,-26.881127248438656]]},"properties":{"objectid":5305,"nome":"Vala","sourceLayer":"valas-0"}},{"type":"Feature","geometry":{"type":"LineString","coordinates":[[-48.72808694660439,-26.8820177431612],[-48.7281025741024,-26.882016673352165]]},"properties":{"objectid":5307,"nome":"Vala","sourceLayer":"valas-0"}},{"type":"Feature","geometry":{"type":"LineString","coordinates":[[-48.7281025741024,-26.882016673352165],[-48.728065922221006,-26.881727159180702],[-48.72804598834698,-26.881603318983924],[-48.72801522699749,-26.881444756935288],[-48.72800509608758,-26.88138869607496],[-48.72800308434437,-26.881368119387986],[-48.72800525646009,-26.881289622932968],[-48.72800707812481,-26.881234178495315],[-48.728006926760216,-26.881217446400136],[-48.728004550786316,-26.881189369890112],[-48.728000849168744,-26.88116482681507]]},"properties":{"objectid":5308,"nome":"Vala","sourceLayer":"valas-0"}},{"type":"Feature","geometry":{"type":"LineString","coordinates":[[-48.72857664937432,-26.881994487706425],[-48.728323879322005,-26.882029757522716],[-48.7282413451459,-26.882044905171554],[-48.728110362066275,-26.88207948295892]]},"properties":{"objectid":5310,"nome":"Vala","sourceLayer":"valas-0"}},{"type":"Feature","geometry":{"type":"LineString","coordinates":[[-48.72857664937432,-26.881994487706425],[-48.72857128738907,-26.881907181252434],[-48.7285605291425,-26.881758234440472],[-48.728541634609414,-26.881479347113352],[-48.72853215553577,-26.881246919648223],[-48.728505366431996,-26.88097626295603],[-48.728502986538444,-26.880969057403746],[-48.728487490962145,-26.88093500774007]]},"properties":{"objectid":5311,"nome":"Vala","sourceLayer":"valas-0"}},{"type":"Feature","geometry":{"type":"LineString","coordinates":[[-48.736381260527146,-26.882097023496694],[-48.736483792673596,-26.88208557844422],[-48.736511548079754,-26.882079364944715],[-48.73652454711014,-26.882071415072637]]},"properties":{"objectid":5312,"nome":"Vala","sourceLayer":"valas-0"}},{"type":"Feature","geometry":{"type":"LineString","coordinates":[[-48.73652454711014,-26.882071415072637],[-48.73651835342174,-26.88204931485306],[-48.73651035593499,-26.88194775160541],[-48.73649859759799,-26.881810284362636],[-48.73648709653923,-26.881670866522807],[-48.73647230523673,-26.881536971320205],[-48.736465555858075,-26.881342488700696],[-48.73644051530162,-26.8810954454282],[-48.736421436140056,-26.880818230235334],[-48.73641582550032,-26.88065735343979]]},"properties":{"objectid":5316,"nome":"Vala","sourceLayer":"valas-0"}},{"type":"Feature","geometry":{"type":"LineString","coordinates":[[-48.73237034941945,-26.881978634348442],[-48.73234694348163,-26.881559193287202],[-48.73232305502684,-26.881186703650098],[-48.73229406594986,-26.8807794526074],[-48.7322700954433,-26.880401502681096],[-48.73225491034358,-26.88023748243426],[-48.732217901356805,-26.879752324591575],[-48.73219952215472,-26.879452565479042],[-48.73217510904304,-26.87913323813072],[-48.73215765651884,-26.878851385933384],[-48.73214835041441,-26.878687384246838],[-48.732123363877946,-26.87836734826619],[-48.73207726783947,-26.877878975188356],[-48.73205053378283,-26.87743371997255],[-48.7320397071001,-26.877193007803523]]},"properties":{"objectid":5318,"nome":"Vala","sourceLayer":"valas-0"}},{"type":"Feature","geometry":{"type":"LineString","coordinates":[[-48.73889759144168,-26.882077970638694],[-48.73889350647366,-26.882070085458093],[-48.73887003569686,-26.881799480017275],[-48.73886270302678,-26.881596632146042]]},"properties":{"objectid":5320,"nome":"Vala","sourceLayer":"valas-0"}},{"type":"Feature","geometry":{"type":"LineString","coordinates":[[-48.739127821998245,-26.88207592477427],[-48.739029249741826,-26.88208365115505],[-48.73890859029796,-26.882085403372443],[-48.73889759144168,-26.882077970638694]]},"properties":{"objectid":5321,"nome":"Vala","sourceLayer":"valas-0"}},{"type":"Feature","geometry":{"type":"LineString","coordinates":[[-48.739357361921904,-26.88205270758405],[-48.73935290638178,-26.88205337628285],[-48.73917556845247,-26.882072182207246],[-48.739127821998245,-26.88207592477427]]},"properties":{"objectid":5322,"nome":"Vala","sourceLayer":"valas-0"}},{"type":"Feature","geometry":{"type":"LineString","coordinates":[[-48.733023860927545,-26.881949252158442],[-48.73282121023685,-26.88195518086414],[-48.732571085138794,-26.881968211111545],[-48.73237034941945,-26.881978634348442]]},"properties":{"objectid":5323,"nome":"Vala","sourceLayer":"valas-0"}},{"type":"Feature","geometry":{"type":"LineString","coordinates":[[-48.73933983226489,-26.881972888106485],[-48.7393274366729,-26.881792788626683],[-48.73931836783066,-26.881658920185004],[-48.73931687372499,-26.881565922501487]]},"properties":{"objectid":5324,"nome":"Vala","sourceLayer":"valas-0"}},{"type":"Feature","geometry":{"type":"LineString","coordinates":[[-48.73910904976836,-26.88196824190035],[-48.739105431757,-26.8819109655464],[-48.739096428967116,-26.88179911990072],[-48.73909054333231,-26.88172001563321],[-48.739084695348645,-26.881639576332415],[-48.73908034733064,-26.881589952852615]]},"properties":{"objectid":5325,"nome":"Vala","sourceLayer":"valas-0"}},{"type":"Feature","geometry":{"type":"LineString","coordinates":[[-48.72508866471253,-26.881732066323835],[-48.72508181149767,-26.881730042742515]]},"properties":{"objectid":5326,"nome":"Vala","sourceLayer":"valas-0"}},{"type":"Feature","geometry":{"type":"LineString","coordinates":[[-48.72508866471253,-26.881732066323835],[-48.72514703943649,-26.881593631995628],[-48.72520650836766,-26.881450855515858],[-48.72527084626633,-26.88128907328239],[-48.725316831145214,-26.88116203490715],[-48.725353774296494,-26.881054758970762],[-48.72539250087754,-26.880937523410015],[-48.72542133093991,-26.880845951200484],[-48.72544046594386,-26.88079857833679],[-48.72544947200913,-26.880789081580875],[-48.72545384782991,-26.88077209210849],[-48.725463150294594,-26.880750408006573],[-48.72546078849537,-26.880738590274387]]},"properties":{"objectid":5327,"nome":"Vala","sourceLayer":"valas-0"}},{"type":"Feature","geometry":{"type":"LineString","coordinates":[[-48.739587102938735,-26.881939642861063],[-48.73957049739861,-26.881779506931306],[-48.73956018471131,-26.881655885832526],[-48.73954817096115,-26.881551897523025],[-48.73954468783505,-26.88154825722018],[-48.73953973048009,-26.881546835024956],[-48.73942176725876,-26.881556345960746],[-48.73931687372499,-26.881565922501487]]},"properties":{"objectid":5328,"nome":"Vala","sourceLayer":"valas-0"}},{"type":"Feature","geometry":{"type":"LineString","coordinates":[[-48.724698570804776,-26.88168551698258],[-48.724700195131746,-26.881678784694557],[-48.72470036682323,-26.881669561703895],[-48.724760379059326,-26.88151813156676],[-48.72488651595793,-26.881221592046074],[-48.72504500984053,-26.88084890580559],[-48.72512616874369,-26.880660866096957],[-48.72514263741375,-26.88063969722511],[-48.72514551148895,-26.8806329209838]]},"properties":{"objectid":5329,"nome":"Vala","sourceLayer":"valas-0"}},{"type":"Feature","geometry":{"type":"LineString","coordinates":[[-48.72535176094373,-26.881566771987526],[-48.72563278158935,-26.881606593340315],[-48.72597759586701,-26.881658548649163],[-48.72626508903894,-26.88170385248766],[-48.726525883489494,-26.881743200276603],[-48.72670499731931,-26.881768288151317],[-48.726723291991526,-26.881795209451735],[-48.726758375541664,-26.8818336798135],[-48.72680346767149,-26.88188471906421],[-48.72683142023405,-26.881919708491946],[-48.72685684831296,-26.881956732923445],[-48.726871069066476,-26.88200618603151],[-48.726903942762995,-26.882314262552573],[-48.72710429835343,-26.882279871011697],[-48.72715327791737,-26.88227517141879]]},"properties":{"objectid":5330,"nome":"Vala","sourceLayer":"valas-0"}},{"type":"Feature","geometry":{"type":"LineString","coordinates":[[-48.739655822162945,-26.88174710706407],[-48.73965279067589,-26.881716070898605],[-48.73964015453861,-26.881579687077167]]},"properties":{"objectid":5332,"nome":"Vala","sourceLayer":"valas-0"}},{"type":"Feature","geometry":{"type":"LineString","coordinates":[[-48.74,-26.88169686337382],[-48.7398678950476,-26.881719913004037],[-48.739739056379655,-26.881737524790317],[-48.739655822162945,-26.88174710706407]]},"properties":{"objectid":5339,"nome":"Vala","sourceLayer":"valas-0"}},{"type":"Feature","geometry":{"type":"LineString","coordinates":[[-48.71942916454318,-26.881319932274348],[-48.719419995880116,-26.88118714677526],[-48.7193983445803,-26.880908996267745],[-48.71937803265243,-26.880602386987483],[-48.71935708307386,-26.880353646880923],[-48.7193343316676,-26.880067542449265],[-48.71931675231309,-26.879840814240197],[-48.719269552892584,-26.879227014742625],[-48.7192548265841,-26.87906419260023],[-48.71924812628658,-26.878964305107104],[-48.71924350448544,-26.878944989356988],[-48.71923852338841,-26.878937853577423],[-48.71923335130052,-26.87893647053504],[-48.71919574742682,-26.878938687993084]]},"properties":{"objectid":5343,"nome":"Vala","sourceLayer":"valas-0"}},{"type":"Feature","geometry":{"type":"LineString","coordinates":[[-48.73886270302678,-26.881596632146042],[-48.738856253213484,-26.881358134234745],[-48.73882864050232,-26.88118421661084],[-48.73882722486216,-26.881164990579784]]},"properties":{"objectid":5345,"nome":"Vala","sourceLayer":"valas-0"}},{"type":"Feature","geometry":{"type":"LineString","coordinates":[[-48.73802991650975,-26.88157828781046],[-48.73802758647758,-26.881511751222202],[-48.738026371194856,-26.881409657672048],[-48.7380257890408,-26.88130988274279],[-48.73802554333,-26.881206403203958],[-48.73802158089887,-26.88109656319251],[-48.73801588291857,-26.880999837851867],[-48.73801316422899,-26.880899505276982],[-48.738012072566484,-26.880817176584596],[-48.73800422736474,-26.88060173305403],[-48.73799830310677,-26.88041707508317],[-48.73799307418354,-26.880220191842533],[-48.73799061962188,-26.880086989721264],[-48.737983533614866,-26.879932467804263],[-48.73792916588889,-26.879172080991548],[-48.73790499198367,-26.87895857881847],[-48.737885105063675,-26.87875832566943],[-48.73786592517078,-26.878596349787816],[-48.73784978691823,-26.878427482727147],[-48.73783199133128,-26.878282764118584],[-48.73781521204253,-26.878127947054107],[-48.737804705333026,-26.87803670290056],[-48.73779954391546,-26.878025929741693],[-48.737793515834305,-26.87802188675823]]},"properties":{"objectid":5346,"nome":"Vala","sourceLayer":"valas-0"}},{"type":"Feature","geometry":{"type":"LineString","coordinates":[[-48.73908034733064,-26.881589952852615],[-48.738989855461725,-26.88160007283747],[-48.73890444116464,-26.881606333926474],[-48.738870046984346,-26.881605057729992],[-48.73886270302678,-26.881596632146042]]},"properties":{"objectid":5347,"nome":"Vala","sourceLayer":"valas-0"}},{"type":"Feature","geometry":{"type":"LineString","coordinates":[[-48.73931687372499,-26.881565922501487],[-48.73929370575533,-26.88156803793843],[-48.739108184688185,-26.88158684007864],[-48.73908034733064,-26.881589952852615]]},"properties":{"objectid":5348,"nome":"Vala","sourceLayer":"valas-0"}},{"type":"Feature","geometry":{"type":"LineString","coordinates":[[-48.73963699115668,-26.8815425860972],[-48.739621568704486,-26.881367248266677],[-48.73961511455379,-26.881303442370964]]},"properties":{"objectid":5350,"nome":"Vala","sourceLayer":"valas-0"}},{"type":"Feature","geometry":{"type":"LineString","coordinates":[[-48.73930472752793,-26.881506518823755],[-48.73929820553736,-26.88141089032007],[-48.73929404872855,-26.8813089842827],[-48.73928580830113,-26.88120590015251],[-48.73927849565498,-26.881117686207414],[-48.73927228998304,-26.88106431036056]]},"properties":{"objectid":5352,"nome":"Vala","sourceLayer":"valas-0"}},{"type":"Feature","geometry":{"type":"LineString","coordinates":[[-48.73954359464086,-26.88147940124304],[-48.73952511041612,-26.881257770727828],[-48.73951924235336,-26.881127608457316],[-48.7395119990259,-26.88103190794262],[-48.73951020412409,-26.88102601776073],[-48.73950732880229,-26.881020560613074],[-48.73950154854793,-26.881016038845967],[-48.73949023808719,-26.881014202721282],[-48.73937176461801,-26.881039871178523],[-48.73927345243618,-26.88106405371779],[-48.73927228998304,-26.88106431036056]]},"properties":{"objectid":5354,"nome":"Vala","sourceLayer":"valas-0"}},{"type":"Feature","geometry":{"type":"LineString","coordinates":[[-48.73961511455379,-26.881303442370964],[-48.73960810131263,-26.88123410178557],[-48.73959624167585,-26.88108555624494],[-48.73958603511158,-26.880946690736018],[-48.7395711048172,-26.88080917911809],[-48.739560755424904,-26.880670614544957],[-48.73954812056185,-26.880519407879],[-48.73953839051139,-26.880381986699422],[-48.7395348631892,-26.880335463657797]]},"properties":{"objectid":5358,"nome":"Vala","sourceLayer":"valas-0"}},{"type":"Feature","geometry":{"type":"LineString","coordinates":[[-48.727090579145674,-26.88107053345776],[-48.72712253493529,-26.881421234254606],[-48.72714570417608,-26.88194511945416],[-48.7271492218028,-26.88201424972819]]},"properties":{"objectid":5363,"nome":"Vala","sourceLayer":"valas-0"}},{"type":"Feature","geometry":{"type":"LineString","coordinates":[[-48.74,-26.881285563009545],[-48.739981038033015,-26.8812869830413],[-48.739848533054094,-26.88129764332257],[-48.739731780631494,-26.881304128115698],[-48.73961511455379,-26.881303442370964]]},"properties":{"objectid":5364,"nome":"Vala","sourceLayer":"valas-0"}},{"type":"Feature","geometry":{"type":"LineString","coordinates":[[-48.74,-26.880336968345333],[-48.739998601054886,-26.880334613560393],[-48.73999127274816,-26.880328435401776],[-48.739978443030104,-26.880324104985313]]},"properties":{"objectid":5365,"nome":"Vala","sourceLayer":"valas-0"}},{"type":"Feature","geometry":{"type":"LineString","coordinates":[[-48.73882722486216,-26.881164990579784],[-48.73882074346005,-26.881076998402314],[-48.73880452242624,-26.880905693461127],[-48.738782599665505,-26.880697012251783],[-48.73876962087893,-26.88049433568063],[-48.73875006224509,-26.88028999883274],[-48.738748138010365,-26.88027286467355]]},"properties":{"objectid":5368,"nome":"Vala","sourceLayer":"valas-0"}},{"type":"Feature","geometry":{"type":"LineString","coordinates":[[-48.728487490962145,-26.88093500774007],[-48.72837701090159,-26.880950030043966],[-48.72818225832825,-26.880982366716328],[-48.727991651594756,-26.881010394716156]]},"properties":{"objectid":5369,"nome":"Vala","sourceLayer":"valas-0"}},{"type":"Feature","geometry":{"type":"LineString","coordinates":[[-48.73927228998304,-26.88106431036056],[-48.73917927877008,-26.88108483429111],[-48.73905308109325,-26.88111187059337],[-48.738921529562845,-26.881142032011134],[-48.73882722486216,-26.881164990579784]]},"properties":{"objectid":5370,"nome":"Vala","sourceLayer":"valas-0"}},{"type":"Feature","geometry":{"type":"LineString","coordinates":[[-48.73917197962881,-26.881015562217843],[-48.73915874122146,-26.880841768229164],[-48.73913974587232,-26.880582606267197],[-48.739118048970546,-26.88033509598864],[-48.73910637758909,-26.880226216401724]]},"properties":{"objectid":5371,"nome":"Vala","sourceLayer":"valas-0"}},{"type":"Feature","geometry":{"type":"LineString","coordinates":[[-48.72546078849537,-26.880738590274387],[-48.72544851285536,-26.88073290387818],[-48.72541928686296,-26.880725254217886]]},"properties":{"objectid":5372,"nome":"Vala","sourceLayer":"valas-0"}},{"type":"Feature","geometry":{"type":"LineString","coordinates":[[-48.739506964922555,-26.880941961651818],[-48.739490335955125,-26.880740536136972],[-48.73946180631468,-26.880472225902267],[-48.7394589799358,-26.880289610084237],[-48.73945960296329,-26.88018786987541],[-48.739456513248136,-26.880182617763484],[-48.739448817787235,-26.8801813376516],[-48.73931071504529,-26.88019440228639],[-48.73910637758909,-26.880226216401724]]},"properties":{"objectid":5373,"nome":"Vala","sourceLayer":"valas-0"}},{"type":"Feature","geometry":{"type":"LineString","coordinates":[[-48.72552913709241,-26.880712738327045],[-48.725509464514275,-26.880711577736967]]},"properties":{"objectid":5374,"nome":"Vala","sourceLayer":"valas-0"}},{"type":"Feature","geometry":{"type":"LineString","coordinates":[[-48.725509464514275,-26.880711577736967],[-48.725497372599875,-26.880725713038817],[-48.7254804489862,-26.88073688719853],[-48.72546078849537,-26.880738590274387]]},"properties":{"objectid":5375,"nome":"Vala","sourceLayer":"valas-0"}},{"type":"Feature","geometry":{"type":"LineString","coordinates":[[-48.72515047345545,-26.880621589405465],[-48.725155278690316,-26.88060934021697],[-48.72517144365312,-26.880564594421763],[-48.725202729205144,-26.880484735914838],[-48.72530106116046,-26.88024745965972],[-48.725388838425886,-26.880036084255366],[-48.725467861409584,-26.879849711001853],[-48.72555738701569,-26.879634317917663],[-48.72565435131508,-26.879405455417388],[-48.72574522446061,-26.879187208656553],[-48.725826613115075,-26.87898927581133],[-48.725915689202104,-26.878774747847203],[-48.72601587658359,-26.87853219797107],[-48.72610924664673,-26.87830959524239],[-48.72622973304642,-26.878023019133423],[-48.726326103248134,-26.877792216091],[-48.72648533376681,-26.877413132080466],[-48.726560506832776,-26.87723856146206],[-48.72666430981531,-26.87699853825374],[-48.72677407061969,-26.876738563745636],[-48.726849343352754,-26.876558964252037],[-48.72686801615931,-26.87651671321],[-48.72687091332731,-26.87651234232763],[-48.72687611291903,-26.876506064613846],[-48.72687894826173,-26.87650030747197],[-48.72687949964707,-26.876492969480235],[-48.72687882989877,-26.87648349107477],[-48.72687943349179,-26.876476310047405],[-48.7268828112249,-26.876462960277305],[-48.72693402981066,-26.876340354264713],[-48.72700797077169,-26.876163763658614],[-48.727083955193145,-26.875985571538095],[-48.727149221543286,-26.8758290751386],[-48.72720313678638,-26.875699814378113],[-48.72725874801621,-26.87556706040856],[-48.727317446730495,-26.87543389402654],[-48.72738606275722,-26.875285179973424],[-48.727426626869274,-26.875186484255117],[-48.727485226698846,-26.875034595708133],[-48.727533096335954,-26.8749081912445],[-48.72758579196076,-26.87476705784749],[-48.727629309520765,-26.87465556945927],[-48.7276910903873,-26.874507019597683],[-48.7277473636787,-26.874381000188773],[-48.72781147181033,-26.874243923573438],[-48.72786980721848,-26.87411939111937]]},"properties":{"objectid":5377,"nome":"Vala","sourceLayer":"valas-0"}},{"type":"Feature","geometry":{"type":"LineString","coordinates":[[-48.72749033418975,-26.880658547650185],[-48.72753375304158,-26.880587392089023],[-48.72754820900234,-26.880552517478616],[-48.72756239367375,-26.880508164558304],[-48.727566500972614,-26.880482146162308],[-48.727567519594,-26.880443155859588],[-48.72756446617225,-26.880358053320762],[-48.72756396479951,-26.880328285990252],[-48.72756374966276,-26.880280238680577],[-48.727567493800876,-26.88020914417182],[-48.7275725002584,-26.88015025578375],[-48.72758448884848,-26.88008654241183],[-48.72759402984986,-26.880038124128323]]},"properties":{"objectid":5378,"nome":"Vala","sourceLayer":"valas-0"}},{"type":"Feature","geometry":{"type":"LineString","coordinates":[[-48.72215653491723,-26.880503990890787],[-48.722093585548265,-26.88053091823861],[-48.72201826276929,-26.880552978523518],[-48.72198590674402,-26.880568485991528],[-48.72196329442908,-26.88058339164469],[-48.721950274608865,-26.880592992186465],[-48.72194131970317,-26.880606347505324],[-48.72193591805881,-26.880624983514767],[-48.72193512153918,-26.88065240244286],[-48.721935270116816,-26.88069727646192],[-48.72194258661014,-26.880794908711344],[-48.72194689041906,-26.880854538928826],[-48.72194599834205,-26.880865598505284],[-48.72194657895894,-26.88088532008662],[-48.72195012915386,-26.8809307931465],[-48.72195572068504,-26.881054869139106],[-48.72196214973562,-26.881164283898546],[-48.72196933114117,-26.881263484227862],[-48.72197645089478,-26.881365306984026],[-48.721985376247254,-26.88150063885437],[-48.72199402044949,-26.8816491852758]]},"properties":{"objectid":5379,"nome":"Vala","sourceLayer":"valas-0"}},{"type":"Feature","geometry":{"type":"LineString","coordinates":[[-48.736237861229775,-26.880681273463974],[-48.73633002934471,-26.8806749299844],[-48.736409824432904,-26.88065982836045],[-48.73641582550032,-26.88065735343979]]},"properties":{"objectid":5380,"nome":"Vala","sourceLayer":"valas-0"}},{"type":"Feature","geometry":{"type":"LineString","coordinates":[[-48.73641582550032,-26.88065735343979],[-48.7364316805495,-26.880650813851624],[-48.73649000119415,-26.880624261506636],[-48.73660046634665,-26.880579686145516],[-48.73675535434175,-26.8805249461295],[-48.73688207551911,-26.88047753469488],[-48.73696664180708,-26.8804474246471]]},"properties":{"objectid":5381,"nome":"Vala","sourceLayer":"valas-0"}},{"type":"Feature","geometry":{"type":"LineString","coordinates":[[-48.72912611021035,-26.880486086426338],[-48.7294093482818,-26.880453304630983],[-48.729821089025286,-26.880389077844708],[-48.729825142251116,-26.880388446298042],[-48.7298256313772,-26.880388394597816]]},"properties":{"objectid":5382,"nome":"Vala","sourceLayer":"valas-0"}},{"type":"Feature","geometry":{"type":"LineString","coordinates":[[-48.7364003618585,-26.880573762047916],[-48.736389849850866,-26.880462487773958],[-48.73637586440273,-26.88029478143808],[-48.736360560855196,-26.880133021913096],[-48.73636111272468,-26.880109472156896],[-48.73636726959592,-26.88009922868949],[-48.736466011809014,-26.880047895656272],[-48.73653325894368,-26.880014108755038],[-48.73659745245877,-26.87999083793405],[-48.73664474870755,-26.879977525649814],[-48.73677678205509,-26.87995672528394],[-48.73684738686436,-26.87994543700267],[-48.73687862603959,-26.879938605089745],[-48.7369157907381,-26.87993414771434]]},"properties":{"objectid":5383,"nome":"Vala","sourceLayer":"valas-0"}},{"type":"Feature","geometry":{"type":"LineString","coordinates":[[-48.7298256313772,-26.880388394597816],[-48.72989868126867,-26.881112584288207],[-48.7299495668989,-26.881687240410308],[-48.729978121659364,-26.88207833603605]]},"properties":{"objectid":5385,"nome":"Vala","sourceLayer":"valas-0"}},{"type":"Feature","geometry":{"type":"LineString","coordinates":[[-48.7298256313772,-26.880388394597816],[-48.730598996865204,-26.88030725001103]]},"properties":{"objectid":5386,"nome":"Vala","sourceLayer":"valas-0"}},{"type":"Feature","geometry":{"type":"LineString","coordinates":[[-48.73696664180708,-26.8804474246471],[-48.73696542584654,-26.880429607836042],[-48.73695548082708,-26.88033086242943],[-48.73694410036396,-26.880193597067258],[-48.7369303447252,-26.880070481153478],[-48.73691647403733,-26.87994122037847],[-48.7369157907381,-26.87993414771434]]},"properties":{"objectid":5388,"nome":"Vala","sourceLayer":"valas-0"}},{"type":"Feature","geometry":{"type":"LineString","coordinates":[[-48.729809436391555,-26.88021788021257],[-48.7298256313772,-26.880388394597816]]},"properties":{"objectid":5389,"nome":"Vala","sourceLayer":"valas-0"}},{"type":"Feature","geometry":{"type":"LineString","coordinates":[[-48.7395348631892,-26.880335463657797],[-48.73952838760401,-26.880250033648352],[-48.73951765344627,-26.880097278998406],[-48.73950871509791,-26.879963920709226],[-48.73950864888683,-26.87995678031479]]},"properties":{"objectid":5391,"nome":"Vala","sourceLayer":"valas-0"}},{"type":"Feature","geometry":{"type":"LineString","coordinates":[[-48.739978443030104,-26.880324104985313],[-48.73997514013686,-26.880322989944347],[-48.73995329040326,-26.880320471723177],[-48.73979228385703,-26.88032941250713],[-48.73966682792476,-26.88033222219233],[-48.73956709993652,-26.880336253919253],[-48.7395348631892,-26.880335463657797]]},"properties":{"objectid":5392,"nome":"Vala","sourceLayer":"valas-0"}},{"type":"Feature","geometry":{"type":"LineString","coordinates":[[-48.731284133092835,-26.88016244355597],[-48.73128625096503,-26.880013288454414],[-48.73127462269447,-26.879835922955003],[-48.73125890432108,-26.879601082166307],[-48.73124409809736,-26.87941655608424],[-48.73122680464159,-26.87917925516632],[-48.73120946276056,-26.87899909593152],[-48.73118115217758,-26.878574751458675],[-48.731159414962214,-26.878346862127227],[-48.73115998497677,-26.878316510933736],[-48.73116788279288,-26.878211769054897],[-48.73116666018234,-26.87818742828747],[-48.731165023653006,-26.878157308777045],[-48.73115356876786,-26.878036012777823],[-48.73113975441154,-26.87786869614951],[-48.73111189450529,-26.87762469170588]]},"properties":{"objectid":5393,"nome":"Vala","sourceLayer":"valas-0"}},{"type":"Feature","geometry":{"type":"LineString","coordinates":[[-48.738748138010365,-26.88027286467355],[-48.73873465959242,-26.88015281080583],[-48.73872620120092,-26.880028955840473],[-48.73871540133132,-26.87990098879676],[-48.73869786187032,-26.879716352397477],[-48.73868581368164,-26.879620759037294],[-48.7386744165585,-26.879427307407852],[-48.738675561892535,-26.879394042248812],[-48.73866564277818,-26.87932076281605],[-48.73865099921066,-26.879205404714714],[-48.73863357981114,-26.879016867099917],[-48.73862008313976,-26.878814839192717],[-48.73861275120986,-26.878706137343368],[-48.73860324979449,-26.878632504512062]]},"properties":{"objectid":5394,"nome":"Vala","sourceLayer":"valas-0"}},{"type":"Feature","geometry":{"type":"LineString","coordinates":[[-48.73910637758909,-26.880226216401724],[-48.73892109837805,-26.880251027215824],[-48.738748138010365,-26.88027286467355]]},"properties":{"objectid":5396,"nome":"Vala","sourceLayer":"valas-0"}},{"type":"Feature","geometry":{"type":"LineString","coordinates":[[-48.73910637758909,-26.880226216401724],[-48.73909977946443,-26.880164653497403],[-48.73908802801398,-26.879979614321304],[-48.73906589129447,-26.87972826966919],[-48.7390491842396,-26.8795103315227],[-48.73904688441534,-26.87947616831432]]},"properties":{"objectid":5397,"nome":"Vala","sourceLayer":"valas-0"}},{"type":"Feature","geometry":{"type":"LineString","coordinates":[[-48.7369157907381,-26.87993414771434],[-48.736901884562464,-26.879790152876485],[-48.736887959352565,-26.87963322463822],[-48.73687762008032,-26.879512752601187],[-48.7368647066622,-26.879375201855908],[-48.73684801732627,-26.87931038449564],[-48.73683661521532,-26.879232397481772],[-48.73682072525162,-26.87909594606074],[-48.7368089137764,-26.87898941232128],[-48.73679638179173,-26.87890242325281],[-48.73679227860105,-26.87881137011005],[-48.736782879881844,-26.878665821251495],[-48.73676450397633,-26.878527466418543],[-48.73674036065127,-26.8783665344846],[-48.73673163116251,-26.878227554489325],[-48.73674222750621,-26.878197231194203],[-48.73675473794249,-26.87817286770212],[-48.736745337822725,-26.878111637970502],[-48.736741040064224,-26.878087121578762],[-48.73674705913602,-26.87806110816887]]},"properties":{"objectid":5404,"nome":"Vala","sourceLayer":"valas-0"}},{"type":"Feature","geometry":{"type":"LineString","coordinates":[[-48.73994314294554,-26.87996786386655],[-48.73968969023466,-26.879964053610696],[-48.73956868091,-26.87995963080333],[-48.73952004064878,-26.87995897600981],[-48.73950864888683,-26.87995678031479]]},"properties":{"objectid":5405,"nome":"Vala","sourceLayer":"valas-0"}},{"type":"Feature","geometry":{"type":"LineString","coordinates":[[-48.73950864888683,-26.87995678031479],[-48.73950774187484,-26.879860363571087],[-48.73949679613722,-26.879736799101085],[-48.73948801461656,-26.879586712672246],[-48.73947500845968,-26.87939252686377],[-48.739474045207864,-26.87935375002885]]},"properties":{"objectid":5406,"nome":"Vala","sourceLayer":"valas-0"}},{"type":"Feature","geometry":{"type":"LineString","coordinates":[[-48.71820378833131,-26.879215354356692],[-48.71825918412716,-26.879510636187376],[-48.71831515401195,-26.8800323895818],[-48.718369379724834,-26.880852885767982],[-48.718383370773175,-26.881019433082013],[-48.71839136792653,-26.88122199505116],[-48.71839763997554,-26.88137702515247],[-48.7184301718969,-26.88172064722537],[-48.718444561317376,-26.88194161049172],[-48.71846778830895,-26.882289341789377],[-48.718479352801786,-26.882534553325385],[-48.71848892988272,-26.8826412926275]]},"properties":{"objectid":5418,"nome":"Vala","sourceLayer":"valas-0"}},{"type":"Feature","geometry":{"type":"LineString","coordinates":[[-48.73904688441534,-26.87947616831432],[-48.73903533963056,-26.87930471440548],[-48.7390173516701,-26.8790591144033],[-48.73900088624408,-26.87883354171758],[-48.738994612155075,-26.878756664790355]]},"properties":{"objectid":5420,"nome":"Vala","sourceLayer":"valas-0"}},{"type":"Feature","geometry":{"type":"LineString","coordinates":[[-48.7328742113341,-26.879358336337212],[-48.73285633583526,-26.87908947089939],[-48.73283625632847,-26.87881602261097],[-48.732809106219534,-26.87842408679004],[-48.73278720636758,-26.878110048453333],[-48.73275728816847,-26.877677563313327],[-48.73274638165466,-26.877518674494848],[-48.73274466193955,-26.87751317170061]]},"properties":{"objectid":5421,"nome":"Vala","sourceLayer":"valas-0"}},{"type":"Feature","geometry":{"type":"LineString","coordinates":[[-48.73936221157612,-26.879451065276594],[-48.73917143007808,-26.879466813488794],[-48.73904688441534,-26.87947616831432]]},"properties":{"objectid":5422,"nome":"Vala","sourceLayer":"valas-0"}},{"type":"Feature","geometry":{"type":"LineString","coordinates":[[-48.72628662332109,-26.879217526837383],[-48.72636478624538,-26.879043898889925],[-48.72643947255939,-26.878868379336687],[-48.72649251497333,-26.878730058772312]]},"properties":{"objectid":5423,"nome":"Vala","sourceLayer":"valas-0"}},{"type":"Feature","geometry":{"type":"LineString","coordinates":[[-48.73988885387969,-26.879361113623485],[-48.73971902650737,-26.879356467540166],[-48.7396107136173,-26.879353743341557],[-48.73949310819698,-26.87935333044028],[-48.739474045207864,-26.87935375002885]]},"properties":{"objectid":5424,"nome":"Vala","sourceLayer":"valas-0"}},{"type":"Feature","geometry":{"type":"LineString","coordinates":[[-48.739474045207864,-26.87935375002885],[-48.73947233345008,-26.87928482367195]]},"properties":{"objectid":5425,"nome":"Vala","sourceLayer":"valas-0"}},{"type":"Feature","geometry":{"type":"LineString","coordinates":[[-48.739468352475434,-26.879247342298886],[-48.73946338595185,-26.879140954312213],[-48.73944990181738,-26.878909702361174],[-48.73944112204833,-26.878736623154545],[-48.73943334660067,-26.878628271585328]]},"properties":{"objectid":5426,"nome":"Vala","sourceLayer":"valas-0"}},{"type":"Feature","geometry":{"type":"LineString","coordinates":[[-48.72183152308505,-26.878948768283873],[-48.72182368233944,-26.87895585239794],[-48.72181811374852,-26.878963548922496],[-48.721814340822455,-26.87898026100841],[-48.721817848032515,-26.879001482741295],[-48.72181773852628,-26.87908456234606],[-48.72181884614587,-26.879158889765268],[-48.72182574782994,-26.87924398301302],[-48.721838880628354,-26.87933009455397],[-48.72185012692531,-26.879449099756208],[-48.72185268894927,-26.879537516219575],[-48.721848830949085,-26.87954903603912],[-48.72184297301257,-26.87955078616406],[-48.72184938897711,-26.879556788062],[-48.721855110653294,-26.879569859385477],[-48.72186612036245,-26.879664836643354],[-48.72187433273312,-26.879784331670184],[-48.72188285349301,-26.87991323790744],[-48.7218804863347,-26.87997290402355],[-48.721876690165246,-26.879988966871444],[-48.721870849602276,-26.879994164636116],[-48.721878574690344,-26.88000067767904],[-48.721881756177815,-26.880011848983838],[-48.72188674686532,-26.88007140094198],[-48.72189901139716,-26.880187309105875]]},"properties":{"objectid":5427,"nome":"Vala","sourceLayer":"valas-0"}},{"type":"Feature","geometry":{"type":"LineString","coordinates":[[-48.72196565188735,-26.878921569454207],[-48.721860455168176,-26.87894108038459]]},"properties":{"objectid":5430,"nome":"Vala","sourceLayer":"valas-0"}},{"type":"Feature","geometry":{"type":"LineString","coordinates":[[-48.72649934246463,-26.878733611520534],[-48.72649251497333,-26.878730058772312]]},"properties":{"objectid":5436,"nome":"Vala","sourceLayer":"valas-0"}},{"type":"Feature","geometry":{"type":"LineString","coordinates":[[-48.72649251497333,-26.878730058772312],[-48.72648003794315,-26.878720966986815]]},"properties":{"objectid":5437,"nome":"Vala","sourceLayer":"valas-0"}},{"type":"Feature","geometry":{"type":"LineString","coordinates":[[-48.72634709470764,-26.878647011762425],[-48.72636850732696,-26.878658861795703]]},"properties":{"objectid":5438,"nome":"Vala","sourceLayer":"valas-0"}},{"type":"Feature","geometry":{"type":"LineString","coordinates":[[-48.72634709470764,-26.878647011762425],[-48.726341735599135,-26.87865169946846],[-48.72630083985468,-26.878762418174873],[-48.726216887713136,-26.87897710561038],[-48.726114732024925,-26.87922819180833],[-48.72602046077448,-26.8794576611672],[-48.72593920604599,-26.87966096495465],[-48.725846033250484,-26.87988685195746],[-48.725761406950944,-26.880102446854817],[-48.72566868841194,-26.880327924076674],[-48.72559427849676,-26.880510834106246],[-48.72551567097859,-26.880701017927247],[-48.725509464514275,-26.880711577736967]]},"properties":{"objectid":5439,"nome":"Vala","sourceLayer":"valas-0"}},{"type":"Feature","geometry":{"type":"LineString","coordinates":[[-48.72634709470764,-26.878647011762425],[-48.726303427151215,-26.87861632397939]]},"properties":{"objectid":5440,"nome":"Vala","sourceLayer":"valas-0"}},{"type":"Feature","geometry":{"type":"LineString","coordinates":[[-48.72634709470764,-26.878647011762425],[-48.72635191816661,-26.87864047713934],[-48.72638331908743,-26.878575496163513],[-48.72643264691065,-26.878472924214243],[-48.72648409060894,-26.878356394682772],[-48.72652889051266,-26.878243169460582],[-48.726567202480275,-26.8781455749493],[-48.72661254062486,-26.87802918081902],[-48.72666309948698,-26.87790238510066],[-48.72671046150391,-26.87777873439287],[-48.72676142188024,-26.877649513880773],[-48.72682496937763,-26.877490179829557],[-48.72686651121822,-26.87738177075466],[-48.72690447382607,-26.877281386427118],[-48.72694580192481,-26.877179727832598],[-48.726984041227624,-26.877084065948136],[-48.727001787519185,-26.877041096973183],[-48.72700515691387,-26.877026001724143],[-48.72700529761269,-26.877007453177544],[-48.727006507961654,-26.8769995211461],[-48.72701237780327,-26.876994299253496]]},"properties":{"objectid":5441,"nome":"Vala","sourceLayer":"valas-0"}},{"type":"Feature","geometry":{"type":"LineString","coordinates":[[-48.72655568296113,-26.878581444442744],[-48.72651113620731,-26.87869488671718],[-48.72649251497333,-26.878730058772312]]},"properties":{"objectid":5447,"nome":"Vala","sourceLayer":"valas-0"}},{"type":"Feature","geometry":{"type":"LineString","coordinates":[[-48.738994612155075,-26.878756664790355],[-48.73898538284443,-26.878643565583765],[-48.7389816252805,-26.87859780142201]]},"properties":{"objectid":5450,"nome":"Vala","sourceLayer":"valas-0"}},{"type":"Feature","geometry":{"type":"LineString","coordinates":[[-48.739321446045665,-26.878737784277526],[-48.73909092640201,-26.878749132279943],[-48.738994612155075,-26.878756664790355]]},"properties":{"objectid":5452,"nome":"Vala","sourceLayer":"valas-0"}},{"type":"Feature","geometry":{"type":"LineString","coordinates":[[-48.73860324979449,-26.878632504512062],[-48.73865623041924,-26.878630808694414],[-48.73877705070901,-26.878618617674228],[-48.738883178506235,-26.87860746562197],[-48.7389816252805,-26.87859780142201]]},"properties":{"objectid":5455,"nome":"Vala","sourceLayer":"valas-0"}},{"type":"Feature","geometry":{"type":"LineString","coordinates":[[-48.73860324979449,-26.878632504512062],[-48.73860262200235,-26.87862764285507],[-48.73858437136501,-26.878451796703644],[-48.73857292075305,-26.878279741440057],[-48.73856220282081,-26.878162630432524],[-48.73855729787353,-26.878085592216525],[-48.73855828015821,-26.87807598414653],[-48.73855985757316,-26.87807166497527],[-48.738564272162705,-26.878067586157766]]},"properties":{"objectid":5456,"nome":"Vala","sourceLayer":"valas-0"}},{"type":"Feature","geometry":{"type":"LineString","coordinates":[[-48.73943334660067,-26.878628271585328],[-48.73943095689612,-26.878594977807435],[-48.73942405450385,-26.878413783066033],[-48.739416186331326,-26.878255782249752],[-48.73940805136885,-26.878108810598686],[-48.739406912453404,-26.87804538485117],[-48.739407018308796,-26.8780290421493],[-48.73941321868211,-26.878017755984352]]},"properties":{"objectid":5459,"nome":"Vala","sourceLayer":"valas-0"}},{"type":"Feature","geometry":{"type":"LineString","coordinates":[[-48.73982643702788,-26.87861283723751],[-48.739772773747376,-26.878615055924573],[-48.739659415719515,-26.878619863289142],[-48.73957183767389,-26.878622246701784],[-48.73948248434885,-26.878627059941163],[-48.73943334660067,-26.878628271585328]]},"properties":{"objectid":5462,"nome":"Vala","sourceLayer":"valas-0"}},{"type":"Feature","geometry":{"type":"LineString","coordinates":[[-48.7389816252805,-26.87859780142201],[-48.738970720556885,-26.87846502710889],[-48.738957200694216,-26.878284760664346],[-48.738945090914726,-26.87812678219918],[-48.73893747228733,-26.878056077304237]]},"properties":{"objectid":5463,"nome":"Vala","sourceLayer":"valas-0"}},{"type":"Feature","geometry":{"type":"LineString","coordinates":[[-48.726644753350534,-26.87837123767932],[-48.726562034668746,-26.878567287030886]]},"properties":{"objectid":5467,"nome":"Vala","sourceLayer":"valas-0"}},{"type":"Feature","geometry":{"type":"LineString","coordinates":[[-48.728933933546514,-26.878391894209734],[-48.72889519331224,-26.877945365718727],[-48.728875967579974,-26.877682846180125],[-48.72885219587834,-26.877409269786785],[-48.72883361584724,-26.877166655193246],[-48.72882106335158,-26.876931867921034],[-48.72879532971974,-26.876667588619586],[-48.72878111452561,-26.87645838441579],[-48.728780438354256,-26.87639032948399],[-48.728784683766904,-26.876367897784043],[-48.72879866508659,-26.87634473280419],[-48.72880867450463,-26.876325940420237],[-48.72880928455179,-26.87629014269455],[-48.72879704029372,-26.876119768437896],[-48.72879312458059,-26.875970178020808],[-48.72873388415941,-26.875559678748722]]},"properties":{"objectid":5468,"nome":"Vala","sourceLayer":"valas-0"}},{"type":"Feature","geometry":{"type":"MultiLineString","coordinates":[[[-48.739882821472655,-26.878414583439596],[-48.73989622559577,-26.87855744658309],[-48.7399143017209,-26.878788090661786],[-48.739941400064865,-26.87908913446665],[-48.73996428425373,-26.87933229493112],[-48.739987445592135,-26.87958884145479],[-48.74,-26.87971345843018]],[[-48.74,-26.88031490506874],[-48.739978443030104,-26.880324104985313]]]},"properties":{"objectid":5473,"nome":"Vala","sourceLayer":"valas-0"}},{"type":"Feature","geometry":{"type":"LineString","coordinates":[[-48.74,-26.878415832212596],[-48.73997826700269,-26.878416808210815],[-48.73991764585129,-26.87841401799649],[-48.739882821472655,-26.878414583439596]]},"properties":{"objectid":5474,"nome":"Vala","sourceLayer":"valas-0"}},{"type":"Feature","geometry":{"type":"LineString","coordinates":[[-48.73612855339017,-26.87809138653498],[-48.73626737739898,-26.878087204903487],[-48.73640006046631,-26.87808035362788],[-48.7365928051774,-26.878065313763617],[-48.736689378984785,-26.87806038520303],[-48.73674705913602,-26.87806110816887]]},"properties":{"objectid":5483,"nome":"Vala","sourceLayer":"valas-0"}},{"type":"Feature","geometry":{"type":"LineString","coordinates":[[-48.73674705913602,-26.87806110816887],[-48.73677554507833,-26.87806146442],[-48.73679590399801,-26.878058369412564],[-48.736814807230154,-26.8780523695369],[-48.73682972250702,-26.878043225680567]]},"properties":{"objectid":5484,"nome":"Vala","sourceLayer":"valas-0"}},{"type":"Feature","geometry":{"type":"LineString","coordinates":[[-48.736979800893465,-26.87805322256052],[-48.736932184285166,-26.878055431463725],[-48.73685858431002,-26.878060276151423],[-48.73683994782224,-26.87805637314602],[-48.73683358856485,-26.878049962187358],[-48.73682972250702,-26.878043225680567]]},"properties":{"objectid":5485,"nome":"Vala","sourceLayer":"valas-0"}},{"type":"Feature","geometry":{"type":"LineString","coordinates":[[-48.73682972250702,-26.878043225680567],[-48.73682670260099,-26.87803796380706],[-48.736813375867385,-26.878020413201437],[-48.73672767268951,-26.877953878180588],[-48.736602966019994,-26.87785346443979],[-48.73641971195086,-26.877706328997572],[-48.736281580002625,-26.87759218196957],[-48.73608827185827,-26.87743698942005],[-48.736070346324325,-26.877428727120428],[-48.73605139940956,-26.877423087228813]]},"properties":{"objectid":5486,"nome":"Vala","sourceLayer":"valas-0"}},{"type":"Feature","geometry":{"type":"LineString","coordinates":[[-48.738564272162705,-26.878067586157766],[-48.73858539172464,-26.878067732959508],[-48.73860672167594,-26.878068129497],[-48.73865090263911,-26.878068950523396],[-48.73871826356735,-26.87806909035937],[-48.73878749352239,-26.878063658535126],[-48.738925119446485,-26.87805712766505],[-48.73893747228733,-26.878056077304237]]},"properties":{"objectid":5487,"nome":"Vala","sourceLayer":"valas-0"}},{"type":"Feature","geometry":{"type":"LineString","coordinates":[[-48.73848752179648,-26.878064317812125],[-48.73847976017805,-26.878061465418217],[-48.738169166532515,-26.878038110154137],[-48.73795291730452,-26.878024502724923],[-48.7378155985519,-26.878021877633536],[-48.737793515834305,-26.87802188675823]]},"properties":{"objectid":5488,"nome":"Vala","sourceLayer":"valas-0"}},{"type":"Feature","geometry":{"type":"LineString","coordinates":[[-48.73893747228733,-26.878056077304237],[-48.73910142109789,-26.87804213700119],[-48.73920976299348,-26.87803671551967],[-48.739342946160725,-26.87802293589166],[-48.73941321868211,-26.878017755984352]]},"properties":{"objectid":5489,"nome":"Vala","sourceLayer":"valas-0"}},{"type":"Feature","geometry":{"type":"LineString","coordinates":[[-48.72848258937365,-26.87787323014783],[-48.72843921047793,-26.87785410807291],[-48.728404545716934,-26.87783749686889],[-48.72834844375089,-26.877813784235066],[-48.72828282769505,-26.877787256331953],[-48.72816726113997,-26.87773517796866],[-48.728100772221296,-26.877698709868792]]},"properties":{"objectid":5491,"nome":"Vala","sourceLayer":"valas-0"}},{"type":"Feature","geometry":{"type":"LineString","coordinates":[[-48.737793515834305,-26.87802188675823],[-48.737782091614015,-26.878018856544404],[-48.737763434479305,-26.87801735296037],[-48.73762642560012,-26.878022767215622],[-48.73743117998242,-26.878030694992344],[-48.73719894343209,-26.878043936494763],[-48.73701852070215,-26.878050133799768]]},"properties":{"objectid":5492,"nome":"Vala","sourceLayer":"valas-0"}},{"type":"Feature","geometry":{"type":"LineString","coordinates":[[-48.73941321868211,-26.878017755984352],[-48.73942573302418,-26.878016832704045],[-48.739506268329734,-26.878006346300214],[-48.73958642460643,-26.877999127897866],[-48.739643735138294,-26.87799744052017],[-48.73968748434043,-26.87799098050851],[-48.73970268249828,-26.877983439114928],[-48.73972696948987,-26.877965610754252],[-48.739789462356825,-26.8779196387491],[-48.739820547990256,-26.87789292346593],[-48.73984918461466,-26.877875793693267]]},"properties":{"objectid":5493,"nome":"Vala","sourceLayer":"valas-0"}},{"type":"Feature","geometry":{"type":"LineString","coordinates":[[-48.736070719648914,-26.877923412364375],[-48.73606105354111,-26.877719271783032],[-48.7360542377655,-26.877551065738295],[-48.736049709381334,-26.877454158764177],[-48.73605139940956,-26.877423087228813]]},"properties":{"objectid":5494,"nome":"Vala","sourceLayer":"valas-0"}},{"type":"Feature","geometry":{"type":"LineString","coordinates":[[-48.73984071303675,-26.877931937165737],[-48.739854482651744,-26.87809107385457],[-48.73987430039723,-26.87832375648559],[-48.739882821472655,-26.878414583439596]]},"properties":{"objectid":5495,"nome":"Vala","sourceLayer":"valas-0"}},{"type":"Feature","geometry":{"type":"LineString","coordinates":[[-48.728100772221296,-26.877698709868792],[-48.72808576279549,-26.87768088236087],[-48.72808056198897,-26.877649685751635],[-48.72808347428791,-26.87758594001739],[-48.72808106609236,-26.877488176485656],[-48.72807978726626,-26.877474478343718],[-48.728072943901985,-26.877401177554884],[-48.72806952950755,-26.877217416654116],[-48.728057795975275,-26.87714654783332],[-48.72804181820414,-26.87708033237939],[-48.72803245654945,-26.87699115393972]]},"properties":{"objectid":5496,"nome":"Vala","sourceLayer":"valas-0"}},{"type":"Feature","geometry":{"type":"LineString","coordinates":[[-48.73973593202515,-26.877836750651383],[-48.73964038522882,-26.87783458277807],[-48.73945180967656,-26.877835500628834],[-48.73921873641385,-26.877838622777023],[-48.7389813861588,-26.877839064368008],[-48.738662691605796,-26.87784675590631],[-48.73855141887949,-26.87784755189008],[-48.73854390019933,-26.8778497851225],[-48.73853567164215,-26.87785395900283],[-48.73853140932581,-26.877861004827516],[-48.738529818021156,-26.877872744676417],[-48.738530923716965,-26.877904907880733],[-48.73854252855294,-26.87801118466112],[-48.73855132111436,-26.878045456336935],[-48.73855890371875,-26.8780623553042],[-48.738564272162705,-26.878067586157766]]},"properties":{"objectid":5499,"nome":"Vala","sourceLayer":"valas-0"}},{"type":"Feature","geometry":{"type":"LineString","coordinates":[[-48.73272435147276,-26.877496597003574],[-48.732614687094554,-26.87744185272173],[-48.732396729312136,-26.877326919758772],[-48.73219304377237,-26.87722349268503],[-48.73212959367193,-26.877191018949294],[-48.732086682245296,-26.877171042737743],[-48.73203305202045,-26.877145733278528]]},"properties":{"objectid":5505,"nome":"Vala","sourceLayer":"valas-0"}},{"type":"Feature","geometry":{"type":"LineString","coordinates":[[-48.72761321783823,-26.87736367491598],[-48.72775578263206,-26.877471367572532],[-48.72790596824364,-26.877594130905162],[-48.72797138476258,-26.877649089341073],[-48.728020568099396,-26.877678024330248],[-48.72805515856358,-26.87768943900902],[-48.728100772221296,-26.877698709868792]]},"properties":{"objectid":5506,"nome":"Vala","sourceLayer":"valas-0"}},{"type":"Feature","geometry":{"type":"LineString","coordinates":[[-48.73605139940956,-26.877423087228813],[-48.736043317164444,-26.877387096809063],[-48.73603891973833,-26.877246405685053],[-48.736030788468284,-26.877135721831127],[-48.73602934728008,-26.877037264279387],[-48.7360191326818,-26.876881852913286],[-48.73600893294454,-26.876741399986788],[-48.735998270218566,-26.876573684571913],[-48.73598546122275,-26.876393737162804],[-48.73598093126868,-26.87628948777268],[-48.73597126898105,-26.876145246820716],[-48.73596133751509,-26.87602016790856],[-48.73596631241391,-26.875995700846634],[-48.735992574536915,-26.875971783431375],[-48.73599778945616,-26.87595769213931],[-48.73599733321892,-26.875930443295935],[-48.735988823745075,-26.87589074776116],[-48.735987558179744,-26.875856390838646],[-48.73599098415301,-26.875814965268546],[-48.73598409295266,-26.875771175959148],[-48.73597983802843,-26.875667365051694],[-48.735975995908156,-26.875563796300288],[-48.73597425095948,-26.87545861327544],[-48.73596633395788,-26.875302541112042],[-48.73595320061177,-26.875153968679218],[-48.73593943053286,-26.875009776486905],[-48.73592067307125,-26.87487018088405],[-48.73591905745534,-26.874794259350992],[-48.735911997509675,-26.87467718881475],[-48.73590249694764,-26.87454700347653],[-48.7358940257498,-26.874422479496605],[-48.73587909455117,-26.87425121756669],[-48.73586844036061,-26.874224567846653],[-48.735850640599125,-26.874200426136447],[-48.73584342900996,-26.874177262729113],[-48.7358407117684,-26.87410491260257],[-48.73583068728753,-26.874005211041442],[-48.73582858017015,-26.873886290427862],[-48.73581808598419,-26.87375314985463],[-48.73581214006037,-26.873645120819308],[-48.73580524520632,-26.873559914125202],[-48.735797580233005,-26.873415087867883],[-48.73578694746809,-26.873316220347043],[-48.735785871893675,-26.873263293014098],[-48.73579251008074,-26.87321388254923]]},"properties":{"objectid":5508,"nome":"Vala","sourceLayer":"valas-0"}},{"type":"Feature","geometry":{"type":"LineString","coordinates":[[-48.73203464998374,-26.877171747811634],[-48.73203305202045,-26.877145733278528]]},"properties":{"objectid":5510,"nome":"Vala","sourceLayer":"valas-0"}},{"type":"Feature","geometry":{"type":"LineString","coordinates":[[-48.73203305202045,-26.877145733278528],[-48.73201466229879,-26.87684646936961],[-48.73197633145822,-26.876164861041136],[-48.73194281177003,-26.875697991316],[-48.7319148205147,-26.875299192221874]]},"properties":{"objectid":5511,"nome":"Vala","sourceLayer":"valas-0"}},{"type":"Feature","geometry":{"type":"LineString","coordinates":[[-48.727031913112405,-26.87701315268211],[-48.72701237780327,-26.876994299253496]]},"properties":{"objectid":5512,"nome":"Vala","sourceLayer":"valas-0"}},{"type":"Feature","geometry":{"type":"LineString","coordinates":[[-48.72745126368412,-26.877006297286236],[-48.727365013755815,-26.87703894563915],[-48.72732101686685,-26.877050486756183],[-48.72728961079526,-26.877055869954507],[-48.72727504270436,-26.877053064473632],[-48.72726187724407,-26.87704342923771],[-48.72724769115166,-26.877021330052322],[-48.727241174148354,-26.876994416040283],[-48.7272531126694,-26.876916843800114],[-48.72728553957909,-26.876832770542524],[-48.72733419171203,-26.87671489525363],[-48.72740271581303,-26.87655869753722],[-48.727482246182475,-26.876368537963923],[-48.72755146616841,-26.876212292685263],[-48.72760572391237,-26.876080034813633],[-48.72767285893282,-26.875918882668692],[-48.72774806611148,-26.875753778532488]]},"properties":{"objectid":5514,"nome":"Vala","sourceLayer":"valas-0"}},{"type":"Feature","geometry":{"type":"LineString","coordinates":[[-48.72701237780327,-26.876994299253496],[-48.72698761105424,-26.876970087708752]]},"properties":{"objectid":5515,"nome":"Vala","sourceLayer":"valas-0"}},{"type":"Feature","geometry":{"type":"LineString","coordinates":[[-48.72701237780327,-26.876994299253496],[-48.727018376742436,-26.87698569343669],[-48.72702521555343,-26.876976103021914],[-48.72703236402599,-26.876955663794906],[-48.72716389660739,-26.87666538927944],[-48.72726859507745,-26.87642749347784],[-48.72738471157087,-26.87616894454223],[-48.7274735356328,-26.87595773405618],[-48.72757005664783,-26.875722181821338],[-48.72764176569449,-26.875552605763456],[-48.72769709437726,-26.875420162904614],[-48.72773825913004,-26.87530707450522],[-48.72775478704942,-26.875233520627035]]},"properties":{"objectid":5516,"nome":"Vala","sourceLayer":"valas-0"}},{"type":"Feature","geometry":{"type":"LineString","coordinates":[[-48.73278433692222,-26.87707665235179],[-48.73278310472078,-26.877082472357312],[-48.73278164051976,-26.877084436963305],[-48.73277846111174,-26.87708606810713],[-48.732773698453435,-26.877086855312484],[-48.73276490031219,-26.877086534508027],[-48.73275711402079,-26.877086946492835],[-48.7327488287686,-26.87708790367309],[-48.73274124484346,-26.87708846239543],[-48.73273729267422,-26.877089835667174],[-48.73273522135536,-26.877091360959522],[-48.73273473328637,-26.877093730190666],[-48.73273629273553,-26.87709606911452],[-48.73274414943233,-26.877101457433454],[-48.73275216188739,-26.87710484029079],[-48.73275897200687,-26.877109168573156],[-48.732760293355554,-26.87711103349629],[-48.732759925323585,-26.877116212190128],[-48.73275946004946,-26.87711708642016],[-48.7327537341607,-26.87711929306683],[-48.7327453635579,-26.87712291292245],[-48.73274247085214,-26.87712717119988],[-48.73274112566193,-26.87713194615394],[-48.7327411851336,-26.877141067313442],[-48.73274281592203,-26.877149210164575],[-48.73274667376567,-26.877158966252264],[-48.73275147206736,-26.87716365390896],[-48.73275797367937,-26.87716685097652],[-48.73276679756341,-26.877170823525724],[-48.73277433676378,-26.87717840512629],[-48.73277945380937,-26.877185980337778],[-48.7327858968764,-26.877190346045467],[-48.73279969289326,-26.87719710395686]]},"properties":{"objectid":5517,"nome":"Vala","sourceLayer":"valas-0"}},{"type":"Feature","geometry":{"type":"LineString","coordinates":[[-48.72803245654945,-26.87699115393972],[-48.72802917256189,-26.87695987174222],[-48.728018624107364,-26.87684298605971]]},"properties":{"objectid":5518,"nome":"Vala","sourceLayer":"valas-0"}},{"type":"Feature","geometry":{"type":"LineString","coordinates":[[-48.72764288179737,-26.876972651051478],[-48.72803245654945,-26.87699115393972]]},"properties":{"objectid":5519,"nome":"Vala","sourceLayer":"valas-0"}},{"type":"Feature","geometry":{"type":"LineString","coordinates":[[-48.731729911881914,-26.87699976706397],[-48.73192555096529,-26.87709557610505],[-48.73203305202045,-26.877145733278528]]},"properties":{"objectid":5520,"nome":"Vala","sourceLayer":"valas-0"}},{"type":"Feature","geometry":{"type":"LineString","coordinates":[[-48.731638641356945,-26.876950825108437],[-48.73169237131233,-26.876981008661094]]},"properties":{"objectid":5521,"nome":"Vala","sourceLayer":"valas-0"}},{"type":"Feature","geometry":{"type":"LineString","coordinates":[[-48.728018624107364,-26.87684298605971],[-48.72801671617311,-26.876821848807065],[-48.72800987431707,-26.87664734066721],[-48.727988177736414,-26.876613671332134],[-48.72796479990553,-26.876581494682576]]},"properties":{"objectid":5522,"nome":"Vala","sourceLayer":"valas-0"}},{"type":"Feature","geometry":{"type":"LineString","coordinates":[[-48.72769294088548,-26.87682306261047],[-48.728018624107364,-26.87684298605971]]},"properties":{"objectid":5523,"nome":"Vala","sourceLayer":"valas-0"}},{"type":"Feature","geometry":{"type":"LineString","coordinates":[[-48.72796479990553,-26.876581494682576],[-48.727959321208346,-26.876534006131482],[-48.72795696440284,-26.876474733028697]]},"properties":{"objectid":5526,"nome":"Vala","sourceLayer":"valas-0"}},{"type":"Feature","geometry":{"type":"LineString","coordinates":[[-48.727506746924355,-26.876532109995946],[-48.72796479990553,-26.876581494682576]]},"properties":{"objectid":5528,"nome":"Vala","sourceLayer":"valas-0"}},{"type":"Feature","geometry":{"type":"LineString","coordinates":[[-48.72795696440284,-26.876474733028697],[-48.727955214803856,-26.87643073648575],[-48.72794407516865,-26.876323789926793],[-48.72793461902967,-26.876270635874523]]},"properties":{"objectid":5529,"nome":"Vala","sourceLayer":"valas-0"}},{"type":"Feature","geometry":{"type":"LineString","coordinates":[[-48.727668847729596,-26.876469259236043],[-48.72795696440284,-26.876474733028697]]},"properties":{"objectid":5530,"nome":"Vala","sourceLayer":"valas-0"}},{"type":"Feature","geometry":{"type":"LineString","coordinates":[[-48.727745412755,-26.87626844164995],[-48.72793461902967,-26.876270635874523]]},"properties":{"objectid":5532,"nome":"Vala","sourceLayer":"valas-0"}},{"type":"Feature","geometry":{"type":"LineString","coordinates":[[-48.72793461902967,-26.876270635874523],[-48.72791234767867,-26.87614545669559]]},"properties":{"objectid":5533,"nome":"Vala","sourceLayer":"valas-0"}},{"type":"Feature","geometry":{"type":"LineString","coordinates":[[-48.72770367862633,-26.876184084067425],[-48.72791234767867,-26.87614545669559]]},"properties":{"objectid":5534,"nome":"Vala","sourceLayer":"valas-0"}},{"type":"Feature","geometry":{"type":"LineString","coordinates":[[-48.72791234767867,-26.87614545669559],[-48.72791157019344,-26.876009737850854],[-48.72791222438445,-26.875845607548527]]},"properties":{"objectid":5535,"nome":"Vala","sourceLayer":"valas-0"}},{"type":"Feature","geometry":{"type":"LineString","coordinates":[[-48.72791222438445,-26.875845607548527],[-48.72774806611148,-26.875753778532488]]},"properties":{"objectid":5536,"nome":"Vala","sourceLayer":"valas-0"}},{"type":"Feature","geometry":{"type":"LineString","coordinates":[[-48.72813752804823,-26.875847710649822],[-48.728111551371015,-26.8758396662356],[-48.72807931688545,-26.875818912098453],[-48.72802569304135,-26.875779023061224],[-48.72799436586849,-26.87576115871382],[-48.727955461492904,-26.87574286745756]]},"properties":{"objectid":5537,"nome":"Vala","sourceLayer":"valas-0"}},{"type":"Feature","geometry":{"type":"LineString","coordinates":[[-48.72774806611148,-26.875753778532488],[-48.727765295330634,-26.87571595592416]]},"properties":{"objectid":5540,"nome":"Vala","sourceLayer":"valas-0"}},{"type":"Feature","geometry":{"type":"LineString","coordinates":[[-48.727955461492904,-26.87574286745756],[-48.72794809482052,-26.875775688498916],[-48.72794479932712,-26.87579077052976],[-48.727939951772655,-26.87580541427314],[-48.7279341760108,-26.875820025940023],[-48.72792753771672,-26.875831774689626],[-48.727921364256915,-26.87583980468775],[-48.72791222438445,-26.875845607548527]]},"properties":{"objectid":5541,"nome":"Vala","sourceLayer":"valas-0"}},{"type":"Feature","geometry":{"type":"LineString","coordinates":[[-48.72793175809989,-26.875279014389942],[-48.727922723832286,-26.875315414812615],[-48.727909444267596,-26.875362310162163],[-48.72788825854777,-26.87541782942818],[-48.72788159210354,-26.875447791930213],[-48.72788170702554,-26.875475102904392],[-48.727890857299066,-26.875507973925778],[-48.72791825610849,-26.875557011708075],[-48.727938217134934,-26.875578627045787],[-48.72796522116606,-26.875595076312297],[-48.72797532675796,-26.8756056432304],[-48.72798167734087,-26.875625286185254],[-48.7279744618452,-26.875669971501114],[-48.727955911086205,-26.875740866731334],[-48.727955461492904,-26.87574286745756]]},"properties":{"objectid":5544,"nome":"Vala","sourceLayer":"valas-0"}},{"type":"Feature","geometry":{"type":"LineString","coordinates":[[-48.72778417543771,-26.875248034612895],[-48.72775478704942,-26.875233520627035]]},"properties":{"objectid":5545,"nome":"Vala","sourceLayer":"valas-0"}},{"type":"Feature","geometry":{"type":"LineString","coordinates":[[-48.72775478704942,-26.875233520627035],[-48.727750079290594,-26.875231112962485]]},"properties":{"objectid":5547,"nome":"Vala","sourceLayer":"valas-0"}},{"type":"Feature","geometry":{"type":"LineString","coordinates":[[-48.727750079290594,-26.875231112962485],[-48.72772995426708,-26.875220820746655]]},"properties":{"objectid":5548,"nome":"Vala","sourceLayer":"valas-0"}},{"type":"Feature","geometry":{"type":"LineString","coordinates":[[-48.7319097211075,-26.87525586022023],[-48.73189360663766,-26.87503529342076],[-48.7318649393811,-26.87473069607812]]},"properties":{"objectid":5549,"nome":"Vala","sourceLayer":"valas-0"}},{"type":"Feature","geometry":{"type":"LineString","coordinates":[[-48.727375394288444,-26.874810173821682],[-48.72744719953651,-26.87463048649283],[-48.72753718770541,-26.87440517301153],[-48.72768024006838,-26.87405884307642],[-48.72773447485935,-26.873926657795575]]},"properties":{"objectid":5555,"nome":"Vala","sourceLayer":"valas-0"}},{"type":"Feature","geometry":{"type":"LineString","coordinates":[[-48.73186222678747,-26.874707537057155],[-48.73185142645774,-26.87455997388791],[-48.731835755830936,-26.87431062861044],[-48.73179874745909,-26.87373575659525],[-48.73177719975719,-26.87338062507149]]},"properties":{"objectid":5558,"nome":"Vala","sourceLayer":"valas-0"}},{"type":"Feature","geometry":{"type":"LineString","coordinates":[[-48.72794625635993,-26.873810433172068],[-48.72796735968502,-26.87377013512445],[-48.728025324151126,-26.873656933229487],[-48.7280912707549,-26.873528575729306],[-48.72813588961856,-26.87343638935599],[-48.72818135349927,-26.873330625608364],[-48.72821862135717,-26.873242099555092],[-48.728255007124446,-26.8731636135349],[-48.728313624025446,-26.87304080002035],[-48.72838144744715,-26.872897354625362],[-48.728453069000565,-26.87272846602501],[-48.72851425288968,-26.872582832726373],[-48.72860756499783,-26.87236214450869],[-48.72874019946457,-26.87203899211344],[-48.72881748235905,-26.87185882426538],[-48.72888918246036,-26.87168996279552],[-48.7289840168588,-26.8714567212118],[-48.7290787917446,-26.871231773035362],[-48.72914924701122,-26.871053606929344],[-48.72915368942027,-26.87104164230958],[-48.72918808861909,-26.87095427908319],[-48.72926131800356,-26.870768552510086],[-48.72933413346242,-26.87057653544428],[-48.72938860582011,-26.870421038224748],[-48.72944274706375,-26.870267650102523],[-48.7295029865502,-26.87010064897051],[-48.729551136369764,-26.869958223170922],[-48.729587228371344,-26.86984391987736],[-48.72963450981037,-26.869698609373295],[-48.72965048431674,-26.869641557535633]]},"properties":{"objectid":5564,"nome":"Vala","sourceLayer":"valas-0"}},{"type":"Feature","geometry":{"type":"LineString","coordinates":[[-48.72840785850448,-26.873764622685503],[-48.72834910789464,-26.873902913845427],[-48.72829562008207,-26.87402802444468],[-48.72823921929339,-26.87415225701176],[-48.7281704250406,-26.874307361695912],[-48.728098724564894,-26.874462756209947],[-48.7280346296898,-26.87461105517905],[-48.727978619422,-26.874741090342557],[-48.727901752271265,-26.87493359892818],[-48.727853714476986,-26.87504880770743],[-48.727807386891016,-26.875152718189614],[-48.727779690477234,-26.875190111634396],[-48.727750079290594,-26.875231112962485]]},"properties":{"objectid":5566,"nome":"Vala","sourceLayer":"valas-0"}},{"type":"Feature","geometry":{"type":"LineString","coordinates":[[-48.728414514472085,-26.873750873447786],[-48.728460718429616,-26.873643321114034],[-48.72851564951535,-26.8735180793168],[-48.728545145757735,-26.87344690150854],[-48.72855236489449,-26.873415854067648],[-48.72855594366071,-26.87338508470768],[-48.728555875022124,-26.873367679791652],[-48.728555005340965,-26.87335143338005]]},"properties":{"objectid":5567,"nome":"Vala","sourceLayer":"valas-0"}},{"type":"Feature","geometry":{"type":"LineString","coordinates":[[-48.73044258236028,-26.873689379785727],[-48.73057035742409,-26.873691248431026],[-48.73055982168807,-26.873559792868654]]},"properties":{"objectid":5568,"nome":"Vala","sourceLayer":"valas-0"}},{"type":"Feature","geometry":{"type":"LineString","coordinates":[[-48.730701328060654,-26.87367173049731],[-48.73065237365514,-26.873505380765714],[-48.73056381838405,-26.873514422123197]]},"properties":{"objectid":5569,"nome":"Vala","sourceLayer":"valas-0"}},{"type":"Feature","geometry":{"type":"LineString","coordinates":[[-48.730564660572156,-26.87352253788534],[-48.73056381838405,-26.873514422123197]]},"properties":{"objectid":5573,"nome":"Vala","sourceLayer":"valas-0"}},{"type":"Feature","geometry":{"type":"LineString","coordinates":[[-48.73056381838405,-26.873514422123197],[-48.73055958423497,-26.873514854061792]]},"properties":{"objectid":5574,"nome":"Vala","sourceLayer":"valas-0"}},{"type":"Feature","geometry":{"type":"LineString","coordinates":[[-48.72858778263259,-26.873356132444076],[-48.728555005340965,-26.87335143338005]]},"properties":{"objectid":5575,"nome":"Vala","sourceLayer":"valas-0"}},{"type":"Feature","geometry":{"type":"LineString","coordinates":[[-48.728555005340965,-26.87335143338005],[-48.72849893407653,-26.87335457749729]]},"properties":{"objectid":5576,"nome":"Vala","sourceLayer":"valas-0"}},{"type":"Feature","geometry":{"type":"LineString","coordinates":[[-48.739833462575916,-26.872685327881882],[-48.73984748144677,-26.8727727449107],[-48.739855559982146,-26.872878124174093],[-48.73987152240669,-26.873052027729265],[-48.73989010299919,-26.873281692701994],[-48.73991356557271,-26.87356385231199],[-48.73994158145722,-26.873875370408474],[-48.73995953828076,-26.874083839291135],[-48.739991270366396,-26.874432959054353],[-48.74,-26.874542822059883]]},"properties":{"objectid":5579,"nome":"Vala","sourceLayer":"valas-0"}},{"type":"Feature","geometry":{"type":"LineString","coordinates":[[-48.72943027991306,-26.871429406090076],[-48.729377021507595,-26.871515620661476],[-48.72932678977989,-26.87160018272992],[-48.72931062294882,-26.87161693233171],[-48.72929064282349,-26.87163133652953],[-48.72927532094919,-26.871649562585393],[-48.72926299041628,-26.87167193656755],[-48.72924362099405,-26.87172889314662],[-48.729232579273074,-26.871756767540052],[-48.72920666583699,-26.871814479867144],[-48.72916986418032,-26.871896612644154],[-48.72914014913994,-26.87196146091601],[-48.7291247617807,-26.87199902096919],[-48.72910506513413,-26.87204590990277],[-48.72906616771204,-26.872143120541246],[-48.72904254171809,-26.8721993074506],[-48.729034596350814,-26.872224460161537],[-48.729007520497134,-26.87229112955666],[-48.72894676290006,-26.872434959642497],[-48.728902862527036,-26.872536213102137],[-48.72887383443941,-26.872602773466454],[-48.72881899453263,-26.87273281255985],[-48.72875683443113,-26.872879672986098],[-48.72870029558224,-26.873013638350308],[-48.72865449048336,-26.87312255810588],[-48.72861844983552,-26.87320085937442],[-48.72857401655864,-26.87329375372579],[-48.72856104189098,-26.873319236149122],[-48.72855563452368,-26.873331741135598],[-48.728555005340965,-26.87335143338005]]},"properties":{"objectid":5585,"nome":"Vala","sourceLayer":"valas-0"}},{"type":"Feature","geometry":{"type":"LineString","coordinates":[[-48.73746961996614,-26.871233196166564],[-48.73746536680486,-26.871172378265896]]},"properties":{"objectid":5587,"nome":"Vala","sourceLayer":"valas-0"}},{"type":"Feature","geometry":{"type":"LineString","coordinates":[[-48.73746536680486,-26.871172378265896],[-48.737457171763296,-26.871055173097183],[-48.73745075100487,-26.870870089168434],[-48.737447161889996,-26.870697642566114],[-48.73743804425335,-26.870559759963125],[-48.73742992975094,-26.87030928935838],[-48.73742050189123,-26.870134782785993],[-48.73741294039506,-26.869959937897733],[-48.73740552347455,-26.869777326972063],[-48.737395271871236,-26.86951612981198],[-48.73738709159106,-26.869319651230423],[-48.737381960463324,-26.869209282488523],[-48.73737758702162,-26.86911776647566],[-48.73737955261167,-26.86910804690556],[-48.73738319689519,-26.869098265778394],[-48.737398468086816,-26.86909539054707],[-48.737633256249474,-26.869084171405113],[-48.73787758652071,-26.869071507301527],[-48.73807743119284,-26.869063289923414],[-48.73827730422599,-26.869055517626236],[-48.738500574971155,-26.86904497901604],[-48.73870852689033,-26.86903632196147],[-48.73892612765397,-26.8690262162519],[-48.73908826219716,-26.869017681809762],[-48.73925133912163,-26.869012712528342],[-48.73938652267218,-26.869008062037498],[-48.73943685245111,-26.86900443535833],[-48.73944517603788,-26.868999142057444],[-48.739448096813454,-26.86899375238396]]},"properties":{"objectid":5588,"nome":"Vala","sourceLayer":"valas-0"}},{"type":"Feature","geometry":{"type":"LineString","coordinates":[[-48.73332075441942,-26.8710301859163],[-48.733309996121434,-26.871007990688973],[-48.73331205626914,-26.8709962746765],[-48.7333222514449,-26.870972646820363],[-48.73331628936622,-26.870923150757054],[-48.733291430973836,-26.87075012574704],[-48.73328730194391,-26.870654899190253],[-48.73328018454781,-26.870602987667223]]},"properties":{"objectid":5589,"nome":"Vala","sourceLayer":"valas-0"}},{"type":"Feature","geometry":{"type":"LineString","coordinates":[[-48.73401466270733,-26.870993638934696],[-48.73399545679936,-26.870953764522117],[-48.73398354090762,-26.87092355772369],[-48.73397533209693,-26.870831343097564],[-48.73396746013131,-26.870703417387308],[-48.73395929556359,-26.87057886126388]]},"properties":{"objectid":5591,"nome":"Vala","sourceLayer":"valas-0"}},{"type":"Feature","geometry":{"type":"LineString","coordinates":[[-48.7334541357751,-26.870965212960055],[-48.73342593527146,-26.87078129134429],[-48.733413419054585,-26.87067035745631],[-48.73340783859239,-26.870594111517935]]},"properties":{"objectid":5592,"nome":"Vala","sourceLayer":"valas-0"}},{"type":"Feature","geometry":{"type":"LineString","coordinates":[[-48.73496511382261,-26.87097671772343],[-48.73495386993639,-26.870872049297645],[-48.73494717804784,-26.870765184174452],[-48.734941680508115,-26.870665291622153],[-48.73494077975264,-26.87059659396248],[-48.73494192205148,-26.870542975706666]]},"properties":{"objectid":5593,"nome":"Vala","sourceLayer":"valas-0"}},{"type":"Feature","geometry":{"type":"LineString","coordinates":[[-48.74,-26.87100822591141],[-48.739887287791035,-26.871013888880892],[-48.739664275228655,-26.87102440566467],[-48.739436279993285,-26.87104025711209],[-48.73920238689042,-26.87105099614282],[-48.738991983186004,-26.871067934270165],[-48.73878880082089,-26.8710821828248],[-48.7385951572477,-26.87110031813964],[-48.7383741996284,-26.87111901224395],[-48.73815382700924,-26.87113743379782],[-48.73793076547106,-26.871149437895756],[-48.73774304748642,-26.871169661336793],[-48.73756542668064,-26.871175934505374],[-48.73747658664636,-26.8711775016096],[-48.73746536680486,-26.871172378265896]]},"properties":{"objectid":5594,"nome":"Vala","sourceLayer":"valas-0"}},{"type":"Feature","geometry":{"type":"LineString","coordinates":[[-48.729600943778614,-26.870758052790844],[-48.729685218842114,-26.870627249936465],[-48.72974595520952,-26.87051248260485],[-48.729802633668896,-26.870394764887713],[-48.729848087736514,-26.870298913735695],[-48.72988795674718,-26.87020150543183],[-48.72993290292175,-26.870085182031108],[-48.72996822593402,-26.86999187630628],[-48.7300015708182,-26.86990354289436],[-48.730033993573734,-26.869814671231815],[-48.73005781837931,-26.869741375852993],[-48.73008806478311,-26.869658381183065]]},"properties":{"objectid":5595,"nome":"Vala","sourceLayer":"valas-0"}},{"type":"Feature","geometry":{"type":"LineString","coordinates":[[-48.73655417213875,-26.870847105588993],[-48.736554615072514,-26.870798147196812],[-48.73655515367973,-26.870686847734063],[-48.7365509026503,-26.870566792609036],[-48.736545623979765,-26.87048433270246]]},"properties":{"objectid":5596,"nome":"Vala","sourceLayer":"valas-0"}},{"type":"Feature","geometry":{"type":"LineString","coordinates":[[-48.73711698152705,-26.87084904072535],[-48.73712370424329,-26.87074178492639],[-48.73712801970963,-26.870609778593245],[-48.73713039665299,-26.870516193990568],[-48.737130135163056,-26.870461917854097]]},"properties":{"objectid":5597,"nome":"Vala","sourceLayer":"valas-0"}},{"type":"Feature","geometry":{"type":"LineString","coordinates":[[-48.74,-26.86816921551528],[-48.73990168103002,-26.86814554466347],[-48.73982968395646,-26.86812987600559],[-48.73971006424719,-26.868100640484773],[-48.73963384906958,-26.868079855898813],[-48.73951977873871,-26.868053772846668],[-48.73945965503925,-26.86803788876439],[-48.7393698476104,-26.868020981020695]]},"properties":{"objectid":5598,"nome":"Vala","sourceLayer":"valas-0"}},{"type":"Feature","geometry":{"type":"LineString","coordinates":[[-48.73328018454781,-26.870602987667223],[-48.733280054561796,-26.870602996411147],[-48.733104920978725,-26.870605652562652],[-48.7329616521238,-26.87061151094357],[-48.732747161386285,-26.870616744224364],[-48.73258919153861,-26.870625480673056],[-48.73244004650419,-26.870627175042962],[-48.7323907982417,-26.870637429729676],[-48.7322692973874,-26.870675560236702],[-48.73215311179888,-26.87071121479088],[-48.73200201484883,-26.870758464867677],[-48.73187514383153,-26.870797671174017],[-48.73175953346488,-26.870843666831487],[-48.73165778009153,-26.870880215075555],[-48.73154139653002,-26.87090741985383],[-48.731423447051476,-26.8709239432038],[-48.73129365588251,-26.87095047583488],[-48.731193979596654,-26.870981312964137],[-48.731160568368594,-26.87099513445023],[-48.731144927341084,-26.871009053602435],[-48.73113983067127,-26.87103237600744],[-48.731145073565905,-26.871049958800338],[-48.731151545886725,-26.871078087567]]},"properties":{"objectid":5599,"nome":"Vala","sourceLayer":"valas-0"}},{"type":"Feature","geometry":{"type":"LineString","coordinates":[[-48.73340783859239,-26.870594111517935],[-48.73328018454781,-26.870602987667223]]},"properties":{"objectid":5600,"nome":"Vala","sourceLayer":"valas-0"}},{"type":"Feature","geometry":{"type":"LineString","coordinates":[[-48.73395929556359,-26.87057886126388],[-48.733821037409115,-26.87058394536317],[-48.73365445769339,-26.870591173171693],[-48.73345146447236,-26.87059107796406],[-48.73340783859239,-26.870594111517935]]},"properties":{"objectid":5601,"nome":"Vala","sourceLayer":"valas-0"}},{"type":"Feature","geometry":{"type":"LineString","coordinates":[[-48.73494192205148,-26.870542975706666],[-48.73484822270346,-26.87054633406008],[-48.73468711896789,-26.87055539443677],[-48.73452560599465,-26.87055459595538],[-48.734359853646446,-26.87056227014499],[-48.73418542379534,-26.870567382778383],[-48.73401776573726,-26.870576710884887],[-48.73395929556359,-26.87057886126388]]},"properties":{"objectid":5602,"nome":"Vala","sourceLayer":"valas-0"}},{"type":"Feature","geometry":{"type":"LineString","coordinates":[[-48.736545623979765,-26.87048433270246],[-48.73647313048991,-26.870487527408766],[-48.73628474353939,-26.870492685256302],[-48.73612824866941,-26.87050159642497],[-48.735962651091036,-26.870511304611984],[-48.73580610204844,-26.870518236368294],[-48.735650272516686,-26.870520975840623],[-48.735483684099925,-26.870526826727517],[-48.73529893647332,-26.870528268417406],[-48.73513835824615,-26.870533330831535],[-48.73495812485105,-26.870542395292066],[-48.73494192205148,-26.870542975706666]]},"properties":{"objectid":5603,"nome":"Vala","sourceLayer":"valas-0"}},{"type":"Feature","geometry":{"type":"LineString","coordinates":[[-48.736689696471544,-26.870478386072758],[-48.73662163349886,-26.870480984015483],[-48.736545623979765,-26.87048433270246]]},"properties":{"objectid":5604,"nome":"Vala","sourceLayer":"valas-0"}},{"type":"Feature","geometry":{"type":"LineString","coordinates":[[-48.737130135163056,-26.870461917854097],[-48.73706335863722,-26.87046333364117],[-48.73695064955071,-26.87046668852311],[-48.736775593404786,-26.870475108161887],[-48.736689696471544,-26.870478386072758]]},"properties":{"objectid":5605,"nome":"Vala","sourceLayer":"valas-0"}},{"type":"Feature","geometry":{"type":"LineString","coordinates":[[-48.73733424842099,-26.870454889966346],[-48.73719195563039,-26.870460606757323],[-48.737130135163056,-26.870461917854097]]},"properties":{"objectid":5606,"nome":"Vala","sourceLayer":"valas-0"}},{"type":"Feature","geometry":{"type":"LineString","coordinates":[[-48.7367104781574,-26.870056147263675],[-48.73671085636935,-26.870110313359394],[-48.73669981691728,-26.870246893893025],[-48.736698203894846,-26.870340050314383],[-48.736691644632145,-26.870417914783193],[-48.736689696471544,-26.870478386072758]]},"properties":{"objectid":5608,"nome":"Vala","sourceLayer":"valas-0"}},{"type":"Feature","geometry":{"type":"LineString","coordinates":[[-48.7373222294204,-26.870019680751852],[-48.7371589690207,-26.870024141220636],[-48.73704400849208,-26.87002778953395],[-48.73693265598875,-26.870031565036733],[-48.736820120250606,-26.870035635551865],[-48.73673330681265,-26.870042758630866],[-48.73671891134301,-26.870047382333777],[-48.7367104781574,-26.870056147263675]]},"properties":{"objectid":5609,"nome":"Vala","sourceLayer":"valas-0"}},{"type":"Feature","geometry":{"type":"LineString","coordinates":[[-48.73632706341899,-26.869831920445197],[-48.73624329890893,-26.869884718478506],[-48.73616827128734,-26.8699270922992],[-48.73609976542071,-26.86997648339959],[-48.73604768183408,-26.87002215057151],[-48.73603851287008,-26.870033245542917],[-48.73603978073872,-26.870038248322146],[-48.736040593778355,-26.870045220192587],[-48.7360496218855,-26.870050488109474],[-48.7360777534934,-26.870054587534323],[-48.736125371645905,-26.87005273796439],[-48.73618585886184,-26.870052320123243],[-48.73632200791954,-26.87004523071618],[-48.736408186826104,-26.870042885257515],[-48.736488519612934,-26.870042489244778],[-48.73658216151839,-26.87004502551104],[-48.736665027468085,-26.870044057212866],[-48.73669440396172,-26.870047041168394],[-48.736703630249785,-26.870051151660352],[-48.7367104781574,-26.870056147263675]]},"properties":{"objectid":5610,"nome":"Vala","sourceLayer":"valas-0"}},{"type":"Feature","geometry":{"type":"LineString","coordinates":[[-48.7364722832062,-26.869738482062623],[-48.736475418671425,-26.869686860336223],[-48.73648601515668,-26.86961632352843],[-48.736528944618144,-26.86947667297281],[-48.736566576583364,-26.869335674088536],[-48.73661091129937,-26.869180528262543],[-48.73664349632378,-26.869053888701742],[-48.736680938438425,-26.868930236457693],[-48.7367081070458,-26.868835146629547],[-48.73671344689507,-26.868809706178673],[-48.73671632056663,-26.868781526972572],[-48.736752357540155,-26.868690573469657],[-48.73679062843244,-26.868530549198777]]},"properties":{"objectid":5611,"nome":"Vala","sourceLayer":"valas-0"}},{"type":"Feature","geometry":{"type":"LineString","coordinates":[[-48.734812652404536,-26.86955099280827],[-48.73485226489328,-26.869740436161923],[-48.73485037649531,-26.869745514689143],[-48.734842687429385,-26.8697512212769],[-48.73457743480609,-26.869764248466886],[-48.734561786846584,-26.869763705157528],[-48.734550766391855,-26.86976166758034],[-48.734543187749786,-26.869755424697637],[-48.73453678295653,-26.869747893881225],[-48.73451502031576,-26.869597623517567],[-48.73449656783852,-26.86947085023081],[-48.73447002954529,-26.86933077142525]]},"properties":{"objectid":5616,"nome":"Vala","sourceLayer":"valas-0"}},{"type":"Feature","geometry":{"type":"LineString","coordinates":[[-48.72970700390212,-26.869467554819114],[-48.72973511157161,-26.869358447644117]]},"properties":{"objectid":5617,"nome":"Vala","sourceLayer":"valas-0"}},{"type":"Feature","geometry":{"type":"LineString","coordinates":[[-48.73016359473176,-26.869400483789608],[-48.7301660064844,-26.86936825798869]]},"properties":{"objectid":5619,"nome":"Vala","sourceLayer":"valas-0"}},{"type":"Feature","geometry":{"type":"LineString","coordinates":[[-48.739515605459815,-26.869521084550215],[-48.73949942154175,-26.86935799244052],[-48.73948458053518,-26.86916366428486],[-48.739474287164086,-26.869044644992737],[-48.739467175972806,-26.869024654580524],[-48.73945243883514,-26.869005339925778],[-48.739448096813454,-26.86899375238396]]},"properties":{"objectid":5621,"nome":"Vala","sourceLayer":"valas-0"}},{"type":"Feature","geometry":{"type":"LineString","coordinates":[[-48.7301660064844,-26.86936825798869],[-48.73014029506873,-26.86937067500485]]},"properties":{"objectid":5622,"nome":"Vala","sourceLayer":"valas-0"}},{"type":"Feature","geometry":{"type":"LineString","coordinates":[[-48.7301660064844,-26.86936825798869],[-48.73019506886475,-26.869367601344784]]},"properties":{"objectid":5623,"nome":"Vala","sourceLayer":"valas-0"}},{"type":"Feature","geometry":{"type":"LineString","coordinates":[[-48.733811483230674,-26.869375285780503],[-48.73394004610141,-26.869365675523575],[-48.7340961406882,-26.8693527903944],[-48.73422411765641,-26.86934480572939],[-48.734370237687486,-26.869339403228967],[-48.73443974036821,-26.869339509723982],[-48.73447002954529,-26.86933077142525]]},"properties":{"objectid":5624,"nome":"Vala","sourceLayer":"valas-0"}},{"type":"Feature","geometry":{"type":"LineString","coordinates":[[-48.73447002954529,-26.86933077142525],[-48.734467304556986,-26.869316385898777],[-48.73445520613069,-26.86918459937616]]},"properties":{"objectid":5625,"nome":"Vala","sourceLayer":"valas-0"}},{"type":"Feature","geometry":{"type":"LineString","coordinates":[[-48.73505218761994,-26.86901031089351],[-48.73514294247347,-26.8689627687152],[-48.73522632157196,-26.8689273275002],[-48.73528253470258,-26.868900190165846],[-48.735360742452606,-26.86886707192134],[-48.73544326778416,-26.86883230275309],[-48.73550837288262,-26.868804529027017],[-48.73557695252648,-26.86877746704299],[-48.735676467803835,-26.86873441023504],[-48.73570773340077,-26.868722966400274]]},"properties":{"objectid":5626,"nome":"Vala","sourceLayer":"valas-0"}},{"type":"Feature","geometry":{"type":"LineString","coordinates":[[-48.73023807925576,-26.868894901750476],[-48.7302260444953,-26.868972973768553],[-48.73019506031327,-26.86917488388014],[-48.730179272378884,-26.869293442866333],[-48.73017174869981,-26.86932823975625],[-48.7301660064844,-26.86936825798869]]},"properties":{"objectid":5627,"nome":"Vala","sourceLayer":"valas-0"}},{"type":"Feature","geometry":{"type":"LineString","coordinates":[[-48.739448096813454,-26.86899375238396],[-48.73943232427858,-26.868859862260262],[-48.739413663495085,-26.868652385533554],[-48.73941323097565,-26.86864777337072]]},"properties":{"objectid":5629,"nome":"Vala","sourceLayer":"valas-0"}},{"type":"Feature","geometry":{"type":"LineString","coordinates":[[-48.735552001555384,-26.868840758003824],[-48.73558606039524,-26.868834728582733],[-48.73568994535139,-26.86882392249702],[-48.73572186924931,-26.868819641178234]]},"properties":{"objectid":5630,"nome":"Vala","sourceLayer":"valas-0"}},{"type":"Feature","geometry":{"type":"LineString","coordinates":[[-48.73026574773924,-26.86874079370424],[-48.73028833592365,-26.868504139546175],[-48.73031205290594,-26.868275551596415],[-48.730310738013685,-26.868256794614915],[-48.730306484203446,-26.868250965912377],[-48.730300901008256,-26.868245847744426]]},"properties":{"objectid":5631,"nome":"Vala","sourceLayer":"valas-0"}},{"type":"Feature","geometry":{"type":"LineString","coordinates":[[-48.73572186924931,-26.868819641178234],[-48.73570715693944,-26.868737554395256],[-48.73570773340077,-26.868722966400274]]},"properties":{"objectid":5632,"nome":"Vala","sourceLayer":"valas-0"}},{"type":"Feature","geometry":{"type":"LineString","coordinates":[[-48.73530174154827,-26.868794913358975],[-48.735285734224455,-26.868658106104885],[-48.73526983589475,-26.868492504116222],[-48.73524811157195,-26.868323100543776],[-48.73523158538829,-26.86818350178947],[-48.73521329726799,-26.86802875503556],[-48.735190232400306,-26.867843159751025],[-48.735175404003584,-26.867702747114322],[-48.73515859322358,-26.86755047239717],[-48.735145741153744,-26.86741904831602],[-48.73513727294235,-26.867338036232407],[-48.73514143466625,-26.867322595133203]]},"properties":{"objectid":5633,"nome":"Vala","sourceLayer":"valas-0"}},{"type":"Feature","geometry":{"type":"LineString","coordinates":[[-48.73657464008153,-26.868745191340263],[-48.736520185743174,-26.868748106566713],[-48.7363509342035,-26.868762600278767],[-48.7361737142375,-26.868778139300282],[-48.7359813069869,-26.86879395725113],[-48.73585349222355,-26.868808732618742],[-48.73572186924931,-26.868819641178234]]},"properties":{"objectid":5635,"nome":"Vala","sourceLayer":"valas-0"}},{"type":"Feature","geometry":{"type":"LineString","coordinates":[[-48.73570773340077,-26.868722966400274],[-48.73575661147786,-26.86870507610255],[-48.73584658456034,-26.868666340623538],[-48.73595466127703,-26.868619685541756],[-48.73605978844149,-26.868575761773506],[-48.73617214018953,-26.868530645120746],[-48.736271011023945,-26.86848768945001],[-48.736359728199524,-26.86845182046295],[-48.73645881904725,-26.868406097636235],[-48.736542871255395,-26.8683651144716],[-48.73659700511032,-26.868335741278297],[-48.73668510544314,-26.868293950198638],[-48.73678271703287,-26.868244932027853],[-48.736835840957546,-26.86822912634128],[-48.736851732954435,-26.86822837105265]]},"properties":{"objectid":5636,"nome":"Vala","sourceLayer":"valas-0"}},{"type":"Feature","geometry":{"type":"LineString","coordinates":[[-48.735698181991836,-26.86867690175405],[-48.73568927771006,-26.86855381920731],[-48.735666176835394,-26.86838867486321],[-48.73564709192134,-26.868224950367345],[-48.735623029474155,-26.868020449817703],[-48.73560490743724,-26.86785097856142],[-48.73558455138588,-26.867663738226486],[-48.73556899760505,-26.867516679120296],[-48.7355579700775,-26.86738123226588],[-48.73554250848822,-26.867306762825102],[-48.73553892825285,-26.86727661212767],[-48.735540758082536,-26.867265530409014]]},"properties":{"objectid":5637,"nome":"Vala","sourceLayer":"valas-0"}},{"type":"Feature","geometry":{"type":"LineString","coordinates":[[-48.73898846423998,-26.86865178694763],[-48.739011018626485,-26.868657567145558],[-48.73913659802887,-26.86865412137843],[-48.73927619896089,-26.868655578201086],[-48.73937069957039,-26.868654861213194],[-48.739401731487355,-26.86865018935796],[-48.73941323097565,-26.86864777337072]]},"properties":{"objectid":5638,"nome":"Vala","sourceLayer":"valas-0"}},{"type":"Feature","geometry":{"type":"LineString","coordinates":[[-48.73941323097565,-26.86864777337072],[-48.7393940361603,-26.86844326801076],[-48.73937775762663,-26.868243868486573],[-48.73936478515853,-26.86810747461242],[-48.739357753590056,-26.868047722272316],[-48.739361523450015,-26.868031264001537],[-48.7393698476104,-26.868020981020695]]},"properties":{"objectid":5640,"nome":"Vala","sourceLayer":"valas-0"}},{"type":"Feature","geometry":{"type":"LineString","coordinates":[[-48.73680516950032,-26.868458630696374],[-48.73683026512223,-26.86833286199039],[-48.736851732954435,-26.86822837105265]]},"properties":{"objectid":5641,"nome":"Vala","sourceLayer":"valas-0"}},{"type":"Feature","geometry":{"type":"LineString","coordinates":[[-48.729930947127464,-26.86828937306265],[-48.72990473780979,-26.86850219650186],[-48.72986988526407,-26.868704402651897],[-48.7298470253189,-26.86883553827499],[-48.72981044901579,-26.869043172031212],[-48.72978615186074,-26.86917028215456],[-48.72976895817361,-26.869239206968174],[-48.72974059855362,-26.869346876106057]]},"properties":{"objectid":5643,"nome":"Vala","sourceLayer":"valas-0"}},{"type":"Feature","geometry":{"type":"LineString","coordinates":[[-48.72811519885812,-26.868222644473178],[-48.72809483713337,-26.8682225886935]]},"properties":{"objectid":5645,"nome":"Vala","sourceLayer":"valas-0"}},{"type":"Feature","geometry":{"type":"LineString","coordinates":[[-48.72993976499067,-26.868241018646504],[-48.729966515753624,-26.86802183616915],[-48.72998820852869,-26.86774282631659],[-48.729993111237484,-26.867539804096175],[-48.72998670850033,-26.8672705405624],[-48.72997659008283,-26.867063569712673],[-48.729970880903586,-26.86698451321506],[-48.729944261036195,-26.866709075140164],[-48.72989742595652,-26.866389441243744]]},"properties":{"objectid":5646,"nome":"Vala","sourceLayer":"valas-0"}},{"type":"Feature","geometry":{"type":"LineString","coordinates":[[-48.730300901008256,-26.868245847744426],[-48.73029379482043,-26.868241712249294]]},"properties":{"objectid":5647,"nome":"Vala","sourceLayer":"valas-0"}},{"type":"Feature","geometry":{"type":"LineString","coordinates":[[-48.73031384260287,-26.868242776124777],[-48.730300901008256,-26.868245847744426]]},"properties":{"objectid":5648,"nome":"Vala","sourceLayer":"valas-0"}},{"type":"Feature","geometry":{"type":"LineString","coordinates":[[-48.73034761813669,-26.868234759826926],[-48.73031384260287,-26.868242776124777]]},"properties":{"objectid":5649,"nome":"Vala","sourceLayer":"valas-0"}},{"type":"Feature","geometry":{"type":"LineString","coordinates":[[-48.730319205622166,-26.868225716544888],[-48.73031384260287,-26.868242776124777]]},"properties":{"objectid":5650,"nome":"Vala","sourceLayer":"valas-0"}},{"type":"Feature","geometry":{"type":"LineString","coordinates":[[-48.736851732954435,-26.86822837105265],[-48.736870249782925,-26.868227490852195],[-48.73693679867949,-26.868216519844182],[-48.73704456631389,-26.86820302964373],[-48.73719220150122,-26.86818599678782]]},"properties":{"objectid":5651,"nome":"Vala","sourceLayer":"valas-0"}},{"type":"Feature","geometry":{"type":"LineString","coordinates":[[-48.73723749710968,-26.868182645821932],[-48.73725977969306,-26.86817442302401],[-48.737282929045826,-26.8681546590427],[-48.73729548650633,-26.868136960815434],[-48.73730692213114,-26.868128149165436]]},"properties":{"objectid":5653,"nome":"Vala","sourceLayer":"valas-0"}},{"type":"Feature","geometry":{"type":"LineString","coordinates":[[-48.73730692213114,-26.868128149165436],[-48.73732183306132,-26.868124105801765],[-48.737376023757726,-26.868118799931814],[-48.73746332888754,-26.86810934599224],[-48.7375841204418,-26.868103038122083],[-48.737710528465215,-26.868092662457954],[-48.73782702857719,-26.86808851202595],[-48.73795688286504,-26.868079611785678],[-48.738112972917754,-26.868068624411844],[-48.738299200041695,-26.868054386730574],[-48.73842896543225,-26.868044692271184],[-48.738513799554966,-26.868039157202798],[-48.73863782520007,-26.86803188763193],[-48.73877503913548,-26.868022184821502],[-48.73886921832031,-26.868016707951284],[-48.739000972502225,-26.868011086897628],[-48.739117824305566,-26.868001242902405],[-48.73923697409279,-26.867987874480967],[-48.739263065172494,-26.867987090793495],[-48.73929110100192,-26.86799224390302],[-48.73930175058948,-26.86799668383211]]},"properties":{"objectid":5654,"nome":"Vala","sourceLayer":"valas-0"}},{"type":"Feature","geometry":{"type":"LineString","coordinates":[[-48.73154232360797,-26.86794883214012],[-48.7320449310024,-26.86793334773959],[-48.73251784672495,-26.867921732159328],[-48.73319755481029,-26.867897938629774],[-48.733277572344,-26.86788940458269],[-48.73329107226607,-26.867887798204862],[-48.73330568389077,-26.86788342829246],[-48.733335466065945,-26.86788036665642],[-48.733381085842254,-26.867883310440813]]},"properties":{"objectid":5655,"nome":"Vala","sourceLayer":"valas-0"}},{"type":"Feature","geometry":{"type":"LineString","coordinates":[[-48.73930175058948,-26.86799668383211],[-48.73933584698774,-26.86801090163009],[-48.7393698476104,-26.868020981020695]]},"properties":{"objectid":5656,"nome":"Vala","sourceLayer":"valas-0"}},{"type":"Feature","geometry":{"type":"LineString","coordinates":[[-48.729861629220856,-26.86731482414488],[-48.72984117967754,-26.86707229484477],[-48.72983553459946,-26.86700368528677]]},"properties":{"objectid":5661,"nome":"Vala","sourceLayer":"valas-0"}},{"type":"Feature","geometry":{"type":"LineString","coordinates":[[-48.73482444870283,-26.867367932867943],[-48.735051612860694,-26.867334649704002],[-48.735065914895124,-26.867332730223406]]},"properties":{"objectid":5662,"nome":"Vala","sourceLayer":"valas-0"}},{"type":"Feature","geometry":{"type":"LineString","coordinates":[[-48.735065914895124,-26.867332730223406],[-48.73514143466625,-26.867322595133203]]},"properties":{"objectid":5668,"nome":"Vala","sourceLayer":"valas-0"}},{"type":"Feature","geometry":{"type":"LineString","coordinates":[[-48.73514143466625,-26.867322595133203],[-48.73521410210797,-26.867312842045333],[-48.73533489141094,-26.86729322389577],[-48.73548442315105,-26.867274383975207],[-48.735540758082536,-26.867265530409014]]},"properties":{"objectid":5670,"nome":"Vala","sourceLayer":"valas-0"}},{"type":"Feature","geometry":{"type":"LineString","coordinates":[[-48.735540758082536,-26.867265530409014],[-48.735627455444785,-26.867251905711118],[-48.73577448073702,-26.86723396296124]]},"properties":{"objectid":5672,"nome":"Vala","sourceLayer":"valas-0"}},{"type":"Feature","geometry":{"type":"LineString","coordinates":[[-48.73577448073702,-26.86723396296124],[-48.735905382173044,-26.867216044150542],[-48.73601164237966,-26.86719655176768],[-48.736113131617145,-26.867174546224906],[-48.73622216181153,-26.867165822860144],[-48.736341187741026,-26.867164498161955],[-48.73642987048769,-26.86715227921277],[-48.73643265599001,-26.867132062777983],[-48.736437075444776,-26.867090992374067]]},"properties":{"objectid":5673,"nome":"Vala","sourceLayer":"valas-0"}},{"type":"Feature","geometry":{"type":"LineString","coordinates":[[-48.73577448073702,-26.86723396296124],[-48.73575463557757,-26.867123289825972],[-48.73573693148855,-26.867024600428888],[-48.73573269163706,-26.86693886768523],[-48.73572998810117,-26.866816076713082],[-48.73573639557286,-26.866741500201236],[-48.73573046074,-26.866648062190677],[-48.73572631954564,-26.866602428079375],[-48.73565643199258,-26.866409201223966],[-48.735626258208605,-26.866312498629],[-48.735617695623475,-26.866266912782233],[-48.7356083862184,-26.866179822713942],[-48.735604740814104,-26.86600996796162],[-48.735611054615376,-26.865864640046986],[-48.735620906855566,-26.865713075101645],[-48.73563139851736,-26.86554072779424],[-48.735624724349705,-26.865416573636594],[-48.73561391102371,-26.865293807002622],[-48.73561712645808,-26.865259136505987],[-48.735621690914144,-26.865248978501253]]},"properties":{"objectid":5674,"nome":"Vala","sourceLayer":"valas-0"}},{"type":"Feature","geometry":{"type":"LineString","coordinates":[[-48.736437075444776,-26.867090992374067],[-48.736448132166295,-26.867096604104432],[-48.73654474659912,-26.867097349599664],[-48.736733137719725,-26.867094073731636],[-48.73691747070324,-26.867084425338827],[-48.737061979390354,-26.86707808532239],[-48.73714152479479,-26.86706967504329]]},"properties":{"objectid":5675,"nome":"Vala","sourceLayer":"valas-0"}},{"type":"Feature","geometry":{"type":"LineString","coordinates":[[-48.73714152479479,-26.86706967504329],[-48.73716067056363,-26.867190121286388],[-48.73717876359094,-26.86730916359029],[-48.73718818543659,-26.86741108548315],[-48.73719404053021,-26.867488828474468],[-48.7372010983803,-26.86759839602543],[-48.73721238274241,-26.867698807249827],[-48.73722819385376,-26.867818950999116],[-48.73723435977382,-26.86790210829329],[-48.737239183464396,-26.86800769722399],[-48.7372537025899,-26.868076595909027],[-48.737266637210304,-26.86810125693982],[-48.73728424217628,-26.868120144843076],[-48.73730692213114,-26.868128149165436]]},"properties":{"objectid":5676,"nome":"Vala","sourceLayer":"valas-0"}},{"type":"Feature","geometry":{"type":"LineString","coordinates":[[-48.73714152479479,-26.86706967504329],[-48.73728028880081,-26.867046147549523],[-48.73741245756355,-26.86703384826391],[-48.737528950132095,-26.867024209161205],[-48.737641769489585,-26.867012767598172],[-48.737735945718704,-26.86700143264682],[-48.73783383439814,-26.866984467978682],[-48.73786102650349,-26.866976687366463],[-48.73790658098943,-26.866978353457842],[-48.737925546330445,-26.86697353384294],[-48.73793490560926,-26.866966605710466]]},"properties":{"objectid":5677,"nome":"Vala","sourceLayer":"valas-0"}},{"type":"Feature","geometry":{"type":"LineString","coordinates":[[-48.73037473547993,-26.866941937355055],[-48.730378546212435,-26.86712931747791],[-48.73038091394632,-26.867335189177027],[-48.73038091430683,-26.86760860676743],[-48.73037887821924,-26.86778073893699]]},"properties":{"objectid":5678,"nome":"Vala","sourceLayer":"valas-0"}},{"type":"Feature","geometry":{"type":"LineString","coordinates":[[-48.73793490560926,-26.866966605710466],[-48.73794123869948,-26.866974305794738],[-48.737950376091824,-26.8669805978186],[-48.73801928477059,-26.866982876919447],[-48.738228038577596,-26.86699324711403],[-48.73853930190649,-26.867009958673005],[-48.73882390020188,-26.867026024419026],[-48.739077361590354,-26.867037955346472],[-48.73922602816277,-26.867046584633513],[-48.73923916036171,-26.86705505856633],[-48.739251295368355,-26.867073547362665],[-48.73925871917144,-26.867127944482807],[-48.73927454434621,-26.867292306065693],[-48.73929274458612,-26.867472689983096],[-48.73931349400776,-26.867669247022977],[-48.73933808753347,-26.867901763536633],[-48.73933596807738,-26.867944974505246],[-48.73932047367302,-26.8679774415892],[-48.7393124152211,-26.86799045333899],[-48.73930175058948,-26.86799668383211]]},"properties":{"objectid":5679,"nome":"Vala","sourceLayer":"valas-0"}},{"type":"Feature","geometry":{"type":"LineString","coordinates":[[-48.73036321257694,-26.86680802651965],[-48.73031951185064,-26.866637325524913],[-48.73027915833281,-26.866446758405928],[-48.730226576705206,-26.866204007133753],[-48.73020201683939,-26.86611907695598],[-48.730194249983874,-26.866105151848643],[-48.73018431923879,-26.866086765438823]]},"properties":{"objectid":5680,"nome":"Vala","sourceLayer":"valas-0"}},{"type":"Feature","geometry":{"type":"LineString","coordinates":[[-48.7312387612677,-26.86663776986706],[-48.731473689238435,-26.866630633989214],[-48.73163966285256,-26.866624692878876],[-48.73202078434662,-26.866612326945816],[-48.732356589313135,-26.866593394703294],[-48.73271194696025,-26.866572233197054],[-48.73307025971622,-26.866562279774044],[-48.733233155614535,-26.866559593095506],[-48.733291577718,-26.866554804271075],[-48.73330944244734,-26.86654780804908],[-48.73333316515763,-26.86654138861449],[-48.73335502766081,-26.866538684525768],[-48.73338020487548,-26.86653925447322],[-48.73342730489084,-26.866550292626883]]},"properties":{"objectid":5683,"nome":"Vala","sourceLayer":"valas-0"}},{"type":"Feature","geometry":{"type":"LineString","coordinates":[[-48.73046644071618,-26.866589933345043],[-48.7304453688027,-26.86648074077832],[-48.73041121054563,-26.86627465712134],[-48.73039203987635,-26.866169024587904],[-48.730378548558164,-26.866087575213268],[-48.730373877975964,-26.866079794127742],[-48.73037038011475,-26.866079145930776],[-48.73036762320757,-26.866078530392237],[-48.73034529761459,-26.86608190251864]]},"properties":{"objectid":5684,"nome":"Vala","sourceLayer":"valas-0"}},{"type":"Feature","geometry":{"type":"LineString","coordinates":[[-48.72988697709611,-26.86632984402417],[-48.729823601457525,-26.86604129472285],[-48.72976245795351,-26.86580004551699],[-48.72968777805483,-26.86553343911321],[-48.72961048777389,-26.865289222144956],[-48.72955012227963,-26.86511393494306],[-48.729511469428964,-26.865]]},"properties":{"objectid":5689,"nome":"Vala","sourceLayer":"valas-0"}},{"type":"Feature","geometry":{"type":"LineString","coordinates":[[-48.73507901764329,-26.8662915118336],[-48.73506977709725,-26.86638376442481],[-48.73507623529649,-26.866458891865364],[-48.73507456451585,-26.8665760499598],[-48.73507073421852,-26.866656202501087],[-48.73506663356968,-26.866754362835906],[-48.735040768294745,-26.866858240587707],[-48.735025487848276,-26.866930308566417],[-48.73502646061253,-26.867001966565585],[-48.73502947980412,-26.86712069520233],[-48.73504510525029,-26.867227215342485],[-48.73506266014588,-26.867326494417227],[-48.735065914895124,-26.867332730223406]]},"properties":{"objectid":5690,"nome":"Vala","sourceLayer":"valas-0"}},{"type":"Feature","geometry":{"type":"LineString","coordinates":[[-48.73018431923879,-26.866086765438823],[-48.73012997994214,-26.86609330435646]]},"properties":{"objectid":5691,"nome":"Vala","sourceLayer":"valas-0"}},{"type":"Feature","geometry":{"type":"LineString","coordinates":[[-48.73022022340697,-26.866086404565447],[-48.73018982559894,-26.866085900903318]]},"properties":{"objectid":5692,"nome":"Vala","sourceLayer":"valas-0"}},{"type":"Feature","geometry":{"type":"LineString","coordinates":[[-48.73018982559894,-26.866085900903318],[-48.73018495369676,-26.866086688995402],[-48.73018431923879,-26.866086765438823]]},"properties":{"objectid":5693,"nome":"Vala","sourceLayer":"valas-0"}},{"type":"Feature","geometry":{"type":"LineString","coordinates":[[-48.731155404610796,-26.86594711363346],[-48.73149474364446,-26.865936697915295],[-48.73165503359551,-26.865932992919024],[-48.7316891300444,-26.865927159940163],[-48.73174424840043,-26.865917930968966],[-48.73178975110848,-26.86591590804154],[-48.73187387710357,-26.865914720789274],[-48.73203419076146,-26.865911692582102],[-48.73221626464618,-26.865904272847047],[-48.73240703144499,-26.86589907525303],[-48.732724360614654,-26.865885284619207],[-48.73288457763027,-26.865882106791187],[-48.73328501670773,-26.86586565231149],[-48.7332888033336,-26.865863830535066],[-48.73329366246172,-26.865859241887584],[-48.73330236217298,-26.865851841432125],[-48.733314789655054,-26.865847083606557],[-48.73333189825191,-26.865845703863346],[-48.73334573395064,-26.865847682897684],[-48.73336626498851,-26.86585537539255],[-48.73338182183805,-26.865856624873317],[-48.73339633017168,-26.86585398960635],[-48.733410924285465,-26.865850030006136],[-48.73343127670095,-26.86584624489902],[-48.73344872424581,-26.865846941715166],[-48.73346420698318,-26.865852008289146],[-48.73348112682697,-26.86586064817591],[-48.7334981950571,-26.865870122505417]]},"properties":{"objectid":5694,"nome":"Vala","sourceLayer":"valas-0"}},{"type":"Feature","geometry":{"type":"LineString","coordinates":[[-48.7378529912927,-26.866011342501196],[-48.73785598403718,-26.866055266097376],[-48.737868433546815,-26.866202825002784],[-48.73788250635745,-26.866354822912523],[-48.737898770923366,-26.866537299412187],[-48.737913951486554,-26.866729800198367],[-48.73793050120868,-26.866952602155003],[-48.73793490560926,-26.866966605710466]]},"properties":{"objectid":5695,"nome":"Vala","sourceLayer":"valas-0"}},{"type":"Feature","geometry":{"type":"LineString","coordinates":[[-48.73632428602849,-26.865888124371722],[-48.73633628166761,-26.865996078944157],[-48.73635099694439,-26.86616856124846],[-48.73636462911215,-26.866296707437446],[-48.73637345709893,-26.8664069865236],[-48.73638492616692,-26.866529155375733],[-48.7363952213254,-26.86663529041821],[-48.73640316616284,-26.86673565178936],[-48.736421916262394,-26.866856219005953],[-48.736431418839864,-26.866945969875612],[-48.73643294979319,-26.86708351439991],[-48.736437075444776,-26.867090992374067]]},"properties":{"objectid":5699,"nome":"Vala","sourceLayer":"valas-0"}},{"type":"Feature","geometry":{"type":"LineString","coordinates":[[-48.73632428602849,-26.865888124371722],[-48.73636159209101,-26.865884824331346],[-48.73646598963383,-26.865890279004535],[-48.73664360072311,-26.86590408454498],[-48.7367715946761,-26.865913693757115],[-48.73693168106389,-26.865929870552698],[-48.7370356822633,-26.865935829250063],[-48.737110259627485,-26.865942093657086],[-48.73725454504094,-26.865958114496525],[-48.73740006566046,-26.865972544083455],[-48.73757535136797,-26.865990658362044],[-48.73771418649938,-26.865999074897903],[-48.737827621098276,-26.866010966100333],[-48.7378344251889,-26.866011632754407],[-48.7378529912927,-26.866011342501196]]},"properties":{"objectid":5700,"nome":"Vala","sourceLayer":"valas-0"}},{"type":"Feature","geometry":{"type":"LineString","coordinates":[[-48.72805871668254,-26.86563380095176],[-48.727993672011124,-26.865630931201324]]},"properties":{"objectid":5702,"nome":"Vala","sourceLayer":"valas-0"}},{"type":"Feature","geometry":{"type":"LineString","coordinates":[[-48.73701739509328,-26.865326651130623],[-48.737021657354354,-26.865337223094805],[-48.73702576688205,-26.86533853610786],[-48.737067476841204,-26.865338735740494],[-48.737175350941946,-26.865346545006933],[-48.73728080883544,-26.8653467339538],[-48.73750250183018,-26.865329102368065],[-48.737777833358386,-26.86531502846374],[-48.7377885045197,-26.865317509603987]]},"properties":{"objectid":5705,"nome":"Vala","sourceLayer":"valas-0"}},{"type":"Feature","geometry":{"type":"LineString","coordinates":[[-48.7377885045197,-26.865317509603987],[-48.73779353856673,-26.86532328290313],[-48.73779499999414,-26.86534293024189],[-48.73780777347873,-26.86546601879199],[-48.73782271633866,-26.865663679655405],[-48.73784493821188,-26.86589315046076],[-48.7378529912927,-26.866011342501196]]},"properties":{"objectid":5706,"nome":"Vala","sourceLayer":"valas-0"}},{"type":"Feature","geometry":{"type":"LineString","coordinates":[[-48.7377885045197,-26.865317509603987],[-48.7377952575164,-26.865295009352856],[-48.73780001414772,-26.86528731985965],[-48.73781056098578,-26.865278656363333],[-48.737836392544715,-26.86527455041931],[-48.737857596039966,-26.865270764750274],[-48.73786432806303,-26.865259529538058],[-48.7378506190278,-26.865096840607336],[-48.73784278082648,-26.865]]},"properties":{"objectid":5707,"nome":"Vala","sourceLayer":"valas-0"}},{"type":"Feature","geometry":{"type":"LineString","coordinates":[[-48.736250709856655,-26.865289233872236],[-48.73625884222536,-26.865394217939375],[-48.73626081604681,-26.86546314764514],[-48.73628340915582,-26.86562138183576],[-48.73630528414144,-26.865765708484467],[-48.73632260587358,-26.865873004762978],[-48.73632428602849,-26.865888124371722]]},"properties":{"objectid":5708,"nome":"Vala","sourceLayer":"valas-0"}},{"type":"Feature","geometry":{"type":"LineString","coordinates":[[-48.73625070105565,-26.86528912002165],[-48.736250709856655,-26.865289233872236]]},"properties":{"objectid":5709,"nome":"Vala","sourceLayer":"valas-0"}},{"type":"Feature","geometry":{"type":"LineString","coordinates":[[-48.73625070105565,-26.86528912002165],[-48.73628084827818,-26.865288205106218],[-48.73639275638773,-26.865292320861396],[-48.73653272220771,-26.86530130983728],[-48.73665220114282,-26.865310185295822],[-48.7367448483913,-26.865316340438667],[-48.73684127680482,-26.865320844122653],[-48.73694145706187,-26.865325977282257],[-48.736977894687634,-26.86532949205456],[-48.73699554213299,-26.86533515695104],[-48.73700794778015,-26.86533325471759],[-48.73701739509328,-26.865326651130623]]},"properties":{"objectid":5710,"nome":"Vala","sourceLayer":"valas-0"}},{"type":"Feature","geometry":{"type":"LineString","coordinates":[[-48.735621690914144,-26.865248978501253],[-48.73565809310574,-26.8652517927372],[-48.73581393877038,-26.865263284920943],[-48.73600397189294,-26.865274714659787],[-48.73614449665221,-26.86527751309473],[-48.736236747575994,-26.865283708244323],[-48.736250709856655,-26.865289233872236]]},"properties":{"objectid":5711,"nome":"Vala","sourceLayer":"valas-0"}},{"type":"Feature","geometry":{"type":"LineString","coordinates":[[-48.73561905861179,-26.86524877477722],[-48.735621690914144,-26.865248978501253]]},"properties":{"objectid":5712,"nome":"Vala","sourceLayer":"valas-0"}},{"type":"Feature","geometry":{"type":"LineString","coordinates":[[-48.73464871249198,-26.86517129989025],[-48.73483696251478,-26.86518710568715],[-48.73502600735947,-26.865198982045538],[-48.73519959234685,-26.865215704721447],[-48.73536213198392,-26.86522413887667],[-48.73553620120737,-26.865242370591464],[-48.73561905861179,-26.86524877477722]]},"properties":{"objectid":5713,"nome":"Vala","sourceLayer":"valas-0"}},{"type":"Feature","geometry":{"type":"LineString","coordinates":[[-48.73535347116792,-26.86518232912621],[-48.7353492572479,-26.86506253355479],[-48.73534614455654,-26.865]]},"properties":{"objectid":5714,"nome":"Vala","sourceLayer":"valas-0"}},{"type":"Feature","geometry":{"type":"LineString","coordinates":[[-48.73558541071422,-26.865],[-48.73559223872398,-26.86504607190632],[-48.735609139512846,-26.865160317636448],[-48.73561579587729,-26.865240617525085],[-48.73561905861179,-26.86524877477722]]},"properties":{"objectid":5715,"nome":"Vala","sourceLayer":"valas-0"}},{"type":"Feature","geometry":{"type":"LineString","coordinates":[[-48.73622648063574,-26.865],[-48.73623128956587,-26.8650322323613],[-48.73624361905952,-26.865151963040606],[-48.73625045712413,-26.865285958416337],[-48.73625070105565,-26.86528912002165]]},"properties":{"objectid":5720,"nome":"Vala","sourceLayer":"valas-0"}},{"type":"Feature","geometry":{"type":"LineString","coordinates":[[-48.736993160018635,-26.865],[-48.73699949356831,-26.86506555244671],[-48.737010059571176,-26.86519576216356],[-48.73701997080967,-26.86531094811198],[-48.73701739509328,-26.865326651130623]]},"properties":{"objectid":5728,"nome":"Vala","sourceLayer":"valas-0"}},{"type":"Feature","geometry":{"type":"LineString","coordinates":[[-48.72980724333945,-26.865],[-48.72983800557843,-26.865080498593635],[-48.7299073194635,-26.865243572146706],[-48.73002267627318,-26.865495211366007],[-48.730088553469834,-26.865657923702052],[-48.73012187766861,-26.865760181040816],[-48.73015357280691,-26.865875285719746],[-48.73018025958302,-26.86599559561373],[-48.73019449991645,-26.86608145289047],[-48.73018982559894,-26.866085900903318]]},"properties":{"objectid":5739,"nome":"Vala","sourceLayer":"valas-0"}}]}