{"type":"FeatureCollection","features":[{"type":"Feature","geometry":{"type":"Polygon","coordinates":[[[-48.72991725127959,-26.865156307314084],[-48.72995128717438,-26.865215513687417],[-48.72998577358352,-26.86525216592326],[-48.729988190392696,-26.865383060685787],[-48.730035025639026,-26.865431191986772],[-48.73007005269802,-26.86544077924884],[-48.73009812095243,-26.86542092493118],[-48.73012663965233,-26.865378516474404],[-48.73014675807038,-26.8653788396672],[-48.73015910685757,-26.865390318727925],[-48.730158746498454,-26.86540836203459],[-48.730138087530946,-26.8654351038027],[-48.73013682625846,-26.86549825537447],[-48.73014670529678,-26.865507438624277],[-48.730174683466856,-26.865492095118398],[-48.730197361754854,-26.86549020329044],[-48.73021994995467,-26.865492822285606],[-48.73024729750586,-26.865509054552504],[-48.73029840437509,-26.865469265046425],[-48.730308733845554,-26.865455894150173],[-48.7303090941816,-26.865437850841765],[-48.73028484699182,-26.865392338607894],[-48.73023756121549,-26.865366761518597],[-48.73021789323468,-26.865343884204474],[-48.73022813261484,-26.8653350241407],[-48.73029863714151,-26.86533164442357],[-48.73031682629297,-26.86530260681867],[-48.7303626331975,-26.865276268971407],[-48.7303629935222,-26.865258225661847],[-48.73031826762046,-26.86523043358273],[-48.73029649022116,-26.865187217161388],[-48.730329768133366,-26.865158421927763],[-48.730354105380414,-26.865199423325887],[-48.73038136280518,-26.865220166391655],[-48.730401481198776,-26.865220489546452],[-48.73043731893431,-26.865189479266807],[-48.73040319270467,-26.865134783822633],[-48.73033286846339,-26.865129141945186],[-48.73032298943952,-26.865119958709062],[-48.73033322879054,-26.865111098635634],[-48.7303785852116,-26.865107314915026],[-48.73039138439356,-26.8650962398176],[-48.730391744710886,-26.865078196507234],[-48.73034746927336,-26.865027850303154],[-48.730347829596596,-26.865009806993147],[-48.73035506645031,-26.865],[-48.729918166995134,-26.865],[-48.72991725127959,-26.865156307314084]]]},"properties":{"gid":32618,"classe":"Alta","sourceLayer":"ima-sgb-3"}},{"type":"Feature","geometry":{"type":"Polygon","coordinates":[[[-48.73998193323922,-26.88565678005507],[-48.739961811094375,-26.885656458038056],[-48.73994945920395,-26.885644979665074],[-48.73994478778876,-26.88562685578252],[-48.73992264417731,-26.885601683863936],[-48.739887610006996,-26.885592098630173],[-48.73985953805045,-26.88561195463707],[-48.739823157110074,-26.88567003204748],[-48.739816869578114,-26.88573310335267],[-48.73979081901653,-26.88577780923855],[-48.73973536043289,-26.885808061794943],[-48.73980577861973,-26.885783065411758],[-48.74,-26.885746135947272],[-48.74,-26.88564744889166],[-48.73998193323922,-26.88565678005507]]]},"properties":{"gid":35011,"classe":"Media","sourceLayer":"ima-sgb-3"}},{"type":"Feature","geometry":{"type":"Polygon","coordinates":[[[-48.73842637836106,-26.883793124251504],[-48.73846343298551,-26.883827559709186],[-48.73855901153888,-26.883829090182118],[-48.73858955354898,-26.883811530110805],[-48.738637387734606,-26.883810039891557],[-48.73865997984695,-26.883812657770484],[-48.73871450640086,-26.883854141339228],[-48.738734628209144,-26.88385446351397],[-48.738773030247984,-26.883821236270038],[-48.738773389526116,-26.88380319290257],[-48.73875380664772,-26.88377580568302],[-48.73875003368202,-26.88371257335482],[-48.738730450823454,-26.883685186133036],[-48.73872847427852,-26.883531736967022],[-48.73866918689622,-26.88347664034148],[-48.738641205120956,-26.883491985289208],[-48.73859584137482,-26.88349577121263],[-48.73858304072084,-26.883506846947554],[-48.738577875626675,-26.883639876495298],[-48.7385749561852,-26.883660135007194],[-48.73856471564487,-26.883668995592505],[-48.73850497913369,-26.88363645310538],[-48.73850668589036,-26.883550747123152],[-48.73852734661145,-26.883524004276488],[-48.73853026605595,-26.883503745765548],[-48.73852815506416,-26.88348340670484],[-48.738518273851,-26.88347422392262],[-48.73850556302146,-26.88348078880897],[-48.73845683066789,-26.883527387402932],[-48.7384509917497,-26.883567904419788],[-48.73840684060861,-26.883637137749243],[-48.73842395307329,-26.883662229313362],[-48.73842637836106,-26.883793124251504]]]},"properties":{"gid":35018,"classe":"Media","sourceLayer":"ima-sgb-3"}},{"type":"Feature","geometry":{"type":"Polygon","coordinates":[[[-48.728264843850816,-26.878350692310043],[-48.72824674206017,-26.878375218624416],[-48.728263851479866,-26.87840031124698],[-48.728263490617074,-26.87841835449668],[-48.72825068963917,-26.878429429274508],[-48.72823056893785,-26.878429105667042],[-48.728218219043605,-26.878417626380244],[-48.728214000827634,-26.87837694816706],[-48.72819186125081,-26.878351774635988],[-48.728179421149775,-26.878344806158665],[-48.72816918036863,-26.87835366597503],[-48.72816625929556,-26.878373924177566],[-48.72816611290251,-26.87850703358678],[-48.728235091926436,-26.878580339231522],[-48.728234279968085,-26.87862093654143],[-48.72822147896313,-26.878632011314707],[-48.72815096616487,-26.878635389465583],[-48.728120424171244,-26.878652947275913],[-48.72807506228468,-26.87865672991948],[-48.72806226126101,-26.878667804677026],[-48.728061900362036,-26.87868584792351],[-48.72808147976214,-26.878713236427842],[-48.72808358884754,-26.87873357553446],[-48.728080667744244,-26.878753833732656],[-48.728067866709395,-26.87876490848992],[-48.72799735382967,-26.878768286558522],[-48.72796937198703,-26.87878362938221],[-48.727942021746635,-26.878767396521614],[-48.727896750044245,-26.878766668293476],[-48.727883948991206,-26.87877774303282],[-48.727881027850856,-26.878798001224467],[-48.72788133224828,-26.878908556550456],[-48.727900911637064,-26.87893594507872],[-48.7279030206909,-26.878956284185676],[-48.72790197160724,-26.87913450167348],[-48.727921551035955,-26.87916189020083],[-48.72792366009455,-26.879182229307368],[-48.72791983662007,-26.879247595606827],[-48.72789917437767,-26.879274336807622],[-48.72789745993658,-26.87936004221091],[-48.72790980989128,-26.879371521528775],[-48.727932400746646,-26.879374141055493],[-48.7281310491857,-26.879379592482238],[-48.72816809913888,-26.879414030376445],[-48.728170512875515,-26.879544924815693],[-48.728190092435,-26.879572313312853],[-48.72819220154391,-26.879592652417788],[-48.72819205506801,-26.879725761807677],[-48.72821163466072,-26.879753150303504],[-48.72821374377434,-26.879773489408095],[-48.7282135973069,-26.879906598796435],[-48.72823317693281,-26.879933987290908],[-48.72823528605116,-26.879954326395143],[-48.72823212823838,-26.88011220479046],[-48.728229207106665,-26.88013246298754],[-48.72821640591925,-26.88014353774742],[-48.728145892178446,-26.880146915836093],[-48.728135651221294,-26.880155775637547],[-48.728145531269675,-26.880164959079853],[-48.7281907133115,-26.880170198074254],[-48.728203063379624,-26.880181677372658],[-48.728206830482875,-26.880244909635994],[-48.728226410159074,-26.880272298133757],[-48.72822851927774,-26.880292637237527],[-48.72822559813821,-26.880312895433715],[-48.7282049357508,-26.880339636667888],[-48.7282045748484,-26.880357679911896],[-48.72823861375583,-26.880416886811126],[-48.72829057440762,-26.880460589036048],[-48.72843892213829,-26.88046523108287],[-48.72846160344408,-26.880463339727235],[-48.72849214589974,-26.880445781874528],[-48.728539978528985,-26.880444294996256],[-48.72856256961837,-26.88044691443607],[-48.72859239037083,-26.88046544305748],[-48.72864013280093,-26.88046846695798],[-48.72866281410655,-26.880466575569844],[-48.728693356535395,-26.880449017671697],[-48.72878902180199,-26.88044604376234],[-48.728819564207676,-26.880428485835267],[-48.72894038079081,-26.880425916253785],[-48.72900393557539,-26.880393096169975],[-48.72900429635143,-26.880375052916055],[-48.72895956514933,-26.88034726010792],[-48.72895745589854,-26.880326921006937],[-48.72896037690918,-26.880306662787437],[-48.729003630193276,-26.88028254079885],[-48.728988990384174,-26.88025974409096],[-48.72900709235422,-26.88023521769622],[-48.72901001335244,-26.880214959474763],[-48.72900790409315,-26.880194620373775],[-48.72898832423184,-26.88016723197314],[-48.728988685006826,-26.88014918871881],[-48.72900678695745,-26.880124662322668],[-48.728967446877505,-26.880078907147055],[-48.72898554882009,-26.880054380752988],[-48.72898846981495,-26.88003412253145],[-48.728988164421544,-26.879923567156123],[-48.72897581429471,-26.879912087922822],[-48.72888032986843,-26.879906040360773],[-48.728867979754995,-26.879894561118796],[-48.728868340544835,-26.879876517865288],[-48.72889147271273,-26.879852072365328],[-48.7289041836081,-26.87984550835112],[-48.72893153424841,-26.879861741047968],[-48.72895165521319,-26.879862064571512],[-48.72898749825046,-26.87983105503441],[-48.72896782825696,-26.879808177447647],[-48.72892053706102,-26.879782599606617],[-48.72889628783196,-26.87973708706184],[-48.72889664861486,-26.87971904380756],[-48.728958183943895,-26.879661373800605],[-48.728971435968184,-26.879627744895483],[-48.72896932671855,-26.87960740579346],[-48.72894974695719,-26.879580017392335],[-48.72894552846668,-26.879539339187982],[-48.728921279271624,-26.879493826648687],[-48.7288842290503,-26.879459388936564],[-48.728788745012714,-26.87945334133641],[-48.728709524281825,-26.879388895765928],[-48.7286139501162,-26.87938735886476],[-48.72858340797494,-26.879404916765328],[-48.72851289469134,-26.879408295067194],[-48.72848235253027,-26.879425852944507],[-48.72845967143324,-26.879427744316782],[-48.72830876483406,-26.879425317331176],[-48.72828617395521,-26.879422697863536],[-48.7282738239547,-26.87941121857593],[-48.72827508702147,-26.87934806721019],[-48.728287888107786,-26.879336992437832],[-48.72838355242395,-26.87933401874466],[-48.72841409457281,-26.87931646088791],[-48.72843677564764,-26.87931456952159],[-48.728560061030144,-26.87931429604633],[-48.728572862086615,-26.87930322124609],[-48.72857322291409,-26.879285177994774],[-48.72855364330213,-26.879257789547047],[-48.72854942495745,-26.879217111338807],[-48.72853963515855,-26.879203417114],[-48.72845318517063,-26.879123062233255],[-48.728408364373955,-26.879099780097857],[-48.72844173729532,-26.879066474835344],[-48.72846770020768,-26.879026282001565],[-48.72849459954552,-26.8790650688321],[-48.72854198055529,-26.879086135980547],[-48.72855222137999,-26.879077276140308],[-48.72855258220722,-26.87905923288866],[-48.728533002635174,-26.87903184444002],[-48.72852878430003,-26.878991166230964],[-48.72850453537761,-26.878945653634673],[-48.7284133260376,-26.878851685408964],[-48.728449168870625,-26.87882067599369],[-48.728494530820065,-26.87881689323332],[-48.72850980181529,-26.87880811428834],[-48.72855597560934,-26.878763734190105],[-48.72851416615876,-26.878715683068826],[-48.7285099478333,-26.878675004858696],[-48.728490368331045,-26.87864761640758],[-48.72848615001478,-26.878606938197066],[-48.72846904051626,-26.87858184559708],[-48.72850232305,-26.87855305112037],[-48.72855190322927,-26.878589946546168],[-48.72856214400545,-26.878581086701768],[-48.72856430890787,-26.878472827182826],[-48.72855195897318,-26.878461347922883],[-48.72845647580632,-26.878455300151035],[-48.728419426049946,-26.87842086234238],[-48.72841978688803,-26.87840281909074],[-48.728466050745176,-26.878353928198383],[-48.728466411574814,-26.878335884945965],[-48.72845653164637,-26.87832670153232],[-48.72843111016266,-26.878339829499605],[-48.72842123023695,-26.878330646083633],[-48.72842159107334,-26.878312602831734],[-48.728467403854545,-26.878286266001602],[-48.728467764682904,-26.878268222748993],[-48.728423034415464,-26.87824042982362],[-48.72842339525017,-26.87822238657147],[-48.7284440571642,-26.878195645270473],[-48.728444417994844,-26.87817760201795],[-48.72842483858553,-26.878150213562346],[-48.72842519941852,-26.878132170309936],[-48.728445861314064,-26.878105429007295],[-48.72844622214302,-26.87808738575451],[-48.72842664274712,-26.878059997299804],[-48.72842700357842,-26.87804195404713],[-48.728445105273124,-26.878017427702794],[-48.72840028489719,-26.87799414558901],[-48.72833597539626,-26.877938964184036],[-48.72824049268961,-26.877932916293997],[-48.72816082219926,-26.877891024551463],[-48.72809040008416,-26.877889891888973],[-48.72808015934041,-26.877898751701547],[-48.7280998288445,-26.87792162938568],[-48.72811473886223,-26.877930893725818],[-48.72815992002061,-26.87793613267563],[-48.72822166924237,-26.877993529111006],[-48.728220406219876,-26.87805668048651],[-48.728199744283565,-26.878083421753523],[-48.72819938341555,-26.878101465003237],[-48.72822152294963,-26.87812663853098],[-48.72826634333466,-26.87814992070211],[-48.72824577160546,-26.87817215116262],[-48.72818221792211,-26.878204970978885],[-48.72817188693607,-26.87821834160868],[-48.72817152606151,-26.878236384857697],[-48.728218816452035,-26.878261962903753],[-48.72825586609532,-26.878296400758686],[-48.728267764905524,-26.87833043410425],[-48.728264843850816,-26.878350692310043]]]},"properties":{"gid":35045,"classe":"Media","sourceLayer":"ima-sgb-3"}},{"type":"Feature","geometry":{"type":"Polygon","coordinates":[[[-48.72555960459994,-26.877880749323634],[-48.725561713226675,-26.877901088440733],[-48.72558129187579,-26.877928477248247],[-48.725582497302746,-26.877993924408113],[-48.725569244527854,-26.87802755295106],[-48.725541172262744,-26.878047406089816],[-48.725521051666995,-26.87804708210084],[-48.72550870210386,-26.87803560259623],[-48.725494243927706,-26.878003783973533],[-48.725444845719174,-26.87795786594172],[-48.725381892699495,-26.877835021225742],[-48.72536954317279,-26.877823541710978],[-48.725324271927406,-26.877822812682375],[-48.72528541674458,-26.877878590190427],[-48.7252795736148,-26.877919106415284],[-48.72526677242702,-26.877930180908443],[-48.72522141080783,-26.87793396264743],[-48.72520613970898,-26.877942741229024],[-48.725180311471036,-26.877976167206945],[-48.725291019822556,-26.87797569397173],[-48.72530382101362,-26.877964619476607],[-48.72530966413845,-26.87792410325058],[-48.72533032669062,-26.87789736244707],[-48.72533616980073,-26.87785684621879],[-48.725346410739064,-26.877847986618487],[-48.72535629036022,-26.877857170231973],[-48.725380537779536,-26.877902683281594],[-48.72538430332809,-26.877965915535402],[-48.72542858104001,-26.878016263390098],[-48.725428219733075,-26.87803430660519],[-48.72538195478632,-26.87808319642977],[-48.72537611167442,-26.87812371265906],[-48.7253580093286,-26.878148238566705],[-48.725399365536745,-26.878218844547085],[-48.72540147413612,-26.878239183664274],[-48.72539719764318,-26.87832710383154],[-48.72537653501986,-26.878353844639403],[-48.7253752703967,-26.87841699588669],[-48.725411867520336,-26.878473988453454],[-48.72548174790762,-26.878502187295236],[-48.7255609660846,-26.878566634530685],[-48.72558108677289,-26.87856695851977],[-48.72563476162695,-26.878524956338644],[-48.72567114696709,-26.878466882843437],[-48.72568015113411,-26.878268488445936],[-48.725728434384536,-26.878244448442004],[-48.72575156682835,-26.87822000347308],[-48.72575831295681,-26.878134379173414],[-48.72580502933363,-26.87806293519229],[-48.72580719681393,-26.877954675873067],[-48.72576291894665,-26.87790432812767],[-48.72576328019843,-26.877886284908044],[-48.725773521108685,-26.877877425274864],[-48.72580087080159,-26.877893658524567],[-48.7258209913741,-26.877893982471996],[-48.72585683454099,-26.877862973736658],[-48.72581502659756,-26.87781492190293],[-48.72581080925398,-26.877774243670288],[-48.72578656167974,-26.877728730684705],[-48.72572692256182,-26.877691672385332],[-48.72571246435901,-26.87765985378248],[-48.72569032549511,-26.877634679900364],[-48.72567541573227,-26.87762541531865],[-48.725630234873336,-26.877620175588323],[-48.725617885341485,-26.87760869609487],[-48.72561869819891,-26.877568098853043],[-48.72566451124534,-26.87754176295211],[-48.72566532408377,-26.877501165708594],[-48.72565297456013,-26.877489686218613],[-48.72561780884641,-26.877486863872363],[-48.725614661563164,-26.877518399008878],[-48.7255683969196,-26.877567288916147],[-48.72556803564187,-26.87758533213413],[-48.72558761424409,-26.877612720938558],[-48.72558836809025,-26.87770072212354],[-48.7255618626174,-26.877767979215747],[-48.72555960459994,-26.877880749323634]]]},"properties":{"gid":35046,"classe":"Media","sourceLayer":"ima-sgb-3"}},{"type":"Feature","geometry":{"type":"Polygon","coordinates":[[[-48.736327008506436,-26.876521797828183],[-48.73632575006796,-26.876584949572116],[-48.7363026201269,-26.876609396443],[-48.73625433955635,-26.876633440253308],[-48.736253979989655,-26.876651483607592],[-48.7362987117722,-26.87667927413807],[-48.73632296351092,-26.876724785574346],[-48.73632215450669,-26.87676538312282],[-48.73630149464537,-26.876792125714726],[-48.736300236178,-26.87685527745513],[-48.73634451860414,-26.87690562216939],[-48.73634415904753,-26.876923665524117],[-48.73629834846922,-26.87695000506458],[-48.736297988904575,-26.876968048418597],[-48.73634227136977,-26.87701839313553],[-48.73634604305673,-26.877081625485417],[-48.736405685686606,-26.877118679498224],[-48.73643249756709,-26.877161975806114],[-48.73648234962315,-26.87718533605972],[-48.73652753108247,-26.877190572337213],[-48.73653988174993,-26.877202050943136],[-48.73653952221972,-26.87722009429952],[-48.73652672213503,-26.877231169888763],[-48.73648145077481,-26.877230444448937],[-48.73645409954541,-26.877214213181585],[-48.73637738884702,-26.877276155809124],[-48.73636413929164,-26.877309785574656],[-48.736365350964356,-26.8773752330373],[-48.73640240297756,-26.877409668894664],[-48.73647273531539,-26.877415308235452],[-48.736502556731516,-26.877433835223933],[-48.73657288909308,-26.877439474516024],[-48.73662741194085,-26.877480958686235],[-48.73667268340543,-26.87748168408553],[-48.73668292348694,-26.87747282360465],[-48.7366658122503,-26.877447731891678],[-48.73666159099616,-26.87740705373824],[-48.73665180031375,-26.877393360021284],[-48.7366245388998,-26.877372617944044],[-48.73655420657483,-26.877366978680065],[-48.73651715452538,-26.877332542860348],[-48.736517514060886,-26.87731449950451],[-48.736565794883596,-26.87729045562096],[-48.73658636490461,-26.877268223833102],[-48.736569253717555,-26.877243132111015],[-48.736568491328846,-26.877155130445633],[-48.736571410867555,-26.877134871969993],[-48.73659207073704,-26.877108129339685],[-48.736594227852706,-26.876999869194883],[-48.736581877199804,-26.876988390594445],[-48.736561756637265,-26.876988068189068],[-48.736548956582524,-26.876999143782434],[-48.736542668097584,-26.877062214929314],[-48.73652986803218,-26.877073290520194],[-48.736484596734755,-26.87707256508531],[-48.736474716215824,-26.877063382197623],[-48.73649281607954,-26.877038854699247],[-48.736493175614356,-26.87702081134296],[-48.73644889307769,-26.876970466669157],[-48.73642464124197,-26.87692495524951],[-48.736422530660576,-26.876904616171135],[-48.73642545021517,-26.876884357699073],[-48.73646129035481,-26.87685334606505],[-48.73648864150241,-26.8768695773264],[-48.736559063395795,-26.876870705764535],[-48.73662306356275,-26.876815327774064],[-48.73662387246125,-26.876774730217427],[-48.73659962058874,-26.876729218824902],[-48.73658726996257,-26.87671774022635],[-48.73651693804413,-26.876712100968838],[-48.73650705755153,-26.87670291808477],[-48.73654289760933,-26.876671906424313],[-48.736638559893805,-26.87666892698076],[-48.736651359900705,-26.87665785137592],[-48.73665306754033,-26.876572145419114],[-48.73660878508839,-26.876521800799033],[-48.736604563863395,-26.876481122642417],[-48.73658242266013,-26.876455950327735],[-48.73656998218501,-26.876448982568924],[-48.73651896197472,-26.87648426327689],[-48.73647158032407,-26.876463198774314],[-48.73639572581433,-26.87635594467899],[-48.736370215710494,-26.876373585003872],[-48.736354496165525,-26.876404919055943],[-48.73630868580807,-26.8764312586148],[-48.73628519633845,-26.876473748840247],[-48.736327008506436,-26.876521797828183]]]},"properties":{"gid":35053,"classe":"Media","sourceLayer":"ima-sgb-3"}},{"type":"Feature","geometry":{"type":"Polygon","coordinates":[[[-48.73452855818724,-26.873600597278223],[-48.73457283862724,-26.873650942440864],[-48.734574948859986,-26.873671281530964],[-48.734569330687165,-26.873826865012095],[-48.73452307129976,-26.87387575821437],[-48.734522711501114,-26.873893801554022],[-48.73454229179366,-26.873921189225232],[-48.73454606250575,-26.873984421579504],[-48.73458010318841,-26.87404362708624],[-48.73461459363898,-26.87408027841118],[-48.734614005468416,-26.87423594255124],[-48.73461108569841,-26.874256200976834],[-48.734565275886474,-26.874282540006288],[-48.73455808707308,-26.87439071937471],[-48.73451182743244,-26.874439612555],[-48.73450553807531,-26.874502683570164],[-48.73446183835406,-26.874549361645947],[-48.73447894869574,-26.874574453577694],[-48.73448316913641,-26.87461513175582],[-48.73449551932328,-26.874626610513957],[-48.73454069963221,-26.874631847359602],[-48.73455304982698,-26.874643326113155],[-48.734556370779906,-26.874729112635517],[-48.734566250944724,-26.87473829563783],[-48.73459167096603,-26.87472516646432],[-48.73460411112546,-26.874732134379606],[-48.73462625155944,-26.874757306961712],[-48.73463047205493,-26.874797985138205],[-48.73464282227616,-26.874809463885352],[-48.73468800266767,-26.874814700688717],[-48.734727838218035,-26.874835644739328],[-48.73476309346306,-26.87483395394457],[-48.7347936334677,-26.874816394559254],[-48.734914444331174,-26.874813819479208],[-48.73497058417635,-26.87477410914427],[-48.73504100469734,-26.874775238257694],[-48.73505335496058,-26.874786716971418],[-48.73505299523193,-26.87480476031538],[-48.73503233547889,-26.874831502732],[-48.735031526079915,-26.874872100255022],[-48.73505366663876,-26.874897272777286],[-48.73511842768688,-26.874929897059747],[-48.73513854786495,-26.874930219647833],[-48.73519212771442,-26.874892724318965],[-48.735219478210844,-26.874908955789405],[-48.73524206844605,-26.874911574102622],[-48.735591700529184,-26.874914922017243],[-48.73560450041972,-26.8749038464988],[-48.73560742003971,-26.8748835880443],[-48.73560530961516,-26.874863248959837],[-48.73556349832551,-26.874815199805138],[-48.73557903800512,-26.874792887509845],[-48.735546927176756,-26.874763042963046],[-48.735521507243696,-26.8747761723149],[-48.73550906701705,-26.874769204476664],[-48.73546267534336,-26.874698520476453],[-48.73545890412609,-26.87463528811909],[-48.73543932349277,-26.874607900555997],[-48.73543968315702,-26.874589857206697],[-48.73548293294589,-26.874565732991666],[-48.73546326240232,-26.874542856269503],[-48.73545082220409,-26.87453588842775],[-48.73542284234156,-26.874551232866096],[-48.735402722226624,-26.874550910322686],[-48.735352871537124,-26.874527549766135],[-48.735325970708224,-26.874488764140104],[-48.73531573081579,-26.874497624536215],[-48.73531492152971,-26.874538222069148],[-48.73533450212097,-26.874565609647096],[-48.73533872287012,-26.87460628781889],[-48.73535830347783,-26.87463367539439],[-48.73536207463888,-26.87469690775095],[-48.735406805448136,-26.874724698509205],[-48.73541147581378,-26.87474282249428],[-48.73543361643854,-26.87476799496108],[-48.73548346724861,-26.874791355496022],[-48.73554521883663,-26.874848748876087],[-48.73555253911879,-26.874860146917605],[-48.735516699420586,-26.874891158352835],[-48.73532052771484,-26.874888013526053],[-48.73530817741254,-26.874876534833486],[-48.73530853710179,-26.874858491486496],[-48.735318866951296,-26.874845120256605],[-48.73535726666431,-26.874811893774748],[-48.735402986617466,-26.87479006532907],[-48.735393106376215,-26.874780882380847],[-48.73534792594793,-26.874775645801957],[-48.73531810540376,-26.87475711861867],[-48.735297985253844,-26.87475679605806],[-48.73526699571733,-26.874796909741864],[-48.73524687556107,-26.874796587173524],[-48.73519491445395,-26.87475288747179],[-48.735185124160374,-26.87473919367379],[-48.73518548386703,-26.874721150327996],[-48.735198283771,-26.874710074847222],[-48.73524364401134,-26.874706289798706],[-48.73525644390827,-26.87469521431219],[-48.73525725322073,-26.874654616781815],[-48.735233002301136,-26.874609105204613],[-48.73517080136964,-26.874574265886782],[-48.73502246049196,-26.874569631377277],[-48.734999870332,-26.8745670130334],[-48.73498999014356,-26.874557830059963],[-48.73505097999475,-26.874527222005113],[-48.7350711001006,-26.87452754459834],[-48.73510092054299,-26.874546071828064],[-48.735146190790694,-26.874546797643276],[-48.73518203046675,-26.87451578630028],[-48.73516491997086,-26.87449069444438],[-48.735160699285466,-26.874450016270956],[-48.73513855878107,-26.874424843768008],[-48.735123648570394,-26.87441558015849],[-48.73507846830533,-26.874410343502987],[-48.735048647900896,-26.874391816270663],[-48.735003467650536,-26.87438657959195],[-48.734993587476346,-26.87437739661952],[-48.735060326685016,-26.874310782513707],[-48.73504321624455,-26.874285690646012],[-48.735043575966664,-26.874267647300837],[-48.73505637582891,-26.874256571829942],[-48.73515203603362,-26.874253593267813],[-48.7351622759144,-26.87424473288271],[-48.735152395737956,-26.87423554992119],[-48.73510721554185,-26.87423031327917],[-48.735079955147945,-26.874209570960343],[-48.73505615403073,-26.87414150517836],[-48.73499651337426,-26.87410445070657],[-48.73499274241156,-26.87404121834934],[-48.734948011970154,-26.874013427480644],[-48.73494837170315,-26.87399538413595],[-48.73496117154123,-26.87398430867196],[-48.73500653149166,-26.873980523681603],[-48.735019331322704,-26.873969448211852],[-48.7350251706943,-26.87392893133201],[-48.73504583026812,-26.873902188903124],[-48.735051669625015,-26.873861672021004],[-48.735097928792044,-26.873812778630793],[-48.73510466738409,-26.873727153376407],[-48.735150476850386,-26.873700814148133],[-48.7351512861659,-26.87366021661503],[-48.73511679564889,-26.873623565416345],[-48.735089985020274,-26.873580268922357],[-48.73499275465631,-26.873535843369883],[-48.73496724502205,-26.873553483473763],[-48.734941195788714,-26.873598188591],[-48.73491568613241,-26.87361582868405],[-48.73490580602803,-26.873606645709188],[-48.73490203511096,-26.873543413349648],[-48.734882454785804,-26.87351602572564],[-48.73488281452147,-26.873497982380517],[-48.73490347404086,-26.87347123996813],[-48.7349038337725,-26.87345319662262],[-48.73489148365996,-26.87344171790386],[-48.73485609394623,-26.873450175012586],[-48.73479218494225,-26.873501041455096],[-48.73478230485781,-26.873491858472715],[-48.734780194588474,-26.873471519383106],[-48.734793444064934,-26.873437889750743],[-48.73484711321036,-26.873395883672323],[-48.73491753287144,-26.87339701279388],[-48.73494690334845,-26.87343809422126],[-48.734967023260054,-26.873438416817258],[-48.73500542256069,-26.873405190401645],[-48.73500578227512,-26.873387147054704],[-48.73499599211032,-26.873373453249943],[-48.73496873193196,-26.87335271092148],[-48.734873162426766,-26.873351178570676],[-48.734845182799546,-26.873366522910302],[-48.73481783271671,-26.873350291390707],[-48.734795242804445,-26.873347673029155],[-48.73477256295583,-26.873349565500096],[-48.734721813524956,-26.873371313117367],[-48.73470901373898,-26.873382388563407],[-48.734706094019586,-26.873402646995665],[-48.73470002636108,-26.87358078467792],[-48.73468722654793,-26.873591860120072],[-48.7346142468132,-26.87359294596313],[-48.73459165686032,-26.873590327566347],[-48.73457930676764,-26.87357884882152],[-48.73457553603282,-26.873515616464505],[-48.734558425810235,-26.873490524549652],[-48.73457396547714,-26.87346821236216],[-48.73456408541416,-26.873459029365765],[-48.73451890556612,-26.873453792555996],[-48.73449209520941,-26.873410495964293],[-48.73446483512233,-26.873389753543826],[-48.73444480517717,-26.87338492004189],[-48.73441794988818,-26.87334387885599],[-48.734405420940725,-26.873341421784325],[-48.73440685648175,-26.87339559303926],[-48.734431106837775,-26.873441104728585],[-48.73447538717547,-26.873491449916237],[-48.734480057354624,-26.873509573922536],[-48.734524787481014,-26.87353736492175],[-48.73452855818724,-26.873600597278223]]]},"properties":{"gid":35065,"classe":"Media","sourceLayer":"ima-sgb-3"}},{"type":"Feature","geometry":{"type":"Polygon","coordinates":[[[-48.736452678553896,-26.872108544922938],[-48.73642999896132,-26.872110437677705],[-48.73618097279667,-26.87210870353042],[-48.73615043374422,-26.872126263281142],[-48.73612775414683,-26.872128155986818],[-48.736105164429,-26.87212553784781],[-48.736075344411205,-26.872107010853952],[-48.736055224719784,-26.872106688430453],[-48.736024685650584,-26.872124248152787],[-48.73600200605307,-26.87212614083816],[-48.73582842875984,-26.872125615169598],[-48.735812934478886,-26.872145672106015],[-48.73560172265249,-26.872140030700184],[-48.73557190272152,-26.872121503604934],[-48.73552672332929,-26.87211626714724],[-48.735496903417726,-26.87209774003725],[-48.735424014526615,-26.872094315520904],[-48.735401334932625,-26.87209620810952],[-48.73537079577626,-26.872113767684258],[-48.735300286976056,-26.872117149676704],[-48.735244148622236,-26.872156860246076],[-48.7350730413584,-26.872158629382493],[-48.73501690291051,-26.872198339855014],[-48.734994223293896,-26.872200232376482],[-48.73494648398711,-26.8721972108294],[-48.73491666415956,-26.87217868360162],[-48.73489654447161,-26.87217836101239],[-48.73486856514859,-26.87219370537732],[-48.73484121533152,-26.87217747387726],[-48.73469543754694,-26.87217062412625],[-48.73466808776254,-26.872154392594506],[-48.73461450911831,-26.87219188780802],[-48.73455410509021,-26.872193175320355],[-48.7345386105849,-26.872213232102048],[-48.73436750329169,-26.872215000377278],[-48.73433696395948,-26.87223255971608],[-48.73431428433319,-26.87223445212715],[-48.734216245828215,-26.872230623639123],[-48.73418642612349,-26.872212096264104],[-48.73411600723213,-26.87221096682419],[-48.73410320753098,-26.872222042221487],[-48.73409646836518,-26.872307667403124],[-48.73408366865063,-26.872318742797674],[-48.73406354894952,-26.872318420088337],[-48.7340337292503,-26.872299892681383],[-48.734011139573006,-26.87229727420823],[-48.733988459932355,-26.872299166565792],[-48.73395792052425,-26.87231672581732],[-48.733912651201976,-26.87231599967704],[-48.73387304159091,-26.872283778369603],[-48.73380828239538,-26.872251153621583],[-48.73371271389319,-26.87224962054406],[-48.733699914150904,-26.87226069590198],[-48.7336927247946,-26.87236887521119],[-48.73364646569511,-26.87241776814907],[-48.73364062595569,-26.872458284953883],[-48.73359436679565,-26.87250717787044],[-48.733568317313654,-26.87255188272159],[-48.73356472255574,-26.872605972366625],[-48.73358461734593,-26.872617572232144],[-48.7335665176623,-26.872642099376563],[-48.733566157731005,-26.872660142707392],[-48.73358573759289,-26.87268753048788],[-48.733587847643214,-26.87270786958309],[-48.7335849277523,-26.872728127982473],[-48.733566828049234,-26.872752655125478],[-48.7335839379448,-26.872777747142198],[-48.73358604799522,-26.872798086237285],[-48.7335828985909,-26.872955965379088],[-48.73357997868929,-26.87297622377728],[-48.733559318972404,-26.87300296598379],[-48.73355347915578,-26.873043482778073],[-48.73353281941949,-26.873070224979312],[-48.73353200954659,-26.873110822470238],[-48.73354435947902,-26.87312230129754],[-48.73356694930239,-26.87312491985473],[-48.73371537809703,-26.873125044939684],[-48.733728177941934,-26.873113969587624],[-48.73373109782281,-26.873093711185295],[-48.73373581725435,-26.872983236122852],[-48.73382240615353,-26.87293047784761],[-48.733847196020015,-26.87294892461885],[-48.73387144606272,-26.87299443638692],[-48.733945545843994,-26.873063309167723],[-48.73396934610508,-26.873131375090594],[-48.73400639605765,-26.873165811463572],[-48.73405368589226,-26.87319138752165],[-48.73405790616679,-26.87323206570705],[-48.73409248617703,-26.87326420630348],[-48.73412046586805,-26.87324886211762],[-48.734140585734636,-26.87324918482917],[-48.73417040569032,-26.87326771222798],[-48.73424082523898,-26.873268841681732],[-48.734296964492785,-26.873229131573588],[-48.73434515396765,-26.87320959919211],[-48.73437250394345,-26.87322583079723],[-48.7344176836912,-26.873231067647897],[-48.73443003373135,-26.873242546403983],[-48.734429673927785,-26.873260589744092],[-48.734409014344386,-26.873287332083272],[-48.73440586969552,-26.873318867593667],[-48.734446514238854,-26.87329921417651],[-48.73449178396944,-26.873299940170277],[-48.734519133989174,-26.87331617174948],[-48.73454711364248,-26.87330082747635],[-48.73459247332149,-26.87329704260245],[-48.73462346263408,-26.87325692904816],[-48.73464358250911,-26.873257251688194],[-48.73467340255718,-26.873275778986],[-48.73469599245094,-26.87327839736601],[-48.734872041411016,-26.873281220281047],[-48.734894721245475,-26.87327932779317],[-48.73492526079503,-26.873261768348335],[-48.73509636971112,-26.873259999495637],[-48.73513521852606,-26.87320421885163],[-48.735135578216756,-26.873186175502532],[-48.73512322810615,-26.873174696804004],[-48.73510310823905,-26.873174374233166],[-48.73504696927078,-26.873214084681578],[-48.73502684939776,-26.873213762099446],[-48.735016969316234,-26.873204579133503],[-48.73506066826191,-26.873157900830936],[-48.735066057928776,-26.873139938127036],[-48.7351118671555,-26.873113598894978],[-48.73511770642654,-26.87307308200196],[-48.73516396521904,-26.873024188563168],[-48.735166884842464,-26.873003930114695],[-48.73516477450606,-26.87298359102581],[-48.73513028417297,-26.872946939839803],[-48.73509624347732,-26.872887734459887],[-48.73509795201111,-26.872802028549753],[-48.73511861134286,-26.87277528609235],[-48.73511897102952,-26.872757242742377],[-48.735052460553256,-26.872686236089507],[-48.735070559938514,-26.87266170873504],[-48.73507729841512,-26.87257608346611],[-48.73509539777584,-26.872551556106668],[-48.735085517741844,-26.87254237314802],[-48.735065397987185,-26.872542050578797],[-48.7350525983321,-26.872553126065146],[-48.73502115975078,-26.872615793925327],[-48.734975350715175,-26.872642133140925],[-48.73495716138606,-26.87267117131921],[-48.734911891891265,-26.872670445490144],[-48.73489698192021,-26.87266118187017],[-48.73487484179547,-26.872636009345502],[-48.73487565117216,-26.872595411814054],[-48.734901700169516,-26.872550706690276],[-48.734990848168145,-26.872495732546266],[-48.735114126574594,-26.87249545288085],[-48.73513680625006,-26.87249356034377],[-48.73514704596249,-26.87248469994786],[-48.7351124658538,-26.87245255960266],[-48.734989277419615,-26.872448328432263],[-48.734966687679105,-26.872445710108842],[-48.73495680766477,-26.872436527142277],[-48.73497737702906,-26.87241429553945],[-48.73502565597208,-26.872390252057194],[-48.73503104559847,-26.872372289350892],[-48.735064054878364,-26.87235702559779],[-48.735095043749936,-26.87231691190853],[-48.7351280530057,-26.872301648138805],[-48.735143772222145,-26.87227031419217],[-48.735182171053076,-26.872237087695417],[-48.73519744066272,-26.872228307931447],[-48.73526794953128,-26.872224925994956],[-48.735295928814516,-26.872209581548017],[-48.73534330850247,-26.872230646332017],[-48.73539782851053,-26.872272130820473],[-48.73547758811413,-26.872309507590288],[-48.73541906961299,-26.872342411654305],[-48.735390550854355,-26.87238482115594],[-48.735339801970184,-26.872406569032552],[-48.735294442655466,-26.872410354170892],[-48.73523089411806,-26.872443177515564],[-48.735230534454054,-26.87246122086773],[-48.735240414494015,-26.872470403816624],[-48.73526839384362,-26.87245505937967],[-48.73529107351032,-26.872453166817138],[-48.735313663263824,-26.872455785089212],[-48.73532601332244,-26.87246726376846],[-48.735324754548465,-26.8725304155048],[-48.7353145148445,-26.87253927591414],[-48.73528716487754,-26.872523044492016],[-48.73524189543138,-26.872522318772308],[-48.735178346815445,-26.87255514208797],[-48.735177987141356,-26.87257318543921],[-48.7351877772676,-26.872586879229814],[-48.735261967570054,-26.872651240518664],[-48.73528994696357,-26.87263589608042],[-48.73533530636902,-26.872632110949297],[-48.73535349559817,-26.872603072715666],[-48.73539930453914,-26.87257673337075],[-48.73539966417816,-26.872558690016763],[-48.735380083878894,-26.872531302461386],[-48.735380443520256,-26.872513259107503],[-48.73541884237465,-26.872480032548257],[-48.735564710559785,-26.872482370740524],[-48.73559152114982,-26.872525667145652],[-48.7356163112447,-26.87254411361967],[-48.735641730648226,-26.872530984214926],[-48.735669080673055,-26.87254721557164],[-48.73568920043705,-26.872547538054977],[-48.73572759922,-26.872514311406952],[-48.735733438225814,-26.872473794469588],[-48.73575656737022,-26.872449347633687],[-48.73577183697012,-26.872440567806823],[-48.73581719629303,-26.872436782514868],[-48.73584773547866,-26.872419222845394],[-48.7358678552225,-26.872419545301902],[-48.7359437068709,-26.872526799539948],[-48.736002584878165,-26.872475851893952],[-48.73598547446551,-26.87245076013873],[-48.73598583400952,-26.872432716777084],[-48.73600649306827,-26.872405974171144],[-48.736013680234215,-26.8722977946066],[-48.73603433925972,-26.872271051994158],[-48.73604017813776,-26.872230535035182],[-48.73605297766468,-26.872219459450516],[-48.73610080691994,-26.872217969784934],[-48.73612339665584,-26.87222058792573],[-48.73615321671065,-26.87223911491153],[-48.73619839619583,-26.872244351173514],[-48.736225656367004,-26.872265093264918],[-48.736249907270306,-26.872310604679065],[-48.73628439780884,-26.872347255605114],[-48.736288618879996,-26.872387933776416],[-48.73633289971242,-26.872438278414187],[-48.73636182114722,-26.872501913776563],[-48.73642402139922,-26.872536752530785],[-48.73646929088821,-26.872537477872225],[-48.73652003964812,-26.87251572958005],[-48.73654855803931,-26.872473319826597],[-48.736599756064805,-26.872429017291335],[-48.73662580436478,-26.872384311803508],[-48.736679472358084,-26.872342304949015],[-48.73674989145592,-26.872343433116875],[-48.736764801553704,-26.872352696548376],[-48.73678447202857,-26.87237557308838],[-48.736740774076246,-26.872422251992607],[-48.73673515905992,-26.872577835775086],[-48.73673223973069,-26.872598094275318],[-48.73671158079612,-26.872624836995328],[-48.73671122136431,-26.87264288036556],[-48.73673547253767,-26.87268839171129],[-48.73674782277319,-26.872699870276396],[-48.736767942579256,-26.872700192607873],[-48.7367807420968,-26.87268911695676],[-48.73678658074402,-26.872648599953788],[-48.736832838673195,-26.87259970590955],[-48.73683912655768,-26.872536634687457],[-48.73685978544599,-26.87250989194559],[-48.73686562405105,-26.872469374936067],[-48.73688628291994,-26.872442632188925],[-48.736893469256124,-26.872334452527742],[-48.73690370882608,-26.87232559199475],[-48.73693105900317,-26.872341823115615],[-48.73700138826766,-26.872347462001766],[-48.737053349093095,-26.872391161026854],[-48.737104411542184,-26.872479968474057],[-48.73717474090706,-26.87248560727963],[-48.73720456121696,-26.872504134057806],[-48.737224680994736,-26.872504456322098],[-48.73725266011556,-26.87248911147567],[-48.73727745049551,-26.87250755767447],[-48.73728724088128,-26.8725212513351],[-48.737288902424694,-26.872564144638837],[-48.73728598319391,-26.872584403156775],[-48.737265324386215,-26.87261114596617],[-48.73726496504252,-26.872629189343357],[-48.73728454583187,-26.872656576666497],[-48.73728620737227,-26.872699469969557],[-48.73728328813565,-26.872719728486835],[-48.73727048865989,-26.872730804186325],[-48.73714967991315,-26.872733381425622],[-48.737119140818656,-26.87275094138335],[-48.73699833205709,-26.87275351849156],[-48.736942193912604,-26.872793229750393],[-48.73692207408766,-26.872792907442697],[-48.73686755324154,-26.87275142349519],[-48.73682228365486,-26.872750698275983],[-48.73681204403809,-26.87275955879977],[-48.7368317145871,-26.872782435336987],[-48.73687653492664,-26.87280571476882],[-48.73684271704049,-26.872861576537453],[-48.73681464792008,-26.872881432135408],[-48.73676928842666,-26.872885217738588],[-48.736759048793104,-26.87289407825737],[-48.73676636909129,-26.872905476238614],[-48.736793629524094,-26.872926218235],[-48.73683880932575,-26.87293145431052],[-48.73685371950499,-26.87294071773722],[-48.736902671356106,-26.87300918617356],[-48.736967431966846,-26.873041809581633],[-48.73703785151206,-26.873042937633098],[-48.73706839069981,-26.87302537769935],[-48.737103420781416,-26.873034963391028],[-48.73712556149842,-26.8730601356007],[-48.73712933366346,-26.87312336798139],[-48.73714644442952,-26.873148459617937],[-48.73713620479793,-26.873157320164136],[-48.737040545466535,-26.873160300132398],[-48.736959257251414,-26.873199608511072],[-48.73689885263471,-26.873200896994593],[-48.736901142990185,-26.873212214391145],[-48.73691353822256,-26.873221437524187],[-48.736983957876426,-26.873222565609442],[-48.73706524610117,-26.87318325721716],[-48.73716090545261,-26.873180277233338],[-48.73717370499237,-26.873169201548283],[-48.73717954353863,-26.873128684524357],[-48.73721794212678,-26.873095457458444],[-48.737389050972716,-26.873093685808755],[-48.73741712005693,-26.873073830094135],[-48.737427449491356,-26.87306045868112],[-48.73742780881596,-26.873042415303008],[-48.737383078092876,-26.873014625189594],[-48.73738388658702,-26.87297402758975],[-48.737407015507394,-26.872949580469157],[-48.737455294237044,-26.872925536139643],[-48.73745610270228,-26.872884938537297],[-48.73735896169286,-26.872836003745373],[-48.73731256951632,-26.872765320312634],[-48.737316522218606,-26.872566843158154],[-48.73732932167047,-26.872555767452816],[-48.73734944145913,-26.872556089699927],[-48.73737926181804,-26.872574616443963],[-48.73740185166967,-26.872577234386362],[-48.73742453135206,-26.872575341480406],[-48.7374550703551,-26.872557781450304],[-48.73750042971114,-26.872553995616965],[-48.73753882800471,-26.872520768443234],[-48.73754466637048,-26.872480251390538],[-48.73756532508934,-26.872453508534168],[-48.73756568438264,-26.8724354651528],[-48.737503483794214,-26.872400626882687],[-48.73745830415469,-26.872395391030835],[-48.73742848382639,-26.872376864305203],[-48.737358064674744,-26.872375736474126],[-48.73732752570948,-26.872393296485786],[-48.73725710655257,-26.872392168603778],[-48.737244756293144,-26.87238069008164],[-48.737242645584956,-26.872360350999575],[-48.737245564814515,-26.872340092482066],[-48.737263663686875,-26.87231556481216],[-48.73724902305491,-26.87229276889771],[-48.73726712191821,-26.872268241226696],[-48.73727026572544,-26.87223670559665],[-48.73726927793964,-26.87215998095716],[-48.73725939774958,-26.872150798141323],[-48.73723141871651,-26.872166142995045],[-48.73715843982119,-26.87216723021253],[-48.73713585005905,-26.87216461223648],[-48.73710602984634,-26.872146085449256],[-48.73701055105821,-26.872140043763174],[-48.736980730874166,-26.87212151695112],[-48.73695814112733,-26.87211889894745],[-48.73691031190253,-26.872120388906833],[-48.73687977294733,-26.87213794882219],[-48.73681936889815,-26.872139237307184],[-48.73681707856425,-26.8721279199096],[-48.73677998308929,-26.872095739659],[-48.73675986339005,-26.872095417335924],[-48.73672932442113,-26.872112977217757],[-48.73665890546704,-26.872111849048554],[-48.736629534648536,-26.87207076795294],[-48.73660941495581,-26.87207044560872],[-48.736555836937086,-26.872107941602103],[-48.73647863696133,-26.8720683503016],[-48.73643336765886,-26.872067624974818],[-48.7364231280797,-26.872076485473166],[-48.736462918134016,-26.87209968442253],[-48.736452678553896,-26.872108544922938]]]},"properties":{"gid":35071,"classe":"Media","sourceLayer":"ima-sgb-3"}},{"type":"Feature","geometry":{"type":"Polygon","coordinates":[[[-48.728817763978206,-26.872087533992293],[-48.72877150302816,-26.87213642520986],[-48.72876475987131,-26.87222204988575],[-48.72871804797163,-26.872293495169018],[-48.728712206499196,-26.872334011660556],[-48.72861564630636,-26.872382094124326],[-48.728609804790665,-26.872422610608584],[-48.7285891440708,-26.87244935202244],[-48.728583302540414,-26.87248986850444],[-48.728484487556855,-26.872650721288057],[-48.72847864597348,-26.87269123776165],[-48.728455515301654,-26.872715683302886],[-48.72840723499891,-26.872739724441097],[-48.72839151390672,-26.872771057514868],[-48.728363443463046,-26.87279091134126],[-48.728267784674834,-26.87279388536986],[-48.72823971420549,-26.872813739169867],[-48.728203332165684,-26.872871813566512],[-48.728197490465334,-26.872912330020295],[-48.728151228900224,-26.872961220991424],[-48.728145387174344,-26.873001737441125],[-48.72812248186728,-26.873014905879714],[-48.72809917064935,-26.873048372983245],[-48.72809368970481,-26.873070846167714],[-48.72805003320111,-26.8731152667288],[-48.7280889196863,-26.873183576102814],[-48.72807081877062,-26.87320810246056],[-48.728064976996706,-26.873248618903006],[-48.728044315989216,-26.87327536021673],[-48.72803802317649,-26.873338430731735],[-48.72802522278975,-26.873349505531063],[-48.728002542912854,-26.8733513969072],[-48.72782896455176,-26.87335086128735],[-48.727798423999474,-26.873368419126336],[-48.727753064235735,-26.873372201801086],[-48.727742823902666,-26.873381061618375],[-48.72780210073238,-26.873436162242406],[-48.72787242986211,-26.87344180568989],[-48.727887339299606,-26.873451070021307],[-48.727926496412586,-26.873505846994746],[-48.7279614354817,-26.873519945729875],[-48.72801083298626,-26.8735658628501],[-48.72804577208536,-26.873579961566044],[-48.72805812147292,-26.873591440841],[-48.728059328479,-26.873656888103593],[-48.728056407572865,-26.873677146322628],[-48.72801014561321,-26.873726037219267],[-48.728002048573046,-26.873879324016777],[-48.72795578650218,-26.873928214887627],[-48.727948591465626,-26.874036393530364],[-48.72792793027417,-26.87406313481357],[-48.72792163731932,-26.874126205310095],[-48.727900976103825,-26.874152946587614],[-48.72790061524969,-26.8741709898436],[-48.727920193915544,-26.874198378335027],[-48.72791893093279,-26.874261529731193],[-48.727882548213486,-26.87431960399473],[-48.727857037389114,-26.874337242731475],[-48.72783215807571,-26.87432330576741],[-48.72779047464051,-26.874394831538034],[-48.72774466336049,-26.87442116825067],[-48.727718611161286,-26.874465871838925],[-48.727712769163,-26.874506388248182],[-48.72769210782451,-26.87453312948638],[-48.72768626581153,-26.87457364589338],[-48.72758744756153,-26.874734497811442],[-48.72758160549555,-26.874775014210055],[-48.727560944073815,-26.874801755423082],[-48.72755510199312,-26.874842271819432],[-48.72753219623703,-26.874855440131434],[-48.72752904961241,-26.874886975359484],[-48.72751094828102,-26.874911501615294],[-48.72752805706887,-26.87493659429534],[-48.727527696143305,-26.87495463754463],[-48.727507034673486,-26.8749813787463],[-48.72750622258143,-26.875021976056303],[-48.727550951395024,-26.875049769190056],[-48.727553060367974,-26.875070108304058],[-48.72755013931624,-26.87509036650092],[-48.7275267823469,-26.875126088869585],[-48.727665108087514,-26.87512831404989],[-48.72768769809734,-26.875130933563774],[-48.72771504746197,-26.875147166424004],[-48.72774302840022,-26.87513182358927],[-48.72776314851098,-26.875132147229554],[-48.727790497887824,-26.87514838007585],[-48.72781646001683,-26.875108187299496],[-48.727852391958116,-26.87507266714334],[-48.72785365502214,-26.87500951575734],[-48.727836546149504,-26.87498442311179],[-48.72788069970285,-26.874915193204046],[-48.727886992758314,-26.874852122720007],[-48.727907654117054,-26.874825381455178],[-48.727913947148764,-26.874762310967967],[-48.72801276498128,-26.87460145879436],[-48.72801860688101,-26.874560942366752],[-48.72804465899115,-26.874516238717625],[-48.72809047024927,-26.874489901906003],[-48.72809676314688,-26.874426831400296],[-48.728107093761366,-26.87441346074827],[-48.72818344575309,-26.87436956601294],[-48.72820994876022,-26.874302308251103],[-48.728299552100964,-26.87422478455946],[-48.72833494242076,-26.874216329141166],[-48.72838479134102,-26.874239692077776],[-48.72839714083172,-26.874251171328748],[-48.728399249953604,-26.874271510440803],[-48.7283963290832,-26.874291768668073],[-48.728350517971826,-26.874318105589147],[-48.728344676208756,-26.874358622039992],[-48.728324015041494,-26.874385363382228],[-48.72832275227289,-26.874448514794473],[-48.728332631876754,-26.874457698200235],[-48.72834287227081,-26.874448838344623],[-48.72834871404168,-26.874408321894645],[-48.72839452519147,-26.8743819849768],[-48.72840036693876,-26.874341468522953],[-48.72842102808011,-26.874314727167754],[-48.7284268698127,-26.87427421071165],[-48.728439670274405,-26.87426313588132],[-48.72845979024116,-26.874263459412774],[-48.728489609429545,-26.874281987967695],[-48.72850972940033,-26.874282311492262],[-48.72857117156254,-26.874229152256333],[-48.72855150254,-26.8742062746611],[-48.72850421368396,-26.87418069681446],[-48.72849999540363,-26.874140018590786],[-48.72848041660059,-26.874112630171417],[-48.728480777361774,-26.874094586908004],[-48.72850143843563,-26.87406784553616],[-48.728508182008525,-26.87398222091282],[-48.728520982427746,-26.873971146072126],[-48.728568812322415,-26.873969659011387],[-48.728591402135926,-26.873972278367862],[-48.728618751377276,-26.873988511046026],[-48.728652483352406,-26.873937162347303],[-48.728607664474424,-26.873913880385548],[-48.72858552559858,-26.8738887069508],[-48.72858633726537,-26.87384810960382],[-48.72860699826617,-26.87382136821126],[-48.72860735900274,-26.873803324945527],[-48.72858778022433,-26.87377593654187],[-48.7285861219943,-26.873733043347695],[-48.72858904280898,-26.873712785111998],[-48.72860970378205,-26.873686043717],[-48.72861051543311,-26.87364544636816],[-48.72858837660429,-26.873620272936236],[-48.72852617845858,-26.87358543084808],[-48.72851885898251,-26.873574032489724],[-48.7285343997972,-26.873551721042567],[-48.728477682605025,-26.873494405732504],[-48.728450874633474,-26.873451108137743],[-48.72843075481064,-26.87345078461402],[-48.72842051451905,-26.87345964448325],[-48.72843762332284,-26.873484737056682],[-48.72843726256432,-26.873502780321093],[-48.728424462193914,-26.873513855157682],[-48.72837371164926,-26.873535600411316],[-48.72835359181256,-26.873535276875685],[-48.72834124239876,-26.873523797625015],[-48.72833702418321,-26.873483119398205],[-48.72830253604545,-26.873446466675244],[-48.72828807754772,-26.873414648307186],[-48.728265938835364,-26.873389474831253],[-48.72820118084608,-26.873356847577305],[-48.72817859116781,-26.873354228166413],[-48.72813076153826,-26.873355715111057],[-48.72810278110294,-26.873371058056993],[-48.728068202872805,-26.873338916098216],[-48.72806609381486,-26.873318576983547],[-48.728069014705056,-26.87329831876268],[-48.72808967571162,-26.8732715774453],[-48.728095517478614,-26.873231061001462],[-48.728116178465754,-26.873204319678823],[-48.72812337322857,-26.873096141002463],[-48.72817210473372,-26.873049545898017],[-48.72818481487318,-26.873042981897505],[-48.72821939305499,-26.873075123825366],[-48.72822270925689,-26.873160910210856],[-48.728284456103744,-26.873218306493225],[-48.72830457588338,-26.873218630035186],[-48.72831737622909,-26.87320755520769],[-48.728323668874665,-26.873144484668956],[-48.72837240032531,-26.87309788949179],[-48.72838511046023,-26.8730913254729],[-48.728412459466576,-26.873107558177693],[-48.72845772893116,-26.873108286099313],[-48.728493569816905,-26.873077276534822],[-48.728454232175395,-26.87303152134061],[-48.72846447242331,-26.873022661465843],[-48.72850983204064,-26.873018878552063],[-48.72852263234374,-26.873007803702986],[-48.72857217529435,-26.87292061109558],[-48.72855506653482,-26.872895518540094],[-48.72855295739113,-26.872875179426558],[-48.728555878177644,-26.872854921188257],[-48.728576538986246,-26.87282817978581],[-48.72858238054587,-26.87278766330712],[-48.72860551120787,-26.872763217744545],[-48.728651231432735,-26.8727413915095],[-48.728606413007945,-26.87271810957339],[-48.728586744215896,-26.872695231994584],[-48.72861023557477,-26.872652743161048],[-48.728656045930286,-26.872626406103954],[-48.72866188744579,-26.872585889618474],[-48.7286722178125,-26.872572518907177],[-48.72873329821978,-26.87253740279633],[-48.7287391397009,-26.872496886305175],[-48.72881100123947,-26.872425845348044],[-48.72881181277441,-26.872385247986298],[-48.728792234162306,-26.872357859618184],[-48.72879304570155,-26.872317262256587],[-48.72882605568964,-26.872302000013644],[-48.728844246458706,-26.87227296271868],[-48.72889005660575,-26.872246625571314],[-48.728896348840195,-26.87218355497581],[-48.72891700943796,-26.872156813508468],[-48.72891993013159,-26.872136555255494],[-48.72891782092559,-26.87211621614218],[-48.72889824232808,-26.872088827789135],[-48.72889860299138,-26.87207078451531],[-48.7289114031452,-26.87205970962051],[-48.72893152272853,-26.872060033060386],[-48.72896134145106,-26.87207856148943],[-48.72898146103844,-26.872078884922402],[-48.728994261185726,-26.872067810019644],[-48.72899462183346,-26.872049766744574],[-48.72897037398331,-26.87200425426856],[-48.72892811579265,-26.871978757466216],[-48.72894621631497,-26.871954230970662],[-48.7289491369954,-26.87193397271589],[-48.72894702778505,-26.871913633602396],[-48.728934678470786,-26.871902154408513],[-48.72891455891534,-26.871901830970852],[-48.728901758780815,-26.871912905867298],[-48.72889546657611,-26.871975976466405],[-48.72888513629418,-26.871989347200152],[-48.72882405623683,-26.872024463400685],[-48.728817763978206,-26.872087533992293]]]},"properties":{"gid":35072,"classe":"Media","sourceLayer":"ima-sgb-3"}},{"type":"Feature","geometry":{"type":"Polygon","coordinates":[[[-48.72959025503368,-26.869561799093795],[-48.72964010227813,-26.86958516148914],[-48.72971042920031,-26.869590803879614],[-48.7297649457882,-26.869632290348985],[-48.729810123791346,-26.869637528573584],[-48.72982247297168,-26.86964900768434],[-48.72982166189366,-26.86968960509032],[-48.72980100199297,-26.86971634674025],[-48.72979425989496,-26.86980197155013],[-48.72977359996561,-26.869828713193975],[-48.72976775906196,-26.86986922977384],[-48.72972149947512,-26.869918121399362],[-48.72966939889857,-26.870007529579336],[-48.729662206028316,-26.87011570848289],[-48.72961594629002,-26.870164600063077],[-48.72961010530397,-26.870205116630046],[-48.72958944525259,-26.870231858238196],[-48.72958360425183,-26.87027237480289],[-48.72956294418104,-26.870299116405775],[-48.729556652500776,-26.870362187076307],[-48.72950994193557,-26.87043363271831],[-48.7295041008907,-26.870474149276227],[-48.72947805038605,-26.87051885331262],[-48.72943179039535,-26.870567744814608],[-48.7294309791456,-26.870608342204275],[-48.72945055765,-26.870635730480775],[-48.729450197096675,-26.870653773765174],[-48.72941134658125,-26.870709552742703],[-48.72927549589552,-26.87070962544052],[-48.72925214045571,-26.870745348205833],[-48.729245848559806,-26.870808418846448],[-48.72922518830592,-26.8708351603869],[-48.729219347128506,-26.870875676923212],[-48.7291986868552,-26.870902418458403],[-48.729192845663086,-26.870942934992453],[-48.72917218537037,-26.87096967652237],[-48.7291613858252,-26.871258288148017],[-48.72911557615091,-26.871284625415843],[-48.7291152155343,-26.87130266869438],[-48.7291275648076,-26.871314147870407],[-48.72915015411742,-26.871316767105988],[-48.729172833580506,-26.87131487551824],[-48.729203373366275,-26.871297317329134],[-48.72922349281876,-26.87129764071897],[-48.72923584210323,-26.871309119886185],[-48.729240060623,-26.87134979811283],[-48.72924994005602,-26.87135898144582],[-48.72926557054446,-26.8713321590636],[-48.729311380207804,-26.871305821746272],[-48.72931722138679,-26.871265305207746],[-48.729353151578174,-26.871229784545854],[-48.729389532461184,-26.8711717097704],[-48.729389893032206,-26.871153666488087],[-48.72937031446354,-26.871126278200336],[-48.7293706750369,-26.871108234918147],[-48.7293809150333,-26.87109937495929],[-48.72940579388262,-26.871113311623812],[-48.729416033876966,-26.871104451662287],[-48.72941639444273,-26.87108640837946],[-48.729399285733344,-26.87106131592592],[-48.729422776412854,-26.87101882690779],[-48.72946903660616,-26.870969935423435],[-48.72947487770276,-26.870929418871974],[-48.729521137835526,-26.87088052736628],[-48.7295269789066,-26.87084001081076],[-48.72954763909383,-26.870813269221728],[-48.72955348015022,-26.87077275266392],[-48.72957414031803,-26.870746011069645],[-48.7295799813597,-26.870705494509583],[-48.729626692007855,-26.870634048851194],[-48.72963478628801,-26.870480761743273],[-48.729655446379105,-26.870454020131525],[-48.729661738013895,-26.87039094945421],[-48.72968239808097,-26.870364207836804],[-48.72968823905406,-26.870323691266574],[-48.7297142894282,-26.870278987182218],[-48.7297371939941,-26.870265818434373],[-48.729740790406694,-26.87021172898013],[-48.729787500730424,-26.87014028324483],[-48.729793792261326,-26.870077212553348],[-48.72986655272479,-26.869961062671027],[-48.7298723936008,-26.869920546085627],[-48.7298930535264,-26.869893804427225],[-48.72989979556114,-26.869808179609315],[-48.729997704700544,-26.869692433728392],[-48.730000317965796,-26.86956161984784],[-48.72996628091889,-26.869502413436404],[-48.72991432425982,-26.86945871204048],[-48.72984399740088,-26.869453069755963],[-48.72980416467001,-26.8694321244876],[-48.72978866978117,-26.869452180726146],[-48.729718162691285,-26.86945556002509],[-48.7296896427024,-26.869497968302888],[-48.72963597375694,-26.869539972437828],[-48.729575571251814,-26.86954125790543],[-48.72959025503368,-26.869561799093795]]]},"properties":{"gid":35083,"classe":"Media","sourceLayer":"ima-sgb-3"}},{"type":"Feature","geometry":{"type":"Polygon","coordinates":[[[-48.729578717047374,-26.86950972256477],[-48.72959937695648,-26.869482980947577],[-48.729599737467865,-26.86946493765831],[-48.72958738833013,-26.86945345853047],[-48.7295170615034,-26.869447816084314],[-48.72945531589288,-26.869390420402585],[-48.72945702842071,-26.86930471478563],[-48.729467268237215,-26.8692958548078],[-48.72951684494886,-26.869332749704874],[-48.72955012434138,-26.869303954759353],[-48.72949084860661,-26.86924885492188],[-48.72944567077943,-26.8692436166055],[-48.729430761727585,-26.86923435246034],[-48.72938392531041,-26.86918622090026],[-48.72938428585136,-26.86916817761296],[-48.72940741555272,-26.869143731850276],[-48.729473433465834,-26.869113206929818],[-48.729596707836635,-26.869112931852612],[-48.729619296729176,-26.86911555098704],[-48.72964664501741,-26.86913178341206],[-48.72972335325325,-26.869069844261432],[-48.72973660357506,-26.86903621514615],[-48.72973584604426,-26.86894821368547],[-48.72972349694394,-26.86893673457141],[-48.72970090808295,-26.868934115455666],[-48.72967822910065,-26.868936007159295],[-48.729650249986314,-26.86895135050238],[-48.729568295395225,-26.86889814239927],[-48.7296115440288,-26.868874019907352],[-48.72961783553171,-26.86881094921503],[-48.72962807528904,-26.868802089221372],[-48.7296801216712,-26.86884127987764],[-48.72972538947685,-26.868842007286776],[-48.72973818916727,-26.868830932284418],[-48.72974402999904,-26.868790415697582],[-48.72976468972699,-26.868763674043024],[-48.72976550079289,-26.86872307663334],[-48.72975562152804,-26.868713893345063],[-48.72970204311925,-26.8687513867111],[-48.72960391789319,-26.868752066039743],[-48.72958132907285,-26.868749446907294],[-48.7295714498218,-26.868740263606952],[-48.72958698970286,-26.868717951975285],[-48.729577110453846,-26.868708768675443],[-48.72953193283345,-26.868703530399547],[-48.72950211485171,-26.86868500213271],[-48.729391505455204,-26.868680968419618],[-48.729387908982375,-26.868735057868342],[-48.72936980911855,-26.868759584469043],[-48.72937968835377,-26.86876876778256],[-48.729424865989046,-26.868774006108318],[-48.729461913151525,-26.86880844351772],[-48.729465230421795,-26.868894229972888],[-48.72948233885727,-26.868919322405926],[-48.72943909018132,-26.868943444855308],[-48.72943369989203,-26.868961407310817],[-48.7294105702362,-26.86898585308108],[-48.72936229175783,-26.869009894669986],[-48.72936193121587,-26.869027937957433],[-48.72938150946014,-26.86905532623096],[-48.729380698245485,-26.869095923627913],[-48.72936789849083,-26.8691069985934],[-48.729322540453516,-26.869110781884846],[-48.72926896171706,-26.86914827506382],[-48.72924408329814,-26.86913433839972],[-48.72923384348104,-26.869143198361392],[-48.72922665031665,-26.86925137723232],[-48.729190270045656,-26.869309452013752],[-48.72911392195633,-26.86935334756091],[-48.72910359196163,-26.869366718331822],[-48.72910323137304,-26.869384761615105],[-48.72911558045158,-26.86939624078187],[-48.72921105610707,-26.869402287638465],[-48.72926557241232,-26.869443774284523],[-48.72938619703322,-26.869450225225865],[-48.729413455226265,-26.86947096852002],[-48.7294377027983,-26.86951648091213],[-48.729462491190205,-26.869534928370012],[-48.72949047047696,-26.869519585075924],[-48.72951058961886,-26.869519908405184],[-48.72954040781074,-26.869538436682078],[-48.729575571251814,-26.86954125790543],[-48.729578717047374,-26.86950972256477]]]},"properties":{"gid":35090,"classe":"Media","sourceLayer":"ima-sgb-3"}},{"type":"Feature","geometry":{"type":"Polygon","coordinates":[[[-48.72904745623298,-26.865000193952646],[-48.72905980486336,-26.86501167310052],[-48.729064023262005,-26.865052351347142],[-48.729108298107825,-26.86510269791836],[-48.729112516524786,-26.865143376164358],[-48.72915980192922,-26.865168953609416],[-48.72918193939042,-26.865194126883868],[-48.729180226959656,-26.865279832534238],[-48.72916742764607,-26.865290907512865],[-48.729122071141255,-26.86529469083717],[-48.72910680208736,-26.865303469981026],[-48.72908097810807,-26.86533689698068],[-48.72916652635814,-26.865336015748976],[-48.729217272985814,-26.865314269947206],[-48.729245791970854,-26.865271861686747],[-48.729307318731145,-26.865214190915847],[-48.729307679222345,-26.865196147619365],[-48.72928554173138,-26.865170974362865],[-48.72927063320264,-26.865161710230293],[-48.72922545700237,-26.865156471943486],[-48.72921310833952,-26.86514499280827],[-48.72921346884458,-26.865126949512803],[-48.72922626813427,-26.865115874528318],[-48.7293100224068,-26.86507886619101],[-48.72931083350577,-26.86503826877301],[-48.72929125589616,-26.865010880519936],[-48.729290127547,-26.865],[-48.72904503896605,-26.865],[-48.72904745623298,-26.865000193952646]]]},"properties":{"gid":35101,"classe":"Media","sourceLayer":"ima-sgb-3"}},{"type":"Feature","geometry":{"type":"Polygon","coordinates":[[[-48.717347698119056,-26.87661744852322],[-48.718078805910594,-26.87665346484402],[-48.71812365319719,-26.8766390967682],[-48.71816509009525,-26.87661415283461],[-48.718608721050124,-26.876590665946726],[-48.71869565788709,-26.876598820341595],[-48.7187630579803,-26.87656566811811],[-48.71894319853302,-26.876547227073246],[-48.719235584047524,-26.87648126668585],[-48.719421730644335,-26.876451276785268],[-48.71958087805155,-26.876416829450058],[-48.719703614701224,-26.876377839622805],[-48.71998178713809,-26.876321244854903],[-48.72004203869647,-26.876296466857163],[-48.72038748932678,-26.87611074445653],[-48.7205741324109,-26.87603540747199],[-48.720917219970126,-26.875850717668296],[-48.72108552413453,-26.875731977643817],[-48.72125197456315,-26.875567871999674],[-48.72138578238093,-26.8754846839373],[-48.72143450515824,-26.87543871029281],[-48.7215358046754,-26.875317268050967],[-48.72188011179939,-26.874975828874863],[-48.7220680086964,-26.874759630206235],[-48.72233410070001,-26.874481562004842],[-48.722794689739715,-26.873887150168084],[-48.723007289485786,-26.873482288335246],[-48.72310039922856,-26.87332483853049],[-48.723337032977234,-26.87283532724423],[-48.72350901750683,-26.87251447246589],[-48.72364139775461,-26.872162640649364],[-48.72378132072709,-26.871820331927356],[-48.724152236635966,-26.870728505642496],[-48.724449329008706,-26.869944051721728],[-48.72455877891065,-26.86966271348821],[-48.72465012501832,-26.869548432522063],[-48.72470630303093,-26.86934301500557],[-48.724706622628574,-26.869248555052252],[-48.72468388539545,-26.86895996184207],[-48.7246955823321,-26.86893232039034],[-48.72483210695295,-26.868781064174136],[-48.72487499971228,-26.868680774071333],[-48.72491797188977,-26.868516802767097],[-48.7249993420737,-26.868142178373617],[-48.724990093225486,-26.867631358601102],[-48.725007001764446,-26.867224446031372],[-48.72504478323508,-26.866810725699004],[-48.725061984841034,-26.866779525112875],[-48.72515210665343,-26.866736710831706],[-48.72515379435769,-26.86667974450172],[-48.7251478002638,-26.86666420341767],[-48.72513117684052,-26.86665294931291],[-48.72507985081258,-26.86664395573093],[-48.72506990404161,-26.8666270135675],[-48.72500719518682,-26.86615426294808],[-48.725008911500716,-26.86610260530683],[-48.72502660109469,-26.86609015110487],[-48.725097156884225,-26.86607960936786],[-48.724888023809804,-26.865274183536584],[-48.7248737763245,-26.865264689546883],[-48.72481074070821,-26.86528050709795],[-48.72478932665101,-26.865257951114327],[-48.724709930663344,-26.86507748882547],[-48.72468173810598,-26.865],[-48.717,-26.865],[-48.717,-26.87653143757146],[-48.717347698119056,-26.87661744852322]],[[-48.72121888444885,-26.867659320817793],[-48.72121852263563,-26.867677364006365],[-48.72124276648616,-26.867722877585557],[-48.72125511454866,-26.86773435738092],[-48.72135058797888,-26.867740409440227],[-48.72137739195949,-26.867783708160058],[-48.72140464819223,-26.867804452887675],[-48.721527830168256,-26.867808695565586],[-48.7215505089572,-26.86780680516532],[-48.72158104880651,-26.86778924863188],[-48.72160116753144,-26.867789573067633],[-48.72165568009815,-26.867831062437066],[-48.7217008568139,-26.86783630318918],[-48.721730673181696,-26.867854833011535],[-48.72180355839543,-26.867858264402393],[-48.72182623719322,-26.86785637395819],[-48.72185475953419,-26.867813967418794],[-48.72190591541987,-26.86777192581346],[-48.72191853483682,-26.867769873157492],[-48.7219379753739,-26.86780402853998],[-48.72186237733044,-26.867935921191812],[-48.721775244843144,-26.86801573684786],[-48.72174919204709,-26.868060439316345],[-48.721713260709,-26.868095957971015],[-48.721707417092944,-26.868136474051067],[-48.721661155006636,-26.868185362872403],[-48.721629710665404,-26.868248027397183],[-48.721568178503745,-26.86830569445039],[-48.72155245629362,-26.86833702670048],[-48.72150664627938,-26.86836336147241],[-48.72150080256901,-26.868403877536977],[-48.721439270255615,-26.86846154452338],[-48.72142354798611,-26.868492876754868],[-48.72141074758445,-26.8685039509552],[-48.7213880686548,-26.86850584132393],[-48.72136548017543,-26.86850322089189],[-48.72133566371131,-26.868484690987007],[-48.72129048676597,-26.868479450103276],[-48.721260670321264,-26.86846092018367],[-48.72124055148232,-26.868460595691975],[-48.72122775106799,-26.868471669874893],[-48.721226032398484,-26.86855737501088],[-48.721238380543305,-26.868568854812075],[-48.72135900324555,-26.868575312525365],[-48.721371351406546,-26.868586792315895],[-48.72137008509267,-26.868649943474132],[-48.72135728466727,-26.86866101766796],[-48.721236571418125,-26.86865907074409],[-48.72120720722588,-26.868617986828646],[-48.7211870883599,-26.868617662327594],[-48.72117428792183,-26.868628736503982],[-48.721167539479666,-26.86871436050839],[-48.72111880728929,-26.86876095315736],[-48.7211035371974,-26.868769731363386],[-48.72105817922828,-26.868773511990955],[-48.7210453787598,-26.86878458615354],[-48.72103953485288,-26.868825102185045],[-48.7210267343765,-26.868836176345376],[-48.720956227752474,-26.86883955127639],[-48.720925235173766,-26.868879661625638],[-48.720874485544904,-26.868901404236464],[-48.72085436663343,-26.868901079684925],[-48.72082701978845,-26.8688848456389],[-48.7207985872545,-26.868922741128557],[-48.72075331969807,-26.8689220108587],[-48.72073841146748,-26.86891274584253],[-48.72071627532135,-26.868887571328614],[-48.72070181949095,-26.8688557523352],[-48.720674563159974,-26.868835007466913],[-48.72062929564239,-26.868834277159543],[-48.720598755368336,-26.868851833457708],[-48.7205786364695,-26.868851508867458],[-48.72056628836741,-26.868840029011253],[-48.72056665030233,-26.868821985833847],[-48.7205794508186,-26.86881091171795],[-48.720702724274446,-26.868810644387427],[-48.72074067339155,-26.868799975970532],[-48.72077907487773,-26.868766753567716],[-48.72080759784851,-26.86872434728398],[-48.72085295579989,-26.868720566736187],[-48.720865756278066,-26.868709492591684],[-48.72087205259193,-26.868646422593198],[-48.720895183901554,-26.868621978332158],[-48.720945933397964,-26.86860023570496],[-48.72099713520413,-26.86855593907887],[-48.7210606850915,-26.868523122246778],[-48.72106845581575,-26.868511966951036],[-48.72105134937374,-26.86848687361805],[-48.7210471338328,-26.868446195323017],[-48.7209303379407,-26.868374371381517],[-48.720948439474746,-26.86834984597249],[-48.720954283376116,-26.868309329942765],[-48.72098729306693,-26.868294069517727],[-48.72101828544874,-26.86825395914032],[-48.72103849471075,-26.868249772865127],[-48.72106656513632,-26.86822992049343],[-48.72107689591744,-26.868216550361684],[-48.7210827397628,-26.868176034322612],[-48.72109554015465,-26.868164960151212],[-48.7211408978788,-26.868161179495917],[-48.72115369826359,-26.868150105318776],[-48.72121119584481,-26.868042738564228],[-48.72127218530783,-26.8680121364497],[-48.7212820637835,-26.868021320285397],[-48.7212862794053,-26.868061998579986],[-48.72129862750668,-26.868073478373628],[-48.721321215898946,-26.868076098811038],[-48.721343894742496,-26.868074208447602],[-48.721397475325595,-26.86803671840387],[-48.72140735381407,-26.868045902231557],[-48.72140699202471,-26.86806394542152],[-48.721388890635524,-26.86808847089936],[-48.72139876912743,-26.86809765472781],[-48.72141888790438,-26.868097979192946],[-48.721498159603364,-26.868033829900636],[-48.72150849031648,-26.86802045973265],[-48.72151433399368,-26.867979943664338],[-48.72153746502627,-26.86795549927866],[-48.72155273497387,-26.867946721015745],[-48.72159809260657,-26.867942940207012],[-48.72162616286298,-26.8679230877123],[-48.721636493550676,-26.86790971753316],[-48.72163730748888,-26.86786912034829],[-48.72157511472826,-26.867834275504265],[-48.721529847580676,-26.867833545510344],[-48.72149930771186,-26.867851102031345],[-48.72137603524519,-26.867851370123265],[-48.721353446895264,-26.8678487496973],[-48.721323630596785,-26.86783021979926],[-48.72125330550204,-26.867824573324633],[-48.7212234892276,-26.86780604340684],[-48.721178222102346,-26.867805313301016],[-48.72112208149867,-26.8678450181005],[-48.72105157549148,-26.867848393118546],[-48.72099699980488,-26.86793550178958],[-48.72095859867801,-26.867968724277027],[-48.72089257947726,-26.867999245118117],[-48.720872460725175,-26.867998920579176],[-48.72083541658907,-26.867964481092933],[-48.72083165347883,-26.867901248815944],[-48.72082177505174,-26.867892064951544],[-48.72076289326588,-26.867943006017732],[-48.72080424329069,-26.868013613023866],[-48.72080342904994,-26.868054210184315],[-48.72079062864501,-26.868065284328377],[-48.72074527095659,-26.868069064872866],[-48.72071674814731,-26.86811147115652],[-48.720688677696934,-26.86813132345698],[-48.720668558924345,-26.86813099888755],[-48.72065621088518,-26.8681195190425],[-48.720651995490044,-26.868078840743536],[-48.72063964745792,-26.868067360897406],[-48.72061952869734,-26.868067036321726],[-48.72060672827424,-26.86807811044787],[-48.7206004318702,-26.868141180431902],[-48.72058763143645,-26.86815225455556],[-48.720517125242836,-26.868155629293543],[-48.720476480513106,-26.868175278677683],[-48.720456587949464,-26.86816367709151],[-48.72051556046785,-26.868108225375767],[-48.72052881331441,-26.868074597285165],[-48.72052670563978,-26.86805425813517],[-48.720481981341706,-26.86802646303248],[-48.7204832481147,-26.86796331190778],[-48.7205447805911,-26.867905645347914],[-48.72057330340414,-26.867863239098646],[-48.7206186610112,-26.86785945860449],[-48.72064920100358,-26.867841902282727],[-48.720845449018256,-26.86784055591223],[-48.72087351936779,-26.867820703573585],[-48.72088924167665,-26.867789371404296],[-48.720935503900755,-26.86774048284416],[-48.72093842583019,-26.867720224827202],[-48.72093631808331,-26.867699885678167],[-48.720891593807565,-26.867672090706428],[-48.72089240800338,-26.86763149354129],[-48.72092833942347,-26.867595975100283],[-48.72094406168171,-26.867564642921078],[-48.72096719273813,-26.867540198629914],[-48.720982462666605,-26.86753142042746],[-48.72102782013696,-26.867527639792478],[-48.72109136941775,-26.867494822905346],[-48.72109766548684,-26.86743175287463],[-48.721136518659456,-26.867375976347677],[-48.721171545381324,-26.86738556580539],[-48.72124307348516,-26.867456659425777],[-48.721239545860115,-26.867632580520283],[-48.72121888444885,-26.867659320817793]],[[-48.72228835397974,-26.868773044490446],[-48.722234773297764,-26.868810534865332],[-48.722214654383286,-26.868810210508396],[-48.72217806166479,-26.868753217338284],[-48.72217842334257,-26.86873517414037],[-48.72219908475451,-26.86870843370429],[-48.72219944642825,-26.86869039050601],[-48.722189567819385,-26.868681206726958],[-48.72216405752659,-26.86869884447197],[-48.722148335412754,-26.86873017679374],[-48.72212520433294,-26.86875462127537],[-48.722109934311206,-26.868763399595206],[-48.72206466677682,-26.86876266974928],[-48.72205231852325,-26.868751190014063],[-48.72205021057089,-26.868730850870588],[-48.72205448870435,-26.868642930835293],[-48.72206728906454,-26.868631856573817],[-48.72208740794539,-26.86863218094975],[-48.72209975619075,-26.8686436606815],[-48.72210397211301,-26.868684338968276],[-48.722113850714734,-26.868693522752906],[-48.722124091003664,-26.868684663339568],[-48.72213129082812,-26.868576485246376],[-48.72214153110451,-26.868567625830895],[-48.72215396976896,-26.868574594758392],[-48.72219065284283,-26.868627077132086],[-48.72221661520167,-26.868586885382364],[-48.722252546559744,-26.86855136660173],[-48.72225884209252,-26.868488296490955],[-48.722294773404606,-26.868452777696312],[-48.72233115675438,-26.868394704890054],[-48.722337452228274,-26.868331634771206],[-48.722460515790324,-26.868216299915936],[-48.72246681117515,-26.86815322978468],[-48.72254114307393,-26.868084487992647],[-48.722556412970576,-26.868075709617536],[-48.722601770646996,-26.868071928487545],[-48.72261457088897,-26.868060854168185],[-48.72263806331031,-26.868018366383104],[-48.72262095657236,-26.86799327322152],[-48.72262177016198,-26.867952676009235],[-48.72264243131778,-26.867925935490003],[-48.72264827458656,-26.867885419348426],[-48.72266893572293,-26.86785867882391],[-48.72267185735063,-26.86783842075206],[-48.722669749290695,-26.867818081609506],[-48.72263315661524,-26.86776108855575],[-48.722587889463405,-26.867760358902476],[-48.722575089255194,-26.86777143322181],[-48.722569245969595,-26.86781194935969],[-48.72255644575349,-26.86782302367678],[-48.72253632700924,-26.867822699376614],[-48.72248428373812,-26.86778350626625],[-48.72245630405949,-26.86779884814262],[-48.72238588847601,-26.867797713030573],[-48.72237354028505,-26.86778623332656],[-48.72237211033821,-26.86773206317744],[-48.722411940962246,-26.86775301042347],[-48.72250997457382,-26.867756846842866],[-48.722532653348345,-26.867754956283132],[-48.72258879345579,-26.867715250888388],[-48.72268435740717,-26.867716791247553],[-48.72271170427767,-26.86773302493527],[-48.722739683908834,-26.86771768300495],[-48.72278504143982,-26.867713901806525],[-48.72281558109309,-26.867696344992204],[-48.72291123542994,-26.867693374394616],[-48.72296737538468,-26.86765366883874],[-48.722990054136616,-26.86765177820373],[-48.7230377909075,-26.867654803655512],[-48.72306715557012,-26.867695887221423],[-48.72308974395096,-26.867698507373838],[-48.72318786795072,-26.86769783251778],[-48.72321840754402,-26.86768027561209],[-48.723263765056075,-26.867676494257886],[-48.72329430463294,-26.867658937334646],[-48.72338986858396,-26.86766047721389],[-48.72341712518696,-26.867681221574635],[-48.723441415131674,-26.86772447942981],[-48.723453944161434,-26.867726937438633],[-48.72345623309198,-26.8677382549702],[-48.72349332319017,-26.86777043841314],[-48.723513441938586,-26.867770762576516],[-48.7235695817419,-26.867731056770715],[-48.72361740893511,-26.867729571224945],[-48.72363999734218,-26.86773219129053],[-48.72366936225033,-26.86777327474578],[-48.723701738978185,-26.867789589286243],[-48.72370068377082,-26.867967806577365],[-48.72369776231986,-26.867988064681505],[-48.72367710138803,-26.86801480536992],[-48.72367673995936,-26.868032848588527],[-48.72372056156462,-26.868105750776078],[-48.723724778066426,-26.86814642905265],[-48.72374435475453,-26.86817381801593],[-48.72374766771377,-26.868259604339485],[-48.723767244425005,-26.868286993300746],[-48.72376935268492,-26.86830733243861],[-48.72376552768351,-26.8683726985907],[-48.723742397009914,-26.86839714336496],[-48.72369411774321,-26.868421182957633],[-48.723690141968945,-26.86861965835032],[-48.723751884079405,-26.86867705634946],[-48.72379706127796,-26.868682296457553],[-48.72382642646426,-26.86872337989409],[-48.723896842691744,-26.868724514324576],[-48.72392783422523,-26.86868440325333],[-48.72401338479477,-26.8686835253057],[-48.724073245661216,-26.86870930704194],[-48.72408559412872,-26.86872078661306],[-48.724087702447996,-26.86874112574913],[-48.72408432931514,-26.868783937889575],[-48.724023340083974,-26.868814541237523],[-48.72397376552132,-26.868777644535403],[-48.7239201853434,-26.86881513558483],[-48.72384967870525,-26.868818511967138],[-48.72382169892392,-26.868833854107596],[-48.723794351625095,-26.86881762061051],[-48.72374917437338,-26.868812380498262],[-48.723719357403596,-26.868793851067924],[-48.72359873417791,-26.868787395348384],[-48.723569369062965,-26.868746311868975],[-48.72354934050618,-26.86874147689892],[-48.7235220836377,-26.86872073254901],[-48.7234880503086,-26.868661524797723],[-48.72348383388747,-26.868620846520944],[-48.723471485495004,-26.868609366901556],[-48.7234011597301,-26.86860372146025],[-48.72338881134828,-26.868592241834257],[-48.723389172831396,-26.868574198620713],[-48.72344127742563,-26.86848479301157],[-48.72350280880419,-26.868427125089486],[-48.72355482287244,-26.86834223023087],[-48.72363156355563,-26.868404382196612],[-48.723651682418165,-26.868404706347373],[-48.723664482605244,-26.86839363192922],[-48.72366529583636,-26.868353034689722],[-48.72357885719327,-26.86827267744735],[-48.72350807980178,-26.868289586091866],[-48.72349106319261,-26.868259982217985],[-48.723446338018256,-26.868232188004246],[-48.72344669948661,-26.86821414478905],[-48.72345949966929,-26.86820307038912],[-48.723504857389585,-26.86819928897037],[-48.723517657565225,-26.868188214564682],[-48.723518019021576,-26.868170171348478],[-48.72350567067086,-26.868158691734283],[-48.723410196661625,-26.868152641103265],[-48.723380379917565,-26.868134111614147],[-48.72333520296478,-26.868128871387302],[-48.723300627655966,-26.86809672842429],[-48.72331086780159,-26.868087868914962],[-48.723333546639395,-26.868085978229978],[-48.72335613510661,-26.868088598344915],[-48.72338595183495,-26.868107127838268],[-48.72340607064144,-26.868107452020666],[-48.72341887081495,-26.868096377623765],[-48.72341923228554,-26.868078334408573],[-48.723374507198606,-26.868050540177048],[-48.72336005069016,-26.868018721412103],[-48.72331065743151,-26.867972802901672],[-48.72327662441027,-26.867913595114704],[-48.72327698590057,-26.86789555190084],[-48.723297646898146,-26.867868811275134],[-48.72330348993073,-26.86782829509122],[-48.72332415090887,-26.867801554460232],[-48.72332707241847,-26.86778129636723],[-48.723325416090944,-26.86773840320838],[-48.72329084089531,-26.867706260249005],[-48.72321458227604,-26.867745641735944],[-48.72320425178153,-26.86775901204349],[-48.72319840871937,-26.86779952822166],[-48.72313440790584,-26.867854900098855],[-48.72308914070084,-26.867854170603742],[-48.72305456554394,-26.867822027588975],[-48.72309615873685,-26.86775501399436],[-48.72308628012599,-26.867745830277485],[-48.72304101296593,-26.86774510076969],[-48.72301047332999,-26.867762657634024],[-48.72296511578123,-26.867766438904106],[-48.722936593850676,-26.867808845694984],[-48.72290066294609,-26.867844364681453],[-48.72290030139686,-26.867862407890712],[-48.72291987783353,-26.8678897969537],[-48.72291906435256,-26.867930394174756],[-48.722895933605166,-26.86795483880595],[-48.72284765437734,-26.867978878111092],[-48.72284000336172,-26.868109610304487],[-48.72281934221338,-26.868136350852822],[-48.72281214310242,-26.86824452903041],[-48.722786090640035,-26.868289231711316],[-48.72277585043707,-26.868298091178627],[-48.72276597181006,-26.868288907438643],[-48.72276265959516,-26.86820312113906],[-48.722750311322656,-26.86819164146344],[-48.72273019251047,-26.86819131718676],[-48.72269389982708,-26.868244879312925],[-48.72270853696047,-26.868267676532305],[-48.722687966148456,-26.86828990625573],[-48.72267525628352,-26.868296469778898],[-48.72264790928942,-26.868280236077098],[-48.72260017227764,-26.868277210477824],[-48.72257749339839,-26.868279101041757],[-48.72256469312679,-26.868290175355657],[-48.72256433151728,-26.86830821855956],[-48.722581438284195,-26.86833331172918],[-48.72252246658148,-26.868388764362496],[-48.722493944318096,-26.86843117104022],[-48.722448676903866,-26.868430441325597],[-48.7224217819571,-26.868391653577874],[-48.72239335006658,-26.868429549432484],[-48.72235787084723,-26.86844251425359],[-48.72233473987329,-26.86846695877702],[-48.7223334741011,-26.868530109978746],[-48.7223433527102,-26.868539293747826],[-48.722422081802684,-26.86850220872908],[-48.7225705036259,-26.86850234515083],[-48.72259309214802,-26.868504965391818],[-48.72264760543012,-26.868546454418887],[-48.722667724303996,-26.868546778711266],[-48.72269579454762,-26.868526926003064],[-48.72272175670927,-26.868486734147222],[-48.72273163534839,-26.86849591789092],[-48.72273283945635,-26.868561365045775],[-48.72272991781074,-26.868581623116487],[-48.72270925654313,-26.86860836364002],[-48.72270588290102,-26.868651175715797],[-48.72270799097123,-26.86867151485699],[-48.722752716111145,-26.86869930930255],[-48.72275235452507,-26.86871735250777],[-48.72274202388143,-26.868730722770806],[-48.7226883529575,-26.868772724129837],[-48.722567549073595,-26.868775289135865],[-48.72250152976039,-26.86880581072383],[-48.722435058365235,-26.868858886279668],[-48.72236464212627,-26.86885775111577],[-48.72233783753308,-26.868814452549703],[-48.722300792675725,-26.868780013406816],[-48.72228835397974,-26.868773044490446]],[[-48.72341577711062,-26.869080465137667],[-48.72325847676987,-26.869442556989455],[-48.72322097100886,-26.869444455983135],[-48.723120331094535,-26.869409309839025],[-48.72315610038652,-26.869262755969867],[-48.72316001896368,-26.869182495498247],[-48.72315167976324,-26.86916246746075],[-48.72311553373542,-26.86915416356519],[-48.72303667566125,-26.869158702664915],[-48.72300502114654,-26.86918557649992],[-48.72296443881923,-26.869390926895118],[-48.722749541688756,-26.86934427009908],[-48.722858832025096,-26.869066145296333],[-48.722873702137875,-26.869057638404477],[-48.7234097406414,-26.86904986860437],[-48.7234168443201,-26.86905793547664],[-48.72341577711062,-26.869080465137667]],[[-48.721184058369005,-26.869395977486793],[-48.721180231799025,-26.869461343463414],[-48.72118233959785,-26.86948168260897],[-48.72122661232885,-26.869532031511437],[-48.72122625048755,-26.869550074695347],[-48.72118043989449,-26.86957640932164],[-48.721128333017255,-26.869665813939825],[-48.72112797115827,-26.869683857122155],[-48.72114031940607,-26.869695336937344],[-48.721260943287824,-26.869701794808606],[-48.72129551843324,-26.869733938258832],[-48.72128774763728,-26.869745093561445],[-48.721234075709866,-26.8697870942979],[-48.72111327080968,-26.869789657989067],[-48.72110303034122,-26.869798517316553],[-48.72111766731809,-26.86982131468875],[-48.721084385780905,-26.869850107500337],[-48.721057038681614,-26.8698338734844],[-48.72103444995226,-26.869831252983648],[-48.721011770754245,-26.869833143274484],[-48.72098123025207,-26.86985069963988],[-48.720935871847324,-26.869854480200118],[-48.720905331328694,-26.869872036547946],[-48.72078461683177,-26.869870089157242],[-48.72077226860476,-26.86985860931227],[-48.72077263052292,-26.86984056613487],[-48.72079868415269,-26.869795863906965],[-48.7208444949171,-26.86976952941648],[-48.72087054850112,-26.869724827172103],[-48.72087639253927,-26.869684311159055],[-48.72088672348745,-26.869670941053528],[-48.72091223419079,-26.869653303567837],[-48.72093912886439,-26.869692091583083],[-48.720984396733314,-26.869692821812727],[-48.72099463720017,-26.86968396249371],[-48.720977530618924,-26.8696588691455],[-48.7209778925014,-26.869640825965014],[-48.72103897337954,-26.869605713220402],[-48.72104930430163,-26.86959234310118],[-48.72104966617168,-26.869574299919616],[-48.721037317945864,-26.869562820097723],[-48.72099214059673,-26.869557579093073],[-48.72098226202218,-26.86954839523197],[-48.7209925024753,-26.86953953591213],[-48.72103786075295,-26.869535755325465],[-48.7210684011588,-26.869518198941204],[-48.72111375942726,-26.86951441832947],[-48.721141830170836,-26.869494565964935],[-48.721155083030524,-26.869460937820136],[-48.72115981423816,-26.869350463886377],[-48.72117005465937,-26.869341604551426],[-48.72122730878049,-26.869371857688986],[-48.721184058369005,-26.869395977486793]],[[-48.721207931785294,-26.86983630741287],[-48.72123774856407,-26.86985483736253],[-48.721282926047905,-26.869860078296576],[-48.72129527433022,-26.86987155810014],[-48.72129491249449,-26.86988960128404],[-48.72127425064326,-26.869916341556692],[-48.72127343650335,-26.869956938719557],[-48.721285784794404,-26.8699684185244],[-48.72135611121145,-26.86997406506511],[-48.72141062466735,-26.87001555457786],[-48.72143321344644,-26.870018175021205],[-48.72145589267994,-26.870016284664608],[-48.721468693259574,-26.870005210472815],[-48.72146905506953,-26.86998716728703],[-48.721449478676625,-26.869959778029607],[-48.72144571524415,-26.869896545759683],[-48.7214286085306,-26.86987145245852],[-48.72143637932295,-26.869860297148023],[-48.721464450105394,-26.869840444722087],[-48.72158516462807,-26.869842391530252],[-48.72159751294122,-26.869853871309214],[-48.72159715115375,-26.86987191449696],[-48.72158435060179,-26.869882988702326],[-48.72153899218894,-26.869886769456784],[-48.72150315061741,-26.869917777212326],[-48.721567180969444,-26.869986493682887],[-48.72154660960924,-26.870008723201305],[-48.72149832922456,-26.870032761965515],[-48.72149706290203,-26.87009591311645],[-48.721509411231246,-26.870107392903915],[-48.721532000031964,-26.870110013332724],[-48.721655274961435,-26.870109745259295],[-48.721708946907455,-26.870067744364274],[-48.72173746991059,-26.87002533789857],[-48.72175758903341,-26.87002566233695],[-48.72179216442039,-26.87005780567928],[-48.721755870647826,-26.870111367485777],[-48.72171051214455,-26.870115148289837],[-48.7216795194358,-26.87015525879287],[-48.72158386305317,-26.870158228422184],[-48.72157106246553,-26.87016930262382],[-48.72157070066893,-26.870187345810415],[-48.721587807457375,-26.870212439098307],[-48.72156723605657,-26.870234668616764],[-48.721518955575874,-26.870258707381534],[-48.72151814151129,-26.870299304549345],[-48.72153048986327,-26.87031078433619],[-48.721553078704844,-26.870313404764136],[-48.721575757997215,-26.87031151439194],[-48.72160629854708,-26.870293957900998],[-48.7216264177156,-26.870294282361044],[-48.721653765010664,-26.870310516277836],[-48.72168174543076,-26.87029517461139],[-48.72172701356327,-26.870295904618324],[-48.72176405869331,-26.870330343925175],[-48.72176324471374,-26.870370941099512],[-48.721753004236305,-26.870379800473366],[-48.72170096015538,-26.87034060703044],[-48.72167837130317,-26.870337986625618],[-48.72163054303471,-26.870339471443145],[-48.721600002475384,-26.870357027938677],[-48.721479287404996,-26.870355081108805],[-48.72144224235969,-26.870320641732274],[-48.72143802666125,-26.870279963445512],[-48.72142567832234,-26.87026848365133],[-48.72138050066732,-26.870263242752593],[-48.72134066941214,-26.870242295178876],[-48.72133838066424,-26.87023097762681],[-48.72129150227946,-26.870185098976332],[-48.721244216853385,-26.870159518892788],[-48.72120551645379,-26.870082186339918],[-48.72114377500943,-26.870024787270644],[-48.72112886660601,-26.87001552228589],[-48.72104340561622,-26.87001188762565],[-48.72105890205874,-26.8699918324505],[-48.72110426051771,-26.86998805185397],[-48.72113480104156,-26.869970495463402],[-48.721180159491354,-26.869966714841812],[-48.72124371015383,-26.869933897979834],[-48.72124407199836,-26.869915854796684],[-48.721207027162095,-26.869881415369996],[-48.7211115519559,-26.86987536310224],[-48.721101673345416,-26.86986617924752],[-48.72116266385218,-26.869835577251223],[-48.721207931785294,-26.86983630741287]],[[-48.72304846473804,-26.870260805102],[-48.72302888790498,-26.870233416037582],[-48.723029249470876,-26.870215372832742],[-48.72306563309526,-26.870157299862484],[-48.72312671368895,-26.870122186193765],[-48.72313255696091,-26.870081670039973],[-48.7232027638896,-26.869967738892093],[-48.72319288509105,-26.869958555172644],[-48.72314770743234,-26.869953314841865],[-48.72307051411138,-26.8699137165841],[-48.72304509404073,-26.86992684367519],[-48.723035215259095,-26.869917659945692],[-48.72303602876851,-26.869877062732748],[-48.72307186993821,-26.869846054560675],[-48.7231337027193,-26.869898942041626],[-48.72314614159093,-26.86990591089355],[-48.72315638192193,-26.869897051408554],[-48.72315719538735,-26.869856454192053],[-48.7231206018806,-26.86979946122296],[-48.72307075606709,-26.86977609660486],[-48.72305063697002,-26.86977577235617],[-48.72302009676466,-26.86979332918362],[-48.7228741429057,-26.869795489063108],[-48.72284360267049,-26.869813045850282],[-48.72277309542047,-26.869816421653418],[-48.72274255516545,-26.86983397841731],[-48.72271987597383,-26.869835868984303],[-48.72259669167852,-26.869831627206153],[-48.72256687466125,-26.869813097529853],[-48.72244625050002,-26.869806640762384],[-48.72243637177981,-26.869797456994554],[-48.72248007417225,-26.869750782808335],[-48.72253757147083,-26.869643415508023],[-48.722583381811894,-26.86961708042346],[-48.72260943469679,-26.869572377811906],[-48.72260979631892,-26.86955433461066],[-48.722590219704905,-26.86952694549724],[-48.72258811165205,-26.86950660635687],[-48.72259103335947,-26.86948634829466],[-48.722617086207435,-26.869441645678833],[-48.72262988661289,-26.86943057136972],[-48.72265000564296,-26.869430895674462],[-48.722687050810315,-26.869465334742856],[-48.722686689201836,-26.8694833779453],[-48.72266602774383,-26.869510118448385],[-48.72265973233464,-26.86957318857961],[-48.72262334872144,-26.869631261448408],[-48.722587417103774,-26.869666780304208],[-48.72258660344156,-26.869707377505662],[-48.72264632784511,-26.869739926041298],[-48.72267430799985,-26.869724584159655],[-48.7226944270826,-26.869724908461343],[-48.72277408981957,-26.86976680284592],[-48.722894804374285,-26.86976874853073],[-48.72295579440409,-26.869738145725623],[-48.72294115705263,-26.86971534852116],[-48.722951397380115,-26.86970648905074],[-48.72300214704172,-26.869684745693192],[-48.7230978030627,-26.86968177507521],[-48.72311307314551,-26.869672996652554],[-48.72313620422792,-26.869648552010375],[-48.72314204745892,-26.86960803585193],[-48.72316270882991,-26.869581295273562],[-48.7231685520462,-26.86954077911287],[-48.723181352413725,-26.869529704751198],[-48.723226710669664,-26.86952592345644],[-48.72327746020288,-26.86950417999101],[-48.72333113129339,-26.869462178420076],[-48.72334146194435,-26.86944880811503],[-48.723347305086904,-26.869408291941784],[-48.723367966371875,-26.86938155132737],[-48.72337380949972,-26.869341035151827],[-48.72345196697504,-26.869206926784884],[-48.723475097886045,-26.869182482075125],[-48.72356132655987,-26.869147773399064],[-48.723693816875596,-26.86906417517045],[-48.72373908458143,-26.869064904502196],[-48.72376890162247,-26.869083433932403],[-48.723789020607086,-26.86908375807116],[-48.723817000456556,-26.869068415941832],[-48.72382687923719,-26.86907759961698],[-48.723826517815674,-26.869095642834733],[-48.72380585669073,-26.86912238352734],[-48.723799561949065,-26.86918545375383],[-48.72376317903558,-26.86924352696387],[-48.72372724788393,-26.86927904614177],[-48.723724099478915,-26.86931058123491],[-48.72368884600654,-26.869312269371548],[-48.72367604571109,-26.869323343784206],[-48.72366884724904,-26.869431522035413],[-48.72362213356019,-26.869502965528916],[-48.723616290507294,-26.869543481718917],[-48.723580449577426,-26.869574490045796],[-48.723553102146674,-26.86955825649448],[-48.72350783425027,-26.869557527090816],[-48.72344181468409,-26.869588049102653],[-48.72341868367689,-26.869612493800023],[-48.723417870313426,-26.869653091025288],[-48.72343021880534,-26.869664570654624],[-48.72347539637033,-26.869669810888794],[-48.723490304941464,-26.869679075635364],[-48.723512441877254,-26.869704249760215],[-48.723514550097654,-26.869724588896915],[-48.723511628544045,-26.86974484698762],[-48.7234855759564,-26.86978954978454],[-48.72343931386076,-26.86983843918385],[-48.723433470716564,-26.86987895535932],[-48.723407418064376,-26.86992365813716],[-48.72339461766987,-26.86993473251735],[-48.72332411033884,-26.869938108591874],[-48.72328323941838,-26.86996903577542],[-48.723247759788315,-26.869982000793666],[-48.72320890661518,-26.870037777891874],[-48.72320764124256,-26.870100929118063],[-48.72325236705282,-26.87012872344335],[-48.72325155361181,-26.87016932066096],[-48.72320529125386,-26.870218209965074],[-48.72319989992073,-26.87023617211369],[-48.72315408944595,-26.870262507389462],[-48.723148246167234,-26.8703030235431],[-48.723101983708474,-26.870351912806253],[-48.72309614040423,-26.870392428955803],[-48.723075478855755,-26.870419169511315],[-48.723069845469745,-26.87057475161985],[-48.723066923803756,-26.870595009692725],[-48.723046262208136,-26.8706217502405],[-48.72303996689881,-26.87068482038896],[-48.723001113360525,-26.87074059740329],[-48.72298099409375,-26.87074027313395],[-48.72295117678043,-26.870721743522022],[-48.72293105751768,-26.870721419245804],[-48.72291825698406,-26.870732493573062],[-48.72291699141199,-26.870795644780237],[-48.722936568303155,-26.870823033862578],[-48.722938676424796,-26.87084337299972],[-48.72293897659316,-26.87095392814666],[-48.722983295867365,-26.871002021173584],[-48.72298558479085,-26.87101333870917],[-48.72296021066006,-26.871024210382927],[-48.722911478091135,-26.87107080362058],[-48.72290518266298,-26.871133873753067],[-48.72285891973923,-26.871182762903352],[-48.722858558131186,-26.871200806103563],[-48.72287813506981,-26.87122819519608],[-48.7228777734641,-26.87124623839643],[-48.722857111695575,-26.871272978903953],[-48.722850816217395,-26.871336049029743],[-48.72283801560253,-26.87134712334397],[-48.7227423581821,-26.871350093696442],[-48.72268877635373,-26.87138758416383],[-48.72267889748503,-26.871378400404957],[-48.72267558542886,-26.871292614136326],[-48.72263378110767,-26.871244561556434],[-48.72269477202291,-26.871213958924333],[-48.7227652801433,-26.871210583215774],[-48.72282672302461,-26.871157426523524],[-48.72281684416256,-26.871148242774588],[-48.7226962185579,-26.871141786131492],[-48.72266164259159,-26.871109642978194],[-48.722671883073566,-26.871100783538953],[-48.7226945625197,-26.87109889299597],[-48.72281783859984,-26.87109862397492],[-48.72282807906946,-26.8710897645235],[-48.72281820021276,-26.871080580774947],[-48.722722723831914,-26.871074529528798],[-48.7227103752742,-26.871063049834547],[-48.72271073690362,-26.871045006635825],[-48.72272353749362,-26.871033932331322],[-48.72284434379153,-26.871031367343807],[-48.722854584252744,-26.87102250788989],[-48.72282000827225,-26.870990364774315],[-48.722799888963806,-26.87099004047642],[-48.722771908498835,-26.871005382361826],[-48.722759469537586,-26.87099841347181],[-48.72271308748655,-26.87092772584297],[-48.72271344911342,-26.870909682643873],[-48.72276016399857,-26.87083823953664],[-48.72276691149749,-26.870752615412048],[-48.722777242340946,-26.870739245162113],[-48.72283091422119,-26.87069724383656],[-48.72287627294944,-26.870693462685107],[-48.72288907348214,-26.87068238836159],[-48.72288988707066,-26.870641791157173],[-48.722877538538526,-26.870630311478784],[-48.72283236063741,-26.87062507103161],[-48.72282001211318,-26.870613591348665],[-48.72282037371818,-26.87059554814743],[-48.72291693447637,-26.870547469695286],[-48.72292458578795,-26.870416737543998],[-48.72293738628298,-26.87040566321343],[-48.72298274489312,-26.870401882020047],[-48.7229955453811,-26.870390807683727],[-48.72304765121957,-26.87030140231308],[-48.72304846473804,-26.870260805102]],[[-48.72196260582871,-26.87200406285201],[-48.721949632738756,-26.87199953994242],[-48.721934272767335,-26.871988690263727],[-48.72192155329011,-26.87195636151105],[-48.72198600172993,-26.871814972322387],[-48.72226854574504,-26.87133519332066],[-48.72232020781284,-26.871306831947024],[-48.72235826189069,-26.871304216492142],[-48.7223814545142,-26.871311867770192],[-48.72239491206668,-26.871334689329952],[-48.72238682083255,-26.87136534330122],[-48.721998668699634,-26.87199547365961],[-48.72196260582871,-26.87200406285201]]]},"properties":{"gid":52592,"classe":"Alta","sourceLayer":"ima-sgb-3"}},{"type":"Feature","geometry":{"type":"Polygon","coordinates":[[[-48.739778018196006,-26.885788885069775],[-48.739816869578114,-26.88573310335267],[-48.739823157110074,-26.88567003204748],[-48.73985953805045,-26.88561195463707],[-48.739887610006996,-26.885592098630173],[-48.73992264417731,-26.885601683863936],[-48.73994478778876,-26.88562685578252],[-48.73994945920395,-26.885644979665074],[-48.739961811094375,-26.885656458038056],[-48.73998193323922,-26.88565678005507],[-48.74,-26.88564744889166],[-48.74,-26.865],[-48.731504796740175,-26.865],[-48.7313392937828,-26.86501710812548],[-48.73126762559808,-26.86501336195206],[-48.731239462499445,-26.865],[-48.73064989757136,-26.865],[-48.73064969503953,-26.865010143222847],[-48.73069442094805,-26.86503793519743],[-48.73069517943269,-26.86512593674283],[-48.730692259330915,-26.86514619508228],[-48.73067946017015,-26.86515727020837],[-48.730634103731475,-26.865161054024995],[-48.73062130456368,-26.86517212914534],[-48.730618384447006,-26.865192387482217],[-48.73062049392787,-26.865212726599538],[-48.73064007190344,-26.86524011468992],[-48.730644290873904,-26.865280792924207],[-48.730688566540124,-26.865331139048017],[-48.730693235871094,-26.865349263139883],[-48.73072772257109,-26.865385915211455],[-48.73075452978077,-26.865429212354314],[-48.7307896920112,-26.865432033198736],[-48.730786096425305,-26.865486122754284],[-48.730775767005284,-26.865499493688763],[-48.730722100434555,-26.865541498402415],[-48.730548533735,-26.865540966875106],[-48.73051103682797,-26.865529083920915],[-48.73044673281294,-26.865473903766954],[-48.73037631827771,-26.865472772725393],[-48.730363519049085,-26.865483847818144],[-48.730356777873716,-26.865569472744568],[-48.730333423943605,-26.865605195800462],[-48.73029826168011,-26.865602374839806],[-48.73025910579912,-26.86554759856715],[-48.73022160892624,-26.865535715537863],[-48.73019893062919,-26.86553760736914],[-48.73014279408197,-26.865577316036298],[-48.730021993272494,-26.86557988764619],[-48.73000919399894,-26.865590962703738],[-48.730008833612914,-26.865609006008],[-48.730053109098456,-26.86565935231928],[-48.73007735624092,-26.865704864589095],[-48.730078872177394,-26.865880867610795],[-48.730123147792284,-26.865931213906933],[-48.73012525718726,-26.86595155302498],[-48.73012098554773,-26.86603947373515],[-48.73007683717984,-26.86610870472638],[-48.73009394538468,-26.86613379707652],[-48.73009816416643,-26.866174475312192],[-48.730117742158065,-26.866201863474053],[-48.730118950606915,-26.866267310851757],[-48.73011603035802,-26.866287569167955],[-48.730070222976316,-26.86631390690252],[-48.730069412103724,-26.866354504334627],[-48.730081760980944,-26.866365983406837],[-48.73010187957308,-26.866366306616968],[-48.73012985796918,-26.866350963135353],[-48.73013973707569,-26.86636014638926],[-48.73014395587604,-26.86640082462393],[-48.73016353391397,-26.866428212781788],[-48.73016640131722,-26.86653655340589],[-48.7302344741246,-26.866654966072975],[-48.73023779204411,-26.866740752566788],[-48.73027182852239,-26.866799958890955],[-48.73030631548231,-26.86683661107767],[-48.730310534347076,-26.86687728930969],[-48.73040375587137,-26.866996105892444],[-48.730407974772746,-26.867036784123265],[-48.73047447914037,-26.86710779262653],[-48.73045637978719,-26.86713231940279],[-48.730456019448106,-26.867150362708724],[-48.73049306645318,-26.867184799841194],[-48.73053824354317,-26.867190037775394],[-48.73056505104996,-26.86723333496626],[-48.73062176648075,-26.86729064935419],[-48.73058062815034,-26.86733511132624],[-48.73058794748847,-26.86734650957469],[-48.73061520544421,-26.867367252624597],[-48.730685531087765,-26.867372894447744],[-48.73071287914432,-26.86738912665311],[-48.73074085773011,-26.86737378306312],[-48.73078621505742,-26.867369999268604],[-48.73081675351232,-26.867352440639127],[-48.73086202076094,-26.86735316764715],[-48.730874369824406,-26.867364646660395],[-48.73087400954804,-26.867382689970984],[-48.73086121013461,-26.86739376509562],[-48.73076555583754,-26.867396741108546],[-48.73075531629781,-26.867405601199856],[-48.7307996828432,-26.86745143650268],[-48.730834620520355,-26.867465534443188],[-48.73096368145348,-26.867553340369724],[-48.731034007242435,-26.86755898202747],[-48.73104891622901,-26.86756824599976],[-48.73107105455827,-26.867593419025834],[-48.731074373083345,-26.867679205530923],[-48.73109148172754,-26.86770429778376],[-48.73108124218178,-26.867713157898212],[-48.73103588471894,-26.867716941779335],[-48.731020615456515,-26.867725721116255],[-48.73097929696931,-26.86777920485733],[-48.73085858384798,-26.86777726620893],[-48.730831325751566,-26.867756523198143],[-48.73080451803139,-26.86771322604666],[-48.73072476328255,-26.867675846913457],[-48.73080595919956,-26.86764105281086],[-48.730818758647736,-26.867629977693678],[-48.73081911893672,-26.86761193438442],[-48.73080923967057,-26.867602751169258],[-48.73078382092385,-26.86761587974649],[-48.73075647280402,-26.867599647551277],[-48.73071120546059,-26.8675989205033],[-48.73069840600642,-26.867609995610337],[-48.73069211521856,-26.86767306640256],[-48.73067145591689,-26.867699808222824],[-48.73066561549955,-26.867740324878095],[-48.73064495617846,-26.86776706669308],[-48.73063821494425,-26.86785269161228],[-48.73061508577679,-26.86787713761389],[-48.73060237636232,-26.867883701882775],[-48.73059249709296,-26.8678745186524],[-48.730588278117374,-26.86783384042543],[-48.73056613985834,-26.867808667328212],[-48.73055370069989,-26.86780169911397],[-48.73052828188089,-26.867814827640196],[-48.73047623562438,-26.867775637302536],[-48.73043096821969,-26.867774910160446],[-48.73039256971016,-26.867808135391687],[-48.73038537782898,-26.867916314415147],[-48.73036471840986,-26.867943056182373],[-48.73036435804359,-26.867961099485083],[-48.730383936376676,-26.867988487627052],[-48.73038680391367,-26.868096828240322],[-48.73043063001117,-26.868169728616994],[-48.730429819202186,-26.86821032604862],[-48.73040915973412,-26.8682370678186],[-48.730402868724674,-26.868300138580494],[-48.73039262907173,-26.868308998637584],[-48.73036784076803,-26.868290551347393],[-48.73034359303411,-26.868245039100806],[-48.73031633493391,-26.868224295990718],[-48.73029621601001,-26.868223972790513],[-48.73028341644311,-26.86823504785205],[-48.730257366816595,-26.868279752096864],[-48.730254446512376,-26.868300010408912],[-48.73025610545518,-26.868342903648458],[-48.73027568381962,-26.868370291806578],[-48.73027779325329,-26.86839063092044],[-48.73027352149224,-26.868478551608927],[-48.730252861935405,-26.868505293349738],[-48.73025160055919,-26.86856844489913],[-48.73027117895714,-26.868595833059437],[-48.73027494733626,-26.868659065411286],[-48.730299195117205,-26.868704577671036],[-48.730368170138604,-26.868777882079492],[-48.73036780975987,-26.868795925380134],[-48.7303245612999,-26.868820048115932],[-48.730366368241576,-26.868868098582187],[-48.73036555738516,-26.86890869600799],[-48.73034745769211,-26.868933222745003],[-48.73036456633609,-26.868958315083614],[-48.73036285451805,-26.869044020758796],[-48.73030177652336,-26.86907913774041],[-48.73026539684267,-26.869137212838204],[-48.73025955616774,-26.869177729455338],[-48.73024675648274,-26.86918880450521],[-48.73022663738915,-26.86918848128441],[-48.73017459065285,-26.86914929080954],[-48.73014908137668,-26.869166930067742],[-48.73013875151662,-26.86918030092345],[-48.73013291079351,-26.869220817532153],[-48.73009406114409,-26.86927659675985],[-48.72984504216011,-26.86927485183167],[-48.7298223631099,-26.869276743554238],[-48.72979438392525,-26.869292086921146],[-48.729784504612006,-26.86928290363231],[-48.72978937104847,-26.86903931918491],[-48.729810030816125,-26.86901257752676],[-48.72981722339414,-26.868904398586857],[-48.72983788312853,-26.868877656922198],[-48.729845075661544,-26.868769477976784],[-48.72986573536265,-26.868742736305617],[-48.729868655753144,-26.86872247800785],[-48.729867898103045,-26.868634476537984],[-48.72984365051353,-26.86858896421554],[-48.729801393317494,-26.868563467730766],[-48.72986238104645,-26.868532861779308],[-48.7299328875626,-26.868529482371667],[-48.72994815701286,-26.86852070316539],[-48.72997128645728,-26.868496257292357],[-48.729977577724306,-26.86843318656703],[-48.73001341664961,-26.868402176478966],[-48.73005010346631,-26.868454657036718],[-48.73006254265879,-26.86846162529729],[-48.73007525216796,-26.86845506108351],[-48.73009838157215,-26.868430615186877],[-48.73010467276255,-26.868367544450688],[-48.73013072246981,-26.86832284023961],[-48.730176530685796,-26.868296502542346],[-48.73017734158824,-26.868255905118378],[-48.730164992510105,-26.86824442604382],[-48.73009421585908,-26.868261338052974],[-48.73008186678936,-26.86824985897167],[-48.73008222720496,-26.868231815673216],[-48.73016598361566,-26.868194806970063],[-48.73020438232627,-26.86816158181449],[-48.730212475392186,-26.868008294564003],[-48.73023313485849,-26.867981552822286],[-48.730236055153846,-26.86796129450957],[-48.730234846695666,-26.867895847141952],[-48.73021526841438,-26.86786845898224],[-48.73021562880287,-26.86785041568115],[-48.73023628823684,-26.86782367393657],[-48.730236648621286,-26.867805630635104],[-48.730217070353405,-26.867778242476266],[-48.73021586189988,-26.86771279510776],[-48.73021878218764,-26.867692536794436],[-48.73026504059157,-26.86764364492138],[-48.730269762746005,-26.867533170093793],[-48.730267653317725,-26.86751283097863],[-48.730248075087,-26.867485442825757],[-48.73024565812249,-26.867354548081906],[-48.73022607992162,-26.86732715992746],[-48.730223970502166,-26.86730682081183],[-48.7302241134424,-26.86717371105369],[-48.73020453527472,-26.867146322897906],[-48.73020242585997,-26.86712598378192],[-48.730228925674766,-26.86705872539617],[-48.73022906858617,-26.866925615633342],[-48.73019503209845,-26.866866409298886],[-48.73016777433888,-26.86684566617889],[-48.73007230072083,-26.866839620099125],[-48.73004504299157,-26.86681887695719],[-48.7300352539564,-26.866805182869786],[-48.73003148569213,-26.86674195050852],[-48.730011907639295,-26.866714562332078],[-48.730012268042074,-26.86669651903059],[-48.7300303674099,-26.866671992311534],[-48.72997109270045,-26.86661689272849],[-48.72982523260694,-26.866614549235187],[-48.72979424367742,-26.866654661778362],[-48.729698590032925,-26.866657637106048],[-48.729688350487145,-26.866666497119805],[-48.72972768664815,-26.866712251900744],[-48.72968699878402,-26.866734159485173],[-48.72972880474218,-26.866782210088076],[-48.72972844429309,-26.866800253385794],[-48.72970239482935,-26.866844957543517],[-48.72968959537469,-26.866856032559344],[-48.72966947670165,-26.8668557092851],[-48.72965712781954,-26.866844230176838],[-48.729653359767006,-26.866780997818953],[-48.72960863348587,-26.86675320549377],[-48.7296048654595,-26.8666899731357],[-48.72958528752216,-26.866662584906955],[-48.72958242068044,-26.86655424430747],[-48.729570071838126,-26.866542765193763],[-48.72954748345448,-26.86654014608281],[-48.729399153737916,-26.866535506333012],[-48.72937180608508,-26.866519273896092],[-48.72934382755505,-26.866534617218083],[-48.72932370894373,-26.866534293898212],[-48.72931382989363,-26.8665251105906],[-48.72937270733769,-26.86647416566108],[-48.72940005498032,-26.86649039809726],[-48.72944532184119,-26.866491125537422],[-48.72947586023379,-26.866473567194156],[-48.72952121720961,-26.866469783785643],[-48.72953145674855,-26.86646092378349],[-48.72947429167951,-26.866426163131358],[-48.72946450274641,-26.866412469010136],[-48.729460284190914,-26.866371790770515],[-48.72944793538017,-26.866360311647878],[-48.72937752034489,-26.866359180074404],[-48.729364720919286,-26.866370255062936],[-48.72935888014536,-26.866410771646166],[-48.72933575103681,-26.866435217443936],[-48.72932048183738,-26.86644399660102],[-48.72923493274589,-26.866444877873487],[-48.72925042727594,-26.866424821668183],[-48.729295784234,-26.866421038331314],[-48.729323852867424,-26.866401184193837],[-48.72933418254039,-26.866387813383067],[-48.72934002332123,-26.8663472968012],[-48.72935282274631,-26.866336221814873],[-48.72949877255453,-26.866334054949235],[-48.729526841132916,-26.866314200767608],[-48.72956322015928,-26.866256125805645],[-48.72956448179167,-26.866192974265807],[-48.729519755754836,-26.86616518192626],[-48.72951553718171,-26.866124503686297],[-48.72947081118372,-26.866096711333448],[-48.72944656422107,-26.8660511989718],[-48.72944234567537,-26.866010520730967],[-48.729429996903,-26.865999041608784],[-48.72938473023851,-26.865998314175997],[-48.729354191966884,-26.866015872507802],[-48.72928368702259,-26.866019251724538],[-48.72925570861048,-26.866034595037082],[-48.729228361095345,-26.866018362580185],[-48.7291051802427,-26.866014126723996],[-48.729082591979775,-26.866011507545778],[-48.729072712992654,-26.86600232422476],[-48.7290935075139,-26.865968816402326],[-48.72913086918553,-26.865987465966708],[-48.729207034645015,-26.865952591895148],[-48.72923438214168,-26.865968824355132],[-48.7292545006517,-26.86596914768145],[-48.729285038923926,-26.86595158937129],[-48.72948375426142,-26.865952526608194],[-48.729506432644804,-26.865950634897843],[-48.72953697087713,-26.865933076530382],[-48.729582327635164,-26.86592929308827],[-48.72959512698803,-26.865918218074942],[-48.729601418207984,-26.865855147349333],[-48.72961421755021,-26.865844072333516],[-48.7296847223884,-26.865840692944182],[-48.7297127908085,-26.865820838714587],[-48.72973884000185,-26.865776134533963],[-48.729777237955254,-26.865742909440563],[-48.729792507024726,-26.865734130225146],[-48.72988815989196,-26.86573115478443],[-48.72992399792954,-26.865700144656103],[-48.729906889821706,-26.8656750522904],[-48.72990267111347,-26.865634374051837],[-48.72989288218719,-26.86562067995996],[-48.72986562476859,-26.865599936800518],[-48.72982044835326,-26.865594698691705],[-48.72980553972355,-26.86558543460988],[-48.729759155052626,-26.86551474910919],[-48.72975583745902,-26.865428962615407],[-48.729736259677274,-26.865401574414452],[-48.729732942097634,-26.86531578792013],[-48.729713364339034,-26.865288399717173],[-48.72970914570412,-26.865247721476035],[-48.729689567961955,-26.865220333270628],[-48.72968534933625,-26.86517965502911],[-48.729665771610534,-26.865152266821273],[-48.72966155299403,-26.865111588579378],[-48.72964197528477,-26.865084200369083],[-48.72964042087316,-26.865],[-48.729290127547,-26.865],[-48.72929125589616,-26.865010880519936],[-48.72931083350577,-26.86503826877301],[-48.7293100224068,-26.86507886619101],[-48.72922626813427,-26.865115874528318],[-48.72921346884458,-26.865126949512803],[-48.72921310833952,-26.86514499280827],[-48.72922545700237,-26.865156471943486],[-48.72927063320264,-26.865161710230293],[-48.72928554173138,-26.865170974362865],[-48.729307679222345,-26.865196147619365],[-48.729307318731145,-26.865214190915847],[-48.729245791970854,-26.865271861686747],[-48.729217272985814,-26.865314269947206],[-48.72916652635814,-26.865336015748976],[-48.7291438480969,-26.865337907412243],[-48.72908097810807,-26.86533689698068],[-48.72910680208736,-26.865303469981026],[-48.729122071141255,-26.86529469083717],[-48.72916742764607,-26.865290907512865],[-48.729180226959656,-26.865279832534238],[-48.72918193939042,-26.865194126883868],[-48.72915980192922,-26.865168953609416],[-48.729112516524786,-26.865143376164358],[-48.729108298107825,-26.86510269791836],[-48.729064023262005,-26.865052351347142],[-48.72905980486336,-26.86501167310052],[-48.72904745623298,-26.865000193952646],[-48.72904503896605,-26.865],[-48.72741818435684,-26.865],[-48.72742186922413,-26.86503788858565],[-48.727442172543824,-26.86510625654209],[-48.72752016140264,-26.86520493254982],[-48.727526801487414,-26.865280374381896],[-48.727611613208175,-26.865334443490422],[-48.72772488088064,-26.865443505459417],[-48.72783598688691,-26.865590137838637],[-48.72786103914302,-26.865669018090728],[-48.727890159529494,-26.865700140920083],[-48.727926679897756,-26.86572421544937],[-48.72798745872609,-26.865746786697244],[-48.72800484754682,-26.865780063632556],[-48.72806284686527,-26.866029059168568],[-48.72806095296025,-26.866042052930666],[-48.72803990889919,-26.86606004158535],[-48.72794772375723,-26.866096918954533],[-48.72782657127086,-26.86613285935294],[-48.72781845064161,-26.866152900411247],[-48.727820250362555,-26.866199578996255],[-48.72789028811231,-26.866351642484982],[-48.727911971863975,-26.8663827955356],[-48.727941798744446,-26.866398822644378],[-48.72799029317512,-26.866469533600174],[-48.728032689862,-26.86649463754676],[-48.72807324778046,-26.866543265961113],[-48.72812927094155,-26.86671012805213],[-48.72812485638222,-26.866766660781316],[-48.7281082491209,-26.866810956918453],[-48.72806903082141,-26.866873597342334],[-48.728071580886926,-26.86691395456982],[-48.72810643857554,-26.86699665641901],[-48.7281063757572,-26.86721885398188],[-48.728116030452995,-26.867270766757407],[-48.728135605179325,-26.867584503718184],[-48.728111812004244,-26.86775730381555],[-48.72806933389924,-26.86779433250503],[-48.72799573803959,-26.867808209200224],[-48.72798638406946,-26.867820074050343],[-48.72797470628064,-26.86789089312448],[-48.72797344340404,-26.868029552875164],[-48.72800924594988,-26.868066616616925],[-48.728015991796745,-26.868084844559984],[-48.72805520853788,-26.868334965729304],[-48.7280048848369,-26.86838208399993],[-48.72798557737251,-26.868420896688594],[-48.727979069739696,-26.868841097179164],[-48.72794229688951,-26.869236146879036],[-48.72787083787914,-26.869426339484193],[-48.72779913052028,-26.869880150935916],[-48.7277251872191,-26.87004297176468],[-48.72763281846913,-26.870361685583557],[-48.7276338429161,-26.870388855076126],[-48.727672905824676,-26.87042131831392],[-48.72768114069413,-26.870453753177735],[-48.727622724260144,-26.87076508950281],[-48.72751724768545,-26.870962788152607],[-48.72751216989461,-26.871043192664825],[-48.72749206586383,-26.871093119679045],[-48.72734469926012,-26.871367159678254],[-48.72731540751049,-26.87138026496997],[-48.72725745599487,-26.87137558390353],[-48.72723361338293,-26.87138269972113],[-48.7272016434174,-26.87140775008851],[-48.727035098014404,-26.871760846475127],[-48.72697068540113,-26.87195206146451],[-48.72686824966931,-26.872131846001217],[-48.72677147367505,-26.872348113827194],[-48.72675918548341,-26.872395552966278],[-48.726754811567645,-26.872460157763403],[-48.72679332639365,-26.872630182337442],[-48.72678874903889,-26.872663410993553],[-48.726774929054635,-26.872669615880728],[-48.7267175949089,-26.872666940723054],[-48.72663449922002,-26.872648076108394],[-48.72658728925922,-26.872660753903002],[-48.72653959405075,-26.872759940202528],[-48.72636914379411,-26.873064061591794],[-48.72605913771226,-26.873534974760084],[-48.725719776241824,-26.874085333861757],[-48.725469110071046,-26.8744475401948],[-48.72536060874667,-26.87466806706896],[-48.72525030339596,-26.874840861174448],[-48.72520850960805,-26.874937207157554],[-48.72495286270494,-26.875185332649774],[-48.724832150606765,-26.875361449443425],[-48.72482896592217,-26.875437355706676],[-48.72479308506908,-26.87549187969173],[-48.7242295242877,-26.875834939923806],[-48.7241666568462,-26.87588395356546],[-48.72405369199593,-26.875996858561567],[-48.72386179803677,-26.87622929378982],[-48.72358954308221,-26.876496880073667],[-48.72291261421784,-26.876988692306828],[-48.72271495798744,-26.877102956211843],[-48.722634356437005,-26.877160249251936],[-48.72259026565515,-26.877212591661987],[-48.72248924536774,-26.87730872536934],[-48.722203280077395,-26.87753927484503],[-48.72217458248257,-26.877582261454176],[-48.72206210164577,-26.87765087297715],[-48.72184348320405,-26.877745966972487],[-48.72169190670057,-26.877840598788048],[-48.72160877731676,-26.877913688417152],[-48.72113916437845,-26.87816053867479],[-48.72090589486841,-26.87819749536907],[-48.72075600465396,-26.87824573670901],[-48.720459411506795,-26.87837283269381],[-48.72026540434511,-26.878475524645125],[-48.72014386296475,-26.87851241519513],[-48.7194279173492,-26.878593607634127],[-48.719054291223955,-26.878667286169144],[-48.71887424023037,-26.878677290741027],[-48.718692013584835,-26.878671456253993],[-48.718310480000206,-26.87860901323253],[-48.71802847081668,-26.878586473441654],[-48.717,-26.87839916113043],[-48.717,-26.878633524341875],[-48.71702565438873,-26.878636501127826],[-48.71705547261423,-26.87865503204246],[-48.71707559319882,-26.87865535724348],[-48.71710357631178,-26.878640016670065],[-48.7171304715152,-26.878678805417813],[-48.717178167259874,-26.87868408851822],[-48.71718553116863,-26.878693232017348],[-48.71714182299685,-26.878739904155367],[-48.7171359769181,-26.87878041985244],[-48.71712317488994,-26.878791493549542],[-48.717100493874305,-26.87879338309263],[-48.71700245123892,-26.87878954233204],[-48.717,-26.878788018978703],[-48.717,-26.879528631158077],[-48.71703487012216,-26.879554891344483],[-48.71704758158492,-26.87954832843891],[-48.717070716074566,-26.87952388503151],[-48.71707454579602,-26.87945851942273],[-48.717072438693044,-26.87943818027705],[-48.717028164388125,-26.879387830009065],[-48.717028527049905,-26.879369786903148],[-48.71704132915628,-26.879358713220167],[-48.71711175163917,-26.87935985144573],[-48.71714157006092,-26.879378382353334],[-48.71716169077479,-26.879378707550156],[-48.71718967406347,-26.879363366971646],[-48.71727620636193,-26.879439217480535],[-48.71733840373272,-26.87947406448389],[-48.717372436537374,-26.879533273636618],[-48.71737207392764,-26.879551316746436],[-48.71735927182797,-26.8795623904598],[-48.71727303339434,-26.879597094681376],[-48.71722685511322,-26.87964147078422],[-48.71723673417756,-26.87965065493233],[-48.717284475663035,-26.87965368263371],[-48.71730715685098,-26.8796517930719],[-48.71733770061485,-26.87963423772614],[-48.71735782137677,-26.879634562897895],[-48.717370170220896,-26.879646043072253],[-48.717368901077855,-26.879709193955367],[-48.71732061563363,-26.87973323094406],[-48.71729748114839,-26.87975767439245],[-48.71728982190672,-26.879888405631018],[-48.71727701975902,-26.879899479333524],[-48.71723165728277,-26.879903258437295],[-48.717193250811015,-26.879936479523543],[-48.717192888166494,-26.879954522630083],[-48.71723670945156,-26.88002742674491],[-48.71723589351324,-26.88006802373528],[-48.71719959411161,-26.880121583962765],[-48.717175168354025,-26.880085091250834],[-48.71716492660881,-26.880093950202724],[-48.7171641106425,-26.880134547190682],[-48.717208385276365,-26.880184897433335],[-48.717207116013846,-26.880248048304473],[-48.71718645116972,-26.88027478776291],[-48.71718060498468,-26.88031530344974],[-48.71715994012111,-26.880342042902907],[-48.71715228062931,-26.88047277411155],[-48.71713161572781,-26.880499513557783],[-48.71712576950549,-26.880540029239192],[-48.71710510458456,-26.880566768680133],[-48.71709789833343,-26.88067494599772],[-48.717077233379186,-26.880701685432147],[-48.71707687070426,-26.880719728535286],[-48.71709644764646,-26.880747118411257],[-48.717097194735715,-26.88083511919181],[-48.71709427160578,-26.880855377030066],[-48.71707360661455,-26.880882116461205],[-48.71706504023372,-26.881057955402795],[-48.717044375195286,-26.88108469482618],[-48.71703807553587,-26.881147764373967],[-48.717,-26.881205982697946],[-48.717,-26.882742944691312],[-48.71702326508518,-26.88276065096813],[-48.71704338639629,-26.882760976219515],[-48.717056188909844,-26.882749902564157],[-48.71706248871812,-26.882686833033706],[-48.71708059357401,-26.882662308363248],[-48.71706348616446,-26.882637214514265],[-48.71706384887158,-26.882619171416195],[-48.717099786525445,-26.882583654394185],[-48.71712831468943,-26.882541249236173],[-48.71714843596315,-26.88254157447016],[-48.7171607850779,-26.882553054677132],[-48.717164999344185,-26.88259373295864],[-48.71721183534931,-26.882641868511094],[-48.717246866272625,-26.882651459199995],[-48.717259668754586,-26.88264038552398],[-48.71726093811917,-26.882577234671878],[-48.71721913243463,-26.882529180441367],[-48.71723723723042,-26.882504655746583],[-48.71723759990787,-26.882486612645984],[-48.71721802266295,-26.88245922277468],[-48.71721838534275,-26.882441179674213],[-48.71725679271288,-26.88240795864503],[-48.7172769139648,-26.882408283859228],[-48.71728926307998,-26.882419764055083],[-48.71728890041178,-26.8824378071565],[-48.71726823514673,-26.88246454659532],[-48.71726787247449,-26.882482589696366],[-48.71729001022801,-26.882507764825547],[-48.7173372995848,-26.882533346461],[-48.717341513914604,-26.882574024741274],[-48.71735386305347,-26.882585504932766],[-48.7173739843382,-26.88258583013513],[-48.71743013383102,-26.882546127445465],[-48.71747549736898,-26.882542348345456],[-48.717554691193854,-26.882482712941822],[-48.717586798996024,-26.88251256139151],[-48.71756869427086,-26.88253708613581],[-48.7175683316452,-26.882555129240448],[-48.71758790899321,-26.882582519069192],[-48.717592123413866,-26.882623197347513],[-48.717604472584775,-26.882634677518947],[-48.71763986616252,-26.88262622500705],[-48.71768119658089,-26.882572746010585],[-48.71770131786798,-26.882573071166203],[-48.717713667045615,-26.8825845513285],[-48.717717881511675,-26.882625229605907],[-48.717727670208774,-26.88263892451158],[-48.71775245923511,-26.88265737405499],[-48.71776517102303,-26.882650811106757],[-48.71778830605225,-26.88262636762178],[-48.71779415220613,-26.882585851915795],[-48.717842438823915,-26.882561814844305],[-48.717883769125656,-26.882508335780567],[-48.71792913264473,-26.882504556532837],[-48.71794193504727,-26.882493482789457],[-48.71794229761265,-26.882475439679943],[-48.717922720191694,-26.88244804989576],[-48.717923535968566,-26.882407452899564],[-48.71796980584533,-26.882358565861065],[-48.717970168404165,-26.88234052275086],[-48.71792543944127,-26.882312726574135],[-48.71792580200643,-26.882294683464362],[-48.717943906615226,-26.882270158666174],[-48.71792926889245,-26.88224736094077],[-48.7179395107899,-26.882238501944418],[-48.71795963202141,-26.882238827059506],[-48.71798945131519,-26.882257357837496],[-48.718009572550734,-26.882257682945713],[-48.71802237491627,-26.882246609192425],[-48.71802529793737,-26.88222635133043],[-48.71802364383535,-26.882183458303164],[-48.718011294664684,-26.88217197816817],[-48.717991173444275,-26.882171653061157],[-48.71796318952921,-26.882186993756115],[-48.71795331019742,-26.882177809644247],[-48.71795412595384,-26.88213721264565],[-48.7179747909995,-26.882110473091263],[-48.717975153553645,-26.88209242998035],[-48.717965274228455,-26.882083245869687],[-48.71791168561974,-26.882120734052094],[-48.717891564409825,-26.882120408931485],[-48.717881685089594,-26.882111224815265],[-48.717899789675094,-26.882086700020903],[-48.7179001522408,-26.88206865691088],[-48.71784042314607,-26.88203610609595],[-48.71780457654123,-26.88206711255745],[-48.71779827720423,-26.882130182154327],[-48.71778803530701,-26.882139041140487],[-48.71776113914184,-26.882100252469577],[-48.71771375920237,-26.882079181756996],[-48.71768824510324,-26.88209681842845],[-48.71767791255092,-26.882110188183113],[-48.717670706629995,-26.88221836553647],[-48.717660464715046,-26.882227224512125],[-48.71763311531443,-26.88221098970174],[-48.717610524266426,-26.882208368506834],[-48.717487236462674,-26.8822086322176],[-48.717456691995274,-26.882226187547563],[-48.717434010290056,-26.88222807710044],[-48.71741141924578,-26.882225455873755],[-48.717401539958566,-26.882216271725905],[-48.717437386715794,-26.882185265377313],[-48.717585826011806,-26.882185408168613],[-48.71760850770782,-26.882183518590626],[-48.7176213101007,-26.882172444875568],[-48.71762167271195,-26.882154401769274],[-48.71760209542117,-26.882127011947826],[-48.71760245803476,-26.88210896884168],[-48.71762312315359,-26.882082229343606],[-48.71762604623876,-26.882061971493677],[-48.71763239184315,-26.881746217120295],[-48.71763531491334,-26.88172595926863],[-48.71764811724866,-26.881714885547066],[-48.717768934707166,-26.88171232563133],[-48.71778173702875,-26.8817012518967],[-48.71778803633238,-26.881638182296122],[-48.7178239734393,-26.88160266505125],[-48.71784994060936,-26.881562474457436],[-48.71792668629563,-26.881624629784362],[-48.71794680741826,-26.881624954894445],[-48.71797735164905,-26.881607399442025],[-48.71802262417019,-26.88160813091903],[-48.718087383389495,-26.88164076292004],[-48.718107051359596,-26.88166364189957],[-48.71807120494794,-26.881694648442313],[-48.71802584175585,-26.881698427756863],[-48.71799484432477,-26.88173853710862],[-48.7179643906971,-26.881751581784542],[-48.717984058658516,-26.881774460780534],[-48.718033908359295,-26.881797827424702],[-48.71807827462487,-26.881843666670672],[-48.71804498860868,-26.881872458449443],[-48.71802010905642,-26.881858519741375],[-48.718009867201424,-26.88186737874658],[-48.71800678555709,-26.88202074519625],[-48.71802636293363,-26.882048134966922],[-48.71802967114379,-26.88213392102259],[-48.71807440006777,-26.8821617171641],[-48.71807605418934,-26.882204610192073],[-48.718073131178095,-26.882224868055793],[-48.71804707327755,-26.882269569460487],[-48.71800125666295,-26.882295902640912],[-48.71799953453222,-26.882381607416335],[-48.71802167243913,-26.882406782440093],[-48.71806896193979,-26.88243236383844],[-48.718085978918396,-26.882461968356147],[-48.71812091924407,-26.882476069607403],[-48.718140587352856,-26.882498948589323],[-48.71807127316995,-26.8825677684468],[-48.7180709106236,-26.8825858115577],[-48.718080699362204,-26.88259950644143],[-48.71814289866369,-26.882634353200807],[-48.718165036649076,-26.88265952820636],[-48.71816970444426,-26.882677652590473],[-48.71821443360988,-26.8827054487013],[-48.71821864825771,-26.882746126974737],[-48.718230997508705,-26.88275760709599],[-48.718276179866976,-26.882762849298828],[-48.718286059273886,-26.882772033392254],[-48.71827581735012,-26.88278089241181],[-48.71823045372264,-26.88278467176461],[-48.71819990919555,-26.8828022272516],[-48.718177227377446,-26.882804116917278],[-48.71815463619304,-26.88280149580145],[-48.718124816733535,-26.882782965048925],[-48.71807954374108,-26.88278223357521],[-48.7180667413162,-26.882793307329433],[-48.71806381827987,-26.882813565190357],[-48.718064112816656,-26.88292411987775],[-48.7180764620689,-26.88293560001249],[-48.71812164448638,-26.882940842268713],[-48.718201314226015,-26.88298273964052],[-48.71827164838172,-26.882988388207526],[-48.71828399766289,-26.882999868325776],[-48.71828318199391,-26.883040465328797],[-48.71823691194301,-26.883089352456672],[-48.71823518993096,-26.883175057236596],[-48.71824506936759,-26.883184241334448],[-48.71827305350544,-26.883168900598733],[-48.7182931749064,-26.883169225676692],[-48.71835492143996,-26.883226626254725],[-48.718354105788336,-26.88326722325846],[-48.71833344059566,-26.88329396285668],[-48.71833051758661,-26.883314220723992],[-48.718330812346274,-26.8834247754201],[-48.71834316167784,-26.8834362555359],[-48.718365752994195,-26.88343887662959],[-48.718488951569555,-26.88344312301411],[-48.71852599962856,-26.883477563320515],[-48.718530214395756,-26.883518241589403],[-48.7185425637583,-26.88352972168953],[-48.718587746443426,-26.883534963812398],[-48.718600095813876,-26.88354644390795],[-48.71859973333617,-26.883564487023015],[-48.71855602367825,-26.8836111594877],[-48.71857313156197,-26.883636253182665],[-48.7185773463476,-26.883676931450747],[-48.71859445424502,-26.88370202514383],[-48.71857634951754,-26.883726550015343],[-48.7185755339274,-26.883767147022482],[-48.718619810512976,-26.883817496927467],[-48.718619448034154,-26.883835540042085],[-48.71857272564721,-26.883906982074564],[-48.7185719100494,-26.883947579080555],[-48.718589017981685,-26.883972672775915],[-48.7185709132053,-26.883997197643087],[-48.718567990210296,-26.884017455514982],[-48.718561895406495,-26.88419559062701],[-48.718516078085536,-26.884221923926418],[-48.71849788262396,-26.884250959557935],[-48.71846486783522,-26.884266219055178],[-48.718449142239244,-26.884297550700932],[-48.718413204395866,-26.884333068051024],[-48.718412388726044,-26.884373665050042],[-48.718448983897915,-26.884430659278785],[-48.71846901489674,-26.88443549512356],[-48.71852353374087,-26.88447698604477],[-48.71866932499029,-26.884483853420743],[-48.71870592032764,-26.884540847592437],[-48.71870802774826,-26.884561186724667],[-48.71870465165847,-26.88460399849073],[-48.71868398627621,-26.88463073812548],[-48.71868362379484,-26.88464878123885],[-48.71870320174575,-26.884676170945177],[-48.71870193306764,-26.884739321842144],[-48.71868126765764,-26.88476606147444],[-48.71867721188574,-26.884842704074202],[-48.718654303103214,-26.884855870736157],[-48.71864755084451,-26.8849414942583],[-48.71860914293611,-26.88497471562659],[-48.71858902121096,-26.884974390573486],[-48.71853701733078,-26.884932940296384],[-48.71846407610924,-26.88493176192974],[-48.71843307785258,-26.88497187131491],[-48.71840006283896,-26.884987130781766],[-48.718399247141384,-26.88502772777666],[-48.71840903610892,-26.885041422649046],[-48.71846867626928,-26.885078484098063],[-48.7184655948165,-26.885231850527212],[-48.7184449292547,-26.88525859011401],[-48.718438629954996,-26.885321659724518],[-48.718425827256645,-26.885332733491804],[-48.718305005907766,-26.885335293726392],[-48.718266597764035,-26.885368514985014],[-48.71826532880529,-26.885431665856558],[-48.718309605837135,-26.885482015880243],[-48.7183313818165,-26.885525233994354],[-48.718313276713,-26.885549758804377],[-48.718307430507025,-26.885590274518293],[-48.7182970976737,-26.885603644296708],[-48.718243416769184,-26.885645643266244],[-48.71804713820546,-26.885646984071407],[-48.718016592847896,-26.885664539461754],[-48.71797122805797,-26.885668318656528],[-48.71794315258725,-26.885688170061282],[-48.71791713906256,-26.88573061598078],[-48.71790451759706,-26.885732667241513],[-48.71788215147959,-26.885718769092556],[-48.71788251410502,-26.885700725992027],[-48.71790061932395,-26.88567620124516],[-48.71789073971595,-26.885667017114237],[-48.7178455562393,-26.885661774718145],[-48.717808507739726,-26.885627334210927],[-48.71780932366954,-26.885586737236242],[-48.71782742888343,-26.88556221249824],[-48.71781032091475,-26.885537118711248],[-48.71781113684074,-26.885496521735995],[-48.71783180259234,-26.885469782254983],[-48.71783472577533,-26.885449524412824],[-48.717832618508275,-26.88542918527872],[-48.71781304066133,-26.88540179545938],[-48.717814106412014,-26.885223579194115],[-48.71779031408445,-26.885155511104745],[-48.71779414383765,-26.88509014551022],[-48.71781480951154,-26.885063406025882],[-48.717817732681375,-26.88504314818252],[-48.71782045236106,-26.884907824920496],[-48.71781834509901,-26.884887485785544],[-48.71777653839112,-26.88483943166599],[-48.71779464347985,-26.884814906922745],[-48.71779500610501,-26.884796863821006],[-48.71777789824591,-26.884771770035325],[-48.71779600332242,-26.884747245290985],[-48.71780275619742,-26.88466162184726],[-48.71782342178341,-26.884634882355105],[-48.71783017462449,-26.884549258907068],[-48.7178764454848,-26.884500371970464],[-48.717883198270094,-26.88441474851538],[-48.717903863788536,-26.88438800900656],[-48.717904226389635,-26.884369965902348],[-48.71788711856232,-26.88434487213107],[-48.71792872150619,-26.88427786077776],[-48.717918842008615,-26.884268676654674],[-48.71789872041822,-26.88426835151113],[-48.71786817542806,-26.88428590689449],[-48.71784805383531,-26.884285581743537],[-48.71783570447154,-26.88427410158301],[-48.7178369736056,-26.884210950720078],[-48.71784977622206,-26.884199877000256],[-48.71792029239405,-26.88419650423561],[-48.717933095001236,-26.88418543050758],[-48.71793345759454,-26.8841673874025],[-48.71783887729886,-26.88411622442453],[-48.71784014642249,-26.884053073560068],[-48.71786081187801,-26.884026334052766],[-48.71786418825029,-26.883983522322673],[-48.71786208098452,-26.883963183186516],[-48.71784250335531,-26.88393579338154],[-48.717839195341355,-26.88385000734723],[-48.71781961773531,-26.883822617540247],[-48.71781796373531,-26.883779724522928],[-48.71782088685353,-26.883759466674004],[-48.71784155225446,-26.883732727165413],[-48.71784830497482,-26.883647103702213],[-48.717868970347084,-26.883620364187518],[-48.7178693329417,-26.883602321081803],[-48.717832738307244,-26.88354532673182],[-48.71781270749678,-26.883540490807803],[-48.71772580928668,-26.8834826835526],[-48.71772662517041,-26.883442086567932],[-48.71774473002275,-26.88341756181323],[-48.717727622359284,-26.883392468030767],[-48.717725515120804,-26.883372128893257],[-48.717728438239185,-26.883351871045548],[-48.71774910357908,-26.883325131545767],[-48.71774991944893,-26.883284534559525],[-48.717705190191516,-26.883256738296332],[-48.717683414825764,-26.883213520115344],[-48.717701519646674,-26.883188995363735],[-48.717701882261125,-26.883170952259043],[-48.7176895330256,-26.883159472092636],[-48.71764435055268,-26.883154229693986],[-48.71763200132506,-26.883142749523014],[-48.71760775616264,-26.8830972352986],[-48.71760399501694,-26.883034003142015],[-48.7175916458058,-26.8830225229684],[-48.717571524440665,-26.883022197792176],[-48.71753064709262,-26.88305312286122],[-48.717479890359286,-26.883074863770467],[-48.71745675516858,-26.88309930719349],[-48.7174495489009,-26.883207484504346],[-48.717428883517464,-26.883234223957572],[-48.71742852085865,-26.88325226705868],[-48.71744809827847,-26.883279656909785],[-48.71745185933437,-26.88334288906352],[-48.717493665395594,-26.883390943245146],[-48.71744995538209,-26.883437615343823],[-48.71744703221104,-26.883457873182273],[-48.71744431225707,-26.883593196436745],[-48.71744641944582,-26.88361353557497],[-48.71746599692561,-26.88364092542649],[-48.71746563426633,-26.883658968527033],[-48.71739375841643,-26.883730002708145],[-48.71738745868768,-26.883793072252782],[-48.717341641293956,-26.883819405165337],[-48.71732591546926,-26.8838507366721],[-48.71718508649247,-26.883972546991448],[-48.71714960178334,-26.88398551013309],[-48.717017088850575,-26.884069100653612],[-48.717,-26.884075343458612],[-48.717,-26.88444379588801],[-48.71704889835483,-26.884489253113586],[-48.71709618844161,-26.8845148348719],[-48.717125101330176,-26.884578473590526],[-48.71713745064789,-26.88458995381035],[-48.7172580897962,-26.88459641607446],[-48.71727043913009,-26.88460789628358],[-48.717270076424604,-26.88462593937919],[-48.71724941071636,-26.884652678782217],[-48.71724356420535,-26.88469319443574],[-48.71722289847768,-26.884719933833466],[-48.717217051951934,-26.88476044948472],[-48.71717032730401,-26.884831890046115],[-48.71716448075075,-26.884872405693052],[-48.71711775601946,-26.884943846231014],[-48.7171119094387,-26.88498436187362],[-48.7170912436231,-26.88501110124576],[-48.71708764119234,-26.88506518988017],[-48.717,-26.885063773816345],[-48.717,-26.88520133343836],[-48.71704472245989,-26.885197608037434],[-48.71707526781995,-26.885180052857944],[-48.71711052622629,-26.88517836579158],[-48.71711195221842,-26.885232535710045],[-48.717160442928495,-26.88532356433318],[-48.71725366364458,-26.885442389402186],[-48.71725742456882,-26.885505621540997],[-48.71730124776059,-26.88557852572098],[-48.717305008709985,-26.885641757859354],[-48.71734883197919,-26.885714662028533],[-48.71735259295377,-26.88577789416647],[-48.717396869681174,-26.885828244457233],[-48.717411326346856,-26.885860063796738],[-48.71744837478814,-26.885894504404366],[-48.71753316737881,-26.885931972785453],[-48.71755997359787,-26.885975272306794],[-48.71758723318273,-26.88599601795402],[-48.71763250744024,-26.885996749666095],[-48.717698991569186,-26.885943677265324],[-48.717749749593125,-26.885921936363737],[-48.71779849099615,-26.8858753455343],[-48.717801641857534,-26.88584381077421],[-48.717814172677116,-26.885846270298448],[-48.71784147761246,-26.88586476051045],[-48.7178866611689,-26.885870002912796],[-48.71790157126181,-26.885879268335575],[-48.71794072715621,-26.88593404795718],[-48.71798591074707,-26.885939290329752],[-48.71805067232852,-26.88597192248449],[-48.71807281088537,-26.88599709753336],[-48.71807427332715,-26.886],[-48.72202173819568,-26.886],[-48.72200351750694,-26.885965798992974],[-48.72200387948169,-26.885947755841187],[-48.72201421193404,-26.88593438576638],[-48.722090936083646,-26.885872451876143],[-48.72212551604726,-26.8859045953806],[-48.72212973213523,-26.88594527361612],[-48.72214208213153,-26.885956753437224],[-48.7221872660309,-26.885961994477363],[-48.72221461701428,-26.885978228495294],[-48.72222485896111,-26.88596936919237],[-48.72222522090077,-26.885951326037805],[-48.72218094186828,-26.88590097712472],[-48.72217672576224,-26.885860298889448],[-48.722152478220494,-26.88581478531045],[-48.72214012823739,-26.885803305490946],[-48.72209494440401,-26.885798064439722],[-48.72208259442881,-26.88578658461564],[-48.72208386128518,-26.885723433579063],[-48.72213214849659,-26.88569939507651],[-48.722155283314265,-26.885674950865212],[-48.72215655012412,-26.88561179982444],[-48.72213697115835,-26.885584410537838],[-48.722137333105934,-26.885566367383397],[-48.72215799790171,-26.885539627205652],[-48.72216092032213,-26.885519369225484],[-48.722137125281414,-26.88545130170333],[-48.72214140499289,-26.885363381892407],[-48.72215420735874,-26.885352307765444],[-48.72219957198756,-26.88534852720909],[-48.72225572138536,-26.885308822593487],[-48.72230099551652,-26.885309552792442],[-48.72233804537594,-26.885343992201044],[-48.72233970106516,-26.885386885265767],[-48.72233677868164,-26.88540714325222],[-48.722290961629426,-26.88543347779743],[-48.722290147306445,-26.88547407489998],[-48.722352349552516,-26.885508919971787],[-48.72239762376646,-26.88550965014482],[-48.72242560800557,-26.88549430859105],[-48.722435487991575,-26.885503492426874],[-48.7224342213427,-26.885566643480896],[-48.72238795185812,-26.88561553200149],[-48.722382107088634,-26.885656047975328],[-48.72236400279684,-26.885680573358478],[-48.72242804184552,-26.88574928989058],[-48.722417799934604,-26.885758149210762],[-48.722395117538895,-26.885760039520832],[-48.72237252562098,-26.885757419037983],[-48.722342704663866,-26.8857388890915],[-48.722269807972324,-26.885735457262427],[-48.72224712558058,-26.88573734754886],[-48.72223432317676,-26.885748421681516],[-48.72223305640266,-26.885811572724506],[-48.722277335427755,-26.88586192162108],[-48.72228155157012,-26.885902599855623],[-48.7222986606189,-26.885927693165147],[-48.72228055626196,-26.885952218532857],[-48.722280194331084,-26.885970261688126],[-48.72232748632575,-26.88599584180171],[-48.72233233221252,-26.886],[-48.72261160364706,-26.886],[-48.7226498900441,-26.88597848002191],[-48.722632780907546,-26.88595338674976],[-48.72263359512495,-26.885912789640283],[-48.72265169940217,-26.885888264221947],[-48.72263706028555,-26.885865466906576],[-48.722657634562005,-26.885843237442774],[-48.72269311934804,-26.885830272916223],[-48.72273399646613,-26.885799346337386],[-48.722779723119004,-26.88577752244291],[-48.72276261397931,-26.88575242918596],[-48.72276297583018,-26.885734386024065],[-48.72280924521528,-26.88568549737415],[-48.72281508983596,-26.88564498137327],[-48.7228613591605,-26.885596092701984],[-48.72291091255662,-26.885508902844307],[-48.72287633246726,-26.885476759524217],[-48.722831148710256,-26.885471518714553],[-48.72281879868848,-26.88546003895197],[-48.722819160525844,-26.885441995788625],[-48.72282940237723,-26.885433136435182],[-48.722856753340665,-26.885449370327553],[-48.7228921475248,-26.885440916532147],[-48.72294088673337,-26.885394323777554],[-48.72294718355351,-26.88533125380924],[-48.72295751583828,-26.885317883653777],[-48.7229855904132,-26.8852980311894],[-48.723030955013414,-26.885294250362648],[-48.72306936183699,-26.885261027717515],[-48.72307520633191,-26.88522051169639],[-48.72314798431954,-26.885104366550042],[-48.72315382877417,-26.88506385052255],[-48.7232000977049,-26.885014961712404],[-48.72320594213399,-26.88497444568083],[-48.72322660657147,-26.88494770532188],[-48.72323245098585,-26.884907189288047],[-48.72325850760588,-26.884862486850718],[-48.72330477640527,-26.88481359799695],[-48.723310620781334,-26.884773081956986],[-48.72333128515495,-26.884746341578154],[-48.723331646899766,-26.884728298406543],[-48.723289385593986,-26.88470279973988],[-48.72333511169572,-26.884680975627795],[-48.72341192471203,-26.88461453011729],[-48.72346021118739,-26.884590491109414],[-48.72346605549073,-26.884549975057624],[-48.723538832610274,-26.88443382964728],[-48.72354467687335,-26.884393313589115],[-48.72356534111834,-26.88436657316688],[-48.723571637491816,-26.884303503136813],[-48.723592301712735,-26.884276762708865],[-48.72359859806244,-26.88421369267561],[-48.723619262259305,-26.884186952241986],[-48.723626010695604,-26.8841013282344],[-48.723697883146336,-26.884030290651577],[-48.72370417941332,-26.88396722060703],[-48.723727313530155,-26.88394277608894],[-48.723775599650146,-26.883918736948864],[-48.72378144378853,-26.883878220871186],[-48.723830633998595,-26.883809073759455],[-48.72384590601709,-26.883800295389776],[-48.723893740001365,-26.88379881017965],[-48.723916331587056,-26.883801430397288],[-48.72394368234747,-26.88381766406747],[-48.723976967585315,-26.883788870846402],[-48.72394238765955,-26.88375672779432],[-48.72392226607525,-26.883756403514234],[-48.72389428246225,-26.88377174540798],[-48.72388184208663,-26.88376477653601],[-48.723859702566315,-26.883739602337386],[-48.72386051626743,-26.883699005180475],[-48.72393868440382,-26.88356489738129],[-48.72398495235477,-26.883516008244506],[-48.72399079638709,-26.88347549215002],[-48.72403661226187,-26.883449156971615],[-48.724043360297365,-26.88336353291326],[-48.724087067728156,-26.88331685859933],[-48.7240724286028,-26.883294061427954],[-48.724090532121366,-26.883269535770804],[-48.72409637609674,-26.88322901966746],[-48.72412243195183,-26.883184317015175],[-48.72416083771662,-26.883151093998787],[-48.72420620144336,-26.88314731273671],[-48.72421900335541,-26.883136238390822],[-48.72422529924608,-26.883073168294317],[-48.72424596307373,-26.88304642774258],[-48.72424632464671,-26.883028384555143],[-48.72422674555075,-26.883000995545558],[-48.724228011062884,-26.882937844389744],[-48.72427427861981,-26.882888955130166],[-48.724274640185826,-26.88287091194197],[-48.72425506110693,-26.882843522937037],[-48.724255422675284,-26.882825479748973],[-48.724268224544126,-26.88281440539556],[-48.724313588134514,-26.8828106240901],[-48.72435199371238,-26.882777401008607],[-48.72435783755617,-26.88273688488437],[-48.72445666806075,-26.882576036121478],[-48.724463867589535,-26.882467858020593],[-48.72448453124232,-26.882441117421333],[-48.72449082691754,-26.88237804729557],[-48.724529232290976,-26.8823448241515],[-48.72455191399088,-26.882342933452353],[-48.724599656992346,-26.882345958761807],[-48.72465170733781,-26.882385151484357],[-48.72466194876196,-26.882376291968026],[-48.72466411773556,-26.882268032801004],[-48.72465423781817,-26.88225884912371],[-48.724626254677894,-26.882274191195044],[-48.72460613334657,-26.88227386702883],[-48.72457155365857,-26.882241724142407],[-48.72466646744318,-26.88215075203465],[-48.72467231112592,-26.882110235885012],[-48.724692974660265,-26.882083495246803],[-48.724700173896736,-26.88197531711077],[-48.72472083739779,-26.881948576466062],[-48.724727132893754,-26.881885506315715],[-48.72474779637075,-26.881858765665324],[-48.72475454368382,-26.8817731415155],[-48.72477520713214,-26.881746400858997],[-48.724781502578075,-26.88168333070196],[-48.72482035944657,-26.881627553457847],[-48.72486572255493,-26.88162377194332],[-48.72490412755407,-26.88159054867099],[-48.724910874718,-26.881504924502273],[-48.724931538077485,-26.88147818381656],[-48.72493783341055,-26.881415113643943],[-48.724958496745984,-26.88138837295254],[-48.72496524384514,-26.88130274877563],[-48.7249859071519,-26.88127600807813],[-48.724991750652165,-26.881235491900632],[-48.725004552262874,-26.881224417462324],[-48.72502467341396,-26.881224741560157],[-48.72505404195382,-26.881265824906414],[-48.72507416311293,-26.881266148997646],[-48.72511256792627,-26.881232925655585],[-48.72511841137831,-26.881192409469623],[-48.72513907462861,-26.881165668745783],[-48.72513943603039,-26.881147625542308],[-48.725095609100414,-26.881074723544806],[-48.72509822929529,-26.880943910320813],[-48.725144495619524,-26.88089502068852],[-48.72515033903343,-26.880854504497638],[-48.72519660529709,-26.880805614843997],[-48.72520470733895,-26.88065232861518],[-48.72530217952092,-26.88055914105255],[-48.72530299259483,-26.88051854383659],[-48.725285883575104,-26.880493450883126],[-48.7253039863495,-26.880468925016746],[-48.725310281377006,-26.880405854802667],[-48.7253309444266,-26.880379114036145],[-48.725337239430345,-26.88031604381888],[-48.72535790245588,-26.88028930304666],[-48.72536464912498,-26.880203678815334],[-48.72541046333557,-26.880177343076525],[-48.725416306598405,-26.88013682686254],[-48.72546302410447,-26.880065383078655],[-48.725469319004226,-26.880002312847218],[-48.72551558476254,-26.879953423053074],[-48.72552278292422,-26.879845244787226],[-48.72556904859157,-26.87979635496907],[-48.72557579504377,-26.87971073071028],[-48.72562251225719,-26.87963928685229],[-48.72562377680978,-26.879576135605056],[-48.72561389702678,-26.879566952001582],[-48.72556031197037,-26.8796044433344],[-48.72554019109868,-26.879604119330853],[-48.72552784137638,-26.879592639819474],[-48.7255300092641,-26.879484380544564],[-48.72556886494344,-26.87942860300787],[-48.72561422716104,-26.879424821194814],[-48.72564522133444,-26.879384709948127],[-48.72571618617952,-26.87935877906428],[-48.72575504172356,-26.879303001466965],[-48.72575585459154,-26.879262404231007],[-48.72574597482245,-26.879253220637448],[-48.725669799202805,-26.87928809215302],[-48.725659919439074,-26.879278908553772],[-48.72566028072867,-26.87926086533894],[-48.725680943470245,-26.879234124498886],[-48.72568386501702,-26.879213866379324],[-48.72568612304132,-26.879101096282948],[-48.72568401438668,-26.879080757168076],[-48.72567413463846,-26.879071573570627],[-48.725612688419616,-26.87912473126178],[-48.725612327124594,-26.87914277447635],[-48.72562943603934,-26.8791678673864],[-48.72558573093685,-26.879214542343647],[-48.725562236935225,-26.8792570304809],[-48.72557934585367,-26.879282123397022],[-48.7255789845509,-26.87930016661077],[-48.72553271910657,-26.879349056448333],[-48.72552687594748,-26.87938957267646],[-48.72550621314021,-26.879416313489365],[-48.72550036996641,-26.87945682971523],[-48.72547431560484,-26.879501532731627],[-48.72542805002926,-26.87955042252559],[-48.72542175515141,-26.87961349275904],[-48.72537548950511,-26.87966238253077],[-48.72535976649424,-26.87969371512568],[-48.72529868113357,-26.879728829436125],[-48.72529283786154,-26.879769345646064],[-48.72528003645216,-26.879780420124703],[-48.72525991555323,-26.87978009607929],[-48.72524756584345,-26.879768616544236],[-48.72524334868676,-26.879727938313213],[-48.72522376984643,-26.879700549450856],[-48.725221661272435,-26.879680210335184],[-48.72522458291816,-26.879659952232206],[-48.725271300320166,-26.879588508502582],[-48.72527166167631,-26.87957046529343],[-48.72520515406319,-26.8794994541999],[-48.72521539516926,-26.879490594620982],[-48.725238076292186,-26.87948870377426],[-48.72526066707557,-26.879491323726167],[-48.72529048699554,-26.879509852997824],[-48.72531060784704,-26.87951017703588],[-48.72532880077927,-26.879481140350457],[-48.7253746146925,-26.879454804603004],[-48.72540066907973,-26.87941010160652],[-48.725401482078055,-26.879369504381184],[-48.725384373188966,-26.879344411445434],[-48.72540247574037,-26.879319885549876],[-48.72540584900267,-26.8792770734251],[-48.72540374039778,-26.87925673430947],[-48.72538416158938,-26.87922934547035],[-48.72538587791623,-26.879143640215368],[-48.725432143329385,-26.879094750423334],[-48.72543798649858,-26.879054234198737],[-48.725456088987734,-26.87902970829175],[-48.72542150995929,-26.878997565647037],[-48.72533927965605,-26.878957887235718],[-48.72533686914787,-26.878826992944152],[-48.72529259119075,-26.87877664504866],[-48.72529295253082,-26.87875860183717],[-48.725313615254045,-26.87873186104883],[-48.725319458436324,-26.87869134482871],[-48.725332259710996,-26.87868027033695],[-48.72542783306376,-26.8786818094202],[-48.72545765281144,-26.878700338646844],[-48.72552798497432,-26.8787059834564],[-48.72555780474604,-26.878724512663254],[-48.72560307635797,-26.87872524163959],[-48.72563114879014,-26.87870538850015],[-48.725646871570206,-26.87867405585766],[-48.72569057642351,-26.87862738086351],[-48.725675937494216,-26.878604583862302],[-48.72569403985504,-26.878580057915602],[-48.725701689245824,-26.87844932558336],[-48.72581614606622,-26.878261653570053],[-48.72582602576132,-26.878270837154815],[-48.72582888843398,-26.878379177458278],[-48.72584123806636,-26.87839065693874],[-48.72588650955423,-26.87839138581594],[-48.725940093908534,-26.87835389431055],[-48.72598967310262,-26.878390790579502],[-48.72609199215407,-26.878306704874003],[-48.72612051590035,-26.878264297595447],[-48.72615352799078,-26.878249036120657],[-48.72615434067937,-26.87820843886738],[-48.72613723177163,-26.878183346019622],[-48.72616072531183,-26.878140857753202],[-48.72620698996855,-26.87809196765409],[-48.72620991137695,-26.878071709512874],[-48.72620825411177,-26.87802881636736],[-48.72618867528915,-26.878001427636573],[-48.72618903647484,-26.877983384411852],[-48.726212168767766,-26.877958939356994],[-48.72626045178294,-26.877934899154756],[-48.72626629456703,-26.87789438286739],[-48.72630954739982,-26.877870261675024],[-48.72629243850144,-26.877845168846022],[-48.72629325112621,-26.877804571586502],[-48.72630605220599,-26.877793496992872],[-48.72635141375982,-26.87778971489942],[-48.72636165461821,-26.87778085522003],[-48.72634454571974,-26.87775576239716],[-48.72634077963205,-26.87769253013403],[-48.726321200827684,-26.877665141422053],[-48.72632201343587,-26.877624544160696],[-48.72636782636078,-26.877598208022835],[-48.72637366908016,-26.877557691725748],[-48.72638647012294,-26.87754661712222],[-48.726406590642206,-26.877546940982434],[-48.72643348893394,-26.877585728146922],[-48.726446199690095,-26.877579164345104],[-48.72649538531894,-26.877510015973993],[-48.726495746448265,-26.877491972744174],[-48.72647616763562,-26.877464584052806],[-48.72647195005675,-26.877423905823974],[-48.72642466044002,-26.877398327236552],[-48.72640499137427,-26.877375449344356],[-48.72641523218888,-26.877366589657964],[-48.726435352676674,-26.877366913512063],[-48.726462702356955,-26.877383146632845],[-48.72647294316812,-26.877374286942032],[-48.72647923724401,-26.877311216598745],[-48.72650529065405,-26.87726651332758],[-48.726551554785374,-26.877217623078206],[-48.72655694601621,-26.877199660805392],[-48.72656974699931,-26.877188586181063],[-48.72658986745776,-26.877188910011213],[-48.726617217121586,-26.8772051431011],[-48.726627457904414,-26.87719628339711],[-48.72663330050007,-26.877155767080033],[-48.72665396260154,-26.87712902605167],[-48.726656883892666,-26.877108767892075],[-48.72665477507202,-26.87708842877782],[-48.72663766619835,-26.877063335990716],[-48.726655768089174,-26.87703880988722],[-48.7266586893764,-26.87701855172718],[-48.72665658055584,-26.8769982126128],[-48.7266370017785,-26.876970823944895],[-48.72663781424948,-26.876930226670634],[-48.72665061519281,-26.876919152036173],[-48.72672112690699,-26.876915774569834],[-48.726733927841046,-26.876904699927202],[-48.72679142540504,-26.876797330969143],[-48.72683512903245,-26.876750655534124],[-48.72681802016229,-26.876725562768485],[-48.726818381228156,-26.876707519532605],[-48.72686464498597,-26.87665862915425],[-48.72686756622118,-26.87663837098593],[-48.72686590868545,-26.876595477825813],[-48.72684879982889,-26.876570385064415],[-48.72688262369321,-26.87651452609521],[-48.72690813517096,-26.876496887579872],[-48.726918014817954,-26.876506071086197],[-48.72691765377106,-26.876524114323843],[-48.726896991849955,-26.876550855403746],[-48.72689527685498,-26.8766365607803],[-48.72690762642669,-26.87664804016493],[-48.72692774679417,-26.87664836394095],[-48.72694054767734,-26.87663728927602],[-48.72694774402914,-26.87652911079212],[-48.72696840593451,-26.876502369703708],[-48.726968766973016,-26.876484326465377],[-48.72694918819591,-26.87645693783978],[-48.72694753062653,-26.87641404467783],[-48.726950451837375,-26.876393786505822],[-48.726971113715024,-26.876367045414955],[-48.72697831000054,-26.876258866922775],[-48.7269989718449,-26.876232125825396],[-48.72700481423261,-26.876191609476393],[-48.72703086715179,-26.87614690607251],[-48.72706679967746,-26.87611138615726],[-48.727103183443575,-26.876053312179902],[-48.727109928300926,-26.87596768771924],[-48.72713059005743,-26.875940946596312],[-48.72713643237547,-26.87590043023642],[-48.72715709411254,-26.875873689108204],[-48.727162936415866,-26.875833172746056],[-48.727209650884625,-26.875761728163468],[-48.72721639562756,-26.875676103688313],[-48.727260549845944,-26.875606874021496],[-48.7272182908015,-26.87558137665908],[-48.72722090793114,-26.875450563140216],[-48.727282441571,-26.875392893739797],[-48.72729816337929,-26.87536156084232],[-48.72735924573317,-26.875326445459866],[-48.727369576520466,-26.875313074873986],[-48.72737586989745,-26.875250004435255],[-48.727386110437074,-26.875241144659157],[-48.72741345977933,-26.875257377576535],[-48.72755924048641,-26.87526423506616],[-48.72757158999135,-26.875275714389577],[-48.72757535679229,-26.87533894667787],[-48.72759493555554,-26.875366335217983],[-48.72759704453787,-26.875386674331327],[-48.72759322117469,-26.875452040650504],[-48.72757255961987,-26.8754787818553],[-48.72756963855537,-26.875499040051057],[-48.72756446168077,-26.875632068547688],[-48.72751819865937,-26.87568095920721],[-48.72751190531834,-26.875744029652214],[-48.72749124368678,-26.87577077083956],[-48.7274880970056,-26.87580230606061],[-48.727452841492244,-26.87580399501249],[-48.727413988078176,-26.8758597732304],[-48.72740993897296,-26.875936416561267],[-48.72737468341817,-26.87593810549088],[-48.727361882658464,-26.875949180203826],[-48.72735558920461,-26.876012250633266],[-48.72730887470851,-26.876083695261112],[-48.72730258121209,-26.876146765684766],[-48.72725586662202,-26.876218210288233],[-48.72725002432101,-26.876258726653045],[-48.72722936252758,-26.87628546779048],[-48.72722352021185,-26.876325984153027],[-48.727202858399004,-26.876352725285184],[-48.72719701606856,-26.87639324164548],[-48.727158613569344,-26.87642646571702],[-48.72711325257047,-26.876430248106498],[-48.72710045172786,-26.87644132278992],[-48.72709918816713,-26.876504474130034],[-48.72711876698937,-26.876531862737444],[-48.72711795470418,-26.87657246002759],[-48.727097292818264,-26.876599201139054],[-48.72709099915405,-26.876662271539836],[-48.72704428419877,-26.876733716046786],[-48.727038441782,-26.876774232393696],[-48.72694353460698,-26.876865206562645],[-48.72698579403867,-26.876890704029215],[-48.72698498169337,-26.87693130131355],[-48.726923898333986,-26.87696641646512],[-48.72689007433716,-26.877022275433735],[-48.726932333811305,-26.877047772918715],[-48.72693197275822,-26.87706581615516],[-48.726885257521026,-26.87713726058897],[-48.72687896368653,-26.877200330966595],[-48.72684010947122,-26.87725610896859],[-48.72680462783482,-26.87726907475075],[-48.72673815302766,-26.877322152089015],[-48.72669279166508,-26.87732593431955],[-48.72667999067659,-26.877337008954612],[-48.7266787268333,-26.877400160268248],[-48.72669830568711,-26.877427548934126],[-48.726697944590946,-26.877445592166666],[-48.7266877037892,-26.8774544518744],[-48.72666282398218,-26.877440514675964],[-48.72665011325318,-26.87744707849918],[-48.72657577709902,-26.877515822141714],[-48.72656858025812,-26.877624000566527],[-48.726547918038285,-26.87765074157373],[-48.726541172559806,-26.87773636595581],[-48.726520510311296,-26.877763106956905],[-48.726514667627555,-26.877803623261624],[-48.726468403222704,-26.877852513479137],[-48.72644234964613,-26.877897216730716],[-48.72643289545188,-26.878118165306468],[-48.72638461238762,-26.878142205564515],[-48.72636148008919,-26.87816665064702],[-48.72636066747606,-26.878207247906406],[-48.726380246373665,-26.87823463661744],[-48.72638235515002,-26.87825497573102],[-48.72637807941301,-26.87834289597556],[-48.72635741700637,-26.87836963694133],[-48.72635157421677,-26.878410153230465],[-48.72633091179071,-26.878436894190948],[-48.726325068986405,-26.878477410477803],[-48.726304406540926,-26.87850415143301],[-48.72629811225049,-26.878567221748437],[-48.726262268957946,-26.878598230586576],[-48.72625238919872,-26.878589047028722],[-48.72625365334388,-26.878525895744435],[-48.72627431580511,-26.878499154797733],[-48.72628015862909,-26.878458638514292],[-48.7263008210709,-26.878431897562315],[-48.72630208518056,-26.878368746274493],[-48.72629220543642,-26.878359562720195],[-48.72626624195592,-26.87839975511845],[-48.72623030841527,-26.87843527475799],[-48.72620425459664,-26.8784799779479],[-48.72619660577774,-26.878610710343157],[-48.72614988938483,-26.878682154450107],[-48.7261422404717,-26.87881288683416],[-48.72612157791798,-26.87883962775488],[-48.726115735007646,-26.87888014402495],[-48.7260950724345,-26.8789068849404],[-48.72608877798865,-26.878969955234446],[-48.72605293450729,-26.879000964006217],[-48.72602805446282,-26.878987026682264],[-48.72599221096031,-26.879018035437152],[-48.72599139818534,-26.879058632681204],[-48.726003747903825,-26.879070112152117],[-48.7260489293613,-26.879075351799298],[-48.72606127908765,-26.879086831265617],[-48.726060917864444,-26.87910487448592],[-48.72604811660458,-26.879115949044618],[-48.726025435559905,-26.87911784002714],[-48.72600284482298,-26.879115220201083],[-48.72597549481744,-26.879098986972753],[-48.72593965126387,-26.879129995710713],[-48.7259329051536,-26.879215620012822],[-48.72588663988996,-26.879264509978697],[-48.72588034529364,-26.879327580251992],[-48.72585968257803,-26.8793543211228],[-48.72585338795793,-26.879417391392888],[-48.72578408018381,-26.87948621547898],[-48.725826340257676,-26.879511713328988],[-48.725826642600914,-26.879622268523388],[-48.72582372106317,-26.879642526645764],[-48.7257770039697,-26.87971397057821],[-48.72577025766816,-26.879799594856117],[-48.725723540470035,-26.87987103876322],[-48.72572182434387,-26.879956744029528],[-48.72573417412384,-26.879968223527122],[-48.725804507092,-26.87997386824824],[-48.725831766953114,-26.879994612323333],[-48.72584622543653,-26.880026430925117],[-48.72586836476195,-26.880051604806457],[-48.72593312566597,-26.880084233300217],[-48.72595571659154,-26.88008685314912],[-48.726104153855516,-26.880086986809008],[-48.72614255796324,-26.8800537631375],[-48.72615020707141,-26.879923030779814],[-48.72616300841923,-26.87991195621813],[-48.726258673164274,-26.87990898399937],[-48.72631481842797,-26.879869277481973],[-48.72636018081675,-26.8798654954389],[-48.72637298213864,-26.879854420856386],[-48.726396475988466,-26.879811932576185],[-48.72635421566665,-26.87978643488279],[-48.72635502833757,-26.879745837632672],[-48.72640174509684,-26.879674393487136],[-48.72640758796906,-26.879633877205574],[-48.72645385318466,-26.879584987066657],[-48.726458354714154,-26.879485789818116],[-48.72649819013664,-26.879506736186144],[-48.726520780968436,-26.8795093559384],[-48.72656861317566,-26.87950786970488],[-48.726599155623475,-26.879490312261854],[-48.72661927648984,-26.879490636113374],[-48.7266316263197,-26.87950211553565],[-48.72663147802212,-26.879635224810453],[-48.7266285566262,-26.87965548295846],[-48.726607894012574,-26.879682223944997],[-48.72660361830951,-26.87977014418763],[-48.726605727133176,-26.87979048329811],[-48.726625306335805,-26.879817871990397],[-48.72662560943493,-26.879928427227675],[-48.72662268802635,-26.879948685374256],[-48.726575971274045,-26.880020129592012],[-48.726570128430716,-26.880060645881034],[-48.72654946572276,-26.880087386852093],[-48.7265465442944,-26.880107644995558],[-48.72654820165664,-26.880150538135446],[-48.72656778090009,-26.880177926837458],[-48.72656741974026,-26.880195970061333],[-48.72654675700458,-26.880222711029955],[-48.72654383557036,-26.88024296917274],[-48.7265459443854,-26.880263308282746],[-48.726565523645604,-26.88029069698586],[-48.726563356668834,-26.880398956326463],[-48.72655055529859,-26.880410030922754],[-48.72650519269231,-26.880413813013472],[-48.72642600470633,-26.88047345384265],[-48.72639865432175,-26.880457220674817],[-48.726378533287324,-26.88045689678116],[-48.72633720761662,-26.88051037864596],[-48.72630181518808,-26.880518833423682],[-48.72624729505306,-26.88047734542654],[-48.72617696173558,-26.88047170090544],[-48.726147141415794,-26.880453171798393],[-48.72605165683689,-26.880447122303938],[-48.72597243713073,-26.880382675259597],[-48.72590255548125,-26.880354476587186],[-48.72589267561134,-26.880345292998456],[-48.72591077823456,-26.880320767044044],[-48.725911139500596,-26.880302723828734],[-48.72586384887623,-26.88027714499552],[-48.72582679940824,-26.88024270652655],[-48.72581700987382,-26.88022901212982],[-48.72581324410686,-26.880165779886315],[-48.7258008942984,-26.880154300394093],[-48.72578077332599,-26.88015397641868],[-48.72575270053954,-26.880173829563244],[-48.725726646087026,-26.880218532617935],[-48.725690711767896,-26.880254052064828],[-48.72566465727098,-26.880298755104924],[-48.72565745918138,-26.880406933378303],[-48.72563432623592,-26.880431378295548],[-48.7255860420015,-26.880455418200626],[-48.72558568068146,-26.880473461411476],[-48.72562950773616,-26.880546363267726],[-48.72562869477792,-26.88058696049275],[-48.72561589330046,-26.880598034996925],[-48.72559577225206,-26.880597710990248],[-48.72556842197026,-26.880581477667373],[-48.725555710819705,-26.88058804136324],[-48.725532577813674,-26.88061248625953],[-48.725532216482684,-26.88063052946929],[-48.725549325577504,-26.880655622397185],[-48.72554155434951,-26.880666777897336],[-48.72551348139108,-26.880686630982378],[-48.725468118665034,-26.88069041273049],[-48.72545284719562,-26.88069919131351],[-48.72540411111788,-26.880745785155906],[-48.72539826780238,-26.880786301363933],[-48.725377604686244,-26.880813042135237],[-48.72537176135604,-26.880853558340977],[-48.725325043431624,-26.88092500206329],[-48.72531920007392,-26.880965518264723],[-48.72529853690412,-26.88099225902061],[-48.725292693531706,-26.88103277521978],[-48.72524597547697,-26.88110421890648],[-48.725237873410656,-26.8812575051301],[-48.72519160696426,-26.88130639478393],[-48.725185763529055,-26.8813469109736],[-48.72516510025288,-26.881373651702265],[-48.725157901540776,-26.88148182990077],[-48.72514509991295,-26.881492904351727],[-48.725099736859505,-26.881496685960006],[-48.725071211841104,-26.881539092939317],[-48.72503527687943,-26.881574612174017],[-48.72503491545445,-26.881592655375076],[-48.72506949509917,-26.881624798146504],[-48.7250974780194,-26.88160945597214],[-48.72511759923997,-26.881609780061],[-48.725129949121495,-26.881621259616455],[-48.72512913594701,-26.881661856821186],[-48.72511633429489,-26.881672931267815],[-48.72509621306315,-26.881672607178064],[-48.72506886261338,-26.881656373748857],[-48.72503557830022,-26.881685167292257],[-48.72505268742127,-26.88171026027999],[-48.725051874216035,-26.881750857482036],[-48.725006059267564,-26.88177719305384],[-48.72499886034879,-26.8818853712274],[-48.72497819692275,-26.881912111917874],[-48.724971901562796,-26.8819751820879],[-48.724951238112695,-26.882001922772687],[-48.724945394537215,-26.882042438941077],[-48.72493506280371,-26.882055809281308],[-48.72487397599745,-26.88209092330885],[-48.72486768056224,-26.88215399346849],[-48.724849577400654,-26.88217851925066],[-48.724859457328435,-26.88218770291492],[-48.72487957864806,-26.88218802704412],[-48.72493033376228,-26.882166283356785],[-48.7249839202839,-26.882128792364863],[-48.72502060861331,-26.88218127426863],[-48.72503304890073,-26.882188243035152],[-48.725058471626454,-26.88217511576542],[-48.725068351572006,-26.882184299416117],[-48.725067990142755,-26.882202342616036],[-48.72505518842002,-26.88221341705213],[-48.72500982507596,-26.882217198612846],[-48.72499702334616,-26.882228273043168],[-48.72496557629102,-26.882290938067396],[-48.72491976109688,-26.882317273594335],[-48.72490156755269,-26.882346310181116],[-48.72486855408192,-26.882361571269346],[-48.72484505907748,-26.8824040592119],[-48.72488484996604,-26.882427261472642],[-48.724864050856105,-26.88246076833541],[-48.72482421477708,-26.88243982146796],[-48.72480409341363,-26.882439497328093],[-48.724773549889115,-26.8824570543085],[-48.724652821699515,-26.88245510938191],[-48.72461366348787,-26.882400331469334],[-48.72457616189443,-26.882388446653565],[-48.72455348018547,-26.882390337356046],[-48.724540678393524,-26.882401411740695],[-48.724514622901054,-26.88244611449644],[-48.7245078753281,-26.882531738613363],[-48.724487211662385,-26.882558479215017],[-48.724481367878546,-26.882598995349042],[-48.724434648612146,-26.882670438679867],[-48.724428804800816,-26.88271095480957],[-48.724408141081426,-26.88273769539581],[-48.724402297255374,-26.88277821152325],[-48.72435557785864,-26.882849654818457],[-48.724349734005095,-26.88289017094157],[-48.72432907023204,-26.88291691151237],[-48.72432187051331,-26.88302508959019],[-48.72430120670696,-26.88305183015448],[-48.72429491086032,-26.88311490025726],[-48.72422303938415,-26.88318593821262],[-48.72421674348107,-26.883249008307622],[-48.72409185607327,-26.88345455947688],[-48.724085108063406,-26.883540183538493],[-48.724064444100684,-26.883566924056904],[-48.724057696056924,-26.883652548114238],[-48.72401188010068,-26.883678883293936],[-48.72400377591699,-26.883832169278797],[-48.72394268785487,-26.883867282816816],[-48.7239088601242,-26.883923140799002],[-48.723951121307046,-26.883948639273225],[-48.72394985558571,-26.884011790407836],[-48.72391099740002,-26.884067567316638],[-48.723862801651855,-26.88408709570543],[-48.72383545084231,-26.884070862016777],[-48.723790177156346,-26.884070132340458],[-48.72375177095881,-26.884103355225584],[-48.723745474704636,-26.884166425272323],[-48.72372481054018,-26.884193165726607],[-48.72372098426152,-26.88425853170687],[-48.723723092585644,-26.884278870821245],[-48.7237678238499,-26.884306665291643],[-48.72376948009647,-26.88434955837843],[-48.7237665580071,-26.884369816414985],[-48.723722397915466,-26.884439044561038],[-48.723737037097365,-26.884461841770204],[-48.72369287694823,-26.884531069902806],[-48.72368703272664,-26.884571585969272],[-48.72364817420418,-26.884627362781444],[-48.72362805246982,-26.884627038449782],[-48.72361570244719,-26.884615558756384],[-48.723611937957095,-26.88455232655831],[-48.723602057946216,-26.884543142802944],[-48.72355093980876,-26.884582929097686],[-48.72351455122057,-26.8846410018083],[-48.7235132852187,-26.884704152917532],[-48.72352563523921,-26.88471563261972],[-48.72359597093521,-26.88472127861623],[-48.72360832096638,-26.8847327583118],[-48.723607055011605,-26.884795909424337],[-48.7235607863425,-26.884844798385963],[-48.72355448990944,-26.884907868408835],[-48.723507769019136,-26.884979311314765],[-48.72350192469644,-26.88501982736559],[-48.723455203722786,-26.885091270248083],[-48.72344890720701,-26.885154340259653],[-48.7234030904913,-26.885180675189478],[-48.72339724611557,-26.885221191231903],[-48.7233765816615,-26.88524793161426],[-48.723375767732975,-26.885288528748593],[-48.723395346965766,-26.885315917879975],[-48.72339498522188,-26.885333961050883],[-48.7233487162293,-26.885382849919992],[-48.723342871818275,-26.885423365957216],[-48.72329705496714,-26.88544970084331],[-48.723273558664864,-26.88549218842986],[-48.72331244583018,-26.885560499095615],[-48.723253917064106,-26.885593397408027],[-48.7232018938633,-26.885678291452837],[-48.72317454279261,-26.88566205762129],[-48.723151950866274,-26.88565943726328],[-48.723129268493416,-26.885661327693395],[-48.723116466178574,-26.885672401912146],[-48.723116104384836,-26.88569044507864],[-48.72312845446197,-26.885701924818353],[-48.72317363833108,-26.8857071655393],[-48.72318598841613,-26.885718645274427],[-48.72318472217265,-26.885781796359577],[-48.72308724354456,-26.88587498200451],[-48.72308063254024,-26.886],[-48.7392264578697,-26.886],[-48.739778018196006,-26.885788885069775]],[[-48.72590855449853,-26.884201272195348],[-48.72589575261109,-26.884212346695776],[-48.72579761419597,-26.88421302253521],[-48.725775022462074,-26.88421040261096],[-48.725745201279864,-26.88419187337035],[-48.72562447116524,-26.884189929158275],[-48.72556091331006,-26.884222747508876],[-48.725555069773904,-26.88426326369728],[-48.725542267847004,-26.884274338162932],[-48.725471751554736,-26.884277714747324],[-48.72539045159035,-26.884317015654677],[-48.72531993527289,-26.88432039216122],[-48.72523863523103,-26.884359692975668],[-48.72510276851803,-26.884359760629692],[-48.725104048594986,-26.88417026656648],[-48.725059768847565,-26.884119918508357],[-48.72505766028303,-26.88409957939862],[-48.72505991940581,-26.88398680942935],[-48.72506284125117,-26.883966551349854],[-48.7250835050702,-26.883939810676416],[-48.725084770157494,-26.8838766594913],[-48.72504003869928,-26.88384886542715],[-48.72504130380575,-26.883785714243135],[-48.72506196759335,-26.88375897357047],[-48.72506781126393,-26.88371845740926],[-48.72507814314926,-26.88370508707075],[-48.72513923080726,-26.883669973012903],[-48.72518101007391,-26.883593937631623],[-48.725344964270626,-26.883447673943788],[-48.72537101970884,-26.883402971034467],[-48.725372284606976,-26.883339819831914],[-48.725290051295666,-26.88330014121753],[-48.72527536674411,-26.883279599555774],[-48.72528798786973,-26.883277546707447],[-48.72531399810944,-26.883235099206644],[-48.725393279019805,-26.883170948380442],[-48.725488946498075,-26.883167976858754],[-48.72550174829654,-26.88315690238882],[-48.725506476899916,-26.883046428276053],[-48.725509398628944,-26.883026170178315],[-48.72551964005277,-26.88301731059991],[-48.7255542202466,-26.88304945328254],[-48.725556328895934,-26.883069792392003],[-48.7255534071735,-26.88309005049106],[-48.72553274363021,-26.883116791252956],[-48.72552891847393,-26.883182157359197],[-48.72553102711931,-26.883202496468563],[-48.72554813655712,-26.88322758941256],[-48.72553259370752,-26.88324990038253],[-48.72554970315201,-26.88327499332665],[-48.725551811801566,-26.88329533243581],[-48.72554804814995,-26.88360887358962],[-48.7255923279443,-26.88365922149899],[-48.725596996973614,-26.883677345712353],[-48.72560687708697,-26.88368652933452],[-48.72561958859599,-26.88367996565835],[-48.72564272226138,-26.883655520795738],[-48.72564856571826,-26.883615004596546],[-48.72571212319703,-26.883582186180874],[-48.72573224477556,-26.883582510204135],[-48.72574459492254,-26.88359398972027],[-48.72574881229534,-26.88363466793615],[-48.7257586020828,-26.8836483623495],[-48.72578586276493,-26.88366910647851],[-48.72580598435989,-26.88366943049225],[-48.725961985863506,-26.88354334314923],[-48.725971865997586,-26.88355252674713],[-48.725971504690435,-26.88357056995491],[-48.7259252375203,-26.883619459795074],[-48.7259248762047,-26.883637503002106],[-48.72594701619036,-26.883662676904645],[-48.72596192673221,-26.883671941501643],[-48.7260323523264,-26.883673075449554],[-48.726085939267115,-26.883635584068404],[-48.72614320176645,-26.88366583569204],[-48.726125098600995,-26.883690361635164],[-48.72612473731603,-26.883708404844516],[-48.72616951417395,-26.883733943177365],[-48.72617180357657,-26.883745260678655],[-48.72614642575829,-26.883756132731033],[-48.72612059632686,-26.8837895587899],[-48.726054342978706,-26.883831358495538],[-48.72600897899184,-26.883835140338032],[-48.72599617715758,-26.883846214851314],[-48.725990333805335,-26.88388673107072],[-48.72592102316747,-26.883955555017533],[-48.72594069316707,-26.883978433023156],[-48.726002895876114,-26.884013276511645],[-48.72601479446121,-26.884047310017014],[-48.726011421144946,-26.884090122135255],[-48.7259626837163,-26.884136716072796],[-48.7259143979047,-26.884160755983835],[-48.72590855449853,-26.884201272195348]],[[-48.73855901153888,-26.883829090182118],[-48.73848602509512,-26.883830177615938],[-48.738448521300604,-26.883818296367977],[-48.73842637836106,-26.883793124251504],[-48.73842395307329,-26.883662229313362],[-48.73840684060861,-26.883637137749243],[-48.7384509917497,-26.883567904419788],[-48.73845683066789,-26.883527387402932],[-48.738518273851,-26.88347422392262],[-48.73852815506416,-26.88348340670484],[-48.73853026605595,-26.883503745765548],[-48.73852734661145,-26.883524004276488],[-48.73850668589036,-26.883550747123152],[-48.73850497913369,-26.88363645310538],[-48.73856471564487,-26.883668995592505],[-48.7385749561852,-26.883660135007194],[-48.738577875626675,-26.883639876495298],[-48.73858304072084,-26.883506846947554],[-48.73859584137482,-26.88349577121263],[-48.738641205120956,-26.883491985289208],[-48.73866918689622,-26.88347664034148],[-48.73872847427852,-26.883531736967022],[-48.738730450823454,-26.883685186133036],[-48.73875003368202,-26.88371257335482],[-48.73875380664772,-26.88377580568302],[-48.738773389526116,-26.88380319290257],[-48.738773030247984,-26.883821236270038],[-48.738734628209144,-26.88385446351397],[-48.73871450640086,-26.883854141339228],[-48.73867489155014,-26.88382192109039],[-48.73865997984695,-26.883812657770484],[-48.73861223548584,-26.88380963715598],[-48.73858955354898,-26.883811530110805],[-48.73855901153888,-26.883829090182118]],[[-48.73921834027295,-26.88104203152871],[-48.739097522580245,-26.88104460988167],[-48.7389960180048,-26.881088107836067],[-48.73893987614839,-26.881127819632052],[-48.73889460316022,-26.88112709486839],[-48.73886725065366,-26.881110863996568],[-48.7387653417986,-26.88117466057166],[-48.73875505660641,-26.881185776610355],[-48.73875213729348,-26.88120603513832],[-48.73875335021154,-26.881271482635977],[-48.738772932704684,-26.881298869837497],[-48.73877670570752,-26.881362102180773],[-48.73879862377383,-26.8813985513342],[-48.73876345627436,-26.881395732168283],[-48.73873664259577,-26.88135243620886],[-48.73871185013883,-26.881333990151905],[-48.73868642899673,-26.881347119993293],[-48.73867654794245,-26.88133793723044],[-48.73867232592677,-26.881297259103647],[-48.738652743459255,-26.88126987188966],[-48.73865063245578,-26.881249532826107],[-48.73865355178839,-26.881229274301543],[-48.738699812745516,-26.8811803798687],[-48.738700621054704,-26.88113978227874],[-48.738690740015954,-26.88113059951766],[-48.73863715811382,-26.881168096032138],[-48.738591795302604,-26.881171882013494],[-48.73853812353137,-26.881213889329747],[-48.73853035348185,-26.881225045621907],[-48.73854746565277,-26.88125013715791],[-48.73854710637842,-26.88126818052906],[-48.738526446113795,-26.88129492341245],[-48.738523526756104,-26.881315181932678],[-48.73852563773695,-26.881335520996625],[-48.73854522018252,-26.881362908226787],[-48.73854486090606,-26.881380951597624],[-48.738508480843976,-26.881439028743934],[-48.73847007959363,-26.881472255971794],[-48.738421797275805,-26.881496300407548],[-48.73842053973086,-26.88155945219867],[-48.738464824822266,-26.881609796390514],[-48.738464016412394,-26.88165039397116],[-48.7384281751636,-26.881681406033778],[-48.73840082260335,-26.881665175068555],[-48.73838070118742,-26.881664852870475],[-48.738367900734374,-26.881675928600135],[-48.73836664314972,-26.881739080387288],[-48.73838375535156,-26.88176417194404],[-48.738365655044575,-26.8817886996482],[-48.738358019662776,-26.881919433510195],[-48.73831386918678,-26.88198866686201],[-48.7383285111403,-26.882011462728823],[-48.738312970878866,-26.882033775277797],[-48.7383300831077,-26.882058866842126],[-48.73833219405712,-26.882079205905697],[-48.73832343560656,-26.882392669111873],[-48.738310635060714,-26.88240374482981],[-48.738240119817824,-26.88240712789159],[-48.73820957815441,-26.882424687910763],[-48.73817432052708,-26.88242637942033],[-48.738172434199285,-26.882394763254474],[-48.7381281489655,-26.882344418964983],[-48.738126038051654,-26.882324079901057],[-48.738129406715615,-26.88228126719366],[-48.73817521916341,-26.882254927185258],[-48.73818150725907,-26.882191855969573],[-48.73820216778078,-26.882165113155125],[-48.73820508722898,-26.882144854648743],[-48.73820342548,-26.882101961378943],[-48.738181058312314,-26.882088066345517],[-48.73818510071144,-26.882011422325014],[-48.73820320109491,-26.88198689464939],[-48.7381643057026,-26.88191858756975],[-48.73818487633797,-26.881896355595238],[-48.738248429630055,-26.88186353123895],[-48.73831086007267,-26.881760748528748],[-48.738311668541115,-26.881720150953036],[-48.738292086099484,-26.881692763691422],[-48.73829042431088,-26.881649870418485],[-48.73829334372306,-26.8816296119071],[-48.73831400410702,-26.881602869066246],[-48.73831782180201,-26.88153750213513],[-48.73831571085771,-26.881517163070715],[-48.738296128446265,-26.881489775811048],[-48.73829235571347,-26.88142654347247],[-48.73825997289102,-26.881410231932048],[-48.738233159408956,-26.88136693588887],[-48.73819588102235,-26.88134377751838],[-48.738194443846886,-26.881289607140808],[-48.73817486150101,-26.881262219867804],[-48.738175220834385,-26.881244176501287],[-48.738185551002246,-26.881230805087974],[-48.738247082806346,-26.881173130798107],[-48.73824744212686,-26.881155087430454],[-48.73817522099402,-26.881117832656408],[-48.73815330318267,-26.881081383420746],[-48.738151192270166,-26.88106104435503],[-48.73815411168364,-26.881040785845585],[-48.73820082191641,-26.88096933737447],[-48.73820666071725,-26.88092882035145],[-48.73821946109494,-26.88091774463105],[-48.73828997540879,-26.880914361521093],[-48.73835397722596,-26.8808589828648],[-48.73835981596388,-26.880818465831073],[-48.73837791610101,-26.88079393811497],[-48.73836327427523,-26.880771142258858],[-48.7383813744033,-26.88074661454164],[-48.73838173369587,-26.880728571171215],[-48.73836215138906,-26.880701183925424],[-48.738362735144456,-26.880545519581315],[-48.738360624196666,-26.88052518051558],[-48.73834351216565,-26.88050008896398],[-48.73838721286576,-26.880453409766123],[-48.73841865215474,-26.880390741239854],[-48.738480093541966,-26.88033757764932],[-48.73855473964429,-26.880379383359802],[-48.73856453079609,-26.880393076969895],[-48.73856875276445,-26.880433755100206],[-48.73858110397962,-26.880445233557655],[-48.73872698270732,-26.88044756912436],[-48.73873722292566,-26.88043870850458],[-48.738722581065076,-26.88041591268305],[-48.738732821280685,-26.88040705206339],[-48.73877818378303,-26.880403266016923],[-48.738806254552784,-26.880383410142898],[-48.73886082384114,-26.88029629424571],[-48.73896232772908,-26.880252796342994],[-48.73900769016746,-26.880249010218368],[-48.739035671065146,-26.88023366513835],[-48.73906302339666,-26.880249895967683],[-48.73908314457155,-26.880250218052993],[-48.73911368550317,-26.880232657794753],[-48.73918419939787,-26.880229274209427],[-48.739240340707404,-26.88018956227847],[-48.739260461874075,-26.88018988433786],[-48.73931498702791,-26.88023136759911],[-48.739410472832375,-26.880237408153555],[-48.73942035386114,-26.88024659086408],[-48.73940225403538,-26.880271118735166],[-48.73939462008134,-26.88040185276018],[-48.73937396018036,-26.880428595793003],[-48.73937014317841,-26.880493962802518],[-48.739372254308144,-26.880514301864515],[-48.73941406920949,-26.880562350087523],[-48.73939596932677,-26.88058687795357],[-48.73938878423124,-26.880695057742237],[-48.7393429726923,-26.880721398206898],[-48.73934216462721,-26.88076199581732],[-48.73938353067982,-26.880832598280985],[-48.73933938127884,-26.880901832028997],[-48.73933309394989,-26.880964903351583],[-48.73929424415495,-26.881020685057383],[-48.73924888140853,-26.881024471255035],[-48.73921834027295,-26.88104203152871]],[[-48.73625960760434,-26.878641488667583],[-48.73630811178369,-26.878732511577645],[-48.736310222352934,-26.87875285065373],[-48.736306403724406,-26.878818217487783],[-48.7362627029006,-26.878864896037154],[-48.73630873699988,-26.878953623222966],[-48.73635099949496,-26.878979118059334],[-48.73634075924438,-26.87898797850427],[-48.736219943868136,-26.878990554527434],[-48.736191423532404,-26.87903296406822],[-48.736163352698064,-26.879052819417964],[-48.736092929471845,-26.879051690698176],[-48.73606566779373,-26.87903094849894],[-48.73603885567264,-26.878987652113032],[-48.73594337127136,-26.878981609353676],[-48.73593102048868,-26.878970130689886],[-48.7359313801427,-26.878952087345553],[-48.735952040519784,-26.878925344845438],[-48.73595240016978,-26.87890730150073],[-48.73594004939362,-26.87889582283807],[-48.73589486730338,-26.878890586332876],[-48.73588251653512,-26.87887910766564],[-48.73587919470045,-26.878793321150503],[-48.73583446223817,-26.87876553044902],[-48.73583069085436,-26.87870229811368],[-48.73578887817659,-26.87865424895525],[-48.73580697846211,-26.878629721575084],[-48.73580989819393,-26.87860946312997],[-48.73581003563295,-26.87847635315249],[-48.73579768491566,-26.878464874480564],[-48.73572735199127,-26.878459234765554],[-48.735690299878854,-26.878424798727075],[-48.735690659562614,-26.878406755384365],[-48.735759960998905,-26.87833792600581],[-48.735742804900255,-26.878315089606332],[-48.73574325449235,-26.878292535426763],[-48.735779140237895,-26.878259268593155],[-48.735794860233355,-26.878227934638783],[-48.735805145408094,-26.878216818812874],[-48.73585293223628,-26.87821758480908],[-48.73586281279471,-26.878226767742067],[-48.73582212167647,-26.878248676877327],[-48.73586146409185,-26.878294430286743],[-48.73584336387667,-26.87831895767906],[-48.735843004218516,-26.878337001023898],[-48.73590228764576,-26.878392098619653],[-48.73591252787072,-26.87838323820464],[-48.7359154475741,-26.878362979755114],[-48.73591333707786,-26.87834264067698],[-48.73589375576015,-26.87831525314324],[-48.73589411540991,-26.878297209797715],[-48.73590691568018,-26.878286134278778],[-48.736153395297876,-26.878290084865395],[-48.73618276737024,-26.878331166116745],[-48.736215149013006,-26.87834747806662],[-48.73623940102144,-26.878392989527587],[-48.736242273644265,-26.8785013302418],[-48.73626185507843,-26.8785287177338],[-48.73626149548347,-26.878546761083342],[-48.7362177947555,-26.878593439625853],[-48.73625960760434,-26.878641488667583]],[[-48.728466050745176,-26.878353928198383],[-48.72841978688803,-26.87840281909074],[-48.728419426049946,-26.87842086234238],[-48.72842921577358,-26.878434556571808],[-48.72845647580632,-26.878455300151035],[-48.72855195897318,-26.878461347922883],[-48.72856430890787,-26.878472827182826],[-48.72856641807924,-26.878493166288006],[-48.72856214400545,-26.878581086701768],[-48.72855190322927,-26.878589946546168],[-48.72850232305,-26.87855305112037],[-48.72846904051626,-26.87858184559708],[-48.72848615001478,-26.878606938197066],[-48.728490368331045,-26.87864761640758],[-48.7285099478333,-26.878675004858696],[-48.72851416615876,-26.878715683068826],[-48.72855597560934,-26.878763734190105],[-48.72850980181529,-26.87880811428834],[-48.728494530820065,-26.87881689323332],[-48.728449168870625,-26.87882067599369],[-48.7284133260376,-26.878851685408964],[-48.72850453537761,-26.878945653634673],[-48.72852878430003,-26.878991166230964],[-48.728533002635174,-26.87903184444002],[-48.72855258220722,-26.87905923288866],[-48.72855222137999,-26.879077276140308],[-48.72854198055529,-26.879086135980547],[-48.72849459954552,-26.8790650688321],[-48.72846770020768,-26.879026282001565],[-48.72844173729532,-26.879066474835344],[-48.728408364373955,-26.879099780097857],[-48.72845318517063,-26.879123062233255],[-48.72853963515855,-26.879203417114],[-48.72854942495745,-26.879217111338807],[-48.72855364330213,-26.879257789547047],[-48.72857322291409,-26.879285177994774],[-48.728572862086615,-26.87930322124609],[-48.728560061030144,-26.87931429604633],[-48.72843677564764,-26.87931456952159],[-48.72841409457281,-26.87931646088791],[-48.72838355242395,-26.87933401874466],[-48.728287888107786,-26.879336992437832],[-48.72827508702147,-26.87934806721019],[-48.7282738239547,-26.87941121857593],[-48.72828617395521,-26.879422697863536],[-48.72830876483406,-26.879425317331176],[-48.72845967143324,-26.879427744316782],[-48.72848235253027,-26.879425852944507],[-48.72851289469134,-26.879408295067194],[-48.72858340797494,-26.879404916765328],[-48.7286139501162,-26.87938735886476],[-48.728709524281825,-26.879388895765928],[-48.728788745012714,-26.87945334133641],[-48.7288842290503,-26.879459388936564],[-48.728921279271624,-26.879493826648687],[-48.72894552846668,-26.879539339187982],[-48.72894974695719,-26.879580017392335],[-48.72896932671855,-26.87960740579346],[-48.728971435968184,-26.879627744895483],[-48.728958183943895,-26.879661373800605],[-48.72889664861486,-26.87971904380756],[-48.72889628783196,-26.87973708706184],[-48.72892053706102,-26.879782599606617],[-48.72896782825696,-26.879808177447647],[-48.72898749825046,-26.87983105503441],[-48.72895165521319,-26.879862064571512],[-48.72893153424841,-26.879861741047968],[-48.7289041836081,-26.87984550835112],[-48.72889147271273,-26.879852072365328],[-48.728868340544835,-26.879876517865288],[-48.728867979754995,-26.879894561118796],[-48.72888032986843,-26.879906040360773],[-48.72897581429471,-26.879912087922822],[-48.728988164421544,-26.879923567156123],[-48.72898846981495,-26.88003412253145],[-48.72898554882009,-26.880054380752988],[-48.728967446877505,-26.880078907147055],[-48.72900678695745,-26.880124662322668],[-48.728988685006826,-26.88014918871881],[-48.72898832423184,-26.88016723197314],[-48.72900790409315,-26.880194620373775],[-48.72901001335244,-26.880214959474763],[-48.72900709235422,-26.88023521769622],[-48.728988990384174,-26.88025974409096],[-48.729003630193276,-26.88028254079885],[-48.72896037690918,-26.880306662787437],[-48.72895745589854,-26.880326921006937],[-48.72895956514933,-26.88034726010792],[-48.72900429635143,-26.880375052916055],[-48.72900393557539,-26.880393096169975],[-48.72894038079081,-26.880425916253785],[-48.728819564207676,-26.880428485835267],[-48.72878902180199,-26.88044604376234],[-48.728693356535395,-26.880449017671697],[-48.72866281410655,-26.880466575569844],[-48.72864013280093,-26.88046846695798],[-48.72859239037083,-26.88046544305748],[-48.72856256961837,-26.88044691443607],[-48.728539978528985,-26.880444294996256],[-48.72849214589974,-26.880445781874528],[-48.72846160344408,-26.880463339727235],[-48.72843892213829,-26.88046523108287],[-48.72829057440762,-26.880460589036048],[-48.72823861375583,-26.880416886811126],[-48.7282045748484,-26.880357679911896],[-48.7282049357508,-26.880339636667888],[-48.72822559813821,-26.880312895433715],[-48.72822851927774,-26.880292637237527],[-48.728226410159074,-26.880272298133757],[-48.728206830482875,-26.880244909635994],[-48.728203063379624,-26.880181677372658],[-48.7281907133115,-26.880170198074254],[-48.728145531269675,-26.880164959079853],[-48.728135651221294,-26.880155775637547],[-48.728145892178446,-26.880146915836093],[-48.72821640591925,-26.88014353774742],[-48.728229207106665,-26.88013246298754],[-48.72823212823838,-26.88011220479046],[-48.72823528605116,-26.879954326395143],[-48.72823317693281,-26.879933987290908],[-48.7282135973069,-26.879906598796435],[-48.72821374377434,-26.879773489408095],[-48.72821163466072,-26.879753150303504],[-48.72819205506801,-26.879725761807677],[-48.72819220154391,-26.879592652417788],[-48.728190092435,-26.879572313312853],[-48.728170512875515,-26.879544924815693],[-48.72816809913888,-26.879414030376445],[-48.7281310491857,-26.879379592482238],[-48.727932400746646,-26.879374141055493],[-48.72790980989128,-26.879371521528775],[-48.72789745993658,-26.87936004221091],[-48.72789917437767,-26.879274336807622],[-48.72791983662007,-26.879247595606827],[-48.72792366009455,-26.879182229307368],[-48.72789986255278,-26.879114162566797],[-48.7279030206909,-26.878956284185676],[-48.727900911637064,-26.87893594507872],[-48.72788133224828,-26.878908556550456],[-48.727883948991206,-26.87877774303282],[-48.727896750044245,-26.878766668293476],[-48.727919431010605,-26.87876477700379],[-48.727942021746635,-26.878767396521614],[-48.72796937198703,-26.87878362938221],[-48.72799735382967,-26.878768286558522],[-48.728067866709395,-26.87876490848992],[-48.728080667744244,-26.878753833732656],[-48.72808358884754,-26.87873357553446],[-48.72808147976214,-26.878713236427842],[-48.728061900362036,-26.87868584792351],[-48.72806226126101,-26.878667804677026],[-48.72807506228468,-26.87865672991948],[-48.728120424171244,-26.878652947275913],[-48.72815096616487,-26.878635389465583],[-48.72822147896313,-26.878632011314707],[-48.728234279968085,-26.87862093654143],[-48.728235091926436,-26.878580339231522],[-48.72816611290251,-26.87850703358678],[-48.72816918036863,-26.87835366597503],[-48.728179421149775,-26.878344806158665],[-48.72820421113557,-26.87836325392457],[-48.728214000827634,-26.87837694816706],[-48.728218219043605,-26.878417626380244],[-48.72823056893785,-26.878429105667042],[-48.72825068963917,-26.878429429274508],[-48.728263490617074,-26.87841835449668],[-48.728263851479866,-26.87840031124698],[-48.72824674206017,-26.878375218624416],[-48.728264843850816,-26.878350692310043],[-48.72826565578877,-26.878310094997726],[-48.728218816452035,-26.878261962903753],[-48.72817152606151,-26.878236384857697],[-48.72817188693607,-26.87821834160868],[-48.72818221792211,-26.878204970978885],[-48.72824577160546,-26.87817215116262],[-48.72826634333466,-26.87814992070211],[-48.72822152294963,-26.87812663853098],[-48.72819938341555,-26.878101465003237],[-48.728199744283565,-26.878083421753523],[-48.728220406219876,-26.87805668048651],[-48.72822166924237,-26.877993529111006],[-48.72815992002061,-26.87793613267563],[-48.72811473886223,-26.877930893725818],[-48.7280998288445,-26.87792162938568],[-48.72808015934041,-26.877898751701547],[-48.72809040008416,-26.877889891888973],[-48.72816082219926,-26.877891024551463],[-48.72824049268961,-26.877932916293997],[-48.72833597539626,-26.877938964184036],[-48.72840028489719,-26.87799414558901],[-48.728445105273124,-26.878017427702794],[-48.72842700357842,-26.87804195404713],[-48.72842664274712,-26.878059997299804],[-48.72844622214302,-26.87808738575451],[-48.728445861314064,-26.878105429007295],[-48.72842519941852,-26.878132170309936],[-48.72842483858553,-26.878150213562346],[-48.728444417994844,-26.87817760201795],[-48.7284440571642,-26.878195645270473],[-48.72842339525017,-26.87822238657147],[-48.728423034415464,-26.87824042982362],[-48.728467764682904,-26.878268222748993],[-48.728467403854545,-26.878286266001602],[-48.72842159107334,-26.878312602831734],[-48.72842123023695,-26.878330646083633],[-48.72843111016266,-26.878339829499605],[-48.72845653164637,-26.87832670153232],[-48.728466411574814,-26.878335884945965],[-48.728466050745176,-26.878353928198383]],[[-48.73887304952395,-26.882209697327117],[-48.738860698099124,-26.88219821888401],[-48.73886195543416,-26.88213506707935],[-48.73887475589775,-26.882123991305757],[-48.73889487740186,-26.882124313438574],[-48.7389247004307,-26.882142840006054],[-48.73894482193886,-26.882143162131953],[-48.73895762239591,-26.88213208635042],[-48.73895798161849,-26.882114042976347],[-48.73891324708083,-26.882086253133615],[-48.738913606309744,-26.882068209759986],[-48.73892384667063,-26.882059349136753],[-48.73895119940418,-26.88207558001041],[-48.73897132090079,-26.8820759021318],[-48.73898412134735,-26.882064826347126],[-48.73898537860655,-26.882001674535882],[-48.738965795951756,-26.881974287355547],[-48.73896390940036,-26.88194267118508],[-48.73900374823301,-26.881963614215394],[-48.73902386971053,-26.88196393632807],[-48.73905234495359,-26.881923781632956],[-48.73906496577332,-26.88192172752712],[-48.739089893112975,-26.88193340726617],[-48.73913929881925,-26.881979320952897],[-48.73917424202374,-26.88199341714757],[-48.739213407453434,-26.88204819145473],[-48.739275613681755,-26.88208302929106],[-48.739285405055426,-26.882096722862745],[-48.73928872937339,-26.88218250942786],[-48.73931087222824,-26.882207681406637],[-48.739355696708905,-26.882230960287274],[-48.73934545636278,-26.88223982094277],[-48.739322774744785,-26.882241714036198],[-48.739199485475254,-26.882241996715198],[-48.73917141428323,-26.88226185263818],[-48.739155694545325,-26.88229318697551],[-48.73913256391874,-26.8823176342573],[-48.739117293162295,-26.882326414369537],[-48.73904677796034,-26.882329797838903],[-48.73903397748756,-26.88234087362737],[-48.739033618273524,-26.88235891700183],[-48.73907745492603,-26.88243181525108],[-48.73908077907654,-26.882517601808125],[-48.73911482442249,-26.88257680646354],[-48.739152103400954,-26.882599964624653],[-48.739153990001654,-26.882631580793845],[-48.739178244009686,-26.882677091855406],[-48.73919059551714,-26.882688570275267],[-48.73926093135255,-26.882694208436085],[-48.739273282870656,-26.882705686849345],[-48.73927292368895,-26.88272373022584],[-48.73922711127052,-26.882750070593055],[-48.73922396748512,-26.882781606239234],[-48.739225854105015,-26.882813222408167],[-48.739269691038444,-26.88288612061209],[-48.73926933185337,-26.88290416398808],[-48.73925653133159,-26.88291523979322],[-48.73921116782266,-26.882919025930406],[-48.73914469484704,-26.882972109229136],[-48.73909641199136,-26.882996153860013],[-48.73907036186842,-26.883040859650407],[-48.739066544487386,-26.88310622661299],[-48.73906865557454,-26.883126565672235],[-48.73911249250859,-26.88319946392327],[-48.73911213329368,-26.883217507296504],[-48.7390757528487,-26.883275584556447],[-48.739037351089166,-26.88330881190223],[-48.739011974424095,-26.88331968635209],[-48.73895165417806,-26.883316464534133],[-48.73892439097069,-26.88329572280184],[-48.73889757683576,-26.883252426851826],[-48.7388523928166,-26.88324719117935],[-48.73877316345044,-26.88318275076573],[-48.738702827357265,-26.88317711234478],[-48.7386879157322,-26.883167849032198],[-48.738626158249176,-26.883110456706635],[-48.738616366880656,-26.883096763090528],[-48.7386121448703,-26.883056084968523],[-48.738599793388175,-26.883044606499723],[-48.738479063415326,-26.883042673346868],[-48.73844852160617,-26.883060233407917],[-48.73842839994253,-26.883059911201208],[-48.7383785449461,-26.88303655146633],[-48.73834917095813,-26.88299547057123],[-48.738303987079306,-26.882990234730983],[-48.73825197628349,-26.88294879131331],[-48.738239445176404,-26.88294633449736],[-48.738243487611896,-26.88286969048322],[-48.7382917705697,-26.882845646151672],[-48.73831490148316,-26.882821199027426],[-48.738321414267936,-26.882620506874183],[-48.738324333713074,-26.882600248365943],[-48.73833461908399,-26.882589132371333],[-48.73835977105776,-26.88258953513946],[-48.738394310097796,-26.882623930318214],[-48.73839808287553,-26.88268716265024],[-48.738410434299794,-26.8826986411335],[-48.73848077007239,-26.882704279681075],[-48.73851059317187,-26.882722806339977],[-48.73858092896821,-26.88272844483888],[-48.73861075209173,-26.882746971477957],[-48.73863334399338,-26.88274958934824],[-48.738731481761384,-26.882748904498705],[-48.73878762453032,-26.882709192848733],[-48.73880774613686,-26.882709515000396],[-48.73883509900151,-26.88272574590393],[-48.73884533943142,-26.882716885291263],[-48.73887138955549,-26.882672179541416],[-48.738876554174155,-26.882539149941874],[-48.738874443124395,-26.882518810881034],[-48.738830157517924,-26.882468466790137],[-48.738831863943155,-26.88238276077447],[-48.73885252435727,-26.882356017858044],[-48.73885544369798,-26.882335759331767],[-48.73885333265299,-26.882315420270537],[-48.73883622026925,-26.88229032876083],[-48.73884646065713,-26.88228146814512],[-48.73891697582714,-26.882278084774317],[-48.73900401901356,-26.88220276945972],[-48.73899413786274,-26.88219358671384],[-48.73897401634497,-26.882193264594402],[-48.73894347484289,-26.88221082478358],[-48.73887304952395,-26.882209697327117]],[[-48.73902536427025,-26.88454272868527],[-48.73903780576149,-26.884549696285223],[-48.7390599489787,-26.88457486832101],[-48.73906327305276,-26.884660654857573],[-48.73909785780601,-26.884692794486437],[-48.73910809840632,-26.884683933866803],[-48.73910845764464,-26.88466589049736],[-48.739088874549076,-26.884638503313017],[-48.73908923378974,-26.884620459943704],[-48.739109894594534,-26.884593717019087],[-48.73911708049063,-26.884485537331706],[-48.739165813032876,-26.88443893852437],[-48.73917852394048,-26.884432373583675],[-48.73920587725988,-26.884448604440973],[-48.739228469518395,-26.88445122223745],[-48.739251151581264,-26.884449329187436],[-48.73928169367031,-26.884431768971492],[-48.73930181558879,-26.884432091071837],[-48.73934143083074,-26.88446431116658],[-48.73939128665624,-26.884487670608554],[-48.73941342994514,-26.884512842593224],[-48.73941554110144,-26.884533181649065],[-48.73938904170926,-26.884600441691635],[-48.739390703870605,-26.884643334963798],[-48.73941028704302,-26.884670722110855],[-48.73940992785256,-26.884688765484047],[-48.73932616143848,-26.884725779019185],[-48.739313360702546,-26.884736854814356],[-48.73931044134774,-26.884757113345007],[-48.739312552486595,-26.884777452400886],[-48.739324904220645,-26.88478893082099],[-48.73937008888174,-26.884794166380868],[-48.73937997027511,-26.88480334911336],[-48.739356479938905,-26.88484583976708],[-48.739318077688495,-26.884879067154344],[-48.739197345706344,-26.88487713449362],[-48.73916029052626,-26.884842699197993],[-48.73915696638403,-26.884756912660823],[-48.73911991125344,-26.88472247735726],[-48.739084518189316,-26.884730935313353],[-48.73904575665678,-26.88478220599298],[-48.7390333151406,-26.884775238392294],[-48.739011171893985,-26.884750066350932],[-48.73900650065679,-26.88473194244689],[-48.73895920497083,-26.88470636771589],[-48.73893706175381,-26.884681195664523],[-48.73893742101925,-26.884663152297207],[-48.73898112322568,-26.8846164730258],[-48.73897124188186,-26.884607290268182],[-48.73892605732284,-26.88460205458628],[-48.738911145499515,-26.884592791286167],[-48.73886676931937,-26.88454695801047],[-48.73887700992238,-26.884538097407738],[-48.73889713185406,-26.884538419566884],[-48.738951658829905,-26.884579903067305],[-48.73897178077002,-26.88458022521628],[-48.73902536427025,-26.88454272868527]],[[-48.73647273531539,-26.877415308235452],[-48.73640240297756,-26.877409668894664],[-48.736365350964356,-26.8773752330373],[-48.73636413929164,-26.877309785574656],[-48.73637738884702,-26.877276155809124],[-48.73645409954541,-26.877214213181585],[-48.73648145077481,-26.877230444448937],[-48.73650404151269,-26.877233062590154],[-48.73652672213503,-26.877231169888763],[-48.73653952221972,-26.87722009429952],[-48.73653988174993,-26.877202050943136],[-48.73652753108247,-26.877190572337213],[-48.73648234962315,-26.87718533605972],[-48.73643249756709,-26.877161975806114],[-48.736405685686606,-26.877118679498224],[-48.73634604305673,-26.877081625485417],[-48.73634227136977,-26.87701839313553],[-48.736297988904575,-26.876968048418597],[-48.73629834846922,-26.87695000506458],[-48.73634415904753,-26.876923665524117],[-48.73634451860414,-26.87690562216939],[-48.736300236178,-26.87685527745513],[-48.73630149464537,-26.876792125714726],[-48.73632215450669,-26.87676538312282],[-48.73632296351092,-26.876724785574346],[-48.7362987117722,-26.87667927413807],[-48.736253979989655,-26.876651483607592],[-48.73625433955635,-26.876633440253308],[-48.7363026201269,-26.876609396443],[-48.73632575006796,-26.876584949572116],[-48.736327008506436,-26.876521797828183],[-48.73628519633845,-26.876473748840247],[-48.73630868580807,-26.8764312586148],[-48.736354496165525,-26.876404919055943],[-48.736370215710494,-26.876373585003872],[-48.73639572581433,-26.87635594467899],[-48.73647158032407,-26.876463198774314],[-48.73651896197472,-26.87648426327689],[-48.73656998218501,-26.876448982568924],[-48.73658242266013,-26.876455950327735],[-48.736604563863395,-26.876481122642417],[-48.73660878508839,-26.876521800799033],[-48.73665306754033,-26.876572145419114],[-48.736651359900705,-26.87665785137592],[-48.736638559893805,-26.87666892698076],[-48.73654289760933,-26.876671906424313],[-48.73650705755153,-26.87670291808477],[-48.73651693804413,-26.876712100968838],[-48.73658726996257,-26.87671774022635],[-48.73659962058874,-26.876729218824902],[-48.73662387246125,-26.876774730217427],[-48.73662306356275,-26.876815327774064],[-48.736559063395795,-26.876870705764535],[-48.73648864150241,-26.8768695773264],[-48.73646129035481,-26.87685334606505],[-48.73642545021517,-26.876884357699073],[-48.736422530660576,-26.876904616171135],[-48.73642464124197,-26.87692495524951],[-48.73644889307769,-26.876970466669157],[-48.736493175614356,-26.87702081134296],[-48.73649281607954,-26.877038854699247],[-48.736474716215824,-26.877063382197623],[-48.736484596734755,-26.87707256508531],[-48.73652986803218,-26.877073290520194],[-48.736542668097584,-26.877062214929314],[-48.736548956582524,-26.876999143782434],[-48.736561756637265,-26.876988068189068],[-48.736581877199804,-26.876988390594445],[-48.736594227852706,-26.876999869194883],[-48.73659207073704,-26.877108129339685],[-48.736571410867555,-26.877134871969993],[-48.736568491328846,-26.877155130445633],[-48.736569253717555,-26.877243132111015],[-48.73658636490461,-26.877268223833102],[-48.736565794883596,-26.87729045562096],[-48.736517514060886,-26.87731449950451],[-48.73651715452538,-26.877332542860348],[-48.73655420657483,-26.877366978680065],[-48.7366245388998,-26.877372617944044],[-48.73665180031375,-26.877393360021284],[-48.73666159099616,-26.87740705373824],[-48.7366658122503,-26.877447731891678],[-48.73668292348694,-26.87747282360465],[-48.73667268340543,-26.87748168408553],[-48.73665000273332,-26.877483576807332],[-48.73662741194085,-26.877480958686235],[-48.73657288909308,-26.877439474516024],[-48.736502556731516,-26.877433835223933],[-48.73647273531539,-26.877415308235452]],[[-48.730610443228294,-26.87617061746226],[-48.73053966159266,-26.87618752937112],[-48.73051240166005,-26.876166786198347],[-48.73048559233078,-26.876123488916697],[-48.73026179880537,-26.876117637036828],[-48.73022429852766,-26.87610575380534],[-48.73017745914624,-26.87605762235247],[-48.73017369089785,-26.875994390046976],[-48.730154111387975,-26.875967001820896],[-48.73015124446113,-26.87585866131552],[-48.7301316649778,-26.875831273087652],[-48.73012955553634,-26.875810933984294],[-48.73013015003134,-26.875655270281314],[-48.73011780021189,-26.875643791163448],[-48.73009521001446,-26.87564117202869],[-48.729846267219834,-26.875634915407925],[-48.72981168782321,-26.875602773811362],[-48.72982192822049,-26.87559391384901],[-48.72984204844214,-26.875594237198456],[-48.729871868211546,-26.875612765494296],[-48.72989445839542,-26.87561538466413],[-48.72991713871979,-26.875613493011006],[-48.72992993920791,-26.875602418047816],[-48.729930750454656,-26.875561820672736],[-48.72988647150775,-26.87551147414889],[-48.72988818416379,-26.875425768580456],[-48.729951735795076,-26.875392947855453],[-48.72999709635344,-26.875389164521305],[-48.730007336716746,-26.87538030454314],[-48.72996799770664,-26.875334549696046],[-48.72997823806678,-26.875325689719762],[-48.73004829815398,-26.875344864621947],[-48.730104439827485,-26.875305156348368],[-48.730188201630256,-26.87526814799348],[-48.730188562138366,-26.87525010471161],[-48.73017145269541,-26.875225012315138],[-48.73019202349021,-26.875202781508207],[-48.73020729386046,-26.875194002336652],[-48.73027780453201,-26.875190623018877],[-48.73032855553004,-26.875168877108926],[-48.73038469702238,-26.875129168711336],[-48.73040481716963,-26.875129491975525],[-48.73041716696817,-26.875140971067342],[-48.730416806498056,-26.875159014352374],[-48.730370544840795,-26.875207906039034],[-48.730370184362236,-26.875225949323287],[-48.73040476382122,-26.875258090787334],[-48.730440604938316,-26.875227080746388],[-48.730446446029006,-26.875186564169194],[-48.730492257073465,-26.875160226562382],[-48.730492617531624,-26.87514218327642],[-48.730458128194556,-26.87510553101266],[-48.730431319105826,-26.87506223373175],[-48.73041119897012,-26.875061910472084],[-48.73038065829257,-26.875079468862005],[-48.73031023781086,-26.87507833741476],[-48.73028086870898,-26.87503725511011],[-48.730201109199044,-26.874999875404434],[-48.730236950280705,-26.874968865412544],[-48.730259630473675,-26.874966973695763],[-48.730282220543984,-26.874969592796244],[-48.730359419988446,-26.87500918745868],[-48.730385381209125,-26.874968994149988],[-48.73041089182597,-26.874951354941995],[-48.73048517077933,-26.87501120782705],[-48.730521011792845,-26.87498019775842],[-48.73052137224363,-26.874962154471632],[-48.730509022451876,-26.874950675389222],[-48.730459172735095,-26.874927313157844],[-48.73041399259986,-26.87492207501049],[-48.730401642823736,-26.87491059591958],[-48.73039953333783,-26.874890256815853],[-48.73040335504683,-26.874824890313185],[-48.730451635901474,-26.874800848527933],[-48.73050036730023,-26.87475425261602],[-48.7305020794373,-26.874668547001843],[-48.73048250004835,-26.87464115882598],[-48.730482860499976,-26.874623115538803],[-48.73049566081768,-26.87461204051242],[-48.73054093094698,-26.874612767804358],[-48.730553280708094,-26.874624246882387],[-48.73055292026763,-26.87464229017042],[-48.73053225953845,-26.874669031864315],[-48.73052416572578,-26.874822318997364],[-48.73050350495408,-26.874849060683953],[-48.730503144502215,-26.874867103970796],[-48.7305474235087,-26.87491745030682],[-48.73057167254324,-26.874962962573456],[-48.73057131210043,-26.874981005860853],[-48.73056098170521,-26.874994376707225],[-48.73050200992488,-26.875049832653293],[-48.730516649459865,-26.87507262919662],[-48.73050110878615,-26.875094940868983],[-48.73053523768379,-26.87514963640949],[-48.73058041791741,-26.875154874523925],[-48.73059029777326,-26.875164057786165],[-48.73056972705953,-26.875186288656597],[-48.73052400613361,-26.875208115467384],[-48.73055813507249,-26.875262811004376],[-48.7306536157902,-26.87526885719541],[-48.73069322539243,-26.87530107940169],[-48.73073804527531,-26.875324360758324],[-48.73071994452796,-26.87534888746342],[-48.73071868303795,-26.875412038972193],[-48.730760492365135,-26.875460089443347],[-48.73074495167827,-26.87548240114109],[-48.730752271494936,-26.875493799402964],[-48.73080899082698,-26.875551113919027],[-48.73076528923781,-26.875597790723372],[-48.730764478287895,-26.875638388121793],[-48.73077435819868,-26.875647571374156],[-48.73080031944204,-26.87560737799243],[-48.73082839023226,-26.875587523705708],[-48.730873660760565,-26.8755882509154],[-48.730910710454374,-26.87562268808125],[-48.73090854805363,-26.87573094782035],[-48.73089574763859,-26.875742022877173],[-48.73087562737606,-26.87574169967609],[-48.730848277375046,-26.875725467392115],[-48.73083803703938,-26.875734327433058],[-48.730831295007825,-26.87581995225198],[-48.730813194192315,-26.87584447896375],[-48.730855454221604,-26.87586997530591],[-48.73087970355742,-26.875915487534495],[-48.730879343148665,-26.875933530823332],[-48.7308435019046,-26.875964540966358],[-48.73080681254936,-26.875912060490723],[-48.730791902541995,-26.87590279643539],[-48.73074663189099,-26.875902069191664],[-48.73070777998724,-26.87595784841503],[-48.730700587282534,-26.876066027326072],[-48.73060658462524,-26.87611189597513],[-48.730626254384504,-26.876134773325063],[-48.73067610465112,-26.8761581355292],[-48.73069824441944,-26.876183308685544],[-48.73069698287186,-26.876246460185904],[-48.73068674247508,-26.876255320211573],[-48.730676862522806,-26.87624613695093],[-48.73067264343992,-26.876205458749443],[-48.73066029350639,-26.876193979672664],[-48.730610443228294,-26.87617061746226]],[[-48.729718162691285,-26.86945556002509],[-48.72978866978117,-26.869452180726146],[-48.72980416467001,-26.8694321244876],[-48.72984399740088,-26.869453069755963],[-48.72991432425982,-26.86945871204048],[-48.72996628091889,-26.869502413436404],[-48.730000317965796,-26.86956161984784],[-48.729997704700544,-26.869692433728392],[-48.72989979556114,-26.869808179609315],[-48.7298930535264,-26.869893804427225],[-48.7298723936008,-26.869920546085627],[-48.72986655272479,-26.869961062671027],[-48.729793792261326,-26.870077212553348],[-48.729787500730424,-26.87014028324483],[-48.729740790406694,-26.87021172898013],[-48.7297371939941,-26.870265818434373],[-48.7297142894282,-26.870278987182218],[-48.72968823905406,-26.870323691266574],[-48.72968239808097,-26.870364207836804],[-48.729661738013895,-26.87039094945421],[-48.729655446379105,-26.870454020131525],[-48.72963478628801,-26.870480761743273],[-48.729626692007855,-26.870634048851194],[-48.7295799813597,-26.870705494509583],[-48.72957414031803,-26.870746011069645],[-48.72955348015022,-26.87077275266392],[-48.72954763909383,-26.870813269221728],[-48.7295269789066,-26.87084001081076],[-48.729521137835526,-26.87088052736628],[-48.72947487770276,-26.870929418871974],[-48.72946903660616,-26.870969935423435],[-48.729422776412854,-26.87101882690779],[-48.729399285733344,-26.87106131592592],[-48.72941639444273,-26.87108640837946],[-48.729416033876966,-26.871104451662287],[-48.72940579388262,-26.871113311623812],[-48.7293809150333,-26.87109937495929],[-48.7293706750369,-26.871108234918147],[-48.72937031446354,-26.871126278200336],[-48.729389893032206,-26.871153666488087],[-48.729389532461184,-26.8711717097704],[-48.729353151578174,-26.871229784545854],[-48.72931722138679,-26.871265305207746],[-48.729311380207804,-26.871305821746272],[-48.72926557054446,-26.8713321590636],[-48.72924994005602,-26.87135898144582],[-48.729240060623,-26.87134979811283],[-48.72923584210323,-26.871309119886185],[-48.72922349281876,-26.87129764071897],[-48.729203373366275,-26.871297317329134],[-48.729172833580506,-26.87131487551824],[-48.72915015411742,-26.871316767105988],[-48.7291275648076,-26.871314147870407],[-48.7291152155343,-26.87130266869438],[-48.72911557615091,-26.871284625415843],[-48.7291613858252,-26.871258288148017],[-48.72917218537037,-26.87096967652237],[-48.729192845663086,-26.870942934992453],[-48.7291986868552,-26.870902418458403],[-48.729219347128506,-26.870875676923212],[-48.72922518830592,-26.8708351603869],[-48.729245848559806,-26.870808418846448],[-48.72925214045571,-26.870745348205833],[-48.72927549589552,-26.87070962544052],[-48.72941134658125,-26.870709552742703],[-48.729450197096675,-26.870653773765174],[-48.72945055765,-26.870635730480775],[-48.7294309791456,-26.870608342204275],[-48.72943179039535,-26.870567744814608],[-48.72947805038605,-26.87051885331262],[-48.7295041008907,-26.870474149276227],[-48.72950994193557,-26.87043363271831],[-48.729556652500776,-26.870362187076307],[-48.72956294418104,-26.870299116405775],[-48.72958360425183,-26.87027237480289],[-48.72958944525259,-26.870231858238196],[-48.72961010530397,-26.870205116630046],[-48.72961594629002,-26.870164600063077],[-48.729662206028316,-26.87011570848289],[-48.72966939889857,-26.870007529579336],[-48.72972149947512,-26.869918121399362],[-48.72976775906196,-26.86986922977384],[-48.72977359996561,-26.869828713193975],[-48.72979425989496,-26.86980197155013],[-48.72980100199297,-26.86971634674025],[-48.72982166189366,-26.86968960509032],[-48.72982247297168,-26.86964900768434],[-48.729810123791346,-26.869637528573584],[-48.7297649457882,-26.869632290348985],[-48.72971042920031,-26.869590803879614],[-48.72964010227813,-26.86958516148914],[-48.72959025503368,-26.869561799093795],[-48.729575571251814,-26.86954125790543],[-48.72961329465257,-26.869541864123196],[-48.729651243369645,-26.869531193274796],[-48.7296896427024,-26.869497968302888],[-48.729718162691285,-26.86945556002509]],[[-48.72954040781074,-26.869538436682078],[-48.72951058961886,-26.869519908405184],[-48.72949047047696,-26.869519585075924],[-48.729462491190205,-26.869534928370012],[-48.72945005192624,-26.86952796005245],[-48.729427913632534,-26.869502786777442],[-48.729413455226265,-26.86947096852002],[-48.72938619703322,-26.869450225225865],[-48.72926557241232,-26.869443774284523],[-48.72921105610707,-26.869402287638465],[-48.72911558045158,-26.86939624078187],[-48.72910323137304,-26.869384761615105],[-48.72910359196163,-26.869366718331822],[-48.72911392195633,-26.86935334756091],[-48.729190270045656,-26.869309452013752],[-48.72922665031665,-26.86925137723232],[-48.72923384348104,-26.869143198361392],[-48.72924408329814,-26.86913433839972],[-48.72926896171706,-26.86914827506382],[-48.729322540453516,-26.869110781884846],[-48.72936789849083,-26.8691069985934],[-48.729380698245485,-26.869095923627913],[-48.72938150946014,-26.86905532623096],[-48.72936193121587,-26.869027937957433],[-48.72936229175783,-26.869009894669986],[-48.7294105702362,-26.86898585308108],[-48.72943369989203,-26.868961407310817],[-48.72943909018132,-26.868943444855308],[-48.72948233885727,-26.868919322405926],[-48.729465230421795,-26.868894229972888],[-48.729461913151525,-26.86880844351772],[-48.729424865989046,-26.868774006108318],[-48.72937968835377,-26.86876876778256],[-48.72936980911855,-26.868759584469043],[-48.729387908982375,-26.868735057868342],[-48.729391505455204,-26.868680968419618],[-48.72950211485171,-26.86868500213271],[-48.72953193283345,-26.868703530399547],[-48.729577110453846,-26.868708768675443],[-48.72958698970286,-26.868717951975285],[-48.7295714498218,-26.868740263606952],[-48.72958132907285,-26.868749446907294],[-48.72960391789319,-26.868752066039743],[-48.72970204311925,-26.8687513867111],[-48.72975562152804,-26.868713893345063],[-48.72976550079289,-26.86872307663334],[-48.72976468972699,-26.868763674043024],[-48.72974402999904,-26.868790415697582],[-48.72973818916727,-26.868830932284418],[-48.72972538947685,-26.868842007286776],[-48.7296801216712,-26.86884127987764],[-48.72962807528904,-26.868802089221372],[-48.72961783553171,-26.86881094921503],[-48.7296115440288,-26.868874019907352],[-48.729568295395225,-26.86889814239927],[-48.729650249986314,-26.86895135050238],[-48.72967822910065,-26.868936007159295],[-48.72970090808295,-26.868934115455666],[-48.72972349694394,-26.86893673457141],[-48.72973584604426,-26.86894821368547],[-48.72973660357506,-26.86903621514615],[-48.72972335325325,-26.869069844261432],[-48.72964664501741,-26.86913178341206],[-48.729619296729176,-26.86911555098704],[-48.729596707836635,-26.869112931852612],[-48.729473433465834,-26.869113206929818],[-48.72940741555272,-26.869143731850276],[-48.72938428585136,-26.86916817761296],[-48.72938392531041,-26.86918622090026],[-48.729430761727585,-26.86923435246034],[-48.72944567077943,-26.8692436166055],[-48.72949084860661,-26.86924885492188],[-48.72955012434138,-26.869303954759353],[-48.72951684494886,-26.869332749704874],[-48.729467268237215,-26.8692958548078],[-48.72945702842071,-26.86930471478563],[-48.72945410793435,-26.869324973067794],[-48.72945531589288,-26.869390420402585],[-48.72946510505348,-26.869404114535165],[-48.7295170615034,-26.869447816084314],[-48.72958738833013,-26.86945345853047],[-48.729599737467865,-26.86946493765831],[-48.72959937695648,-26.869482980947577],[-48.729578717047374,-26.86950972256477],[-48.729575571251814,-26.86954125790543],[-48.72954040781074,-26.869538436682078]],[[-48.728994261185726,-26.872067810019644],[-48.72898146103844,-26.872078884922402],[-48.72896134145106,-26.87207856148943],[-48.72893152272853,-26.872060033060386],[-48.7289114031452,-26.87205970962051],[-48.72889860299138,-26.87207078451531],[-48.72889824232808,-26.872088827789135],[-48.72891782092559,-26.87211621614218],[-48.72891993013159,-26.872136555255494],[-48.72891700943796,-26.872156813508468],[-48.728896348840195,-26.87218355497581],[-48.72889005660575,-26.872246625571314],[-48.728844246458706,-26.87227296271868],[-48.72882605568964,-26.872302000013644],[-48.72879304570155,-26.872317262256587],[-48.728792234162306,-26.872357859618184],[-48.72881181277441,-26.872385247986298],[-48.72881100123947,-26.872425845348044],[-48.7287391397009,-26.872496886305175],[-48.72873329821978,-26.87253740279633],[-48.7286722178125,-26.872572518907177],[-48.72866188744579,-26.872585889618474],[-48.728656045930286,-26.872626406103954],[-48.72861023557477,-26.872652743161048],[-48.728586744215896,-26.872695231994584],[-48.728606413007945,-26.87271810957339],[-48.728651231432735,-26.8727413915095],[-48.72860551120787,-26.872763217744545],[-48.72858238054587,-26.87278766330712],[-48.728576538986246,-26.87282817978581],[-48.728555878177644,-26.872854921188257],[-48.72855295739113,-26.872875179426558],[-48.72855506653482,-26.872895518540094],[-48.72857217529435,-26.87292061109558],[-48.72852263234374,-26.873007803702986],[-48.72850983204064,-26.873018878552063],[-48.72846447242331,-26.873022661465843],[-48.728454232175395,-26.87303152134061],[-48.728493569816905,-26.873077276534822],[-48.72845772893116,-26.873108286099313],[-48.728412459466576,-26.873107558177693],[-48.72838511046023,-26.8730913254729],[-48.72837240032531,-26.87309788949179],[-48.728323668874665,-26.873144484668956],[-48.72831737622909,-26.87320755520769],[-48.72830457588338,-26.873218630035186],[-48.728284456103744,-26.873218306493225],[-48.72822270925689,-26.873160910210856],[-48.72821939305499,-26.873075123825366],[-48.72818481487318,-26.873042981897505],[-48.72817210473372,-26.873049545898017],[-48.72812337322857,-26.873096141002463],[-48.728116178465754,-26.873204319678823],[-48.728095517478614,-26.873231061001462],[-48.72808967571162,-26.8732715774453],[-48.728069014705056,-26.87329831876268],[-48.728068202872805,-26.873338916098216],[-48.72810278110294,-26.873371058056993],[-48.72813076153826,-26.873355715111057],[-48.72817859116781,-26.873354228166413],[-48.72820118084608,-26.873356847577305],[-48.728265938835364,-26.873389474831253],[-48.72828807754772,-26.873414648307186],[-48.72830253604545,-26.873446466675244],[-48.72833702418321,-26.873483119398205],[-48.72834124239876,-26.873523797625015],[-48.72835359181256,-26.873535276875685],[-48.72837371164926,-26.873535600411316],[-48.728424462193914,-26.873513855157682],[-48.72843726256432,-26.873502780321093],[-48.72843762332284,-26.873484737056682],[-48.72842051451905,-26.87345964448325],[-48.72843075481064,-26.87345078461402],[-48.728450874633474,-26.873451108137743],[-48.728477682605025,-26.873494405732504],[-48.7285343997972,-26.873551721042567],[-48.72851885898251,-26.873574032489724],[-48.72852617845858,-26.87358543084808],[-48.72858837660429,-26.873620272936236],[-48.72861051543311,-26.87364544636816],[-48.72860970378205,-26.873686043717],[-48.72858904280898,-26.873712785111998],[-48.7285861219943,-26.873733043347695],[-48.72858778022433,-26.87377593654187],[-48.72860735900274,-26.873803324945527],[-48.72860699826617,-26.87382136821126],[-48.72858633726537,-26.87384810960382],[-48.72858552559858,-26.8738887069508],[-48.728607664474424,-26.873913880385548],[-48.728652483352406,-26.873937162347303],[-48.728618751377276,-26.873988511046026],[-48.728591402135926,-26.873972278367862],[-48.728568812322415,-26.873969659011387],[-48.728520982427746,-26.873971146072126],[-48.728508182008525,-26.87398222091282],[-48.72850143843563,-26.87406784553616],[-48.728480777361774,-26.874094586908004],[-48.72848041660059,-26.874112630171417],[-48.72849999540363,-26.874140018590786],[-48.72850421368396,-26.87418069681446],[-48.72855150254,-26.8742062746611],[-48.72857117156254,-26.874229152256333],[-48.72850972940033,-26.874282311492262],[-48.728489609429545,-26.874281987967695],[-48.72845979024116,-26.874263459412774],[-48.728439670274405,-26.87426313588132],[-48.7284268698127,-26.87427421071165],[-48.72842102808011,-26.874314727167754],[-48.72840036693876,-26.874341468522953],[-48.72839452519147,-26.8743819849768],[-48.72834871404168,-26.874408321894645],[-48.72834287227081,-26.874448838344623],[-48.728332631876754,-26.874457698200235],[-48.72832275227289,-26.874448514794473],[-48.728324015041494,-26.874385363382228],[-48.728344676208756,-26.874358622039992],[-48.728350517971826,-26.874318105589147],[-48.7283963290832,-26.874291768668073],[-48.728399249953604,-26.874271510440803],[-48.72839714083172,-26.874251171328748],[-48.72838479134102,-26.874239692077776],[-48.72833494242076,-26.874216329141166],[-48.728299552100964,-26.87422478455946],[-48.72820994876022,-26.874302308251103],[-48.72818344575309,-26.87436956601294],[-48.728107093761366,-26.87441346074827],[-48.72809676314688,-26.874426831400296],[-48.72809047024927,-26.874489901906003],[-48.72804465899115,-26.874516238717625],[-48.72801860688101,-26.874560942366752],[-48.72801276498128,-26.87460145879436],[-48.727913947148764,-26.874762310967967],[-48.727907654117054,-26.874825381455178],[-48.727886992758314,-26.874852122720007],[-48.72788069970285,-26.874915193204046],[-48.727836546149504,-26.87498442311179],[-48.72785365502214,-26.87500951575734],[-48.727852391958116,-26.87507266714334],[-48.72781646001683,-26.875108187299496],[-48.727790497887824,-26.87514838007585],[-48.72776314851098,-26.875132147229554],[-48.72774302840022,-26.87513182358927],[-48.72771504746197,-26.875147166424004],[-48.72768769809734,-26.875130933563774],[-48.727665108087514,-26.87512831404989],[-48.7275267823469,-26.875126088869585],[-48.72755013931624,-26.87509036650092],[-48.727553060367974,-26.875070108304058],[-48.727550951395024,-26.875049769190056],[-48.72750622258143,-26.875021976056303],[-48.727507034673486,-26.8749813787463],[-48.727527696143305,-26.87495463754463],[-48.72752805706887,-26.87493659429534],[-48.72751094828102,-26.874911501615294],[-48.72752904961241,-26.874886975359484],[-48.72753219623703,-26.874855440131434],[-48.72755510199312,-26.874842271819432],[-48.727560944073815,-26.874801755423082],[-48.72758160549555,-26.874775014210055],[-48.72758744756153,-26.874734497811442],[-48.72768626581153,-26.87457364589338],[-48.72769210782451,-26.87453312948638],[-48.727712769163,-26.874506388248182],[-48.727718611161286,-26.874465871838925],[-48.72774466336049,-26.87442116825067],[-48.72779047464051,-26.874394831538034],[-48.72783215807571,-26.87432330576741],[-48.727857037389114,-26.874337242731475],[-48.727882548213486,-26.87431960399473],[-48.72791893093279,-26.874261529731193],[-48.727920193915544,-26.874198378335027],[-48.72790061524969,-26.8741709898436],[-48.727900976103825,-26.874152946587614],[-48.72792163731932,-26.874126205310095],[-48.72792793027417,-26.87406313481357],[-48.727948591465626,-26.874036393530364],[-48.72795578650218,-26.873928214887627],[-48.728002048573046,-26.873879324016777],[-48.72801014561321,-26.873726037219267],[-48.728056407572865,-26.873677146322628],[-48.728059328479,-26.873656888103593],[-48.72805812147292,-26.873591440841],[-48.72804577208536,-26.873579961566044],[-48.72801083298626,-26.8735658628501],[-48.7279614354817,-26.873519945729875],[-48.727926496412586,-26.873505846994746],[-48.727887339299606,-26.873451070021307],[-48.72787242986211,-26.87344180568989],[-48.72780210073238,-26.873436162242406],[-48.727742823902666,-26.873381061618375],[-48.727753064235735,-26.873372201801086],[-48.727798423999474,-26.873368419126336],[-48.72782896455176,-26.87335086128735],[-48.728002542912854,-26.8733513969072],[-48.72802522278975,-26.873349505531063],[-48.72803802317649,-26.873338430731735],[-48.728044315989216,-26.87327536021673],[-48.728064976996706,-26.873248618903006],[-48.72807081877062,-26.87320810246056],[-48.7280889196863,-26.873183576102814],[-48.72805003320111,-26.8731152667288],[-48.72809368970481,-26.873070846167714],[-48.72809917064935,-26.873048372983245],[-48.72812248186728,-26.873014905879714],[-48.728145387174344,-26.873001737441125],[-48.728151228900224,-26.872961220991424],[-48.728197490465334,-26.872912330020295],[-48.728203332165684,-26.872871813566512],[-48.72822938376615,-26.872827109844522],[-48.728267784674834,-26.87279388536986],[-48.728363443463046,-26.87279091134126],[-48.72839151390672,-26.872771057514868],[-48.728420035277686,-26.872728649599576],[-48.72844024515908,-26.872724462300198],[-48.72846831557319,-26.872704608456466],[-48.72847864597348,-26.87269123776165],[-48.728484487556855,-26.872650721288057],[-48.728583302540414,-26.87248986850444],[-48.7285891440708,-26.87244935202244],[-48.728609804790665,-26.872422610608584],[-48.72861564630636,-26.872382094124326],[-48.728712206499196,-26.872334011660556],[-48.72871804797163,-26.872293495169018],[-48.72876475987131,-26.87222204988575],[-48.72877150302816,-26.87213642520986],[-48.728817763978206,-26.872087533992293],[-48.72882405623683,-26.872024463400685],[-48.728872336146466,-26.872000422093006],[-48.72889546657611,-26.871975976466405],[-48.728901758780815,-26.871912905867298],[-48.72891455891534,-26.871901830970852],[-48.728934678470786,-26.871902154408513],[-48.72894702778505,-26.871913633602396],[-48.72894621631497,-26.871954230970662],[-48.72892811579265,-26.871978757466216],[-48.72897037398331,-26.87200425426856],[-48.72899462183346,-26.872049766744574],[-48.728994261185726,-26.872067810019644]],[[-48.734565275886474,-26.874282540006288],[-48.73461108569841,-26.874256200976834],[-48.73461670388126,-26.874100617500517],[-48.73461459363898,-26.87408027841118],[-48.73458010318841,-26.87404362708624],[-48.73454606250575,-26.873984421579504],[-48.73454229179366,-26.873921189225232],[-48.734522711501114,-26.873893801554022],[-48.73452307129976,-26.87387575821437],[-48.734569330687165,-26.873826865012095],[-48.73457283862724,-26.873650942440864],[-48.73452855818724,-26.873600597278223],[-48.734524787481014,-26.87353736492175],[-48.734480057354624,-26.873509573922536],[-48.73447538717547,-26.873491449916237],[-48.734431106837775,-26.873441104728585],[-48.73440685648175,-26.87339559303926],[-48.734405420940725,-26.873341421784325],[-48.73441794988818,-26.87334387885599],[-48.73444480517717,-26.87338492004189],[-48.73446483512233,-26.873389753543826],[-48.73449209520941,-26.873410495964293],[-48.73451890556612,-26.873453792555996],[-48.73456408541416,-26.873459029365765],[-48.73457396547714,-26.87346821236216],[-48.734558425810235,-26.873490524549652],[-48.73457553603282,-26.873515616464505],[-48.73457930676764,-26.87357884882152],[-48.73459165686032,-26.873590327566347],[-48.7346142468132,-26.87359294596313],[-48.73468722654793,-26.873591860120072],[-48.73470002636108,-26.87358078467792],[-48.734706094019586,-26.873402646995665],[-48.73470901373898,-26.873382388563407],[-48.734721813524956,-26.873371313117367],[-48.73477256295583,-26.873349565500096],[-48.734795242804445,-26.873347673029155],[-48.73481783271671,-26.873350291390707],[-48.734845182799546,-26.873366522910302],[-48.734873162426766,-26.873351178570676],[-48.73496873193196,-26.87335271092148],[-48.73500578227512,-26.873387147054704],[-48.73500542256069,-26.873405190401645],[-48.73498229305334,-26.873429637089096],[-48.73494690334845,-26.87343809422126],[-48.73491753287144,-26.87339701279388],[-48.73484711321036,-26.873395883672323],[-48.73478311429749,-26.873451260948784],[-48.73478230485781,-26.873491858472715],[-48.73479218494225,-26.873501041455096],[-48.73485609394623,-26.873450175012586],[-48.73489148365996,-26.87344171790386],[-48.7349038337725,-26.87345319662262],[-48.73490347404086,-26.87347123996813],[-48.73488281452147,-26.873497982380517],[-48.734882454785804,-26.87351602572564],[-48.73490203511096,-26.873543413349648],[-48.73490580602803,-26.873606645709188],[-48.73491568613241,-26.87361582868405],[-48.734941195788714,-26.873598188591],[-48.73496724502205,-26.873553483473763],[-48.73499275465631,-26.873535843369883],[-48.735089985020274,-26.873580268922357],[-48.73511679564889,-26.873623565416345],[-48.7351512861659,-26.87366021661503],[-48.735150476850386,-26.873700814148133],[-48.73510466738409,-26.873727153376407],[-48.735097928792044,-26.873812778630793],[-48.735051669625015,-26.873861672021004],[-48.73504583026812,-26.873902188903124],[-48.7350251706943,-26.87392893133201],[-48.735019331322704,-26.873969448211852],[-48.73500653149166,-26.873980523681603],[-48.73496117154123,-26.87398430867196],[-48.73494837170315,-26.87399538413595],[-48.734948011970154,-26.874013427480644],[-48.73499274241156,-26.87404121834934],[-48.73499651337426,-26.87410445070657],[-48.73505615403073,-26.87414150517836],[-48.735079955147945,-26.874209570960343],[-48.73510721554185,-26.87423031327917],[-48.735152395737956,-26.87423554992119],[-48.7351622759144,-26.87424473288271],[-48.73515203603362,-26.874253593267813],[-48.73505637582891,-26.874256571829942],[-48.735043575966664,-26.874267647300837],[-48.73504321624455,-26.874285690646012],[-48.735060326685016,-26.874310782513707],[-48.734993587476346,-26.87437739661952],[-48.735003467650536,-26.87438657959195],[-48.735048647900896,-26.874391816270663],[-48.73507846830533,-26.874410343502987],[-48.735123648570394,-26.87441558015849],[-48.73513855878107,-26.874424843768008],[-48.735160699285466,-26.874450016270956],[-48.73516491997086,-26.87449069444438],[-48.73518203046675,-26.87451578630028],[-48.735146190790694,-26.874546797643276],[-48.73510092054299,-26.874546071828064],[-48.7350711001006,-26.87452754459834],[-48.73505097999475,-26.874527222005113],[-48.73498999014356,-26.874557830059963],[-48.734999870332,-26.8745670130334],[-48.73502246049196,-26.874569631377277],[-48.73517080136964,-26.874574265886782],[-48.735233002301136,-26.874609105204613],[-48.73525725322073,-26.874654616781815],[-48.73525644390827,-26.87469521431219],[-48.73524364401134,-26.874706289798706],[-48.735198283771,-26.874710074847222],[-48.73518548386703,-26.874721150327996],[-48.735185124160374,-26.87473919367379],[-48.73519491445395,-26.87475288747179],[-48.73524687556107,-26.874796587173524],[-48.73526699571733,-26.874796909741864],[-48.735297985253844,-26.87475679605806],[-48.73531810540376,-26.87475711861867],[-48.73534792594793,-26.874775645801957],[-48.735393106376215,-26.874780882380847],[-48.735402986617466,-26.87479006532907],[-48.73535726666431,-26.874811893774748],[-48.735318866951296,-26.874845120256605],[-48.73530853710179,-26.874858491486496],[-48.73530817741254,-26.874876534833486],[-48.73532052771484,-26.874888013526053],[-48.735516699420586,-26.874891158352835],[-48.73555253911879,-26.874860146917605],[-48.73554521883663,-26.874848748876087],[-48.73548346724861,-26.874791355496022],[-48.73543361643854,-26.87476799496108],[-48.73541147581378,-26.87474282249428],[-48.735406805448136,-26.874724698509205],[-48.73536207463888,-26.87469690775095],[-48.73535830347783,-26.87463367539439],[-48.73533872287012,-26.87460628781889],[-48.73533450212097,-26.874565609647096],[-48.73531492152971,-26.874538222069148],[-48.73531573081579,-26.874497624536215],[-48.735325970708224,-26.874488764140104],[-48.735352871537124,-26.874527549766135],[-48.735402722226624,-26.874550910322686],[-48.73542284234156,-26.874551232866096],[-48.73545082220409,-26.87453588842775],[-48.73546326240232,-26.874542856269503],[-48.73548293294589,-26.874565732991666],[-48.73543968315702,-26.874589857206697],[-48.73543932349277,-26.874607900555997],[-48.73545890412609,-26.87463528811909],[-48.73546267534336,-26.874698520476453],[-48.73550906701705,-26.874769204476664],[-48.735521507243696,-26.8747761723149],[-48.735546927176756,-26.874763042963046],[-48.735571717724,-26.874781489469672],[-48.73557903800512,-26.874792887509845],[-48.73556349832551,-26.874815199805138],[-48.73560530961516,-26.874863248959837],[-48.73560450041972,-26.8749038464988],[-48.735591700529184,-26.874914922017243],[-48.73556902036874,-26.87491681459697],[-48.73524206844605,-26.874911574102622],[-48.735219478210844,-26.874908955789405],[-48.73519212771442,-26.874892724318965],[-48.73513854786495,-26.874930219647833],[-48.73511842768688,-26.874929897059747],[-48.73505366663876,-26.874897272777286],[-48.735031526079915,-26.874872100255022],[-48.73503233547889,-26.874831502732],[-48.73505299523193,-26.87480476031538],[-48.73505335496058,-26.874786716971418],[-48.73504100469734,-26.874775238257694],[-48.73501841449615,-26.874772619914257],[-48.73497058417635,-26.87477410914427],[-48.734914444331174,-26.874813819479208],[-48.7347936334677,-26.874816394559254],[-48.73476309346306,-26.87483395394457],[-48.73471530809361,-26.87483318766877],[-48.73468800266767,-26.874814700688717],[-48.73464282227616,-26.874809463885352],[-48.73463047205493,-26.874797985138205],[-48.73462625155944,-26.874757306961712],[-48.73460411112546,-26.874732134379606],[-48.73459167096603,-26.87472516646432],[-48.734566250944724,-26.87473829563783],[-48.734556370779906,-26.874729112635517],[-48.73455304982698,-26.874643326113155],[-48.73454069963221,-26.874631847359602],[-48.73449551932328,-26.874626610513957],[-48.73448316913641,-26.87461513175582],[-48.73447894869574,-26.874574453577694],[-48.73446183835406,-26.874549361645947],[-48.73450553807531,-26.874502683570164],[-48.73451182743244,-26.874439612555],[-48.73455808707308,-26.87439071937471],[-48.734565275886474,-26.874282540006288]],[[-48.73437250394345,-26.87322583079723],[-48.73434515396765,-26.87320959919211],[-48.734296964492785,-26.873229131573588],[-48.73424082523898,-26.873268841681732],[-48.73417040569032,-26.87326771222798],[-48.734140585734636,-26.87324918482917],[-48.73412046586805,-26.87324886211762],[-48.73409248617703,-26.87326420630348],[-48.734080046206344,-26.873257238353823],[-48.73405790616679,-26.87323206570705],[-48.73405368589226,-26.87319138752165],[-48.73400639605765,-26.873165811463572],[-48.73396934610508,-26.873131375090594],[-48.733945545843994,-26.873063309167723],[-48.73387144606272,-26.87299443638692],[-48.733847196020015,-26.87294892461885],[-48.73382240615353,-26.87293047784761],[-48.73373581725435,-26.872983236122852],[-48.73373109782281,-26.873093711185295],[-48.733728177941934,-26.873113969587624],[-48.73371537809703,-26.873125044939684],[-48.73356694930239,-26.87312491985473],[-48.73354435947902,-26.87312230129754],[-48.73353200954659,-26.873110822470238],[-48.73353281941949,-26.873070224979312],[-48.73355347915578,-26.873043482778073],[-48.733559318972404,-26.87300296598379],[-48.73357997868929,-26.87297622377728],[-48.7335828985909,-26.872955965379088],[-48.73358604799522,-26.872798086237285],[-48.7335839379448,-26.872777747142198],[-48.733566828049234,-26.872752655125478],[-48.7335849277523,-26.872728127982473],[-48.733587847643214,-26.87270786958309],[-48.73358573759289,-26.87268753048788],[-48.733566157731005,-26.872660142707392],[-48.7335665176623,-26.872642099376563],[-48.73358461734593,-26.872617572232144],[-48.73356472255574,-26.872605972366625],[-48.733568317313654,-26.87255188272159],[-48.73359436679565,-26.87250717787044],[-48.73364062595569,-26.872458284953883],[-48.73364646569511,-26.87241776814907],[-48.7336927247946,-26.87236887521119],[-48.733699914150904,-26.87226069590198],[-48.73371271389319,-26.87224962054406],[-48.73380828239538,-26.872251153621583],[-48.73387304159091,-26.872283778369603],[-48.733912651201976,-26.87231599967704],[-48.73395792052425,-26.87231672581732],[-48.733988459932355,-26.872299166565792],[-48.734011139573006,-26.87229727420823],[-48.7340337292503,-26.872299892681383],[-48.73406354894952,-26.872318420088337],[-48.73408366865063,-26.872318742797674],[-48.73409646836518,-26.872307667403124],[-48.73410320753098,-26.872222042221487],[-48.73411600723213,-26.87221096682419],[-48.73418642612349,-26.872212096264104],[-48.734216245828215,-26.872230623639123],[-48.73431428433319,-26.87223445212715],[-48.73433696395948,-26.87223255971608],[-48.73436750329169,-26.872215000377278],[-48.7345386105849,-26.872213232102048],[-48.73455410509021,-26.872193175320355],[-48.73461450911831,-26.87219188780802],[-48.73466808776254,-26.872154392594506],[-48.73469543754694,-26.87217062412625],[-48.73484121533152,-26.87217747387726],[-48.73486856514859,-26.87219370537732],[-48.73489654447161,-26.87217836101239],[-48.73491666415956,-26.87217868360162],[-48.73494648398711,-26.8721972108294],[-48.734994223293896,-26.872200232376482],[-48.73501690291051,-26.872198339855014],[-48.7350730413584,-26.872158629382493],[-48.735244148622236,-26.872156860246076],[-48.735300286976056,-26.872117149676704],[-48.73537079577626,-26.872113767684258],[-48.735401334932625,-26.87209620810952],[-48.735424014526615,-26.872094315520904],[-48.735496903417726,-26.87209774003725],[-48.73552672332929,-26.87211626714724],[-48.73557190272152,-26.872121503604934],[-48.73560172265249,-26.872140030700184],[-48.735812934478886,-26.872145672106015],[-48.73582842875984,-26.872125615169598],[-48.73600200605307,-26.87212614083816],[-48.736024685650584,-26.872124248152787],[-48.736055224719784,-26.872106688430453],[-48.736075344411205,-26.872107010853952],[-48.736105164429,-26.87212553784781],[-48.73612775414683,-26.872128155986818],[-48.736203652389925,-26.872106810815893],[-48.736452678553896,-26.872108544922938],[-48.736462918134016,-26.87209968442253],[-48.7364231280797,-26.872076485473166],[-48.73643336765886,-26.872067624974818],[-48.736456047242825,-26.872065732218964],[-48.73647863696133,-26.8720683503016],[-48.736555836937086,-26.872107941602103],[-48.73660941495581,-26.87207044560872],[-48.736629534648536,-26.87207076795294],[-48.73665890546704,-26.872111849048554],[-48.73672932442113,-26.872112977217757],[-48.73675986339005,-26.872095417335924],[-48.73677998308929,-26.872095739659],[-48.73681707856425,-26.8721279199096],[-48.73681936889815,-26.872139237307184],[-48.73687977294733,-26.87213794882219],[-48.73691031190253,-26.872120388906833],[-48.73695814112733,-26.87211889894745],[-48.736980730874166,-26.87212151695112],[-48.73701055105821,-26.872140043763174],[-48.73710602984634,-26.872146085449256],[-48.73713585005905,-26.87216461223648],[-48.73715843982119,-26.87216723021253],[-48.73723141871651,-26.872166142995045],[-48.73725939774958,-26.872150798141323],[-48.73726927793964,-26.87215998095716],[-48.73727026572544,-26.87223670559665],[-48.73726712191821,-26.872268241226696],[-48.73724902305491,-26.87229276889771],[-48.737263663686875,-26.87231556481216],[-48.737245564814515,-26.872340092482066],[-48.737242645584956,-26.872360350999575],[-48.737244756293144,-26.87238069008164],[-48.73725710655257,-26.872392168603778],[-48.73732752570948,-26.872393296485786],[-48.737358064674744,-26.872375736474126],[-48.73742848382639,-26.872376864305203],[-48.73745830415469,-26.872395391030835],[-48.737503483794214,-26.872400626882687],[-48.73756568438264,-26.8724354651528],[-48.73756532508934,-26.872453508534168],[-48.73754466637048,-26.872480251390538],[-48.73753882800471,-26.872520768443234],[-48.73750042971114,-26.872553995616965],[-48.7374550703551,-26.872557781450304],[-48.73742453135206,-26.872575341480406],[-48.73740185166967,-26.872577234386362],[-48.73737926181804,-26.872574616443963],[-48.73734944145913,-26.872556089699927],[-48.73732932167047,-26.872555767452816],[-48.737316522218606,-26.872566843158154],[-48.73731256951632,-26.872765320312634],[-48.73735896169286,-26.872836003745373],[-48.73745610270228,-26.872884938537297],[-48.737455294237044,-26.872925536139643],[-48.737407015507394,-26.872949580469157],[-48.73738388658702,-26.87297402758975],[-48.737383078092876,-26.873014625189594],[-48.73742780881596,-26.873042415303008],[-48.737427449491356,-26.87306045868112],[-48.73741712005693,-26.873073830094135],[-48.737389050972716,-26.873093685808755],[-48.73721794212678,-26.873095457458444],[-48.73717954353863,-26.873128684524357],[-48.73717370499237,-26.873169201548283],[-48.73716090545261,-26.873180277233338],[-48.73706524610117,-26.87318325721716],[-48.736983957876426,-26.873222565609442],[-48.73693612818519,-26.873224055548285],[-48.73691353822256,-26.873221437524187],[-48.73689885263471,-26.873200896994593],[-48.736959257251414,-26.873199608511072],[-48.737040545466535,-26.873160300132398],[-48.73713620479793,-26.873157320164136],[-48.73714644442952,-26.873148459617937],[-48.73712933366346,-26.87312336798139],[-48.73712556149842,-26.8730601356007],[-48.73708851056795,-26.873025699988784],[-48.73706839069981,-26.87302537769935],[-48.73703785151206,-26.873042937633098],[-48.736967431966846,-26.873041809581633],[-48.736902671356106,-26.87300918617356],[-48.73685371950499,-26.87294071773722],[-48.73683880932575,-26.87293145431052],[-48.736793629524094,-26.872926218235],[-48.73676636909129,-26.872905476238614],[-48.736759048793104,-26.87289407825737],[-48.73676928842666,-26.872885217738588],[-48.73681464792008,-26.872881432135408],[-48.73684271704049,-26.872861576537453],[-48.73687653492664,-26.87280571476882],[-48.7368317145871,-26.872782435336987],[-48.73681204403809,-26.87275955879977],[-48.73682228365486,-26.872750698275983],[-48.73686755324154,-26.87275142349519],[-48.73692207408766,-26.872792907442697],[-48.736942193912604,-26.872793229750393],[-48.73699833205709,-26.87275351849156],[-48.737119140818656,-26.87275094138335],[-48.73714967991315,-26.872733381425622],[-48.73727048865989,-26.872730804186325],[-48.73728328813565,-26.872719728486835],[-48.73728665654899,-26.872676915747974],[-48.73728454583187,-26.872656576666497],[-48.73726496504252,-26.872629189343357],[-48.737265324386215,-26.87261114596617],[-48.73728598319391,-26.872584403156775],[-48.73728935159825,-26.872541590416784],[-48.73728724088128,-26.8725212513351],[-48.73726510022223,-26.87249607915337],[-48.73725266011556,-26.87248911147567],[-48.737224680994736,-26.872504456322098],[-48.73720456121696,-26.872504134057806],[-48.73717474090706,-26.87248560727963],[-48.737104411542184,-26.872479968474057],[-48.737053349093095,-26.872391161026854],[-48.73701629838853,-26.872356725408018],[-48.73700138826766,-26.872347462001766],[-48.73693105900317,-26.872341823115615],[-48.73690370882608,-26.87232559199475],[-48.736893469256124,-26.872334452527742],[-48.73688628291994,-26.872442632188925],[-48.73686562405105,-26.872469374936067],[-48.73685978544599,-26.87250989194559],[-48.73683912655768,-26.872536634687457],[-48.736832838673195,-26.87259970590955],[-48.73678658074402,-26.872648599953788],[-48.7367807420968,-26.87268911695676],[-48.736767942579256,-26.872700192607873],[-48.73674782277319,-26.872699870276396],[-48.73671122136431,-26.87264288036556],[-48.73671158079612,-26.872624836995328],[-48.73673223973069,-26.872598094275318],[-48.73673515905992,-26.872577835775086],[-48.736740774076246,-26.872422251992607],[-48.73678447202857,-26.87237557308838],[-48.736764801553704,-26.872352696548376],[-48.73674989145592,-26.872343433116875],[-48.736679472358084,-26.872342304949015],[-48.73662580436478,-26.872384311803508],[-48.736599756064805,-26.872429017291335],[-48.73654855803931,-26.872473319826597],[-48.73652003964812,-26.87251572958005],[-48.73646929088821,-26.872537477872225],[-48.73642402139922,-26.872536752530785],[-48.73636182114722,-26.872501913776563],[-48.73633289971242,-26.872438278414187],[-48.736288618879996,-26.872387933776416],[-48.73628439780884,-26.872347255605114],[-48.736249907270306,-26.872310604679065],[-48.73623544660159,-26.87227878698967],[-48.7362133062317,-26.872253614659748],[-48.73619839619583,-26.872244351173514],[-48.73615321671065,-26.87223911491153],[-48.73612339665584,-26.87222058792573],[-48.73607565728074,-26.872217566758096],[-48.73605297766468,-26.872219459450516],[-48.73604017813776,-26.872230535035182],[-48.73603433925972,-26.872271051994158],[-48.736013680234215,-26.8722977946066],[-48.73600649306827,-26.872405974171144],[-48.73598583400952,-26.872432716777084],[-48.73598547446551,-26.87245076013873],[-48.736002584878165,-26.872475851893952],[-48.73595641655472,-26.872520234807403],[-48.7359437068709,-26.872526799539948],[-48.73593382676566,-26.872517616636483],[-48.73592915637916,-26.87249949266393],[-48.73589466591965,-26.872462841656112],[-48.7358678552225,-26.872419545301902],[-48.73584773547866,-26.872419222845394],[-48.73581719629303,-26.872436782514868],[-48.73577183697012,-26.872440567806823],[-48.73575656737022,-26.872449347633687],[-48.735733438225814,-26.872473794469588],[-48.73572759922,-26.872514311406952],[-48.73568920043705,-26.872547538054977],[-48.735669080673055,-26.87254721557164],[-48.735641730648226,-26.872530984214926],[-48.7356163112447,-26.87254411361967],[-48.73559152114982,-26.872525667145652],[-48.735564710559785,-26.872482370740524],[-48.73541884237465,-26.872480032548257],[-48.735380443520256,-26.872513259107503],[-48.735380083878894,-26.872531302461386],[-48.73539966417816,-26.872558690016763],[-48.73539930453914,-26.87257673337075],[-48.73535349559817,-26.872603072715666],[-48.73533530636902,-26.872632110949297],[-48.73528994696357,-26.87263589608042],[-48.735261967570054,-26.872651240518664],[-48.7351877772676,-26.872586879229814],[-48.735177987141356,-26.87257318543921],[-48.735178346815445,-26.87255514208797],[-48.73524189543138,-26.872522318772308],[-48.73528716487754,-26.872523044492016],[-48.7353145148445,-26.87253927591414],[-48.735324754548465,-26.8725304155048],[-48.73532601332244,-26.87246726376846],[-48.735313663263824,-26.872455785089212],[-48.73529107351032,-26.872453166817138],[-48.73526839384362,-26.87245505937967],[-48.735240414494015,-26.872470403816624],[-48.735230534454054,-26.87246122086773],[-48.73523089411806,-26.872443177515564],[-48.735294442655466,-26.872410354170892],[-48.735339801970184,-26.872406569032552],[-48.735390550854355,-26.87238482115594],[-48.73541906961299,-26.872342411654305],[-48.73547758811413,-26.872309507590288],[-48.73539782851053,-26.872272130820473],[-48.73534330850247,-26.872230646332017],[-48.735295928814516,-26.872209581548017],[-48.73526794953128,-26.872224925994956],[-48.73519744066272,-26.872228307931447],[-48.735143772222145,-26.87227031419217],[-48.7351280530057,-26.872301648138805],[-48.73508224412463,-26.872327987399668],[-48.73507685450882,-26.872345950108645],[-48.735043845233754,-26.872361213865084],[-48.735012856331664,-26.87240132754098],[-48.73497737702906,-26.87241429553945],[-48.73495680766477,-26.872436527142277],[-48.734966687679105,-26.872445710108842],[-48.734989277419615,-26.872448328432263],[-48.7351124658538,-26.87245255960266],[-48.73514704596249,-26.87248469994786],[-48.73513680625006,-26.87249356034377],[-48.735114126574594,-26.87249545288085],[-48.734990848168145,-26.872495732546266],[-48.734901700169516,-26.872550706690276],[-48.73487565117216,-26.872595411814054],[-48.73487273151342,-26.87261567025498],[-48.73487484179547,-26.872636009345502],[-48.73489698192021,-26.87266118187017],[-48.734911891891265,-26.872670445490144],[-48.73495716138606,-26.87267117131921],[-48.734975350715175,-26.872642133140925],[-48.73502115975078,-26.872615793925327],[-48.7350525983321,-26.872553126065146],[-48.735065397987185,-26.872542050578797],[-48.735085517741844,-26.87254237314802],[-48.73509539777584,-26.872551556106668],[-48.73507729841512,-26.87257608346611],[-48.735070559938514,-26.87266170873504],[-48.735052460553256,-26.872686236089507],[-48.73511897102952,-26.872757242742377],[-48.73511861134286,-26.87277528609235],[-48.73509795201111,-26.872802028549753],[-48.73509624347732,-26.872887734459887],[-48.73513028417297,-26.872946939839803],[-48.73516477450606,-26.87298359102581],[-48.735166884842464,-26.873003930114695],[-48.73516396521904,-26.873024188563168],[-48.73511770642654,-26.87307308200196],[-48.7351118671555,-26.873113598894978],[-48.735066057928776,-26.873139938127036],[-48.73506066826191,-26.873157900830936],[-48.735016969316234,-26.873204579133503],[-48.73502684939776,-26.873213762099446],[-48.73504696927078,-26.873214084681578],[-48.73510310823905,-26.873174374233166],[-48.73512322810615,-26.873174696804004],[-48.735135578216756,-26.873186175502532],[-48.73513521852606,-26.87320421885163],[-48.73510916944731,-26.87324892401106],[-48.73509636971112,-26.873259999495637],[-48.73507368988139,-26.873261892016387],[-48.73492526079503,-26.873261768348335],[-48.734894721245475,-26.87327932779317],[-48.734872041411016,-26.873281220281047],[-48.73469599245094,-26.87327839736601],[-48.73467340255718,-26.873275778986],[-48.73464358250911,-26.873257251688194],[-48.73462346263408,-26.87325692904816],[-48.73459247332149,-26.87329704260245],[-48.73454711364248,-26.87330082747635],[-48.734519133989174,-26.87331617174948],[-48.73449178396944,-26.873299940170277],[-48.734469194078684,-26.873297321757647],[-48.734446514238854,-26.87329921417651],[-48.73440586969552,-26.873318867593667],[-48.734409014344386,-26.873287332083272],[-48.734429673927785,-26.873260589744092],[-48.73443003373135,-26.873242546403983],[-48.7344176836912,-26.873231067647897],[-48.73437250394345,-26.87322583079723]],[[-48.72469806198832,-26.876303376855148],[-48.72464986975609,-26.876322905748502],[-48.72460854496801,-26.876376387179434],[-48.72454252154847,-26.876406909447844],[-48.72450749175276,-26.876397320644525],[-48.7244853533952,-26.87637214660158],[-48.72448324496957,-26.876351807478272],[-48.724486166613715,-26.87633154938468],[-48.724512220524836,-26.876286846510926],[-48.724558485031174,-26.876237956937473],[-48.72456387651279,-26.87621999475541],[-48.72459980978619,-26.876184475518535],[-48.724625863615906,-26.876139772618018],[-48.72466426669896,-26.876106549274834],[-48.724712549181895,-26.876082509567333],[-48.72472827178754,-26.87605117700954],[-48.72477947581357,-26.876006879173286],[-48.724805529528886,-26.87596217623154],[-48.72486450441478,-26.875906722876753],[-48.72479799903872,-26.8758357117086],[-48.72479836041136,-26.875817668495817],[-48.72481902265586,-26.875790927743267],[-48.72481938402446,-26.87577288453011],[-48.72475040890123,-26.87569957743538],[-48.72475077027929,-26.875681534222853],[-48.72478670331431,-26.875646014921507],[-48.724812711762084,-26.875603567372615],[-48.72482533202844,-26.875601514510418],[-48.724826762952766,-26.875655684659122],[-48.724836552011084,-26.875669379100362],[-48.72487359977409,-26.875703817736945],[-48.724920888324604,-26.875729396783242],[-48.724925105328566,-26.875770075028473],[-48.72493489440805,-26.875783769464057],[-48.72497194223755,-26.87581820807855],[-48.72502179105041,-26.875841572198617],[-48.725041459580716,-26.875864450253882],[-48.72502335756444,-26.875888976143944],[-48.725017514499946,-26.875929492369025],[-48.724971250315654,-26.87597838211526],[-48.72496224540801,-26.87617677646022],[-48.72486568043165,-26.876224856029197],[-48.72486185543546,-26.87629022216651],[-48.7248639639291,-26.876310561288534],[-48.72488354215798,-26.87633795017063],[-48.72488227737112,-26.876401101414242],[-48.724859145152564,-26.876425546258044],[-48.7248211937306,-26.8764362156353],[-48.724745787779554,-26.876432744943326],[-48.72473595350008,-26.876421305895008],[-48.72473264003698,-26.87633551962385],[-48.72469806198832,-26.876303376855148]],[[-48.72334499588542,-26.8771592094268],[-48.72340674211569,-26.877216607794608],[-48.723406380500265,-26.877234650986324],[-48.723370039694224,-26.87729046846008],[-48.72334479874857,-26.877294573895245],[-48.723316319485136,-26.87733472516952],[-48.723245807541566,-26.877338100912038],[-48.72323300623976,-26.8773491752132],[-48.72322716242607,-26.87738969131148],[-48.72321436111636,-26.87740076561042],[-48.72316360792426,-26.877422508807655],[-48.72309309592738,-26.877425884470107],[-48.723036950912494,-26.877465589723723],[-48.72301427018749,-26.877467480240373],[-48.722991679883265,-26.877464859956866],[-48.722937162437866,-26.877423370833103],[-48.72291704198909,-26.87742304648033],[-48.7228890598844,-26.877438388277195],[-48.72286171075671,-26.877422154495438],[-48.72279137962098,-26.877416508414793],[-48.722761560673526,-26.877397978670395],[-48.722716289679916,-26.877397248817],[-48.72270604859465,-26.877406108216633],[-48.7227231566076,-26.87743120142772],[-48.7227273728343,-26.87747187968396],[-48.72277164912688,-26.87752222828903],[-48.72277128740585,-26.87754027147198],[-48.722747928430046,-26.87757599291206],[-48.722723003919526,-26.877564310445944],[-48.72260202696496,-26.8774495536635],[-48.72259973800069,-26.87743823612543],[-48.72261235849815,-26.877436183476927],[-48.72263836819023,-26.87739373641564],[-48.72267430242808,-26.877358217735736],[-48.72268014643484,-26.877317701672496],[-48.7227284298201,-26.87729366270639],[-48.722805237827274,-26.877227217169633],[-48.722840719828355,-26.877214252420696],[-48.72287171426942,-26.877174141795205],[-48.72290719624715,-26.877161177027943],[-48.72297367260428,-26.87710810159959],[-48.72308528414332,-26.877062522072276],[-48.72311020859001,-26.877074204470578],[-48.72318430387026,-26.877143082620663],[-48.723249062312235,-26.877175712205293],[-48.723269182721886,-26.877176036508036],[-48.7232997249685,-26.877158479766287],[-48.72334499588542,-26.8771592094268]],[[-48.72566451124534,-26.87754176295211],[-48.72561869819891,-26.877568098853043],[-48.725617885341485,-26.87760869609487],[-48.725630234873336,-26.877620175588323],[-48.72567541573227,-26.87762541531865],[-48.72569032549511,-26.877634679900364],[-48.72571246435901,-26.87765985378248],[-48.72572692256182,-26.877691672385332],[-48.72578656167974,-26.877728730684705],[-48.72581080925398,-26.877774243670288],[-48.72581502659756,-26.87781492190293],[-48.72585683454099,-26.877862973736658],[-48.7258209913741,-26.877893982471996],[-48.72580087080159,-26.877893658524567],[-48.725773521108685,-26.877877425274864],[-48.72576328019843,-26.877886284908044],[-48.72576291894665,-26.87790432812767],[-48.72580719681393,-26.877954675873067],[-48.72580502933363,-26.87806293519229],[-48.72575831295681,-26.878134379173414],[-48.72575156682835,-26.87822000347308],[-48.725728434384536,-26.878244448442004],[-48.72568015113411,-26.878268488445936],[-48.72567114696709,-26.878466882843437],[-48.72563476162695,-26.878524956338644],[-48.72558108677289,-26.87856695851977],[-48.7255609660846,-26.878566634530685],[-48.72548174790762,-26.878502187295236],[-48.725411867520336,-26.878473988453454],[-48.7253752703967,-26.87841699588669],[-48.72537653501986,-26.878353844639403],[-48.72539719764318,-26.87832710383154],[-48.72540147413612,-26.878239183664274],[-48.725399365536745,-26.878218844547085],[-48.7253580093286,-26.878148238566705],[-48.72537611167442,-26.87812371265906],[-48.72538195478632,-26.87808319642977],[-48.725428219733075,-26.87803430660519],[-48.72542858104001,-26.878016263390098],[-48.72538430332809,-26.877965915535402],[-48.725380537779536,-26.877902683281594],[-48.72535629036022,-26.877857170231973],[-48.725346410739064,-26.877847986618487],[-48.72533616980073,-26.87785684621879],[-48.72533032669062,-26.87789736244707],[-48.72530966413845,-26.87792410325058],[-48.72530382101362,-26.877964619476607],[-48.725291019822556,-26.87797569397173],[-48.725180311471036,-26.877976167206945],[-48.72520613970898,-26.877942741229024],[-48.72522141080783,-26.87793396264743],[-48.72526677242702,-26.877930180908443],[-48.7252795736148,-26.877919106415284],[-48.72528541674458,-26.877878590190427],[-48.725324271927406,-26.877822812682375],[-48.72536954317279,-26.877823541710978],[-48.725381892699495,-26.877835021225742],[-48.72543505640843,-26.877944171529727],[-48.725494243927706,-26.878003783973533],[-48.72550870210386,-26.87803560259623],[-48.725521051666995,-26.87804708210084],[-48.725541172262744,-26.878047406089816],[-48.725569244527854,-26.87802755295106],[-48.72557957578647,-26.87801418252964],[-48.72558340050665,-26.877948816365198],[-48.72558129187579,-26.877928477248247],[-48.725561713226675,-26.877901088440733],[-48.7255618626174,-26.877767979215747],[-48.72556478412703,-26.87774772109375],[-48.725585446586656,-26.87772098024648],[-48.725589722874645,-26.87763306005596],[-48.72558761424409,-26.877612720938558],[-48.72556803564187,-26.87758533213413],[-48.7255683969196,-26.877567288916147],[-48.725614661563164,-26.877518399008878],[-48.72561780884641,-26.877486863872363],[-48.72565297456013,-26.877489686218613],[-48.72566532408377,-26.877501165708594],[-48.72566743272784,-26.87752150482587],[-48.72566451124534,-26.87754176295211]],[[-48.722619619692054,-26.87820338358966],[-48.72265016231702,-26.878185827014555],[-48.72272067478359,-26.878182451604264],[-48.72277142839928,-26.878160708595207],[-48.72278692577658,-26.878140653302513],[-48.72279945591953,-26.87814311143761],[-48.72280929012886,-26.87815455061539],[-48.722813054236994,-26.878217782846065],[-48.72283730066804,-26.878263296271072],[-48.72284964996567,-26.87827477599362],[-48.72287224042455,-26.878277396309528],[-48.722945222812136,-26.878276316734393],[-48.72302651902202,-26.87823701698557],[-48.72309703152407,-26.878233641388597],[-48.723153176920775,-26.878193936137656],[-48.72317585779132,-26.878192045607864],[-48.72322359898223,-26.878195071272195],[-48.72325296614271,-26.87823615491905],[-48.72332329782411,-26.87824180080252],[-48.723353117083434,-26.878260330445947],[-48.723398388440934,-26.878261060116937],[-48.7234263706962,-26.878245718229184],[-48.723460948909,-26.87827786131586],[-48.72346057099127,-26.87842224736798],[-48.72340025429781,-26.87841901909273],[-48.7232711880602,-26.878331205966514],[-48.72322591667877,-26.878330476253026],[-48.72321311525567,-26.87834155054379],[-48.72320636719216,-26.878427174597842],[-48.72319603562619,-26.87844054482489],[-48.72316796287512,-26.878460397458007],[-48.72312260102552,-26.878464178504462],[-48.72310710365598,-26.87848423383414],[-48.72307184732696,-26.87848592163463],[-48.7230334429522,-26.878519144454188],[-48.72303308125713,-26.87853718763789],[-48.72305265936633,-26.87856457676236],[-48.72305431542807,-26.878607469867383],[-48.72305139344031,-26.878627727905545],[-48.72300557939592,-26.87865406288882],[-48.72300386131029,-26.878739768007645],[-48.72302096956984,-26.87876486119508],[-48.722984673246586,-26.878818423117878],[-48.722939311251466,-26.878822204095865],[-48.72290090671925,-26.87885542686831],[-48.722893706205674,-26.878963604861028],[-48.72285781670078,-26.87899686816412],[-48.72275972816357,-26.878995286776924],[-48.722747378802964,-26.878983807043227],[-48.72274361473957,-26.87892057481782],[-48.72269677765628,-26.878872441026676],[-48.72268186800787,-26.878863176135408],[-48.722561234256155,-26.878856718867432],[-48.722551354795804,-26.878847535068264],[-48.722609880110554,-26.878814636812017],[-48.72264626704179,-26.878756564202078],[-48.722646628801705,-26.8787385210238],[-48.72260235213546,-26.87868817236108],[-48.72260271390128,-26.878670129183195],[-48.72261551541917,-26.87865905495433],[-48.72263563608254,-26.878659379363796],[-48.72269015396688,-26.878700868627796],[-48.722760485884464,-26.878706514807742],[-48.72278783529123,-26.87872274862498],[-48.72282367950591,-26.87869174073189],[-48.722824945561975,-26.878628589599316],[-48.72277765638211,-26.878603009814174],[-48.72270859064229,-26.878534212518375],[-48.72277789953658,-26.878465390014775],[-48.722779165605694,-26.878402238882195],[-48.72276681630283,-26.878390759153252],[-48.722731424351714,-26.87839921306286],[-48.72270829125666,-26.878423657493006],[-48.72269256773113,-26.878454989760296],[-48.7226541632646,-26.878488212470458],[-48.72261868083625,-26.87850117714392],[-48.72258768591103,-26.878541287678452],[-48.72254241446747,-26.878540557740756],[-48.72251259528386,-26.878522027930433],[-48.72249247464653,-26.87852170350499],[-48.72244172081842,-26.878543446399174],[-48.72241072582099,-26.878583556889968],[-48.72236545436618,-26.878582826894522],[-48.72235557494486,-26.87857364308381],[-48.72237367798434,-26.878549117607733],[-48.72237660008886,-26.878528859590894],[-48.7223772055193,-26.878373196645658],[-48.722329916553996,-26.878347616722706],[-48.7222830798743,-26.878299482816637],[-48.72228479847079,-26.878213777735542],[-48.72229759996248,-26.878202703533574],[-48.72236811243627,-26.878199328300752],[-48.72238338376665,-26.87819055004251],[-48.72243211982345,-26.878143957236635],[-48.72243549413092,-26.878101145244646],[-48.72243338606712,-26.878080806116397],[-48.72242350668044,-26.87807162231226],[-48.72239552434995,-26.878086963995713],[-48.72237284349735,-26.878088854400655],[-48.72230996675261,-26.878087840514517],[-48.722312707948916,-26.878076604085642],[-48.72239642882243,-26.87804185605354],[-48.722409230283326,-26.878030781839303],[-48.722415074437265,-26.87799026579874],[-48.72242540604561,-26.877976895631278],[-48.72245347878878,-26.877957043145255],[-48.722473599325596,-26.877957367569973],[-48.72250085807211,-26.87797811222502],[-48.72253489328007,-26.878037320285994],[-48.722535192525235,-26.8781478753066],[-48.722537300607705,-26.878168214434364],[-48.72254964986334,-26.878179694180734],[-48.722599499109634,-26.87820305918299],[-48.722619619692054,-26.87820338358966]],[[-48.72144579478332,-26.87852512799864],[-48.72144219386155,-26.878579216917522],[-48.721421530301235,-26.87860595708394],[-48.721419811024575,-26.878691662108697],[-48.721482009419105,-26.87872650734387],[-48.72157749207201,-26.878732559824638],[-48.721632009570584,-26.8787740494748],[-48.72167728107841,-26.878774779709985],[-48.721705263671666,-26.87875943818712],[-48.72173938912819,-26.87881413563084],[-48.72174315263113,-26.87887736784842],[-48.72176273046729,-26.878904757134713],[-48.72176604160322,-26.8789905433102],[-48.72178561946254,-26.879017932594486],[-48.72178847823509,-26.87912627272766],[-48.72180805612091,-26.879153662010165],[-48.721807241846456,-26.87919425913509],[-48.721761427306056,-26.879220593679996],[-48.72175377327196,-26.87935132549646],[-48.72165720430238,-26.87939940259477],[-48.72164955012048,-26.879530134394216],[-48.72163674841029,-26.87954120852206],[-48.72154108410029,-26.879544177620122],[-48.72153084272313,-26.879553036914004],[-48.72154072215224,-26.87956222078243],[-48.721636205510954,-26.87956827326735],[-48.721673253417094,-26.87960271274543],[-48.72167536135069,-26.879623051874184],[-48.72166210721888,-26.879656679958245],[-48.72163403390596,-26.879676532247263],[-48.72156352051789,-26.879679907053486],[-48.72155071878189,-26.87969098117173],[-48.721550356833085,-26.8797090243338],[-48.72159508579772,-26.879736819362396],[-48.72159472385523,-26.87975486252489],[-48.72154890903444,-26.879781196981526],[-48.72154854708393,-26.879799240143335],[-48.72156089639732,-26.879810719978643],[-48.72158348711322,-26.879813340517693],[-48.7217092424517,-26.879815369028478],[-48.72173192365427,-26.879813478753043],[-48.72174472538864,-26.879802404618303],[-48.72174990964004,-26.879669376848838],[-48.72172611580298,-26.87960130929831],[-48.72173039525621,-26.879513389438987],[-48.7217406366151,-26.879504530129378],[-48.721750516058435,-26.879513713983975],[-48.72175473195315,-26.87955439224114],[-48.72179946091493,-26.879582187204857],[-48.721803676827925,-26.87962286546146],[-48.721847501075665,-26.879695768326542],[-48.721851264629805,-26.879759000539632],[-48.72189307145484,-26.87980705347471],[-48.72184981701914,-26.879831173202],[-48.721846894769726,-26.879851431196457],[-48.721849002735766,-26.87987177032421],[-48.72189080959759,-26.87991982326182],[-48.721872706216764,-26.87994434865123],[-48.72187189193758,-26.87998494577345],[-48.72188177143102,-26.87999412962159],[-48.72191020668328,-26.879956234120428],[-48.722008341226854,-26.879955560753515],[-48.72203093198726,-26.87995818122336],[-48.72204328136879,-26.879969661020404],[-48.72204201480493,-26.88003281210658],[-48.722023911435336,-26.88005733751596],[-48.7220410196447,-26.880082430816728],[-48.72204523564937,-26.880123109070105],[-48.7220673741022,-26.880148283495455],[-48.72211466371991,-26.880173863543906],[-48.72211294484947,-26.880259568591097],[-48.72209228110253,-26.880286308840535],[-48.7220919192304,-26.88030435200788],[-48.722128515173004,-26.8803613453465],[-48.72214863613094,-26.88036166984423],[-48.72217661907588,-26.880346328251715],[-48.722186498624815,-26.880355512081632],[-48.72218613676655,-26.880373555249985],[-48.72216547301317,-26.880400295509542],[-48.722158723919144,-26.880485919433035],[-48.72214848249595,-26.88049477876832],[-48.722098903790695,-26.88045788118093],[-48.72208866236587,-26.880466740511782],[-48.72208236555326,-26.88052981046873],[-48.72203609814975,-26.88057869902584],[-48.7220352839066,-26.880619296149053],[-48.72207910864335,-26.880692198966358],[-48.722078746762776,-26.880710242132515],[-48.722058082917805,-26.880736982369708],[-48.72205470831243,-26.880779794324063],[-48.72207850254259,-26.880847861836727],[-48.72207558029322,-26.88086811983418],[-48.72202931273761,-26.88091700837806],[-48.722028950845605,-26.88093505154302],[-48.72207368039899,-26.880962846453325],[-48.72207286615575,-26.88100344357539],[-48.722026146171075,-26.881074886069673],[-48.72201984926372,-26.881137956014495],[-48.72194550790365,-26.88120669685653],[-48.72189722264395,-26.88123073542724],[-48.72189362174952,-26.881284824346718],[-48.72179670758926,-26.881224601892303],[-48.72179887918463,-26.881116342923796],[-48.72184555408522,-26.881047155910522],[-48.72184897402518,-26.881002088572824],[-48.72183707696469,-26.88096805480148],[-48.72177789006244,-26.88090844087068],[-48.7217782519939,-26.880890397708825],[-48.721798915932354,-26.880863657519043],[-48.72180183823048,-26.880843399530423],[-48.72180455267193,-26.880708075811736],[-48.72179265564896,-26.880674042038137],[-48.7217304561279,-26.880639196875443],[-48.72169376982964,-26.880586714233022],[-48.721665786765115,-26.880602055721507],[-48.72164310540367,-26.8806039459761],[-48.721620514529704,-26.880601325436857],[-48.7215906949968,-26.880582795412106],[-48.72157057400753,-26.880582470832483],[-48.72154003055988,-26.880600027117307],[-48.72146960709074,-26.88059889105016],[-48.721457257707684,-26.88058741120321],[-48.72145304191093,-26.88054673294692],[-48.72143593377522,-26.880521639580188],[-48.721454037347875,-26.880497114260397],[-48.721454851794384,-26.880456517152933],[-48.721368406277115,-26.880376158201496],[-48.72134828532756,-26.880375833592517],[-48.72129213821655,-26.880415538006385],[-48.72124430569681,-26.88041702242308],[-48.72122171487391,-26.880414401822883],[-48.72120936553626,-26.880402921956804],[-48.72120469731282,-26.880384797643163],[-48.721182559019915,-26.880359623092417],[-48.72112026936525,-26.88032928847086],[-48.7210415313989,-26.880366372162484],[-48.721021410455656,-26.880366047507046],[-48.721009061144514,-26.880354567624995],[-48.72100942318937,-26.880336524471392],[-48.721030087189085,-26.88030978439732],[-48.72103300960119,-26.880289526430904],[-48.72103955238924,-26.880088836920482],[-48.72105235421942,-26.880077762855162],[-48.72112286785076,-26.88007438832102],[-48.72113566967165,-26.8800633142475],[-48.72114151443759,-26.880022798305642],[-48.72117991986911,-26.879989576074337],[-48.721249980945224,-26.880008755419624],[-48.72128834109287,-26.8799777885512],[-48.72129108244906,-26.879966552154173],[-48.721351490327024,-26.87996527058846],[-48.721366761975716,-26.879956492462163],[-48.72138989568075,-26.879932048294663],[-48.72139161507217,-26.87984634328673],[-48.721372037185,-26.879818953947733],[-48.7213687263725,-26.87973316778951],[-48.7213444802823,-26.87968765413823],[-48.721332131004694,-26.87967617428603],[-48.721261798616844,-26.879670527361622],[-48.72123197938111,-26.879651997277954],[-48.72118679803931,-26.87964675608874],[-48.72112505178202,-26.879589356755382],[-48.72112541379648,-26.879571313598372],[-48.72114607761674,-26.87954457349415],[-48.72114689213972,-26.87950397638995],[-48.72112731436684,-26.87947658702324],[-48.72112355121459,-26.87941335481454],[-48.72107927502163,-26.879363005704445],[-48.72107551189504,-26.879299773495447],[-48.72106572303213,-26.879286078808704],[-48.721028449153195,-26.879262916160737],[-48.72102616032544,-26.87925159860741],[-48.72098906748142,-26.87921941437201],[-48.72093921818124,-26.879196048796814],[-48.720919097446654,-26.879195724139873],[-48.72089111464715,-26.879211065492537],[-48.72082882568676,-26.879180730782444],[-48.72078198936659,-26.879132596401945],[-48.720784161732205,-26.879024337478036],[-48.7208308815212,-26.878952895371864],[-48.7208342564776,-26.878910083462245],[-48.72083214869895,-26.878889744329374],[-48.72078782757142,-26.87884165053979],[-48.72078848047231,-26.878683732350773],[-48.72079140286253,-26.878663474385167],[-48.72082441569217,-26.878648214210035],[-48.72084260957136,-26.878619178163202],[-48.72088842404787,-26.87859284391262],[-48.72093020392844,-26.878516809801027],[-48.72101981543122,-26.878439291295724],[-48.72106809961931,-26.87841525295333],[-48.72109415536971,-26.878370550837587],[-48.721097303943154,-26.87833901588599],[-48.72115762045166,-26.8783422451386],[-48.72116749975082,-26.87835142902606],[-48.7211493964977,-26.878375954333624],[-48.72114903450575,-26.87839399749399],[-48.72115882331065,-26.878407692172328],[-48.721221021467265,-26.878442537508935],[-48.721270418046835,-26.87848845692175],[-48.721305448137656,-26.87849804654926],[-48.721333430704256,-26.878482705098406],[-48.721385478160194,-26.878521898862605],[-48.72144579478332,-26.87852512799864]],[[-48.71999597756706,-26.884949732640514],[-48.72008303458685,-26.88487442994008],[-48.7200843025047,-26.884811278983427],[-48.72003957204495,-26.884783483391644],[-48.72003993431309,-26.884765440261543],[-48.72005273679706,-26.88475436633305],[-48.7200728585038,-26.88475469117526],[-48.72010020887507,-26.88477092556815],[-48.720110450858606,-26.884762066420834],[-48.72011674917947,-26.884698996670544],[-48.72013485376115,-26.88467447159329],[-48.72012497404091,-26.884665287611686],[-48.720077230306366,-26.884662260735404],[-48.720054548121645,-26.884664150680877],[-48.72002400331707,-26.884681706544242],[-48.71995357739261,-26.884680569562477],[-48.71989137640019,-26.88464572350461],[-48.719892644412035,-26.884582572554383],[-48.71992565913034,-26.884567312717433],[-48.71995665676338,-26.884527202962055],[-48.7200523252415,-26.884524235207323],[-48.72006512769528,-26.884513161275557],[-48.7200721258401,-26.884289918129078],[-48.72007504857985,-26.884269660210247],[-48.72008529051689,-26.884260801061437],[-48.72009517020106,-26.88426998504388],[-48.7200972778711,-26.884290324171484],[-48.720096668646455,-26.884445986787817],[-48.72010901827183,-26.884457466765834],[-48.72012913992679,-26.884457791596734],[-48.72015968465388,-26.884440235705284],[-48.72017980630649,-26.88444056052876],[-48.7201921559403,-26.88445204050002],[-48.72019591851864,-26.884515272669855],[-48.72020570767345,-26.884528967429407],[-48.720232967455395,-26.884549712578085],[-48.720302849977934,-26.88457791411642],[-48.72033944619562,-26.884634907917434],[-48.720342756080704,-26.884720694005],[-48.72035986452457,-26.8847457875152],[-48.720341759976655,-26.884770312623438],[-48.72034139775637,-26.88478835575731],[-48.72038612829939,-26.884816151258207],[-48.72038486054904,-26.884879302228107],[-48.72037205808007,-26.88489037618771],[-48.72032422368198,-26.884891860172058],[-48.72030163200916,-26.88488923937128],[-48.720271811641574,-26.884870709020767],[-48.72022653774937,-26.884869978182607],[-48.720188130295405,-26.884903200011642],[-48.72018475474097,-26.88494601184577],[-48.72018686243023,-26.884966350972043],[-48.72019921211786,-26.884977830945544],[-48.72024906369163,-26.885001196915017],[-48.72029424707901,-26.885006438532415],[-48.72030915728054,-26.885015703707094],[-48.72035599562032,-26.885063838348046],[-48.720355633397695,-26.88508188148135],[-48.72031924305874,-26.88513995325117],[-48.72029116810016,-26.885159805158573],[-48.72027104631861,-26.885159480342942],[-48.72024167869106,-26.8851183960678],[-48.72019429700944,-26.885097326087774],[-48.72018405499966,-26.885106185239298],[-48.72017820949089,-26.88514670107662],[-48.72016787691174,-26.88516007100924],[-48.72011419686659,-26.885202070749752],[-48.72009407508003,-26.885201745908446],[-48.72006681517828,-26.885181000726426],[-48.720040008129125,-26.8851377016283],[-48.71999482470807,-26.88513245992703],[-48.71998494496294,-26.885123275934365],[-48.72002820185553,-26.8850991569474],[-48.720029469816176,-26.88503600599518],[-48.720017120141016,-26.885024526007587],[-48.719946784576074,-26.885018878226965],[-48.71993443491157,-26.885007398232755],[-48.719930219624246,-26.88496671997847],[-48.71991311125,-26.884941626420805],[-48.71992335326353,-26.884932767289136],[-48.719968627171184,-26.88493349822601],[-48.71999597756706,-26.884949732640514]],[[-48.72196896544432,-26.882671300250546],[-48.72196565426523,-26.882585514104516],[-48.721948545739274,-26.882560420780074],[-48.72196664956607,-26.88253589541456],[-48.72196791630888,-26.882472744354036],[-48.72187671010557,-26.882378772109497],[-48.721897510046134,-26.882345265741243],[-48.72189562826952,-26.882313649642505],[-48.72187604987625,-26.882286260347755],[-48.721876411813675,-26.882268217188173],[-48.7219148178571,-26.882234994800925],[-48.7219500753497,-26.882233307364736],[-48.72195236430762,-26.882244624908285],[-48.72199668717323,-26.882292718425695],[-48.72200090318194,-26.88233339667284],[-48.72204939688907,-26.882424423819632],[-48.72209412700643,-26.88245221875538],[-48.722097890669566,-26.882515450953587],[-48.722117469154,-26.882542840222616],[-48.72211957718105,-26.8825631793454],[-48.72211575010964,-26.882628545241236],[-48.72209508588825,-26.882655285455723],[-48.72209216357,-26.88267554344598],[-48.72209336681866,-26.882740990471646],[-48.72210571648768,-26.882752470278525],[-48.722226354306635,-26.882758928191798],[-48.72230602562093,-26.882800823334883],[-48.722326147013334,-26.882801147834485],[-48.722354673368216,-26.88275874150152],[-48.72238274737101,-26.88273888911723],[-48.72242811094639,-26.882735108419837],[-48.722458654872234,-26.882717551975226],[-48.72255432188846,-26.88271458242346],[-48.72256712389785,-26.882703508233856],[-48.722567485732064,-26.882685465066658],[-48.72254790711224,-26.882658075852177],[-48.72254595237629,-26.882504627814566],[-48.72250167441876,-26.88245427905523],[-48.72249956632328,-26.882433939933687],[-48.72250339315909,-26.88236857401144],[-48.72252405723143,-26.882341833726827],[-48.722530353979536,-26.882278763755966],[-48.72255101802784,-26.88225202346568],[-48.72255137985755,-26.882233980297507],[-48.722531801311135,-26.88220659108434],[-48.72253216314318,-26.882188547916307],[-48.722544965091224,-26.88217747372436],[-48.722565086376584,-26.882177798183005],[-48.7225919842718,-26.88221658604265],[-48.7226022258288,-26.882207726684758],[-48.72260514803825,-26.8821874686762],[-48.722603492200406,-26.88214457559333],[-48.722558762061006,-26.8821167808177],[-48.72255957616984,-26.882076183688284],[-48.72257767978528,-26.88205165822963],[-48.722560571189405,-26.882026564974193],[-48.72256093301407,-26.882008521805332],[-48.72257903661729,-26.88198399634561],[-48.722561928030146,-26.881958903090727],[-48.72256228985353,-26.88194085992168],[-48.72259867793578,-26.881882787412327],[-48.72262675167099,-26.881862934960893],[-48.72267211489194,-26.881859154162075],[-48.722728262316956,-26.88181944922125],[-48.72279877705027,-26.881816073915605],[-48.722809018553725,-26.881807214538934],[-48.72276721064913,-26.88175916181687],[-48.722745433537014,-26.881715944305082],[-48.72276600697748,-26.881693714764765],[-48.72280149041859,-26.881680750121465],[-48.72285507733837,-26.881643259965312],[-48.72286495705062,-26.88165244375676],[-48.72286826893919,-26.881738229933205],[-48.722885377567536,-26.881763323153848],[-48.72286727406638,-26.88178784865996],[-48.72286691229381,-26.88180589183323],[-48.722879261952045,-26.881817371572346],[-48.72290185311072,-26.88181999192676],[-48.72294968624555,-26.88181850698444],[-48.722964958044784,-26.881809728695252],[-48.72298809183515,-26.881785284273807],[-48.722988905778934,-26.88174468713034],[-48.722944175685505,-26.881716892479382],[-48.72291992858083,-26.881671379044036],[-48.72292074254494,-26.881630781901848],[-48.722930984021716,-26.88162192251448],[-48.722958334125344,-26.88163815633828],[-48.72302875831166,-26.88163929170399],[-48.7230650556214,-26.881585729845053],[-48.72304794697532,-26.8815606366448],[-48.72304418277083,-26.881497404432704],[-48.72302204384958,-26.881472230134786],[-48.72300960377457,-26.881465261203072],[-48.72295601698988,-26.881502751427274],[-48.722935895818566,-26.88150242703181],[-48.722901769055916,-26.881447729809302],[-48.722945476129006,-26.881401055820383],[-48.722948398245684,-26.88138079779742],[-48.72294855102515,-26.88124768882881],[-48.72293144245105,-26.881222595618148],[-48.722946985480746,-26.881200284943453],[-48.722932346833396,-26.88117748767914],[-48.72294258826564,-26.881168628287767],[-48.72296270937795,-26.881168952678564],[-48.722992529304086,-26.881187482435827],[-48.72301265042043,-26.881187806819725],[-48.72302545220447,-26.88117673257269],[-48.72302837429809,-26.881156474546216],[-48.723026718284416,-26.881113581453437],[-48.72301436868128,-26.881102101730054],[-48.72296918664044,-26.881096861070862],[-48.72295683704518,-26.8810853813429],[-48.72295472887381,-26.881065042220992],[-48.72295789414886,-26.880907164426958],[-48.72296081624373,-26.880886906401496],[-48.72298147991642,-26.880860166020987],[-48.722989584949815,-26.880706880109003],[-48.72299982633257,-26.88069802070999],[-48.723009705981006,-26.880707204487983],[-48.72301211367234,-26.880838098620774],[-48.723031692129666,-26.880865487764627],[-48.72303380031402,-26.88088582688655],[-48.72303087823211,-26.88090608491436],[-48.7229850632224,-26.880932419824948],[-48.722984701481906,-26.880950463001877],[-48.722994581149436,-26.880959646781932],[-48.72302000379586,-26.880946519874822],[-48.7230298834661,-26.88095570365256],[-48.72303364766826,-26.88101893586787],[-48.7230459972651,-26.881030415589247],[-48.723066118354375,-26.881030739963787],[-48.72310497578042,-26.880974963226222],[-48.72311081992218,-26.880934447166286],[-48.72313148357078,-26.88090770676229],[-48.72313184528729,-26.880889663583407],[-48.72311226680098,-26.880862274451744],[-48.72311061075112,-26.880819381356563],[-48.723137118494655,-26.880752124887735],[-48.72314456193228,-26.88050632710917],[-48.72315480328449,-26.88049746769678],[-48.72318691213869,-26.880527314937584],[-48.72316880891774,-26.880551840502847],[-48.723168447212394,-26.880569883683066],[-48.72317823643903,-26.880583578244625],[-48.72320549591814,-26.88060432280433],[-48.72324088854375,-26.880595868819356],[-48.723289625381916,-26.880549275774857],[-48.723290439174484,-26.880508678615765],[-48.723270860706705,-26.880481289506466],[-48.72327167450358,-26.880440692347516],[-48.72331748924665,-26.88041435732551],[-48.723317850925895,-26.880396314143017],[-48.723298272468476,-26.88036892503793],[-48.72329616423876,-26.880348585916202],[-48.72329812490835,-26.880125260989388],[-48.723285775375615,-26.88011378129332],[-48.72316514022544,-26.880107324456674],[-48.723137790440845,-26.880091090691085],[-48.72311236800575,-26.88010421763379],[-48.7231024883971,-26.880095033865054],[-48.7231028501055,-26.880076990684447],[-48.72312351358395,-26.88005025026892],[-48.723124327418304,-26.880009653111653],[-48.72311197791599,-26.879998173402115],[-48.723066796303684,-26.8799929328008],[-48.72305444680927,-26.87998145308668],[-48.7230511347269,-26.879895666889308],[-48.72303155641364,-26.87986827775494],[-48.72302824434521,-26.879782491557066],[-48.72301113594823,-26.879757398364102],[-48.72302923906149,-26.879732872810667],[-48.723035987412736,-26.879647248792974],[-48.723054090501456,-26.879622723234572],[-48.72303698211983,-26.879597630045353],[-48.72303510001019,-26.879566013933374],[-48.72304763031517,-26.87956847205624],[-48.72308216357408,-26.879602870646483],[-48.72308502355733,-26.87971121082402],[-48.72312207197615,-26.879745649951804],[-48.723167343918064,-26.87974637973398],[-48.7231978869015,-26.879728823064696],[-48.72326840033542,-26.879725447440798],[-48.72329894329905,-26.87970789074826],[-48.723319064157714,-26.879708215072068],[-48.7233488837828,-26.87972674473707],[-48.72341930680371,-26.879727879833744],[-48.72343210837512,-26.87971680553485],[-48.723437952301204,-26.879676289443307],[-48.72345075386472,-26.87966521514218],[-48.72354632792056,-26.879666755549884],[-48.72355867743635,-26.87967823522242],[-48.72356078571036,-26.879698574344193],[-48.7235597297129,-26.879876791353052],[-48.72357683825231,-26.879901884487904],[-48.72355873522207,-26.879926410116763],[-48.72355153518499,-26.88003458816315],[-48.72353087180562,-26.88006132864793],[-48.72353005811468,-26.880101925816398],[-48.72359903485575,-26.880175233584243],[-48.72360234734488,-26.880261019792215],[-48.72362192586242,-26.880288408858952],[-48.7236252383655,-26.880374195066416],[-48.72366996813916,-26.880401989483563],[-48.72368442604214,-26.88043380827023],[-48.723718914546936,-26.880470462127935],[-48.72374783040308,-26.880534099692397],[-48.72379210826162,-26.880584448061008],[-48.72379587289394,-26.88064768028499],[-48.72381545151968,-26.880675069330643],[-48.7238192161641,-26.880738301554278],[-48.72384346347148,-26.88078381485081],[-48.7238907537897,-26.880809394343927],[-48.723910422862176,-26.880832272581834],[-48.723892319736514,-26.88085679824569],[-48.7238864758774,-26.880897314356208],[-48.72386581240012,-26.880924054882104],[-48.72386545079961,-26.88094209807013],[-48.72388502948812,-26.880969487109343],[-48.72388713782687,-26.88098982622799],[-48.72388442583249,-26.881125150137727],[-48.72385791841639,-26.881192406766065],[-48.72386002675127,-26.88121274588448],[-48.72390430490354,-26.881263094233233],[-48.723902587301964,-26.881348799374106],[-48.723889785576574,-26.88135987370461],[-48.723819271117534,-26.881363249575468],[-48.72380902972999,-26.88137210903344],[-48.723850837970126,-26.88142016146811],[-48.723849572331396,-26.88148331262089],[-48.723836770585,-26.881494386945125],[-48.723814089052894,-26.88149627753946],[-48.72379149792556,-26.88149365733369],[-48.723761677779216,-26.8814751277327],[-48.7237415566015,-26.881474803452253],[-48.723659806146884,-26.88153665744584],[-48.72358929157976,-26.881540033194348],[-48.72355874814086,-26.881557589917318],[-48.72353606659489,-26.88155948046586],[-48.72351347546501,-26.881556860215227],[-48.72345895596464,-26.88151537117935],[-48.723438834784034,-26.881515046855352],[-48.723400474624924,-26.881546014306306],[-48.72339773342397,-26.881557250752728],[-48.72335708414746,-26.881576900661045],[-48.72328656955806,-26.881580276256155],[-48.723271297813255,-26.88158905458392],[-48.72324820933722,-26.88161124366145],[-48.72324735027703,-26.88165409621033],[-48.723329581633244,-26.881693775903447],[-48.72335894963994,-26.881734859568937],[-48.723391330142626,-26.881751174398932],[-48.7233905163424,-26.881791771553758],[-48.72337241294031,-26.881816297131156],[-48.72338705175198,-26.88183909435869],[-48.72337681028731,-26.881847953779914],[-48.72330629552867,-26.881851329374193],[-48.72329349368881,-26.88186240364267],[-48.72329132344739,-26.881970662712533],[-48.72333748378359,-26.882052627343164],[-48.72329683431386,-26.882072277221035],[-48.723274152663286,-26.8820741677206],[-48.7232515614412,-26.882071547422132],[-48.723221741247485,-26.88205301770445],[-48.72312616520621,-26.88205147695115],[-48.723034082050404,-26.882126700722768],[-48.722983326644545,-26.882148443706523],[-48.72296019277306,-26.8821728881213],[-48.72295937880396,-26.882213485261495],[-48.72296916813048,-26.882227179841973],[-48.72302112737561,-26.882270883921073],[-48.72306630988332,-26.88227612459242],[-48.723078659610536,-26.882287604317888],[-48.72308287600957,-26.88232828255715],[-48.723102454713676,-26.882355671703134],[-48.72310118860783,-26.882418822814635],[-48.72308838668104,-26.88242989705839],[-48.72301787156217,-26.882433272485002],[-48.72298732779332,-26.882450829061554],[-48.72284144808862,-26.882448477085447],[-48.72281162787442,-26.882429947280002],[-48.72276644532419,-26.88242470652411],[-48.722739185520766,-26.882403961862046],[-48.72271237798515,-26.882360663232973],[-48.722692256665326,-26.882360338793276],[-48.722653398517664,-26.8824161153645],[-48.722646197277406,-26.882524293265305],[-48.72262553319585,-26.88255103356688],[-48.722618088155265,-26.88279683117331],[-48.72260483385154,-26.882830459326247],[-48.722576759860225,-26.882850311755508],[-48.72255663845561,-26.882849987291053],[-48.72252681819225,-26.88283145742266],[-48.722456393291694,-26.88283032176038],[-48.72240181053615,-26.882917430418473],[-48.7223634043783,-26.882950652929736],[-48.722325450544275,-26.882961321474664],[-48.7222022520845,-26.882957078462926],[-48.722192372324216,-26.88294789462288],[-48.722210476169145,-26.882923369227896],[-48.722210838063425,-26.88290532606574],[-48.72220104878045,-26.882891631435946],[-48.72217378898347,-26.882870886665373],[-48.722128606304715,-26.88286564569638],[-48.72205194783135,-26.882798981676398],[-48.72201324322954,-26.882721649166026],[-48.721990878128445,-26.88270775168471],[-48.72196896544432,-26.882671300250546]],[[-48.71911707543384,-26.881858190360486],[-48.7191341832131,-26.88188328398434],[-48.7190900214956,-26.881952510586178],[-48.719084175850526,-26.881993026380442],[-48.71907384346505,-26.882006396248432],[-48.71904576912627,-26.882026247951337],[-48.71900049640621,-26.882025516791643],[-48.718938297130755,-26.88199067041191],[-48.71893408223009,-26.88194999214146],[-48.71888980616098,-26.881899642359986],[-48.718886044285576,-26.881836410185134],[-48.7188664667247,-26.881809020522184],[-48.71886728214187,-26.881768423495558],[-48.718887946908886,-26.881741683788388],[-48.718890869756805,-26.881721425896554],[-48.71889605760916,-26.88158839848165],[-48.71891672233362,-26.881561658767122],[-48.71891964516929,-26.881541400873612],[-48.718918896704444,-26.88145340002134],[-48.71889931919411,-26.881426010365217],[-48.71890058758081,-26.88136285942996],[-48.71892372209575,-26.88133841572275],[-48.71896944751983,-26.88131659298306],[-48.71891273188569,-26.881259273947407],[-48.71890083570424,-26.881225239983536],[-48.71890421151987,-26.881182428182907],[-48.718950480458524,-26.88113354075693],[-48.7189534032712,-26.881113282860497],[-48.718951748800755,-26.88107038981679],[-48.71890747303591,-26.881020040056246],[-48.71890536559529,-26.880999700919492],[-48.71891010034825,-26.880889227395677],[-48.7189282045062,-26.88086470243916],[-48.71891832519773,-26.880855518395602],[-48.71887314354612,-26.880850276443077],[-48.71886079441816,-26.880838796384143],[-48.71885703254778,-26.880775564203027],[-48.71883745515714,-26.88074817454424],[-48.718835347730376,-26.880727835406834],[-48.71883827054727,-26.88070757751236],[-48.71887420702898,-26.880672059956424],[-48.7188899319304,-26.880640728209407],[-48.71891306628808,-26.880616284492497],[-48.718948459152834,-26.880607831604337],[-48.71897827821682,-26.880626362160502],[-48.71899839917746,-26.880626687109718],[-48.71901120125706,-26.880615613246704],[-48.71901412403842,-26.88059535534612],[-48.71901201658046,-26.880575016209118],[-48.718967740963414,-26.880524666474745],[-48.7189644319939,-26.880438880381313],[-48.718917143063244,-26.88041329931602],[-48.71887277695199,-26.880367460339116],[-48.71899576721342,-26.880256640512393],[-48.7190110390653,-26.880247862655292],[-48.71905640166582,-26.880244082984717],[-48.71908739829042,-26.88020397334258],[-48.719107519177804,-26.880204298271554],[-48.719119868268386,-26.88021577830707],[-48.71914164371296,-26.88025899628153],[-48.71913140209329,-26.880267855384602],[-48.719086039483805,-26.88027163507883],[-48.71907323745241,-26.880282708952034],[-48.71907031469396,-26.880302966855837],[-48.71907061039676,-26.880413521638737],[-48.719090187794805,-26.880440911266295],[-48.719093043919436,-26.88054925127399],[-48.71911262134399,-26.880576640899758],[-48.719114728820095,-26.880596980036394],[-48.71911201118848,-26.880732303503237],[-48.719109088419,-26.880752561406375],[-48.71906327266383,-26.880778894990943],[-48.71905697414961,-26.88084196470321],[-48.71903630960094,-26.880868704451125],[-48.71903293385351,-26.880911516260372],[-48.71903504131675,-26.88093185539679],[-48.71910063971442,-26.881047977013758],[-48.719090398015744,-26.881056836108257],[-48.71904503508852,-26.88106061576893],[-48.71903479338461,-26.881069474859032],[-48.71905190103968,-26.881094568486766],[-48.719054008507165,-26.881114907622848],[-48.71905113339198,-26.88138333975023],[-48.71909540935318,-26.88143368947628],[-48.71909751683005,-26.8814540286117],[-48.71909117537709,-26.881769783321186],[-48.7190932828547,-26.88179012245614],[-48.71911286046988,-26.88181751209096],[-48.71911707543384,-26.881858190360486]]]},"properties":{"gid":32621,"classe":"Alta","sourceLayer":"ima-sgb-3"}},{"type":"Feature","geometry":{"type":"Polygon","coordinates":[[[-48.72114377500943,-26.870024787270644],[-48.72120551645379,-26.870082186339918],[-48.721244216853385,-26.870159518892788],[-48.72129150227946,-26.870185098976332],[-48.72133838066424,-26.87023097762681],[-48.72134066941214,-26.870242295178876],[-48.72138050066732,-26.870263242752593],[-48.72142567832234,-26.87026848365133],[-48.72143802666125,-26.870279963445512],[-48.72144224235969,-26.870320641732274],[-48.721479287404996,-26.870355081108805],[-48.721600002475384,-26.870357027938677],[-48.72163054303471,-26.870339471443145],[-48.72167837130317,-26.870337986625618],[-48.72170096015538,-26.87034060703044],[-48.721753004236305,-26.870379800473366],[-48.72176324471374,-26.870370941099512],[-48.72176405869331,-26.870330343925175],[-48.72172701356327,-26.870295904618324],[-48.72168174543076,-26.87029517461139],[-48.721653765010664,-26.870310516277836],[-48.7216264177156,-26.870294282361044],[-48.72160629854708,-26.870293957900998],[-48.721575757997215,-26.87031151439194],[-48.721553078704844,-26.870313404764136],[-48.72153048986327,-26.87031078433619],[-48.72151814151129,-26.870299304549345],[-48.721518955575874,-26.870258707381534],[-48.72156723605657,-26.870234668616764],[-48.721587807457375,-26.870212439098307],[-48.72157070066893,-26.870187345810415],[-48.72157106246553,-26.87016930262382],[-48.72158386305317,-26.870158228422184],[-48.7216795194358,-26.87015525879287],[-48.72171051214455,-26.870115148289837],[-48.721755870647826,-26.870111367485777],[-48.72179216442039,-26.87005780567928],[-48.72175758903341,-26.87002566233695],[-48.72173746991059,-26.87002533789857],[-48.721708946907455,-26.870067744364274],[-48.721655274961435,-26.870109745259295],[-48.721532000031964,-26.870110013332724],[-48.721509411231246,-26.870107392903915],[-48.72149706290203,-26.87009591311645],[-48.72149832922456,-26.870032761965515],[-48.72154660960924,-26.870008723201305],[-48.721567180969444,-26.869986493682887],[-48.72150315061741,-26.869917777212326],[-48.72153899218894,-26.869886769456784],[-48.72158435060179,-26.869882988702326],[-48.72159715115375,-26.86987191449696],[-48.72159751294122,-26.869853871309214],[-48.72158516462807,-26.869842391530252],[-48.721464450105394,-26.869840444722087],[-48.72143637932295,-26.869860297148023],[-48.7214286085306,-26.86987145245852],[-48.72144571524415,-26.869896545759683],[-48.721449478676625,-26.869959778029607],[-48.72146905506953,-26.86998716728703],[-48.721468693259574,-26.870005210472815],[-48.72145589267994,-26.870016284664608],[-48.72143321344644,-26.870018175021205],[-48.72141062466735,-26.87001555457786],[-48.72135611121145,-26.86997406506511],[-48.721285784794404,-26.8699684185244],[-48.72127343650335,-26.869956938719557],[-48.72127425064326,-26.869916341556692],[-48.72129491249449,-26.86988960128404],[-48.72129527433022,-26.86987155810014],[-48.721282926047905,-26.869860078296576],[-48.72123774856407,-26.86985483736253],[-48.721207931785294,-26.86983630741287],[-48.72116266385218,-26.869835577251223],[-48.721101673345416,-26.86986617924752],[-48.7211115519559,-26.86987536310224],[-48.721207027162095,-26.869881415369996],[-48.72124407199836,-26.869915854796684],[-48.72124371015383,-26.869933897979834],[-48.721180159491354,-26.869966714841812],[-48.72113480104156,-26.869970495463402],[-48.72110426051771,-26.86998805185397],[-48.72105890205874,-26.8699918324505],[-48.72104340561622,-26.87001188762565],[-48.721106277838274,-26.87001290179432],[-48.72114377500943,-26.870024787270644]]]},"properties":{"gid":51729,"classe":"Media","sourceLayer":"ima-sgb-3"}},{"type":"Feature","geometry":{"type":"Polygon","coordinates":[[[-48.72087351936779,-26.867820703573585],[-48.720845449018256,-26.86784055591223],[-48.72064920100358,-26.867841902282727],[-48.7206186610112,-26.86785945860449],[-48.72057330340414,-26.867863239098646],[-48.72056050300138,-26.867874313222046],[-48.7205447805911,-26.867905645347914],[-48.7204832481147,-26.86796331190778],[-48.720481981341706,-26.86802646303248],[-48.72052670563978,-26.86805425813517],[-48.72052881331441,-26.868074597285165],[-48.72051556046785,-26.868108225375767],[-48.720456587949464,-26.86816367709151],[-48.720463951519804,-26.86817282040573],[-48.720489099991255,-26.86817322615405],[-48.720517125242836,-26.868155629293543],[-48.72058763143645,-26.86815225455556],[-48.7206004318702,-26.868141180431902],[-48.72060672827424,-26.86807811044787],[-48.72061952869734,-26.868067036321726],[-48.72063964745792,-26.868067360897406],[-48.720651995490044,-26.868078840743536],[-48.72065621088518,-26.8681195190425],[-48.720668558924345,-26.86813099888755],[-48.720688677696934,-26.86813132345698],[-48.72071674814731,-26.86811147115652],[-48.72074527095659,-26.868069064872866],[-48.72079062864501,-26.868065284328377],[-48.72080342904994,-26.868054210184315],[-48.72080424329069,-26.868013613023866],[-48.72076289326588,-26.867943006017732],[-48.72082177505174,-26.867892064951544],[-48.72083165347883,-26.867901248815944],[-48.72083541658907,-26.867964481092933],[-48.720872460725175,-26.867998920579176],[-48.72089257947726,-26.867999245118117],[-48.72095859867801,-26.867968724277027],[-48.72099699980488,-26.86793550178958],[-48.72105157549148,-26.867848393118546],[-48.72112208149867,-26.8678450181005],[-48.721178222102346,-26.867805313301016],[-48.7212234892276,-26.86780604340684],[-48.72125330550204,-26.867824573324633],[-48.721323630596785,-26.86783021979926],[-48.721353446895264,-26.8678487496973],[-48.72137603524519,-26.867851370123265],[-48.72149930771186,-26.867851102031345],[-48.721529847580676,-26.867833545510344],[-48.72157511472826,-26.867834275504265],[-48.72162495937154,-26.867857640583193],[-48.72163730748888,-26.86786912034829],[-48.72163941536291,-26.867889459494517],[-48.721636493550676,-26.86790971753316],[-48.72161336254822,-26.86793416193713],[-48.72159809260657,-26.867942940207012],[-48.72155273497387,-26.867946721015745],[-48.7215246646996,-26.86796657349463],[-48.721498159603364,-26.868033829900636],[-48.72141888790438,-26.868097979192946],[-48.72139876912743,-26.86809765472781],[-48.721388890635524,-26.86808847089936],[-48.72140699202471,-26.86806394542152],[-48.72140735381407,-26.868045902231557],[-48.721397475325595,-26.86803671840387],[-48.721343894742496,-26.868074208447602],[-48.721321215898946,-26.868076098811038],[-48.72129862750668,-26.868073478373628],[-48.7212862794053,-26.868061998579986],[-48.7212820637835,-26.868021320285397],[-48.72127218530783,-26.8680121364497],[-48.721223996209,-26.868031664379263],[-48.72121119584481,-26.868042738564228],[-48.72115369826359,-26.868150105318776],[-48.7211408978788,-26.868161179495917],[-48.72109554015465,-26.868164960151212],[-48.7210827397628,-26.868176034322612],[-48.72107689591744,-26.868216550361684],[-48.72106656513632,-26.86822992049343],[-48.72103849471075,-26.868249772865127],[-48.72101828544874,-26.86825395914032],[-48.72098729306693,-26.868294069517727],[-48.720954283376116,-26.868309329942765],[-48.720948439474746,-26.86834984597249],[-48.7209303379407,-26.868374371381517],[-48.7210471338328,-26.868446195323017],[-48.72105134937374,-26.86848687361805],[-48.72106845581575,-26.868511966951036],[-48.7210606850915,-26.868523122246778],[-48.72099713520413,-26.86855593907887],[-48.720945933397964,-26.86860023570496],[-48.720895183901554,-26.868621978332158],[-48.72087205259193,-26.868646422593198],[-48.720865756278066,-26.868709492591684],[-48.72085295579989,-26.868720566736187],[-48.72080759784851,-26.86872434728398],[-48.72077907487773,-26.868766753567716],[-48.72074067339155,-26.868799975970532],[-48.720702724274446,-26.868810644387427],[-48.7205794508186,-26.86881091171795],[-48.72056665030233,-26.868821985833847],[-48.72056628836741,-26.868840029011253],[-48.7205786364695,-26.868851508867458],[-48.720598755368336,-26.868851833457708],[-48.72062929564239,-26.868834277159543],[-48.720674563159974,-26.868835007466913],[-48.72070181949095,-26.8688557523352],[-48.72071627532135,-26.868887571328614],[-48.72073841146748,-26.86891274584253],[-48.72077590823818,-26.868924631392915],[-48.7207985872545,-26.868922741128557],[-48.72082701978845,-26.8688848456389],[-48.72085436663343,-26.868901079684925],[-48.720874485544904,-26.868901404236464],[-48.720925235173766,-26.868879661625638],[-48.720956227752474,-26.86883955127639],[-48.7210267343765,-26.868836176345376],[-48.72103953485288,-26.868825102185045],[-48.7210453787598,-26.86878458615354],[-48.72105817922828,-26.868773511990955],[-48.7211035371974,-26.868769731363386],[-48.72111880728929,-26.86876095315736],[-48.721167539479666,-26.86871436050839],[-48.72117428792183,-26.868628736503982],[-48.7211870883599,-26.868617662327594],[-48.72120720722588,-26.868617986828646],[-48.721236571418125,-26.86865907074409],[-48.72133460570583,-26.86866290802601],[-48.72135728466727,-26.86866101766796],[-48.72137008509267,-26.868649943474132],[-48.721371351406546,-26.868586792315895],[-48.72135900324555,-26.868575312525365],[-48.721238380543305,-26.868568854812075],[-48.721226032398484,-26.86855737501088],[-48.72122775106799,-26.868471669874893],[-48.72124055148232,-26.868460595691975],[-48.721260670321264,-26.86846092018367],[-48.72129048676597,-26.868479450103276],[-48.72133566371131,-26.868484690987007],[-48.72136548017543,-26.86850322089189],[-48.7213880686548,-26.86850584132393],[-48.72141074758445,-26.8685039509552],[-48.72142354798611,-26.868492876754868],[-48.721439270255615,-26.86846154452338],[-48.72150080256901,-26.868403877536977],[-48.72150664627938,-26.86836336147241],[-48.72155245629362,-26.86833702670048],[-48.721568178503745,-26.86830569445039],[-48.721629710665404,-26.868248027397183],[-48.721661155006636,-26.868185362872403],[-48.721707417092944,-26.868136474051067],[-48.721713260709,-26.868095957971015],[-48.72174919204709,-26.868060439316345],[-48.721775244843144,-26.86801573684786],[-48.72186237733044,-26.867935921191812],[-48.7219379753739,-26.86780402853998],[-48.72191853483682,-26.867769873157492],[-48.72190591541987,-26.86777192581346],[-48.72185475953419,-26.867813967418794],[-48.72182623719322,-26.86785637395819],[-48.72175326154627,-26.867857453377756],[-48.721730673181696,-26.867854833011535],[-48.7217008568139,-26.86783630318918],[-48.72165568009815,-26.867831062437066],[-48.72160116753144,-26.867789573067633],[-48.72158104880651,-26.86778924863188],[-48.7215505089572,-26.86780680516532],[-48.721527830168256,-26.867808695565586],[-48.72140464819223,-26.867804452887675],[-48.72137739195949,-26.867783708160058],[-48.72135058797888,-26.867740409440227],[-48.72125511454866,-26.86773435738092],[-48.72121852263563,-26.867677364006365],[-48.72121888444885,-26.867659320817793],[-48.721239545860115,-26.867632580520283],[-48.72124246773151,-26.86761232249315],[-48.72124307348516,-26.867456659425777],[-48.721171545381324,-26.86738556580539],[-48.721136518659456,-26.867375976347677],[-48.72109766548684,-26.86743175287463],[-48.72109136941775,-26.867494822905346],[-48.72102782013696,-26.867527639792478],[-48.720982462666605,-26.86753142042746],[-48.72096719273813,-26.867540198629914],[-48.72094406168171,-26.867564642921078],[-48.72092833942347,-26.867595975100283],[-48.72089240800338,-26.86763149354129],[-48.720891593807565,-26.867672090706428],[-48.72093631808331,-26.867699885678167],[-48.72093842583019,-26.867720224827202],[-48.720935503900755,-26.86774048284416],[-48.72088924167665,-26.867789371404296],[-48.72087351936779,-26.867820703573585]]]},"properties":{"gid":51739,"classe":"Media","sourceLayer":"ima-sgb-3"}},{"type":"Feature","geometry":{"type":"Polygon","coordinates":[[[-48.72006512769528,-26.884513161275557],[-48.7200523252415,-26.884524235207323],[-48.71995665676338,-26.884527202962055],[-48.71992565913034,-26.884567312717433],[-48.719892644412035,-26.884582572554383],[-48.7198892687657,-26.884625384376793],[-48.71989137640019,-26.88464572350461],[-48.719903726023546,-26.884657203500375],[-48.71995357739261,-26.884680569562477],[-48.72002400331707,-26.884681706544242],[-48.720054548121645,-26.884664150680877],[-48.720077230306366,-26.884662260735404],[-48.72012497404091,-26.884665287611686],[-48.72013485376115,-26.88467447159329],[-48.72011674917947,-26.884698996670544],[-48.720110450858606,-26.884762066420834],[-48.72010020887507,-26.88477092556815],[-48.7200728585038,-26.88475469117526],[-48.72005273679706,-26.88475436633305],[-48.72003993431309,-26.884765440261543],[-48.72003957204495,-26.884783483391644],[-48.7200843025047,-26.884811278983427],[-48.72008303458685,-26.88487442994008],[-48.72007270202434,-26.884887799867073],[-48.71999597756706,-26.884949732640514],[-48.719968627171184,-26.88493349822601],[-48.71994603550283,-26.884930877368333],[-48.71992335326353,-26.884932767289136],[-48.71991311125,-26.884941626420805],[-48.719930219624246,-26.88496671997847],[-48.71993443491157,-26.885007398232755],[-48.719946784576074,-26.885018878226965],[-48.720017120141016,-26.885024526007587],[-48.720029469816176,-26.88503600599518],[-48.72002820185553,-26.8850991569474],[-48.71998494496294,-26.885123275934365],[-48.71999482470807,-26.88513245992703],[-48.720040008129125,-26.8851377016283],[-48.720079164874605,-26.88519248071083],[-48.72011419686659,-26.885202070749752],[-48.72017820949089,-26.88514670107662],[-48.72018405499966,-26.885106185239298],[-48.72019429700944,-26.885097326087774],[-48.72024167869106,-26.8851183960678],[-48.72027104631861,-26.885159480342942],[-48.72029116810016,-26.885159805158573],[-48.720329575618905,-26.885126583306185],[-48.720355633397695,-26.88508188148135],[-48.72035599562032,-26.885063838348046],[-48.72029424707901,-26.885006438532415],[-48.72024906369163,-26.885001196915017],[-48.72018686243023,-26.884966350972043],[-48.720188130295405,-26.884903200011642],[-48.72022653774937,-26.884869978182607],[-48.720249219974804,-26.88486808821195],[-48.720271811641574,-26.884870709020767],[-48.72030163200916,-26.88488923937128],[-48.72037205808007,-26.88489037618771],[-48.72038486054904,-26.884879302228107],[-48.720388236024384,-26.884836490383925],[-48.72038612829939,-26.884816151258207],[-48.72034139775637,-26.88478835575731],[-48.720341759976655,-26.884770312623438],[-48.72035986452457,-26.8847457875152],[-48.720342756080704,-26.884720694005],[-48.72033944619562,-26.884634907917434],[-48.720315199638904,-26.884589394078418],[-48.72020570767345,-26.884528967429407],[-48.72019591851864,-26.884515272669855],[-48.7201921559403,-26.88445204050002],[-48.72017980630649,-26.88444056052876],[-48.72015968465388,-26.884440235705284],[-48.72012913992679,-26.884457791596734],[-48.72010901827183,-26.884457466765834],[-48.720096668646455,-26.884445986787817],[-48.7200972778711,-26.884290324171484],[-48.72009517020106,-26.88426998504388],[-48.72008529051689,-26.884260801061437],[-48.72007504857985,-26.884269660210247],[-48.7200721258401,-26.884289918129078],[-48.72006512769528,-26.884513161275557]]]},"properties":{"gid":35014,"classe":"Media","sourceLayer":"ima-sgb-3"}},{"type":"Feature","geometry":{"type":"Polygon","coordinates":[[[-48.73920587725988,-26.884448604440973],[-48.73917852394048,-26.884432373583675],[-48.73911708049063,-26.884485537331706],[-48.739109894594534,-26.884593717019087],[-48.73908923378974,-26.884620459943704],[-48.739088874549076,-26.884638503313017],[-48.73910845764464,-26.88466589049736],[-48.73910809840632,-26.884683933866803],[-48.73909785780601,-26.884692794486437],[-48.73906327305276,-26.884660654857573],[-48.7390599489787,-26.88457486832101],[-48.73903780576149,-26.884549696285223],[-48.73902536427025,-26.88454272868527],[-48.73897178077002,-26.88458022521628],[-48.738951658829905,-26.884579903067305],[-48.73889713185406,-26.884538419566884],[-48.73887700992238,-26.884538097407738],[-48.73886676931937,-26.88454695801047],[-48.73892605732284,-26.88460205458628],[-48.73897124188186,-26.884607290268182],[-48.73898112322568,-26.8846164730258],[-48.73893742101925,-26.884663152297207],[-48.73893706175381,-26.884681195664523],[-48.73895920497083,-26.88470636771589],[-48.73900650065679,-26.88473194244689],[-48.739011171893985,-26.884750066350932],[-48.7390333151406,-26.884775238392294],[-48.73904575665678,-26.88478220599298],[-48.739084518189316,-26.884730935313353],[-48.73911991125344,-26.88472247735726],[-48.73915696638403,-26.884756912660823],[-48.73916029052626,-26.884842699197993],[-48.73918243382424,-26.884867871218862],[-48.73921993804911,-26.88487975229665],[-48.739318077688495,-26.884879067154344],[-48.73934614954016,-26.884859211247843],[-48.73937997027511,-26.88480334911336],[-48.73937008888174,-26.884794166380868],[-48.739324904220645,-26.88478893082099],[-48.739312552486595,-26.884777452400886],[-48.739313360702546,-26.884736854814356],[-48.73940992785256,-26.884688765484047],[-48.73941028704302,-26.884670722110855],[-48.739390703870605,-26.884643334963798],[-48.73938859271828,-26.884622995908035],[-48.73939196104395,-26.884580183157826],[-48.73941262177277,-26.88455344018384],[-48.73941342994514,-26.884512842593224],[-48.73939128665624,-26.884487670608554],[-48.73934143083074,-26.88446431116658],[-48.73930181558879,-26.884432091071837],[-48.73928169367031,-26.884431768971492],[-48.739251151581264,-26.884449329187436],[-48.73920587725988,-26.884448604440973]]]},"properties":{"gid":35015,"classe":"Media","sourceLayer":"ima-sgb-3"}},{"type":"Feature","geometry":{"type":"Polygon","coordinates":[[[-48.725393279019805,-26.883170948380442],[-48.72531399810944,-26.883235099206644],[-48.72528798786973,-26.883277546707447],[-48.72527536674411,-26.883279599555774],[-48.725290051295666,-26.88330014121753],[-48.725372284606976,-26.883339819831914],[-48.72537101970884,-26.883402971034467],[-48.72533463244101,-26.883461044305736],[-48.72518101007391,-26.883593937631623],[-48.72513923080726,-26.883669973012903],[-48.72507814314926,-26.88370508707075],[-48.72506781126393,-26.88371845740926],[-48.72506196759335,-26.88375897357047],[-48.72504130380575,-26.883785714243135],[-48.72504003869928,-26.88384886542715],[-48.725084770157494,-26.8838766594913],[-48.7250835050702,-26.883939810676416],[-48.72506284125117,-26.883966551349854],[-48.72505991940581,-26.88398680942935],[-48.72505766028303,-26.88409957939862],[-48.725059768847565,-26.884119918508357],[-48.725104048594986,-26.88417026656648],[-48.72510276851803,-26.884359760629692],[-48.72523863523103,-26.884359692975668],[-48.72531993527289,-26.88432039216122],[-48.72539045159035,-26.884317015654677],[-48.725471751554736,-26.884277714747324],[-48.725542267847004,-26.884274338162932],[-48.725555069773904,-26.88426326369728],[-48.72556091331006,-26.884222747508876],[-48.72562447116524,-26.884189929158275],[-48.725745201279864,-26.88419187337035],[-48.725775022462074,-26.88421040261096],[-48.72579761419597,-26.88421302253521],[-48.72589575261109,-26.884212346695776],[-48.72590855449853,-26.884201272195348],[-48.7259143979047,-26.884160755983835],[-48.7259626837163,-26.884136716072796],[-48.72600108932563,-26.88410349254613],[-48.72601434282608,-26.88406986402583],[-48.72601268572472,-26.88402697091068],[-48.726002895876114,-26.884013276511645],[-48.72594069316707,-26.883978433023156],[-48.72592102316747,-26.883955555017533],[-48.725990333805335,-26.88388673107072],[-48.72599617715758,-26.883846214851314],[-48.72600897899184,-26.883835140338032],[-48.726054342978706,-26.883831358495538],[-48.72612059632686,-26.8837895587899],[-48.72614642575829,-26.883756132731033],[-48.72617180357657,-26.883745260678655],[-48.72616951417395,-26.883733943177365],[-48.72612473731603,-26.883708404844516],[-48.726125098600995,-26.883690361635164],[-48.72614320176645,-26.88366583569204],[-48.726085939267115,-26.883635584068404],[-48.7260323523264,-26.883673075449554],[-48.72596192673221,-26.883671941501643],[-48.725934666014574,-26.883651197404586],[-48.7259248762047,-26.883637503002106],[-48.7259252375203,-26.883619459795074],[-48.725971504690435,-26.88357056995491],[-48.725971865997586,-26.88355252674713],[-48.725961985863506,-26.88354334314923],[-48.72580598435989,-26.88366943049225],[-48.72578586276493,-26.88366910647851],[-48.7257586020828,-26.8836483623495],[-48.72574881229534,-26.88363466793615],[-48.72574459492254,-26.88359398972027],[-48.72573224477556,-26.883582510204135],[-48.72571212319703,-26.883582186180874],[-48.72564856571826,-26.883615004596546],[-48.72564272226138,-26.883655520795738],[-48.72560687708697,-26.88368652933452],[-48.72558253817699,-26.88364552707532],[-48.72554804814995,-26.88360887358962],[-48.725551811801566,-26.88329533243581],[-48.72554970315201,-26.88327499332665],[-48.72553259370752,-26.88324990038253],[-48.72554813655712,-26.88322758941256],[-48.72553102711931,-26.883202496468563],[-48.72552891847393,-26.883182157359197],[-48.72553274363021,-26.883116791252956],[-48.7255534071735,-26.88309005049106],[-48.725556328895934,-26.883069792392003],[-48.7255542202466,-26.88304945328254],[-48.72551964005277,-26.88301731059991],[-48.725509398628944,-26.883026170178315],[-48.725506476899916,-26.883046428276053],[-48.72550174829654,-26.88315690238882],[-48.725488946498075,-26.883167976858754],[-48.725393279019805,-26.883170948380442]]]},"properties":{"gid":35019,"classe":"Media","sourceLayer":"ima-sgb-3"}},{"type":"Feature","geometry":{"type":"Polygon","coordinates":[[[-48.73902386971053,-26.88196393632807],[-48.73900374823301,-26.881963614215394],[-48.73896390940036,-26.88194267118508],[-48.738965795951756,-26.881974287355547],[-48.73898537860655,-26.882001674535882],[-48.73898412134735,-26.882064826347126],[-48.73897132090079,-26.8820759021318],[-48.73895119940418,-26.88207558001041],[-48.73892384667063,-26.882059349136753],[-48.738913606309744,-26.882068209759986],[-48.73891324708083,-26.882086253133615],[-48.73895798161849,-26.882114042976347],[-48.73895762239591,-26.88213208635042],[-48.73894482193886,-26.882143162131953],[-48.7389247004307,-26.882142840006054],[-48.73889487740186,-26.882124313438574],[-48.73887475589775,-26.882123991305757],[-48.73886195543416,-26.88213506707935],[-48.738860698099124,-26.88219821888401],[-48.73887304952395,-26.882209697327117],[-48.73894347484289,-26.88221082478358],[-48.73897401634497,-26.882193264594402],[-48.73899413786274,-26.88219358671384],[-48.73900401901356,-26.88220276945972],[-48.73891697582714,-26.882278084774317],[-48.73884646065713,-26.88228146814512],[-48.73883622026925,-26.88229032876083],[-48.73885333265299,-26.882315420270537],[-48.73885544369798,-26.882335759331767],[-48.73885252435727,-26.882356017858044],[-48.738831863943155,-26.88238276077447],[-48.738830157517924,-26.882468466790137],[-48.738874443124395,-26.882518810881034],[-48.738876554174155,-26.882539149941874],[-48.73887138955549,-26.882672179541416],[-48.73884533943142,-26.882716885291263],[-48.73883509900151,-26.88272574590393],[-48.73880774613686,-26.882709515000396],[-48.73878762453032,-26.882709192848733],[-48.738731481761384,-26.882748904498705],[-48.73863334399338,-26.88274958934824],[-48.73861075209173,-26.882746971477957],[-48.73858092896821,-26.88272844483888],[-48.73851059317187,-26.882722806339977],[-48.73848077007239,-26.882704279681075],[-48.738410434299794,-26.8826986411335],[-48.73839808287553,-26.88268716265024],[-48.738394310097796,-26.882623930318214],[-48.73835977105776,-26.88258953513946],[-48.73833461908399,-26.882589132371333],[-48.738324333713074,-26.882600248365943],[-48.738321414267936,-26.882620506874183],[-48.73831490148316,-26.882821199027426],[-48.7382917705697,-26.882845646151672],[-48.738243487611896,-26.88286969048322],[-48.73824056814177,-26.88288994898773],[-48.738239445176404,-26.88294633449736],[-48.73825197628349,-26.88294879131331],[-48.738303987079306,-26.882990234730983],[-48.73834917095813,-26.88299547057123],[-48.7383785449461,-26.88303655146633],[-48.73842839994253,-26.883059911201208],[-48.73844852160617,-26.883060233407917],[-48.738479063415326,-26.883042673346868],[-48.738599793388175,-26.883044606499723],[-48.7386121448703,-26.883056084968523],[-48.738616366880656,-26.883096763090528],[-48.738626158249176,-26.883110456706635],[-48.7386879157322,-26.883167849032198],[-48.738702827357265,-26.88317711234478],[-48.73877316345044,-26.88318275076573],[-48.7388523928166,-26.88324719117935],[-48.73889757683576,-26.883252426851826],[-48.738936742513204,-26.88330720124561],[-48.73897424620418,-26.883319082357247],[-48.739011974424095,-26.88331968635209],[-48.739037351089166,-26.88330881190223],[-48.7390757528487,-26.883275584556447],[-48.73911213329368,-26.883217507296504],[-48.73911249250859,-26.88319946392327],[-48.73906865557454,-26.883126565672235],[-48.739066544487386,-26.88310622661299],[-48.73907036186842,-26.883040859650407],[-48.73909641199136,-26.882996153860013],[-48.73914469484704,-26.882972109229136],[-48.73921116782266,-26.882919025930406],[-48.73925653133159,-26.88291523979322],[-48.73926933185337,-26.88290416398808],[-48.739269691038444,-26.88288612061209],[-48.739225854105015,-26.882813222408167],[-48.73922396748512,-26.882781606239234],[-48.73922711127052,-26.882750070593055],[-48.73927292368895,-26.88272373022584],[-48.739273282870656,-26.882705686849345],[-48.73926093135255,-26.882694208436085],[-48.73919059551714,-26.882688570275267],[-48.739178244009686,-26.882677091855406],[-48.739153990001654,-26.882631580793845],[-48.739152103400954,-26.882599964624653],[-48.73911482442249,-26.88257680646354],[-48.73908077907654,-26.882517601808125],[-48.73907745492603,-26.88243181525108],[-48.739033618273524,-26.88235891700183],[-48.73903397748756,-26.88234087362737],[-48.73904677796034,-26.882329797838903],[-48.739117293162295,-26.882326414369537],[-48.73913256391874,-26.8823176342573],[-48.739155694545325,-26.88229318697551],[-48.73917141428323,-26.88226185263818],[-48.739199485475254,-26.882241996715198],[-48.739322774744785,-26.882241714036198],[-48.73934545636278,-26.88223982094277],[-48.739355696708905,-26.882230960287274],[-48.73931087222824,-26.882207681406637],[-48.73928872937339,-26.88218250942786],[-48.739285405055426,-26.882096722862745],[-48.739275613681755,-26.88208302929106],[-48.739213407453434,-26.88204819145473],[-48.73917424202374,-26.88199341714757],[-48.73913929881925,-26.881979320952897],[-48.73907749679257,-26.881924184264157],[-48.73905234495359,-26.881923781632956],[-48.73903667013886,-26.881952860537357],[-48.73902386971053,-26.88196393632807]]]},"properties":{"gid":35025,"classe":"Media","sourceLayer":"ima-sgb-3"}},{"type":"Feature","geometry":{"type":"Polygon","coordinates":[[[-48.71899839917746,-26.880626687109718],[-48.71897827821682,-26.880626362160502],[-48.718948459152834,-26.880607831604337],[-48.71891306628808,-26.880616284492497],[-48.7188899319304,-26.880640728209407],[-48.71887420702898,-26.880672059956424],[-48.71883827054727,-26.88070757751236],[-48.718835347730376,-26.880727835406834],[-48.71883745515714,-26.88074817454424],[-48.71885703254778,-26.880775564203027],[-48.71886079441816,-26.880838796384143],[-48.71887314354612,-26.880850276443077],[-48.71891832519773,-26.880855518395602],[-48.7189282045062,-26.88086470243916],[-48.71891010034825,-26.880889227395677],[-48.71890536559529,-26.880999700919492],[-48.71890747303591,-26.881020040056246],[-48.718951748800755,-26.88107038981679],[-48.7189534032712,-26.881113282860497],[-48.718950480458524,-26.88113354075693],[-48.71890421151987,-26.881182428182907],[-48.71890083570424,-26.881225239983536],[-48.71891273188569,-26.881259273947407],[-48.71896944751983,-26.88131659298306],[-48.71892372209575,-26.88133841572275],[-48.71890058758081,-26.88136285942996],[-48.71889931919411,-26.881426010365217],[-48.718918896704444,-26.88145340002134],[-48.71891964516929,-26.881541400873612],[-48.71891672233362,-26.881561658767122],[-48.71889605760916,-26.88158839848165],[-48.718890869756805,-26.881721425896554],[-48.718887946908886,-26.881741683788388],[-48.71886728214187,-26.881768423495558],[-48.7188664667247,-26.881809020522184],[-48.718886044285576,-26.881836410185134],[-48.71888980616098,-26.881899642359986],[-48.71893408223009,-26.88194999214146],[-48.718938297130755,-26.88199067041191],[-48.71900049640621,-26.882025516791643],[-48.719023087467704,-26.882028137763836],[-48.71906104122358,-26.882017470105616],[-48.719084175850526,-26.881993026380442],[-48.7190900214956,-26.881952510586178],[-48.7191341832131,-26.88188328398434],[-48.71911707543384,-26.881858190360486],[-48.71911286046988,-26.88181751209096],[-48.7190932828547,-26.88179012245614],[-48.71909751683005,-26.8814540286117],[-48.71909540935318,-26.88143368947628],[-48.71905113339198,-26.88138333975023],[-48.719054008507165,-26.881114907622848],[-48.71905190103968,-26.881094568486766],[-48.71903479338461,-26.881069474859032],[-48.71904503508852,-26.88106061576893],[-48.719090398015744,-26.881056836108257],[-48.71910063971442,-26.881047977013758],[-48.71903504131675,-26.88093185539679],[-48.71903293385351,-26.880911516260372],[-48.71903630960094,-26.880868704451125],[-48.71905697414961,-26.88084196470321],[-48.71906327266383,-26.880778894990943],[-48.719109088419,-26.880752561406375],[-48.71911201118848,-26.880732303503237],[-48.71911262134399,-26.880576640899758],[-48.719093043919436,-26.88054925127399],[-48.719090187794805,-26.880440911266295],[-48.71907061039676,-26.880413521638737],[-48.71906850292944,-26.880393182501674],[-48.71907323745241,-26.880282708952034],[-48.719086039483805,-26.88027163507883],[-48.71913140209329,-26.880267855384602],[-48.71914164371296,-26.88025899628153],[-48.719107519177804,-26.880204298271554],[-48.71908739829042,-26.88020397334258],[-48.71905640166582,-26.880244082984717],[-48.7190110390653,-26.880247862655292],[-48.71899576721342,-26.880256640512393],[-48.71887277695199,-26.880367460339116],[-48.718917143063244,-26.88041329931602],[-48.7189644319939,-26.880438880381313],[-48.718967740963414,-26.880524666474745],[-48.71901201658046,-26.880575016209118],[-48.71901120125706,-26.880615613246704],[-48.71899839917746,-26.880626687109718]]]},"properties":{"gid":35029,"classe":"Media","sourceLayer":"ima-sgb-3"}},{"type":"Feature","geometry":{"type":"Polygon","coordinates":[[[-48.73908314457155,-26.880250218052993],[-48.73906302339666,-26.880249895967683],[-48.739035671065146,-26.88023366513835],[-48.73900769016746,-26.880249010218368],[-48.73896232772908,-26.880252796342994],[-48.73886082384114,-26.88029629424571],[-48.738806254552784,-26.880383410142898],[-48.73877818378303,-26.880403266016923],[-48.738732821280685,-26.88040705206339],[-48.738722581065076,-26.88041591268305],[-48.73873722292566,-26.88043870850458],[-48.73872698270732,-26.88044756912436],[-48.73858110397962,-26.880445233557655],[-48.73856875276445,-26.880433755100206],[-48.73856453079609,-26.880393076969895],[-48.73855473964429,-26.880379383359802],[-48.738480093541966,-26.88033757764932],[-48.738428982209804,-26.880377369800588],[-48.73838721286576,-26.880453409766123],[-48.73834351216565,-26.88050008896398],[-48.738360624196666,-26.88052518051558],[-48.73836215138906,-26.880701183925424],[-48.73838173369587,-26.880728571171215],[-48.7383813744033,-26.88074661454164],[-48.73836327427523,-26.880771142258858],[-48.73837791610101,-26.88079393811497],[-48.73835981596388,-26.880818465831073],[-48.73835397722596,-26.8808589828648],[-48.73830524602379,-26.880905581488875],[-48.73828997540879,-26.880914361521093],[-48.73821946109494,-26.88091774463105],[-48.73820666071725,-26.88092882035145],[-48.73820082191641,-26.88096933737447],[-48.73815411168364,-26.881040785845585],[-48.738151192270166,-26.88106104435503],[-48.73815330318267,-26.881081383420746],[-48.73817522099402,-26.881117832656408],[-48.73824744212686,-26.881155087430454],[-48.738247082806346,-26.881173130798107],[-48.738185551002246,-26.881230805087974],[-48.738175220834385,-26.881244176501287],[-48.73817486150101,-26.881262219867804],[-48.738194443846886,-26.881289607140808],[-48.73819588102235,-26.88134377751838],[-48.738233159408956,-26.88136693588887],[-48.73825997289102,-26.881410231932048],[-48.73829235571347,-26.88142654347247],[-48.738296128446265,-26.881489775811048],[-48.73831571085771,-26.881517163070715],[-48.73831782180201,-26.88153750213513],[-48.73831400410702,-26.881602869066246],[-48.73829334372306,-26.8816296119071],[-48.73829042431088,-26.881649870418485],[-48.738292086099484,-26.881692763691422],[-48.738311668541115,-26.881720150953036],[-48.73831086007267,-26.881760748528748],[-48.738248429630055,-26.88186353123895],[-48.73818487633797,-26.881896355595238],[-48.7381643057026,-26.88191858756975],[-48.73820320109491,-26.88198689464939],[-48.73818510071144,-26.882011422325014],[-48.738181058312314,-26.882088066345517],[-48.73820342548,-26.882101961378943],[-48.73820508722898,-26.882144854648743],[-48.73820216778078,-26.882165113155125],[-48.73818150725907,-26.882191855969573],[-48.73817521916341,-26.882254927185258],[-48.738129406715615,-26.88228126719366],[-48.738126038051654,-26.882324079901057],[-48.7381281489655,-26.882344418964983],[-48.738172434199285,-26.882394763254474],[-48.73817432052708,-26.88242637942033],[-48.73820957815441,-26.882424687910763],[-48.738240119817824,-26.88240712789159],[-48.738310635060714,-26.88240374482981],[-48.73832343560656,-26.882392669111873],[-48.73833219405712,-26.882079205905697],[-48.7383300831077,-26.882058866842126],[-48.738312970878866,-26.882033775277797],[-48.7383285111403,-26.882011462728823],[-48.73831386918678,-26.88198866686201],[-48.738358019662776,-26.881919433510195],[-48.738365655044575,-26.8817886996482],[-48.73838375535156,-26.88176417194404],[-48.73836664314972,-26.881739080387288],[-48.738367900734374,-26.881675928600135],[-48.73838070118742,-26.881664852870475],[-48.73840082260335,-26.881665175068555],[-48.7384281751636,-26.881681406033778],[-48.738464016412394,-26.88165039397116],[-48.738464824822266,-26.881609796390514],[-48.73842053973086,-26.88155945219867],[-48.738421797275805,-26.881496300407548],[-48.73847007959363,-26.881472255971794],[-48.738508480843976,-26.881439028743934],[-48.73854486090606,-26.881380951597624],[-48.73854522018252,-26.881362908226787],[-48.73852563773695,-26.881335520996625],[-48.738523526756104,-26.881315181932678],[-48.738526446113795,-26.88129492341245],[-48.73854710637842,-26.88126818052906],[-48.73854746565277,-26.88125013715791],[-48.73853035348185,-26.881225045621907],[-48.73853812353137,-26.881213889329747],[-48.738591795302604,-26.881171882013494],[-48.73863715811382,-26.881168096032138],[-48.738690740015954,-26.88113059951766],[-48.738700621054704,-26.88113978227874],[-48.738699812745516,-26.8811803798687],[-48.73865355178839,-26.881229274301543],[-48.73865063245578,-26.881249532826107],[-48.738652743459255,-26.88126987188966],[-48.73867232592677,-26.881297259103647],[-48.73867654794245,-26.88133793723044],[-48.73868642899673,-26.881347119993293],[-48.73871185013883,-26.881333990151905],[-48.73873664259577,-26.88135243620886],[-48.73876345627436,-26.881395732168283],[-48.73879862377383,-26.8813985513342],[-48.73877670570752,-26.881362102180773],[-48.738772932704684,-26.881298869837497],[-48.73875335021154,-26.881271482635977],[-48.738751239189924,-26.881251143572776],[-48.73875505660641,-26.881185776610355],[-48.73877796253716,-26.8811726064864],[-48.73878070222636,-26.88116136964462],[-48.73882893942623,-26.88113958049324],[-48.73886725065366,-26.881110863996568],[-48.73889460316022,-26.88112709486839],[-48.73893987614839,-26.881127819632052],[-48.7389960180048,-26.881088107836067],[-48.739097522580245,-26.88104460988167],[-48.73921834027295,-26.88104203152871],[-48.73924888140853,-26.881024471255035],[-48.73929424415495,-26.881020685057383],[-48.73933309394989,-26.880964903351583],[-48.73933938127884,-26.880901832028997],[-48.73938353067982,-26.880832598280985],[-48.73934216462721,-26.88076199581732],[-48.739340053501756,-26.880741656755575],[-48.7393429726923,-26.880721398206898],[-48.73938878423124,-26.880695057742237],[-48.73939596932677,-26.88058687795357],[-48.73941406920949,-26.880562350087523],[-48.739372254308144,-26.880514301864515],[-48.73937014317841,-26.880493962802518],[-48.73937396018036,-26.880428595793003],[-48.73939462008134,-26.88040185276018],[-48.73940225403538,-26.880271118735166],[-48.73942035386114,-26.88024659086408],[-48.739410472832375,-26.880237408153555],[-48.73931498702791,-26.88023136759911],[-48.739260461874075,-26.88018988433786],[-48.739240340707404,-26.88018956227847],[-48.73918419939787,-26.880229274209427],[-48.73911368550317,-26.880232657794753],[-48.73908314457155,-26.880250218052993]]]},"properties":{"gid":35031,"classe":"Media","sourceLayer":"ima-sgb-3"}},{"type":"Feature","geometry":{"type":"Polygon","coordinates":[[[-48.72301113594823,-26.879757398364102],[-48.72302824434521,-26.879782491557066],[-48.72303155641364,-26.87986827775494],[-48.7230511347269,-26.879895666889308],[-48.72305444680927,-26.87998145308668],[-48.723066796303684,-26.8799929328008],[-48.72311197791599,-26.879998173402115],[-48.723124327418304,-26.880009653111653],[-48.72312351358395,-26.88005025026892],[-48.7231028501055,-26.880076990684447],[-48.7231024883971,-26.880095033865054],[-48.72311236800575,-26.88010421763379],[-48.723137790440845,-26.880091090691085],[-48.72316514022544,-26.880107324456674],[-48.723285775375615,-26.88011378129332],[-48.72329812490835,-26.880125260989388],[-48.72329616423876,-26.880348585916202],[-48.723298272468476,-26.88036892503793],[-48.723317850925895,-26.880396314143017],[-48.72331748924665,-26.88041435732551],[-48.72327167450358,-26.880440692347516],[-48.723270860706705,-26.880481289506466],[-48.723290439174484,-26.880508678615765],[-48.723289625381916,-26.880549275774857],[-48.72324088854375,-26.880595868819356],[-48.72320549591814,-26.88060432280433],[-48.72317823643903,-26.880583578244625],[-48.723168447212394,-26.880569883683066],[-48.72316880891774,-26.880551840502847],[-48.72318691213869,-26.880527314937584],[-48.72315480328449,-26.88049746769678],[-48.72314456193228,-26.88050632710917],[-48.723137118494655,-26.880752124887735],[-48.72311061075112,-26.880819381356563],[-48.72311226680098,-26.880862274451744],[-48.72313184528729,-26.880889663583407],[-48.72313148357078,-26.88090770676229],[-48.72311081992218,-26.880934447166286],[-48.72310497578042,-26.880974963226222],[-48.723066118354375,-26.881030739963787],[-48.7230459972651,-26.881030415589247],[-48.72303364766826,-26.88101893586787],[-48.7230298834661,-26.88095570365256],[-48.72302000379586,-26.880946519874822],[-48.722994581149436,-26.880959646781932],[-48.722984701481906,-26.880950463001877],[-48.7229850632224,-26.880932419824948],[-48.72303087823211,-26.88090608491436],[-48.72303380031402,-26.88088582688655],[-48.723031692129666,-26.880865487764627],[-48.72301211367234,-26.880838098620774],[-48.723009705981006,-26.880707204487983],[-48.72299982633257,-26.88069802070999],[-48.722989584949815,-26.880706880109003],[-48.72298147991642,-26.880860166020987],[-48.72296081624373,-26.880886906401496],[-48.72295789414886,-26.880907164426958],[-48.72295472887381,-26.881065042220992],[-48.72295683704518,-26.8810853813429],[-48.72296918664044,-26.881096861070862],[-48.72301436868128,-26.881102101730054],[-48.723026718284416,-26.881113581453437],[-48.72302837429809,-26.881156474546216],[-48.72302545220447,-26.88117673257269],[-48.72301265042043,-26.881187806819725],[-48.722992529304086,-26.881187482435827],[-48.72296270937795,-26.881168952678564],[-48.72294258826564,-26.881168628287767],[-48.722932346833396,-26.88117748767914],[-48.722946985480746,-26.881200284943453],[-48.72293144245105,-26.881222595618148],[-48.72294855102515,-26.88124768882881],[-48.722948398245684,-26.88138079779742],[-48.722945476129006,-26.881401055820383],[-48.722901769055916,-26.881447729809302],[-48.722935895818566,-26.88150242703181],[-48.72295601698988,-26.881502751427274],[-48.72300960377457,-26.881465261203072],[-48.72302204384958,-26.881472230134786],[-48.72304418277083,-26.881497404432704],[-48.72304794697532,-26.8815606366448],[-48.7230650556214,-26.881585729845053],[-48.72302875831166,-26.88163929170399],[-48.722958334125344,-26.88163815633828],[-48.722930984021716,-26.88162192251448],[-48.72292074254494,-26.881630781901848],[-48.72291992858083,-26.881671379044036],[-48.722944175685505,-26.881716892479382],[-48.722988905778934,-26.88174468713034],[-48.72298809183515,-26.881785284273807],[-48.722964958044784,-26.881809728695252],[-48.72294968624555,-26.88181850698444],[-48.72290185311072,-26.88181999192676],[-48.722879261952045,-26.881817371572346],[-48.72286691229381,-26.88180589183323],[-48.72286727406638,-26.88178784865996],[-48.722885377567536,-26.881763323153848],[-48.72286826893919,-26.881738229933205],[-48.72286495705062,-26.88165244375676],[-48.72285507733837,-26.881643259965312],[-48.72280149041859,-26.881680750121465],[-48.72276600697748,-26.881693714764765],[-48.722745433537014,-26.881715944305082],[-48.72276721064913,-26.88175916181687],[-48.722809018553725,-26.881807214538934],[-48.72279877705027,-26.881816073915605],[-48.722728262316956,-26.88181944922125],[-48.72267211489194,-26.881859154162075],[-48.72262675167099,-26.881862934960893],[-48.72259867793578,-26.881882787412327],[-48.72256228985353,-26.88194085992168],[-48.722561928030146,-26.881958903090727],[-48.72257903661729,-26.88198399634561],[-48.72256093301407,-26.882008521805332],[-48.722560571189405,-26.882026564974193],[-48.72257767978528,-26.88205165822963],[-48.72255957616984,-26.882076183688284],[-48.722558762061006,-26.8821167808177],[-48.722603492200406,-26.88214457559333],[-48.72260514803825,-26.8821874686762],[-48.7226022258288,-26.882207726684758],[-48.7225919842718,-26.88221658604265],[-48.722565086376584,-26.882177798183005],[-48.722544965091224,-26.88217747372436],[-48.72253216314318,-26.882188547916307],[-48.722531801311135,-26.88220659108434],[-48.72255137985755,-26.882233980297507],[-48.72255101802784,-26.88225202346568],[-48.722530353979536,-26.882278763755966],[-48.72252405723143,-26.882341833726827],[-48.72250339315909,-26.88236857401144],[-48.72249956632328,-26.882433939933687],[-48.72250167441876,-26.88245427905523],[-48.72254595237629,-26.882504627814566],[-48.72254790711224,-26.882658075852177],[-48.722567485732064,-26.882685465066658],[-48.72256712389785,-26.882703508233856],[-48.72255432188846,-26.88271458242346],[-48.722458654872234,-26.882717551975226],[-48.72242811094639,-26.882735108419837],[-48.72238274737101,-26.88273888911723],[-48.722354673368216,-26.88275874150152],[-48.722326147013334,-26.882801147834485],[-48.72230602562093,-26.882800823334883],[-48.722226354306635,-26.882758928191798],[-48.72210571648768,-26.882752470278525],[-48.72209336681866,-26.882740990471646],[-48.72209216357,-26.88267554344598],[-48.72209508588825,-26.882655285455723],[-48.72211575010964,-26.882628545241236],[-48.72211957718105,-26.8825631793454],[-48.722117469154,-26.882542840222616],[-48.722097890669566,-26.882515450953587],[-48.72209412700643,-26.88245221875538],[-48.72204939688907,-26.882424423819632],[-48.72200090318194,-26.88233339667284],[-48.72199668717323,-26.882292718425695],[-48.72195236430762,-26.882244624908285],[-48.7219500753497,-26.882233307364736],[-48.7219148178571,-26.882234994800925],[-48.721876411813675,-26.882268217188173],[-48.72187604987625,-26.882286260347755],[-48.72189562826952,-26.882313649642505],[-48.721897510046134,-26.882345265741243],[-48.72187671010557,-26.882378772109497],[-48.72196791630888,-26.882472744354036],[-48.72196664956607,-26.88253589541456],[-48.721948545739274,-26.882560420780074],[-48.72196565426523,-26.882585514104516],[-48.72196896544432,-26.882671300250546],[-48.721990878128445,-26.88270775168471],[-48.72201324322954,-26.882721649166026],[-48.72205194783135,-26.882798981676398],[-48.72211369620832,-26.882856380719783],[-48.722128606304715,-26.88286564569638],[-48.72217378898347,-26.882870886665373],[-48.72220104878045,-26.882891631435946],[-48.722210838063425,-26.88290532606574],[-48.722210476169145,-26.882923369227896],[-48.722192372324216,-26.88294789462288],[-48.7222022520845,-26.882957078462926],[-48.72234813237718,-26.882959431139934],[-48.72240181053615,-26.882917430418473],[-48.722456393291694,-26.88283032176038],[-48.72252681819225,-26.88283145742266],[-48.72255663845561,-26.882849987291053],[-48.722576759860225,-26.882850311755508],[-48.72260483385154,-26.882830459326247],[-48.722618088155265,-26.88279683117331],[-48.72262553319585,-26.88255103356688],[-48.722646197277406,-26.882524293265305],[-48.722653398517664,-26.8824161153645],[-48.722692256665326,-26.882360338793276],[-48.72271237798515,-26.882360663232973],[-48.722739185520766,-26.882403961862046],[-48.72276644532419,-26.88242470652411],[-48.72281162787442,-26.882429947280002],[-48.72284144808862,-26.882448477085447],[-48.72298732779332,-26.882450829061554],[-48.72301787156217,-26.882433272485002],[-48.72308838668104,-26.88242989705839],[-48.72310118860783,-26.882418822814635],[-48.723102454713676,-26.882355671703134],[-48.72308287600957,-26.88232828255715],[-48.723078659610536,-26.882287604317888],[-48.72306630988332,-26.88227612459242],[-48.72302112737561,-26.882270883921073],[-48.72296916813048,-26.882227179841973],[-48.72295937880396,-26.882213485261495],[-48.72296019277306,-26.8821728881213],[-48.722983326644545,-26.882148443706523],[-48.723034082050404,-26.882126700722768],[-48.72312616520621,-26.88205147695115],[-48.723221741247485,-26.88205301770445],[-48.7232515614412,-26.882071547422132],[-48.723274152663286,-26.8820741677206],[-48.72329683431386,-26.882072277221035],[-48.72333748378359,-26.882052627343164],[-48.72329132344739,-26.881970662712533],[-48.72329349368881,-26.88186240364267],[-48.72330629552867,-26.881851329374193],[-48.72337681028731,-26.881847953779914],[-48.72338705175198,-26.88183909435869],[-48.72337241294031,-26.881816297131156],[-48.7233905163424,-26.881791771553758],[-48.723391330142626,-26.881751174398932],[-48.72335894963994,-26.881734859568937],[-48.723329581633244,-26.881693775903447],[-48.72324735027703,-26.88165409621033],[-48.72324820933722,-26.88161124366145],[-48.723271297813255,-26.88158905458392],[-48.72328656955806,-26.881580276256155],[-48.72335708414746,-26.881576900661045],[-48.72339773342397,-26.881557250752728],[-48.723400474624924,-26.881546014306306],[-48.723438834784034,-26.881515046855352],[-48.72345895596464,-26.88151537117935],[-48.72351347546501,-26.881556860215227],[-48.72353606659489,-26.88155948046586],[-48.72355874814086,-26.881557589917318],[-48.72358929157976,-26.881540033194348],[-48.723659806146884,-26.88153665744584],[-48.7237415566015,-26.881474803452253],[-48.723761677779216,-26.8814751277327],[-48.72379149792556,-26.88149365733369],[-48.723836770585,-26.881494386945125],[-48.723849572331396,-26.88148331262089],[-48.723850837970126,-26.88142016146811],[-48.72380902972999,-26.88137210903344],[-48.723819271117534,-26.881363249575468],[-48.723889785576574,-26.88135987370461],[-48.723902587301964,-26.881348799374106],[-48.72390430490354,-26.881263094233233],[-48.72386002675127,-26.88121274588448],[-48.72385791841639,-26.881192406766065],[-48.72388442583249,-26.881125150137727],[-48.72388713782687,-26.88098982622799],[-48.72388502948812,-26.880969487109343],[-48.72386545079961,-26.88094209807013],[-48.72386581240012,-26.880924054882104],[-48.7238864758774,-26.880897314356208],[-48.723892319736514,-26.88085679824569],[-48.723910422862176,-26.880832272581834],[-48.7238907537897,-26.880809394343927],[-48.72384346347148,-26.88078381485081],[-48.7238192161641,-26.880738301554278],[-48.72381545151968,-26.880675069330643],[-48.72379587289394,-26.88064768028499],[-48.72379210826162,-26.880584448061008],[-48.72374783040308,-26.880534099692397],[-48.723718914546936,-26.880470462127935],[-48.72368442604214,-26.88043380827023],[-48.72366996813916,-26.880401989483563],[-48.7236252383655,-26.880374195066416],[-48.72362192586242,-26.880288408858952],[-48.72360234734488,-26.880261019792215],[-48.72359903485575,-26.880175233584243],[-48.72353005811468,-26.880101925816398],[-48.72353087180562,-26.88006132864793],[-48.72355153518499,-26.88003458816315],[-48.72355873522207,-26.879926410116763],[-48.72357683825231,-26.879901884487904],[-48.7235597297129,-26.879876791353052],[-48.72355762143827,-26.87985645223153],[-48.72355867743635,-26.87967823522242],[-48.72354632792056,-26.879666755549884],[-48.72345075386472,-26.87966521514218],[-48.723437952301204,-26.879676289443307],[-48.72343210837512,-26.87971680553485],[-48.72341930680371,-26.879727879833744],[-48.7233488837828,-26.87972674473707],[-48.723319064157714,-26.879708215072068],[-48.72329894329905,-26.87970789074826],[-48.72326840033542,-26.879725447440798],[-48.7231978869015,-26.879728823064696],[-48.723167343918064,-26.87974637973398],[-48.72312207197615,-26.879745649951804],[-48.72308502355733,-26.87971121082402],[-48.72308216357408,-26.879602870646483],[-48.72304763031517,-26.87956847205624],[-48.72303510001019,-26.879566013933374],[-48.72303698211983,-26.879597630045353],[-48.723054090501456,-26.879622723234572],[-48.723035987412736,-26.879647248792974],[-48.72302923906149,-26.879732872810667],[-48.72301113594823,-26.879757398364102]]]},"properties":{"gid":35033,"classe":"Media","sourceLayer":"ima-sgb-3"}},{"type":"Feature","geometry":{"type":"Polygon","coordinates":[[[-48.71700245123892,-26.87878954233204],[-48.717025041590915,-26.878792163581597],[-48.71712317488994,-26.878791493549542],[-48.7171359769181,-26.87878041985244],[-48.71714182299685,-26.878739904155367],[-48.71718553116863,-26.878693232017348],[-48.717178167259874,-26.87868408851822],[-48.7171304715152,-26.878678805417813],[-48.71710357631178,-26.878640016670065],[-48.71707559319882,-26.87865535724348],[-48.71705547261423,-26.87865503204246],[-48.71702565438873,-26.878636501127826],[-48.717,-26.878633524341875],[-48.717,-26.878788018978703],[-48.71700245123892,-26.87878954233204]]]},"properties":{"gid":35037,"classe":"Media","sourceLayer":"ima-sgb-3"}},{"type":"Feature","geometry":{"type":"Polygon","coordinates":[[[-48.71703807553587,-26.881147764373967],[-48.717044375195286,-26.88108469482618],[-48.71706504023372,-26.881057955402795],[-48.71707360661455,-26.880882116461205],[-48.71709427160578,-26.880855377030066],[-48.717097194735715,-26.88083511919181],[-48.71709644764646,-26.880747118411257],[-48.71707687070426,-26.880719728535286],[-48.717077233379186,-26.880701685432147],[-48.71709789833343,-26.88067494599772],[-48.71710510458456,-26.880566768680133],[-48.71712576950549,-26.880540029239192],[-48.71713161572781,-26.880499513557783],[-48.71715228062931,-26.88047277411155],[-48.71715994012111,-26.880342042902907],[-48.71718060498468,-26.88031530344974],[-48.71718645116972,-26.88027478776291],[-48.717207116013846,-26.880248048304473],[-48.717208385276365,-26.880184897433335],[-48.7171641106425,-26.880134547190682],[-48.71716492660881,-26.880093950202724],[-48.717175168354025,-26.880085091250834],[-48.71719959411161,-26.880121583962765],[-48.71723589351324,-26.88006802373528],[-48.71723670945156,-26.88002742674491],[-48.717192888166494,-26.879954522630083],[-48.717193250811015,-26.879936479523543],[-48.71723165728277,-26.879903258437295],[-48.71727701975902,-26.879899479333524],[-48.71728982190672,-26.879888405631018],[-48.71729748114839,-26.87975767439245],[-48.71732061563363,-26.87973323094406],[-48.717368901077855,-26.879709193955367],[-48.717370170220896,-26.879646043072253],[-48.71735782137677,-26.879634562897895],[-48.71733770061485,-26.87963423772614],[-48.71730715685098,-26.8796517930719],[-48.717284475663035,-26.87965368263371],[-48.71723673417756,-26.87965065493233],[-48.71722685511322,-26.87964147078422],[-48.71727303339434,-26.879597094681376],[-48.71735927182797,-26.8795623904598],[-48.71737207392764,-26.879551316746436],[-48.717372436537374,-26.879533273636618],[-48.71733840373272,-26.87947406448389],[-48.71727620636193,-26.879439217480535],[-48.71718967406347,-26.879363366971646],[-48.71716169077479,-26.879378707550156],[-48.71714157006092,-26.879378382353334],[-48.71711175163917,-26.87935985144573],[-48.71704132915628,-26.879358713220167],[-48.717028527049905,-26.879369786903148],[-48.717028164388125,-26.879387830009065],[-48.717072438693044,-26.87943818027705],[-48.71707454579602,-26.87945851942273],[-48.717070716074566,-26.87952388503151],[-48.71704758158492,-26.87954832843891],[-48.71703487012216,-26.879554891344483],[-48.717,-26.879528631158077],[-48.717,-26.881205982697946],[-48.71703807553587,-26.881147764373967]]]},"properties":{"gid":35039,"classe":"Media","sourceLayer":"ima-sgb-3"}},{"type":"Feature","geometry":{"type":"Polygon","coordinates":[[[-48.72093020392844,-26.878516809801027],[-48.72088842404787,-26.87859284391262],[-48.72084260957136,-26.878619178163202],[-48.72082441569217,-26.878648214210035],[-48.72079140286253,-26.878663474385167],[-48.720785538773164,-26.878830332983974],[-48.72078782757142,-26.87884165053979],[-48.72083214869895,-26.878889744329374],[-48.720833803914616,-26.878932637406034],[-48.7208308815212,-26.878952895371864],[-48.720784161732205,-26.879024337478036],[-48.72078198936659,-26.879132596401945],[-48.72082882568676,-26.879180730782444],[-48.72089111464715,-26.879211065492537],[-48.720919097446654,-26.879195724139873],[-48.72093921818124,-26.879196048796814],[-48.72098906748142,-26.87921941437201],[-48.72102616032544,-26.87925159860741],[-48.721028449153195,-26.879262916160737],[-48.72106572303213,-26.879286078808704],[-48.72107551189504,-26.879299773495447],[-48.72107927502163,-26.879363005704445],[-48.72112355121459,-26.87941335481454],[-48.72112731436684,-26.87947658702324],[-48.72114689213972,-26.87950397638995],[-48.72114607761674,-26.87954457349415],[-48.72112541379648,-26.879571313598372],[-48.72112505178202,-26.879589356755382],[-48.72118679803931,-26.87964675608874],[-48.72123197938111,-26.879651997277954],[-48.721261798616844,-26.879670527361622],[-48.721332131004694,-26.87967617428603],[-48.7213444802823,-26.87968765413823],[-48.7213687263725,-26.87973316778951],[-48.721372037185,-26.879818953947733],[-48.72139161507217,-26.87984634328673],[-48.72139372295606,-26.879866682416143],[-48.72138989568075,-26.879932048294663],[-48.721366761975716,-26.879956492462163],[-48.721351490327024,-26.87996527058846],[-48.72129108244906,-26.879966552154173],[-48.72128834109287,-26.8799777885512],[-48.721249980945224,-26.880008755419624],[-48.72117991986911,-26.879989576074337],[-48.72114151443759,-26.880022798305642],[-48.72113566967165,-26.8800633142475],[-48.72112286785076,-26.88007438832102],[-48.72105235421942,-26.880077762855162],[-48.72103955238924,-26.880088836920482],[-48.72103300960119,-26.880289526430904],[-48.721030087189085,-26.88030978439732],[-48.72100942318937,-26.880336524471392],[-48.721009061144514,-26.880354567624995],[-48.721021410455656,-26.880366047507046],[-48.7210415313989,-26.880366372162484],[-48.72112026936525,-26.88032928847086],[-48.721182559019915,-26.880359623092417],[-48.72120469731282,-26.880384797643163],[-48.72120936553626,-26.880402921956804],[-48.72122171487391,-26.880414401822883],[-48.72124430569681,-26.88041702242308],[-48.72129213821655,-26.880415538006385],[-48.72134828532756,-26.880375833592517],[-48.721368406277115,-26.880376158201496],[-48.721454851794384,-26.880456517152933],[-48.721454037347875,-26.880497114260397],[-48.72143593377522,-26.880521639580188],[-48.72145304191093,-26.88054673294692],[-48.721457257707684,-26.88058741120321],[-48.72146960709074,-26.88059889105016],[-48.72154003055988,-26.880600027117307],[-48.72157057400753,-26.880582470832483],[-48.7215906949968,-26.880582795412106],[-48.721620514529704,-26.880601325436857],[-48.72164310540367,-26.8806039459761],[-48.721665786765115,-26.880602055721507],[-48.72169376982964,-26.880586714233022],[-48.7217304561279,-26.880639196875443],[-48.72179265564896,-26.880674042038137],[-48.72180455267193,-26.880708075811736],[-48.72180183823048,-26.880843399530423],[-48.721798915932354,-26.880863657519043],[-48.7217782519939,-26.880890397708825],[-48.72177789006244,-26.88090844087068],[-48.72183707696469,-26.88096805480148],[-48.72184897402518,-26.881002088572824],[-48.72184555408522,-26.881047155910522],[-48.72179887918463,-26.881116342923796],[-48.72179670758926,-26.881224601892303],[-48.72189362174952,-26.881284824346718],[-48.72189722264395,-26.88123073542724],[-48.72194550790365,-26.88120669685653],[-48.72201984926372,-26.881137956014495],[-48.722026146171075,-26.881074886069673],[-48.72207286615575,-26.88100344357539],[-48.72207368039899,-26.880962846453325],[-48.722028950845605,-26.88093505154302],[-48.72202931273761,-26.88091700837806],[-48.72207558029322,-26.88086811983418],[-48.72207850254259,-26.880847861836727],[-48.72205470831243,-26.880779794324063],[-48.722058082917805,-26.880736982369708],[-48.722078746762776,-26.880710242132515],[-48.72207910864335,-26.880692198966358],[-48.7220352839066,-26.880619296149053],[-48.72203609814975,-26.88057869902584],[-48.72208236555326,-26.88052981046873],[-48.72208866236587,-26.880466740511782],[-48.722098903790695,-26.88045788118093],[-48.72214848249595,-26.88049477876832],[-48.722158723919144,-26.880485919433035],[-48.72216547301317,-26.880400295509542],[-48.72218613676655,-26.880373555249985],[-48.722186498624815,-26.880355512081632],[-48.72217661907588,-26.880346328251715],[-48.72214863613094,-26.88036166984423],[-48.722128515173004,-26.8803613453465],[-48.7220919192304,-26.88030435200788],[-48.72209228110253,-26.880286308840535],[-48.72211294484947,-26.880259568591097],[-48.72211466371991,-26.880173863543906],[-48.7220673741022,-26.880148283495455],[-48.72204523564937,-26.880123109070105],[-48.7220410196447,-26.880082430816728],[-48.722023911435336,-26.88005733751596],[-48.72204201480493,-26.88003281210658],[-48.72204328136879,-26.879969661020404],[-48.72203093198726,-26.87995818122336],[-48.722008341226854,-26.879955560753515],[-48.72191020668328,-26.879956234120428],[-48.72188177143102,-26.87999412962159],[-48.72187189193758,-26.87998494577345],[-48.721872706216764,-26.87994434865123],[-48.72189080959759,-26.87991982326182],[-48.721849002735766,-26.87987177032421],[-48.721846894769726,-26.879851431196457],[-48.72184981701914,-26.879831173202],[-48.72189307145484,-26.87980705347471],[-48.721851264629805,-26.879759000539632],[-48.721847501075665,-26.879695768326542],[-48.721803676827925,-26.87962286546146],[-48.72179946091493,-26.879582187204857],[-48.72175473195315,-26.87955439224114],[-48.721750516058435,-26.879513713983975],[-48.7217406366151,-26.879504530129378],[-48.72173039525621,-26.879513389438987],[-48.72172611580298,-26.87960130929831],[-48.72174990964004,-26.879669376848838],[-48.72174472538864,-26.879802404618303],[-48.72173192365427,-26.879813478753043],[-48.7217092424517,-26.879815369028478],[-48.72158348711322,-26.879813340517693],[-48.72156089639732,-26.879810719978643],[-48.72154854708393,-26.879799240143335],[-48.72154890903444,-26.879781196981526],[-48.72159472385523,-26.87975486252489],[-48.72159508579772,-26.879736819362396],[-48.721550356833085,-26.8797090243338],[-48.72155071878189,-26.87969098117173],[-48.72156352051789,-26.879679907053486],[-48.72163403390596,-26.879676532247263],[-48.72166210721888,-26.879656679958245],[-48.72167536135069,-26.879623051874184],[-48.721673253417094,-26.87960271274543],[-48.721636205510954,-26.87956827326735],[-48.72154072215224,-26.87956222078243],[-48.72153084272313,-26.879553036914004],[-48.72154108410029,-26.879544177620122],[-48.72163674841029,-26.87954120852206],[-48.72164955012048,-26.879530134394216],[-48.72165720430238,-26.87939940259477],[-48.72175377327196,-26.87935132549646],[-48.721761427306056,-26.879220593679996],[-48.721807241846456,-26.87919425913509],[-48.72180805612091,-26.879153662010165],[-48.72178847823509,-26.87912627272766],[-48.72178561946254,-26.879017932594486],[-48.72176604160322,-26.8789905433102],[-48.72176273046729,-26.878904757134713],[-48.72174315263113,-26.87887736784842],[-48.72173938912819,-26.87881413563084],[-48.721705263671666,-26.87875943818712],[-48.72167728107841,-26.878774779709985],[-48.721632009570584,-26.8787740494748],[-48.72157749207201,-26.878732559824638],[-48.721482009419105,-26.87872650734387],[-48.72143216021233,-26.878703141948534],[-48.721419811024575,-26.878691662108697],[-48.72141860802475,-26.87862621506995],[-48.721421530301235,-26.87860595708394],[-48.72144219386155,-26.878579216917522],[-48.72144579478332,-26.87852512799864],[-48.721385478160194,-26.878521898862605],[-48.721333430704256,-26.878482705098406],[-48.721305448137656,-26.87849804654926],[-48.721270418046835,-26.87848845692175],[-48.721221021467265,-26.878442537508935],[-48.72115882331065,-26.878407692172328],[-48.72114903450575,-26.87839399749399],[-48.7211493964977,-26.878375954333624],[-48.72116749975082,-26.87835142902606],[-48.72115762045166,-26.8783422451386],[-48.721097303943154,-26.87833901588599],[-48.72109415536971,-26.878370550837587],[-48.72106809961931,-26.87841525295333],[-48.72101981543122,-26.878439291295724],[-48.72093020392844,-26.878516809801027]]]},"properties":{"gid":35040,"classe":"Media","sourceLayer":"ima-sgb-3"}},{"type":"Feature","geometry":{"type":"MultiPolygon","coordinates":[[[[-48.717017088850575,-26.884069100653612],[-48.71714960178334,-26.88398551013309],[-48.71718508649247,-26.883972546991448],[-48.71732591546926,-26.8838507366721],[-48.717341641293956,-26.883819405165337],[-48.71738745868768,-26.883793072252782],[-48.71739375841643,-26.883730002708145],[-48.71746563426633,-26.883658968527033],[-48.71746599692561,-26.88364092542649],[-48.71744641944582,-26.88361353557497],[-48.71744431225707,-26.883593196436745],[-48.71744703221104,-26.883457873182273],[-48.71744995538209,-26.883437615343823],[-48.717493665395594,-26.883390943245146],[-48.71745185933437,-26.88334288906352],[-48.71744809827847,-26.883279656909785],[-48.71742852085865,-26.88325226705868],[-48.717428883517464,-26.883234223957572],[-48.7174495489009,-26.883207484504346],[-48.71745675516858,-26.88309930719349],[-48.717479890359286,-26.883074863770467],[-48.71753064709262,-26.88305312286122],[-48.717571524440665,-26.883022197792176],[-48.7175916458058,-26.8830225229684],[-48.71760399501694,-26.883034003142015],[-48.71760775616264,-26.8830972352986],[-48.71763200132506,-26.883142749523014],[-48.71764435055268,-26.883154229693986],[-48.7176895330256,-26.883159472092636],[-48.717701882261125,-26.883170952259043],[-48.717701519646674,-26.883188995363735],[-48.717683414825764,-26.883213520115344],[-48.717705190191516,-26.883256738296332],[-48.71774991944893,-26.883284534559525],[-48.71774910357908,-26.883325131545767],[-48.717728438239185,-26.883351871045548],[-48.717725515120804,-26.883372128893257],[-48.717727622359284,-26.883392468030767],[-48.71774473002275,-26.88341756181323],[-48.71772662517041,-26.883442086567932],[-48.71772580928668,-26.8834826835526],[-48.71781270749678,-26.883540490807803],[-48.717832738307244,-26.88354532673182],[-48.7178693329417,-26.883602321081803],[-48.717868970347084,-26.883620364187518],[-48.71784830497482,-26.883647103702213],[-48.71784155225446,-26.883732727165413],[-48.71782088685353,-26.883759466674004],[-48.71781796373531,-26.883779724522928],[-48.71781961773531,-26.883822617540247],[-48.717839195341355,-26.88385000734723],[-48.71784250335531,-26.88393579338154],[-48.71786208098452,-26.883963183186516],[-48.71786418825029,-26.883983522322673],[-48.71786081187801,-26.884026334052766],[-48.71784014642249,-26.884053073560068],[-48.71783887729886,-26.88411622442453],[-48.71793345759454,-26.8841673874025],[-48.717933095001236,-26.88418543050758],[-48.71792029239405,-26.88419650423561],[-48.71784977622206,-26.884199877000256],[-48.7178369736056,-26.884210950720078],[-48.71783570447154,-26.88427410158301],[-48.71784805383531,-26.884285581743537],[-48.71786817542806,-26.88428590689449],[-48.71789872041822,-26.88426835151113],[-48.717918842008615,-26.884268676654674],[-48.71792872150619,-26.88427786077776],[-48.71788711856232,-26.88434487213107],[-48.717904226389635,-26.884369965902348],[-48.717903863788536,-26.88438800900656],[-48.717883198270094,-26.88441474851538],[-48.7178764454848,-26.884500371970464],[-48.71783017462449,-26.884549258907068],[-48.71782342178341,-26.884634882355105],[-48.71780275619742,-26.88466162184726],[-48.71779600332242,-26.884747245290985],[-48.71777789824591,-26.884771770035325],[-48.71779500610501,-26.884796863821006],[-48.71779464347985,-26.884814906922745],[-48.71777653839112,-26.88483943166599],[-48.71781834509901,-26.884887485785544],[-48.71782045236106,-26.884907824920496],[-48.717817732681375,-26.88504314818252],[-48.71781480951154,-26.885063406025882],[-48.71779414383765,-26.88509014551022],[-48.71779031408445,-26.885155511104745],[-48.717814106412014,-26.885223579194115],[-48.71781304066133,-26.88540179545938],[-48.717832618508275,-26.88542918527872],[-48.71783472577533,-26.885449524412824],[-48.71783180259234,-26.885469782254983],[-48.71781113684074,-26.885496521735995],[-48.71781032091475,-26.885537118711248],[-48.71782742888343,-26.88556221249824],[-48.71780932366954,-26.885586737236242],[-48.717808507739726,-26.885627334210927],[-48.7178455562393,-26.885661774718145],[-48.71789073971595,-26.885667017114237],[-48.71790061932395,-26.88567620124516],[-48.71788251410502,-26.885700725992027],[-48.71788215147959,-26.885718769092556],[-48.71790451759706,-26.885732667241513],[-48.71791713906256,-26.88573061598078],[-48.71794315258725,-26.885688170061282],[-48.71797122805797,-26.885668318656528],[-48.718016592847896,-26.885664539461754],[-48.71804713820546,-26.885646984071407],[-48.718243416769184,-26.885645643266244],[-48.7182970976737,-26.885603644296708],[-48.718307430507025,-26.885590274518293],[-48.718313276713,-26.885549758804377],[-48.7183313818165,-26.885525233994354],[-48.718309605837135,-26.885482015880243],[-48.71826532880529,-26.885431665856558],[-48.718266597764035,-26.885368514985014],[-48.718305005907766,-26.885335293726392],[-48.718425827256645,-26.885332733491804],[-48.718438629954996,-26.885321659724518],[-48.7184449292547,-26.88525859011401],[-48.7184655948165,-26.885231850527212],[-48.71846867626928,-26.885078484098063],[-48.71840903610892,-26.885041422649046],[-48.718399247141384,-26.88502772777666],[-48.71840006283896,-26.884987130781766],[-48.71843307785258,-26.88497187131491],[-48.71846407610924,-26.88493176192974],[-48.71853701733078,-26.884932940296384],[-48.71858902121096,-26.884974390573486],[-48.71860914293611,-26.88497471562659],[-48.71864755084451,-26.8849414942583],[-48.718654303103214,-26.884855870736157],[-48.71867721188574,-26.884842704074202],[-48.71868126765764,-26.88476606147444],[-48.71870193306764,-26.884739321842144],[-48.71870320174575,-26.884676170945177],[-48.71868362379484,-26.88464878123885],[-48.71868398627621,-26.88463073812548],[-48.71870465165847,-26.88460399849073],[-48.71870802774826,-26.884561186724667],[-48.71870592032764,-26.884540847592437],[-48.71866932499029,-26.884483853420743],[-48.71852353374087,-26.88447698604477],[-48.71846901489674,-26.88443549512356],[-48.718448983897915,-26.884430659278785],[-48.718412388726044,-26.884373665050042],[-48.718413204395866,-26.884333068051024],[-48.718449142239244,-26.884297550700932],[-48.71846486783522,-26.884266219055178],[-48.71849788262396,-26.884250959557935],[-48.718516078085536,-26.884221923926418],[-48.718561895406495,-26.88419559062701],[-48.718567990210296,-26.884017455514982],[-48.7185709132053,-26.883997197643087],[-48.718589017981685,-26.883972672775915],[-48.7185719100494,-26.883947579080555],[-48.71857272564721,-26.883906982074564],[-48.718619448034154,-26.883835540042085],[-48.718619810512976,-26.883817496927467],[-48.7185755339274,-26.883767147022482],[-48.71857634951754,-26.883726550015343],[-48.71859445424502,-26.88370202514383],[-48.7185773463476,-26.883676931450747],[-48.71857313156197,-26.883636253182665],[-48.71855602367825,-26.8836111594877],[-48.71859973333617,-26.883564487023015],[-48.718600095813876,-26.88354644390795],[-48.718587746443426,-26.883534963812398],[-48.7185425637583,-26.88352972168953],[-48.718530214395756,-26.883518241589403],[-48.71852599962856,-26.883477563320515],[-48.718488951569555,-26.88344312301411],[-48.718365752994195,-26.88343887662959],[-48.71834316167784,-26.8834362555359],[-48.718330812346274,-26.8834247754201],[-48.71833051758661,-26.883314220723992],[-48.71833344059566,-26.88329396285668],[-48.718354105788336,-26.88326722325846],[-48.71835492143996,-26.883226626254725],[-48.7182931749064,-26.883169225676692],[-48.71827305350544,-26.883168900598733],[-48.71824506936759,-26.883184241334448],[-48.71823518993096,-26.883175057236596],[-48.71823691194301,-26.883089352456672],[-48.71828318199391,-26.883040465328797],[-48.71828399766289,-26.882999868325776],[-48.71827164838172,-26.882988388207526],[-48.718201314226015,-26.88298273964052],[-48.71812164448638,-26.882940842268713],[-48.7180764620689,-26.88293560001249],[-48.718064112816656,-26.88292411987775],[-48.71806381827987,-26.882813565190357],[-48.7180667413162,-26.882793307329433],[-48.71807954374108,-26.88278223357521],[-48.718124816733535,-26.882782965048925],[-48.71815463619304,-26.88280149580145],[-48.718177227377446,-26.882804116917278],[-48.71819990919555,-26.8828022272516],[-48.71823045372264,-26.88278467176461],[-48.71827581735012,-26.88278089241181],[-48.718286059273886,-26.882772033392254],[-48.718276179866976,-26.882762849298828],[-48.718230997508705,-26.88275760709599],[-48.71821864825771,-26.882746126974737],[-48.71821443360988,-26.8827054487013],[-48.71816970444426,-26.882677652590473],[-48.718165036649076,-26.88265952820636],[-48.71814289866369,-26.882634353200807],[-48.718080699362204,-26.88259950644143],[-48.7180709106236,-26.8825858115577],[-48.71807127316995,-26.8825677684468],[-48.718140587352856,-26.882498948589323],[-48.71812091924407,-26.882476069607403],[-48.718085978918396,-26.882461968356147],[-48.71806896193979,-26.88243236383844],[-48.71802167243913,-26.882406782440093],[-48.71799953453222,-26.882381607416335],[-48.71800125666295,-26.882295902640912],[-48.71804707327755,-26.882269569460487],[-48.718073131178095,-26.882224868055793],[-48.71807605418934,-26.882204610192073],[-48.71807440006777,-26.8821617171641],[-48.71802967114379,-26.88213392102259],[-48.71802636293363,-26.882048134966922],[-48.71800678555709,-26.88202074519625],[-48.718009867201424,-26.88186737874658],[-48.71802010905642,-26.881858519741375],[-48.71804498860868,-26.881872458449443],[-48.71807827462487,-26.881843666670672],[-48.718033908359295,-26.881797827424702],[-48.717984058658516,-26.881774460780534],[-48.7179643906971,-26.881751581784542],[-48.71799484432477,-26.88173853710862],[-48.71802584175585,-26.881698427756863],[-48.71807120494794,-26.881694648442313],[-48.718107051359596,-26.88166364189957],[-48.718087383389495,-26.88164076292004],[-48.71802262417019,-26.88160813091903],[-48.71797735164905,-26.881607399442025],[-48.71794680741826,-26.881624954894445],[-48.71792668629563,-26.881624629784362],[-48.71784994060936,-26.881562474457436],[-48.7178239734393,-26.88160266505125],[-48.71778803633238,-26.881638182296122],[-48.71778173702875,-26.8817012518967],[-48.717768934707166,-26.88171232563133],[-48.71764811724866,-26.881714885547066],[-48.71763531491334,-26.88172595926863],[-48.71763239184315,-26.881746217120295],[-48.71762604623876,-26.882061971493677],[-48.71762312315359,-26.882082229343606],[-48.71760245803476,-26.88210896884168],[-48.71760209542117,-26.882127011947826],[-48.71762167271195,-26.882154401769274],[-48.7176213101007,-26.882172444875568],[-48.71760850770782,-26.882183518590626],[-48.717585826011806,-26.882185408168613],[-48.717437386715794,-26.882185265377313],[-48.717401539958566,-26.882216271725905],[-48.71741141924578,-26.882225455873755],[-48.717434010290056,-26.88222807710044],[-48.717456691995274,-26.882226187547563],[-48.717487236462674,-26.8822086322176],[-48.717610524266426,-26.882208368506834],[-48.71763311531443,-26.88221098970174],[-48.717660464715046,-26.882227224512125],[-48.717670706629995,-26.88221836553647],[-48.71767791255092,-26.882110188183113],[-48.71768824510324,-26.88209681842845],[-48.71771375920237,-26.882079181756996],[-48.71776113914184,-26.882100252469577],[-48.71778803530701,-26.882139041140487],[-48.71779827720423,-26.882130182154327],[-48.71780457654123,-26.88206711255745],[-48.71784042314607,-26.88203610609595],[-48.7179001522408,-26.88206865691088],[-48.717899789675094,-26.882086700020903],[-48.717881685089594,-26.882111224815265],[-48.717891564409825,-26.882120408931485],[-48.71791168561974,-26.882120734052094],[-48.717965274228455,-26.882083245869687],[-48.717975153553645,-26.88209242998035],[-48.7179747909995,-26.882110473091263],[-48.71795412595384,-26.88213721264565],[-48.71795331019742,-26.882177809644247],[-48.71796318952921,-26.882186993756115],[-48.717991173444275,-26.882171653061157],[-48.718011294664684,-26.88217197816817],[-48.71802364383535,-26.882183458303164],[-48.71802529793737,-26.88222635133043],[-48.71802237491627,-26.882246609192425],[-48.718009572550734,-26.882257682945713],[-48.71798945131519,-26.882257357837496],[-48.71795963202141,-26.882238827059506],[-48.7179395107899,-26.882238501944418],[-48.71792926889245,-26.88224736094077],[-48.717943906615226,-26.882270158666174],[-48.71792580200643,-26.882294683464362],[-48.71792543944127,-26.882312726574135],[-48.717970168404165,-26.88234052275086],[-48.71796980584533,-26.882358565861065],[-48.717923535968566,-26.882407452899564],[-48.717922720191694,-26.88244804989576],[-48.71794229761265,-26.882475439679943],[-48.71794193504727,-26.882493482789457],[-48.71792913264473,-26.882504556532837],[-48.717883769125656,-26.882508335780567],[-48.717842438823915,-26.882561814844305],[-48.71779415220613,-26.882585851915795],[-48.71778830605225,-26.88262636762178],[-48.71776517102303,-26.882650811106757],[-48.71775245923511,-26.88265737405499],[-48.717727670208774,-26.88263892451158],[-48.717717881511675,-26.882625229605907],[-48.717713667045615,-26.8825845513285],[-48.71770131786798,-26.882573071166203],[-48.71768119658089,-26.882572746010585],[-48.71763986616252,-26.88262622500705],[-48.717604472584775,-26.882634677518947],[-48.717592123413866,-26.882623197347513],[-48.71758790899321,-26.882582519069192],[-48.7175683316452,-26.882555129240448],[-48.71756869427086,-26.88253708613581],[-48.717586798996024,-26.88251256139151],[-48.717554691193854,-26.882482712941822],[-48.71747549736898,-26.882542348345456],[-48.71743013383102,-26.882546127445465],[-48.7173739843382,-26.88258583013513],[-48.71735386305347,-26.882585504932766],[-48.717341513914604,-26.882574024741274],[-48.7173372995848,-26.882533346461],[-48.71729001022801,-26.882507764825547],[-48.71726787247449,-26.882482589696366],[-48.71726823514673,-26.88246454659532],[-48.71728890041178,-26.8824378071565],[-48.71728926307998,-26.882419764055083],[-48.7172769139648,-26.882408283859228],[-48.71725679271288,-26.88240795864503],[-48.71721838534275,-26.882441179674213],[-48.71721802266295,-26.88245922277468],[-48.71723759990787,-26.882486612645984],[-48.71723723723042,-26.882504655746583],[-48.71721913243463,-26.882529180441367],[-48.71726093811917,-26.882577234671878],[-48.717259668754586,-26.88264038552398],[-48.717246866272625,-26.882651459199995],[-48.71721183534931,-26.882641868511094],[-48.717164999344185,-26.88259373295864],[-48.7171607850779,-26.882553054677132],[-48.71714843596315,-26.88254157447016],[-48.71712831468943,-26.882541249236173],[-48.717099786525445,-26.882583654394185],[-48.71706384887158,-26.882619171416195],[-48.71706348616446,-26.882637214514265],[-48.71708059357401,-26.882662308363248],[-48.71706248871812,-26.882686833033706],[-48.717056188909844,-26.882749902564157],[-48.71704338639629,-26.882760976219515],[-48.71702326508518,-26.88276065096813],[-48.717,-26.882742944691312],[-48.717,-26.884075343458612],[-48.717017088850575,-26.884069100653612]]],[[[-48.71708764119234,-26.88506518988017],[-48.7170912436231,-26.88501110124576],[-48.7171119094387,-26.88498436187362],[-48.71711775601946,-26.884943846231014],[-48.71716448075075,-26.884872405693052],[-48.71717032730401,-26.884831890046115],[-48.717217051951934,-26.88476044948472],[-48.71722289847768,-26.884719933833466],[-48.71724356420535,-26.88469319443574],[-48.71724941071636,-26.884652678782217],[-48.717270076424604,-26.88462593937919],[-48.71727043913009,-26.88460789628358],[-48.7172580897962,-26.88459641607446],[-48.71713745064789,-26.88458995381035],[-48.717125101330176,-26.884578473590526],[-48.71709618844161,-26.8845148348719],[-48.71704889835483,-26.884489253113586],[-48.717,-26.88444379588801],[-48.717,-26.885063773816345],[-48.71708764119234,-26.88506518988017]]],[[[-48.71807281088537,-26.88599709753336],[-48.71805067232852,-26.88597192248449],[-48.71798591074707,-26.885939290329752],[-48.71794072715621,-26.88593404795718],[-48.71790157126181,-26.885879268335575],[-48.7178866611689,-26.885870002912796],[-48.71784147761246,-26.88586476051045],[-48.717814172677116,-26.885846270298448],[-48.717801641857534,-26.88584381077421],[-48.71779849099615,-26.8858753455343],[-48.717749749593125,-26.885921936363737],[-48.717698991569186,-26.885943677265324],[-48.71763250744024,-26.885996749666095],[-48.71758723318273,-26.88599601795402],[-48.71755997359787,-26.885975272306794],[-48.71753316737881,-26.885931972785453],[-48.71744837478814,-26.885894504404366],[-48.717411326346856,-26.885860063796738],[-48.717396869681174,-26.885828244457233],[-48.71735259295377,-26.88577789416647],[-48.71734883197919,-26.885714662028533],[-48.717305008709985,-26.885641757859354],[-48.71730124776059,-26.88557852572098],[-48.71725742456882,-26.885505621540997],[-48.71725366364458,-26.885442389402186],[-48.717160442928495,-26.88532356433318],[-48.71711195221842,-26.885232535710045],[-48.71711052622629,-26.88517836579158],[-48.71707526781995,-26.885180052857944],[-48.71704472245989,-26.885197608037434],[-48.717,-26.88520133343836],[-48.717,-26.886],[-48.71807427332715,-26.886],[-48.71807281088537,-26.88599709753336]]]]},"properties":{"gid":35042,"classe":"Media","sourceLayer":"ima-sgb-3"}},{"type":"Feature","geometry":{"type":"Polygon","coordinates":[[[-48.735700989724755,-26.878393384150108],[-48.735690659562614,-26.878406755384365],[-48.735690299878854,-26.878424798727075],[-48.73572735199127,-26.878459234765554],[-48.73579768491566,-26.878464874480564],[-48.73581003563295,-26.87847635315249],[-48.73580989819393,-26.87860946312997],[-48.73580697846211,-26.878629721575084],[-48.73578887817659,-26.87865424895525],[-48.73583069085436,-26.87870229811368],[-48.73583446223817,-26.87876553044902],[-48.73587919470045,-26.878793321150503],[-48.73588251653512,-26.87887910766564],[-48.73589486730338,-26.878890586332876],[-48.73594004939362,-26.87889582283807],[-48.73595240016978,-26.87890730150073],[-48.735952040519784,-26.878925344845438],[-48.7359313801427,-26.878952087345553],[-48.73593102048868,-26.878970130689886],[-48.73594337127136,-26.878981609353676],[-48.73603885567264,-26.878987652113032],[-48.736078018597084,-26.87904242715214],[-48.736115520555124,-26.8790543089231],[-48.736163352698064,-26.879052819417964],[-48.736178623197986,-26.879044039608335],[-48.736219943868136,-26.878990554527434],[-48.73634075924438,-26.87898797850427],[-48.73635099949496,-26.878979118059334],[-48.73630873699988,-26.878953623222966],[-48.7362627029006,-26.878864896037154],[-48.736306403724406,-26.878818217487783],[-48.736310222352934,-26.87875285065373],[-48.73630811178369,-26.878732511577645],[-48.73625960760434,-26.878641488667583],[-48.7362177947555,-26.878593439625853],[-48.73626149548347,-26.878546761083342],[-48.73626185507843,-26.8785287177338],[-48.736242273644265,-26.8785013302418],[-48.73623940102144,-26.878392989527587],[-48.736215149013006,-26.87834747806662],[-48.73618276737024,-26.878331166116745],[-48.736153395297876,-26.878290084865395],[-48.73590691568018,-26.878286134278778],[-48.73589411540991,-26.878297209797715],[-48.73589375576015,-26.87831525314324],[-48.73591333707786,-26.87834264067698],[-48.7359154475741,-26.878362979755114],[-48.73591252787072,-26.87838323820464],[-48.73590228764576,-26.878392098619653],[-48.735843004218516,-26.878337001023898],[-48.73584336387667,-26.87831895767906],[-48.73586146409185,-26.878294430286743],[-48.73582212167647,-26.878248676877327],[-48.73586281279471,-26.878226767742067],[-48.73585293223628,-26.87821758480908],[-48.73581776584656,-26.878214764974285],[-48.735805145408094,-26.878216818812874],[-48.735779140237895,-26.878259268593155],[-48.73574325449235,-26.878292535426763],[-48.735742804900255,-26.878315089606332],[-48.735759960998905,-26.87833792600581],[-48.73575219090709,-26.878349082144446],[-48.735700989724755,-26.878393384150108]]]},"properties":{"gid":35043,"classe":"Media","sourceLayer":"ima-sgb-3"}},{"type":"Feature","geometry":{"type":"Polygon","coordinates":[[[-48.72230996675261,-26.878087840514517],[-48.72239552434995,-26.878086963995713],[-48.72242350668044,-26.87807162231226],[-48.72243338606712,-26.878080806116397],[-48.72243549413092,-26.878101145244646],[-48.72243211982345,-26.878143957236635],[-48.72238338376665,-26.87819055004251],[-48.72236811243627,-26.878199328300752],[-48.72229759996248,-26.878202703533574],[-48.72228479847079,-26.878213777735542],[-48.7222830798743,-26.878299482816637],[-48.722329916553996,-26.878347616722706],[-48.7223772055193,-26.878373196645658],[-48.72237660008886,-26.878528859590894],[-48.72237367798434,-26.878549117607733],[-48.72235557494486,-26.87857364308381],[-48.72236545436618,-26.878582826894522],[-48.72241072582099,-26.878583556889968],[-48.72244172081842,-26.878543446399174],[-48.72249247464653,-26.87852170350499],[-48.72251259528386,-26.878522027930433],[-48.72254241446747,-26.878540557740756],[-48.72258768591103,-26.878541287678452],[-48.72261868083625,-26.87850117714392],[-48.7226541632646,-26.878488212470458],[-48.72269256773113,-26.878454989760296],[-48.72270829125666,-26.878423657493006],[-48.722731424351714,-26.87839921306286],[-48.72276681630283,-26.878390759153252],[-48.722779165605694,-26.878402238882195],[-48.72277789953658,-26.878465390014775],[-48.72270859064229,-26.878534212518375],[-48.72277765638211,-26.878603009814174],[-48.722824945561975,-26.878628589599316],[-48.72282367950591,-26.87869174073189],[-48.72278783529123,-26.87872274862498],[-48.722760485884464,-26.878706514807742],[-48.72269015396688,-26.878700868627796],[-48.72263563608254,-26.878659379363796],[-48.72261551541917,-26.87865905495433],[-48.72260271390128,-26.878670129183195],[-48.72260235213546,-26.87868817236108],[-48.722646628801705,-26.8787385210238],[-48.72264626704179,-26.878756564202078],[-48.722609880110554,-26.878814636812017],[-48.722551354795804,-26.878847535068264],[-48.722561234256155,-26.878856718867432],[-48.72268186800787,-26.878863176135408],[-48.72269677765628,-26.878872441026676],[-48.72274361473957,-26.87892057481782],[-48.722747378802964,-26.878983807043227],[-48.72275972816357,-26.878995286776924],[-48.72285781670078,-26.87899686816412],[-48.722893706205674,-26.878963604861028],[-48.72290090671925,-26.87885542686831],[-48.722939311251466,-26.878822204095865],[-48.722984673246586,-26.878818423117878],[-48.72302096956984,-26.87876486119508],[-48.72300386131029,-26.878739768007645],[-48.72300557939592,-26.87865406288882],[-48.72305139344031,-26.878627727905545],[-48.72305431542807,-26.878607469867383],[-48.72305265936633,-26.87856457676236],[-48.72303308125713,-26.87853718763789],[-48.7230334429522,-26.878519144454188],[-48.72307184732696,-26.87848592163463],[-48.72310710365598,-26.87848423383414],[-48.72312260102552,-26.878464178504462],[-48.72316796287512,-26.878460397458007],[-48.72319603562619,-26.87844054482489],[-48.72320636719216,-26.878427174597842],[-48.72321311525567,-26.87834155054379],[-48.72322591667877,-26.878330476253026],[-48.7232711880602,-26.878331205966514],[-48.72340025429781,-26.87841901909273],[-48.72346057099127,-26.87842224736798],[-48.723460948909,-26.87827786131586],[-48.7234263706962,-26.878245718229184],[-48.723398388440934,-26.878261060116937],[-48.723353117083434,-26.878260330445947],[-48.72332329782411,-26.87824180080252],[-48.72325296614271,-26.87823615491905],[-48.72322359898223,-26.878195071272195],[-48.72317585779132,-26.878192045607864],[-48.723153176920775,-26.878193936137656],[-48.72309703152407,-26.878233641388597],[-48.72302651902202,-26.87823701698557],[-48.722945222812136,-26.878276316734393],[-48.72284964996567,-26.87827477599362],[-48.722813054236994,-26.878217782846065],[-48.72280929012886,-26.87815455061539],[-48.72278692577658,-26.878140653302513],[-48.72277142839928,-26.878160708595207],[-48.72272067478359,-26.878182451604264],[-48.72265016231702,-26.878185827014555],[-48.722619619692054,-26.87820338358966],[-48.722599499109634,-26.87820305918299],[-48.722537300607705,-26.878168214434364],[-48.72253489328007,-26.878037320285994],[-48.72250085807211,-26.87797811222502],[-48.722473599325596,-26.877957367569973],[-48.72245347878878,-26.877957043145255],[-48.72242540604561,-26.877976895631278],[-48.722415074437265,-26.87799026579874],[-48.722409230283326,-26.878030781839303],[-48.72239642882243,-26.87804185605354],[-48.72232546419653,-26.878067785276805],[-48.72230996675261,-26.878087840514517]]]},"properties":{"gid":35044,"classe":"Media","sourceLayer":"ima-sgb-3"}},{"type":"Feature","geometry":{"type":"Polygon","coordinates":[[[-48.72287171426942,-26.877174141795205],[-48.722840719828355,-26.877214252420696],[-48.722805237827274,-26.877227217169633],[-48.7227284298201,-26.87729366270639],[-48.72268014643484,-26.877317701672496],[-48.72267430242808,-26.877358217735736],[-48.72263836819023,-26.87739373641564],[-48.72261235849815,-26.877436183476927],[-48.72259973800069,-26.87743823612543],[-48.7226118610987,-26.877460992851027],[-48.72273539835023,-26.87757353477622],[-48.722747928430046,-26.87757599291206],[-48.72277128740585,-26.87754027147198],[-48.72277164912688,-26.87752222828903],[-48.7227273728343,-26.87747187968396],[-48.7227231566076,-26.87743120142772],[-48.72270604859465,-26.877406108216633],[-48.722716289679916,-26.877397248817],[-48.722761560673526,-26.877397978670395],[-48.72279137962098,-26.877416508414793],[-48.72286171075671,-26.877422154495438],[-48.7228890598844,-26.877438388277195],[-48.72291704198909,-26.87742304648033],[-48.722937162437866,-26.877423370833103],[-48.722991679883265,-26.877464859956866],[-48.723036950912494,-26.877465589723723],[-48.72309309592738,-26.877425884470107],[-48.72316360792426,-26.877422508807655],[-48.72321436111636,-26.87740076561042],[-48.72322716242607,-26.87738969131148],[-48.72323300623976,-26.8773491752132],[-48.723245807541566,-26.877338100912038],[-48.723316319485136,-26.87733472516952],[-48.72334479874857,-26.877294573895245],[-48.723370039694224,-26.87729046846008],[-48.723380325922854,-26.877279353609325],[-48.723406380500265,-26.877234650986324],[-48.72340674211569,-26.877216607794608],[-48.72339695311883,-26.877202913259428],[-48.72334499588542,-26.8771592094268],[-48.7232997249685,-26.877158479766287],[-48.723269182721886,-26.877176036508036],[-48.723249062312235,-26.877175712205293],[-48.72318430387026,-26.877143082620663],[-48.72311020859001,-26.877074204470578],[-48.72308528414332,-26.877062522072276],[-48.72297367260428,-26.87710810159959],[-48.72289192509757,-26.87716995535532],[-48.72287171426942,-26.877174141795205]]]},"properties":{"gid":35049,"classe":"Media","sourceLayer":"ima-sgb-3"}},{"type":"Feature","geometry":{"type":"Polygon","coordinates":[[[-48.724486166613715,-26.87633154938468],[-48.72448324496957,-26.876351807478272],[-48.7244951424655,-26.876385841066526],[-48.72452240125714,-26.87640658533492],[-48.72454252154847,-26.876406909447844],[-48.72460854496801,-26.876376387179434],[-48.72464986975609,-26.876322905748502],[-48.72469806198832,-26.876303376855148],[-48.72473264003698,-26.87633551962385],[-48.72473595350008,-26.876421305895008],[-48.724745787779554,-26.876432744943326],[-48.72484387424084,-26.876434324813196],[-48.72488227737112,-26.876401101414242],[-48.72488354215798,-26.87633795017063],[-48.7248639639291,-26.876310561288534],[-48.72486185543546,-26.87629022216651],[-48.72486568043165,-26.876224856029197],[-48.72496224540801,-26.87617677646022],[-48.724971250315654,-26.87597838211526],[-48.725017514499946,-26.875929492369025],[-48.72502335756444,-26.875888976143944],[-48.725041459580716,-26.875864450253882],[-48.72502179105041,-26.875841572198617],[-48.72497194223755,-26.87581820807855],[-48.72493489440805,-26.875783769464057],[-48.724925105328566,-26.875770075028473],[-48.724920888324604,-26.875729396783242],[-48.72487359977409,-26.875703817736945],[-48.724836552011084,-26.875669379100362],[-48.724826762952766,-26.875655684659122],[-48.72482533202844,-26.875601514510418],[-48.724812711762084,-26.875603567372615],[-48.72478670331431,-26.875646014921507],[-48.72475077027929,-26.875681534222853],[-48.72475040890123,-26.87569957743538],[-48.72481938402446,-26.87577288453011],[-48.72481902265586,-26.875790927743267],[-48.72479836041136,-26.875817668495817],[-48.72479799903872,-26.8758357117086],[-48.72486450441478,-26.875906722876753],[-48.724805529528886,-26.87596217623154],[-48.72477947581357,-26.876006879173286],[-48.72472827178754,-26.87605117700954],[-48.724712549181895,-26.876082509567333],[-48.72466426669896,-26.876106549274834],[-48.724625863615906,-26.876139772618018],[-48.72459980978619,-26.876184475518535],[-48.72456387651279,-26.87621999475541],[-48.724558485031174,-26.876237956937473],[-48.724512220524836,-26.876286846510926],[-48.724486166613715,-26.87633154938468]]]},"properties":{"gid":35056,"classe":"Media","sourceLayer":"ima-sgb-3"}},{"type":"Feature","geometry":{"type":"MultiPolygon","coordinates":[[[[-48.72308724354456,-26.88587498200451],[-48.72318472217265,-26.885781796359577],[-48.72318598841613,-26.885718645274427],[-48.72317363833108,-26.8857071655393],[-48.72312845446197,-26.885701924818353],[-48.723116104384836,-26.88569044507864],[-48.723116466178574,-26.885672401912146],[-48.723129268493416,-26.885661327693395],[-48.723151950866274,-26.88565943726328],[-48.72317454279261,-26.88566205762129],[-48.7232018938633,-26.885678291452837],[-48.723253917064106,-26.885593397408027],[-48.72331244583018,-26.885560499095615],[-48.723273558664864,-26.88549218842986],[-48.72329705496714,-26.88544970084331],[-48.723342871818275,-26.885423365957216],[-48.7233487162293,-26.885382849919992],[-48.72339498522188,-26.885333961050883],[-48.723395346965766,-26.885315917879975],[-48.723375767732975,-26.885288528748593],[-48.7233765816615,-26.88524793161426],[-48.72339724611557,-26.885221191231903],[-48.7234030904913,-26.885180675189478],[-48.72344890720701,-26.885154340259653],[-48.723455203722786,-26.885091270248083],[-48.72350192469644,-26.88501982736559],[-48.723507769019136,-26.884979311314765],[-48.72355448990944,-26.884907868408835],[-48.7235607863425,-26.884844798385963],[-48.723607055011605,-26.884795909424337],[-48.72360832096638,-26.8847327583118],[-48.72359597093521,-26.88472127861623],[-48.72352563523921,-26.88471563261972],[-48.7235132852187,-26.884704152917532],[-48.72351455122057,-26.8846410018083],[-48.72355093980876,-26.884582929097686],[-48.723602057946216,-26.884543142802944],[-48.723611937957095,-26.88455232655831],[-48.72361570244719,-26.884615558756384],[-48.72362805246982,-26.884627038449782],[-48.72364817420418,-26.884627362781444],[-48.72368703272664,-26.884571585969272],[-48.72369287694823,-26.884531069902806],[-48.723737037097365,-26.884461841770204],[-48.723722397915466,-26.884439044561038],[-48.7237665580071,-26.884369816414985],[-48.72376948009647,-26.88434955837843],[-48.7237678238499,-26.884306665291643],[-48.723723092585644,-26.884278870821245],[-48.72372098426152,-26.88425853170687],[-48.72372481054018,-26.884193165726607],[-48.723745474704636,-26.884166425272323],[-48.72375177095881,-26.884103355225584],[-48.723790177156346,-26.884070132340458],[-48.72383545084231,-26.884070862016777],[-48.723862801651855,-26.88408709570543],[-48.72391099740002,-26.884067567316638],[-48.72394985558571,-26.884011790407836],[-48.723951121307046,-26.883948639273225],[-48.7239088601242,-26.883923140799002],[-48.72394268785487,-26.883867282816816],[-48.72400377591699,-26.883832169278797],[-48.72401188010068,-26.883678883293936],[-48.724057696056924,-26.883652548114238],[-48.724064444100684,-26.883566924056904],[-48.724085108063406,-26.883540183538493],[-48.72409185607327,-26.88345455947688],[-48.72421674348107,-26.883249008307622],[-48.72422303938415,-26.88318593821262],[-48.72429491086032,-26.88311490025726],[-48.72430120670696,-26.88305183015448],[-48.72432187051331,-26.88302508959019],[-48.72432907023204,-26.88291691151237],[-48.724349734005095,-26.88289017094157],[-48.72435557785864,-26.882849654818457],[-48.724402297255374,-26.88277821152325],[-48.724408141081426,-26.88273769539581],[-48.724428804800816,-26.88271095480957],[-48.724434648612146,-26.882670438679867],[-48.724481367878546,-26.882598995349042],[-48.724487211662385,-26.882558479215017],[-48.7245078753281,-26.882531738613363],[-48.724514622901054,-26.88244611449644],[-48.724540678393524,-26.882401411740695],[-48.72455348018547,-26.882390337356046],[-48.72457616189443,-26.882388446653565],[-48.72461366348787,-26.882400331469334],[-48.724652821699515,-26.88245510938191],[-48.724773549889115,-26.8824570543085],[-48.72480409341363,-26.882439497328093],[-48.72482421477708,-26.88243982146796],[-48.724864050856105,-26.88246076833541],[-48.72488484996604,-26.882427261472642],[-48.72484505907748,-26.8824040592119],[-48.72486855408192,-26.882361571269346],[-48.72490156755269,-26.882346310181116],[-48.72491976109688,-26.882317273594335],[-48.72496557629102,-26.882290938067396],[-48.72499702334616,-26.882228273043168],[-48.72500982507596,-26.882217198612846],[-48.72505518842002,-26.88221341705213],[-48.725067990142755,-26.882202342616036],[-48.725068351572006,-26.882184299416117],[-48.725058471626454,-26.88217511576542],[-48.72503304890073,-26.882188243035152],[-48.72502060861331,-26.88218127426863],[-48.7249839202839,-26.882128792364863],[-48.72493033376228,-26.882166283356785],[-48.72487957864806,-26.88218802704412],[-48.724859457328435,-26.88218770291492],[-48.724849577400654,-26.88217851925066],[-48.72486768056224,-26.88215399346849],[-48.72487397599745,-26.88209092330885],[-48.72493506280371,-26.882055809281308],[-48.724945394537215,-26.882042438941077],[-48.724951238112695,-26.882001922772687],[-48.724971901562796,-26.8819751820879],[-48.72497819692275,-26.881912111917874],[-48.72499886034879,-26.8818853712274],[-48.725006059267564,-26.88177719305384],[-48.725051874216035,-26.881750857482036],[-48.72505268742127,-26.88171026027999],[-48.72503557830022,-26.881685167292257],[-48.72506886261338,-26.881656373748857],[-48.72509621306315,-26.881672607178064],[-48.72511633429489,-26.881672931267815],[-48.72512913594701,-26.881661856821186],[-48.725129949121495,-26.881621259616455],[-48.72511759923997,-26.881609780061],[-48.7250974780194,-26.88160945597214],[-48.72506949509917,-26.881624798146504],[-48.72503491545445,-26.881592655375076],[-48.72503527687943,-26.881574612174017],[-48.725071211841104,-26.881539092939317],[-48.725099736859505,-26.881496685960006],[-48.72514509991295,-26.881492904351727],[-48.725157901540776,-26.88148182990077],[-48.72516510025288,-26.881373651702265],[-48.725185763529055,-26.8813469109736],[-48.72519160696426,-26.88130639478393],[-48.725237873410656,-26.8812575051301],[-48.72524597547697,-26.88110421890648],[-48.725292693531706,-26.88103277521978],[-48.72529853690412,-26.88099225902061],[-48.72531920007392,-26.880965518264723],[-48.725325043431624,-26.88092500206329],[-48.72537176135604,-26.880853558340977],[-48.725377604686244,-26.880813042135237],[-48.72539826780238,-26.880786301363933],[-48.72540411111788,-26.880745785155906],[-48.72545284719562,-26.88069919131351],[-48.725468118665034,-26.88069041273049],[-48.72551348139108,-26.880686630982378],[-48.72554155434951,-26.880666777897336],[-48.725549325577504,-26.880655622397185],[-48.725532216482684,-26.88063052946929],[-48.725532577813674,-26.88061248625953],[-48.725555710819705,-26.88058804136324],[-48.72556842197026,-26.880581477667373],[-48.72559577225206,-26.880597710990248],[-48.72561589330046,-26.880598034996925],[-48.72562869477792,-26.88058696049275],[-48.72562950773616,-26.880546363267726],[-48.72558568068146,-26.880473461411476],[-48.7255860420015,-26.880455418200626],[-48.72563432623592,-26.880431378295548],[-48.72565745918138,-26.880406933378303],[-48.72566465727098,-26.880298755104924],[-48.725690711767896,-26.880254052064828],[-48.725736977547626,-26.880205162200177],[-48.72575270053954,-26.880173829563244],[-48.72578077332599,-26.88015397641868],[-48.7258008942984,-26.880154300394093],[-48.72581324410686,-26.880165779886315],[-48.72581700987382,-26.88022901212982],[-48.72582679940824,-26.88024270652655],[-48.72586384887623,-26.88027714499552],[-48.725911139500596,-26.880302723828734],[-48.72591077823456,-26.880320767044044],[-48.72589267561134,-26.880345292998456],[-48.725987347264855,-26.880391939830893],[-48.72605165683689,-26.880447122303938],[-48.726147141415794,-26.880453171798393],[-48.72617696173558,-26.88047170090544],[-48.72624729505306,-26.88047734542654],[-48.72630181518808,-26.880518833423682],[-48.726321936232395,-26.880519157328955],[-48.72635000901826,-26.880499304071158],[-48.726378533287324,-26.88045689678116],[-48.72639865432175,-26.880457220674817],[-48.72642600470633,-26.88047345384265],[-48.72650519269231,-26.880413813013472],[-48.72655055529859,-26.880410030922754],[-48.726563356668834,-26.880398956326463],[-48.726565523645604,-26.88029069698586],[-48.7265459443854,-26.880263308282746],[-48.72654383557036,-26.88024296917274],[-48.72654675700458,-26.880222711029955],[-48.72656741974026,-26.880195970061333],[-48.72656778090009,-26.880177926837458],[-48.72654820165664,-26.880150538135446],[-48.7265465442944,-26.880107644995558],[-48.72654946572276,-26.880087386852093],[-48.726570128430716,-26.880060645881034],[-48.726575971274045,-26.880020129592012],[-48.72662268802635,-26.879948685374256],[-48.72662560943493,-26.879928427227675],[-48.726625306335805,-26.879817871990397],[-48.726605727133176,-26.87979048329811],[-48.72660361830951,-26.87977014418763],[-48.726607894012574,-26.879682223944997],[-48.7266285566262,-26.87965548295846],[-48.72663147802212,-26.879635224810453],[-48.7266316263197,-26.87950211553565],[-48.72661927648984,-26.879490636113374],[-48.726599155623475,-26.879490312261854],[-48.72656861317566,-26.87950786970488],[-48.726520780968436,-26.8795093559384],[-48.72649819013664,-26.879506736186144],[-48.726458354714154,-26.879485789818116],[-48.72645385318466,-26.879584987066657],[-48.72640758796906,-26.879633877205574],[-48.72640174509684,-26.879674393487136],[-48.72635502833757,-26.879745837632672],[-48.72635421566665,-26.87978643488279],[-48.726396475988466,-26.879811932576185],[-48.72637298213864,-26.879854420856386],[-48.72636018081675,-26.8798654954389],[-48.72631481842797,-26.879869277481973],[-48.726258673164274,-26.87990898399937],[-48.72616300841923,-26.87991195621813],[-48.72615020707141,-26.879923030779814],[-48.72614255796324,-26.8800537631375],[-48.726104153855516,-26.880086986809008],[-48.72595571659154,-26.88008685314912],[-48.72593312566597,-26.880084233300217],[-48.72586836476195,-26.880051604806457],[-48.72584622543653,-26.880026430925117],[-48.725831766953114,-26.879994612323333],[-48.725804507092,-26.87997386824824],[-48.72573417412384,-26.879968223527122],[-48.72572182434387,-26.879956744029528],[-48.725723540470035,-26.87987103876322],[-48.72577025766816,-26.879799594856117],[-48.7257770039697,-26.87971397057821],[-48.72582372106317,-26.879642526645764],[-48.725826642600914,-26.879622268523388],[-48.725826340257676,-26.879511713328988],[-48.72578408018381,-26.87948621547898],[-48.72585338795793,-26.879417391392888],[-48.72585968257803,-26.8793543211228],[-48.72588034529364,-26.879327580251992],[-48.72588663988996,-26.879264509978697],[-48.7259329051536,-26.879215620012822],[-48.72593965126387,-26.879129995710713],[-48.72597549481744,-26.879098986972753],[-48.72600284482298,-26.879115220201083],[-48.726025435559905,-26.87911784002714],[-48.72604811660458,-26.879115949044618],[-48.726060917864444,-26.87910487448592],[-48.72606127908765,-26.879086831265617],[-48.7260489293613,-26.879075351799298],[-48.726003747903825,-26.879070112152117],[-48.72599139818534,-26.879058632681204],[-48.72599221096031,-26.879018035437152],[-48.72602805446282,-26.878987026682264],[-48.72605293450729,-26.879000964006217],[-48.72608877798865,-26.878969955234446],[-48.7260950724345,-26.8789068849404],[-48.726115735007646,-26.87888014402495],[-48.72612157791798,-26.87883962775488],[-48.7261422404717,-26.87881288683416],[-48.72614988938483,-26.878682154450107],[-48.72619660577774,-26.878610710343157],[-48.72620425459664,-26.8784799779479],[-48.72623030841527,-26.87843527475799],[-48.72626624195592,-26.87839975511845],[-48.72629220543642,-26.878359562720195],[-48.72630208518056,-26.878368746274493],[-48.7263008210709,-26.878431897562315],[-48.72628015862909,-26.878458638514292],[-48.72627431580511,-26.878499154797733],[-48.72625365334388,-26.878525895744435],[-48.72625238919872,-26.878589047028722],[-48.726262268957946,-26.878598230586576],[-48.72629811225049,-26.878567221748437],[-48.726304406540926,-26.87850415143301],[-48.726325068986405,-26.878477410477803],[-48.72633091179071,-26.878436894190948],[-48.72635157421677,-26.878410153230465],[-48.72635741700637,-26.87836963694133],[-48.72637807941301,-26.87834289597556],[-48.72638235515002,-26.87825497573102],[-48.726380246373665,-26.87823463661744],[-48.72636066747606,-26.878207247906406],[-48.72636148008919,-26.87816665064702],[-48.72638461238762,-26.878142205564515],[-48.72643289545188,-26.878118165306468],[-48.72644234964613,-26.877897216730716],[-48.726468403222704,-26.877852513479137],[-48.726514667627555,-26.877803623261624],[-48.726520510311296,-26.877763106956905],[-48.726541172559806,-26.87773636595581],[-48.726547918038285,-26.87765074157373],[-48.72656858025812,-26.877624000566527],[-48.72657577709902,-26.877515822141714],[-48.72665011325318,-26.87744707849918],[-48.72666282398218,-26.877440514675964],[-48.7266877037892,-26.8774544518744],[-48.726697944590946,-26.877445592166666],[-48.72669830568711,-26.877427548934126],[-48.7266787268333,-26.877400160268248],[-48.72667999067659,-26.877337008954612],[-48.72669279166508,-26.87732593431955],[-48.72673815302766,-26.877322152089015],[-48.72680462783482,-26.87726907475075],[-48.72684010947122,-26.87725610896859],[-48.72687896368653,-26.877200330966595],[-48.726885257521026,-26.87713726058897],[-48.72693197275822,-26.87706581615516],[-48.726932333811305,-26.877047772918715],[-48.72689007433716,-26.877022275433735],[-48.726923898333986,-26.87696641646512],[-48.72698498169337,-26.87693130131355],[-48.72698579403867,-26.876890704029215],[-48.72694353460698,-26.876865206562645],[-48.727038441782,-26.876774232393696],[-48.72704428419877,-26.876733716046786],[-48.72709099915405,-26.876662271539836],[-48.727097292818264,-26.876599201139054],[-48.72711795470418,-26.87657246002759],[-48.72711876698937,-26.876531862737444],[-48.72709918816713,-26.876504474130034],[-48.72710045172786,-26.87644132278992],[-48.72711325257047,-26.876430248106498],[-48.727158613569344,-26.87642646571702],[-48.72719701606856,-26.87639324164548],[-48.727202858399004,-26.876352725285184],[-48.72722352021185,-26.876325984153027],[-48.72722936252758,-26.87628546779048],[-48.72725002432101,-26.876258726653045],[-48.72725586662202,-26.876218210288233],[-48.72730258121209,-26.876146765684766],[-48.72730887470851,-26.876083695261112],[-48.72735558920461,-26.876012250633266],[-48.727361882658464,-26.875949180203826],[-48.72737468341817,-26.87593810549088],[-48.72740993897296,-26.875936416561267],[-48.727413988078176,-26.8758597732304],[-48.727452841492244,-26.87580399501249],[-48.7274880970056,-26.87580230606061],[-48.72749124368678,-26.87577077083956],[-48.72751190531834,-26.875744029652214],[-48.72751819865937,-26.87568095920721],[-48.72756446168077,-26.875632068547688],[-48.72756963855537,-26.875499040051057],[-48.72757255961987,-26.8754787818553],[-48.72759322117469,-26.875452040650504],[-48.72759704453787,-26.875386674331327],[-48.72759493555554,-26.875366335217983],[-48.72757535679229,-26.87533894667787],[-48.72757158999135,-26.875275714389577],[-48.72755924048641,-26.87526423506616],[-48.72741345977933,-26.875257377576535],[-48.727386110437074,-26.875241144659157],[-48.72737586989745,-26.875250004435255],[-48.727369576520466,-26.875313074873986],[-48.72735924573317,-26.875326445459866],[-48.72729816337929,-26.87536156084232],[-48.727282441571,-26.875392893739797],[-48.72722090793114,-26.875450563140216],[-48.7272182908015,-26.87558137665908],[-48.727260549845944,-26.875606874021496],[-48.72721639562756,-26.875676103688313],[-48.727209650884625,-26.875761728163468],[-48.727162936415866,-26.875833172746056],[-48.72715709411254,-26.875873689108204],[-48.72713643237547,-26.87590043023642],[-48.72713059005743,-26.875940946596312],[-48.727109928300926,-26.87596768771924],[-48.727103183443575,-26.876053312179902],[-48.72706679967746,-26.87611138615726],[-48.72703086715179,-26.87614690607251],[-48.72700481423261,-26.876191609476393],[-48.7269989718449,-26.876232125825396],[-48.72697831000054,-26.876258866922775],[-48.726971113715024,-26.876367045414955],[-48.726950451837375,-26.876393786505822],[-48.72694753062653,-26.87641404467783],[-48.72694918819591,-26.87645693783978],[-48.726968766973016,-26.876484326465377],[-48.72696840593451,-26.876502369703708],[-48.72694774402914,-26.87652911079212],[-48.72694054767734,-26.87663728927602],[-48.72692774679417,-26.87664836394095],[-48.72690762642669,-26.87664804016493],[-48.72689527685498,-26.8766365607803],[-48.726896991849955,-26.876550855403746],[-48.72691765377106,-26.876524114323843],[-48.726918014817954,-26.876506071086197],[-48.72690813517096,-26.876496887579872],[-48.72688262369321,-26.87651452609521],[-48.72684879982889,-26.876570385064415],[-48.72686590868545,-26.876595477825813],[-48.72686756622118,-26.87663837098593],[-48.72686464498597,-26.87665862915425],[-48.726818381228156,-26.876707519532605],[-48.72681802016229,-26.876725562768485],[-48.72683512903245,-26.876750655534124],[-48.72679142540504,-26.876797330969143],[-48.726733927841046,-26.876904699927202],[-48.72672112690699,-26.876915774569834],[-48.72665061519281,-26.876919152036173],[-48.72663781424948,-26.876930226670634],[-48.7266370017785,-26.876970823944895],[-48.72665658055584,-26.8769982126128],[-48.7266586893764,-26.87701855172718],[-48.726655768089174,-26.87703880988722],[-48.72663766619835,-26.877063335990716],[-48.72665477507202,-26.87708842877782],[-48.726656883892666,-26.877108767892075],[-48.72665396260154,-26.87712902605167],[-48.72663330050007,-26.877155767080033],[-48.726627457904414,-26.87719628339711],[-48.726617217121586,-26.8772051431011],[-48.72658986745776,-26.877188910011213],[-48.72656974699931,-26.877188586181063],[-48.72655694601621,-26.877199660805392],[-48.726551554785374,-26.877217623078206],[-48.72650529065405,-26.87726651332758],[-48.72647923724401,-26.877311216598745],[-48.72647294316812,-26.877374286942032],[-48.726462702356955,-26.877383146632845],[-48.726435352676674,-26.877366913512063],[-48.72641523218888,-26.877366589657964],[-48.72640499137427,-26.877375449344356],[-48.72642466044002,-26.877398327236552],[-48.72647195005675,-26.877423905823974],[-48.72647616763562,-26.877464584052806],[-48.726495746448265,-26.877491972744174],[-48.72649538531894,-26.877510015973993],[-48.726446199690095,-26.877579164345104],[-48.72643348893394,-26.877585728146922],[-48.726406590642206,-26.877546940982434],[-48.72638647012294,-26.87754661712222],[-48.72637366908016,-26.877557691725748],[-48.72636782636078,-26.877598208022835],[-48.72632201343587,-26.877624544160696],[-48.726321200827684,-26.877665141422053],[-48.72634077963205,-26.87769253013403],[-48.72634454571974,-26.87775576239716],[-48.72636165461821,-26.87778085522003],[-48.72635141375982,-26.87778971489942],[-48.72630605220599,-26.877793496992872],[-48.72629325112621,-26.877804571586502],[-48.72629243850144,-26.877845168846022],[-48.72630954739982,-26.877870261675024],[-48.72626629456703,-26.87789438286739],[-48.72626045178294,-26.877934899154756],[-48.726212168767766,-26.877958939356994],[-48.72618903647484,-26.877983384411852],[-48.72618867528915,-26.878001427636573],[-48.72620825411177,-26.87802881636736],[-48.72620991137695,-26.878071709512874],[-48.72620698996855,-26.87809196765409],[-48.72616072531183,-26.878140857753202],[-48.72613723177163,-26.878183346019622],[-48.72615434067937,-26.87820843886738],[-48.72615352799078,-26.878249036120657],[-48.72612051590035,-26.878264297595447],[-48.72609199215407,-26.878306704874003],[-48.72598967310262,-26.878390790579502],[-48.725940093908534,-26.87835389431055],[-48.72588650955423,-26.87839138581594],[-48.72584123806636,-26.87839065693874],[-48.72582888843398,-26.878379177458278],[-48.72582602576132,-26.878270837154815],[-48.72581614606622,-26.878261653570053],[-48.725701689245824,-26.87844932558336],[-48.72569403985504,-26.878580057915602],[-48.725675937494216,-26.878604583862302],[-48.72569057642351,-26.87862738086351],[-48.725646871570206,-26.87867405585766],[-48.72563114879014,-26.87870538850015],[-48.72560307635797,-26.87872524163959],[-48.72555780474604,-26.878724512663254],[-48.72552798497432,-26.8787059834564],[-48.72545765281144,-26.878700338646844],[-48.72542783306376,-26.8786818094202],[-48.725332259710996,-26.87868027033695],[-48.725319458436324,-26.87869134482871],[-48.725313615254045,-26.87873186104883],[-48.72529295253082,-26.87875860183717],[-48.72529259119075,-26.87877664504866],[-48.72533686914787,-26.878826992944152],[-48.72533927965605,-26.878957887235718],[-48.72542150995929,-26.878997565647037],[-48.725456088987734,-26.87902970829175],[-48.72543798649858,-26.879054234198737],[-48.725432143329385,-26.879094750423334],[-48.72538587791623,-26.879143640215368],[-48.72538416158938,-26.87922934547035],[-48.72540374039778,-26.87925673430947],[-48.72540584900267,-26.8792770734251],[-48.72540247574037,-26.879319885549876],[-48.725384373188966,-26.879344411445434],[-48.725401482078055,-26.879369504381184],[-48.72540066907973,-26.87941010160652],[-48.7253746146925,-26.879454804603004],[-48.72532880077927,-26.879481140350457],[-48.72531060784704,-26.87951017703588],[-48.72529048699554,-26.879509852997824],[-48.72526066707557,-26.879491323726167],[-48.725238076292186,-26.87948870377426],[-48.72521539516926,-26.879490594620982],[-48.72520515406319,-26.8794994541999],[-48.72527166167631,-26.87957046529343],[-48.725271300320166,-26.879588508502582],[-48.72522458291816,-26.879659952232206],[-48.725221661272435,-26.879680210335184],[-48.72522376984643,-26.879700549450856],[-48.72524334868676,-26.879727938313213],[-48.72524756584345,-26.879768616544236],[-48.72525991555323,-26.87978009607929],[-48.72528003645216,-26.879780420124703],[-48.72529283786154,-26.879769345646064],[-48.72529868113357,-26.879728829436125],[-48.72535976649424,-26.87969371512568],[-48.72537548950511,-26.87966238253077],[-48.72542175515141,-26.87961349275904],[-48.72542805002926,-26.87955042252559],[-48.72547431560484,-26.879501532731627],[-48.72550036996641,-26.87945682971523],[-48.72550621314021,-26.879416313489365],[-48.72552687594748,-26.87938957267646],[-48.72553271910657,-26.879349056448333],[-48.7255789845509,-26.87930016661077],[-48.72557934585367,-26.879282123397022],[-48.725562236935225,-26.8792570304809],[-48.72558573093685,-26.879214542343647],[-48.72562943603934,-26.8791678673864],[-48.725612327124594,-26.87914277447635],[-48.725612688419616,-26.87912473126178],[-48.72567413463846,-26.879071573570627],[-48.72568401438668,-26.879080757168076],[-48.72568612304132,-26.879101096282948],[-48.72568386501702,-26.879213866379324],[-48.725680943470245,-26.879234124498886],[-48.72566028072867,-26.87926086533894],[-48.725659919439074,-26.879278908553772],[-48.725669799202805,-26.87928809215302],[-48.72574597482245,-26.879253220637448],[-48.72575585459154,-26.879262404231007],[-48.72575504172356,-26.879303001466965],[-48.72571618617952,-26.87935877906428],[-48.72564522133444,-26.879384709948127],[-48.72561422716104,-26.879424821194814],[-48.72556886494344,-26.87942860300787],[-48.7255300092641,-26.879484380544564],[-48.72552784137638,-26.879592639819474],[-48.72554019109868,-26.879604119330853],[-48.72556031197037,-26.8796044433344],[-48.72561389702678,-26.879566952001582],[-48.72562377680978,-26.879576135605056],[-48.72562251225719,-26.87963928685229],[-48.72557579504377,-26.87971073071028],[-48.72556904859157,-26.87979635496907],[-48.72552278292422,-26.879845244787226],[-48.72551558476254,-26.879953423053074],[-48.725469319004226,-26.880002312847218],[-48.72546302410447,-26.880065383078655],[-48.725416306598405,-26.88013682686254],[-48.72541046333557,-26.880177343076525],[-48.72536464912498,-26.880203678815334],[-48.72535790245588,-26.88028930304666],[-48.725337239430345,-26.88031604381888],[-48.7253309444266,-26.880379114036145],[-48.725310281377006,-26.880405854802667],[-48.7253039863495,-26.880468925016746],[-48.725285883575104,-26.880493450883126],[-48.72530299259483,-26.88051854383659],[-48.72530217952092,-26.88055914105255],[-48.72520470733895,-26.88065232861518],[-48.72519660529709,-26.880805614843997],[-48.72515033903343,-26.880854504497638],[-48.725144495619524,-26.88089502068852],[-48.72509822929529,-26.880943910320813],[-48.725095609100414,-26.881074723544806],[-48.72513943603039,-26.881147625542308],[-48.72513907462861,-26.881165668745783],[-48.72511841137831,-26.881192409469623],[-48.72511256792627,-26.881232925655585],[-48.72507416311293,-26.881266148997646],[-48.72505404195382,-26.881265824906414],[-48.72502467341396,-26.881224741560157],[-48.725004552262874,-26.881224417462324],[-48.724991750652165,-26.881235491900632],[-48.7249859071519,-26.88127600807813],[-48.72496524384514,-26.88130274877563],[-48.724958496745984,-26.88138837295254],[-48.72493783341055,-26.881415113643943],[-48.724931538077485,-26.88147818381656],[-48.724910874718,-26.881504924502273],[-48.72490412755407,-26.88159054867099],[-48.72486572255493,-26.88162377194332],[-48.72482035944657,-26.881627553457847],[-48.724781502578075,-26.88168333070196],[-48.72477520713214,-26.881746400858997],[-48.72475454368382,-26.8817731415155],[-48.72474779637075,-26.881858765665324],[-48.724727132893754,-26.881885506315715],[-48.72472083739779,-26.881948576466062],[-48.724700173896736,-26.88197531711077],[-48.724692974660265,-26.882083495246803],[-48.72467231112592,-26.882110235885012],[-48.72466646744318,-26.88215075203465],[-48.72457155365857,-26.882241724142407],[-48.72460613334657,-26.88227386702883],[-48.724626254677894,-26.882274191195044],[-48.72465423781817,-26.88225884912371],[-48.72466411773556,-26.882268032801004],[-48.72466194876196,-26.882376291968026],[-48.72465170733781,-26.882385151484357],[-48.724599656992346,-26.882345958761807],[-48.72455191399088,-26.882342933452353],[-48.724529232290976,-26.8823448241515],[-48.72449082691754,-26.88237804729557],[-48.72448453124232,-26.882441117421333],[-48.724463867589535,-26.882467858020593],[-48.72445666806075,-26.882576036121478],[-48.72435783755617,-26.88273688488437],[-48.72435199371238,-26.882777401008607],[-48.724313588134514,-26.8828106240901],[-48.724268224544126,-26.88281440539556],[-48.724255422675284,-26.882825479748973],[-48.72425506110693,-26.882843522937037],[-48.724274640185826,-26.88287091194197],[-48.72427427861981,-26.882888955130166],[-48.724228011062884,-26.882937844389744],[-48.72422674555075,-26.883000995545558],[-48.72424632464671,-26.883028384555143],[-48.72424596307373,-26.88304642774258],[-48.72422529924608,-26.883073168294317],[-48.72421900335541,-26.883136238390822],[-48.72420620144336,-26.88314731273671],[-48.72416083771662,-26.883151093998787],[-48.72412243195183,-26.883184317015175],[-48.72409637609674,-26.88322901966746],[-48.724090532121366,-26.883269535770804],[-48.7240724286028,-26.883294061427954],[-48.724087067728156,-26.88331685859933],[-48.724043360297365,-26.88336353291326],[-48.72403661226187,-26.883449156971615],[-48.72399079638709,-26.88347549215002],[-48.72398495235477,-26.883516008244506],[-48.72393868440382,-26.88356489738129],[-48.72386051626743,-26.883699005180475],[-48.723859702566315,-26.883739602337386],[-48.72388184208663,-26.88376477653601],[-48.72389428246225,-26.88377174540798],[-48.72392226607525,-26.883756403514234],[-48.72394238765955,-26.88375672779432],[-48.723976967585315,-26.883788870846402],[-48.72394368234747,-26.88381766406747],[-48.723916331587056,-26.883801430397288],[-48.723893740001365,-26.88379881017965],[-48.72384590601709,-26.883800295389776],[-48.723830633998595,-26.883809073759455],[-48.72378144378853,-26.883878220871186],[-48.723775599650146,-26.883918736948864],[-48.723727313530155,-26.88394277608894],[-48.72370417941332,-26.88396722060703],[-48.723697883146336,-26.884030290651577],[-48.723626010695604,-26.8841013282344],[-48.723619262259305,-26.884186952241986],[-48.72359859806244,-26.88421369267561],[-48.723592301712735,-26.884276762708865],[-48.723571637491816,-26.884303503136813],[-48.72356534111834,-26.88436657316688],[-48.72354467687335,-26.884393313589115],[-48.723538832610274,-26.88443382964728],[-48.72346605549073,-26.884549975057624],[-48.72346021118739,-26.884590491109414],[-48.72341192471203,-26.88461453011729],[-48.72333511169572,-26.884680975627795],[-48.723289385593986,-26.88470279973988],[-48.723331646899766,-26.884728298406543],[-48.72333128515495,-26.884746341578154],[-48.723310620781334,-26.884773081956986],[-48.72330477640527,-26.88481359799695],[-48.72325850760588,-26.884862486850718],[-48.72323245098585,-26.884907189288047],[-48.72322660657147,-26.88494770532188],[-48.72320594213399,-26.88497444568083],[-48.7232000977049,-26.885014961712404],[-48.72315382877417,-26.88506385052255],[-48.72314798431954,-26.885104366550042],[-48.72307520633191,-26.88522051169639],[-48.72306936183699,-26.885261027717515],[-48.723030955013414,-26.885294250362648],[-48.7229855904132,-26.8852980311894],[-48.72295751583828,-26.885317883653777],[-48.72294718355351,-26.88533125380924],[-48.72294088673337,-26.885394323777554],[-48.7228921475248,-26.885440916532147],[-48.722856753340665,-26.885449370327553],[-48.72282940237723,-26.885433136435182],[-48.722819160525844,-26.885441995788625],[-48.72281879868848,-26.88546003895197],[-48.722831148710256,-26.885471518714553],[-48.72287633246726,-26.885476759524217],[-48.72291091255662,-26.885508902844307],[-48.7228613591605,-26.885596092701984],[-48.72281508983596,-26.88564498137327],[-48.72280924521528,-26.88568549737415],[-48.72276297583018,-26.885734386024065],[-48.72276261397931,-26.88575242918596],[-48.722779723119004,-26.88577752244291],[-48.72273399646613,-26.885799346337386],[-48.72269311934804,-26.885830272916223],[-48.722657634562005,-26.885843237442774],[-48.72263706028555,-26.885865466906576],[-48.72265169940217,-26.885888264221947],[-48.72263359512495,-26.885912789640283],[-48.722632780907546,-26.88595338674976],[-48.7226498900441,-26.88597848002191],[-48.72261160364706,-26.886],[-48.72308063254024,-26.886],[-48.72308724354456,-26.88587498200451]]],[[[-48.72232748632575,-26.88599584180171],[-48.722280194331084,-26.885970261688126],[-48.72228055626196,-26.885952218532857],[-48.7222986606189,-26.885927693165147],[-48.72228155157012,-26.885902599855623],[-48.722277335427755,-26.88586192162108],[-48.72223305640266,-26.885811572724506],[-48.72223432317676,-26.885748421681516],[-48.72224712558058,-26.88573734754886],[-48.722269807972324,-26.885735457262427],[-48.722342704663866,-26.8857388890915],[-48.72237252562098,-26.885757419037983],[-48.722395117538895,-26.885760039520832],[-48.722417799934604,-26.885758149210762],[-48.72242804184552,-26.88574928989058],[-48.72236400279684,-26.885680573358478],[-48.722382107088634,-26.885656047975328],[-48.72238795185812,-26.88561553200149],[-48.7224342213427,-26.885566643480896],[-48.722435487991575,-26.885503492426874],[-48.72242560800557,-26.88549430859105],[-48.72239762376646,-26.88550965014482],[-48.722352349552516,-26.885508919971787],[-48.722290147306445,-26.88547407489998],[-48.722290961629426,-26.88543347779743],[-48.72233677868164,-26.88540714325222],[-48.72233970106516,-26.885386885265767],[-48.72233804537594,-26.885343992201044],[-48.72230099551652,-26.885309552792442],[-48.72225572138536,-26.885308822593487],[-48.72219957198756,-26.88534852720909],[-48.72215420735874,-26.885352307765444],[-48.72214140499289,-26.885363381892407],[-48.7221392333252,-26.88547164082173],[-48.722158812274216,-26.885499030107216],[-48.72216092032213,-26.885519369225484],[-48.72215799790171,-26.885539627205652],[-48.722137333105934,-26.885566367383397],[-48.72213697115835,-26.885584410537838],[-48.72215655012412,-26.88561179982444],[-48.72215820574055,-26.885654692885716],[-48.722144950903754,-26.88568832095333],[-48.72208386128518,-26.885723433579063],[-48.72208259442881,-26.88578658461564],[-48.72209494440401,-26.885798064439722],[-48.72214012823739,-26.885803305490946],[-48.722152478220494,-26.88581478531045],[-48.72217672576224,-26.885860298889448],[-48.72218094186828,-26.88590097712472],[-48.72222522090077,-26.885951326037805],[-48.72222485896111,-26.88596936919237],[-48.72221461701428,-26.885978228495294],[-48.7221872660309,-26.885961994477363],[-48.72214208213153,-26.885956753437224],[-48.72212973213523,-26.88594527361612],[-48.72212551604726,-26.8859045953806],[-48.722090936083646,-26.885872451876143],[-48.72201421193404,-26.88593438576638],[-48.72200387948169,-26.885947755841187],[-48.72200351750694,-26.885965798992974],[-48.72202173819568,-26.886],[-48.72233195973483,-26.886],[-48.72232748632575,-26.88599584180171]]]]},"properties":{"gid":35058,"classe":"Media","sourceLayer":"ima-sgb-3"}},{"type":"Feature","geometry":{"type":"Polygon","coordinates":[[[-48.73048517077933,-26.87501120782705],[-48.730472730871796,-26.875004239562966],[-48.73041089182597,-26.874951354941995],[-48.730385381209125,-26.874968994149988],[-48.730359419988446,-26.87500918745868],[-48.730282220543984,-26.874969592796244],[-48.730236950280705,-26.874968865412544],[-48.730208879557644,-26.874988719586344],[-48.730201109199044,-26.874999875404434],[-48.73021098900962,-26.875009058690647],[-48.73028086870898,-26.87503725511011],[-48.73031023781086,-26.87507833741476],[-48.73038065829257,-26.875079468862005],[-48.73041119897012,-26.875061910472084],[-48.730431319105826,-26.87506223373175],[-48.730458128194556,-26.87510553101266],[-48.730492617531624,-26.87514218327642],[-48.730492257073465,-26.875160226562382],[-48.730446446029006,-26.875186564169194],[-48.730440604938316,-26.875227080746388],[-48.73040476382122,-26.875258090787334],[-48.730370184362236,-26.875225949323287],[-48.730370544840795,-26.875207906039034],[-48.730416806498056,-26.875159014352374],[-48.73041716696817,-26.875140971067342],[-48.73040481716963,-26.875129491975525],[-48.73038469702238,-26.875129168711336],[-48.73032855553004,-26.875168877108926],[-48.73027780453201,-26.875190623018877],[-48.73020729386046,-26.875194002336652],[-48.73019202349021,-26.875202781508207],[-48.73017145269541,-26.875225012315138],[-48.730188562138366,-26.87525010471161],[-48.730188201630256,-26.87526814799348],[-48.730104439827485,-26.875305156348368],[-48.73004829815398,-26.875344864621947],[-48.72997823806678,-26.875325689719762],[-48.72996799770664,-26.875334549696046],[-48.730007336716746,-26.87538030454314],[-48.72999709635344,-26.875389164521305],[-48.729951735795076,-26.875392947855453],[-48.72988818416379,-26.875425768580456],[-48.72988647150775,-26.87551147414889],[-48.729930750454656,-26.875561820672736],[-48.72992993920791,-26.875602418047816],[-48.72991713871979,-26.875613493011006],[-48.72989445839542,-26.87561538466413],[-48.729871868211546,-26.875612765494296],[-48.72984204844214,-26.875594237198456],[-48.72982192822049,-26.87559391384901],[-48.72981168782321,-26.875602773811362],[-48.729846267219834,-26.875634915407925],[-48.73009521001446,-26.87564117202869],[-48.73011780021189,-26.875643791163448],[-48.73013015003134,-26.875655270281314],[-48.73012955553634,-26.875810933984294],[-48.7301316649778,-26.875831273087652],[-48.73015124446113,-26.87585866131552],[-48.730154111387975,-26.875967001820896],[-48.73017369089785,-26.875994390046976],[-48.73017745914624,-26.87605762235247],[-48.73022429852766,-26.87610575380534],[-48.73026179880537,-26.876117637036828],[-48.73048559233078,-26.876123488916697],[-48.73051240166005,-26.876166786198347],[-48.73053966159266,-26.87618752937112],[-48.730610443228294,-26.87617061746226],[-48.73066029350639,-26.876193979672664],[-48.73067264343992,-26.876205458749443],[-48.730676862522806,-26.87624613695093],[-48.73068674247508,-26.876255320211573],[-48.73069698287186,-26.876246460185904],[-48.73069824441944,-26.876183308685544],[-48.73067610465112,-26.8761581355292],[-48.730626254384504,-26.876134773325063],[-48.73060658462524,-26.87611189597513],[-48.730700587282534,-26.876066027326072],[-48.73070777998724,-26.87595784841503],[-48.73074663189099,-26.875902069191664],[-48.730791902541995,-26.87590279643539],[-48.73080681254936,-26.875912060490723],[-48.7308435019046,-26.875964540966358],[-48.730879343148665,-26.875933530823332],[-48.73087970355742,-26.875915487534495],[-48.730855454221604,-26.87586997530591],[-48.730813194192315,-26.87584447896375],[-48.730831295007825,-26.87581995225198],[-48.73083803703938,-26.875734327433058],[-48.730848277375046,-26.875725467392115],[-48.73087562737606,-26.87574169967609],[-48.73089574763859,-26.875742022877173],[-48.73090854805363,-26.87573094782035],[-48.73091282003583,-26.875643027182008],[-48.73090092063394,-26.875608994015373],[-48.730873660760565,-26.8755882509154],[-48.730851070547196,-26.875585631901192],[-48.73081311984951,-26.87559630294368],[-48.73077435819868,-26.875647571374156],[-48.730764478287895,-26.875638388121793],[-48.73076528923781,-26.875597790723372],[-48.73080899082698,-26.875551113919027],[-48.730752271494936,-26.875493799402964],[-48.73074495167827,-26.87548240114109],[-48.730760492365135,-26.875460089443347],[-48.73071868303795,-26.875412038972193],[-48.73071994452796,-26.87534888746342],[-48.73073804527531,-26.875324360758324],[-48.73069322539243,-26.87530107940169],[-48.7306536157902,-26.87526885719541],[-48.73055813507249,-26.875262811004376],[-48.73052400613361,-26.875208115467384],[-48.73056972705953,-26.875186288656597],[-48.73059029777326,-26.875164057786165],[-48.73058041791741,-26.875154874523925],[-48.73053523768379,-26.87514963640949],[-48.73050110878615,-26.875094940868983],[-48.730516649459865,-26.87507262919662],[-48.73050200992488,-26.875049832653293],[-48.73057131210043,-26.874981005860853],[-48.73057167254324,-26.874962962573456],[-48.7305474235087,-26.87491745030682],[-48.730503144502215,-26.874867103970796],[-48.73050350495408,-26.874849060683953],[-48.73052416572578,-26.874822318997364],[-48.73053225953845,-26.874669031864315],[-48.73055292026763,-26.87464229017042],[-48.730553280708094,-26.874624246882387],[-48.73054093094698,-26.874612767804358],[-48.73051834093782,-26.874610148749248],[-48.73049566081768,-26.87461204051242],[-48.730482860499976,-26.874623115538803],[-48.73048250004835,-26.87464115882598],[-48.7305020794373,-26.874668547001843],[-48.73050036730023,-26.87475425261602],[-48.730451635901474,-26.874800848527933],[-48.73040335504683,-26.874824890313185],[-48.73040043450887,-26.874845148602027],[-48.730401642823736,-26.87491059591958],[-48.73041399259986,-26.87492207501049],[-48.730459172735095,-26.874927313157844],[-48.73052137224363,-26.874962154471632],[-48.730521011792845,-26.87498019775842],[-48.73049788102979,-26.87500464362533],[-48.73048517077933,-26.87501120782705]]]},"properties":{"gid":35062,"classe":"Media","sourceLayer":"ima-sgb-3"}},{"type":"Feature","geometry":{"type":"Polygon","coordinates":[[[-48.72964197528477,-26.865084200369083],[-48.72966155299403,-26.865111588579378],[-48.729665771610534,-26.865152266821273],[-48.72968534933625,-26.86517965502911],[-48.729689567961955,-26.865220333270628],[-48.72970914570412,-26.865247721476035],[-48.729713364339034,-26.865288399717173],[-48.729732942097634,-26.86531578792013],[-48.729736259677274,-26.865401574414452],[-48.72975583745902,-26.865428962615407],[-48.729759155052626,-26.86551474910919],[-48.72980553972355,-26.86558543460988],[-48.72982044835326,-26.865594698691705],[-48.72986562476859,-26.865599936800518],[-48.72989288218719,-26.86562067995996],[-48.72990267111347,-26.865634374051837],[-48.729906889821706,-26.8656750522904],[-48.72992399792954,-26.865700144656103],[-48.72988815989196,-26.86573115478443],[-48.729792507024726,-26.865734130225146],[-48.729777237955254,-26.865742909440563],[-48.72973884000185,-26.865776134533963],[-48.7297127908085,-26.865820838714587],[-48.7296847223884,-26.865840692944182],[-48.72961421755021,-26.865844072333516],[-48.729601418207984,-26.865855147349333],[-48.72959512698803,-26.865918218074942],[-48.729582327635164,-26.86592929308827],[-48.72953697087713,-26.865933076530382],[-48.729506432644804,-26.865950634897843],[-48.72948375426142,-26.865952526608194],[-48.729285038923926,-26.86595158937129],[-48.7292545006517,-26.86596914768145],[-48.72923438214168,-26.865968824355132],[-48.729207034645015,-26.865952591895148],[-48.72913086918553,-26.865987465966708],[-48.7290935075139,-26.865968816402326],[-48.729072712992654,-26.86600232422476],[-48.729082591979775,-26.866011507545778],[-48.7291051802427,-26.866014126723996],[-48.729228361095345,-26.866018362580185],[-48.72925570861048,-26.866034595037082],[-48.72928368702259,-26.866019251724538],[-48.729354191966884,-26.866015872507802],[-48.72938473023851,-26.865998314175997],[-48.729429996903,-26.865999041608784],[-48.72944234567537,-26.866010520730967],[-48.72944656422107,-26.8660511989718],[-48.72947081118372,-26.866096711333448],[-48.72951553718171,-26.866124503686297],[-48.729519755754836,-26.86616518192626],[-48.72956448179167,-26.866192974265807],[-48.72956322015928,-26.866256125805645],[-48.729526841132916,-26.866314200767608],[-48.72949877255453,-26.866334054949235],[-48.72935282274631,-26.866336221814873],[-48.72934002332123,-26.8663472968012],[-48.72933418254039,-26.866387813383067],[-48.729323852867424,-26.866401184193837],[-48.729295784234,-26.866421038331314],[-48.72925042727594,-26.866424821668183],[-48.72923493274589,-26.866444877873487],[-48.72932048183738,-26.86644399660102],[-48.72933575103681,-26.866435217443936],[-48.72935888014536,-26.866410771646166],[-48.729364720919286,-26.866370255062936],[-48.72937752034489,-26.866359180074404],[-48.72944793538017,-26.866360311647878],[-48.729460284190914,-26.866371790770515],[-48.72946450274641,-26.866412469010136],[-48.72947429167951,-26.866426163131358],[-48.72953145674855,-26.86646092378349],[-48.72952121720961,-26.866469783785643],[-48.72947586023379,-26.866473567194156],[-48.72944532184119,-26.866491125537422],[-48.72940005498032,-26.86649039809726],[-48.72937270733769,-26.86647416566108],[-48.72931382989363,-26.8665251105906],[-48.72932370894373,-26.866534293898212],[-48.72934382755505,-26.866534617218083],[-48.72937180608508,-26.866519273896092],[-48.729399153737916,-26.866535506333012],[-48.72954748345448,-26.86654014608281],[-48.729570071838126,-26.866542765193763],[-48.72958242068044,-26.86655424430747],[-48.72958528752216,-26.866662584906955],[-48.7296048654595,-26.8666899731357],[-48.72960863348587,-26.86675320549377],[-48.729653359767006,-26.866780997818953],[-48.72965712781954,-26.866844230176838],[-48.72966947670165,-26.8668557092851],[-48.72968959537469,-26.866856032559344],[-48.72970239482935,-26.866844957543517],[-48.72972844429309,-26.866800253385794],[-48.72972880474218,-26.866782210088076],[-48.72968699878402,-26.866734159485173],[-48.72972768664815,-26.866712251900744],[-48.729688350487145,-26.866666497119805],[-48.729698590032925,-26.866657637106048],[-48.72979424367742,-26.866654661778362],[-48.72982523260694,-26.866614549235187],[-48.72997109270045,-26.86661689272849],[-48.7300303674099,-26.866671992311534],[-48.730012268042074,-26.86669651903059],[-48.730011907639295,-26.866714562332078],[-48.73003148569213,-26.86674195050852],[-48.7300352539564,-26.866805182869786],[-48.73004504299157,-26.86681887695719],[-48.73007230072083,-26.866839620099125],[-48.73016777433888,-26.86684566617889],[-48.73019503209845,-26.866866409298886],[-48.73022906858617,-26.866925615633342],[-48.730228925674766,-26.86705872539617],[-48.73020242585997,-26.86712598378192],[-48.73020453527472,-26.867146322897906],[-48.7302241134424,-26.86717371105369],[-48.730223970502166,-26.86730682081183],[-48.73022607992162,-26.86732715992746],[-48.73024565812249,-26.867354548081906],[-48.730248075087,-26.867485442825757],[-48.730267653317725,-26.86751283097863],[-48.730269762746005,-26.867533170093793],[-48.73026504059157,-26.86764364492138],[-48.73021878218764,-26.867692536794436],[-48.73021586189988,-26.86771279510776],[-48.730217070353405,-26.867778242476266],[-48.730236648621286,-26.867805630635104],[-48.73023628823684,-26.86782367393657],[-48.73021562880287,-26.86785041568115],[-48.73021526841438,-26.86786845898224],[-48.730234846695666,-26.867895847141952],[-48.730236055153846,-26.86796129450957],[-48.73023313485849,-26.867981552822286],[-48.730212475392186,-26.868008294564003],[-48.73020438232627,-26.86816158181449],[-48.73016598361566,-26.868194806970063],[-48.73008222720496,-26.868231815673216],[-48.73008186678936,-26.86824985897167],[-48.73009421585908,-26.868261338052974],[-48.730164992510105,-26.86824442604382],[-48.73017734158824,-26.868255905118378],[-48.730176530685796,-26.868296502542346],[-48.73013072246981,-26.86832284023961],[-48.73010467276255,-26.868367544450688],[-48.73009838157215,-26.868430615186877],[-48.73007525216796,-26.86845506108351],[-48.73006254265879,-26.86846162529729],[-48.73005010346631,-26.868454657036718],[-48.73001341664961,-26.868402176478966],[-48.729977577724306,-26.86843318656703],[-48.72997128645728,-26.868496257292357],[-48.72994815701286,-26.86852070316539],[-48.7299328875626,-26.868529482371667],[-48.72986238104645,-26.868532861779308],[-48.729801393317494,-26.868563467730766],[-48.72984365051353,-26.86858896421554],[-48.729867898103045,-26.868634476537984],[-48.729868655753144,-26.86872247800785],[-48.72986573536265,-26.868742736305617],[-48.729845075661544,-26.868769477976784],[-48.72983788312853,-26.868877656922198],[-48.72981722339414,-26.868904398586857],[-48.729810030816125,-26.86901257752676],[-48.72978937104847,-26.86903931918491],[-48.729784504612006,-26.86928290363231],[-48.72979438392525,-26.869292086921146],[-48.7298223631099,-26.869276743554238],[-48.72984504216011,-26.86927485183167],[-48.73009406114409,-26.86927659675985],[-48.73013291079351,-26.869220817532153],[-48.73013875151662,-26.86918030092345],[-48.73014908137668,-26.869166930067742],[-48.73017459065285,-26.86914929080954],[-48.73022663738915,-26.86918848128441],[-48.73024675648274,-26.86918880450521],[-48.73025955616774,-26.869177729455338],[-48.73026539684267,-26.869137212838204],[-48.73030177652336,-26.86907913774041],[-48.73036285451805,-26.869044020758796],[-48.73036456633609,-26.868958315083614],[-48.73034745769211,-26.868933222745003],[-48.73036555738516,-26.86890869600799],[-48.730366368241576,-26.868868098582187],[-48.7303245612999,-26.868820048115932],[-48.73036780975987,-26.868795925380134],[-48.730368170138604,-26.868777882079492],[-48.730299195117205,-26.868704577671036],[-48.73027494733626,-26.868659065411286],[-48.73027117895714,-26.868595833059437],[-48.73025160055919,-26.86856844489913],[-48.730252861935405,-26.868505293349738],[-48.73027352149224,-26.868478551608927],[-48.73027779325329,-26.86839063092044],[-48.73027568381962,-26.868370291806578],[-48.73025610545518,-26.868342903648458],[-48.730254446512376,-26.868300010408912],[-48.730257366816595,-26.868279752096864],[-48.73028341644311,-26.86823504785205],[-48.73029621601001,-26.868223972790513],[-48.73031633493391,-26.868224295990718],[-48.73034359303411,-26.868245039100806],[-48.73036784076803,-26.868290551347393],[-48.73039262907173,-26.868308998637584],[-48.730402868724674,-26.868300138580494],[-48.73040915973412,-26.8682370678186],[-48.730429819202186,-26.86821032604862],[-48.73043063001117,-26.868169728616994],[-48.73038680391367,-26.868096828240322],[-48.730383936376676,-26.867988487627052],[-48.73036435804359,-26.867961099485083],[-48.73036471840986,-26.867943056182373],[-48.73038537782898,-26.867916314415147],[-48.73039256971016,-26.867808135391687],[-48.73043096821969,-26.867774910160446],[-48.73047623562438,-26.867775637302536],[-48.73052828188089,-26.867814827640196],[-48.73055370069989,-26.86780169911397],[-48.73056613985834,-26.867808667328212],[-48.730588278117374,-26.86783384042543],[-48.73059249709296,-26.8678745186524],[-48.73060237636232,-26.867883701882775],[-48.73061508577679,-26.86787713761389],[-48.73063821494425,-26.86785269161228],[-48.73064495617846,-26.86776706669308],[-48.73066561549955,-26.867740324878095],[-48.73067145591689,-26.867699808222824],[-48.73069211521856,-26.86767306640256],[-48.73069840600642,-26.867609995610337],[-48.73071120546059,-26.8675989205033],[-48.73075647280402,-26.867599647551277],[-48.73078382092385,-26.86761587974649],[-48.73080923967057,-26.867602751169258],[-48.73081911893672,-26.86761193438442],[-48.730818758647736,-26.867629977693678],[-48.73080595919956,-26.86764105281086],[-48.73072476328255,-26.867675846913457],[-48.73080451803139,-26.86771322604666],[-48.730831325751566,-26.867756523198143],[-48.73085858384798,-26.86777726620893],[-48.73097929696931,-26.86777920485733],[-48.731020615456515,-26.867725721116255],[-48.73103588471894,-26.867716941779335],[-48.73108124218178,-26.867713157898212],[-48.73109148172754,-26.86770429778376],[-48.731074373083345,-26.867679205530923],[-48.73107105455827,-26.867593419025834],[-48.73104891622901,-26.86756824599976],[-48.731034007242435,-26.86755898202747],[-48.73096368145348,-26.867553340369724],[-48.730834620520355,-26.867465534443188],[-48.7307996828432,-26.86745143650268],[-48.73075531629781,-26.867405601199856],[-48.73076555583754,-26.867396741108546],[-48.73086121013461,-26.86739376509562],[-48.73087400954804,-26.867382689970984],[-48.730874369824406,-26.867364646660395],[-48.73086202076094,-26.86735316764715],[-48.73081675351232,-26.867352440639127],[-48.73078621505742,-26.867369999268604],[-48.73074085773011,-26.86737378306312],[-48.73071287914432,-26.86738912665311],[-48.730685531087765,-26.867372894447744],[-48.73061520544421,-26.867367252624597],[-48.73058794748847,-26.86734650957469],[-48.73058062815034,-26.86733511132624],[-48.73062176648075,-26.86729064935419],[-48.73056505104996,-26.86723333496626],[-48.73053824354317,-26.867190037775394],[-48.73049306645318,-26.867184799841194],[-48.730456019448106,-26.867150362708724],[-48.73045637978719,-26.86713231940279],[-48.73047447914037,-26.86710779262653],[-48.730407974772746,-26.867036784123265],[-48.73040375587137,-26.866996105892444],[-48.730310534347076,-26.86687728930969],[-48.73030631548231,-26.86683661107767],[-48.73027182852239,-26.866799958890955],[-48.73023779204411,-26.866740752566788],[-48.7302344741246,-26.866654966072975],[-48.73016640131722,-26.86653655340589],[-48.73016353391397,-26.866428212781788],[-48.73014395587604,-26.86640082462393],[-48.73013973707569,-26.86636014638926],[-48.73012985796918,-26.866350963135353],[-48.73010187957308,-26.866366306616968],[-48.730081760980944,-26.866365983406837],[-48.730069412103724,-26.866354504334627],[-48.730070222976316,-26.86631390690252],[-48.73011603035802,-26.866287569167955],[-48.730118950606915,-26.866267310851757],[-48.730117742158065,-26.866201863474053],[-48.73009816416643,-26.866174475312192],[-48.73009394538468,-26.86613379707652],[-48.73007683717984,-26.86610870472638],[-48.73012098554773,-26.86603947373515],[-48.73012525718726,-26.86595155302498],[-48.730123147792284,-26.865931213906933],[-48.730078872177394,-26.865880867610795],[-48.73007735624092,-26.865704864589095],[-48.730053109098456,-26.86565935231928],[-48.730008833612914,-26.865609006008],[-48.73000919399894,-26.865590962703738],[-48.730021993272494,-26.86557988764619],[-48.73014279408197,-26.865577316036298],[-48.73019893062919,-26.86553760736914],[-48.73022160892624,-26.865535715537863],[-48.73025910579912,-26.86554759856715],[-48.73029826168011,-26.865602374839806],[-48.730333423943605,-26.865605195800462],[-48.730356777873716,-26.865569472744568],[-48.730363519049085,-26.865483847818144],[-48.73037631827771,-26.865472772725393],[-48.73039899656099,-26.8654708808646],[-48.73044673281294,-26.865473903766954],[-48.73052594551401,-26.86553834793146],[-48.73069942213841,-26.865543390314556],[-48.730737369410676,-26.865532719078306],[-48.730786096425305,-26.865486122754284],[-48.7307896920112,-26.865432033198736],[-48.73075452978077,-26.865429212354314],[-48.73072772257109,-26.865385915211455],[-48.730693235871094,-26.865349263139883],[-48.730688566540124,-26.865331139048017],[-48.730644290873904,-26.865280792924207],[-48.73064007190344,-26.86524011468992],[-48.73062049392787,-26.865212726599538],[-48.730618384447006,-26.865192387482217],[-48.73062130456368,-26.86517212914534],[-48.730634103731475,-26.865161054024995],[-48.73067946017015,-26.86515727020837],[-48.730692259330915,-26.86514619508228],[-48.73069442094805,-26.86503793519743],[-48.73064969503953,-26.865010143222847],[-48.730649302692534,-26.865],[-48.73035506645031,-26.865],[-48.730347829596596,-26.865009806993147],[-48.73034746927336,-26.865027850303154],[-48.730391744710886,-26.865078196507234],[-48.73039138439356,-26.8650962398176],[-48.7303785852116,-26.865107314915026],[-48.73033322879054,-26.865111098635634],[-48.73032298943952,-26.865119958709062],[-48.73033286846339,-26.865129141945186],[-48.73040319270467,-26.865134783822633],[-48.730415541494914,-26.865146262861266],[-48.73043731893431,-26.865189479266807],[-48.73041675015188,-26.865211710255494],[-48.73038136280518,-26.865220166391655],[-48.730354105380414,-26.865199423325887],[-48.730329768133366,-26.865158421927763],[-48.73030425982401,-26.865176061281012],[-48.73029649022116,-26.865187217161388],[-48.73031826762046,-26.86523043358273],[-48.7303629935222,-26.865258225661847],[-48.7303626331975,-26.865276268971407],[-48.73031682629297,-26.86530260681867],[-48.73029863714151,-26.86533164442357],[-48.73022813261484,-26.8653350241407],[-48.73021789323468,-26.865343884204474],[-48.73023756121549,-26.865366761518597],[-48.73028484699182,-26.865392338607894],[-48.7303090941816,-26.865437850841765],[-48.730308733845554,-26.865455894150173],[-48.73024729750586,-26.865509054552504],[-48.73021994995467,-26.865492822285606],[-48.730197361754854,-26.86549020329044],[-48.730174683466856,-26.865492095118398],[-48.73014670529678,-26.865507438624277],[-48.73013682625846,-26.86549825537447],[-48.73013516731842,-26.86545536212305],[-48.730138087530946,-26.8654351038027],[-48.730158746498454,-26.86540836203459],[-48.73015910685757,-26.865390318727925],[-48.73014675807038,-26.8653788396672],[-48.73012663965233,-26.865378516474404],[-48.73009812095243,-26.86542092493118],[-48.73007005269802,-26.86544077924884],[-48.730035025639026,-26.865431191986772],[-48.729988190392696,-26.865383060685787],[-48.72998577358352,-26.86525216592326],[-48.72995128717438,-26.865215513687417],[-48.72991725127959,-26.865156307314084],[-48.72992037331722,-26.865],[-48.72964042087316,-26.865],[-48.72964197528477,-26.865084200369083]]]},"properties":{"gid":35115,"classe":"Media","sourceLayer":"ima-sgb-3"}},{"type":"Feature","geometry":{"type":"Polygon","coordinates":[[[-48.72093912886439,-26.869692091583083],[-48.72091223419079,-26.869653303567837],[-48.72089952407698,-26.869659866913896],[-48.72087639253927,-26.869684311159055],[-48.72087054850112,-26.869724827172103],[-48.7208444949171,-26.86976952941648],[-48.72079868415269,-26.869795863906965],[-48.72077263052292,-26.86984056613487],[-48.72077226860476,-26.86985860931227],[-48.72078461683177,-26.869870089157242],[-48.72080720555989,-26.869872709698065],[-48.720905331328694,-26.869872036547946],[-48.720935871847324,-26.869854480200118],[-48.72098123025207,-26.86985069963988],[-48.721011770754245,-26.869833143274484],[-48.72103444995226,-26.869831252983648],[-48.721057038681614,-26.8698338734844],[-48.721084385780905,-26.869850107500337],[-48.72111766731809,-26.86982131468875],[-48.72110303034122,-26.869798517316553],[-48.72111327080968,-26.869789657989067],[-48.721234075709866,-26.8697870942979],[-48.72128774763728,-26.869745093561445],[-48.72129551843324,-26.869733938258832],[-48.721260943287824,-26.869701794808606],[-48.72114031940607,-26.869695336937344],[-48.72112797115827,-26.869683857122155],[-48.721128333017255,-26.869665813939825],[-48.72118043989449,-26.86957640932164],[-48.72122625048755,-26.869550074695347],[-48.72122661232885,-26.869532031511437],[-48.72118233959785,-26.86948168260897],[-48.721180231799025,-26.869461343463414],[-48.721184058369005,-26.869395977486793],[-48.72122730878049,-26.869371857688986],[-48.72121743020062,-26.86936267384394],[-48.72117005465937,-26.869341604551426],[-48.72115981423816,-26.869350463886377],[-48.72115216107026,-26.869481195836595],[-48.72112902962311,-26.869505640129443],[-48.72111375942726,-26.86951441832947],[-48.7210684011588,-26.869518198941204],[-48.72103786075295,-26.869535755325465],[-48.7209925024753,-26.86953953591213],[-48.72098226202218,-26.86954839523197],[-48.72099214059673,-26.869557579093073],[-48.721037317945864,-26.869562820097723],[-48.72104966617168,-26.869574299919616],[-48.72104930430163,-26.86959234310118],[-48.72103897337954,-26.869605713220402],[-48.7209778925014,-26.869640825965014],[-48.720977530618924,-26.8696588691455],[-48.72099463720017,-26.86968396249371],[-48.720984396733314,-26.869692821812727],[-48.72093912886439,-26.869692091583083]]]},"properties":{"gid":51730,"classe":"Media","sourceLayer":"ima-sgb-3"}},{"type":"Feature","geometry":{"type":"Polygon","coordinates":[[[-48.72356132655987,-26.869147773399064],[-48.72349036787271,-26.869173703604993],[-48.72346229758687,-26.869193556468208],[-48.72337380949972,-26.869341035151827],[-48.723367966371875,-26.86938155132737],[-48.723347305086904,-26.869408291941784],[-48.72334146194435,-26.86944880811503],[-48.72327746020288,-26.86950417999101],[-48.723226710669664,-26.86952592345644],[-48.723181352413725,-26.869529704751198],[-48.7231685520462,-26.86954077911287],[-48.72316270882991,-26.869581295273562],[-48.72314204745892,-26.86960803585193],[-48.72313620422792,-26.869648552010375],[-48.72311307314551,-26.869672996652554],[-48.7230978030627,-26.86968177507521],[-48.72300214704172,-26.869684745693192],[-48.722951397380115,-26.86970648905074],[-48.72294115705263,-26.86971534852116],[-48.72295579440409,-26.869738145725623],[-48.722894804374285,-26.86976874853073],[-48.72277408981957,-26.86976680284592],[-48.7226944270826,-26.869724908461343],[-48.72267430799985,-26.869724584159655],[-48.72264632784511,-26.869739926041298],[-48.72259895184922,-26.869718857202677],[-48.72258660344156,-26.869707377505662],[-48.722587417103774,-26.869666780304208],[-48.72262334872144,-26.869631261448408],[-48.72265973233464,-26.86957318857961],[-48.72266602774383,-26.869510118448385],[-48.722686689201836,-26.8694833779453],[-48.722687050810315,-26.869465334742856],[-48.722677262499246,-26.869451640191514],[-48.72265000564296,-26.869430895674462],[-48.72262988661289,-26.86943057136972],[-48.72259103335947,-26.86948634829466],[-48.72258811165205,-26.86950660635687],[-48.722590219704905,-26.86952694549724],[-48.72260979631892,-26.86955433461066],[-48.72260943469679,-26.869572377811906],[-48.722583381811894,-26.86961708042346],[-48.72253757147083,-26.869643415508023],[-48.72248007417225,-26.869750782808335],[-48.72243637177981,-26.869797456994554],[-48.72244625050002,-26.869806640762384],[-48.72256687466125,-26.869813097529853],[-48.72259669167852,-26.869831627206153],[-48.72271987597383,-26.869835868984303],[-48.72274255516545,-26.86983397841731],[-48.72277309542047,-26.869816421653418],[-48.72284360267049,-26.869813045850282],[-48.7228741429057,-26.869795489063108],[-48.72302009676466,-26.86979332918362],[-48.72305063697002,-26.86977577235617],[-48.72307075606709,-26.86977609660486],[-48.72313295035519,-26.86981094087717],[-48.72315719538735,-26.869856454192053],[-48.72315638192193,-26.869897051408554],[-48.72314614159093,-26.86990591089355],[-48.7231337027193,-26.869898942041626],[-48.72307186993821,-26.869846054560675],[-48.72303602876851,-26.869877062732748],[-48.723035215259095,-26.869917659945692],[-48.72304509404073,-26.86992684367519],[-48.72307051411138,-26.8699137165841],[-48.72314770743234,-26.869953314841865],[-48.72319288509105,-26.869958555172644],[-48.7232027638896,-26.869967738892093],[-48.72313255696091,-26.870081670039973],[-48.72312671368895,-26.870122186193765],[-48.72306563309526,-26.870157299862484],[-48.723029249470876,-26.870215372832742],[-48.72302888790498,-26.870233416037582],[-48.72304846473804,-26.870260805102],[-48.72304765121957,-26.87030140231308],[-48.7229955453811,-26.870390807683727],[-48.72298274489312,-26.870401882020047],[-48.72293738628298,-26.87040566321343],[-48.72292458578795,-26.870416737543998],[-48.72291693447637,-26.870547469695286],[-48.72282037371818,-26.87059554814743],[-48.72282001211318,-26.870613591348665],[-48.72283236063741,-26.87062507103161],[-48.722877538538526,-26.870630311478784],[-48.72288988707066,-26.870641791157173],[-48.72288907348214,-26.87068238836159],[-48.72287627294944,-26.870693462685107],[-48.72283091422119,-26.87069724383656],[-48.72276691149749,-26.870752615412048],[-48.72276016399857,-26.87083823953664],[-48.72271344911342,-26.870909682643873],[-48.72271308748655,-26.87092772584297],[-48.722759469537586,-26.87099841347181],[-48.722771908498835,-26.871005382361826],[-48.722799888963806,-26.87099004047642],[-48.72282000827225,-26.870990364774315],[-48.722854584252744,-26.87102250788989],[-48.72284434379153,-26.871031367343807],[-48.72272353749362,-26.871033932331322],[-48.72271073690362,-26.871045006635825],[-48.7227103752742,-26.871063049834547],[-48.722722723831914,-26.871074529528798],[-48.72281820021276,-26.871080580774947],[-48.72282807906946,-26.8710897645235],[-48.72281783859984,-26.87109862397492],[-48.7226945625197,-26.87109889299597],[-48.722671883073566,-26.871100783538953],[-48.72266164259159,-26.871109642978194],[-48.7226962185579,-26.871141786131492],[-48.72281684416256,-26.871148242774588],[-48.72282672302461,-26.871157426523524],[-48.7227652801433,-26.871210583215774],[-48.72269477202291,-26.871213958924333],[-48.72263378110767,-26.871244561556434],[-48.72267558542886,-26.871292614136326],[-48.72267889748503,-26.871378400404957],[-48.72268877635373,-26.87138758416383],[-48.7227423581821,-26.871350093696442],[-48.72283801560253,-26.87134712334397],[-48.722850816217395,-26.871336049029743],[-48.722857111695575,-26.871272978903953],[-48.7228777734641,-26.87124623839643],[-48.72287813506981,-26.87122819519608],[-48.722858558131186,-26.871200806103563],[-48.72285891973923,-26.871182762903352],[-48.72290518266298,-26.871133873753067],[-48.722911478091135,-26.87107080362058],[-48.72296021066006,-26.871024210382927],[-48.72298558479085,-26.87101333870917],[-48.722983295867365,-26.871002021173584],[-48.72293897659316,-26.87095392814666],[-48.722938676424796,-26.87084337299972],[-48.722936568303155,-26.870823033862578],[-48.72291699141199,-26.870795644780237],[-48.72291825698406,-26.870732493573062],[-48.72293105751768,-26.870721419245804],[-48.72295117678043,-26.870721743522022],[-48.72298099409375,-26.87074027313395],[-48.723001113360525,-26.87074059740329],[-48.72303996689881,-26.87068482038896],[-48.723046262208136,-26.8706217502405],[-48.723066923803756,-26.870595009692725],[-48.723069845469745,-26.87057475161985],[-48.723075478855755,-26.870419169511315],[-48.72309614040423,-26.870392428955803],[-48.723101983708474,-26.870351912806253],[-48.723148246167234,-26.8703030235431],[-48.72315408944595,-26.870262507389462],[-48.72319989992073,-26.87023617211369],[-48.72320529125386,-26.870218209965074],[-48.72325155361181,-26.87016932066096],[-48.72325236705282,-26.87012872344335],[-48.72320764124256,-26.870100929118063],[-48.72320890661518,-26.870037777891874],[-48.723247759788315,-26.869982000793666],[-48.72328323941838,-26.86996903577542],[-48.72332411033884,-26.869938108591874],[-48.72339461766987,-26.86993473251735],[-48.723407418064376,-26.86992365813716],[-48.723433470716564,-26.86987895535932],[-48.72343931386076,-26.86983843918385],[-48.72347524528746,-26.86980292009865],[-48.723511628544045,-26.86974484698762],[-48.723512441877254,-26.869704249760215],[-48.72350265344383,-26.869690555258956],[-48.72347539637033,-26.869669810888794],[-48.72343021880534,-26.869664570654624],[-48.723417870313426,-26.869653091025288],[-48.72341868367689,-26.869612493800023],[-48.72344181468409,-26.869588049102653],[-48.72350783425027,-26.869557527090816],[-48.723553102146674,-26.86955825649448],[-48.723580449577426,-26.869574490045796],[-48.72360595987764,-26.869556852045402],[-48.723616290507294,-26.869543481718917],[-48.72362213356019,-26.869502965528916],[-48.72366884724904,-26.869431522035413],[-48.72367604571109,-26.869323343784206],[-48.72368884600654,-26.869312269371548],[-48.723724099478915,-26.86931058123491],[-48.72372724788393,-26.86927904614177],[-48.72376317903558,-26.86924352696387],[-48.723799561949065,-26.86918545375383],[-48.72380585669073,-26.86912238352734],[-48.723826517815674,-26.869095642834733],[-48.72382687923719,-26.86907759961698],[-48.723817000456556,-26.869068415941832],[-48.723789020607086,-26.86908375807116],[-48.72376890162247,-26.869083433932403],[-48.72373908458143,-26.869064904502196],[-48.72371649590812,-26.869062284436072],[-48.723678546918336,-26.869072953664602],[-48.72356132655987,-26.869147773399064]]]},"properties":{"gid":51732,"classe":"Media","sourceLayer":"ima-sgb-3"}},{"type":"Feature","geometry":{"type":"Polygon","coordinates":[[[-48.72281558109309,-26.867696344992204],[-48.72278504143982,-26.867713901806525],[-48.722739683908834,-26.86771768300495],[-48.72271170427767,-26.86773302493527],[-48.72268435740717,-26.867716791247553],[-48.72258879345579,-26.867715250888388],[-48.722532653348345,-26.867754956283132],[-48.72250997457382,-26.867756846842866],[-48.722411940962246,-26.86775301042347],[-48.72237211033821,-26.86773206317744],[-48.72237354028505,-26.86778623332656],[-48.72238588847601,-26.867797713030573],[-48.72245630405949,-26.86779884814262],[-48.72248428373812,-26.86778350626625],[-48.72253632700924,-26.867822699376614],[-48.72255644575349,-26.86782302367678],[-48.722569245969595,-26.86781194935969],[-48.722575089255194,-26.86777143322181],[-48.722587889463405,-26.867760358902476],[-48.72263315661524,-26.86776108855575],[-48.72264550483169,-26.867772568238586],[-48.722669749290695,-26.867818081609506],[-48.72267185735063,-26.86783842075206],[-48.72266893572293,-26.86785867882391],[-48.72264827458656,-26.867885419348426],[-48.72264243131778,-26.867925935490003],[-48.72262177016198,-26.867952676009235],[-48.72262095657236,-26.86799327322152],[-48.72263806331031,-26.868018366383104],[-48.722601770646996,-26.868071928487545],[-48.722556412970576,-26.868075709617536],[-48.72254114307393,-26.868084487992647],[-48.72246681117515,-26.86815322978468],[-48.722460515790324,-26.868216299915936],[-48.722337452228274,-26.868331634771206],[-48.72233115675438,-26.868394704890054],[-48.722294773404606,-26.868452777696312],[-48.72225884209252,-26.868488296490955],[-48.722252546559744,-26.86855136660173],[-48.7222062845111,-26.86860025560322],[-48.7222008931198,-26.86861821771235],[-48.72219065284283,-26.868627077132086],[-48.722166318015695,-26.868586074484437],[-48.72214153110451,-26.868567625830895],[-48.72213129082812,-26.868576485246376],[-48.722124091003664,-26.868684663339568],[-48.722113850714734,-26.868693522752906],[-48.72210397211301,-26.868684338968276],[-48.72209975619075,-26.8686436606815],[-48.72208740794539,-26.86863218094975],[-48.72206728906454,-26.868631856573817],[-48.72205448870435,-26.868642930835293],[-48.72205021057089,-26.868730850870588],[-48.72205231852325,-26.868751190014063],[-48.72206466677682,-26.86876266974928],[-48.722109934311206,-26.868763399595206],[-48.72212520433294,-26.86875462127537],[-48.722148335412754,-26.86873017679374],[-48.72216405752659,-26.86869884447197],[-48.722189567819385,-26.868681206726958],[-48.72219944642825,-26.86869039050601],[-48.72219908475451,-26.86870843370429],[-48.72217842334257,-26.86873517414037],[-48.72217806166479,-26.868753217338284],[-48.722214654383286,-26.868810210508396],[-48.722234773297764,-26.868810534865332],[-48.72228835397974,-26.868773044490446],[-48.72233783753308,-26.868814452549703],[-48.72236464212627,-26.86885775111577],[-48.72241237936838,-26.868860776809434],[-48.722435058365235,-26.868858886279668],[-48.72250152976039,-26.86880581072383],[-48.722567549073595,-26.868775289135865],[-48.72266567397899,-26.868774614701668],[-48.722703622940735,-26.86876394574469],[-48.72275235452507,-26.86871735250777],[-48.722752716111145,-26.86869930930255],[-48.72270799097123,-26.86867151485699],[-48.72270925654313,-26.86860836364002],[-48.72272991781074,-26.868581623116487],[-48.72273283945635,-26.868561365045775],[-48.72273163534839,-26.86849591789092],[-48.72272175670927,-26.868486734147222],[-48.72269579454762,-26.868526926003064],[-48.722667724303996,-26.868546778711266],[-48.72264760543012,-26.868546454418887],[-48.72259309214802,-26.868504965391818],[-48.7225705036259,-26.86850234515083],[-48.722422081802684,-26.86850220872908],[-48.7223433527102,-26.868539293747826],[-48.7223334741011,-26.868530109978746],[-48.72233473987329,-26.86846695877702],[-48.72235787084723,-26.86844251425359],[-48.72239335006658,-26.868429549432484],[-48.7224217819571,-26.868391653577874],[-48.722448676903866,-26.868430441325597],[-48.722493944318096,-26.86843117104022],[-48.72252246658148,-26.868388764362496],[-48.722581438284195,-26.86833331172918],[-48.72256433151728,-26.86830821855956],[-48.72256469312679,-26.868290175355657],[-48.72257749339839,-26.868279101041757],[-48.72260017227764,-26.868277210477824],[-48.72264790928942,-26.868280236077098],[-48.72267525628352,-26.868296469778898],[-48.722687966148456,-26.86828990625573],[-48.72270853696047,-26.868267676532305],[-48.72269389982708,-26.868244879312925],[-48.72273019251047,-26.86819131718676],[-48.722750311322656,-26.86819164146344],[-48.72276265959516,-26.86820312113906],[-48.72276597181006,-26.868288907438643],[-48.72277585043707,-26.868298091178627],[-48.722786090640035,-26.868289231711316],[-48.72281214310242,-26.86824452903041],[-48.72281934221338,-26.868136350852822],[-48.72284000336172,-26.868109610304487],[-48.72284765437734,-26.867978878111092],[-48.722895933605166,-26.86795483880595],[-48.72291906435256,-26.867930394174756],[-48.72291987783353,-26.8678897969537],[-48.72290030139686,-26.867862407890712],[-48.72290066294609,-26.867844364681453],[-48.722936593850676,-26.867808845694984],[-48.72296511578123,-26.867766438904106],[-48.72301047332999,-26.867762657634024],[-48.72304101296593,-26.86774510076969],[-48.72308628012599,-26.867745830277485],[-48.72309615873685,-26.86775501399436],[-48.72305456554394,-26.867822027588975],[-48.72308914070084,-26.867854170603742],[-48.72313440790584,-26.867854900098855],[-48.72319840871937,-26.86779952822166],[-48.72320425178153,-26.86775901204349],[-48.72321458227604,-26.867745641735944],[-48.72329084089531,-26.867706260249005],[-48.723325416090944,-26.86773840320838],[-48.72332707241847,-26.86778129636723],[-48.72332415090887,-26.867801554460232],[-48.72330348993073,-26.86782829509122],[-48.723297646898146,-26.867868811275134],[-48.72327698590057,-26.86789555190084],[-48.72327662441027,-26.867913595114704],[-48.72331065743151,-26.867972802901672],[-48.72336005069016,-26.868018721412103],[-48.723374507198606,-26.868050540177048],[-48.72341923228554,-26.868078334408573],[-48.72341887081495,-26.868096377623765],[-48.72340607064144,-26.868107452020666],[-48.72338595183495,-26.868107127838268],[-48.72335613510661,-26.868088598344915],[-48.723333546639395,-26.868085978229978],[-48.72331086780159,-26.868087868914962],[-48.723300627655966,-26.86809672842429],[-48.72333520296478,-26.868128871387302],[-48.723380379917565,-26.868134111614147],[-48.723410196661625,-26.868152641103265],[-48.72350567067086,-26.868158691734283],[-48.723518019021576,-26.868170171348478],[-48.723517657565225,-26.868188214564682],[-48.723504857389585,-26.86819928897037],[-48.72345949966929,-26.86820307038912],[-48.72344669948661,-26.86821414478905],[-48.723446338018256,-26.868232188004246],[-48.72349106319261,-26.868259982217985],[-48.72350807980178,-26.868289586091866],[-48.72357885719327,-26.86827267744735],[-48.72366529583636,-26.868353034689722],[-48.723664482605244,-26.86839363192922],[-48.723651682418165,-26.868404706347373],[-48.72363156355563,-26.868404382196612],[-48.72355482287244,-26.86834223023087],[-48.72350280880419,-26.868427125089486],[-48.72344127742563,-26.86848479301157],[-48.723389172831396,-26.868574198620713],[-48.72338881134828,-26.868592241834257],[-48.7234011597301,-26.86860372146025],[-48.723471485495004,-26.868609366901556],[-48.72348383388747,-26.868620846520944],[-48.7234880503086,-26.868661524797723],[-48.7235220836377,-26.86872073254901],[-48.72354934050618,-26.86874147689892],[-48.723569369062965,-26.868746311868975],[-48.72359873417791,-26.868787395348384],[-48.723719357403596,-26.868793851067924],[-48.72374917437338,-26.868812380498262],[-48.723794351625095,-26.86881762061051],[-48.72382169892392,-26.868833854107596],[-48.72384967870525,-26.868818511967138],[-48.7239201853434,-26.86881513558483],[-48.72397376552132,-26.868777644535403],[-48.724023340083974,-26.868814541237523],[-48.72408432931514,-26.868783937889575],[-48.72408559412872,-26.86872078661306],[-48.72402591495103,-26.868685983287087],[-48.72392783422523,-26.86868440325333],[-48.723896842691744,-26.868724514324576],[-48.72382642646426,-26.86872337989409],[-48.72379706127796,-26.868682296457553],[-48.723751884079405,-26.86867705634946],[-48.723690141968945,-26.86861965835032],[-48.72369411774321,-26.868421182957633],[-48.723742397009914,-26.86839714336496],[-48.72376552768351,-26.8683726985907],[-48.72376935268492,-26.86830733243861],[-48.723767244425005,-26.868286993300746],[-48.72374766771377,-26.868259604339485],[-48.72374435475453,-26.86817381801593],[-48.723724778066426,-26.86814642905265],[-48.72372056156462,-26.868105750776078],[-48.72367673995936,-26.868032848588527],[-48.72367710138803,-26.86801480536992],[-48.72369776231986,-26.867988064681505],[-48.72370068377082,-26.867967806577365],[-48.723701738978185,-26.867789589286243],[-48.72366936225033,-26.86777327474578],[-48.72363999734218,-26.86773219129053],[-48.7235695817419,-26.867731056770715],[-48.723513441938586,-26.867770762576516],[-48.72349332319017,-26.86777043841314],[-48.72345623309198,-26.8677382549702],[-48.723453944161434,-26.867726937438633],[-48.723441415131674,-26.86772447942981],[-48.72340477689644,-26.86766974195487],[-48.72336728019993,-26.867657857109535],[-48.72329430463294,-26.867658937334646],[-48.723263765056075,-26.867676494257886],[-48.72321840754402,-26.86768027561209],[-48.72318786795072,-26.86769783251778],[-48.72316518919032,-26.86769972318418],[-48.72306715557012,-26.867695887221423],[-48.7230377909075,-26.867654803655512],[-48.722990054136616,-26.86765177820373],[-48.72296737538468,-26.86765366883874],[-48.72291123542994,-26.867693374394616],[-48.72281558109309,-26.867696344992204]]]},"properties":{"gid":51737,"classe":"Media","sourceLayer":"ima-sgb-3"}}]}