{
  "type": "FeatureCollection",
  "schemaVersion": "barch-cadastral-parcel-catalog/1",
  "id": "sp-vila-leopoldina-parcel-catalog-20261002",
  "name": "Parcelas fiscais ATIVAS — Vila Leopoldina / São Paulo",
  "defaultParcelId": "lote_cidadao.3693083",
  "source": {
    "id": "geosampa-lote-cidadao",
    "provider": "Prefeitura do Município de São Paulo / GeoSampa",
    "title": "Lote (Cadastro Imobiliário Fiscal)",
    "typeName": "geoportal:lote_cidadao",
    "url": "https://wfs.geosampa.prefeitura.sp.gov.br/geoserver/geoportal/wfs?service=WFS&version=2.0.0&request=GetFeature&typeNames=geoportal%3Alote_cidadao&outputFormat=application%2Fjson&srsName=urn%3Aogc%3Adef%3Acrs%3AOGC%3A1.3%3ACRS84&bbox=-46.735947%2C-23.5305027%2C-46.729947%2C-23.5245027%2Curn%3Aogc%3Adef%3Acrs%3AOGC%3A1.3%3ACRS84&count=1500",
    "nativeUrl": "https://wfs.geosampa.prefeitura.sp.gov.br/geoserver/geoportal/wfs?service=WFS&version=2.0.0&request=GetFeature&typeNames=geoportal%3Alote_cidadao&outputFormat=application%2Fjson&srsName=urn%3Aogc%3Adef%3Acrs%3AEPSG%3A%3A31983&bbox=-46.735947%2C-23.5305027%2C-46.729947%2C-23.5245027%2Curn%3Aogc%3Adef%3Acrs%3AOGC%3A1.3%3ACRS84&count=1500&propertyName=ge_poligono%2Ccd_identificador%2Ccd_setor_fiscal%2Ccd_quadra_fiscal%2Ccd_condominio%2Ccd_tipo_lote%2Ccd_lote%2Ccd_digito_sql%2Cnm_logradouro_completo%2Ccd_numero_porta%2Ctx_situ_lote%2Cdc_tipo_uso_imovel%2Cqt_area_terreno%2Cqt_area_construida",
    "fetchedAt": "2026-10-02T16:24:04.105940+00:00",
    "serviceTimestamp": "2026-10-02T16:24:04.046Z",
    "sourceCrs": "EPSG:31983",
    "geographicCrs": "OGC:CRS84",
    "metadataUrl": "https://metadados.geosampa.prefeitura.sp.gov.br/geonetwork/srv/api/records/ca739e6a-89bd-4cef-9175-910f2069aa8f",
    "documentationUrl": "https://geoinfo-smdu.github.io/tutorial-GeoSampa/#2_1_lotes",
    "rawNumberMatched": 714,
    "rawNumberReturned": 714,
    "selectedPublicCount": 60,
    "eligibleInContextCount": 572,
    "eligibleOver500M2": 29,
    "selection": "60 parcelas fiscais ATIVAS não condominiais, perímetro simples sem furos, contidas integralmente no recorte de contexto: todos os 29 lotes com área GIS >=500m², completados por vizinhos próximos do caso escolhido.",
    "licenseStatus": "public-service-data-specific-redistribution-license-not-declared-in-response",
    "occupationJoin": {
      "method": "polygon-clipping polygon intersection in EPSG:31983; building holes preserved",
      "minimumOverlapAreaM2": 0.25,
      "purpose": "mapped historical-context overlap, not proof of current occupation or legal building identification"
    }
  },
  "warnings": [
    "Polígono cadastral fiscal oficial não substitui levantamento topográfico ou matrícula.",
    "Dados de área construída declarados no cadastro fiscal não equivalem a levantamento atual de edificações.",
    "A camada histórica de edificações não comprova situação atual; ausência de geometria não comprova terreno vazio.",
    "Não há declaração de propriedade, disponibilidade comercial ou autorização para demolição."
  ],
  "features": [
    {
      "type": "Feature",
      "id": "lote_cidadao.2411651",
      "geometry": {
        "type": "Polygon",
        "coordinates": [
          [
            [
              -46.73441444,
              -23.52564864
            ],
            [
              -46.73450048,
              -23.52555374
            ],
            [
              -46.73454009,
              -23.52551142
            ],
            [
              -46.73458168,
              -23.52546699
            ],
            [
              -46.73459509,
              -23.52547746
            ],
            [
              -46.7346112,
              -23.52549003
            ],
            [
              -46.73482916,
              -23.52566003
            ],
            [
              -46.73483813,
              -23.52566702
            ],
            [
              -46.73491309,
              -23.52572549
            ],
            [
              -46.73495553,
              -23.5257586
            ],
            [
              -46.73498611,
              -23.52572513
            ],
            [
              -46.73510745,
              -23.52581947
            ],
            [
              -46.73505249,
              -23.52587883
            ],
            [
              -46.73502106,
              -23.52591279
            ],
            [
              -46.73500996,
              -23.52592478
            ],
            [
              -46.73495045,
              -23.52598905
            ],
            [
              -46.73482917,
              -23.52612004
            ],
            [
              -46.73475371,
              -23.52620155
            ],
            [
              -46.73474298,
              -23.52621314
            ],
            [
              -46.73474131,
              -23.5262149
            ],
            [
              -46.73469441,
              -23.52626389
            ],
            [
              -46.73457327,
              -23.52617151
            ],
            [
              -46.73455818,
              -23.52616
            ],
            [
              -46.73450911,
              -23.52612259
            ],
            [
              -46.73442609,
              -23.52605927
            ],
            [
              -46.73441003,
              -23.52604702
            ],
            [
              -46.73438205,
              -23.5260234
            ],
            [
              -46.73431702,
              -23.52596851
            ],
            [
              -46.73425922,
              -23.52591972
            ],
            [
              -46.73427272,
              -23.52590534
            ],
            [
              -46.73439465,
              -23.52577554
            ],
            [
              -46.73443986,
              -23.52581215
            ],
            [
              -46.73451691,
              -23.52573141
            ],
            [
              -46.73451825,
              -23.52573001
            ],
            [
              -46.73441444,
              -23.52564864
            ]
          ]
        ]
      },
      "properties": {
        "parcelId": "lote_cidadao.2411651",
        "sql": "080.044.0063-9",
        "sector": "080",
        "block": "044",
        "lot": "0063",
        "checkDigit": "9",
        "address": "R MERGENTHALER 192",
        "status": "ATIVO",
        "parcelType": "F",
        "use": "Não residencial",
        "cadastralAreaM2": 3714,
        "cadastralBuiltAreaM2": 6474,
        "measuredAreaM2": 3723.5175,
        "sourceId": "geosampa-lote-cidadao",
        "sourceTimestamp": "2026-10-02T16:24:04.046Z",
        "sourceFetchedAt": "2026-10-02T16:24:04.105940+00:00",
        "boundaryStatus": "official-fiscal-cadastre-current-snapshot-not-survey-or-title",
        "surveyOrTitleVerified": false,
        "occupationStatus": "built-area-declared-in-fiscal-cadastre-current-condition-unverified",
        "currentConditionVerified": false,
        "availableForDevelopment": null,
        "geometryNative31983": {
          "type": "Polygon",
          "coordinates": [
            [
              [
                322931.71421169,
                7397219.15765095
              ],
              [
                322922.80119799,
                7397229.56066197
              ],
              [
                322918.70019172,
                7397234.19866684
              ],
              [
                322914.39418514,
                7397239.06767197
              ],
              [
                322913.03818372,
                7397237.89167016
              ],
              [
                322911.41018201,
                7397236.47966798
              ],
              [
                322889.38115888,
                7397217.38363858
              ],
              [
                322888.47515793,
                7397216.59863737
              ],
              [
                322880.89914997,
                7397210.03162726
              ],
              [
                322876.60914547,
                7397206.31262153
              ],
              [
                322873.4421406,
                7397209.98162541
              ],
              [
                322861.17812772,
                7397199.38360908
              ],
              [
                322866.86913643,
                7397192.87760222
              ],
              [
                322870.12414142,
                7397189.1565983
              ],
              [
                322871.27414318,
                7397187.84259691
              ],
              [
                322877.43615262,
                7397180.79858949
              ],
              [
                322889.99617185,
                7397166.44157436
              ],
              [
                322897.81018382,
                7397157.50856494
              ],
              [
                322898.92218552,
                7397156.2375636
              ],
              [
                322899.09518579,
                7397156.0455634
              ],
              [
                322903.94919318,
                7397150.67755778
              ],
              [
                322916.19520609,
                7397161.05757382
              ],
              [
                322917.7212077,
                7397162.35057582
              ],
              [
                322922.68121293,
                7397166.55458232
              ],
              [
                322931.07422178,
                7397173.66859332
              ],
              [
                322932.69822349,
                7397175.04559545
              ],
              [
                322935.52322641,
                7397177.69559947
              ],
              [
                322942.0902332,
                7397183.85460882
              ],
              [
                322947.92723923,
                7397189.32961714
              ],
              [
                322946.52923709,
                7397190.90461879
              ],
              [
                322933.90521781,
                7397205.12863375
              ],
              [
                322929.33721305,
                7397201.01862746
              ],
              [
                322921.3612009,
                7397209.86463673
              ],
              [
                322921.22320069,
                7397210.01863689
              ],
              [
                322931.71421169,
                7397219.15765095
              ]
            ]
          ]
        },
        "geometryNativeCrs": "EPSG:31983",
        "geometrySha256": "f09bd49aa48e5e794124596397ea2e5d0b8efc909da70ffbd3698fcbbe0c7a13",
        "contextCoverageComplete": true,
        "contextBuildingSourceId": "geosampa-edificacao",
        "contextBuildingSourceHistorical": true,
        "mappedBuildings": [
          {
            "id": "geosampa-edificacao-402390",
            "intersectionAreaM2": 3210.227,
            "footprintAreaM2": 3210.354,
            "heightM": 9.011,
            "heightSourceDate": "2014-01-03T02:00:00Z"
          }
        ],
        "mappedBuildingsCount": 1,
        "mappedBuildingIntersectionMinimumM2": 0.25
      }
    },
    {
      "type": "Feature",
      "id": "lote_cidadao.2462632",
      "geometry": {
        "type": "Polygon",
        "coordinates": [
          [
            [
              -46.73469441,
              -23.52626389
            ],
            [
              -46.73474131,
              -23.5262149
            ],
            [
              -46.73474298,
              -23.52621314
            ],
            [
              -46.73475371,
              -23.52620155
            ],
            [
              -46.73482917,
              -23.52612004
            ],
            [
              -46.73495045,
              -23.52598905
            ],
            [
              -46.73519633,
              -23.52618503
            ],
            [
              -46.73512504,
              -23.52626141
            ],
            [
              -46.73512314,
              -23.52626345
            ],
            [
              -46.73506268,
              -23.52632401
            ],
            [
              -46.73502305,
              -23.52636498
            ],
            [
              -46.73497909,
              -23.52640937
            ],
            [
              -46.73495376,
              -23.52642722
            ],
            [
              -46.73493699,
              -23.52642875
            ],
            [
              -46.73491062,
              -23.52642229
            ],
            [
              -46.73483689,
              -23.52636975
            ],
            [
              -46.73475207,
              -23.52630518
            ],
            [
              -46.73469441,
              -23.52626389
            ]
          ]
        ]
      },
      "properties": {
        "parcelId": "lote_cidadao.2462632",
        "sql": "080.044.0061-2",
        "sector": "080",
        "block": "044",
        "lot": "0061",
        "checkDigit": "2",
        "address": "AV IMP LEOPOLDINA 371",
        "status": "ATIVO",
        "parcelType": "F",
        "use": "Residencial",
        "cadastralAreaM2": 1434,
        "cadastralBuiltAreaM2": 4336,
        "measuredAreaM2": 1290.5145,
        "sourceId": "geosampa-lote-cidadao",
        "sourceTimestamp": "2026-10-02T16:24:04.046Z",
        "sourceFetchedAt": "2026-10-02T16:24:04.105940+00:00",
        "boundaryStatus": "official-fiscal-cadastre-current-snapshot-not-survey-or-title",
        "surveyOrTitleVerified": false,
        "occupationStatus": "built-area-declared-in-fiscal-cadastre-current-condition-unverified",
        "currentConditionVerified": false,
        "availableForDevelopment": null,
        "geometryNative31983": {
          "type": "Polygon",
          "coordinates": [
            [
              [
                322903.94919318,
                7397150.67755778
              ],
              [
                322899.09518579,
                7397156.0455634
              ],
              [
                322898.92218552,
                7397156.2375636
              ],
              [
                322897.81018382,
                7397157.50856494
              ],
              [
                322889.99617185,
                7397166.44157436
              ],
              [
                322877.43615262,
                7397180.79858949
              ],
              [
                322852.59212665,
                7397158.79155573
              ],
              [
                322859.97313793,
                7397150.42054693
              ],
              [
                322860.17013824,
                7397150.19754669
              ],
              [
                322866.42514769,
                7397143.56553981
              ],
              [
                322870.52615392,
                7397139.07753512
              ],
              [
                322875.07516081,
                7397134.21553007
              ],
              [
                322877.68516456,
                7397132.27052823
              ],
              [
                322879.40016675,
                7397132.12152845
              ],
              [
                322882.08416995,
                7397132.86953004
              ],
              [
                322889.54217791,
                7397138.77853929
              ],
              [
                322898.11718695,
                7397146.03455051
              ],
              [
                322903.94919318,
                7397150.67755778
              ]
            ]
          ]
        },
        "geometryNativeCrs": "EPSG:31983",
        "geometrySha256": "47b23621d0e02293190710bccecf9658902ddc1c99f48c8204d5a0bc0668ac60",
        "contextCoverageComplete": true,
        "contextBuildingSourceId": "geosampa-edificacao",
        "contextBuildingSourceHistorical": true,
        "mappedBuildings": [
          {
            "id": "geosampa-edificacao-405025",
            "intersectionAreaM2": 483.6417,
            "footprintAreaM2": 483.6473,
            "heightM": 6.97,
            "heightSourceDate": "2014-01-03T02:00:00Z"
          },
          {
            "id": "geosampa-edificacao-405026",
            "intersectionAreaM2": 441.4655,
            "footprintAreaM2": 441.4655,
            "heightM": 28.586,
            "heightSourceDate": "2014-01-03T02:00:00Z"
          }
        ],
        "mappedBuildingsCount": 2,
        "mappedBuildingIntersectionMinimumM2": 0.25
      }
    },
    {
      "type": "Feature",
      "id": "lote_cidadao.2432938",
      "geometry": {
        "type": "Polygon",
        "coordinates": [
          [
            [
              -46.73475015,
              -23.52528227
            ],
            [
              -46.73478866,
              -23.52524014
            ],
            [
              -46.73482916,
              -23.52519583
            ],
            [
              -46.73482967,
              -23.52519526
            ],
            [
              -46.73486122,
              -23.52521929
            ],
            [
              -46.73506159,
              -23.52537189
            ],
            [
              -46.73508666,
              -23.52539098
            ],
            [
              -46.73510978,
              -23.52540859
            ],
            [
              -46.73519602,
              -23.52547427
            ],
            [
              -46.73520794,
              -23.52548335
            ],
            [
              -46.73516683,
              -23.52552815
            ],
            [
              -46.73512656,
              -23.52557204
            ],
            [
              -46.73500294,
              -23.52547687
            ],
            [
              -46.73482916,
              -23.52534309
            ],
            [
              -46.73478093,
              -23.52530595
            ],
            [
              -46.73475015,
              -23.52528227
            ]
          ]
        ]
      },
      "properties": {
        "parcelId": "lote_cidadao.2432938",
        "sql": "080.044.0065-5",
        "sector": "080",
        "block": "044",
        "lot": "0065",
        "checkDigit": "5",
        "address": "R FREDERICO WOLF 274",
        "status": "ATIVO",
        "parcelType": "F",
        "use": "Não residencial",
        "cadastralAreaM2": 650,
        "cadastralBuiltAreaM2": 1098,
        "measuredAreaM2": 637.8075,
        "sourceId": "geosampa-lote-cidadao",
        "sourceTimestamp": "2026-10-02T16:24:04.046Z",
        "sourceFetchedAt": "2026-10-02T16:24:04.105940+00:00",
        "boundaryStatus": "official-fiscal-cadastre-current-snapshot-not-survey-or-title",
        "surveyOrTitleVerified": false,
        "occupationStatus": "built-area-declared-in-fiscal-cadastre-current-condition-unverified",
        "currentConditionVerified": false,
        "availableForDevelopment": null,
        "geometryNative31983": {
          "type": "Polygon",
          "coordinates": [
            [
              [
                322896.94315834,
                7397259.31569338
              ],
              [
                322892.95515222,
                7397263.93369826
              ],
              [
                322888.76014578,
                7397268.79070339
              ],
              [
                322888.7071457,
                7397268.85270346
              ],
              [
                322885.51714233,
                7397266.15269928
              ],
              [
                322865.26112097,
                7397249.00667277
              ],
              [
                322862.72711829,
                7397246.86166945
              ],
              [
                322860.39011583,
                7397244.88266639
              ],
              [
                322851.67110663,
                7397237.50265498
              ],
              [
                322850.46610536,
                7397236.4826534
              ],
              [
                322854.72411189,
                7397231.57164821
              ],
              [
                322858.89511829,
                7397226.76064313
              ],
              [
                322871.39113144,
                7397237.45265963
              ],
              [
                322888.95714993,
                7397252.48268283
              ],
              [
                322893.83215507,
                7397256.65468927
              ],
              [
                322896.94315834,
                7397259.31569338
              ]
            ]
          ]
        },
        "geometryNativeCrs": "EPSG:31983",
        "geometrySha256": "db2c34f49d41db120f1328ddbf00781375a9b8424617f6241a1ee6a6eb2c38f9",
        "contextCoverageComplete": true,
        "contextBuildingSourceId": "geosampa-edificacao",
        "contextBuildingSourceHistorical": true,
        "mappedBuildings": [
          {
            "id": "geosampa-edificacao-401529",
            "intersectionAreaM2": 585.6137,
            "footprintAreaM2": 585.6143,
            "heightM": 8.495,
            "heightSourceDate": "2014-01-03T02:00:00Z"
          }
        ],
        "mappedBuildingsCount": 1,
        "mappedBuildingIntersectionMinimumM2": 0.25
      }
    },
    {
      "type": "Feature",
      "id": "lote_cidadao.2446638",
      "geometry": {
        "type": "Polygon",
        "coordinates": [
          [
            [
              -46.73488149,
              -23.52513858
            ],
            [
              -46.73493025,
              -23.52508523
            ],
            [
              -46.73499409,
              -23.52513418
            ],
            [
              -46.73500249,
              -23.52514062
            ],
            [
              -46.73502864,
              -23.52516068
            ],
            [
              -46.73505454,
              -23.52518054
            ],
            [
              -46.73507251,
              -23.52519432
            ],
            [
              -46.73510679,
              -23.52522061
            ],
            [
              -46.73512869,
              -23.5252374
            ],
            [
              -46.73516129,
              -23.5252624
            ],
            [
              -46.73516667,
              -23.5252565
            ],
            [
              -46.73518445,
              -23.52523697
            ],
            [
              -46.73534817,
              -23.52505717
            ],
            [
              -46.73539729,
              -23.52509621
            ],
            [
              -46.73549319,
              -23.52517247
            ],
            [
              -46.73567899,
              -23.52531271
            ],
            [
              -46.73566912,
              -23.52532338
            ],
            [
              -46.73564409,
              -23.52535044
            ],
            [
              -46.73554069,
              -23.52546219
            ],
            [
              -46.73550782,
              -23.52549772
            ],
            [
              -46.73547431,
              -23.52553395
            ],
            [
              -46.73542132,
              -23.52559122
            ],
            [
              -46.73540044,
              -23.52561379
            ],
            [
              -46.73538462,
              -23.5256309
            ],
            [
              -46.73537858,
              -23.52563741
            ],
            [
              -46.73537094,
              -23.52564567
            ],
            [
              -46.73536546,
              -23.5256516
            ],
            [
              -46.73535058,
              -23.5256677
            ],
            [
              -46.73531826,
              -23.52570266
            ],
            [
              -46.73531757,
              -23.52570341
            ],
            [
              -46.73526677,
              -23.52575766
            ],
            [
              -46.73521829,
              -23.52580945
            ],
            [
              -46.73516618,
              -23.52586514
            ],
            [
              -46.73510745,
              -23.52581947
            ],
            [
              -46.73498611,
              -23.52572513
            ],
            [
              -46.73500106,
              -23.52570883
            ],
            [
              -46.73502781,
              -23.52567968
            ],
            [
              -46.73504265,
              -23.52566351
            ],
            [
              -46.73503724,
              -23.52565935
            ],
            [
              -46.73502697,
              -23.52565145
            ],
            [
              -46.73500818,
              -23.52563699
            ],
            [
              -46.73482916,
              -23.52549924
            ],
            [
              -46.73476638,
              -23.52545092
            ],
            [
              -46.73466636,
              -23.52537395
            ],
            [
              -46.73470358,
              -23.52533323
            ],
            [
              -46.73470904,
              -23.52532725
            ],
            [
              -46.73475015,
              -23.52528227
            ],
            [
              -46.73478093,
              -23.52530595
            ],
            [
              -46.73482916,
              -23.52534309
            ],
            [
              -46.73500294,
              -23.52547687
            ],
            [
              -46.73512656,
              -23.52557204
            ],
            [
              -46.73516683,
              -23.52552815
            ],
            [
              -46.73520794,
              -23.52548335
            ],
            [
              -46.73519602,
              -23.52547427
            ],
            [
              -46.73510978,
              -23.52540859
            ],
            [
              -46.73516343,
              -23.52535029
            ],
            [
              -46.73511463,
              -23.52531364
            ],
            [
              -46.73508375,
              -23.52529044
            ],
            [
              -46.73488149,
              -23.52513858
            ]
          ]
        ]
      },
      "properties": {
        "parcelId": "lote_cidadao.2446638",
        "sql": "080.044.0066-3",
        "sector": "080",
        "block": "044",
        "lot": "0066",
        "checkDigit": "3",
        "address": "R SEBASTIAO BACH 305",
        "status": "ATIVO",
        "parcelType": "F",
        "use": "Não residencial",
        "cadastralAreaM2": 3720,
        "cadastralBuiltAreaM2": 4353,
        "measuredAreaM2": 3679.9467,
        "sourceId": "geosampa-lote-cidadao",
        "sourceTimestamp": "2026-10-02T16:24:04.046Z",
        "sourceFetchedAt": "2026-10-02T16:24:04.105940+00:00",
        "boundaryStatus": "official-fiscal-cadastre-current-snapshot-not-survey-or-title",
        "surveyOrTitleVerified": false,
        "occupationStatus": "built-area-declared-in-fiscal-cadastre-current-condition-unverified",
        "currentConditionVerified": false,
        "availableForDevelopment": null,
        "geometryNative31983": {
          "type": "Polygon",
          "coordinates": [
            [
              [
                322883.34013746,
                7397275.06571002
              ],
              [
                322878.28912971,
                7397280.91371621
              ],
              [
                322871.83612291,
                7397275.41370771
              ],
              [
                322870.98712201,
                7397274.6907066
              ],
              [
                322868.34311923,
                7397272.43670311
              ],
              [
                322865.72511647,
                7397270.20569967
              ],
              [
                322863.90911456,
                7397268.65769727
              ],
              [
                322860.4431109,
                7397265.70369271
              ],
              [
                322858.23010857,
                7397263.8176898
              ],
              [
                322854.9341051,
                7397261.00868546
              ],
              [
                322854.37710425,
                7397261.65568615
              ],
              [
                322852.53510142,
                7397263.79568841
              ],
              [
                322835.57607536,
                7397283.50570926
              ],
              [
                322830.61307017,
                7397279.12070253
              ],
              [
                322820.92206004,
                7397270.55768939
              ],
              [
                322802.13804019,
                7397254.79766497
              ],
              [
                322803.16004175,
                7397253.62866374
              ],
              [
                322805.75204572,
                7397250.66266061
              ],
              [
                322816.46006213,
                7397238.4146477
              ],
              [
                322819.86406734,
                7397234.52064359
              ],
              [
                322823.33507266,
                7397230.54963941
              ],
              [
                322828.82208106,
                7397224.27263279
              ],
              [
                322830.98408437,
                7397221.79963018
              ],
              [
                322832.62308688,
                7397219.9246282
              ],
              [
                322833.24808784,
                7397219.21062745
              ],
              [
                322834.03908905,
                7397218.3056265
              ],
              [
                322834.60708992,
                7397217.65562581
              ],
              [
                322836.14809228,
                7397215.89062395
              ],
              [
                322839.49509741,
                7397212.05961991
              ],
              [
                322839.56709752,
                7397211.97761982
              ],
              [
                322844.82710556,
                7397206.03261357
              ],
              [
                322849.84611323,
                7397200.3566076
              ],
              [
                322855.24212148,
                7397194.25360118
              ],
              [
                322861.17812772,
                7397199.38360908
              ],
              [
                322873.4421406,
                7397209.98162541
              ],
              [
                322871.89313823,
                7397211.7676273
              ],
              [
                322869.12313398,
                7397214.96263067
              ],
              [
                322867.58613162,
                7397216.73563254
              ],
              [
                322868.1331322,
                7397217.20263326
              ],
              [
                322869.17113329,
                7397218.09063464
              ],
              [
                322871.07013529,
                7397219.71463714
              ],
              [
                322889.16615434,
                7397235.19066103
              ],
              [
                322895.51216102,
                7397240.61866941
              ],
              [
                322905.62217166,
                7397249.26568275
              ],
              [
                322901.76716575,
                7397253.72968747
              ],
              [
                322901.20116488,
                7397254.38468817
              ],
              [
                322896.94315834,
                7397259.31569338
              ],
              [
                322893.83215507,
                7397256.65468927
              ],
              [
                322888.95714993,
                7397252.48268283
              ],
              [
                322871.39113144,
                7397237.45265963
              ],
              [
                322858.89511829,
                7397226.76064313
              ],
              [
                322854.72411189,
                7397231.57164821
              ],
              [
                322850.46610536,
                7397236.4826534
              ],
              [
                322851.67110663,
                7397237.50265498
              ],
              [
                322860.39011583,
                7397244.88266639
              ],
              [
                322854.83310731,
                7397251.27267313
              ],
              [
                322859.76711253,
                7397255.39167952
              ],
              [
                322862.89011583,
                7397257.99868356
              ],
              [
                322883.34013746,
                7397275.06571002
              ]
            ]
          ]
        },
        "geometryNativeCrs": "EPSG:31983",
        "geometrySha256": "168eb5e0865fd65602b81d70600c826009da52d778e2fd15ed00d2adefe5dd7c",
        "contextCoverageComplete": true,
        "contextBuildingSourceId": "geosampa-edificacao",
        "contextBuildingSourceHistorical": true,
        "mappedBuildings": [
          {
            "id": "geosampa-edificacao-405960",
            "intersectionAreaM2": 16.703,
            "footprintAreaM2": 16.703,
            "heightM": 2.991,
            "heightSourceDate": "2014-01-03T02:00:00Z"
          },
          {
            "id": "geosampa-edificacao-400290",
            "intersectionAreaM2": 131.6122,
            "footprintAreaM2": 185.7015,
            "heightM": 2.985,
            "heightSourceDate": "2014-01-03T02:00:00Z"
          },
          {
            "id": "geosampa-edificacao-405392",
            "intersectionAreaM2": 220.3261,
            "footprintAreaM2": 220.338,
            "heightM": 3.127,
            "heightSourceDate": "2014-01-03T02:00:00Z"
          },
          {
            "id": "geosampa-edificacao-405390",
            "intersectionAreaM2": 3.2607,
            "footprintAreaM2": 3.2607,
            "heightM": 3.05,
            "heightSourceDate": "2014-01-03T02:00:00Z"
          },
          {
            "id": "geosampa-edificacao-405391",
            "intersectionAreaM2": 6.4162,
            "footprintAreaM2": 6.4162,
            "heightM": 3.381,
            "heightSourceDate": "2014-01-03T02:00:00Z"
          },
          {
            "id": "geosampa-edificacao-405105",
            "intersectionAreaM2": 286.1896,
            "footprintAreaM2": 286.1941,
            "heightM": 3.32,
            "heightSourceDate": "2014-01-03T02:00:00Z"
          },
          {
            "id": "geosampa-edificacao-403321",
            "intersectionAreaM2": 1352.9882,
            "footprintAreaM2": 1352.9975,
            "heightM": 8.719,
            "heightSourceDate": "2014-01-03T02:00:00Z"
          },
          {
            "id": "geosampa-edificacao-405847",
            "intersectionAreaM2": 586.5702,
            "footprintAreaM2": 586.5738,
            "heightM": 4.39,
            "heightSourceDate": "2014-01-03T02:00:00Z"
          }
        ],
        "mappedBuildingsCount": 8,
        "mappedBuildingIntersectionMinimumM2": 0.25
      }
    },
    {
      "type": "Feature",
      "id": "lote_cidadao.2436689",
      "geometry": {
        "type": "Polygon",
        "coordinates": [
          [
            [
              -46.7337382,
              -23.52605597
            ],
            [
              -46.73366208,
              -23.52613735
            ],
            [
              -46.73364617,
              -23.52612512
            ],
            [
              -46.73361577,
              -23.52610174
            ],
            [
              -46.73355785,
              -23.5260572
            ],
            [
              -46.73350617,
              -23.52601745
            ],
            [
              -46.73348012,
              -23.52604537
            ],
            [
              -46.73342961,
              -23.52609953
            ],
            [
              -46.73339565,
              -23.52613593
            ],
            [
              -46.73337484,
              -23.52612036
            ],
            [
              -46.73331585,
              -23.52607621
            ],
            [
              -46.7336407,
              -23.52573215
            ],
            [
              -46.73369756,
              -23.52567191
            ],
            [
              -46.73377099,
              -23.52573001
            ],
            [
              -46.73373831,
              -23.52576566
            ],
            [
              -46.73372577,
              -23.52577935
            ],
            [
              -46.73358388,
              -23.52593414
            ],
            [
              -46.73358322,
              -23.52593485
            ],
            [
              -46.73358198,
              -23.52593618
            ],
            [
              -46.73365495,
              -23.52599212
            ],
            [
              -46.7336659,
              -23.52600052
            ],
            [
              -46.73369853,
              -23.52602554
            ],
            [
              -46.73372721,
              -23.52604753
            ],
            [
              -46.7337382,
              -23.52605597
            ]
          ]
        ]
      },
      "properties": {
        "parcelId": "lote_cidadao.2436689",
        "sql": "080.047.0475-1",
        "sector": "080",
        "block": "047",
        "lot": "0475",
        "checkDigit": "1",
        "address": "R MERGENTHALER 95",
        "status": "ATIVO",
        "parcelType": "F",
        "use": "Não residencial",
        "cadastralAreaM2": 842,
        "cadastralBuiltAreaM2": 844,
        "measuredAreaM2": 853.5058,
        "sourceId": "geosampa-lote-cidadao",
        "sourceTimestamp": "2026-10-02T16:24:04.046Z",
        "sourceFetchedAt": "2026-10-02T16:24:04.105940+00:00",
        "boundaryStatus": "official-fiscal-cadastre-current-snapshot-not-survey-or-title",
        "surveyOrTitleVerified": false,
        "occupationStatus": "built-area-declared-in-fiscal-cadastre-current-condition-unverified",
        "currentConditionVerified": false,
        "availableForDevelopment": null,
        "geometryNative31983": {
          "type": "Polygon",
          "coordinates": [
            [
              [
                323001.31130982,
                7397174.88361165
              ],
              [
                323009.19332187,
                7397165.96560227
              ],
              [
                323010.80132356,
                7397167.33960439
              ],
              [
                323013.8743268,
                7397169.96560845
              ],
              [
                323019.72933296,
                7397174.96961617
              ],
              [
                323024.95333846,
                7397179.43562306
              ],
              [
                323027.65034259,
                7397176.37561984
              ],
              [
                323032.88035059,
                7397170.44061359
              ],
              [
                323036.39735596,
                7397166.45060939
              ],
              [
                323038.50135819,
                7397168.20061211
              ],
              [
                323044.46636451,
                7397173.1626198
              ],
              [
                323010.83431319,
                7397210.8646594
              ],
              [
                323004.9473042,
                7397217.46466633
              ],
              [
                322997.52729643,
                7397210.94065631
              ],
              [
                323000.91230162,
                7397207.03265218
              ],
              [
                323002.21130362,
                7397205.5326506
              ],
              [
                323016.90632616,
                7397188.56563268
              ],
              [
                323016.97532626,
                7397188.48763259
              ],
              [
                323017.10332646,
                7397188.34163244
              ],
              [
                323009.72731869,
                7397182.05662273
              ],
              [
                323008.62031752,
                7397181.11362128
              ],
              [
                323005.32131405,
                7397178.30261694
              ],
              [
                323002.42231099,
                7397175.83161312
              ],
              [
                323001.31130982,
                7397174.88361165
              ]
            ]
          ]
        },
        "geometryNativeCrs": "EPSG:31983",
        "geometrySha256": "2304f418e46833f2ec6d32ed20d8722e6d827800e3862e2f09a88b7705584d92",
        "contextCoverageComplete": true,
        "contextBuildingSourceId": "geosampa-edificacao",
        "contextBuildingSourceHistorical": true,
        "mappedBuildings": [
          {
            "id": "geosampa-edificacao-401743",
            "intersectionAreaM2": 113.5579,
            "footprintAreaM2": 113.5635,
            "heightM": 5.844,
            "heightSourceDate": "2014-01-03T02:00:00Z"
          },
          {
            "id": "geosampa-edificacao-406165",
            "intersectionAreaM2": 193.9684,
            "footprintAreaM2": 193.9714,
            "heightM": 3.378,
            "heightSourceDate": "2014-01-03T02:00:00Z"
          }
        ],
        "mappedBuildingsCount": 2,
        "mappedBuildingIntersectionMinimumM2": 0.25
      }
    },
    {
      "type": "Feature",
      "id": "lote_cidadao.2407861",
      "geometry": {
        "type": "Polygon",
        "coordinates": [
          [
            [
              -46.73567899,
              -23.52531271
            ],
            [
              -46.73568413,
              -23.5253083
            ],
            [
              -46.73568463,
              -23.52530787
            ],
            [
              -46.73571807,
              -23.52533515
            ],
            [
              -46.73577762,
              -23.52538181
            ],
            [
              -46.73584034,
              -23.52543177
            ],
            [
              -46.73586326,
              -23.52545245
            ],
            [
              -46.73586792,
              -23.52547401
            ],
            [
              -46.73586231,
              -23.52549164
            ],
            [
              -46.73584651,
              -23.52551208
            ],
            [
              -46.73578455,
              -23.52557627
            ],
            [
              -46.73570097,
              -23.52564455
            ],
            [
              -46.73565919,
              -23.52561279
            ],
            [
              -46.73564339,
              -23.52560079
            ],
            [
              -46.73558193,
              -23.52555406
            ],
            [
              -46.73550782,
              -23.52549772
            ],
            [
              -46.73554069,
              -23.52546219
            ],
            [
              -46.73564409,
              -23.52535044
            ],
            [
              -46.73566912,
              -23.52532338
            ],
            [
              -46.73567899,
              -23.52531271
            ]
          ]
        ]
      },
      "properties": {
        "parcelId": "lote_cidadao.2407861",
        "sql": "080.044.0060-4",
        "sector": "080",
        "block": "044",
        "lot": "0060",
        "checkDigit": "4",
        "address": "AV IMP LEOPOLDINA 265",
        "status": "ATIVO",
        "parcelType": "F",
        "use": "Não residencial",
        "cadastralAreaM2": 668,
        "cadastralBuiltAreaM2": 2256,
        "measuredAreaM2": 731.4378,
        "sourceId": "geosampa-lote-cidadao",
        "sourceTimestamp": "2026-10-02T16:24:04.046Z",
        "sourceFetchedAt": "2026-10-02T16:24:04.105940+00:00",
        "boundaryStatus": "official-fiscal-cadastre-current-snapshot-not-survey-or-title",
        "surveyOrTitleVerified": false,
        "occupationStatus": "built-area-declared-in-fiscal-cadastre-current-condition-unverified",
        "currentConditionVerified": false,
        "availableForDevelopment": null,
        "geometryNative31983": {
          "type": "Polygon",
          "coordinates": [
            [
              [
                322802.13804019,
                7397254.79766497
              ],
              [
                322801.6070394,
                7397255.27966545
              ],
              [
                322801.55503933,
                7397255.3266655
              ],
              [
                322798.17703581,
                7397252.26466082
              ],
              [
                322792.1590295,
                7397247.02365276
              ],
              [
                322785.82102287,
                7397241.41364415
              ],
              [
                322783.50902052,
                7397239.09464067
              ],
              [
                322783.06202053,
                7397236.70163754
              ],
              [
                322783.65802175,
                7397234.75663522
              ],
              [
                322785.29902435,
                7397232.51263278
              ],
              [
                322791.7120341,
                7397225.48062543
              ],
              [
                322800.33804674,
                7397218.02161807
              ],
              [
                322804.56205119,
                7397221.59062359
              ],
              [
                322806.15905288,
                7397222.93962568
              ],
              [
                322812.37205943,
                7397228.1896338
              ],
              [
                322819.86406734,
                7397234.52064359
              ],
              [
                322816.46006213,
                7397238.4146477
              ],
              [
                322805.75204572,
                7397250.66266061
              ],
              [
                322803.16004175,
                7397253.62866374
              ],
              [
                322802.13804019,
                7397254.79766497
              ]
            ]
          ]
        },
        "geometryNativeCrs": "EPSG:31983",
        "geometrySha256": "b281bdd2306727bee571b30d3a5a94ef79dada879e003066dba996d365f2a739",
        "contextCoverageComplete": true,
        "contextBuildingSourceId": "geosampa-edificacao",
        "contextBuildingSourceHistorical": true,
        "mappedBuildings": [],
        "mappedBuildingsCount": 0,
        "mappedBuildingIntersectionMinimumM2": 0.25
      }
    },
    {
      "type": "Feature",
      "id": "lote_cidadao.2419342",
      "geometry": {
        "type": "Polygon",
        "coordinates": [
          [
            [
              -46.73369756,
              -23.52567191
            ],
            [
              -46.7336407,
              -23.52573215
            ],
            [
              -46.73331585,
              -23.52607621
            ],
            [
              -46.73326802,
              -23.52604042
            ],
            [
              -46.73326186,
              -23.52603581
            ],
            [
              -46.73323974,
              -23.52601926
            ],
            [
              -46.7333039,
              -23.52595108
            ],
            [
              -46.73336809,
              -23.52588289
            ],
            [
              -46.73342821,
              -23.525819
            ],
            [
              -46.7334728,
              -23.52577162
            ],
            [
              -46.7335009,
              -23.52574175
            ],
            [
              -46.73362251,
              -23.52561254
            ],
            [
              -46.73369756,
              -23.52567191
            ]
          ]
        ]
      },
      "properties": {
        "parcelId": "lote_cidadao.2419342",
        "sql": "080.047.0037-3",
        "sector": "080",
        "block": "047",
        "lot": "0037",
        "checkDigit": "3",
        "address": "R MERGENTHALER 81",
        "status": "ATIVO",
        "parcelType": "F",
        "use": "Não residencial",
        "cadastralAreaM2": 590,
        "cadastralBuiltAreaM2": 400,
        "measuredAreaM2": 598.0925,
        "sourceId": "geosampa-lote-cidadao",
        "sourceTimestamp": "2026-10-02T16:24:04.046Z",
        "sourceFetchedAt": "2026-10-02T16:24:04.105940+00:00",
        "boundaryStatus": "official-fiscal-cadastre-current-snapshot-not-survey-or-title",
        "surveyOrTitleVerified": false,
        "occupationStatus": "built-area-declared-in-fiscal-cadastre-current-condition-unverified",
        "currentConditionVerified": false,
        "availableForDevelopment": null,
        "geometryNative31983": {
          "type": "Polygon",
          "coordinates": [
            [
              [
                323004.9473042,
                7397217.46466633
              ],
              [
                323010.83431319,
                7397210.8646594
              ],
              [
                323044.46636451,
                7397173.1626198
              ],
              [
                323049.30236962,
                7397177.18562604
              ],
              [
                323049.92537028,
                7397177.70362684
              ],
              [
                323052.16137265,
                7397179.56362973
              ],
              [
                323045.51836251,
                7397187.03463758
              ],
              [
                323038.87335236,
                7397194.50764544
              ],
              [
                323032.64834286,
                7397201.50865279
              ],
              [
                323028.03233581,
                7397206.70065825
              ],
              [
                323025.12233137,
                7397209.97366169
              ],
              [
                323012.53231214,
                7397224.13267657
              ],
              [
                323004.9473042,
                7397217.46466633
              ]
            ]
          ]
        },
        "geometryNativeCrs": "EPSG:31983",
        "geometrySha256": "40e8239e10e30474496ba3117e5bbe2d55fb06fd448033e232a23cf4daea77c9",
        "contextCoverageComplete": true,
        "contextBuildingSourceId": "geosampa-edificacao",
        "contextBuildingSourceHistorical": true,
        "mappedBuildings": [
          {
            "id": "geosampa-edificacao-402339",
            "intersectionAreaM2": 373.038,
            "footprintAreaM2": 373.0474,
            "heightM": 5.848,
            "heightSourceDate": "2014-01-03T02:00:00Z"
          }
        ],
        "mappedBuildingsCount": 1,
        "mappedBuildingIntersectionMinimumM2": 0.25
      }
    },
    {
      "type": "Feature",
      "id": "lote_cidadao.7161246",
      "geometry": {
        "type": "Polygon",
        "coordinates": [
          [
            [
              -46.73295917,
              -23.52536374
            ],
            [
              -46.73296736,
              -23.52535492
            ],
            [
              -46.73307954,
              -23.5254431
            ],
            [
              -46.73313276,
              -23.52538358
            ],
            [
              -46.73314739,
              -23.52539494
            ],
            [
              -46.73318255,
              -23.52542225
            ],
            [
              -46.73320052,
              -23.5254362
            ],
            [
              -46.73326942,
              -23.52548693
            ],
            [
              -46.73320377,
              -23.52555593
            ],
            [
              -46.73321164,
              -23.52556212
            ],
            [
              -46.73326442,
              -23.5256036
            ],
            [
              -46.73332678,
              -23.52565259
            ],
            [
              -46.7333036,
              -23.52567758
            ],
            [
              -46.73329514,
              -23.52568671
            ],
            [
              -46.73328025,
              -23.52570277
            ],
            [
              -46.73324883,
              -23.52567808
            ],
            [
              -46.73317949,
              -23.52562361
            ],
            [
              -46.73305751,
              -23.52552779
            ],
            [
              -46.7329126,
              -23.52541395
            ],
            [
              -46.73295917,
              -23.52536374
            ]
          ]
        ]
      },
      "properties": {
        "parcelId": "lote_cidadao.7161246",
        "sql": "080.047.0476-1",
        "sector": "080",
        "block": "047",
        "lot": "0476",
        "checkDigit": "1",
        "address": "R CARLOS WEBER 442",
        "status": "ATIVO",
        "parcelType": "F",
        "use": "Terreno",
        "cadastralAreaM2": 551,
        "cadastralBuiltAreaM2": null,
        "measuredAreaM2": 557.8951,
        "sourceId": "geosampa-lote-cidadao",
        "sourceTimestamp": "2026-10-02T16:24:04.046Z",
        "sourceFetchedAt": "2026-10-02T16:24:04.105940+00:00",
        "boundaryStatus": "official-fiscal-cadastre-current-snapshot-not-survey-or-title",
        "surveyOrTitleVerified": false,
        "occupationStatus": "fiscal-built-area-unknown-current-vacancy-unverified",
        "currentConditionVerified": false,
        "availableForDevelopment": null,
        "geometryNative31983": {
          "type": "Polygon",
          "coordinates": [
            [
              [
                323079.93439012,
                7397252.50272854
              ],
              [
                323079.08638883,
                7397253.46972956
              ],
              [
                323067.74956165,
                7397243.56672733
              ],
              [
                323062.23567889,
                7397250.09216632
              ],
              [
                323060.75636689,
                7397248.8157193
              ],
              [
                323057.20236315,
                7397245.74871457
              ],
              [
                323055.38636124,
                7397244.18171216
              ],
              [
                323048.4191809,
                7397238.47843084
              ],
              [
                323055.21508315,
                7397230.91750241
              ],
              [
                323054.41936337,
                7397230.22269429
              ],
              [
                323049.08535777,
                7397225.56468712
              ],
              [
                323042.78335116,
                7397220.06167866
              ],
              [
                323045.18335484,
                7397217.32267578
              ],
              [
                323046.05935618,
                7397216.32267472
              ],
              [
                323047.60135854,
                7397214.56267287
              ],
              [
                323050.77736187,
                7397217.33567713
              ],
              [
                323057.78436922,
                7397223.45268653
              ],
              [
                323070.11238215,
                7397234.21470308
              ],
              [
                323084.75739751,
                7397247.00072274
              ],
              [
                323079.93439012,
                7397252.50272854
              ]
            ]
          ]
        },
        "geometryNativeCrs": "EPSG:31983",
        "geometrySha256": "076cddc647afd7b615429b5d1777d45cd5d52f50bef73d21f4f7c34cba99fd07",
        "contextCoverageComplete": true,
        "contextBuildingSourceId": "geosampa-edificacao",
        "contextBuildingSourceHistorical": true,
        "mappedBuildings": [
          {
            "id": "geosampa-edificacao-400600",
            "intersectionAreaM2": 2.0337,
            "footprintAreaM2": 95.9035,
            "heightM": 3.418,
            "heightSourceDate": "2014-01-03T02:00:00Z"
          },
          {
            "id": "geosampa-edificacao-402902",
            "intersectionAreaM2": 131.3709,
            "footprintAreaM2": 357.4362,
            "heightM": 3.332,
            "heightSourceDate": "2014-01-03T02:00:00Z"
          },
          {
            "id": "geosampa-edificacao-404739",
            "intersectionAreaM2": 122.863,
            "footprintAreaM2": 122.863,
            "heightM": 2.949,
            "heightSourceDate": "2014-01-03T02:00:00Z"
          },
          {
            "id": "geosampa-edificacao-404740",
            "intersectionAreaM2": 137.6592,
            "footprintAreaM2": 137.6596,
            "heightM": 3.043,
            "heightSourceDate": "2014-01-03T02:00:00Z"
          }
        ],
        "mappedBuildingsCount": 4,
        "mappedBuildingIntersectionMinimumM2": 0.25
      }
    },
    {
      "type": "Feature",
      "id": "lote_cidadao.2428970",
      "geometry": {
        "type": "Polygon",
        "coordinates": [
          [
            [
              -46.73347927,
              -23.5265593
            ],
            [
              -46.73345006,
              -23.52658999
            ],
            [
              -46.73337817,
              -23.52666556
            ],
            [
              -46.73331518,
              -23.52673178
            ],
            [
              -46.73329926,
              -23.52674851
            ],
            [
              -46.73318159,
              -23.52687221
            ],
            [
              -46.73317827,
              -23.5268757
            ],
            [
              -46.7331548,
              -23.52690037
            ],
            [
              -46.73307511,
              -23.52683445
            ],
            [
              -46.73310085,
              -23.52680725
            ],
            [
              -46.73310858,
              -23.52679908
            ],
            [
              -46.73330496,
              -23.52659155
            ],
            [
              -46.73331832,
              -23.52657744
            ],
            [
              -46.73336246,
              -23.5265308
            ],
            [
              -46.73336871,
              -23.52652419
            ],
            [
              -46.73337457,
              -23.526518
            ],
            [
              -46.73337609,
              -23.52651639
            ],
            [
              -46.73339585,
              -23.52649551
            ],
            [
              -46.73341675,
              -23.52651132
            ],
            [
              -46.73344205,
              -23.52653045
            ],
            [
              -46.73344248,
              -23.52653079
            ],
            [
              -46.73346767,
              -23.5265502
            ],
            [
              -46.73347927,
              -23.5265593
            ]
          ]
        ]
      },
      "properties": {
        "parcelId": "lote_cidadao.2428970",
        "sql": "080.047.0148-5",
        "sector": "080",
        "block": "047",
        "lot": "0148",
        "checkDigit": "5",
        "address": "R TRIPOLI 128",
        "status": "ATIVO",
        "parcelType": "F",
        "use": "Não residencial",
        "cadastralAreaM2": 550,
        "cadastralBuiltAreaM2": 500,
        "measuredAreaM2": 550.415,
        "sourceId": "geosampa-lote-cidadao",
        "sourceTimestamp": "2026-10-02T16:24:04.046Z",
        "sourceFetchedAt": "2026-10-02T16:24:04.105940+00:00",
        "boundaryStatus": "official-fiscal-cadastre-current-snapshot-not-survey-or-title",
        "surveyOrTitleVerified": false,
        "occupationStatus": "built-area-declared-in-fiscal-cadastre-current-condition-unverified",
        "currentConditionVerified": false,
        "availableForDevelopment": null,
        "geometryNative31983": {
          "type": "Polygon",
          "coordinates": [
            [
              [
                323028.42535719,
                7397119.46354812
              ],
              [
                323031.44836179,
                7397116.10054459
              ],
              [
                323038.89037313,
                7397107.82053591
              ],
              [
                323045.41138307,
                7397100.5645283
              ],
              [
                323047.05938558,
                7397098.73152638
              ],
              [
                323059.24040414,
                7397085.17851217
              ],
              [
                323059.58340467,
                7397084.79551176
              ],
              [
                323062.01340837,
                7397082.09250893
              ],
              [
                323070.06241672,
                7397089.4915202
              ],
              [
                323067.39741265,
                7397092.47152333
              ],
              [
                323066.59741143,
                7397093.36652427
              ],
              [
                323046.26738043,
                7397116.10654814
              ],
              [
                323044.88437832,
                7397117.65254976
              ],
              [
                323040.31437135,
                7397122.76355513
              ],
              [
                323039.66737036,
                7397123.48755589
              ],
              [
                323039.06036943,
                7397124.1655566
              ],
              [
                323038.90336919,
                7397124.34255678
              ],
              [
                323036.85736607,
                7397126.63055919
              ],
              [
                323034.74436384,
                7397124.85355644
              ],
              [
                323032.18736114,
                7397122.70355311
              ],
              [
                323032.1433611,
                7397122.66555305
              ],
              [
                323029.59735842,
                7397120.48554969
              ],
              [
                323028.42535719,
                7397119.46354812
              ]
            ]
          ]
        },
        "geometryNativeCrs": "EPSG:31983",
        "geometrySha256": "e2b85b82cd4ee8781b1b5acbdfff5edfd7d06f850c8a163e415006688fcf0e65",
        "contextCoverageComplete": true,
        "contextBuildingSourceId": "geosampa-edificacao",
        "contextBuildingSourceHistorical": true,
        "mappedBuildings": [
          {
            "id": "geosampa-edificacao-397232",
            "intersectionAreaM2": 457.3528,
            "footprintAreaM2": 457.3602,
            "heightM": 4.912,
            "heightSourceDate": "2014-01-03T02:00:00Z"
          }
        ],
        "mappedBuildingsCount": 1,
        "mappedBuildingIntersectionMinimumM2": 0.25
      }
    },
    {
      "type": "Feature",
      "id": "lote_cidadao.2468985",
      "geometry": {
        "type": "Polygon",
        "coordinates": [
          [
            [
              -46.73339565,
              -23.52613593
            ],
            [
              -46.73335767,
              -23.52617666
            ],
            [
              -46.73335324,
              -23.52618139
            ],
            [
              -46.73334821,
              -23.5261868
            ],
            [
              -46.73327714,
              -23.52626298
            ],
            [
              -46.73326573,
              -23.52627522
            ],
            [
              -46.73320741,
              -23.52633773
            ],
            [
              -46.73320244,
              -23.52634307
            ],
            [
              -46.73318405,
              -23.52632821
            ],
            [
              -46.73317128,
              -23.52631809
            ],
            [
              -46.73317068,
              -23.5263176
            ],
            [
              -46.7330957,
              -23.52625683
            ],
            [
              -46.73309448,
              -23.52625585
            ],
            [
              -46.73306011,
              -23.52622808
            ],
            [
              -46.73302551,
              -23.52620012
            ],
            [
              -46.73302334,
              -23.52619837
            ],
            [
              -46.73301882,
              -23.52619472
            ],
            [
              -46.7329142,
              -23.52611094
            ],
            [
              -46.73267362,
              -23.52591827
            ],
            [
              -46.73253305,
              -23.52580902
            ],
            [
              -46.73265251,
              -23.52569427
            ],
            [
              -46.73272656,
              -23.52561446
            ],
            [
              -46.73304272,
              -23.52586387
            ],
            [
              -46.73307179,
              -23.52588681
            ],
            [
              -46.73307793,
              -23.52589165
            ],
            [
              -46.73323886,
              -23.5260186
            ],
            [
              -46.73323974,
              -23.52601926
            ],
            [
              -46.73326186,
              -23.52603581
            ],
            [
              -46.73326802,
              -23.52604042
            ],
            [
              -46.73331585,
              -23.52607621
            ],
            [
              -46.73337484,
              -23.52612036
            ],
            [
              -46.73339565,
              -23.52613593
            ]
          ]
        ]
      },
      "properties": {
        "parcelId": "lote_cidadao.2468985",
        "sql": "080.047.0004-7",
        "sector": "080",
        "block": "047",
        "lot": "0004",
        "checkDigit": "7",
        "address": "R CARLOS WEBER 502",
        "status": "ATIVO",
        "parcelType": "F",
        "use": "Não residencial",
        "cadastralAreaM2": 2700,
        "cadastralBuiltAreaM2": 1953,
        "measuredAreaM2": 2636.6412,
        "sourceId": "geosampa-lote-cidadao",
        "sourceTimestamp": "2026-10-02T16:24:04.046Z",
        "sourceFetchedAt": "2026-10-02T16:24:04.105940+00:00",
        "boundaryStatus": "official-fiscal-cadastre-current-snapshot-not-survey-or-title",
        "surveyOrTitleVerified": false,
        "occupationStatus": "built-area-declared-in-fiscal-cadastre-current-condition-unverified",
        "currentConditionVerified": false,
        "availableForDevelopment": null,
        "geometryNative31983": {
          "type": "Polygon",
          "coordinates": [
            [
              [
                323036.39735596,
                7397166.45060939
              ],
              [
                323040.33036198,
                7397161.98760469
              ],
              [
                323040.78836268,
                7397161.46860415
              ],
              [
                323041.30936348,
                7397160.87660352
              ],
              [
                323048.66837473,
                7397152.52759473
              ],
              [
                323049.85037654,
                7397151.18659332
              ],
              [
                323055.88838577,
                7397144.33558611
              ],
              [
                323056.40338656,
                7397143.7505855
              ],
              [
                323058.26138849,
                7397145.41858805
              ],
              [
                323059.55138984,
                7397146.55558979
              ],
              [
                323059.61238991,
                7397146.60958987
              ],
              [
                323067.1873978,
                7397153.43260031
              ],
              [
                323067.31039793,
                7397153.54260047
              ],
              [
                323070.78340155,
                7397156.66060524
              ],
              [
                323074.2784052,
                7397159.79861004
              ],
              [
                323074.49840543,
                7397159.99561035
              ],
              [
                323074.9544059,
                7397160.40561097
              ],
              [
                323085.52541694,
                7397169.81262539
              ],
              [
                323109.83444234,
                7397191.44565853
              ],
              [
                323124.04245727,
                7397203.71767744
              ],
              [
                323111.69043873,
                7397216.27769036
              ],
              [
                323104.022427,
                7397225.02469958
              ],
              [
                323072.07139351,
                7397197.01465654
              ],
              [
                323069.13439044,
                7397194.43865258
              ],
              [
                323068.51338978,
                7397193.89465175
              ],
              [
                323052.25037274,
                7397179.63762985
              ],
              [
                323052.16137265,
                7397179.56362973
              ],
              [
                323049.92537028,
                7397177.70362684
              ],
              [
                323049.30236962,
                7397177.18562604
              ],
              [
                323044.46636451,
                7397173.1626198
              ],
              [
                323038.50135819,
                7397168.20061211
              ],
              [
                323036.39735596,
                7397166.45060939
              ]
            ]
          ]
        },
        "geometryNativeCrs": "EPSG:31983",
        "geometrySha256": "5c12f8f4f7f4bf22422227b9f8a8d1d670cbfa8c1dc508b4f2d96ceffe2e8d80",
        "contextCoverageComplete": true,
        "contextBuildingSourceId": "geosampa-edificacao",
        "contextBuildingSourceHistorical": true,
        "mappedBuildings": [
          {
            "id": "geosampa-edificacao-402620",
            "intersectionAreaM2": 8.0777,
            "footprintAreaM2": 8.0777,
            "heightM": 3.386,
            "heightSourceDate": "2014-01-03T02:00:00Z"
          },
          {
            "id": "geosampa-edificacao-402616",
            "intersectionAreaM2": 79.0295,
            "footprintAreaM2": 79.0359,
            "heightM": 5.441,
            "heightSourceDate": "2014-01-03T02:00:00Z"
          },
          {
            "id": "geosampa-edificacao-402617",
            "intersectionAreaM2": 1136.7445,
            "footprintAreaM2": 1136.7447,
            "heightM": 8.402,
            "heightSourceDate": "2014-01-03T02:00:00Z"
          },
          {
            "id": "geosampa-edificacao-402618",
            "intersectionAreaM2": 32.5062,
            "footprintAreaM2": 32.5062,
            "heightM": 19.902,
            "heightSourceDate": "2014-01-03T02:00:00Z"
          },
          {
            "id": "geosampa-edificacao-402619",
            "intersectionAreaM2": 114.3316,
            "footprintAreaM2": 114.3316,
            "heightM": 15.338,
            "heightSourceDate": "2014-01-03T02:00:00Z"
          }
        ],
        "mappedBuildingsCount": 5,
        "mappedBuildingIntersectionMinimumM2": 0.25
      }
    },
    {
      "type": "Feature",
      "id": "lote_cidadao.2419353",
      "geometry": {
        "type": "Polygon",
        "coordinates": [
          [
            [
              -46.73332236,
              -23.52643991
            ],
            [
              -46.73324121,
              -23.52652403
            ],
            [
              -46.73324079,
              -23.52652446
            ],
            [
              -46.73303649,
              -23.52673622
            ],
            [
              -46.73300099,
              -23.52677303
            ],
            [
              -46.73297944,
              -23.52675596
            ],
            [
              -46.73285272,
              -23.52665554
            ],
            [
              -46.73311384,
              -23.52637893
            ],
            [
              -46.73314899,
              -23.5263417
            ],
            [
              -46.73315489,
              -23.52633543
            ],
            [
              -46.73316594,
              -23.52632373
            ],
            [
              -46.73317128,
              -23.52631809
            ],
            [
              -46.73318405,
              -23.52632821
            ],
            [
              -46.73320244,
              -23.52634307
            ],
            [
              -46.73332137,
              -23.52643916
            ],
            [
              -46.73332236,
              -23.52643991
            ]
          ]
        ]
      },
      "properties": {
        "parcelId": "lote_cidadao.2419353",
        "sql": "080.047.0276-7",
        "sector": "080",
        "block": "047",
        "lot": "0276",
        "checkDigit": "7",
        "address": "R TRIPOLI 96",
        "status": "ATIVO",
        "parcelType": "F",
        "use": "Não residencial",
        "cadastralAreaM2": 1000,
        "cadastralBuiltAreaM2": 80,
        "measuredAreaM2": 1000.6647,
        "sourceId": "geosampa-lote-cidadao",
        "sourceTimestamp": "2026-10-02T16:24:04.046Z",
        "sourceFetchedAt": "2026-10-02T16:24:04.105940+00:00",
        "boundaryStatus": "official-fiscal-cadastre-current-snapshot-not-survey-or-title",
        "surveyOrTitleVerified": false,
        "occupationStatus": "built-area-declared-in-fiscal-cadastre-current-condition-unverified",
        "currentConditionVerified": false,
        "availableForDevelopment": null,
        "geometryNative31983": {
          "type": "Polygon",
          "coordinates": [
            [
              [
                323044.28737392,
                7397132.87856886
              ],
              [
                323052.68638669,
                7397123.66255922
              ],
              [
                323052.73038676,
                7397123.61555917
              ],
              [
                323073.8744189,
                7397100.41653492
              ],
              [
                323077.54842448,
                7397096.3845307
              ],
              [
                323079.72642676,
                7397098.30153365
              ],
              [
                323092.53144017,
                7397109.57755095
              ],
              [
                323065.49839892,
                7397139.88858279
              ],
              [
                323061.85939337,
                7397143.96758707
              ],
              [
                323061.24839243,
                7397144.6545878
              ],
              [
                323060.10439069,
                7397145.93658914
              ],
              [
                323059.55138984,
                7397146.55558979
              ],
              [
                323058.26138849,
                7397145.41858805
              ],
              [
                323056.40338656,
                7397143.7505855
              ],
              [
                323044.38737403,
                7397132.96256899
              ],
              [
                323044.28737392,
                7397132.87856886
              ]
            ]
          ]
        },
        "geometryNativeCrs": "EPSG:31983",
        "geometrySha256": "a6dc298681ad0e61abd497dd1bdfa633ddbed159227ae592be6e9526db2ab4ca",
        "contextCoverageComplete": true,
        "contextBuildingSourceId": "geosampa-edificacao",
        "contextBuildingSourceHistorical": true,
        "mappedBuildings": [
          {
            "id": "geosampa-edificacao-398295",
            "intersectionAreaM2": 35.7138,
            "footprintAreaM2": 35.7138,
            "heightM": 4.09,
            "heightSourceDate": "2014-01-03T02:00:00Z"
          },
          {
            "id": "geosampa-edificacao-398296",
            "intersectionAreaM2": 38.0695,
            "footprintAreaM2": 38.0703,
            "heightM": 2.92,
            "heightSourceDate": "2014-01-03T02:00:00Z"
          },
          {
            "id": "geosampa-edificacao-398297",
            "intersectionAreaM2": 16.002,
            "footprintAreaM2": 16.0034,
            "heightM": 2.937,
            "heightSourceDate": "2014-01-03T02:00:00Z"
          }
        ],
        "mappedBuildingsCount": 3,
        "mappedBuildingIntersectionMinimumM2": 0.25
      }
    },
    {
      "type": "Feature",
      "id": "lote_cidadao.2398775",
      "geometry": {
        "type": "Polygon",
        "coordinates": [
          [
            [
              -46.73302551,
              -23.52620012
            ],
            [
              -46.73286153,
              -23.52637273
            ],
            [
              -46.73270445,
              -23.52653805
            ],
            [
              -46.73259149,
              -23.52644854
            ],
            [
              -46.73262373,
              -23.52641482
            ],
            [
              -46.73268372,
              -23.52635205
            ],
            [
              -46.73274476,
              -23.5262882
            ],
            [
              -46.73278182,
              -23.52624943
            ],
            [
              -46.73281906,
              -23.52621047
            ],
            [
              -46.73284923,
              -23.52617891
            ],
            [
              -46.73285726,
              -23.52617051
            ],
            [
              -46.73287413,
              -23.52615287
            ],
            [
              -46.7329063,
              -23.5261192
            ],
            [
              -46.7329142,
              -23.52611094
            ],
            [
              -46.73301882,
              -23.52619472
            ],
            [
              -46.73302334,
              -23.52619837
            ],
            [
              -46.73302551,
              -23.52620012
            ]
          ]
        ]
      },
      "properties": {
        "parcelId": "lote_cidadao.2398775",
        "sql": "080.047.0013-6",
        "sector": "080",
        "block": "047",
        "lot": "0013",
        "checkDigit": "6",
        "address": "R TRIPOLI 64",
        "status": "ATIVO",
        "parcelType": "F",
        "use": "Não residencial",
        "cadastralAreaM2": 750,
        "cadastralBuiltAreaM2": 958,
        "measuredAreaM2": 753.6624,
        "sourceId": "geosampa-lote-cidadao",
        "sourceTimestamp": "2026-10-02T16:24:04.046Z",
        "sourceFetchedAt": "2026-10-02T16:24:04.105940+00:00",
        "boundaryStatus": "official-fiscal-cadastre-current-snapshot-not-survey-or-title",
        "surveyOrTitleVerified": false,
        "occupationStatus": "built-area-declared-in-fiscal-cadastre-current-condition-unverified",
        "currentConditionVerified": false,
        "availableForDevelopment": null,
        "geometryNative31983": {
          "type": "Polygon",
          "coordinates": [
            [
              [
                323074.2784052,
                7397159.79861004
              ],
              [
                323091.25443107,
                7397140.88659021
              ],
              [
                323107.51445585,
                7397122.77157121
              ],
              [
                323118.9294678,
                7397132.82358664
              ],
              [
                323115.59246272,
                7397136.51859051
              ],
              [
                323109.38245327,
                7397143.39559771
              ],
              [
                323103.06444365,
                7397150.39160504
              ],
              [
                323099.22843781,
                7397154.63860949
              ],
              [
                323095.37343194,
                7397158.90761396
              ],
              [
                323092.25042718,
                7397162.36561758
              ],
              [
                323091.41942592,
                7397163.28561855
              ],
              [
                323089.67342326,
                7397165.21862057
              ],
              [
                323086.34341819,
                7397168.90762444
              ],
              [
                323085.52541694,
                7397169.81262539
              ],
              [
                323074.9544059,
                7397160.40561097
              ],
              [
                323074.49840543,
                7397159.99561035
              ],
              [
                323074.2784052,
                7397159.79861004
              ]
            ]
          ]
        },
        "geometryNativeCrs": "EPSG:31983",
        "geometrySha256": "16d88fd6ea20640e298936e2424cc9b0b738cf20cac23eae5b740e45a4aa4b39",
        "contextCoverageComplete": true,
        "contextBuildingSourceId": "geosampa-edificacao",
        "contextBuildingSourceHistorical": true,
        "mappedBuildings": [
          {
            "id": "geosampa-edificacao-399666",
            "intersectionAreaM2": 128.5792,
            "footprintAreaM2": 128.5793,
            "heightM": 4.495,
            "heightSourceDate": "2014-01-03T02:00:00Z"
          },
          {
            "id": "geosampa-edificacao-399667",
            "intersectionAreaM2": 342.0642,
            "footprintAreaM2": 342.0668,
            "heightM": 9.872,
            "heightSourceDate": "2014-01-03T02:00:00Z"
          }
        ],
        "mappedBuildingsCount": 2,
        "mappedBuildingIntersectionMinimumM2": 0.25
      }
    },
    {
      "type": "Feature",
      "id": "lote_cidadao.6800737",
      "geometry": {
        "type": "Polygon",
        "coordinates": [
          [
            [
              -46.73307615,
              -23.52495171
            ],
            [
              -46.73258338,
              -23.52458835
            ],
            [
              -46.73260232,
              -23.52454278
            ],
            [
              -46.73284817,
              -23.52460275
            ],
            [
              -46.73302672,
              -23.52464497
            ],
            [
              -46.73314622,
              -23.52467634
            ],
            [
              -46.7331512,
              -23.52470779
            ],
            [
              -46.73308788,
              -23.5249185
            ],
            [
              -46.73307615,
              -23.52495171
            ]
          ]
        ]
      },
      "properties": {
        "parcelId": "lote_cidadao.6800737",
        "sql": "080.152.1153-0",
        "sector": "080",
        "block": "152",
        "lot": "1153",
        "checkDigit": "0",
        "address": "R CARLOS WEBER 375",
        "status": "ATIVO",
        "parcelType": "F",
        "use": "Não residencial",
        "cadastralAreaM2": 980,
        "cadastralBuiltAreaM2": 1092,
        "measuredAreaM2": 1092.4636,
        "sourceId": "geosampa-lote-cidadao",
        "sourceTimestamp": "2026-10-02T16:24:04.046Z",
        "sourceFetchedAt": "2026-10-02T16:24:04.105940+00:00",
        "boundaryStatus": "official-fiscal-cadastre-current-snapshot-not-survey-or-title",
        "surveyOrTitleVerified": false,
        "occupationStatus": "built-area-declared-in-fiscal-cadastre-current-condition-unverified",
        "currentConditionVerified": false,
        "availableForDevelopment": null,
        "geometryNative31983": {
          "type": "Polygon",
          "coordinates": [
            [
              [
                323067.43858555,
                7397297.98817654
              ],
              [
                323117.27010531,
                7397338.83448722
              ],
              [
                323115.27541272,
                7397343.85785244
              ],
              [
                323090.2513829,
                7397336.91383768
              ],
              [
                323072.07536121,
                7397332.01782715
              ],
              [
                323059.91434678,
                7397328.39681966
              ],
              [
                323059.44834703,
                7397324.90781514
              ],
              [
                323066.19636108,
                7397301.65078736
              ],
              [
                323067.43858555,
                7397297.98817654
              ]
            ]
          ]
        },
        "geometryNativeCrs": "EPSG:31983",
        "geometrySha256": "831034b482df8a24a2a3508052b58cea2db142c150869f1b943e5b5225422461",
        "contextCoverageComplete": true,
        "contextBuildingSourceId": "geosampa-edificacao",
        "contextBuildingSourceHistorical": true,
        "mappedBuildings": [],
        "mappedBuildingsCount": 0,
        "mappedBuildingIntersectionMinimumM2": 0.25
      }
    },
    {
      "type": "Feature",
      "id": "lote_cidadao.2470213",
      "geometry": {
        "type": "Polygon",
        "coordinates": [
          [
            [
              -46.73359287,
              -23.52744854
            ],
            [
              -46.73356248,
              -23.52748002
            ],
            [
              -46.73344796,
              -23.52759864
            ],
            [
              -46.73342194,
              -23.52762559
            ],
            [
              -46.73337776,
              -23.52767135
            ],
            [
              -46.73333133,
              -23.52771943
            ],
            [
              -46.73328518,
              -23.52768406
            ],
            [
              -46.73323896,
              -23.52764864
            ],
            [
              -46.73321057,
              -23.52762687
            ],
            [
              -46.73327579,
              -23.52755686
            ],
            [
              -46.73324755,
              -23.52753375
            ],
            [
              -46.7333204,
              -23.52745807
            ],
            [
              -46.73338331,
              -23.52739271
            ],
            [
              -46.73341063,
              -23.52736434
            ],
            [
              -46.73344358,
              -23.5273301
            ],
            [
              -46.73349984,
              -23.52737473
            ],
            [
              -46.73353447,
              -23.52740221
            ],
            [
              -46.73354606,
              -23.5274114
            ],
            [
              -46.73359287,
              -23.52744854
            ]
          ]
        ]
      },
      "properties": {
        "parcelId": "lote_cidadao.2470213",
        "sql": "080.146.0295-1",
        "sector": "080",
        "block": "146",
        "lot": "0295",
        "checkDigit": "1",
        "address": "R TRIPOLI 209",
        "status": "ATIVO",
        "parcelType": "F",
        "use": "Não residencial",
        "cadastralAreaM2": 760,
        "cadastralBuiltAreaM2": 532,
        "measuredAreaM2": 769.4212,
        "sourceId": "geosampa-lote-cidadao",
        "sourceTimestamp": "2026-10-02T16:24:04.046Z",
        "sourceFetchedAt": "2026-10-02T16:24:04.105940+00:00",
        "boundaryStatus": "official-fiscal-cadastre-current-snapshot-not-survey-or-title",
        "surveyOrTitleVerified": false,
        "occupationStatus": "built-area-declared-in-fiscal-cadastre-current-condition-unverified",
        "currentConditionVerified": false,
        "availableForDevelopment": null,
        "geometryNative31983": {
          "type": "Polygon",
          "coordinates": [
            [
              [
                323018.0143677,
                7397020.84672103
              ],
              [
                323021.15977248,
                7397017.39831742
              ],
              [
                323033.01269049,
                7397004.40350384
              ],
              [
                323035.70569459,
                7397001.45110076
              ],
              [
                323040.27820154,
                7396996.43799552
              ],
              [
                323045.08320884,
                7396991.17009001
              ],
              [
                323049.74831375,
                7396995.14419615
              ],
              [
                323054.42041868,
                7396999.12430229
              ],
              [
                323057.2904217,
                7397001.56930607
              ],
              [
                323050.53721137,
                7397009.24251415
              ],
              [
                323053.38971434,
                7397011.83661811
              ],
              [
                323045.84970287,
                7397020.12762678
              ],
              [
                323039.33839297,
                7397027.28753427
              ],
              [
                323036.51088867,
                7397030.39663752
              ],
              [
                323033.10038349,
                7397034.14684144
              ],
              [
                323027.41567754,
                7397029.13503375
              ],
              [
                323023.91567387,
                7397026.04932901
              ],
              [
                323022.74497265,
                7397025.01722743
              ],
              [
                323018.0143677,
                7397020.84672103
              ]
            ]
          ]
        },
        "geometryNativeCrs": "EPSG:31983",
        "geometrySha256": "15a7fcea3044499094cb7e1dd3b4fd8ed08879ba6a0d9152e24de97973d0b823",
        "contextCoverageComplete": true,
        "contextBuildingSourceId": "geosampa-edificacao",
        "contextBuildingSourceHistorical": true,
        "mappedBuildings": [
          {
            "id": "geosampa-edificacao-399863",
            "intersectionAreaM2": 81.2437,
            "footprintAreaM2": 81.2446,
            "heightM": 3.474,
            "heightSourceDate": "2014-01-03T02:00:00Z"
          },
          {
            "id": "geosampa-edificacao-399862",
            "intersectionAreaM2": 183.4197,
            "footprintAreaM2": 183.422,
            "heightM": 4.484,
            "heightSourceDate": "2014-01-03T02:00:00Z"
          },
          {
            "id": "geosampa-edificacao-399861",
            "intersectionAreaM2": 142.1956,
            "footprintAreaM2": 142.1969,
            "heightM": 4.544,
            "heightSourceDate": "2014-01-03T02:00:00Z"
          }
        ],
        "mappedBuildingsCount": 3,
        "mappedBuildingIntersectionMinimumM2": 0.25
      }
    },
    {
      "type": "Feature",
      "id": "lote_cidadao.6800738",
      "geometry": {
        "type": "Polygon",
        "coordinates": [
          [
            [
              -46.73307615,
              -23.52495171
            ],
            [
              -46.73304393,
              -23.5250429
            ],
            [
              -46.73294969,
              -23.52515527
            ],
            [
              -46.73290613,
              -23.52512801
            ],
            [
              -46.73275423,
              -23.52500624
            ],
            [
              -46.73272776,
              -23.52498503
            ],
            [
              -46.73251183,
              -23.52481194
            ],
            [
              -46.73250407,
              -23.52481752
            ],
            [
              -46.73249427,
              -23.52481127
            ],
            [
              -46.73252913,
              -23.52479268
            ],
            [
              -46.73249622,
              -23.52476848
            ],
            [
              -46.7325412,
              -23.52473331
            ],
            [
              -46.73252789,
              -23.5247219
            ],
            [
              -46.73258338,
              -23.52458835
            ],
            [
              -46.73307615,
              -23.52495171
            ]
          ]
        ]
      },
      "properties": {
        "parcelId": "lote_cidadao.6800738",
        "sql": "080.152.1152-2",
        "sector": "080",
        "block": "152",
        "lot": "1152",
        "checkDigit": "2",
        "address": "R CARLOS WEBER S/N",
        "status": "ATIVO",
        "parcelType": "F",
        "use": "Não residencial",
        "cadastralAreaM2": 1495,
        "cadastralBuiltAreaM2": 320,
        "measuredAreaM2": 1583.8821,
        "sourceId": "geosampa-lote-cidadao",
        "sourceTimestamp": "2026-10-02T16:24:04.046Z",
        "sourceFetchedAt": "2026-10-02T16:24:04.105940+00:00",
        "boundaryStatus": "official-fiscal-cadastre-current-snapshot-not-survey-or-title",
        "surveyOrTitleVerified": false,
        "occupationStatus": "built-area-declared-in-fiscal-cadastre-current-condition-unverified",
        "currentConditionVerified": false,
        "availableForDevelopment": null,
        "geometryNative31983": {
          "type": "Polygon",
          "coordinates": [
            [
              [
                323067.43858555,
                7397297.98817654
              ],
              [
                323070.85037022,
                7397287.92877114
              ],
              [
                323080.62338546,
                7397275.6017579
              ],
              [
                323085.03539028,
                7397278.67376283
              ],
              [
                323100.38340631,
                7397292.34578378
              ],
              [
                323103.0574091,
                7397294.72778743
              ],
              [
                323124.8754319,
                7397314.1618172
              ],
              [
                323125.67543305,
                7397313.55381663
              ],
              [
                323126.66743413,
                7397314.25781775
              ],
              [
                323123.08342914,
                7397316.27381944
              ],
              [
                323126.41143267,
                7397318.99382368
              ],
              [
                323121.77142592,
                7397322.83382742
              ],
              [
                323123.1154273,
                7397324.11382936
              ],
              [
                323117.27010531,
                7397338.83448722
              ],
              [
                323067.43858555,
                7397297.98817654
              ]
            ]
          ]
        },
        "geometryNativeCrs": "EPSG:31983",
        "geometrySha256": "4e4099a7fe0ae31160b456ea7539b3ba86b6d5feaf772a907d51be4e54d13b72",
        "contextCoverageComplete": true,
        "contextBuildingSourceId": "geosampa-edificacao",
        "contextBuildingSourceHistorical": true,
        "mappedBuildings": [],
        "mappedBuildingsCount": 0,
        "mappedBuildingIntersectionMinimumM2": 0.25
      }
    },
    {
      "type": "Feature",
      "id": "lote_cidadao.3523604",
      "geometry": {
        "type": "Polygon",
        "coordinates": [
          [
            [
              -46.73428228,
              -23.52869924
            ],
            [
              -46.73417664,
              -23.52861753
            ],
            [
              -46.73388619,
              -23.5283864
            ],
            [
              -46.73368869,
              -23.52822875
            ],
            [
              -46.73364193,
              -23.52818921
            ],
            [
              -46.73363662,
              -23.52818457
            ],
            [
              -46.7336328,
              -23.52817881
            ],
            [
              -46.73363074,
              -23.52817234
            ],
            [
              -46.73363057,
              -23.5281656
            ],
            [
              -46.73363265,
              -23.5281583
            ],
            [
              -46.73425014,
              -23.52749575
            ],
            [
              -46.73425446,
              -23.5274926
            ],
            [
              -46.73426039,
              -23.52749145
            ],
            [
              -46.73426336,
              -23.52749344
            ],
            [
              -46.7343865,
              -23.52759519
            ],
            [
              -46.73477098,
              -23.52789921
            ],
            [
              -46.73470759,
              -23.52796678
            ],
            [
              -46.73445051,
              -23.52824079
            ],
            [
              -46.7345412,
              -23.5283119
            ],
            [
              -46.73457936,
              -23.52834182
            ],
            [
              -46.7346014,
              -23.5283591
            ],
            [
              -46.73447727,
              -23.52849141
            ],
            [
              -46.73439002,
              -23.52858441
            ],
            [
              -46.734338,
              -23.52863985
            ],
            [
              -46.73428228,
              -23.52869924
            ]
          ]
        ]
      },
      "properties": {
        "parcelId": "lote_cidadao.3523604",
        "sql": "097.020.0022-1",
        "sector": "097",
        "block": "020",
        "lot": "0022",
        "checkDigit": "1",
        "address": "AV IMP LEOPOLDINA 550",
        "status": "ATIVO",
        "parcelType": "F",
        "use": "Não residencial",
        "cadastralAreaM2": 8000,
        "cadastralBuiltAreaM2": 23548,
        "measuredAreaM2": 7922.0985,
        "sourceId": "geosampa-lote-cidadao",
        "sourceTimestamp": "2026-10-02T16:24:04.046Z",
        "sourceFetchedAt": "2026-10-02T16:24:04.105940+00:00",
        "boundaryStatus": "official-fiscal-cadastre-current-snapshot-not-survey-or-title",
        "surveyOrTitleVerified": false,
        "occupationStatus": "built-area-declared-in-fiscal-cadastre-current-condition-unverified",
        "currentConditionVerified": false,
        "availableForDevelopment": null,
        "geometryNative31983": {
          "type": "Polygon",
          "coordinates": [
            [
              [
                322949.29291466,
                7396881.49092854
              ],
              [
                322959.96992589,
                7396890.67014269
              ],
              [
                322989.31915657,
                7396916.6249825
              ],
              [
                323009.27407742,
                7396934.32690964
              ],
              [
                323013.9961823,
                7396938.76321637
              ],
              [
                323014.53258285,
                7396939.28361716
              ],
              [
                323014.91498318,
                7396939.92561806
              ],
              [
                323015.11688326,
                7396940.64471901
              ],
              [
                323015.12448309,
                7396941.39161996
              ],
              [
                323014.90268262,
                7396942.19732093
              ],
              [
                322950.96388484,
                7397014.80819736
              ],
              [
                322950.5181842,
                7397015.15069769
              ],
              [
                322949.9111834,
                7397015.27089769
              ],
              [
                322949.61048308,
                7397015.04749734
              ],
              [
                322937.17257017,
                7397003.62757994
              ],
              [
                322898.3201295,
                7396969.4845275
              ],
              [
                322904.88303953,
                7396962.08071972
              ],
              [
                322931.50078018,
                7396932.05308816
              ],
              [
                322922.33517057,
                7396924.06647587
              ],
              [
                322918.47886653,
                7396920.70617071
              ],
              [
                322916.25146419,
                7396918.76526772
              ],
              [
                322929.10428383,
                7396904.26585248
              ],
              [
                322938.13769763,
                7396894.07524177
              ],
              [
                322943.52360585,
                7396887.99923538
              ],
              [
                322949.29291466,
                7396881.49092854
              ]
            ]
          ]
        },
        "geometryNativeCrs": "EPSG:31983",
        "geometrySha256": "72102ab429479d47dc163fc9cf735f191e6d4bbd21432d1bcef904ea1d4a0de4",
        "contextCoverageComplete": true,
        "contextBuildingSourceId": "geosampa-edificacao",
        "contextBuildingSourceHistorical": true,
        "mappedBuildings": [
          {
            "id": "geosampa-edificacao-477832",
            "intersectionAreaM2": 1221.2824,
            "footprintAreaM2": 1221.2824,
            "heightM": 16.183,
            "heightSourceDate": "2014-01-03T02:00:00Z"
          },
          {
            "id": "geosampa-edificacao-477833",
            "intersectionAreaM2": 2346.0052,
            "footprintAreaM2": 2346.0063,
            "heightM": 3.009,
            "heightSourceDate": "2014-01-03T02:00:00Z"
          },
          {
            "id": "geosampa-edificacao-477834",
            "intersectionAreaM2": 39.2074,
            "footprintAreaM2": 39.2074,
            "heightM": 5.353,
            "heightSourceDate": "2014-01-03T02:00:00Z"
          },
          {
            "id": "geosampa-edificacao-477835",
            "intersectionAreaM2": 351.6605,
            "footprintAreaM2": 351.6624,
            "heightM": 3.293,
            "heightSourceDate": "2014-01-03T02:00:00Z"
          },
          {
            "id": "geosampa-edificacao-477836",
            "intersectionAreaM2": 89.1142,
            "footprintAreaM2": 89.1188,
            "heightM": 6.173,
            "heightSourceDate": "2014-01-03T02:00:00Z"
          },
          {
            "id": "geosampa-edificacao-477837",
            "intersectionAreaM2": 2182.6708,
            "footprintAreaM2": 2182.6708,
            "heightM": 15.443,
            "heightSourceDate": "2014-01-03T02:00:00Z"
          },
          {
            "id": "geosampa-edificacao-477838",
            "intersectionAreaM2": 330.0657,
            "footprintAreaM2": 330.0657,
            "heightM": 8.203,
            "heightSourceDate": "2014-01-03T02:00:00Z"
          }
        ],
        "mappedBuildingsCount": 7,
        "mappedBuildingIntersectionMinimumM2": 0.25
      }
    },
    {
      "type": "Feature",
      "id": "lote_cidadao.7168645",
      "geometry": {
        "type": "Polygon",
        "coordinates": [
          [
            [
              -46.73210244,
              -23.5263624
            ],
            [
              -46.73205173,
              -23.52632443
            ],
            [
              -46.73210443,
              -23.52626561
            ],
            [
              -46.73213793,
              -23.52626307
            ],
            [
              -46.73217132,
              -23.52628983
            ],
            [
              -46.73219231,
              -23.52630665
            ],
            [
              -46.73220819,
              -23.52631938
            ],
            [
              -46.73225993,
              -23.52636084
            ],
            [
              -46.7323107,
              -23.52640153
            ],
            [
              -46.73231645,
              -23.52640615
            ],
            [
              -46.73231725,
              -23.52640679
            ],
            [
              -46.73237255,
              -23.5264511
            ],
            [
              -46.73237405,
              -23.5264523
            ],
            [
              -46.73237912,
              -23.52645636
            ],
            [
              -46.73238651,
              -23.52646228
            ],
            [
              -46.73240316,
              -23.52647562
            ],
            [
              -46.73246809,
              -23.52652766
            ],
            [
              -46.73247207,
              -23.52653086
            ],
            [
              -46.73248814,
              -23.52654375
            ],
            [
              -46.73248904,
              -23.5265545
            ],
            [
              -46.73249007,
              -23.52656665
            ],
            [
              -46.73244046,
              -23.52661996
            ],
            [
              -46.73234466,
              -23.5265445
            ],
            [
              -46.7323437,
              -23.52654374
            ],
            [
              -46.73232754,
              -23.526531
            ],
            [
              -46.73232717,
              -23.52653073
            ],
            [
              -46.7323171,
              -23.52652317
            ],
            [
              -46.73230917,
              -23.52651724
            ],
            [
              -46.73226068,
              -23.52648089
            ],
            [
              -46.73224905,
              -23.52647218
            ],
            [
              -46.73221844,
              -23.52644926
            ],
            [
              -46.73221282,
              -23.52644505
            ],
            [
              -46.73220984,
              -23.52644282
            ],
            [
              -46.73219504,
              -23.52643173
            ],
            [
              -46.73219265,
              -23.52642995
            ],
            [
              -46.73214182,
              -23.52639189
            ],
            [
              -46.73211866,
              -23.52637455
            ],
            [
              -46.73210244,
              -23.5263624
            ]
          ]
        ]
      },
      "properties": {
        "parcelId": "lote_cidadao.7168645",
        "sql": "080.147.0243-3",
        "sector": "080",
        "block": "147",
        "lot": "0243",
        "checkDigit": "3",
        "address": "R TRIPOLI 17",
        "status": "ATIVO",
        "parcelType": "F",
        "use": "Não residencial",
        "cadastralAreaM2": 462,
        "cadastralBuiltAreaM2": 528,
        "measuredAreaM2": 516.0886,
        "sourceId": "geosampa-lote-cidadao",
        "sourceTimestamp": "2026-10-02T16:24:04.046Z",
        "sourceFetchedAt": "2026-10-02T16:24:04.105940+00:00",
        "boundaryStatus": "official-fiscal-cadastre-current-snapshot-not-survey-or-title",
        "surveyOrTitleVerified": false,
        "occupationStatus": "built-area-declared-in-fiscal-cadastre-current-condition-unverified",
        "currentConditionVerified": false,
        "availableForDevelopment": null,
        "geometryNative31983": {
          "type": "Polygon",
          "coordinates": [
            [
              [
                323168.75252803,
                7397142.96561136
              ],
              [
                323173.87953346,
                7397147.23361798
              ],
              [
                323168.41952505,
                7397153.68262482
              ],
              [
                323164.99552068,
                7397153.92262431
              ],
              [
                323161.62151716,
                7397150.9176197
              ],
              [
                323159.50051495,
                7397149.02861681
              ],
              [
                323157.89651327,
                7397147.59961462
              ],
              [
                323152.66850781,
                7397142.94460749
              ],
              [
                323147.53850245,
                7397138.37560049
              ],
              [
                323146.95750184,
                7397137.8575997
              ],
              [
                323146.87650176,
                7397137.78559958
              ],
              [
                323141.28949592,
                7397132.81059196
              ],
              [
                323141.13749576,
                7397132.67559176
              ],
              [
                323140.62549523,
                7397132.21959106
              ],
              [
                323139.87849445,
                7397131.55459004
              ],
              [
                323138.19649269,
                7397130.05658774
              ],
              [
                323131.63648584,
                7397124.21357879
              ],
              [
                323131.23348542,
                7397123.85457824
              ],
              [
                323129.61048373,
                7397122.40757603
              ],
              [
                323129.53248391,
                7397121.2155745
              ],
              [
                323129.44348412,
                7397119.86857278
              ],
              [
                323134.58049198,
                7397114.02656663
              ],
              [
                323144.26250213,
                7397122.50157965
              ],
              [
                323144.35950223,
                7397122.58657978
              ],
              [
                323145.99280394,
                7397124.01698197
              ],
              [
                323146.02950398,
                7397124.04758202
              ],
              [
                323147.04840506,
                7397124.89778334
              ],
              [
                323147.84950591,
                7397125.56358437
              ],
              [
                323152.75251109,
                7397129.64859071
              ],
              [
                323153.92851234,
                7397130.62759223
              ],
              [
                323157.02351562,
                7397133.20359622
              ],
              [
                323157.59151622,
                7397133.67659695
              ],
              [
                323157.89251654,
                7397133.92759734
              ],
              [
                323159.38951812,
                7397135.17359928
              ],
              [
                323159.63151838,
                7397135.37459959
              ],
              [
                323164.77052382,
                7397139.65160622
              ],
              [
                323167.11252629,
                7397141.60060924
              ],
              [
                323168.75252803,
                7397142.96561136
              ]
            ]
          ]
        },
        "geometryNativeCrs": "EPSG:31983",
        "geometrySha256": "f0fc50bd58852f7e8acde7741172d00bcc101a9ae0d9fbe9b658febd024d6ace",
        "contextCoverageComplete": true,
        "contextBuildingSourceId": "geosampa-edificacao",
        "contextBuildingSourceHistorical": true,
        "mappedBuildings": [
          {
            "id": "geosampa-edificacao-400236",
            "intersectionAreaM2": 138.4564,
            "footprintAreaM2": 138.4609,
            "heightM": 3.342,
            "heightSourceDate": "2014-01-03T02:00:00Z"
          },
          {
            "id": "geosampa-edificacao-405053",
            "intersectionAreaM2": 67.824,
            "footprintAreaM2": 67.824,
            "heightM": 3.902,
            "heightSourceDate": "2014-01-03T02:00:00Z"
          },
          {
            "id": "geosampa-edificacao-401759",
            "intersectionAreaM2": 70.9652,
            "footprintAreaM2": 70.9654,
            "heightM": 3.778,
            "heightSourceDate": "2014-01-03T02:00:00Z"
          },
          {
            "id": "geosampa-edificacao-401764",
            "intersectionAreaM2": 126.5855,
            "footprintAreaM2": 126.5861,
            "heightM": 4.302,
            "heightSourceDate": "2014-01-03T02:00:00Z"
          },
          {
            "id": "geosampa-edificacao-401483",
            "intersectionAreaM2": 70.6148,
            "footprintAreaM2": 70.6152,
            "heightM": 6.262,
            "heightSourceDate": "2014-01-03T02:00:00Z"
          }
        ],
        "mappedBuildingsCount": 5,
        "mappedBuildingIntersectionMinimumM2": 0.25
      }
    },
    {
      "type": "Feature",
      "id": "lote_cidadao.2438163",
      "geometry": {
        "type": "Polygon",
        "coordinates": [
          [
            [
              -46.73292207,
              -23.52792844
            ],
            [
              -46.73294861,
              -23.52789769
            ],
            [
              -46.73295397,
              -23.52789148
            ],
            [
              -46.73298652,
              -23.5278587
            ],
            [
              -46.73299775,
              -23.52784739
            ],
            [
              -46.73303234,
              -23.52787451
            ],
            [
              -46.73312764,
              -23.52794924
            ],
            [
              -46.73316441,
              -23.52797807
            ],
            [
              -46.73321945,
              -23.52802049
            ],
            [
              -46.73323157,
              -23.52800711
            ],
            [
              -46.73325945,
              -23.52802984
            ],
            [
              -46.7332729,
              -23.52804081
            ],
            [
              -46.73338449,
              -23.52813179
            ],
            [
              -46.73334034,
              -23.52817703
            ],
            [
              -46.73333707,
              -23.52818037
            ],
            [
              -46.73329705,
              -23.52822453
            ],
            [
              -46.73327095,
              -23.52820392
            ],
            [
              -46.73316852,
              -23.52812304
            ],
            [
              -46.73292207,
              -23.52792844
            ]
          ]
        ]
      },
      "properties": {
        "parcelId": "lote_cidadao.2438163",
        "sql": "080.146.0046-0",
        "sector": "080",
        "block": "146",
        "lot": "0046",
        "checkDigit": "0",
        "address": "AV IMP LEOPOLDINA 653",
        "status": "ATIVO",
        "parcelType": "F",
        "use": "Não residencial",
        "cadastralAreaM2": 600,
        "cadastralBuiltAreaM2": 916,
        "measuredAreaM2": 639.7804,
        "sourceId": "geosampa-lote-cidadao",
        "sourceTimestamp": "2026-10-02T16:24:04.046Z",
        "sourceFetchedAt": "2026-10-02T16:24:04.105940+00:00",
        "boundaryStatus": "official-fiscal-cadastre-current-snapshot-not-survey-or-title",
        "surveyOrTitleVerified": false,
        "occupationStatus": "built-area-declared-in-fiscal-cadastre-current-condition-unverified",
        "currentConditionVerified": false,
        "availableForDevelopment": null,
        "geometryNative31983": {
          "type": "Polygon",
          "coordinates": [
            [
              [
                323087.15326715,
                7396968.52957147
              ],
              [
                323084.40166289,
                7396971.90157507
              ],
              [
                323083.84566203,
                7396972.5829758
              ],
              [
                323080.47825693,
                7396976.17337953
              ],
              [
                323079.31665517,
                7396977.41198081
              ],
              [
                323075.82045151,
                7396974.36527613
              ],
              [
                323066.18934141,
                7396965.97256322
              ],
              [
                323062.47353751,
                7396962.73445825
              ],
              [
                323056.91023166,
                7396957.9688509
              ],
              [
                323055.65432973,
                7396959.43495245
              ],
              [
                323052.8383268,
                7396956.88364855
              ],
              [
                323051.47932538,
                7396955.65244667
              ],
              [
                323040.20701365,
                7396945.43983107
              ],
              [
                323044.77552059,
                7396940.48452591
              ],
              [
                323045.1134211,
                7396940.11802552
              ],
              [
                323049.25992747,
                7396935.2775204
              ],
              [
                323051.89683023,
                7396937.59142396
              ],
              [
                323062.24844107,
                7396946.6751379
              ],
              [
                323087.15326715,
                7396968.52957147
              ]
            ]
          ]
        },
        "geometryNativeCrs": "EPSG:31983",
        "geometrySha256": "1d4b986da63db8b53feb8c7dd0d238bfdb62de10a63ffa3790dd54368f26e89d",
        "contextCoverageComplete": true,
        "contextBuildingSourceId": "geosampa-edificacao",
        "contextBuildingSourceHistorical": true,
        "mappedBuildings": [
          {
            "id": "geosampa-edificacao-400115",
            "intersectionAreaM2": 207.4309,
            "footprintAreaM2": 207.4332,
            "heightM": 9.904,
            "heightSourceDate": "2014-01-03T02:00:00Z"
          },
          {
            "id": "geosampa-edificacao-399846",
            "intersectionAreaM2": 404.7094,
            "footprintAreaM2": 404.7134,
            "heightM": 4.844,
            "heightSourceDate": "2014-01-03T02:00:00Z"
          }
        ],
        "mappedBuildingsCount": 2,
        "mappedBuildingIntersectionMinimumM2": 0.25
      }
    },
    {
      "type": "Feature",
      "id": "lote_cidadao.6791295",
      "geometry": {
        "type": "Polygon",
        "coordinates": [
          [
            [
              -46.73327095,
              -23.52820392
            ],
            [
              -46.73329705,
              -23.52822453
            ],
            [
              -46.73325854,
              -23.528267
            ],
            [
              -46.733223,
              -23.52830621
            ],
            [
              -46.73317932,
              -23.52835438
            ],
            [
              -46.73305755,
              -23.52825459
            ],
            [
              -46.73302238,
              -23.52822577
            ],
            [
              -46.73290681,
              -23.52813106
            ],
            [
              -46.73281136,
              -23.52805283
            ],
            [
              -46.73287607,
              -23.52798156
            ],
            [
              -46.73288649,
              -23.52796954
            ],
            [
              -46.73291061,
              -23.5279417
            ],
            [
              -46.73292207,
              -23.52792844
            ],
            [
              -46.73316852,
              -23.52812304
            ],
            [
              -46.73327095,
              -23.52820392
            ]
          ]
        ]
      },
      "properties": {
        "parcelId": "lote_cidadao.6791295",
        "sql": "080.146.0296-1",
        "sector": "080",
        "block": "146",
        "lot": "0296",
        "checkDigit": "1",
        "address": "AV IMP LEOPOLDINA 659",
        "status": "ATIVO",
        "parcelType": "F",
        "use": "Não residencial",
        "cadastralAreaM2": 900,
        "cadastralBuiltAreaM2": 1794,
        "measuredAreaM2": 919.1586,
        "sourceId": "geosampa-lote-cidadao",
        "sourceTimestamp": "2026-10-02T16:24:04.046Z",
        "sourceFetchedAt": "2026-10-02T16:24:04.105940+00:00",
        "boundaryStatus": "official-fiscal-cadastre-current-snapshot-not-survey-or-title",
        "surveyOrTitleVerified": false,
        "occupationStatus": "built-area-declared-in-fiscal-cadastre-current-condition-unverified",
        "currentConditionVerified": false,
        "availableForDevelopment": null,
        "geometryNative31983": {
          "type": "Polygon",
          "coordinates": [
            [
              [
                323051.89683023,
                7396937.59142396
              ],
              [
                323049.25992747,
                7396935.2775204
              ],
              [
                323053.2481336,
                7396930.62181547
              ],
              [
                323056.93003926,
                7396926.32351092
              ],
              [
                323061.45414621,
                7396921.04220534
              ],
              [
                323073.75495899,
                7396932.24372243
              ],
              [
                323077.30766268,
                7396935.47892736
              ],
              [
                323088.98177482,
                7396946.10964358
              ],
              [
                323098.62408484,
                7396954.89015698
              ],
              [
                323091.92087454,
                7396962.70316525
              ],
              [
                323090.84117287,
                7396964.02146665
              ],
              [
                323088.340569,
                7396967.07466991
              ],
              [
                323087.15326715,
                7396968.52957147
              ],
              [
                323062.24844107,
                7396946.6751379
              ],
              [
                323051.89683023,
                7396937.59142396
              ]
            ]
          ]
        },
        "geometryNativeCrs": "EPSG:31983",
        "geometrySha256": "c6ddcff6956e3a7c63818170b780452e032477ed1e1b4f2b5b2dea50182a4274",
        "contextCoverageComplete": true,
        "contextBuildingSourceId": "geosampa-edificacao",
        "contextBuildingSourceHistorical": true,
        "mappedBuildings": [
          {
            "id": "geosampa-edificacao-399845",
            "intersectionAreaM2": 797.4502,
            "footprintAreaM2": 797.4675,
            "heightM": 3.664,
            "heightSourceDate": "2014-01-03T02:00:00Z"
          }
        ],
        "mappedBuildingsCount": 1,
        "mappedBuildingIntersectionMinimumM2": 0.25
      }
    },
    {
      "type": "Feature",
      "id": "lote_cidadao.2859422",
      "geometry": {
        "type": "Polygon",
        "coordinates": [
          [
            [
              -46.73199944,
              -23.52670035
            ],
            [
              -46.73202357,
              -23.52671896
            ],
            [
              -46.73198511,
              -23.52676067
            ],
            [
              -46.7319684,
              -23.52677878
            ],
            [
              -46.7319109,
              -23.52684116
            ],
            [
              -46.73194443,
              -23.52686713
            ],
            [
              -46.73193534,
              -23.52687654
            ],
            [
              -46.73189865,
              -23.52691448
            ],
            [
              -46.73189627,
              -23.52691694
            ],
            [
              -46.7318462,
              -23.52687801
            ],
            [
              -46.73174888,
              -23.52680233
            ],
            [
              -46.73167065,
              -23.5267415
            ],
            [
              -46.73170888,
              -23.52670044
            ],
            [
              -46.73183038,
              -23.52656994
            ],
            [
              -46.73199944,
              -23.52670035
            ]
          ]
        ]
      },
      "properties": {
        "parcelId": "lote_cidadao.2859422",
        "sql": "080.147.0242-5",
        "sector": "080",
        "block": "147",
        "lot": "0242",
        "checkDigit": "5",
        "address": "R CARLOS WEBER 624",
        "status": "ATIVO",
        "parcelType": "F",
        "use": "Não residencial",
        "cadastralAreaM2": 671,
        "cadastralBuiltAreaM2": 1351,
        "measuredAreaM2": 679.2369,
        "sourceId": "geosampa-lote-cidadao",
        "sourceTimestamp": "2026-10-02T16:24:04.046Z",
        "sourceFetchedAt": "2026-10-02T16:24:04.105940+00:00",
        "boundaryStatus": "official-fiscal-cadastre-current-snapshot-not-survey-or-title",
        "surveyOrTitleVerified": false,
        "occupationStatus": "built-area-declared-in-fiscal-cadastre-current-condition-unverified",
        "currentConditionVerified": false,
        "availableForDevelopment": null,
        "geometryNative31983": {
          "type": "Polygon",
          "coordinates": [
            [
              [
                323179.72155074,
                7397105.66756685
              ],
              [
                323177.28254818,
                7397103.57656363
              ],
              [
                323181.26555428,
                7397099.0055588
              ],
              [
                323182.99555693,
                7397097.02055671
              ],
              [
                323188.95056605,
                7397090.18354949
              ],
              [
                323185.56156249,
                7397087.265545
              ],
              [
                323186.50256392,
                7397086.23554392
              ],
              [
                323190.29956969,
                7397082.07853958
              ],
              [
                323190.54557006,
                7397081.80953929
              ],
              [
                323195.60657538,
                7397086.18254603
              ],
              [
                323205.44258572,
                7397094.68255912
              ],
              [
                323213.34959403,
                7397101.51556964
              ],
              [
                323209.39158797,
                7397106.01557438
              ],
              [
                323196.81056873,
                7397120.31758945
              ],
              [
                323179.72155074,
                7397105.66756685
              ]
            ]
          ]
        },
        "geometryNativeCrs": "EPSG:31983",
        "geometrySha256": "b46f20cdf0fbc68cf75bf03f16f2c25c955a8bd17ca9e37b82a72a4c689c3a3a",
        "contextCoverageComplete": true,
        "contextBuildingSourceId": "geosampa-edificacao",
        "contextBuildingSourceHistorical": true,
        "mappedBuildings": [
          {
            "id": "geosampa-edificacao-402235",
            "intersectionAreaM2": 166.8656,
            "footprintAreaM2": 166.8709,
            "heightM": 4.364,
            "heightSourceDate": "2014-01-03T02:00:00Z"
          },
          {
            "id": "geosampa-edificacao-409082",
            "intersectionAreaM2": 70.2037,
            "footprintAreaM2": 70.2043,
            "heightM": 4.032,
            "heightSourceDate": "2014-01-03T02:00:00Z"
          }
        ],
        "mappedBuildingsCount": 2,
        "mappedBuildingIntersectionMinimumM2": 0.25
      }
    },
    {
      "type": "Feature",
      "id": "lote_cidadao.2402737",
      "geometry": {
        "type": "Polygon",
        "coordinates": [
          [
            [
              -46.73281136,
              -23.52805283
            ],
            [
              -46.73290681,
              -23.52813106
            ],
            [
              -46.73302238,
              -23.52822577
            ],
            [
              -46.73305755,
              -23.52825459
            ],
            [
              -46.73317932,
              -23.52835438
            ],
            [
              -46.7330794,
              -23.52846461
            ],
            [
              -46.73305507,
              -23.52849144
            ],
            [
              -46.73293019,
              -23.52839243
            ],
            [
              -46.73287353,
              -23.52834751
            ],
            [
              -46.73284553,
              -23.52832531
            ],
            [
              -46.73272157,
              -23.52822703
            ],
            [
              -46.73268181,
              -23.52819551
            ],
            [
              -46.73279768,
              -23.5280679
            ],
            [
              -46.73281136,
              -23.52805283
            ]
          ]
        ]
      },
      "properties": {
        "parcelId": "lote_cidadao.2402737",
        "sql": "080.146.0091-6",
        "sector": "080",
        "block": "146",
        "lot": "0091",
        "checkDigit": "6",
        "address": "AV IMP LEOPOLDINA 681",
        "status": "ATIVO",
        "parcelType": "F",
        "use": "Não residencial",
        "cadastralAreaM2": 1000,
        "cadastralBuiltAreaM2": 666,
        "measuredAreaM2": 1014.9841,
        "sourceId": "geosampa-lote-cidadao",
        "sourceTimestamp": "2026-10-02T16:24:04.046Z",
        "sourceFetchedAt": "2026-10-02T16:24:04.105940+00:00",
        "boundaryStatus": "official-fiscal-cadastre-current-snapshot-not-survey-or-title",
        "surveyOrTitleVerified": false,
        "occupationStatus": "built-area-declared-in-fiscal-cadastre-current-condition-unverified",
        "currentConditionVerified": false,
        "availableForDevelopment": null,
        "geometryNative31983": {
          "type": "Polygon",
          "coordinates": [
            [
              [
                323098.62408484,
                7396954.89015698
              ],
              [
                323088.98177482,
                7396946.10964358
              ],
              [
                323077.30766268,
                7396935.47892736
              ],
              [
                323073.75495899,
                7396932.24372243
              ],
              [
                323061.45414621,
                7396921.04220534
              ],
              [
                323071.80536211,
                7396908.95839254
              ],
              [
                323074.32476599,
                7396906.01728943
              ],
              [
                323086.94477919,
                7396917.1366065
              ],
              [
                323092.66928518,
                7396922.18041423
              ],
              [
                323095.49888814,
                7396924.67361806
              ],
              [
                323108.02540125,
                7396935.710435
              ],
              [
                323112.04260545,
                7396939.24994043
              ],
              [
                323100.04088702,
                7396953.23875523
              ],
              [
                323098.62408484,
                7396954.89015698
              ]
            ]
          ]
        },
        "geometryNativeCrs": "EPSG:31983",
        "geometrySha256": "f39b27e52faf2e6aa62bbc947f740cf64ca99b10ebba6bbf4aa36acc14db235f",
        "contextCoverageComplete": true,
        "contextBuildingSourceId": "geosampa-edificacao",
        "contextBuildingSourceHistorical": true,
        "mappedBuildings": [
          {
            "id": "geosampa-edificacao-400380",
            "intersectionAreaM2": 685.8709,
            "footprintAreaM2": 685.8734,
            "heightM": 5.434,
            "heightSourceDate": "2014-01-03T02:00:00Z"
          }
        ],
        "mappedBuildingsCount": 1,
        "mappedBuildingIntersectionMinimumM2": 0.25
      }
    },
    {
      "type": "Feature",
      "id": "lote_cidadao.2469116",
      "geometry": {
        "type": "Polygon",
        "coordinates": [
          [
            [
              -46.73184772,
              -23.52696715
            ],
            [
              -46.73180288,
              -23.52701352
            ],
            [
              -46.73181108,
              -23.5270199
            ],
            [
              -46.73193258,
              -23.52711438
            ],
            [
              -46.73195313,
              -23.52713035
            ],
            [
              -46.73185194,
              -23.52723905
            ],
            [
              -46.73183512,
              -23.52722614
            ],
            [
              -46.73172682,
              -23.52714298
            ],
            [
              -46.73169868,
              -23.52712137
            ],
            [
              -46.73165435,
              -23.52708547
            ],
            [
              -46.73152484,
              -23.52698052
            ],
            [
              -46.7314811,
              -23.52694509
            ],
            [
              -46.73157926,
              -23.52683966
            ],
            [
              -46.73162688,
              -23.52678851
            ],
            [
              -46.73165551,
              -23.52681167
            ],
            [
              -46.73169384,
              -23.52684268
            ],
            [
              -46.73184772,
              -23.52696715
            ]
          ]
        ]
      },
      "properties": {
        "parcelId": "lote_cidadao.2469116",
        "sql": "080.147.0241-7",
        "sector": "080",
        "block": "147",
        "lot": "0241",
        "checkDigit": "7",
        "address": "R CARLOS WEBER 660",
        "status": "ATIVO",
        "parcelType": "F",
        "use": "Não residencial",
        "cadastralAreaM2": 1000,
        "cadastralBuiltAreaM2": 1005,
        "measuredAreaM2": 1003.111,
        "sourceId": "geosampa-lote-cidadao",
        "sourceTimestamp": "2026-10-02T16:24:04.046Z",
        "sourceFetchedAt": "2026-10-02T16:24:04.105940+00:00",
        "boundaryStatus": "official-fiscal-cadastre-current-snapshot-not-survey-or-title",
        "surveyOrTitleVerified": false,
        "occupationStatus": "built-area-declared-in-fiscal-cadastre-current-condition-unverified",
        "currentConditionVerified": false,
        "availableForDevelopment": null,
        "geometryNative31983": {
          "type": "Polygon",
          "coordinates": [
            [
              [
                323195.5705777,
                7397076.30853355
              ],
              [
                323200.21158475,
                7397071.22852824
              ],
              [
                323199.38258388,
                7397070.51252713
              ],
              [
                323187.10257097,
                7397059.89951079
              ],
              [
                323185.02556879,
                7397058.10550803
              ],
              [
                323195.50258481,
                7397046.19249548
              ],
              [
                323197.2035866,
                7397047.64349772
              ],
              [
                323208.15059814,
                7397056.98551214
              ],
              [
                323210.99560113,
                7397059.41351588
              ],
              [
                323215.4736058,
                7397063.44452205
              ],
              [
                323228.55861944,
                7397075.22554006
              ],
              [
                323232.97662404,
                7397079.20354614
              ],
              [
                323222.8126085,
                7397090.75855831
              ],
              [
                323217.88160096,
                7397096.36356421
              ],
              [
                323214.98959794,
                7397093.76356024
              ],
              [
                323211.1165939,
                7397090.28255492
              ],
              [
                323195.5705777,
                7397076.30853355
              ]
            ]
          ]
        },
        "geometryNativeCrs": "EPSG:31983",
        "geometrySha256": "06a49e5241e3ddf907f9c7578d6df2377c1873f85a64b921f76c9084d937bb00",
        "contextCoverageComplete": true,
        "contextBuildingSourceId": "geosampa-edificacao",
        "contextBuildingSourceHistorical": true,
        "mappedBuildings": [
          {
            "id": "geosampa-edificacao-402228",
            "intersectionAreaM2": 122.4177,
            "footprintAreaM2": 122.4178,
            "heightM": 4.208,
            "heightSourceDate": "2014-01-03T02:00:00Z"
          },
          {
            "id": "geosampa-edificacao-409620",
            "intersectionAreaM2": 625.544,
            "footprintAreaM2": 625.5503,
            "heightM": 8.17,
            "heightSourceDate": "2014-01-03T02:00:00Z"
          }
        ],
        "mappedBuildingsCount": 2,
        "mappedBuildingIntersectionMinimumM2": 0.25
      }
    },
    {
      "type": "Feature",
      "id": "lote_cidadao.3545246",
      "geometry": {
        "type": "Polygon",
        "coordinates": [
          [
            [
              -46.73415849,
              -23.52940196
            ],
            [
              -46.7341454,
              -23.52939161
            ],
            [
              -46.73406852,
              -23.52933084
            ],
            [
              -46.73398122,
              -23.52926183
            ],
            [
              -46.7343062,
              -23.52890981
            ],
            [
              -46.73447772,
              -23.52904576
            ],
            [
              -46.73444163,
              -23.52908702
            ],
            [
              -46.73434217,
              -23.5292007
            ],
            [
              -46.73431488,
              -23.5292319
            ],
            [
              -46.73415849,
              -23.52940196
            ]
          ]
        ]
      },
      "properties": {
        "parcelId": "lote_cidadao.3545246",
        "sql": "097.025.0062-1",
        "sector": "097",
        "block": "025",
        "lot": "0062",
        "checkDigit": "1",
        "address": "R XAVIER KRAUS 117",
        "status": "ATIVO",
        "parcelType": "F",
        "use": "Não residencial",
        "cadastralAreaM2": 1070,
        "cadastralBuiltAreaM2": 1400,
        "measuredAreaM2": 1209.2914,
        "sourceId": "geosampa-lote-cidadao",
        "sourceTimestamp": "2026-10-02T16:24:04.046Z",
        "sourceFetchedAt": "2026-10-02T16:24:04.105940+00:00",
        "boundaryStatus": "official-fiscal-cadastre-current-snapshot-not-survey-or-title",
        "surveyOrTitleVerified": false,
        "occupationStatus": "built-area-declared-in-fiscal-cadastre-current-condition-unverified",
        "currentConditionVerified": false,
        "availableForDevelopment": null,
        "geometryNative31983": {
          "type": "Polygon",
          "coordinates": [
            [
              [
                322962.87355033,
                7396803.82393369
              ],
              [
                322964.19605172,
                7396804.98573547
              ],
              [
                322971.96535985,
                7396811.81064595
              ],
              [
                322980.78696909,
                7396819.56005785
              ],
              [
                322947.13191754,
                7396858.14309854
              ],
              [
                322929.79989941,
                7396842.8759751
              ],
              [
                322933.54080519,
                7396838.35127028
              ],
              [
                322943.84852114,
                7396825.884357
              ],
              [
                322946.67692551,
                7396822.46335336
              ],
              [
                322962.87355033,
                7396803.82393369
              ]
            ]
          ]
        },
        "geometryNativeCrs": "EPSG:31983",
        "geometrySha256": "cd726ae2d2b1e0f308b97519261716a33244e0fb9df428448de210f51685c027",
        "contextCoverageComplete": true,
        "contextBuildingSourceId": "geosampa-edificacao",
        "contextBuildingSourceHistorical": true,
        "mappedBuildings": [
          {
            "id": "geosampa-edificacao-478356",
            "intersectionAreaM2": 929.8876,
            "footprintAreaM2": 929.9528,
            "heightM": 5.605,
            "heightSourceDate": "2014-01-03T02:00:00Z"
          },
          {
            "id": "geosampa-edificacao-478357",
            "intersectionAreaM2": 12.5038,
            "footprintAreaM2": 12.5038,
            "heightM": 4.495,
            "heightSourceDate": "2014-01-03T02:00:00Z"
          },
          {
            "id": "geosampa-edificacao-478358",
            "intersectionAreaM2": 84.3944,
            "footprintAreaM2": 286.9229,
            "heightM": 6.195,
            "heightSourceDate": "2014-01-03T02:00:00Z"
          }
        ],
        "mappedBuildingsCount": 3,
        "mappedBuildingIntersectionMinimumM2": 0.25
      }
    },
    {
      "type": "Feature",
      "id": "lote_cidadao.2403993",
      "geometry": {
        "type": "Polygon",
        "coordinates": [
          [
            [
              -46.731697,
              -23.52844754
            ],
            [
              -46.7318242,
              -23.52831018
            ],
            [
              -46.73186792,
              -23.52826297
            ],
            [
              -46.73187824,
              -23.52825203
            ],
            [
              -46.73196458,
              -23.5283198
            ],
            [
              -46.7320067,
              -23.52835285
            ],
            [
              -46.73199382,
              -23.52836743
            ],
            [
              -46.73182907,
              -23.52855398
            ],
            [
              -46.73179486,
              -23.52852753
            ],
            [
              -46.73178624,
              -23.52852049
            ],
            [
              -46.731697,
              -23.52844754
            ]
          ]
        ]
      },
      "properties": {
        "parcelId": "lote_cidadao.2403993",
        "sql": "080.155.1630-7",
        "sector": "080",
        "block": "155",
        "lot": "1630",
        "checkDigit": "7",
        "address": "R PDE MELITON VIGUERA PENILLOS 94",
        "status": "ATIVO",
        "parcelType": "F",
        "use": "Não residencial",
        "cadastralAreaM2": 522,
        "cadastralBuiltAreaM2": 500,
        "measuredAreaM2": 503.4927,
        "sourceId": "geosampa-lote-cidadao",
        "sourceTimestamp": "2026-10-02T16:24:04.046Z",
        "sourceFetchedAt": "2026-10-02T16:24:04.105940+00:00",
        "boundaryStatus": "official-fiscal-cadastre-current-snapshot-not-survey-or-title",
        "surveyOrTitleVerified": false,
        "occupationStatus": "built-area-declared-in-fiscal-cadastre-current-condition-unverified",
        "currentConditionVerified": false,
        "availableForDevelopment": null,
        "geometryNative31983": {
          "type": "Polygon",
          "coordinates": [
            [
              [
                323212.93943869,
                7396912.55313082
              ],
              [
                323199.76721853,
                7396927.60764669
              ],
              [
                323195.2396116,
                7396932.78225214
              ],
              [
                323194.17170997,
                7396933.9813534
              ],
              [
                323185.44560082,
                7396926.3700417
              ],
              [
                323181.18959636,
                7396922.657836
              ],
              [
                323182.52379842,
                7396921.0591343
              ],
              [
                323199.59592478,
                7396900.60361253
              ],
              [
                323203.05402841,
                7396903.57471711
              ],
              [
                323203.92452932,
                7396904.36531832
              ],
              [
                323212.93943869,
                7396912.55313082
              ]
            ]
          ]
        },
        "geometryNativeCrs": "EPSG:31983",
        "geometrySha256": "6db5c910cd36355d5ffd72dd9a9d303f6734a5093dc31756e1648244e156c5c3",
        "contextCoverageComplete": true,
        "contextBuildingSourceId": "geosampa-edificacao",
        "contextBuildingSourceHistorical": true,
        "mappedBuildings": [
          {
            "id": "geosampa-edificacao-396589",
            "intersectionAreaM2": 408.4146,
            "footprintAreaM2": 408.4246,
            "heightM": 6.859,
            "heightSourceDate": "2014-01-03T02:00:00Z"
          }
        ],
        "mappedBuildingsCount": 1,
        "mappedBuildingIntersectionMinimumM2": 0.25
      }
    },
    {
      "type": "Feature",
      "id": "lote_cidadao.2463502",
      "geometry": {
        "type": "Polygon",
        "coordinates": [
          [
            [
              -46.73146684,
              -23.52790896
            ],
            [
              -46.73150332,
              -23.52787516
            ],
            [
              -46.73168655,
              -23.52802141
            ],
            [
              -46.73176771,
              -23.52808646
            ],
            [
              -46.73178113,
              -23.52809721
            ],
            [
              -46.73172948,
              -23.52815201
            ],
            [
              -46.73167278,
              -23.52821174
            ],
            [
              -46.73163509,
              -23.5282505
            ],
            [
              -46.73161387,
              -23.52827231
            ],
            [
              -46.73155396,
              -23.52833393
            ],
            [
              -46.73127596,
              -23.52811229
            ],
            [
              -46.73126966,
              -23.52810727
            ],
            [
              -46.73118476,
              -23.52803727
            ],
            [
              -46.73120277,
              -23.52802848
            ],
            [
              -46.73124363,
              -23.52800851
            ],
            [
              -46.73127343,
              -23.52799396
            ],
            [
              -46.73129695,
              -23.52798247
            ],
            [
              -46.73131051,
              -23.52797667
            ],
            [
              -46.73136097,
              -23.52795509
            ],
            [
              -46.73140808,
              -23.52793494
            ],
            [
              -46.73143399,
              -23.52792385
            ],
            [
              -46.73146515,
              -23.52791052
            ],
            [
              -46.73146684,
              -23.52790896
            ]
          ]
        ]
      },
      "properties": {
        "parcelId": "lote_cidadao.2463502",
        "sql": "080.147.0081-3",
        "sector": "080",
        "block": "147",
        "lot": "0081",
        "checkDigit": "3",
        "address": "R PDE MELITON VIGUERA PENILLOS 132",
        "status": "ATIVO",
        "parcelType": "F",
        "use": "Não residencial",
        "cadastralAreaM2": 1566,
        "cadastralBuiltAreaM2": 1270,
        "measuredAreaM2": 1513.9738,
        "sourceId": "geosampa-lote-cidadao",
        "sourceTimestamp": "2026-10-02T16:24:04.046Z",
        "sourceFetchedAt": "2026-10-02T16:24:04.105940+00:00",
        "boundaryStatus": "official-fiscal-cadastre-current-snapshot-not-survey-or-title",
        "surveyOrTitleVerified": false,
        "occupationStatus": "built-area-declared-in-fiscal-cadastre-current-condition-unverified",
        "currentConditionVerified": false,
        "availableForDevelopment": null,
        "geometryNative31983": {
          "type": "Polygon",
          "coordinates": [
            [
              [
                323235.72095301,
                7396972.48081196
              ],
              [
                323231.95064738,
                7396976.17841573
              ],
              [
                323213.43662803,
                7396959.75639057
              ],
              [
                323205.23661947,
                7396952.45337938
              ],
              [
                323203.88051805,
                7396951.24547753
              ],
              [
                323209.22812621,
                7396945.24057122
              ],
              [
                323215.09713516,
                7396938.69666436
              ],
              [
                323218.99784108,
                7396934.45055993
              ],
              [
                323221.19334441,
                7396932.06065743
              ],
              [
                323227.39385382,
                7396925.31115039
              ],
              [
                323255.48358318,
                7396950.19818853
              ],
              [
                323256.12068385,
                7396950.7624894
              ],
              [
                323264.69579275,
                7396958.61830137
              ],
              [
                323262.8456902,
                7396959.57040213
              ],
              [
                323258.6463844,
                7396961.73060386
              ],
              [
                323255.58408018,
                7396963.30590512
              ],
              [
                323253.16667684,
                7396964.54940611
              ],
              [
                323251.77497494,
                7396965.17470657
              ],
              [
                323246.59376787,
                7396967.50260827
              ],
              [
                323241.75646127,
                7396969.67610986
              ],
              [
                323239.09585764,
                7396970.87151074
              ],
              [
                323235.89565327,
                7396972.30941179
              ],
              [
                323235.72095301,
                7396972.48081196
              ]
            ]
          ]
        },
        "geometryNativeCrs": "EPSG:31983",
        "geometrySha256": "341a76c5612b9bec66e80419573211c9a5c56430e2462ae22b869050dafd8299",
        "contextCoverageComplete": true,
        "contextBuildingSourceId": "geosampa-edificacao",
        "contextBuildingSourceHistorical": true,
        "mappedBuildings": [
          {
            "id": "geosampa-edificacao-409358",
            "intersectionAreaM2": 14.3915,
            "footprintAreaM2": 14.3916,
            "heightM": 5.089,
            "heightSourceDate": "2014-01-03T02:00:00Z"
          },
          {
            "id": "geosampa-edificacao-409359",
            "intersectionAreaM2": 1035.691,
            "footprintAreaM2": 1035.6974,
            "heightM": 8.496,
            "heightSourceDate": "2014-01-03T02:00:00Z"
          },
          {
            "id": "geosampa-edificacao-409360",
            "intersectionAreaM2": 107.4242,
            "footprintAreaM2": 107.4249,
            "heightM": 6.027,
            "heightSourceDate": "2014-01-03T02:00:00Z"
          }
        ],
        "mappedBuildingsCount": 3,
        "mappedBuildingIntersectionMinimumM2": 0.25
      }
    },
    {
      "type": "Feature",
      "id": "lote_cidadao.3520223",
      "geometry": {
        "type": "Polygon",
        "coordinates": [
          [
            [
              -46.73311643,
              -23.52936664
            ],
            [
              -46.73340718,
              -23.52959439
            ],
            [
              -46.73342263,
              -23.52960648
            ],
            [
              -46.73328664,
              -23.52975241
            ],
            [
              -46.73327101,
              -23.52974049
            ],
            [
              -46.7329912,
              -23.52952712
            ],
            [
              -46.73297688,
              -23.5295162
            ],
            [
              -46.7330679,
              -23.52941837
            ],
            [
              -46.73310128,
              -23.52938249
            ],
            [
              -46.73311643,
              -23.52936664
            ]
          ]
        ]
      },
      "properties": {
        "parcelId": "lote_cidadao.3520223",
        "sql": "097.030.0120-3",
        "sector": "097",
        "block": "030",
        "lot": "0120",
        "checkDigit": "3",
        "address": "R HAYDEN 59",
        "status": "ATIVO",
        "parcelType": "F",
        "use": "Não residencial",
        "cadastralAreaM2": 416,
        "cadastralBuiltAreaM2": 790,
        "measuredAreaM2": 885.7794,
        "sourceId": "geosampa-lote-cidadao",
        "sourceTimestamp": "2026-10-02T16:24:04.046Z",
        "sourceFetchedAt": "2026-10-02T16:24:04.105940+00:00",
        "boundaryStatus": "official-fiscal-cadastre-current-snapshot-not-survey-or-title",
        "surveyOrTitleVerified": false,
        "occupationStatus": "built-area-declared-in-fiscal-cadastre-current-condition-unverified",
        "currentConditionVerified": false,
        "availableForDevelopment": null,
        "geometryNative31983": {
          "type": "Polygon",
          "coordinates": [
            [
              [
                323069.23048279,
                7396809.02026569
              ],
              [
                323039.84645198,
                7396783.44082636
              ],
              [
                323038.28585034,
                7396782.08242427
              ],
              [
                323052.36697187,
                7396766.08930744
              ],
              [
                323053.94697354,
                7396767.4285095
              ],
              [
                323082.23270335,
                7396791.40334655
              ],
              [
                323083.68020488,
                7396792.63014844
              ],
              [
                323074.25539047,
                7396803.35165973
              ],
              [
                323070.79828518,
                7396807.28446387
              ],
              [
                323069.23048279,
                7396809.02026569
              ]
            ]
          ]
        },
        "geometryNativeCrs": "EPSG:31983",
        "geometrySha256": "f2770398069bbde17523128bc398c709f2409a7d3adaf4e89bbe14b4ad6d0db8",
        "contextCoverageComplete": true,
        "contextBuildingSourceId": "geosampa-edificacao",
        "contextBuildingSourceHistorical": true,
        "mappedBuildings": [
          {
            "id": "geosampa-edificacao-485641",
            "intersectionAreaM2": 815.028,
            "footprintAreaM2": 5403.673,
            "heightM": 10.82,
            "heightSourceDate": "2014-01-03T02:00:00Z"
          }
        ],
        "mappedBuildingsCount": 1,
        "mappedBuildingIntersectionMinimumM2": 0.25
      }
    },
    {
      "type": "Feature",
      "id": "lote_cidadao.3472176",
      "geometry": {
        "type": "Polygon",
        "coordinates": [
          [
            [
              -46.7346624,
              -23.53009028
            ],
            [
              -46.73467999,
              -23.53007137
            ],
            [
              -46.73468733,
              -23.53006348
            ],
            [
              -46.73471059,
              -23.53003849
            ],
            [
              -46.73476154,
              -23.52998403
            ],
            [
              -46.73479078,
              -23.52995277
            ],
            [
              -46.73482349,
              -23.52991781
            ],
            [
              -46.73485986,
              -23.52994734
            ],
            [
              -46.73489524,
              -23.52997607
            ],
            [
              -46.73487217,
              -23.53000118
            ],
            [
              -46.73484023,
              -23.53003595
            ],
            [
              -46.7347877,
              -23.53009313
            ],
            [
              -46.73475865,
              -23.53012476
            ],
            [
              -46.73468782,
              -23.53020185
            ],
            [
              -46.73467636,
              -23.53021433
            ],
            [
              -46.73459918,
              -23.53029833
            ],
            [
              -46.73457384,
              -23.53032592
            ],
            [
              -46.73454456,
              -23.530302
            ],
            [
              -46.73452064,
              -23.53028246
            ],
            [
              -46.73450017,
              -23.53026626
            ],
            [
              -46.73451617,
              -23.53024891
            ],
            [
              -46.73452109,
              -23.53024357
            ],
            [
              -46.7345792,
              -23.53018053
            ],
            [
              -46.7346624,
              -23.53009028
            ]
          ]
        ]
      },
      "properties": {
        "parcelId": "lote_cidadao.3472176",
        "sql": "097.026.0147-9",
        "sector": "097",
        "block": "026",
        "lot": "0147",
        "checkDigit": "9",
        "address": "R HAYDEN 234",
        "status": "ATIVO",
        "parcelType": "F",
        "use": "Residencial",
        "cadastralAreaM2": 510,
        "cadastralBuiltAreaM2": 237,
        "measuredAreaM2": 504.181,
        "sourceId": "geosampa-lote-cidadao",
        "sourceTimestamp": "2026-10-02T16:24:04.046Z",
        "sourceFetchedAt": "2026-10-02T16:24:04.105940+00:00",
        "boundaryStatus": "official-fiscal-cadastre-current-snapshot-not-survey-or-title",
        "surveyOrTitleVerified": false,
        "occupationStatus": "built-area-declared-in-fiscal-cadastre-current-condition-unverified",
        "currentConditionVerified": false,
        "availableForDevelopment": null,
        "geometryNative31983": {
          "type": "Polygon",
          "coordinates": [
            [
              [
                322912.34140522,
                7396726.97582454
              ],
              [
                322910.51990243,
                7396729.04762672
              ],
              [
                322909.75970127,
                7396729.91232763
              ],
              [
                322907.35119759,
                7396732.65173051
              ],
              [
                322902.07568952,
                7396738.61983679
              ],
              [
                322899.0482849,
                7396742.04474039
              ],
              [
                322895.66107972,
                7396745.87664442
              ],
              [
                322891.9872759,
                7396742.56133935
              ],
              [
                322888.41287218,
                7396739.33573442
              ],
              [
                322890.80177584,
                7396736.58363152
              ],
              [
                322894.11018091,
                7396732.77242749
              ],
              [
                322899.55098925,
                7396726.50472088
              ],
              [
                322902.55959387,
                7396723.03871722
              ],
              [
                322909.89450511,
                7396714.58890831
              ],
              [
                322911.08200693,
                7396713.22090686
              ],
              [
                322919.07441918,
                7396704.01369715
              ],
              [
                322921.69922321,
                7396700.98989396
              ],
              [
                322924.65712628,
                7396703.67489806
              ],
              [
                322927.07292879,
                7396705.86790141
              ],
              [
                322929.14193096,
                7396707.6871042
              ],
              [
                322927.48492842,
                7396709.5895062
              ],
              [
                322926.97512764,
                7396710.17480682
              ],
              [
                322920.95761842,
                7396717.08351411
              ],
              [
                322912.34140522,
                7396726.97582454
              ]
            ]
          ]
        },
        "geometryNativeCrs": "EPSG:31983",
        "geometrySha256": "646e738263c74ba0dcb2cfb5630bed944f39280018b5090425cdd41ca22644aa",
        "contextCoverageComplete": true,
        "contextBuildingSourceId": "geosampa-edificacao",
        "contextBuildingSourceHistorical": true,
        "mappedBuildings": [],
        "mappedBuildingsCount": 0,
        "mappedBuildingIntersectionMinimumM2": 0.25
      }
    },
    {
      "type": "Feature",
      "id": "lote_cidadao.3693083",
      "geometry": {
        "type": "Polygon",
        "coordinates": [
          [
            [
              -46.73328664,
              -23.52975241
            ],
            [
              -46.73330178,
              -23.52976441
            ],
            [
              -46.73301247,
              -23.53007487
            ],
            [
              -46.73281261,
              -23.53028934
            ],
            [
              -46.73278897,
              -23.53031471
            ],
            [
              -46.73278757,
              -23.53031362
            ],
            [
              -46.73242046,
              -23.53002439
            ],
            [
              -46.73211689,
              -23.5297829
            ],
            [
              -46.7325129,
              -23.52935861
            ],
            [
              -46.73254164,
              -23.52938112
            ],
            [
              -46.73286609,
              -23.52963528
            ],
            [
              -46.73289832,
              -23.52960064
            ],
            [
              -46.7329204,
              -23.5295769
            ],
            [
              -46.73297688,
              -23.5295162
            ],
            [
              -46.7329912,
              -23.52952712
            ],
            [
              -46.73327101,
              -23.52974049
            ],
            [
              -46.73328664,
              -23.52975241
            ]
          ]
        ]
      },
      "properties": {
        "parcelId": "lote_cidadao.3693083",
        "sql": "097.030.0119-1",
        "sector": "097",
        "block": "030",
        "lot": "0119",
        "checkDigit": "1",
        "address": "AV IMP LEOPOLDINA 838",
        "status": "ATIVO",
        "parcelType": "F",
        "use": "Não residencial",
        "cadastralAreaM2": 6722,
        "cadastralBuiltAreaM2": 5896,
        "measuredAreaM2": 6391.1488,
        "sourceId": "geosampa-lote-cidadao",
        "sourceTimestamp": "2026-10-02T16:24:04.046Z",
        "sourceFetchedAt": "2026-10-02T16:24:04.105940+00:00",
        "boundaryStatus": "official-fiscal-cadastre-current-snapshot-not-survey-or-title",
        "surveyOrTitleVerified": false,
        "occupationStatus": "built-area-declared-in-fiscal-cadastre-current-condition-unverified",
        "currentConditionVerified": false,
        "availableForDevelopment": null,
        "geometryNative31983": {
          "type": "Polygon",
          "coordinates": [
            [
              [
                323052.36697187,
                7396766.08930744
              ],
              [
                323050.83657027,
                7396764.74190537
              ],
              [
                323080.79281607,
                7396730.71796956
              ],
              [
                323101.4873477,
                7396707.21324482
              ],
              [
                323103.93555145,
                7396704.43274189
              ],
              [
                323104.07655159,
                7396704.55604208
              ],
              [
                323141.17539046,
                7396737.03859198
              ],
              [
                323171.84952253,
                7396764.15613356
              ],
              [
                323130.84595986,
                7396810.65418249
              ],
              [
                323127.94175681,
                7396808.1257786
              ],
              [
                323095.15232242,
                7396779.57963471
              ],
              [
                323091.81501732,
                7396783.3760387
              ],
              [
                323089.52851382,
                7396785.97714144
              ],
              [
                323083.68020488,
                7396792.63014844
              ],
              [
                323082.23270335,
                7396791.40334655
              ],
              [
                323053.94697354,
                7396767.4285095
              ],
              [
                323052.36697187,
                7396766.08930744
              ]
            ]
          ]
        },
        "geometryNativeCrs": "EPSG:31983",
        "geometrySha256": "97ceaae42956659a27213e64006a7c0c2c0c6991b709ee4ea6fa69691086c6a4",
        "contextCoverageComplete": true,
        "contextBuildingSourceId": "geosampa-edificacao",
        "contextBuildingSourceHistorical": true,
        "mappedBuildings": [
          {
            "id": "geosampa-edificacao-485641",
            "intersectionAreaM2": 4588.642,
            "footprintAreaM2": 5403.673,
            "heightM": 10.82,
            "heightSourceDate": "2014-01-03T02:00:00Z"
          }
        ],
        "mappedBuildingsCount": 1,
        "mappedBuildingIntersectionMinimumM2": 0.25
      }
    },
    {
      "type": "Feature",
      "id": "lote_cidadao.2445509",
      "geometry": {
        "type": "Polygon",
        "coordinates": [
          [
            [
              -46.73002206,
              -23.52561375
            ],
            [
              -46.73055256,
              -23.52530068
            ],
            [
              -46.73067582,
              -23.5254866
            ],
            [
              -46.7307918,
              -23.52566155
            ],
            [
              -46.7305396,
              -23.52580127
            ],
            [
              -46.73025564,
              -23.52596646
            ],
            [
              -46.73025206,
              -23.52596106
            ],
            [
              -46.73016168,
              -23.52582457
            ],
            [
              -46.73009166,
              -23.52571884
            ],
            [
              -46.73002206,
              -23.52561375
            ]
          ]
        ]
      },
      "properties": {
        "parcelId": "lote_cidadao.2445509",
        "sql": "080.152.0037-7",
        "sector": "080",
        "block": "152",
        "lot": "0037",
        "checkDigit": "7",
        "address": "R PASSO DA PATRIA 1327",
        "status": "ATIVO",
        "parcelType": "F",
        "use": "Não residencial",
        "cadastralAreaM2": 2980,
        "cadastralBuiltAreaM2": 2336,
        "measuredAreaM2": 2967.0244,
        "sourceId": "geosampa-lote-cidadao",
        "sourceTimestamp": "2026-10-02T16:24:04.046Z",
        "sourceFetchedAt": "2026-10-02T16:24:04.105940+00:00",
        "boundaryStatus": "official-fiscal-cadastre-current-snapshot-not-survey-or-title",
        "surveyOrTitleVerified": false,
        "occupationStatus": "built-area-declared-in-fiscal-cadastre-current-condition-unverified",
        "currentConditionVerified": false,
        "availableForDevelopment": null,
        "geometryNative31983": {
          "type": "Polygon",
          "coordinates": [
            [
              [
                323380.1837735,
                7397228.43576985
              ],
              [
                323325.59569672,
                7397262.45179981
              ],
              [
                323313.25768615,
                7397241.71177065
              ],
              [
                323301.64767622,
                7397222.19374321
              ],
              [
                323327.58771246,
                7397207.03173025
              ],
              [
                323356.8037535,
                7397189.08771455
              ],
              [
                323357.1617538,
                7397189.6907154
              ],
              [
                323366.20876154,
                7397204.9167368
              ],
              [
                323373.21776754,
                7397216.71175337
              ],
              [
                323380.1837735,
                7397228.43576985
              ]
            ]
          ]
        },
        "geometryNativeCrs": "EPSG:31983",
        "geometrySha256": "8bdd31b9966f3f8e278ba5217559f21ba32ae71fda7e295481f8bb8ebb851e82",
        "contextCoverageComplete": true,
        "contextBuildingSourceId": "geosampa-edificacao",
        "contextBuildingSourceHistorical": true,
        "mappedBuildings": [
          {
            "id": "geosampa-edificacao-409101",
            "intersectionAreaM2": 1905.2222,
            "footprintAreaM2": 1905.2246,
            "heightM": 3.792,
            "heightSourceDate": "2014-01-03T02:00:00Z"
          }
        ],
        "mappedBuildingsCount": 1,
        "mappedBuildingIntersectionMinimumM2": 0.25
      }
    },
    {
      "type": "Feature",
      "id": "lote_cidadao.2454528",
      "geometry": {
        "type": "Polygon",
        "coordinates": [
          [
            [
              -46.73433785,
              -23.52572956
            ],
            [
              -46.73441444,
              -23.52564864
            ],
            [
              -46.73451825,
              -23.52573001
            ],
            [
              -46.73451691,
              -23.52573141
            ],
            [
              -46.73443986,
              -23.52581215
            ],
            [
              -46.73439465,
              -23.52577554
            ],
            [
              -46.7343568,
              -23.5257449
            ],
            [
              -46.73433785,
              -23.52572956
            ]
          ]
        ]
      },
      "properties": {
        "parcelId": "lote_cidadao.2454528",
        "sql": "080.044.0058-2",
        "sector": "080",
        "block": "044",
        "lot": "0058",
        "checkDigit": "2",
        "address": "R FREDERICO WOLF 344",
        "status": "ATIVO",
        "parcelType": "F",
        "use": "Residencial",
        "cadastralAreaM2": 150,
        "cadastralBuiltAreaM2": 134,
        "measuredAreaM2": 166.7399,
        "sourceId": "geosampa-lote-cidadao",
        "sourceTimestamp": "2026-10-02T16:24:04.046Z",
        "sourceFetchedAt": "2026-10-02T16:24:04.105940+00:00",
        "boundaryStatus": "official-fiscal-cadastre-current-snapshot-not-survey-or-title",
        "surveyOrTitleVerified": false,
        "occupationStatus": "built-area-declared-in-fiscal-cadastre-current-condition-unverified",
        "currentConditionVerified": false,
        "availableForDevelopment": null,
        "geometryNative31983": {
          "type": "Polygon",
          "coordinates": [
            [
              [
                322939.64322379,
                7397210.29064164
              ],
              [
                322931.71421169,
                7397219.15765095
              ],
              [
                322921.22320069,
                7397210.01863689
              ],
              [
                322921.3612009,
                7397209.86463673
              ],
              [
                322929.33721305,
                7397201.01862746
              ],
              [
                322933.90521781,
                7397205.12863375
              ],
              [
                322937.72922179,
                7397208.56863901
              ],
              [
                322939.64322379,
                7397210.29064164
              ]
            ]
          ]
        },
        "geometryNativeCrs": "EPSG:31983",
        "geometrySha256": "486bb1a4eda8229339f66d9eac979475a77bd472dbb4ad37f6bfa0e93ecc062e",
        "contextCoverageComplete": true,
        "contextBuildingSourceId": "geosampa-edificacao",
        "contextBuildingSourceHistorical": true,
        "mappedBuildings": [
          {
            "id": "geosampa-edificacao-404209",
            "intersectionAreaM2": 62.7625,
            "footprintAreaM2": 62.7625,
            "heightM": 6.866,
            "heightSourceDate": "2014-01-03T02:00:00Z"
          }
        ],
        "mappedBuildingsCount": 1,
        "mappedBuildingIntersectionMinimumM2": 0.25
      }
    },
    {
      "type": "Feature",
      "id": "lote_cidadao.2397005",
      "geometry": {
        "type": "Polygon",
        "coordinates": [
          [
            [
              -46.73458168,
              -23.52546699
            ],
            [
              -46.73460615,
              -23.52543988
            ],
            [
              -46.73460909,
              -23.52543661
            ],
            [
              -46.73462559,
              -23.52541857
            ],
            [
              -46.73470558,
              -23.5254804
            ],
            [
              -46.73479962,
              -23.52555311
            ],
            [
              -46.73482791,
              -23.52557497
            ],
            [
              -46.73482917,
              -23.52557594
            ],
            [
              -46.73486055,
              -23.5256002
            ],
            [
              -46.7348835,
              -23.52561795
            ],
            [
              -46.73496531,
              -23.52568119
            ],
            [
              -46.73499121,
              -23.52570121
            ],
            [
              -46.73500106,
              -23.52570883
            ],
            [
              -46.73498611,
              -23.52572513
            ],
            [
              -46.73495553,
              -23.5257586
            ],
            [
              -46.73491309,
              -23.52572549
            ],
            [
              -46.73483813,
              -23.52566702
            ],
            [
              -46.73482916,
              -23.52566003
            ],
            [
              -46.7346112,
              -23.52549003
            ],
            [
              -46.73459509,
              -23.52547746
            ],
            [
              -46.73458168,
              -23.52546699
            ]
          ]
        ]
      },
      "properties": {
        "parcelId": "lote_cidadao.2397005",
        "sql": "080.044.0016-7",
        "sector": "080",
        "block": "044",
        "lot": "0016",
        "checkDigit": "7",
        "address": "R FREDERICO WOLF 306",
        "status": "ATIVO",
        "parcelType": "F",
        "use": "Terreno",
        "cadastralAreaM2": 325,
        "cadastralBuiltAreaM2": null,
        "measuredAreaM2": 355.2427,
        "sourceId": "geosampa-lote-cidadao",
        "sourceTimestamp": "2026-10-02T16:24:04.046Z",
        "sourceFetchedAt": "2026-10-02T16:24:04.105940+00:00",
        "boundaryStatus": "official-fiscal-cadastre-current-snapshot-not-survey-or-title",
        "surveyOrTitleVerified": false,
        "occupationStatus": "fiscal-built-area-unknown-current-vacancy-unverified",
        "currentConditionVerified": false,
        "availableForDevelopment": null,
        "geometryNative31983": {
          "type": "Polygon",
          "coordinates": [
            [
              [
                322914.39418514,
                7397239.06767197
              ],
              [
                322911.85918124,
                7397242.03967512
              ],
              [
                322911.55418077,
                7397242.3976755
              ],
              [
                322909.84517815,
                7397244.37567759
              ],
              [
                322901.76016964,
                7397237.42966687
              ],
              [
                322892.25415964,
                7397229.26165428
              ],
              [
                322889.39515664,
                7397226.80565049
              ],
              [
                322889.2681565,
                7397226.69665032
              ],
              [
                322886.09615317,
                7397223.97064612
              ],
              [
                322883.77615073,
                7397221.97764304
              ],
              [
                322875.50714203,
                7397214.87263208
              ],
              [
                322872.88913927,
                7397212.62362862
              ],
              [
                322871.89313823,
                7397211.7676273
              ],
              [
                322873.4421406,
                7397209.98162541
              ],
              [
                322876.60914547,
                7397206.31262153
              ],
              [
                322880.89914997,
                7397210.03162726
              ],
              [
                322888.47515793,
                7397216.59863737
              ],
              [
                322889.38115888,
                7397217.38363858
              ],
              [
                322911.41018201,
                7397236.47966798
              ],
              [
                322913.03818372,
                7397237.89167016
              ],
              [
                322914.39418514,
                7397239.06767197
              ]
            ]
          ]
        },
        "geometryNativeCrs": "EPSG:31983",
        "geometrySha256": "41c6afaf390368aca98d80204af7c868832880e9e73d27f26d5ea09befbdd3bc",
        "contextCoverageComplete": true,
        "contextBuildingSourceId": "geosampa-edificacao",
        "contextBuildingSourceHistorical": true,
        "mappedBuildings": [
          {
            "id": "geosampa-edificacao-397759",
            "intersectionAreaM2": 37.5421,
            "footprintAreaM2": 37.5449,
            "heightM": 4.95,
            "heightSourceDate": "2014-01-03T02:00:00Z"
          },
          {
            "id": "geosampa-edificacao-397760",
            "intersectionAreaM2": 190.8771,
            "footprintAreaM2": 190.8791,
            "heightM": 6.548,
            "heightSourceDate": "2014-01-03T02:00:00Z"
          }
        ],
        "mappedBuildingsCount": 2,
        "mappedBuildingIntersectionMinimumM2": 0.25
      }
    },
    {
      "type": "Feature",
      "id": "lote_cidadao.2452676",
      "geometry": {
        "type": "Polygon",
        "coordinates": [
          [
            [
              -46.73462559,
              -23.52541857
            ],
            [
              -46.73466636,
              -23.52537395
            ],
            [
              -46.73476638,
              -23.52545092
            ],
            [
              -46.73482916,
              -23.52549924
            ],
            [
              -46.73500818,
              -23.52563699
            ],
            [
              -46.73502697,
              -23.52565145
            ],
            [
              -46.73503724,
              -23.52565935
            ],
            [
              -46.73504265,
              -23.52566351
            ],
            [
              -46.73502781,
              -23.52567968
            ],
            [
              -46.73500106,
              -23.52570883
            ],
            [
              -46.73499121,
              -23.52570121
            ],
            [
              -46.73496531,
              -23.52568119
            ],
            [
              -46.7348835,
              -23.52561795
            ],
            [
              -46.73486055,
              -23.5256002
            ],
            [
              -46.73482917,
              -23.52557594
            ],
            [
              -46.73482791,
              -23.52557497
            ],
            [
              -46.73479962,
              -23.52555311
            ],
            [
              -46.73470558,
              -23.5254804
            ],
            [
              -46.73462559,
              -23.52541857
            ]
          ]
        ]
      },
      "properties": {
        "parcelId": "lote_cidadao.2452676",
        "sql": "080.044.0015-9",
        "sector": "080",
        "block": "044",
        "lot": "0015",
        "checkDigit": "9",
        "address": "R FREDERICO WOLF 300",
        "status": "ATIVO",
        "parcelType": "F",
        "use": "Terreno",
        "cadastralAreaM2": 325,
        "cadastralBuiltAreaM2": null,
        "measuredAreaM2": 326.1468,
        "sourceId": "geosampa-lote-cidadao",
        "sourceTimestamp": "2026-10-02T16:24:04.046Z",
        "sourceFetchedAt": "2026-10-02T16:24:04.105940+00:00",
        "boundaryStatus": "official-fiscal-cadastre-current-snapshot-not-survey-or-title",
        "surveyOrTitleVerified": false,
        "occupationStatus": "fiscal-built-area-unknown-current-vacancy-unverified",
        "currentConditionVerified": false,
        "availableForDevelopment": null,
        "geometryNative31983": {
          "type": "Polygon",
          "coordinates": [
            [
              [
                322909.84517815,
                7397244.37567759
              ],
              [
                322905.62217166,
                7397249.26568275
              ],
              [
                322895.51216102,
                7397240.61866941
              ],
              [
                322889.16615434,
                7397235.19066103
              ],
              [
                322871.07013529,
                7397219.71463714
              ],
              [
                322869.17113329,
                7397218.09063464
              ],
              [
                322868.1331322,
                7397217.20263326
              ],
              [
                322867.58613162,
                7397216.73563254
              ],
              [
                322869.12313398,
                7397214.96263067
              ],
              [
                322871.89313823,
                7397211.7676273
              ],
              [
                322872.88913927,
                7397212.62362862
              ],
              [
                322875.50714203,
                7397214.87263208
              ],
              [
                322883.77615073,
                7397221.97764304
              ],
              [
                322886.09615317,
                7397223.97064612
              ],
              [
                322889.2681565,
                7397226.69665032
              ],
              [
                322889.39515664,
                7397226.80565049
              ],
              [
                322892.25415964,
                7397229.26165428
              ],
              [
                322901.76016964,
                7397237.42966687
              ],
              [
                322909.84517815,
                7397244.37567759
              ]
            ]
          ]
        },
        "geometryNativeCrs": "EPSG:31983",
        "geometrySha256": "ab2db266bbd221a0896b905c4bbc67a320fd2966d722552b739d28bfa4299237",
        "contextCoverageComplete": true,
        "contextBuildingSourceId": "geosampa-edificacao",
        "contextBuildingSourceHistorical": true,
        "mappedBuildings": [
          {
            "id": "geosampa-edificacao-401534",
            "intersectionAreaM2": 29.1382,
            "footprintAreaM2": 29.1383,
            "heightM": 3.148,
            "heightSourceDate": "2014-01-03T02:00:00Z"
          },
          {
            "id": "geosampa-edificacao-401535",
            "intersectionAreaM2": 133.949,
            "footprintAreaM2": 133.9622,
            "heightM": 6.108,
            "heightSourceDate": "2014-01-03T02:00:00Z"
          }
        ],
        "mappedBuildingsCount": 2,
        "mappedBuildingIntersectionMinimumM2": 0.25
      }
    },
    {
      "type": "Feature",
      "id": "lote_cidadao.2397628",
      "geometry": {
        "type": "Polygon",
        "coordinates": [
          [
            [
              -46.73425922,
              -23.52591972
            ],
            [
              -46.73423518,
              -23.52589943
            ],
            [
              -46.73422885,
              -23.52588816
            ],
            [
              -46.73422615,
              -23.52587981
            ],
            [
              -46.73422619,
              -23.525865
            ],
            [
              -46.73422915,
              -23.52585182
            ],
            [
              -46.73423394,
              -23.5258405
            ],
            [
              -46.7342425,
              -23.52583029
            ],
            [
              -46.73433785,
              -23.52572956
            ],
            [
              -46.7343568,
              -23.5257449
            ],
            [
              -46.73439465,
              -23.52577554
            ],
            [
              -46.73427272,
              -23.52590534
            ],
            [
              -46.73425922,
              -23.52591972
            ]
          ]
        ]
      },
      "properties": {
        "parcelId": "lote_cidadao.2397628",
        "sql": "080.044.0040-1",
        "sector": "080",
        "block": "044",
        "lot": "0040",
        "checkDigit": "1",
        "address": "R FREDERICO WOLF S/N",
        "status": "ATIVO",
        "parcelType": "F",
        "use": "Terreno",
        "cadastralAreaM2": 184,
        "cadastralBuiltAreaM2": null,
        "measuredAreaM2": 156.2292,
        "sourceId": "geosampa-lote-cidadao",
        "sourceTimestamp": "2026-10-02T16:24:04.046Z",
        "sourceFetchedAt": "2026-10-02T16:24:04.105940+00:00",
        "boundaryStatus": "official-fiscal-cadastre-current-snapshot-not-survey-or-title",
        "surveyOrTitleVerified": false,
        "occupationStatus": "fiscal-built-area-unknown-current-vacancy-unverified",
        "currentConditionVerified": false,
        "availableForDevelopment": null,
        "geometryNative31983": {
          "type": "Polygon",
          "coordinates": [
            [
              [
                322947.92723923,
                7397189.32961714
              ],
              [
                322950.35424173,
                7397191.6056206
              ],
              [
                322950.98624223,
                7397192.86162234
              ],
              [
                322951.25024234,
                7397193.78962357
              ],
              [
                322951.22624191,
                7397195.42962564
              ],
              [
                322950.90624116,
                7397196.8856274
              ],
              [
                322950.40224023,
                7397198.13362886
              ],
              [
                322949.51423884,
                7397199.25363006
              ],
              [
                322939.64322379,
                7397210.29064164
              ],
              [
                322937.72922179,
                7397208.56863901
              ],
              [
                322933.90521781,
                7397205.12863375
              ],
              [
                322946.52923709,
                7397190.90461879
              ],
              [
                322947.92723923,
                7397189.32961714
              ]
            ]
          ]
        },
        "geometryNativeCrs": "EPSG:31983",
        "geometrySha256": "7afa4443cbf088d9b68018a7c9d889559485c41ea4109c31074e25ee0c589bd6",
        "contextCoverageComplete": true,
        "contextBuildingSourceId": "geosampa-edificacao",
        "contextBuildingSourceHistorical": true,
        "mappedBuildings": [
          {
            "id": "geosampa-edificacao-405918",
            "intersectionAreaM2": 98.1408,
            "footprintAreaM2": 98.1437,
            "heightM": 6.362,
            "heightSourceDate": "2014-01-03T02:00:00Z"
          }
        ],
        "mappedBuildingsCount": 1,
        "mappedBuildingIntersectionMinimumM2": 0.25
      }
    },
    {
      "type": "Feature",
      "id": "lote_cidadao.2469369",
      "geometry": {
        "type": "Polygon",
        "coordinates": [
          [
            [
              -46.73500996,
              -23.52592478
            ],
            [
              -46.73502106,
              -23.52591279
            ],
            [
              -46.73505249,
              -23.52587883
            ],
            [
              -46.73510711,
              -23.52591936
            ],
            [
              -46.73512526,
              -23.52593282
            ],
            [
              -46.7351405,
              -23.52594412
            ],
            [
              -46.73530597,
              -23.52606689
            ],
            [
              -46.73526375,
              -23.52611278
            ],
            [
              -46.73526228,
              -23.52611436
            ],
            [
              -46.73514587,
              -23.5260269
            ],
            [
              -46.73510954,
              -23.5259996
            ],
            [
              -46.73508302,
              -23.52597968
            ],
            [
              -46.73506377,
              -23.52596522
            ],
            [
              -46.73500996,
              -23.52592478
            ]
          ]
        ]
      },
      "properties": {
        "parcelId": "lote_cidadao.2469369",
        "sql": "080.044.0036-1",
        "sector": "080",
        "block": "044",
        "lot": "0036",
        "checkDigit": "1",
        "address": "AV IMP LEOPOLDINA 345",
        "status": "ATIVO",
        "parcelType": "F",
        "use": "Não residencial",
        "cadastralAreaM2": 175,
        "cadastralBuiltAreaM2": 350,
        "measuredAreaM2": 225.6672,
        "sourceId": "geosampa-lote-cidadao",
        "sourceTimestamp": "2026-10-02T16:24:04.046Z",
        "sourceFetchedAt": "2026-10-02T16:24:04.105940+00:00",
        "boundaryStatus": "official-fiscal-cadastre-current-snapshot-not-survey-or-title",
        "surveyOrTitleVerified": false,
        "occupationStatus": "built-area-declared-in-fiscal-cadastre-current-condition-unverified",
        "currentConditionVerified": false,
        "availableForDevelopment": null,
        "geometryNative31983": {
          "type": "Polygon",
          "coordinates": [
            [
              [
                322871.27414318,
                7397187.84259691
              ],
              [
                322870.12414142,
                7397189.1565983
              ],
              [
                322866.86913643,
                7397192.87760222
              ],
              [
                322861.34613058,
                7397188.32259515
              ],
              [
                322859.51112864,
                7397186.8095928
              ],
              [
                322857.970127,
                7397185.53859082
              ],
              [
                322841.23810927,
                7397171.73856938
              ],
              [
                322845.61011597,
                7397166.70956407
              ],
              [
                322845.7631162,
                7397166.53556389
              ],
              [
                322857.53212865,
                7397176.36557912
              ],
              [
                322861.20613253,
                7397179.43358388
              ],
              [
                322863.88713537,
                7397181.67258735
              ],
              [
                322865.83313743,
                7397183.29758987
              ],
              [
                322871.27414318,
                7397187.84259691
              ]
            ]
          ]
        },
        "geometryNativeCrs": "EPSG:31983",
        "geometrySha256": "b8dbdfb33eef2521da9754aab01f2bb690178a3510f7c0dfdc3392feb907a964",
        "contextCoverageComplete": true,
        "contextBuildingSourceId": "geosampa-edificacao",
        "contextBuildingSourceHistorical": true,
        "mappedBuildings": [
          {
            "id": "geosampa-edificacao-401089",
            "intersectionAreaM2": 47.8007,
            "footprintAreaM2": 47.8029,
            "heightM": 7.314,
            "heightSourceDate": "2014-01-03T02:00:00Z"
          },
          {
            "id": "geosampa-edificacao-401088",
            "intersectionAreaM2": 161.3005,
            "footprintAreaM2": 161.3139,
            "heightM": 7.369,
            "heightSourceDate": "2014-01-03T02:00:00Z"
          }
        ],
        "mappedBuildingsCount": 2,
        "mappedBuildingIntersectionMinimumM2": 0.25
      }
    },
    {
      "type": "Feature",
      "id": "lote_cidadao.2399263",
      "geometry": {
        "type": "Polygon",
        "coordinates": [
          [
            [
              -46.73495045,
              -23.52598905
            ],
            [
              -46.73500996,
              -23.52592478
            ],
            [
              -46.73506377,
              -23.52596522
            ],
            [
              -46.73508302,
              -23.52597968
            ],
            [
              -46.73510954,
              -23.5259996
            ],
            [
              -46.73514587,
              -23.5260269
            ],
            [
              -46.73526228,
              -23.52611436
            ],
            [
              -46.73522034,
              -23.5261593
            ],
            [
              -46.73519908,
              -23.52618208
            ],
            [
              -46.73519633,
              -23.52618503
            ],
            [
              -46.73495045,
              -23.52598905
            ]
          ]
        ]
      },
      "properties": {
        "parcelId": "lote_cidadao.2399263",
        "sql": "080.044.0037-1",
        "sector": "080",
        "block": "044",
        "lot": "0037",
        "checkDigit": "1",
        "address": "AV IMP LEOPOLDINA 359",
        "status": "ATIVO",
        "parcelType": "F",
        "use": "Não residencial",
        "cadastralAreaM2": 263,
        "cadastralBuiltAreaM2": 280,
        "measuredAreaM2": 326.8372,
        "sourceId": "geosampa-lote-cidadao",
        "sourceTimestamp": "2026-10-02T16:24:04.046Z",
        "sourceFetchedAt": "2026-10-02T16:24:04.105940+00:00",
        "boundaryStatus": "official-fiscal-cadastre-current-snapshot-not-survey-or-title",
        "surveyOrTitleVerified": false,
        "occupationStatus": "built-area-declared-in-fiscal-cadastre-current-condition-unverified",
        "currentConditionVerified": false,
        "availableForDevelopment": null,
        "geometryNative31983": {
          "type": "Polygon",
          "coordinates": [
            [
              [
                322877.43615262,
                7397180.79858949
              ],
              [
                322871.27414318,
                7397187.84259691
              ],
              [
                322865.83313743,
                7397183.29758987
              ],
              [
                322863.88713537,
                7397181.67258735
              ],
              [
                322861.20613253,
                7397179.43358388
              ],
              [
                322857.53212865,
                7397176.36557912
              ],
              [
                322845.7631162,
                7397166.53556389
              ],
              [
                322850.10512284,
                7397161.6115587
              ],
              [
                322852.30712621,
                7397159.11455608
              ],
              [
                322852.59212665,
                7397158.79155573
              ],
              [
                322877.43615262,
                7397180.79858949
              ]
            ]
          ]
        },
        "geometryNativeCrs": "EPSG:31983",
        "geometrySha256": "ed55fb2c01b1edc322ce255209d6ea94f057d8f0f4f4b2f30954013b488f8865",
        "contextCoverageComplete": true,
        "contextBuildingSourceId": "geosampa-edificacao",
        "contextBuildingSourceHistorical": true,
        "mappedBuildings": [
          {
            "id": "geosampa-edificacao-405669",
            "intersectionAreaM2": 280.4881,
            "footprintAreaM2": 280.5002,
            "heightM": 3.789,
            "heightSourceDate": "2014-01-03T02:00:00Z"
          }
        ],
        "mappedBuildingsCount": 1,
        "mappedBuildingIntersectionMinimumM2": 0.25
      }
    },
    {
      "type": "Feature",
      "id": "lote_cidadao.2479568",
      "geometry": {
        "type": "Polygon",
        "coordinates": [
          [
            [
              -46.73505249,
              -23.52587883
            ],
            [
              -46.73510745,
              -23.52581947
            ],
            [
              -46.73516618,
              -23.52586514
            ],
            [
              -46.73519298,
              -23.52588552
            ],
            [
              -46.73520163,
              -23.5258921
            ],
            [
              -46.73520259,
              -23.52589283
            ],
            [
              -46.7352329,
              -23.52591587
            ],
            [
              -46.73532533,
              -23.52598616
            ],
            [
              -46.73535764,
              -23.52601073
            ],
            [
              -46.73530597,
              -23.52606689
            ],
            [
              -46.7351405,
              -23.52594412
            ],
            [
              -46.73512526,
              -23.52593282
            ],
            [
              -46.73510711,
              -23.52591936
            ],
            [
              -46.73505249,
              -23.52587883
            ]
          ]
        ]
      },
      "properties": {
        "parcelId": "lote_cidadao.2479568",
        "sql": "080.044.0035-3",
        "sector": "080",
        "block": "044",
        "lot": "0035",
        "checkDigit": "3",
        "address": "AV IMP LEOPOLDINA 337",
        "status": "ATIVO",
        "parcelType": "F",
        "use": "Não residencial",
        "cadastralAreaM2": 200,
        "cadastralBuiltAreaM2": 195,
        "measuredAreaM2": 277.7858,
        "sourceId": "geosampa-lote-cidadao",
        "sourceTimestamp": "2026-10-02T16:24:04.046Z",
        "sourceFetchedAt": "2026-10-02T16:24:04.105940+00:00",
        "boundaryStatus": "official-fiscal-cadastre-current-snapshot-not-survey-or-title",
        "surveyOrTitleVerified": false,
        "occupationStatus": "built-area-declared-in-fiscal-cadastre-current-condition-unverified",
        "currentConditionVerified": false,
        "availableForDevelopment": null,
        "geometryNative31983": {
          "type": "Polygon",
          "coordinates": [
            [
              [
                322866.86913643,
                7397192.87760222
              ],
              [
                322861.17812772,
                7397199.38360908
              ],
              [
                322855.24212148,
                7397194.25360118
              ],
              [
                322852.53311862,
                7397191.96359764
              ],
              [
                322851.6581177,
                7397191.2245965
              ],
              [
                322851.5611176,
                7397191.14259637
              ],
              [
                322848.49711437,
                7397188.55359236
              ],
              [
                322839.15310451,
                7397180.65558014
              ],
              [
                322835.88610106,
                7397177.89457588
              ],
              [
                322841.23810927,
                7397171.73856938
              ],
              [
                322857.970127,
                7397185.53859082
              ],
              [
                322859.51112864,
                7397186.8095928
              ],
              [
                322861.34613058,
                7397188.32259515
              ],
              [
                322866.86913643,
                7397192.87760222
              ]
            ]
          ]
        },
        "geometryNativeCrs": "EPSG:31983",
        "geometrySha256": "db31ef877da49e89cfe7d05a7a13b2a65dc9bd38540faa403a06a0784e63781f",
        "contextCoverageComplete": true,
        "contextBuildingSourceId": "geosampa-edificacao",
        "contextBuildingSourceHistorical": true,
        "mappedBuildings": [
          {
            "id": "geosampa-edificacao-405658",
            "intersectionAreaM2": 108.2248,
            "footprintAreaM2": 108.2248,
            "heightM": 7.352,
            "heightSourceDate": "2014-01-03T02:00:00Z"
          },
          {
            "id": "geosampa-edificacao-405659",
            "intersectionAreaM2": 97.6229,
            "footprintAreaM2": 97.6309,
            "heightM": 7.711,
            "heightSourceDate": "2014-01-03T02:00:00Z"
          }
        ],
        "mappedBuildingsCount": 2,
        "mappedBuildingIntersectionMinimumM2": 0.25
      }
    },
    {
      "type": "Feature",
      "id": "lote_cidadao.2441345",
      "geometry": {
        "type": "Polygon",
        "coordinates": [
          [
            [
              -46.73449976,
              -23.52629736
            ],
            [
              -46.73447815,
              -23.52632029
            ],
            [
              -46.73447694,
              -23.52632159
            ],
            [
              -46.73439628,
              -23.52640723
            ],
            [
              -46.73437153,
              -23.52638727
            ],
            [
              -46.73432998,
              -23.52635379
            ],
            [
              -46.73427966,
              -23.52631321
            ],
            [
              -46.73426603,
              -23.52630222
            ],
            [
              -46.73436463,
              -23.52619417
            ],
            [
              -46.7344296,
              -23.52624378
            ],
            [
              -46.73449976,
              -23.52629736
            ]
          ]
        ]
      },
      "properties": {
        "parcelId": "lote_cidadao.2441345",
        "sql": "080.047.0277-5",
        "sector": "080",
        "block": "047",
        "lot": "0277",
        "checkDigit": "5",
        "address": "R MERGENTHALER 183",
        "status": "ATIVO",
        "parcelType": "F",
        "use": "Residencial",
        "cadastralAreaM2": 293,
        "cadastralBuiltAreaM2": 250,
        "measuredAreaM2": 282.4643,
        "sourceId": "geosampa-lote-cidadao",
        "sourceTimestamp": "2026-10-02T16:24:04.046Z",
        "sourceFetchedAt": "2026-10-02T16:24:04.105940+00:00",
        "boundaryStatus": "official-fiscal-cadastre-current-snapshot-not-survey-or-title",
        "surveyOrTitleVerified": false,
        "occupationStatus": "built-area-declared-in-fiscal-cadastre-current-condition-unverified",
        "currentConditionVerified": false,
        "availableForDevelopment": null,
        "geometryNative31983": {
          "type": "Polygon",
          "coordinates": [
            [
              [
                322923.87021906,
                7397147.21155816
              ],
              [
                322926.10722247,
                7397144.69855552
              ],
              [
                322926.23322267,
                7397144.55655538
              ],
              [
                322934.58423542,
                7397135.17254552
              ],
              [
                322937.08423802,
                7397137.41254894
              ],
              [
                322941.2822424,
                7397141.1725547
              ],
              [
                322946.3662477,
                7397145.72756167
              ],
              [
                322947.74324914,
                7397146.96156356
              ],
              [
                322937.53023346,
                7397158.80557608
              ],
              [
                322930.96322654,
                7397153.23156747
              ],
              [
                322923.87021906,
                7397147.21155816
              ]
            ]
          ]
        },
        "geometryNativeCrs": "EPSG:31983",
        "geometrySha256": "ecd30d5b2b855daf71c87feb69cf7dc18104f2e21662700510442364af977590",
        "contextCoverageComplete": true,
        "contextBuildingSourceId": "geosampa-edificacao",
        "contextBuildingSourceHistorical": true,
        "mappedBuildings": [
          {
            "id": "geosampa-edificacao-400598",
            "intersectionAreaM2": 55.7257,
            "footprintAreaM2": 55.7268,
            "heightM": 4.842,
            "heightSourceDate": "2014-01-03T02:00:00Z"
          },
          {
            "id": "geosampa-edificacao-400602",
            "intersectionAreaM2": 115.2506,
            "footprintAreaM2": 115.2562,
            "heightM": 4.915,
            "heightSourceDate": "2014-01-03T02:00:00Z"
          }
        ],
        "mappedBuildingsCount": 2,
        "mappedBuildingIntersectionMinimumM2": 0.25
      }
    },
    {
      "type": "Feature",
      "id": "lote_cidadao.2467868",
      "geometry": {
        "type": "Polygon",
        "coordinates": [
          [
            [
              -46.73456512,
              -23.5263479
            ],
            [
              -46.73454501,
              -23.52636918
            ],
            [
              -46.73449676,
              -23.52642025
            ],
            [
              -46.73447583,
              -23.5264422
            ],
            [
              -46.73446018,
              -23.52645874
            ],
            [
              -46.73441965,
              -23.52642607
            ],
            [
              -46.73440054,
              -23.52641066
            ],
            [
              -46.73439628,
              -23.52640723
            ],
            [
              -46.73447694,
              -23.52632159
            ],
            [
              -46.73447815,
              -23.52632029
            ],
            [
              -46.73449976,
              -23.52629736
            ],
            [
              -46.73456512,
              -23.5263479
            ]
          ]
        ]
      },
      "properties": {
        "parcelId": "lote_cidadao.2467868",
        "sql": "080.047.0103-5",
        "sector": "080",
        "block": "047",
        "lot": "0103",
        "checkDigit": "5",
        "address": "R MERGENTHALER 199",
        "status": "ATIVO",
        "parcelType": "F",
        "use": "Residencial",
        "cadastralAreaM2": 128,
        "cadastralBuiltAreaM2": 104,
        "measuredAreaM2": 140.8754,
        "sourceId": "geosampa-lote-cidadao",
        "sourceTimestamp": "2026-10-02T16:24:04.046Z",
        "sourceFetchedAt": "2026-10-02T16:24:04.105940+00:00",
        "boundaryStatus": "official-fiscal-cadastre-current-snapshot-not-survey-or-title",
        "surveyOrTitleVerified": false,
        "occupationStatus": "built-area-declared-in-fiscal-cadastre-current-condition-unverified",
        "currentConditionVerified": false,
        "availableForDevelopment": null,
        "geometryNative31983": {
          "type": "Polygon",
          "coordinates": [
            [
              [
                322917.26421211,
                7397141.53454941
              ],
              [
                322919.34621529,
                7397139.20254696
              ],
              [
                322924.34122291,
                7397133.60654109
              ],
              [
                322926.50822621,
                7397131.20153857
              ],
              [
                322928.12822868,
                7397129.38853666
              ],
              [
                322932.22323295,
                7397133.05654228
              ],
              [
                322934.15323497,
                7397134.78654492
              ],
              [
                322934.58423542,
                7397135.17254552
              ],
              [
                322926.23322267,
                7397144.55655538
              ],
              [
                322926.10722247,
                7397144.69855552
              ],
              [
                322923.87021906,
                7397147.21155816
              ],
              [
                322917.26421211,
                7397141.53454941
              ]
            ]
          ]
        },
        "geometryNativeCrs": "EPSG:31983",
        "geometrySha256": "84983fd2a4bcfa2adaabe72280038034b8e58050421a7d557ead70bf6dc5a1fe",
        "contextCoverageComplete": true,
        "contextBuildingSourceId": "geosampa-edificacao",
        "contextBuildingSourceHistorical": true,
        "mappedBuildings": [
          {
            "id": "geosampa-edificacao-400599",
            "intersectionAreaM2": 111.7863,
            "footprintAreaM2": 111.7905,
            "heightM": 3.014,
            "heightSourceDate": "2014-01-03T02:00:00Z"
          }
        ],
        "mappedBuildingsCount": 1,
        "mappedBuildingIntersectionMinimumM2": 0.25
      }
    },
    {
      "type": "Feature",
      "id": "lote_cidadao.2428879",
      "geometry": {
        "type": "Polygon",
        "coordinates": [
          [
            [
              -46.73462241,
              -23.52639103
            ],
            [
              -46.73460116,
              -23.52641577
            ],
            [
              -46.73453631,
              -23.5264863
            ],
            [
              -46.73449928,
              -23.5264593
            ],
            [
              -46.73447583,
              -23.5264422
            ],
            [
              -46.73449676,
              -23.52642025
            ],
            [
              -46.73454501,
              -23.52636918
            ],
            [
              -46.73456512,
              -23.5263479
            ],
            [
              -46.73462241,
              -23.52639103
            ]
          ]
        ]
      },
      "properties": {
        "parcelId": "lote_cidadao.2428879",
        "sql": "080.047.0102-7",
        "sector": "080",
        "block": "047",
        "lot": "0102",
        "checkDigit": "7",
        "address": "R MERGENTHALER 207",
        "status": "ATIVO",
        "parcelType": "F",
        "use": "Não residencial",
        "cadastralAreaM2": 104,
        "cadastralBuiltAreaM2": 148,
        "measuredAreaM2": 106.9166,
        "sourceId": "geosampa-lote-cidadao",
        "sourceTimestamp": "2026-10-02T16:24:04.046Z",
        "sourceFetchedAt": "2026-10-02T16:24:04.105940+00:00",
        "boundaryStatus": "official-fiscal-cadastre-current-snapshot-not-survey-or-title",
        "surveyOrTitleVerified": false,
        "occupationStatus": "built-area-declared-in-fiscal-cadastre-current-condition-unverified",
        "currentConditionVerified": false,
        "availableForDevelopment": null,
        "geometryNative31983": {
          "type": "Polygon",
          "coordinates": [
            [
              [
                322911.47120599,
                7397136.6875419
              ],
              [
                322913.67420941,
                7397133.973539
              ],
              [
                322920.39121971,
                7397126.24253084
              ],
              [
                322924.13622369,
                7397129.27853557
              ],
              [
                322926.50822621,
                7397131.20153857
              ],
              [
                322924.34122291,
                7397133.60654109
              ],
              [
                322919.34621529,
                7397139.20254696
              ],
              [
                322917.26421211,
                7397141.53454941
              ],
              [
                322911.47120599,
                7397136.6875419
              ]
            ]
          ]
        },
        "geometryNativeCrs": "EPSG:31983",
        "geometrySha256": "9f589bd890190fa36301dc2a9389bd037a8489187d832921130ae3962bba9e49",
        "contextCoverageComplete": true,
        "contextBuildingSourceId": "geosampa-edificacao",
        "contextBuildingSourceHistorical": true,
        "mappedBuildings": [
          {
            "id": "geosampa-edificacao-398042",
            "intersectionAreaM2": 97.1741,
            "footprintAreaM2": 97.1741,
            "heightM": 2.883,
            "heightSourceDate": "2014-01-03T02:00:00Z"
          }
        ],
        "mappedBuildingsCount": 1,
        "mappedBuildingIntersectionMinimumM2": 0.25
      }
    },
    {
      "type": "Feature",
      "id": "lote_cidadao.2468099",
      "geometry": {
        "type": "Polygon",
        "coordinates": [
          [
            [
              -46.73516618,
              -23.52586514
            ],
            [
              -46.73521829,
              -23.52580945
            ],
            [
              -46.7352335,
              -23.52582116
            ],
            [
              -46.73526326,
              -23.52584408
            ],
            [
              -46.73529734,
              -23.52587033
            ],
            [
              -46.73540824,
              -23.52595574
            ],
            [
              -46.73535764,
              -23.52601073
            ],
            [
              -46.73532533,
              -23.52598616
            ],
            [
              -46.7352329,
              -23.52591587
            ],
            [
              -46.73520259,
              -23.52589283
            ],
            [
              -46.73520163,
              -23.5258921
            ],
            [
              -46.73519298,
              -23.52588552
            ],
            [
              -46.73516618,
              -23.52586514
            ]
          ]
        ]
      },
      "properties": {
        "parcelId": "lote_cidadao.2468099",
        "sql": "080.044.0034-5",
        "sector": "080",
        "block": "044",
        "lot": "0034",
        "checkDigit": "5",
        "address": "AV IMP LEOPOLDINA 331",
        "status": "ATIVO",
        "parcelType": "F",
        "use": "Residencial",
        "cadastralAreaM2": 200,
        "cadastralBuiltAreaM2": 120,
        "measuredAreaM2": 204.1242,
        "sourceId": "geosampa-lote-cidadao",
        "sourceTimestamp": "2026-10-02T16:24:04.046Z",
        "sourceFetchedAt": "2026-10-02T16:24:04.105940+00:00",
        "boundaryStatus": "official-fiscal-cadastre-current-snapshot-not-survey-or-title",
        "surveyOrTitleVerified": false,
        "occupationStatus": "built-area-declared-in-fiscal-cadastre-current-condition-unverified",
        "currentConditionVerified": false,
        "availableForDevelopment": null,
        "geometryNative31983": {
          "type": "Polygon",
          "coordinates": [
            [
              [
                322855.24212148,
                7397194.25360118
              ],
              [
                322849.84611323,
                7397200.3566076
              ],
              [
                322848.30911162,
                7397199.04160557
              ],
              [
                322845.30110845,
                7397196.4666016
              ],
              [
                322841.85610482,
                7397193.51759705
              ],
              [
                322830.64609303,
                7397183.92158223
              ],
              [
                322835.88610106,
                7397177.89457588
              ],
              [
                322839.15310451,
                7397180.65558014
              ],
              [
                322848.49711437,
                7397188.55359236
              ],
              [
                322851.5611176,
                7397191.14259637
              ],
              [
                322851.6581177,
                7397191.2245965
              ],
              [
                322852.53311862,
                7397191.96359764
              ],
              [
                322855.24212148,
                7397194.25360118
              ]
            ]
          ]
        },
        "geometryNativeCrs": "EPSG:31983",
        "geometrySha256": "dd24d4ca8d72cb20b938d985e9eb7fb4ed759cceab1f98ecd0eb0a9b5b8a26a9",
        "contextCoverageComplete": true,
        "contextBuildingSourceId": "geosampa-edificacao",
        "contextBuildingSourceHistorical": true,
        "mappedBuildings": [
          {
            "id": "geosampa-edificacao-402085",
            "intersectionAreaM2": 123.8847,
            "footprintAreaM2": 123.8873,
            "heightM": 6.983,
            "heightSourceDate": "2014-01-03T02:00:00Z"
          }
        ],
        "mappedBuildingsCount": 1,
        "mappedBuildingIntersectionMinimumM2": 0.25
      }
    },
    {
      "type": "Feature",
      "id": "lote_cidadao.2478697",
      "geometry": {
        "type": "Polygon",
        "coordinates": [
          [
            [
              -46.73416894,
              -23.52533453
            ],
            [
              -46.73420566,
              -23.52529483
            ],
            [
              -46.73436865,
              -23.52542452
            ],
            [
              -46.73439687,
              -23.52544698
            ],
            [
              -46.73439483,
              -23.52544926
            ],
            [
              -46.73436059,
              -23.5254852
            ],
            [
              -46.73432904,
              -23.52546039
            ],
            [
              -46.73419818,
              -23.52535751
            ],
            [
              -46.73416894,
              -23.52533453
            ]
          ]
        ]
      },
      "properties": {
        "parcelId": "lote_cidadao.2478697",
        "sql": "080.045.0081-1",
        "sector": "080",
        "block": "045",
        "lot": "0081",
        "checkDigit": "1",
        "address": "R FREDERICO WOLF 323",
        "status": "ATIVO",
        "parcelType": "F",
        "use": "Residencial",
        "cadastralAreaM2": 304,
        "cadastralBuiltAreaM2": 186,
        "measuredAreaM2": 146.871,
        "sourceId": "geosampa-lote-cidadao",
        "sourceTimestamp": "2026-10-02T16:24:04.046Z",
        "sourceFetchedAt": "2026-10-02T16:24:04.105940+00:00",
        "boundaryStatus": "official-fiscal-cadastre-current-snapshot-not-survey-or-title",
        "surveyOrTitleVerified": false,
        "occupationStatus": "built-area-declared-in-fiscal-cadastre-current-condition-unverified",
        "currentConditionVerified": false,
        "availableForDevelopment": null,
        "geometryNative31983": {
          "type": "Polygon",
          "coordinates": [
            [
              [
                322956.36223429,
                7397254.24570119
              ],
              [
                322952.55922846,
                7397258.59670578
              ],
              [
                322936.09021124,
                7397244.03368344
              ],
              [
                322933.23820825,
                7397241.51167956
              ],
              [
                322933.45020858,
                7397241.2616793
              ],
              [
                322936.99421398,
                7397237.32367517
              ],
              [
                322940.18221732,
                7397240.10967945
              ],
              [
                322953.40723119,
                7397251.66469722
              ],
              [
                322956.36223429,
                7397254.24570119
              ]
            ]
          ]
        },
        "geometryNativeCrs": "EPSG:31983",
        "geometrySha256": "009c27c1ace37c867253f8f18addff1578377f5c66dad07d4839012031c06739",
        "contextCoverageComplete": true,
        "contextBuildingSourceId": "geosampa-edificacao",
        "contextBuildingSourceHistorical": true,
        "mappedBuildings": [
          {
            "id": "geosampa-edificacao-402068",
            "intersectionAreaM2": 146.867,
            "footprintAreaM2": 146.8723,
            "heightM": 3.463,
            "heightSourceDate": "2014-01-03T02:00:00Z"
          }
        ],
        "mappedBuildingsCount": 1,
        "mappedBuildingIntersectionMinimumM2": 0.25
      }
    },
    {
      "type": "Feature",
      "id": "lote_cidadao.2431615",
      "geometry": {
        "type": "Polygon",
        "coordinates": [
          [
            [
              -46.73446018,
              -23.52645874
            ],
            [
              -46.73441487,
              -23.52650692
            ],
            [
              -46.73424737,
              -23.52637397
            ],
            [
              -46.73422023,
              -23.52635242
            ],
            [
              -46.73424697,
              -23.52632311
            ],
            [
              -46.73426603,
              -23.52630222
            ],
            [
              -46.73427966,
              -23.52631321
            ],
            [
              -46.73432998,
              -23.52635379
            ],
            [
              -46.73437153,
              -23.52638727
            ],
            [
              -46.73439628,
              -23.52640723
            ],
            [
              -46.73440054,
              -23.52641066
            ],
            [
              -46.73441965,
              -23.52642607
            ],
            [
              -46.73446018,
              -23.52645874
            ]
          ]
        ]
      },
      "properties": {
        "parcelId": "lote_cidadao.2431615",
        "sql": "080.047.0072-1",
        "sector": "080",
        "block": "047",
        "lot": "0072",
        "checkDigit": "1",
        "address": "R CEL DOMINGOS RAMOS 28",
        "status": "ATIVO",
        "parcelType": "F",
        "use": "Não residencial",
        "cadastralAreaM2": 182,
        "cadastralBuiltAreaM2": 182,
        "measuredAreaM2": 188.2581,
        "sourceId": "geosampa-lote-cidadao",
        "sourceTimestamp": "2026-10-02T16:24:04.046Z",
        "sourceFetchedAt": "2026-10-02T16:24:04.105940+00:00",
        "boundaryStatus": "official-fiscal-cadastre-current-snapshot-not-survey-or-title",
        "surveyOrTitleVerified": false,
        "occupationStatus": "built-area-declared-in-fiscal-cadastre-current-condition-unverified",
        "currentConditionVerified": false,
        "availableForDevelopment": null,
        "geometryNative31983": {
          "type": "Polygon",
          "coordinates": [
            [
              [
                322928.12822868,
                7397129.38853666
              ],
              [
                322932.81923584,
                7397124.10953111
              ],
              [
                322949.74525356,
                7397139.03955403
              ],
              [
                322952.48725642,
                7397141.45955774
              ],
              [
                322949.71725217,
                7397144.67156114
              ],
              [
                322947.74324914,
                7397146.96156356
              ],
              [
                322946.3662477,
                7397145.72756167
              ],
              [
                322941.2822424,
                7397141.1725547
              ],
              [
                322937.08423802,
                7397137.41254894
              ],
              [
                322934.58423542,
                7397135.17254552
              ],
              [
                322934.15323497,
                7397134.78654492
              ],
              [
                322932.22323295,
                7397133.05654228
              ],
              [
                322928.12822868,
                7397129.38853666
              ]
            ]
          ]
        },
        "geometryNativeCrs": "EPSG:31983",
        "geometrySha256": "77090739acffb400bdb9eb16f1ceead92d992a582cbd731bc7cb547ff5af48f9",
        "contextCoverageComplete": true,
        "contextBuildingSourceId": "geosampa-edificacao",
        "contextBuildingSourceHistorical": true,
        "mappedBuildings": [
          {
            "id": "geosampa-edificacao-402016",
            "intersectionAreaM2": 147.9253,
            "footprintAreaM2": 147.9321,
            "heightM": 3.246,
            "heightSourceDate": "2014-01-03T02:00:00Z"
          }
        ],
        "mappedBuildingsCount": 1,
        "mappedBuildingIntersectionMinimumM2": 0.25
      }
    },
    {
      "type": "Feature",
      "id": "lote_cidadao.2462283",
      "geometry": {
        "type": "Polygon",
        "coordinates": [
          [
            [
              -46.73413754,
              -23.52536875
            ],
            [
              -46.73416894,
              -23.52533453
            ],
            [
              -46.73419818,
              -23.52535751
            ],
            [
              -46.73432904,
              -23.52546039
            ],
            [
              -46.73436059,
              -23.5254852
            ],
            [
              -46.73432945,
              -23.52551788
            ],
            [
              -46.73425696,
              -23.52546155
            ],
            [
              -46.73413754,
              -23.52536875
            ]
          ]
        ]
      },
      "properties": {
        "parcelId": "lote_cidadao.2462283",
        "sql": "080.045.0075-7",
        "sector": "080",
        "block": "045",
        "lot": "0075",
        "checkDigit": "7",
        "address": "R FREDERICO WOLF 329",
        "status": "ATIVO",
        "parcelType": "F",
        "use": "Residencial",
        "cadastralAreaM2": 130,
        "cadastralBuiltAreaM2": 88,
        "measuredAreaM2": 125.5768,
        "sourceId": "geosampa-lote-cidadao",
        "sourceTimestamp": "2026-10-02T16:24:04.046Z",
        "sourceFetchedAt": "2026-10-02T16:24:04.105940+00:00",
        "boundaryStatus": "official-fiscal-cadastre-current-snapshot-not-survey-or-title",
        "surveyOrTitleVerified": false,
        "occupationStatus": "built-area-declared-in-fiscal-cadastre-current-condition-unverified",
        "currentConditionVerified": false,
        "availableForDevelopment": null,
        "geometryNative31983": {
          "type": "Polygon",
          "coordinates": [
            [
              [
                322959.61423928,
                7397250.49469723
              ],
              [
                322956.36223429,
                7397254.24570119
              ],
              [
                322953.40723119,
                7397251.66469722
              ],
              [
                322940.18221732,
                7397240.10967945
              ],
              [
                322936.99421398,
                7397237.32367517
              ],
              [
                322940.21721889,
                7397233.74267142
              ],
              [
                322947.54422659,
                7397240.07068117
              ],
              [
                322959.61423928,
                7397250.49469723
              ]
            ]
          ]
        },
        "geometryNativeCrs": "EPSG:31983",
        "geometrySha256": "b4424a208afa1a6a1b0be39aea503a493213565cfc44bdfd7f5b046f3e86035d",
        "contextCoverageComplete": true,
        "contextBuildingSourceId": "geosampa-edificacao",
        "contextBuildingSourceHistorical": true,
        "mappedBuildings": [
          {
            "id": "geosampa-edificacao-403204",
            "intersectionAreaM2": 105.6135,
            "footprintAreaM2": 229.6718,
            "heightM": 3.367,
            "heightSourceDate": "2014-01-03T02:00:00Z"
          }
        ],
        "mappedBuildingsCount": 1,
        "mappedBuildingIntersectionMinimumM2": 0.25
      }
    },
    {
      "type": "Feature",
      "id": "lote_cidadao.2432703",
      "geometry": {
        "type": "Polygon",
        "coordinates": [
          [
            [
              -46.73521829,
              -23.52580945
            ],
            [
              -46.73526677,
              -23.52575766
            ],
            [
              -46.73531231,
              -23.52579245
            ],
            [
              -46.73531416,
              -23.52579386
            ],
            [
              -46.73534654,
              -23.52581859
            ],
            [
              -46.73545687,
              -23.52590288
            ],
            [
              -46.73543524,
              -23.52592639
            ],
            [
              -46.73540824,
              -23.52595574
            ],
            [
              -46.73529734,
              -23.52587033
            ],
            [
              -46.73526326,
              -23.52584408
            ],
            [
              -46.7352335,
              -23.52582116
            ],
            [
              -46.73521829,
              -23.52580945
            ]
          ]
        ]
      },
      "properties": {
        "parcelId": "lote_cidadao.2432703",
        "sql": "080.044.0033-7",
        "sector": "080",
        "block": "044",
        "lot": "0033",
        "checkDigit": "7",
        "address": "AV IMP LEOPOLDINA 323",
        "status": "ATIVO",
        "parcelType": "F",
        "use": "Não residencial",
        "cadastralAreaM2": 200,
        "cadastralBuiltAreaM2": 295,
        "measuredAreaM2": 192.4927,
        "sourceId": "geosampa-lote-cidadao",
        "sourceTimestamp": "2026-10-02T16:24:04.046Z",
        "sourceFetchedAt": "2026-10-02T16:24:04.105940+00:00",
        "boundaryStatus": "official-fiscal-cadastre-current-snapshot-not-survey-or-title",
        "surveyOrTitleVerified": false,
        "occupationStatus": "built-area-declared-in-fiscal-cadastre-current-condition-unverified",
        "currentConditionVerified": false,
        "availableForDevelopment": null,
        "geometryNative31983": {
          "type": "Polygon",
          "coordinates": [
            [
              [
                322849.84611323,
                7397200.3566076
              ],
              [
                322844.82710556,
                7397206.03261357
              ],
              [
                322840.22310071,
                7397202.12360753
              ],
              [
                322840.03610051,
                7397201.96460728
              ],
              [
                322836.76309706,
                7397199.18560299
              ],
              [
                322825.6090853,
                7397189.71558835
              ],
              [
                322827.85008874,
                7397187.13858563
              ],
              [
                322830.64609303,
                7397183.92158223
              ],
              [
                322841.85610482,
                7397193.51759705
              ],
              [
                322845.30110845,
                7397196.4666016
              ],
              [
                322848.30911162,
                7397199.04160557
              ],
              [
                322849.84611323,
                7397200.3566076
              ]
            ]
          ]
        },
        "geometryNativeCrs": "EPSG:31983",
        "geometrySha256": "fc937733e7934296d324c548f811079fc3b89de29f9a771d8050eabfc36a2d88",
        "contextCoverageComplete": true,
        "contextBuildingSourceId": "geosampa-edificacao",
        "contextBuildingSourceHistorical": true,
        "mappedBuildings": [
          {
            "id": "geosampa-edificacao-404067",
            "intersectionAreaM2": 45.6077,
            "footprintAreaM2": 45.609,
            "heightM": 6.156,
            "heightSourceDate": "2014-01-03T02:00:00Z"
          }
        ],
        "mappedBuildingsCount": 1,
        "mappedBuildingIntersectionMinimumM2": 0.25
      }
    },
    {
      "type": "Feature",
      "id": "lote_cidadao.2473754",
      "geometry": {
        "type": "Polygon",
        "coordinates": [
          [
            [
              -46.73410275,
              -23.52540666
            ],
            [
              -46.73410895,
              -23.5253999
            ],
            [
              -46.73413754,
              -23.52536875
            ],
            [
              -46.73425696,
              -23.52546155
            ],
            [
              -46.73432945,
              -23.52551788
            ],
            [
              -46.73429391,
              -23.5255552
            ],
            [
              -46.73422225,
              -23.52549953
            ],
            [
              -46.734222,
              -23.52549932
            ],
            [
              -46.73410275,
              -23.52540666
            ]
          ]
        ]
      },
      "properties": {
        "parcelId": "lote_cidadao.2473754",
        "sql": "080.045.0074-9",
        "sector": "080",
        "block": "045",
        "lot": "0074",
        "checkDigit": "9",
        "address": "R FREDERICO WOLF 337",
        "status": "ATIVO",
        "parcelType": "F",
        "use": "Residencial",
        "cadastralAreaM2": 130,
        "cadastralBuiltAreaM2": 94,
        "measuredAreaM2": 140.6893,
        "sourceId": "geosampa-lote-cidadao",
        "sourceTimestamp": "2026-10-02T16:24:04.046Z",
        "sourceFetchedAt": "2026-10-02T16:24:04.105940+00:00",
        "boundaryStatus": "official-fiscal-cadastre-current-snapshot-not-survey-or-title",
        "surveyOrTitleVerified": false,
        "occupationStatus": "built-area-declared-in-fiscal-cadastre-current-condition-unverified",
        "currentConditionVerified": false,
        "availableForDevelopment": null,
        "geometryNative31983": {
          "type": "Polygon",
          "coordinates": [
            [
              [
                322963.21824481,
                7397246.33969284
              ],
              [
                322962.57524382,
                7397247.08069362
              ],
              [
                322959.61423928,
                7397250.49469723
              ],
              [
                322947.54422659,
                7397240.07068117
              ],
              [
                322940.21721889,
                7397233.74267142
              ],
              [
                322943.8972245,
                7397229.65366713
              ],
              [
                322951.13923211,
                7397235.90767677
              ],
              [
                322951.16523214,
                7397235.9306768
              ],
              [
                322963.21824481,
                7397246.33969284
              ]
            ]
          ]
        },
        "geometryNativeCrs": "EPSG:31983",
        "geometrySha256": "81542cf156a9efc9d7b4f12d09d5d3b2112a9f6c5529b7fd8ebb9754c569289a",
        "contextCoverageComplete": true,
        "contextBuildingSourceId": "geosampa-edificacao",
        "contextBuildingSourceHistorical": true,
        "mappedBuildings": [
          {
            "id": "geosampa-edificacao-403204",
            "intersectionAreaM2": 124.0554,
            "footprintAreaM2": 229.6718,
            "heightM": 3.367,
            "heightSourceDate": "2014-01-03T02:00:00Z"
          }
        ],
        "mappedBuildingsCount": 1,
        "mappedBuildingIntersectionMinimumM2": 0.25
      }
    },
    {
      "type": "Feature",
      "id": "lote_cidadao.2408678",
      "geometry": {
        "type": "Polygon",
        "coordinates": [
          [
            [
              -46.73406655,
              -23.5254461
            ],
            [
              -46.73408489,
              -23.52542611
            ],
            [
              -46.7340971,
              -23.52541281
            ],
            [
              -46.73409874,
              -23.52541102
            ],
            [
              -46.73410275,
              -23.52540666
            ],
            [
              -46.734222,
              -23.52549932
            ],
            [
              -46.73422225,
              -23.52549953
            ],
            [
              -46.73429391,
              -23.5255552
            ],
            [
              -46.73426603,
              -23.52558445
            ],
            [
              -46.73425535,
              -23.52559566
            ],
            [
              -46.73421453,
              -23.52556332
            ],
            [
              -46.73419466,
              -23.52554758
            ],
            [
              -46.73410445,
              -23.52547613
            ],
            [
              -46.73410032,
              -23.52547285
            ],
            [
              -46.73409447,
              -23.52546823
            ],
            [
              -46.73409041,
              -23.525465
            ],
            [
              -46.73406655,
              -23.5254461
            ]
          ]
        ]
      },
      "properties": {
        "parcelId": "lote_cidadao.2408678",
        "sql": "080.045.0073-0",
        "sector": "080",
        "block": "045",
        "lot": "0073",
        "checkDigit": "0",
        "address": "R FREDERICO WOLF 341",
        "status": "ATIVO",
        "parcelType": "F",
        "use": "Residencial",
        "cadastralAreaM2": 140,
        "cadastralBuiltAreaM2": 119,
        "measuredAreaM2": 148.8454,
        "sourceId": "geosampa-lote-cidadao",
        "sourceTimestamp": "2026-10-02T16:24:04.046Z",
        "sourceFetchedAt": "2026-10-02T16:24:04.105940+00:00",
        "boundaryStatus": "official-fiscal-cadastre-current-snapshot-not-survey-or-title",
        "surveyOrTitleVerified": false,
        "occupationStatus": "built-area-declared-in-fiscal-cadastre-current-condition-unverified",
        "currentConditionVerified": false,
        "availableForDevelopment": null,
        "geometryNative31983": {
          "type": "Polygon",
          "coordinates": [
            [
              [
                322966.96725056,
                7397242.01668827
              ],
              [
                322965.06724764,
                7397244.20769059
              ],
              [
                322963.8032457,
                7397245.66569213
              ],
              [
                322963.63324544,
                7397245.86169233
              ],
              [
                322963.21824481,
                7397246.33969284
              ],
              [
                322951.16523214,
                7397235.9306768
              ],
              [
                322951.13923211,
                7397235.90767677
              ],
              [
                322943.8972245,
                7397229.65366713
              ],
              [
                322946.7832289,
                7397226.44866377
              ],
              [
                322947.88823058,
                7397225.22066248
              ],
              [
                322952.0132349,
                7397228.85266806
              ],
              [
                322954.021237,
                7397230.62067077
              ],
              [
                322963.13724655,
                7397238.64368309
              ],
              [
                322963.55424698,
                7397239.01268366
              ],
              [
                322964.1452476,
                7397239.53168446
              ],
              [
                322964.55624803,
                7397239.89368501
              ],
              [
                322966.96725056,
                7397242.01668827
              ]
            ]
          ]
        },
        "geometryNativeCrs": "EPSG:31983",
        "geometrySha256": "af8bc83b57cddcdaff7def95448203fb99d78a8949c0cce82d6919bf21d3ffc6",
        "contextCoverageComplete": true,
        "contextBuildingSourceId": "geosampa-edificacao",
        "contextBuildingSourceHistorical": true,
        "mappedBuildings": [
          {
            "id": "geosampa-edificacao-402075",
            "intersectionAreaM2": 134.6608,
            "footprintAreaM2": 259.2938,
            "heightM": 3.636,
            "heightSourceDate": "2014-01-03T02:00:00Z"
          }
        ],
        "mappedBuildingsCount": 1,
        "mappedBuildingIntersectionMinimumM2": 0.25
      }
    },
    {
      "type": "Feature",
      "id": "lote_cidadao.2476763",
      "geometry": {
        "type": "Polygon",
        "coordinates": [
          [
            [
              -46.73419026,
              -23.52606027
            ],
            [
              -46.73414515,
              -23.52610934
            ],
            [
              -46.73407857,
              -23.52618176
            ],
            [
              -46.73405829,
              -23.52620382
            ],
            [
              -46.73404393,
              -23.52621943
            ],
            [
              -46.73404112,
              -23.52622248
            ],
            [
              -46.73404009,
              -23.52622361
            ],
            [
              -46.7340222,
              -23.52620932
            ],
            [
              -46.73398921,
              -23.526183
            ],
            [
              -46.73411569,
              -23.52604323
            ],
            [
              -46.73413776,
              -23.52601884
            ],
            [
              -46.73419026,
              -23.52606027
            ]
          ]
        ]
      },
      "properties": {
        "parcelId": "lote_cidadao.2476763",
        "sql": "080.047.0047-0",
        "sector": "080",
        "block": "047",
        "lot": "0047",
        "checkDigit": "0",
        "address": "R MERGENTHALER 155",
        "status": "ATIVO",
        "parcelType": "F",
        "use": "Não residencial",
        "cadastralAreaM2": 168,
        "cadastralBuiltAreaM2": 166,
        "measuredAreaM2": 165.0277,
        "sourceId": "geosampa-lote-cidadao",
        "sourceTimestamp": "2026-10-02T16:24:04.046Z",
        "sourceFetchedAt": "2026-10-02T16:24:04.105940+00:00",
        "boundaryStatus": "official-fiscal-cadastre-current-snapshot-not-survey-or-title",
        "surveyOrTitleVerified": false,
        "occupationStatus": "built-area-declared-in-fiscal-cadastre-current-condition-unverified",
        "currentConditionVerified": false,
        "availableForDevelopment": null,
        "geometryNative31983": {
          "type": "Polygon",
          "coordinates": [
            [
              [
                322955.15625202,
                7397173.84959931
              ],
              [
                322959.82825919,
                7397168.47059363
              ],
              [
                322966.72426976,
                7397160.53358525
              ],
              [
                322968.82427298,
                7397158.1155827
              ],
              [
                322970.31127526,
                7397156.40458089
              ],
              [
                322970.60227571,
                7397156.06958054
              ],
              [
                322970.70927587,
                7397155.94658041
              ],
              [
                322972.51727776,
                7397157.55058287
              ],
              [
                322975.85028124,
                7397160.5065874
              ],
              [
                322962.7482611,
                7397175.82860363
              ],
              [
                322960.46225758,
                7397178.50260646
              ],
              [
                322955.15625202,
                7397173.84959931
              ]
            ]
          ]
        },
        "geometryNativeCrs": "EPSG:31983",
        "geometrySha256": "a709e3fe76da76cbd63d7fa856598502d54e3302ff15645322483d83acdef1cb",
        "contextCoverageComplete": true,
        "contextBuildingSourceId": "geosampa-edificacao",
        "contextBuildingSourceHistorical": true,
        "mappedBuildings": [
          {
            "id": "geosampa-edificacao-400604",
            "intersectionAreaM2": 105.7764,
            "footprintAreaM2": 105.7781,
            "heightM": 6.147,
            "heightSourceDate": "2014-01-03T02:00:00Z"
          }
        ],
        "mappedBuildingsCount": 1,
        "mappedBuildingIntersectionMinimumM2": 0.25
      }
    },
    {
      "type": "Feature",
      "id": "lote_cidadao.2427590",
      "geometry": {
        "type": "Polygon",
        "coordinates": [
          [
            [
              -46.73482967,
              -23.52519526
            ],
            [
              -46.73488149,
              -23.52513858
            ],
            [
              -46.73508375,
              -23.52529044
            ],
            [
              -46.73511463,
              -23.52531364
            ],
            [
              -46.73516343,
              -23.52535029
            ],
            [
              -46.73510978,
              -23.52540859
            ],
            [
              -46.73508666,
              -23.52539098
            ],
            [
              -46.73506159,
              -23.52537189
            ],
            [
              -46.73486122,
              -23.52521929
            ],
            [
              -46.73482967,
              -23.52519526
            ]
          ]
        ]
      },
      "properties": {
        "parcelId": "lote_cidadao.2427590",
        "sql": "080.044.0010-8",
        "sector": "080",
        "block": "044",
        "lot": "0010",
        "checkDigit": "8",
        "address": "R FREDERICO WOLF 268",
        "status": "ATIVO",
        "parcelType": "F",
        "use": "Não residencial",
        "cadastralAreaM2": 296,
        "cadastralBuiltAreaM2": 480,
        "measuredAreaM2": 309.4851,
        "sourceId": "geosampa-lote-cidadao",
        "sourceTimestamp": "2026-10-02T16:24:04.046Z",
        "sourceFetchedAt": "2026-10-02T16:24:04.105940+00:00",
        "boundaryStatus": "official-fiscal-cadastre-current-snapshot-not-survey-or-title",
        "surveyOrTitleVerified": false,
        "occupationStatus": "built-area-declared-in-fiscal-cadastre-current-condition-unverified",
        "currentConditionVerified": false,
        "availableForDevelopment": null,
        "geometryNative31983": {
          "type": "Polygon",
          "coordinates": [
            [
              [
                322888.7071457,
                7397268.85270346
              ],
              [
                322883.34013746,
                7397275.06571002
              ],
              [
                322862.89011583,
                7397257.99868356
              ],
              [
                322859.76711253,
                7397255.39167952
              ],
              [
                322854.83310731,
                7397251.27267313
              ],
              [
                322860.39011583,
                7397244.88266639
              ],
              [
                322862.72711829,
                7397246.86166945
              ],
              [
                322865.26112097,
                7397249.00667277
              ],
              [
                322885.51714233,
                7397266.15269928
              ],
              [
                322888.7071457,
                7397268.85270346
              ]
            ]
          ]
        },
        "geometryNativeCrs": "EPSG:31983",
        "geometrySha256": "e5cc2987af3357a32cb8ae9b9fe85df191aa70e72b26a2bd84a9965480c1aaff",
        "contextCoverageComplete": true,
        "contextBuildingSourceId": "geosampa-edificacao",
        "contextBuildingSourceHistorical": true,
        "mappedBuildings": [
          {
            "id": "geosampa-edificacao-400290",
            "intersectionAreaM2": 54.0879,
            "footprintAreaM2": 185.7015,
            "heightM": 2.985,
            "heightSourceDate": "2014-01-03T02:00:00Z"
          },
          {
            "id": "geosampa-edificacao-403225",
            "intersectionAreaM2": 169.1681,
            "footprintAreaM2": 169.1747,
            "heightM": 8.253,
            "heightSourceDate": "2014-01-03T02:00:00Z"
          }
        ],
        "mappedBuildingsCount": 2,
        "mappedBuildingIntersectionMinimumM2": 0.25
      }
    },
    {
      "type": "Feature",
      "id": "lote_cidadao.2473004",
      "geometry": {
        "type": "Polygon",
        "coordinates": [
          [
            [
              -46.73396068,
              -23.52556144
            ],
            [
              -46.73397061,
              -23.52555061
            ],
            [
              -46.73399642,
              -23.52552251
            ],
            [
              -46.73400081,
              -23.52552592
            ],
            [
              -46.73402186,
              -23.5255423
            ],
            [
              -46.73403388,
              -23.52555164
            ],
            [
              -46.73403773,
              -23.52555463
            ],
            [
              -46.73404241,
              -23.52555827
            ],
            [
              -46.73404934,
              -23.52556366
            ],
            [
              -46.73410145,
              -23.52560419
            ],
            [
              -46.73416157,
              -23.52565095
            ],
            [
              -46.73418189,
              -23.52566675
            ],
            [
              -46.73418458,
              -23.52566884
            ],
            [
              -46.73416963,
              -23.52568405
            ],
            [
              -46.73416752,
              -23.52568621
            ],
            [
              -46.73414721,
              -23.52570545
            ],
            [
              -46.73412258,
              -23.52568643
            ],
            [
              -46.73412011,
              -23.52568453
            ],
            [
              -46.73411576,
              -23.52568118
            ],
            [
              -46.73399765,
              -23.52558998
            ],
            [
              -46.73396068,
              -23.52556144
            ]
          ]
        ]
      },
      "properties": {
        "parcelId": "lote_cidadao.2473004",
        "sql": "080.045.0093-5",
        "sector": "080",
        "block": "045",
        "lot": "0093",
        "checkDigit": "5",
        "address": "R FREDERICO WOLF 359",
        "status": "ATIVO",
        "parcelType": "F",
        "use": "Residencial",
        "cadastralAreaM2": 141,
        "cadastralBuiltAreaM2": 119,
        "measuredAreaM2": 140.1938,
        "sourceId": "geosampa-lote-cidadao",
        "sourceTimestamp": "2026-10-02T16:24:04.046Z",
        "sourceFetchedAt": "2026-10-02T16:24:04.105940+00:00",
        "boundaryStatus": "official-fiscal-cadastre-current-snapshot-not-survey-or-title",
        "surveyOrTitleVerified": false,
        "occupationStatus": "built-area-declared-in-fiscal-cadastre-current-condition-unverified",
        "currentConditionVerified": false,
        "availableForDevelopment": null,
        "geometryNative31983": {
          "type": "Polygon",
          "coordinates": [
            [
              [
                322977.93226737,
                7397229.37367492
              ],
              [
                322976.90326579,
                7397230.56067617
              ],
              [
                322974.2302617,
                7397233.64167943
              ],
              [
                322973.78626123,
                7397233.25767883
              ],
              [
                322971.65925899,
                7397231.418676
              ],
              [
                322970.44425772,
                7397230.36867439
              ],
              [
                322970.05525731,
                7397230.03267387
              ],
              [
                322969.58225681,
                7397229.62467324
              ],
              [
                322968.88125607,
                7397229.0186723
              ],
              [
                322963.61525054,
                7397224.46666529
              ],
              [
                322957.53824416,
                7397219.2136572
              ],
              [
                322955.484242,
                7397217.43865447
              ],
              [
                322955.21324171,
                7397217.20465411
              ],
              [
                322956.75924406,
                7397215.53765237
              ],
              [
                322956.97824439,
                7397215.30165212
              ],
              [
                322959.07724753,
                7397213.19564997
              ],
              [
                322961.56725015,
                7397215.33265326
              ],
              [
                322961.81725042,
                7397215.54665359
              ],
              [
                322962.25625088,
                7397215.92265417
              ],
              [
                322974.19526344,
                7397226.16766997
              ],
              [
                322977.93226737,
                7397229.37367492
              ]
            ]
          ]
        },
        "geometryNativeCrs": "EPSG:31983",
        "geometrySha256": "f5cf330834be6e60920645cee3987a8c8e94f074e331b1cd4a619d0db8d4fb44",
        "contextCoverageComplete": true,
        "contextBuildingSourceId": "geosampa-edificacao",
        "contextBuildingSourceHistorical": true,
        "mappedBuildings": [
          {
            "id": "geosampa-edificacao-403200",
            "intersectionAreaM2": 77.0753,
            "footprintAreaM2": 77.0757,
            "heightM": 5.664,
            "heightSourceDate": "2014-01-03T02:00:00Z"
          },
          {
            "id": "geosampa-edificacao-403201",
            "intersectionAreaM2": 27.997,
            "footprintAreaM2": 27.9986,
            "heightM": 5.493,
            "heightSourceDate": "2014-01-03T02:00:00Z"
          }
        ],
        "mappedBuildingsCount": 2,
        "mappedBuildingIntersectionMinimumM2": 0.25
      }
    },
    {
      "type": "Feature",
      "id": "lote_cidadao.2445270",
      "geometry": {
        "type": "Polygon",
        "coordinates": [
          [
            [
              -46.73403175,
              -23.52548401
            ],
            [
              -46.73406655,
              -23.5254461
            ],
            [
              -46.73409041,
              -23.525465
            ],
            [
              -46.73409447,
              -23.52546823
            ],
            [
              -46.73410032,
              -23.52547285
            ],
            [
              -46.73410445,
              -23.52547613
            ],
            [
              -46.73419466,
              -23.52554758
            ],
            [
              -46.73421453,
              -23.52556332
            ],
            [
              -46.73425535,
              -23.52559566
            ],
            [
              -46.7342198,
              -23.52563297
            ],
            [
              -46.73417944,
              -23.52560099
            ],
            [
              -46.73415957,
              -23.52558525
            ],
            [
              -46.73406933,
              -23.52551378
            ],
            [
              -46.73406522,
              -23.52551051
            ],
            [
              -46.73405941,
              -23.52550592
            ],
            [
              -46.73405532,
              -23.52550269
            ],
            [
              -46.73403175,
              -23.52548401
            ]
          ]
        ]
      },
      "properties": {
        "parcelId": "lote_cidadao.2445270",
        "sql": "080.045.0072-2",
        "sector": "080",
        "block": "045",
        "lot": "0072",
        "checkDigit": "2",
        "address": "R FREDERICO WOLF 349",
        "status": "ATIVO",
        "parcelType": "F",
        "use": "Residencial",
        "cadastralAreaM2": 140,
        "cadastralBuiltAreaM2": 102,
        "measuredAreaM2": 139.5243,
        "sourceId": "geosampa-lote-cidadao",
        "sourceTimestamp": "2026-10-02T16:24:04.046Z",
        "sourceFetchedAt": "2026-10-02T16:24:04.105940+00:00",
        "boundaryStatus": "official-fiscal-cadastre-current-snapshot-not-survey-or-title",
        "surveyOrTitleVerified": false,
        "occupationStatus": "built-area-declared-in-fiscal-cadastre-current-condition-unverified",
        "currentConditionVerified": false,
        "availableForDevelopment": null,
        "geometryNative31983": {
          "type": "Polygon",
          "coordinates": [
            [
              [
                322970.57125608,
                7397237.86068388
              ],
              [
                322966.96725056,
                7397242.01668827
              ],
              [
                322964.55624803,
                7397239.89368501
              ],
              [
                322964.1452476,
                7397239.53168446
              ],
              [
                322963.55424698,
                7397239.01268366
              ],
              [
                322963.13724655,
                7397238.64368309
              ],
              [
                322954.021237,
                7397230.62067077
              ],
              [
                322952.0132349,
                7397228.85266806
              ],
              [
                322947.88823058,
                7397225.22066248
              ],
              [
                322951.56823619,
                7397221.1326582
              ],
              [
                322955.64724046,
                7397224.72466371
              ],
              [
                322957.65524256,
                7397226.49166643
              ],
              [
                322966.77325211,
                7397234.51767875
              ],
              [
                322967.18925254,
                7397234.88467931
              ],
              [
                322967.77625316,
                7397235.40068011
              ],
              [
                322968.18925359,
                7397235.76368066
              ],
              [
                322970.57125608,
                7397237.86068388
              ]
            ]
          ]
        },
        "geometryNativeCrs": "EPSG:31983",
        "geometrySha256": "2d01cd4e01b652deb07b7074a029e2b41407436399cc4c8421dd53a811c7c458",
        "contextCoverageComplete": true,
        "contextBuildingSourceId": "geosampa-edificacao",
        "contextBuildingSourceHistorical": true,
        "mappedBuildings": [
          {
            "id": "geosampa-edificacao-402075",
            "intersectionAreaM2": 124.6304,
            "footprintAreaM2": 259.2938,
            "heightM": 3.636,
            "heightSourceDate": "2014-01-03T02:00:00Z"
          }
        ],
        "mappedBuildingsCount": 1,
        "mappedBuildingIntersectionMinimumM2": 0.25
      }
    },
    {
      "type": "Feature",
      "id": "lote_cidadao.2430506",
      "geometry": {
        "type": "Polygon",
        "coordinates": [
          [
            [
              -46.73399642,
              -23.52552251
            ],
            [
              -46.73403175,
              -23.52548401
            ],
            [
              -46.73405532,
              -23.52550269
            ],
            [
              -46.73405941,
              -23.52550592
            ],
            [
              -46.73406522,
              -23.52551051
            ],
            [
              -46.73406933,
              -23.52551378
            ],
            [
              -46.73415957,
              -23.52558525
            ],
            [
              -46.73417944,
              -23.52560099
            ],
            [
              -46.7342198,
              -23.52563297
            ],
            [
              -46.73421007,
              -23.52564288
            ],
            [
              -46.73418458,
              -23.52566884
            ],
            [
              -46.73418189,
              -23.52566675
            ],
            [
              -46.73416157,
              -23.52565095
            ],
            [
              -46.73410145,
              -23.52560419
            ],
            [
              -46.73404934,
              -23.52556366
            ],
            [
              -46.73404241,
              -23.52555827
            ],
            [
              -46.73403773,
              -23.52555463
            ],
            [
              -46.73403388,
              -23.52555164
            ],
            [
              -46.73402186,
              -23.5255423
            ],
            [
              -46.73400081,
              -23.52552592
            ],
            [
              -46.73399642,
              -23.52552251
            ]
          ]
        ]
      },
      "properties": {
        "parcelId": "lote_cidadao.2430506",
        "sql": "080.045.0092-7",
        "sector": "080",
        "block": "045",
        "lot": "0092",
        "checkDigit": "7",
        "address": "R FREDERICO WOLF 351",
        "status": "ATIVO",
        "parcelType": "F",
        "use": "Residencial",
        "cadastralAreaM2": 141,
        "cadastralBuiltAreaM2": 152,
        "measuredAreaM2": 138.011,
        "sourceId": "geosampa-lote-cidadao",
        "sourceTimestamp": "2026-10-02T16:24:04.046Z",
        "sourceFetchedAt": "2026-10-02T16:24:04.105940+00:00",
        "boundaryStatus": "official-fiscal-cadastre-current-snapshot-not-survey-or-title",
        "surveyOrTitleVerified": false,
        "occupationStatus": "built-area-declared-in-fiscal-cadastre-current-condition-unverified",
        "currentConditionVerified": false,
        "availableForDevelopment": null,
        "geometryNative31983": {
          "type": "Polygon",
          "coordinates": [
            [
              [
                322974.2302617,
                7397233.64167943
              ],
              [
                322970.57125608,
                7397237.86068388
              ],
              [
                322968.18925359,
                7397235.76368066
              ],
              [
                322967.77625316,
                7397235.40068011
              ],
              [
                322967.18925254,
                7397234.88467931
              ],
              [
                322966.77325211,
                7397234.51767875
              ],
              [
                322957.65524256,
                7397226.49166643
              ],
              [
                322955.64724046,
                7397224.72466371
              ],
              [
                322951.56823619,
                7397221.1326582
              ],
              [
                322952.57523772,
                7397220.04765707
              ],
              [
                322955.21324171,
                7397217.20465411
              ],
              [
                322955.484242,
                7397217.43865447
              ],
              [
                322957.53824416,
                7397219.2136572
              ],
              [
                322963.61525054,
                7397224.46666529
              ],
              [
                322968.88125607,
                7397229.0186723
              ],
              [
                322969.58225681,
                7397229.62467324
              ],
              [
                322970.05525731,
                7397230.03267387
              ],
              [
                322970.44425772,
                7397230.36867439
              ],
              [
                322971.65925899,
                7397231.418676
              ],
              [
                322973.78626123,
                7397233.25767883
              ],
              [
                322974.2302617,
                7397233.64167943
              ]
            ]
          ]
        },
        "geometryNativeCrs": "EPSG:31983",
        "geometrySha256": "6433fd5fc274229ce81ac84351a8dfc0386ce8f474ab33fb00a770c4d90666af",
        "contextCoverageComplete": true,
        "contextBuildingSourceId": "geosampa-edificacao",
        "contextBuildingSourceHistorical": true,
        "mappedBuildings": [
          {
            "id": "geosampa-edificacao-403191",
            "intersectionAreaM2": 81.0286,
            "footprintAreaM2": 81.0325,
            "heightM": 5.349,
            "heightSourceDate": "2014-01-03T02:00:00Z"
          },
          {
            "id": "geosampa-edificacao-403192",
            "intersectionAreaM2": 19.8315,
            "footprintAreaM2": 19.8329,
            "heightM": 2.9,
            "heightSourceDate": "2014-01-03T02:00:00Z"
          }
        ],
        "mappedBuildingsCount": 2,
        "mappedBuildingIntersectionMinimumM2": 0.25
      }
    },
    {
      "type": "Feature",
      "id": "lote_cidadao.2394429",
      "geometry": {
        "type": "Polygon",
        "coordinates": [
          [
            [
              -46.73420566,
              -23.52529483
            ],
            [
              -46.73423959,
              -23.52525816
            ],
            [
              -46.73424014,
              -23.52525756
            ],
            [
              -46.73424401,
              -23.52525337
            ],
            [
              -46.73427227,
              -23.52527536
            ],
            [
              -46.73443591,
              -23.5254035
            ],
            [
              -46.73439687,
              -23.52544698
            ],
            [
              -46.73436865,
              -23.52542452
            ],
            [
              -46.73420566,
              -23.52529483
            ]
          ]
        ]
      },
      "properties": {
        "parcelId": "lote_cidadao.2394429",
        "sql": "080.045.0041-2",
        "sector": "080",
        "block": "045",
        "lot": "0041",
        "checkDigit": "2",
        "address": "R FREDERICO WOLF 317",
        "status": "ATIVO",
        "parcelType": "F",
        "use": "Residencial",
        "cadastralAreaM2": 155,
        "cadastralBuiltAreaM2": 100,
        "measuredAreaM2": 158.2752,
        "sourceId": "geosampa-lote-cidadao",
        "sourceTimestamp": "2026-10-02T16:24:04.046Z",
        "sourceFetchedAt": "2026-10-02T16:24:04.105940+00:00",
        "boundaryStatus": "official-fiscal-cadastre-current-snapshot-not-survey-or-title",
        "surveyOrTitleVerified": false,
        "occupationStatus": "built-area-declared-in-fiscal-cadastre-current-condition-unverified",
        "currentConditionVerified": false,
        "availableForDevelopment": null,
        "geometryNative31983": {
          "type": "Polygon",
          "coordinates": [
            [
              [
                322952.55922846,
                7397258.59670578
              ],
              [
                322949.04622308,
                7397262.61571001
              ],
              [
                322948.989223,
                7397262.68171009
              ],
              [
                322948.58822238,
                7397263.14071057
              ],
              [
                322945.73221938,
                7397260.67070676
              ],
              [
                322929.19320203,
                7397246.27868462
              ],
              [
                322933.23820825,
                7397241.51167956
              ],
              [
                322936.09021124,
                7397244.03368344
              ],
              [
                322952.55922846,
                7397258.59670578
              ]
            ]
          ]
        },
        "geometryNativeCrs": "EPSG:31983",
        "geometrySha256": "9cf7bbefbcf1b955975a29406c1d88dabd67cc21326f0cbde56fbb06b3375e89",
        "contextCoverageComplete": true,
        "contextBuildingSourceId": "geosampa-edificacao",
        "contextBuildingSourceHistorical": true,
        "mappedBuildings": [
          {
            "id": "geosampa-edificacao-405927",
            "intersectionAreaM2": 106.1321,
            "footprintAreaM2": 106.136,
            "heightM": 2.818,
            "heightSourceDate": "2014-01-03T02:00:00Z"
          }
        ],
        "mappedBuildingsCount": 1,
        "mappedBuildingIntersectionMinimumM2": 0.25
      }
    },
    {
      "type": "Feature",
      "id": "lote_cidadao.2430192",
      "geometry": {
        "type": "Polygon",
        "coordinates": [
          [
            [
              -46.73412167,
              -23.5262887
            ],
            [
              -46.73410995,
              -23.52627936
            ],
            [
              -46.73410258,
              -23.52627347
            ],
            [
              -46.73409608,
              -23.52626828
            ],
            [
              -46.73406814,
              -23.52624599
            ],
            [
              -46.73404009,
              -23.52622361
            ],
            [
              -46.73404112,
              -23.52622248
            ],
            [
              -46.73404393,
              -23.52621943
            ],
            [
              -46.73405829,
              -23.52620382
            ],
            [
              -46.73407857,
              -23.52618176
            ],
            [
              -46.73414515,
              -23.52610934
            ],
            [
              -46.73419026,
              -23.52606027
            ],
            [
              -46.73427048,
              -23.52612356
            ],
            [
              -46.73412167,
              -23.5262887
            ]
          ]
        ]
      },
      "properties": {
        "parcelId": "lote_cidadao.2430192",
        "sql": "080.047.0048-9",
        "sector": "080",
        "block": "047",
        "lot": "0048",
        "checkDigit": "9",
        "address": "R MERGENTHALER 159",
        "status": "ATIVO",
        "parcelType": "F",
        "use": "Residencial",
        "cadastralAreaM2": 264,
        "cadastralBuiltAreaM2": 111,
        "measuredAreaM2": 258.7833,
        "sourceId": "geosampa-lote-cidadao",
        "sourceTimestamp": "2026-10-02T16:24:04.046Z",
        "sourceFetchedAt": "2026-10-02T16:24:04.105940+00:00",
        "boundaryStatus": "official-fiscal-cadastre-current-snapshot-not-survey-or-title",
        "surveyOrTitleVerified": false,
        "occupationStatus": "built-area-declared-in-fiscal-cadastre-current-condition-unverified",
        "currentConditionVerified": false,
        "availableForDevelopment": null,
        "geometryNative31983": {
          "type": "Polygon",
          "coordinates": [
            [
              [
                322962.46626725,
                7397148.6375692
              ],
              [
                322963.65026849,
                7397149.68657081
              ],
              [
                322964.39526927,
                7397150.34757182
              ],
              [
                322965.05226996,
                7397150.93057272
              ],
              [
                322967.87527291,
                7397153.43357655
              ],
              [
                322970.70927587,
                7397155.94658041
              ],
              [
                322970.60227571,
                7397156.06958054
              ],
              [
                322970.31127526,
                7397156.40458089
              ],
              [
                322968.82427298,
                7397158.1155827
              ],
              [
                322966.72426976,
                7397160.53358525
              ],
              [
                322959.82825919,
                7397168.47059363
              ],
              [
                322955.15625202,
                7397173.84959931
              ],
              [
                322947.05024353,
                7397166.74158839
              ],
              [
                322962.46626725,
                7397148.6375692
              ]
            ]
          ]
        },
        "geometryNativeCrs": "EPSG:31983",
        "geometrySha256": "886d8b4d0083d880b8b3cd3378f1e5455bd7f0f6d7a95b6fc28c5da4f000e1ff",
        "contextCoverageComplete": true,
        "contextBuildingSourceId": "geosampa-edificacao",
        "contextBuildingSourceHistorical": true,
        "mappedBuildings": [
          {
            "id": "geosampa-edificacao-401453",
            "intersectionAreaM2": 156.5744,
            "footprintAreaM2": 156.5787,
            "heightM": 3.63,
            "heightSourceDate": "2014-01-03T02:00:00Z"
          }
        ],
        "mappedBuildingsCount": 1,
        "mappedBuildingIntersectionMinimumM2": 0.25
      }
    },
    {
      "type": "Feature",
      "id": "lote_cidadao.2447784",
      "geometry": {
        "type": "Polygon",
        "coordinates": [
          [
            [
              -46.73429798,
              -23.52519503
            ],
            [
              -46.73430926,
              -23.52518282
            ],
            [
              -46.73431533,
              -23.52517626
            ],
            [
              -46.73433324,
              -23.52519017
            ],
            [
              -46.73434605,
              -23.52520013
            ],
            [
              -46.73436021,
              -23.52521113
            ],
            [
              -46.73444715,
              -23.5252787
            ],
            [
              -46.73446204,
              -23.52529028
            ],
            [
              -46.73450654,
              -23.52532486
            ],
            [
              -46.73447863,
              -23.52535595
            ],
            [
              -46.73447095,
              -23.52536448
            ],
            [
              -46.73447027,
              -23.52536525
            ],
            [
              -46.73443128,
              -23.52533473
            ],
            [
              -46.73433457,
              -23.525259
            ],
            [
              -46.73430841,
              -23.52523851
            ],
            [
              -46.73427903,
              -23.52521551
            ],
            [
              -46.73429798,
              -23.52519503
            ]
          ]
        ]
      },
      "properties": {
        "parcelId": "lote_cidadao.2447784",
        "sql": "080.045.0090-0",
        "sector": "080",
        "block": "045",
        "lot": "0090",
        "checkDigit": "0",
        "address": "R FREDERICO WOLF 307",
        "status": "ATIVO",
        "parcelType": "F",
        "use": "Residencial",
        "cadastralAreaM2": 138,
        "cadastralBuiltAreaM2": 154,
        "measuredAreaM2": 147.3429,
        "sourceId": "geosampa-lote-cidadao",
        "sourceTimestamp": "2026-10-02T16:24:04.046Z",
        "sourceFetchedAt": "2026-10-02T16:24:04.105940+00:00",
        "boundaryStatus": "official-fiscal-cadastre-current-snapshot-not-survey-or-title",
        "surveyOrTitleVerified": false,
        "occupationStatus": "built-area-declared-in-fiscal-cadastre-current-condition-unverified",
        "currentConditionVerified": false,
        "availableForDevelopment": null,
        "geometryNative31983": {
          "type": "Polygon",
          "coordinates": [
            [
              [
                322942.99921382,
                7397269.53471731
              ],
              [
                322941.83121203,
                7397270.87271872
              ],
              [
                322941.20221107,
                7397271.59171948
              ],
              [
                322939.39220917,
                7397270.02971707
              ],
              [
                322938.0972078,
                7397268.91071535
              ],
              [
                322936.6662063,
                7397267.67471345
              ],
              [
                322927.87919707,
                7397260.08470175
              ],
              [
                322926.37419549,
                7397258.78469975
              ],
              [
                322921.87619076,
                7397254.89969376
              ],
              [
                322924.76819521,
                7397251.49169015
              ],
              [
                322925.56319644,
                7397250.55568916
              ],
              [
                322925.63419655,
                7397250.47168907
              ],
              [
                322929.57420068,
                7397253.89969434
              ],
              [
                322939.34821094,
                7397262.40570743
              ],
              [
                322941.99221371,
                7397264.70671097
              ],
              [
                322944.96121683,
                7397267.28971494
              ],
              [
                322942.99921382,
                7397269.53471731
              ]
            ]
          ]
        },
        "geometryNativeCrs": "EPSG:31983",
        "geometrySha256": "12056fa5f1917e3360a628f54789eb18634fba32d880daba6d4b5ee22e5cd4b5",
        "contextCoverageComplete": true,
        "contextBuildingSourceId": "geosampa-edificacao",
        "contextBuildingSourceHistorical": true,
        "mappedBuildings": [
          {
            "id": "geosampa-edificacao-402073",
            "intersectionAreaM2": 86.8637,
            "footprintAreaM2": 141.4089,
            "heightM": 5.814,
            "heightSourceDate": "2014-01-03T02:00:00Z"
          }
        ],
        "mappedBuildingsCount": 1,
        "mappedBuildingIntersectionMinimumM2": 0.25
      }
    },
    {
      "type": "Feature",
      "id": "lote_cidadao.2393775",
      "geometry": {
        "type": "Polygon",
        "coordinates": [
          [
            [
              -46.73413776,
              -23.52601884
            ],
            [
              -46.73411569,
              -23.52604323
            ],
            [
              -46.73398921,
              -23.526183
            ],
            [
              -46.73393477,
              -23.52613955
            ],
            [
              -46.73393582,
              -23.52613841
            ],
            [
              -46.73396008,
              -23.52611208
            ],
            [
              -46.73397013,
              -23.52610117
            ],
            [
              -46.73403597,
              -23.5260297
            ],
            [
              -46.73406244,
              -23.52600097
            ],
            [
              -46.7340846,
              -23.5259769
            ],
            [
              -46.73413776,
              -23.52601884
            ]
          ]
        ]
      },
      "properties": {
        "parcelId": "lote_cidadao.2393775",
        "sql": "080.047.0046-2",
        "sector": "080",
        "block": "047",
        "lot": "0046",
        "checkDigit": "2",
        "address": "R MERGENTHALER 143",
        "status": "ATIVO",
        "parcelType": "F",
        "use": null,
        "cadastralAreaM2": 168,
        "cadastralBuiltAreaM2": 173,
        "measuredAreaM2": 171.4525,
        "sourceId": "geosampa-lote-cidadao",
        "sourceTimestamp": "2026-10-02T16:24:04.046Z",
        "sourceFetchedAt": "2026-10-02T16:24:04.105940+00:00",
        "boundaryStatus": "official-fiscal-cadastre-current-snapshot-not-survey-or-title",
        "surveyOrTitleVerified": false,
        "occupationStatus": "built-area-declared-in-fiscal-cadastre-current-condition-unverified",
        "currentConditionVerified": false,
        "availableForDevelopment": null,
        "geometryNative31983": {
          "type": "Polygon",
          "coordinates": [
            [
              [
                322960.46225758,
                7397178.50260646
              ],
              [
                322962.7482611,
                7397175.82860363
              ],
              [
                322975.85028124,
                7397160.5065874
              ],
              [
                322981.35128699,
                7397165.38459488
              ],
              [
                322981.24228683,
                7397165.50959501
              ],
              [
                322978.73028298,
                7397168.39559806
              ],
              [
                322977.68928138,
                7397169.59159932
              ],
              [
                322970.87027093,
                7397177.42560759
              ],
              [
                322968.12926673,
                7397180.57461091
              ],
              [
                322965.83426321,
                7397183.21261369
              ],
              [
                322960.46225758,
                7397178.50260646
              ]
            ]
          ]
        },
        "geometryNativeCrs": "EPSG:31983",
        "geometrySha256": "2ef736dead0b74ca376286dc7e6dc845adc907e429db419bcb6373ea6abac175",
        "contextCoverageComplete": true,
        "contextBuildingSourceId": "geosampa-edificacao",
        "contextBuildingSourceHistorical": true,
        "mappedBuildings": [
          {
            "id": "geosampa-edificacao-400605",
            "intersectionAreaM2": 121.3268,
            "footprintAreaM2": 121.3302,
            "heightM": 3.438,
            "heightSourceDate": "2014-01-03T02:00:00Z"
          }
        ],
        "mappedBuildingsCount": 1,
        "mappedBuildingIntersectionMinimumM2": 0.25
      }
    },
    {
      "type": "Feature",
      "id": "lote_cidadao.2447803",
      "geometry": {
        "type": "Polygon",
        "coordinates": [
          [
            [
              -46.73389229,
              -23.52563595
            ],
            [
              -46.73393407,
              -23.52559044
            ],
            [
              -46.73396068,
              -23.52556144
            ],
            [
              -46.73399765,
              -23.52558998
            ],
            [
              -46.73411576,
              -23.52568118
            ],
            [
              -46.73412011,
              -23.52568453
            ],
            [
              -46.73412258,
              -23.52568643
            ],
            [
              -46.73414721,
              -23.52570545
            ],
            [
              -46.73408325,
              -23.52576611
            ],
            [
              -46.73406066,
              -23.52576455
            ],
            [
              -46.7339868,
              -23.52571163
            ],
            [
              -46.73398274,
              -23.52570861
            ],
            [
              -46.73393727,
              -23.52567476
            ],
            [
              -46.73389229,
              -23.52563595
            ]
          ]
        ]
      },
      "properties": {
        "parcelId": "lote_cidadao.2447803",
        "sql": "080.045.0017-1",
        "sector": "080",
        "block": "045",
        "lot": "0017",
        "checkDigit": "1",
        "address": "R FREDERICO WOLF 365",
        "status": "ATIVO",
        "parcelType": "F",
        "use": "Residencial",
        "cadastralAreaM2": 282,
        "cadastralBuiltAreaM2": 169,
        "measuredAreaM2": 266.6271,
        "sourceId": "geosampa-lote-cidadao",
        "sourceTimestamp": "2026-10-02T16:24:04.046Z",
        "sourceFetchedAt": "2026-10-02T16:24:04.105940+00:00",
        "boundaryStatus": "official-fiscal-cadastre-current-snapshot-not-survey-or-title",
        "surveyOrTitleVerified": false,
        "occupationStatus": "built-area-declared-in-fiscal-cadastre-current-condition-unverified",
        "currentConditionVerified": false,
        "availableForDevelopment": null,
        "geometryNative31983": {
          "type": "Polygon",
          "coordinates": [
            [
              [
                322985.01527824,
                7397221.20666629
              ],
              [
                322980.6882716,
                7397226.19567156
              ],
              [
                322977.93226737,
                7397229.37367492
              ],
              [
                322974.19526344,
                7397226.16766997
              ],
              [
                322962.25625088,
                7397215.92265417
              ],
              [
                322961.81725042,
                7397215.54665359
              ],
              [
                322961.56725015,
                7397215.33265326
              ],
              [
                322959.07724753,
                7397213.19564997
              ],
              [
                322965.69025744,
                7397206.55764316
              ],
              [
                322967.99426029,
                7397206.75764396
              ],
              [
                322975.46626826,
                7397212.70965327
              ],
              [
                322975.8762687,
                7397213.0486538
              ],
              [
                322980.47427357,
                7397216.8536597
              ],
              [
                322985.01527824,
                7397221.20666629
              ]
            ]
          ]
        },
        "geometryNativeCrs": "EPSG:31983",
        "geometrySha256": "b2045d92fbfec647e7908a27d264aa58bfb5855b7e6d39ef3e7f8258d2d1c66f",
        "contextCoverageComplete": true,
        "contextBuildingSourceId": "geosampa-edificacao",
        "contextBuildingSourceHistorical": true,
        "mappedBuildings": [
          {
            "id": "geosampa-edificacao-402388",
            "intersectionAreaM2": 194.5781,
            "footprintAreaM2": 194.5812,
            "heightM": 5.789,
            "heightSourceDate": "2014-01-03T02:00:00Z"
          }
        ],
        "mappedBuildingsCount": 1,
        "mappedBuildingIntersectionMinimumM2": 0.25
      }
    },
    {
      "type": "Feature",
      "id": "lote_cidadao.2394882",
      "geometry": {
        "type": "Polygon",
        "coordinates": [
          [
            [
              -46.73424495,
              -23.52525236
            ],
            [
              -46.73425825,
              -23.52523797
            ],
            [
              -46.73425854,
              -23.52523766
            ],
            [
              -46.73427903,
              -23.52521551
            ],
            [
              -46.73430841,
              -23.52523851
            ],
            [
              -46.73433457,
              -23.525259
            ],
            [
              -46.73443128,
              -23.52533473
            ],
            [
              -46.73447027,
              -23.52536525
            ],
            [
              -46.73443591,
              -23.5254035
            ],
            [
              -46.73427227,
              -23.52527536
            ],
            [
              -46.73424401,
              -23.52525337
            ],
            [
              -46.73424495,
              -23.52525236
            ]
          ]
        ]
      },
      "properties": {
        "parcelId": "lote_cidadao.2394882",
        "sql": "080.045.0089-7",
        "sector": "080",
        "block": "045",
        "lot": "0089",
        "checkDigit": "7",
        "address": "R FREDERICO WOLF 315",
        "status": "ATIVO",
        "parcelType": "F",
        "use": "Residencial",
        "cadastralAreaM2": 140,
        "cadastralBuiltAreaM2": 114,
        "measuredAreaM2": 141.1362,
        "sourceId": "geosampa-lote-cidadao",
        "sourceTimestamp": "2026-10-02T16:24:04.046Z",
        "sourceFetchedAt": "2026-10-02T16:24:04.105940+00:00",
        "boundaryStatus": "official-fiscal-cadastre-current-snapshot-not-survey-or-title",
        "surveyOrTitleVerified": false,
        "occupationStatus": "built-area-declared-in-fiscal-cadastre-current-condition-unverified",
        "currentConditionVerified": false,
        "availableForDevelopment": null,
        "geometryNative31983": {
          "type": "Polygon",
          "coordinates": [
            [
              [
                322948.49122223,
                7397263.25171069
              ],
              [
                322947.11322012,
                7397264.82871235
              ],
              [
                322947.08322008,
                7397264.86271238
              ],
              [
                322944.96121683,
                7397267.28971494
              ],
              [
                322941.99221371,
                7397264.70671097
              ],
              [
                322939.34821094,
                7397262.40570743
              ],
              [
                322929.57420068,
                7397253.89969434
              ],
              [
                322925.63419655,
                7397250.47168907
              ],
              [
                322929.19320203,
                7397246.27868462
              ],
              [
                322945.73221938,
                7397260.67070676
              ],
              [
                322948.58822238,
                7397263.14071057
              ],
              [
                322948.49122223,
                7397263.25171069
              ]
            ]
          ]
        },
        "geometryNativeCrs": "EPSG:31983",
        "geometrySha256": "5ffb3862be0a383ea7f5041079569bfb773a661b7b1ad3c778645ac5629bddc8",
        "contextCoverageComplete": true,
        "contextBuildingSourceId": "geosampa-edificacao",
        "contextBuildingSourceHistorical": true,
        "mappedBuildings": [
          {
            "id": "geosampa-edificacao-402073",
            "intersectionAreaM2": 54.5436,
            "footprintAreaM2": 141.4089,
            "heightM": 5.814,
            "heightSourceDate": "2014-01-03T02:00:00Z"
          }
        ],
        "mappedBuildingsCount": 1,
        "mappedBuildingIntersectionMinimumM2": 0.25
      }
    },
    {
      "type": "Feature",
      "id": "lote_cidadao.2413302",
      "geometry": {
        "type": "Polygon",
        "coordinates": [
          [
            [
              -46.73526677,
              -23.52575766
            ],
            [
              -46.73531757,
              -23.52570341
            ],
            [
              -46.7353598,
              -23.52573533
            ],
            [
              -46.73537105,
              -23.52574383
            ],
            [
              -46.73539759,
              -23.52576389
            ],
            [
              -46.73542466,
              -23.52578436
            ],
            [
              -46.73544684,
              -23.52580113
            ],
            [
              -46.73547122,
              -23.52581956
            ],
            [
              -46.73550797,
              -23.52584734
            ],
            [
              -46.73545687,
              -23.52590288
            ],
            [
              -46.73534654,
              -23.52581859
            ],
            [
              -46.73531416,
              -23.52579386
            ],
            [
              -46.73531231,
              -23.52579245
            ],
            [
              -46.73526677,
              -23.52575766
            ]
          ]
        ]
      },
      "properties": {
        "parcelId": "lote_cidadao.2413302",
        "sql": "080.044.0032-9",
        "sector": "080",
        "block": "044",
        "lot": "0032",
        "checkDigit": "9",
        "address": "AV IMP LEOPOLDINA 315",
        "status": "ATIVO",
        "parcelType": "F",
        "use": "Residencial",
        "cadastralAreaM2": 200,
        "cadastralBuiltAreaM2": 169,
        "measuredAreaM2": 201.4311,
        "sourceId": "geosampa-lote-cidadao",
        "sourceTimestamp": "2026-10-02T16:24:04.046Z",
        "sourceFetchedAt": "2026-10-02T16:24:04.105940+00:00",
        "boundaryStatus": "official-fiscal-cadastre-current-snapshot-not-survey-or-title",
        "surveyOrTitleVerified": false,
        "occupationStatus": "built-area-declared-in-fiscal-cadastre-current-condition-unverified",
        "currentConditionVerified": false,
        "availableForDevelopment": null,
        "geometryNative31983": {
          "type": "Polygon",
          "coordinates": [
            [
              [
                322844.82710556,
                7397206.03261357
              ],
              [
                322839.56709752,
                7397211.97761982
              ],
              [
                322835.29709301,
                7397208.38961427
              ],
              [
                322834.16009181,
                7397207.43461279
              ],
              [
                322831.47708898,
                7397205.1806093
              ],
              [
                322828.74008609,
                7397202.88060574
              ],
              [
                322826.49708372,
                7397200.99560282
              ],
              [
                322824.03308111,
                7397198.92459961
              ],
              [
                322820.31707719,
                7397195.80259477
              ],
              [
                322825.6090853,
                7397189.71558835
              ],
              [
                322836.76309706,
                7397199.18560299
              ],
              [
                322840.03610051,
                7397201.96460728
              ],
              [
                322840.22310071,
                7397202.12360753
              ],
              [
                322844.82710556,
                7397206.03261357
              ]
            ]
          ]
        },
        "geometryNativeCrs": "EPSG:31983",
        "geometrySha256": "72700a739ba16374e52664d45de6aa8e2f45df4ae4397d71de39ee9b2641b270",
        "contextCoverageComplete": true,
        "contextBuildingSourceId": "geosampa-edificacao",
        "contextBuildingSourceHistorical": true,
        "mappedBuildings": [
          {
            "id": "geosampa-edificacao-402373",
            "intersectionAreaM2": 166.9626,
            "footprintAreaM2": 166.9675,
            "heightM": 6.316,
            "heightSourceDate": "2014-01-03T02:00:00Z"
          }
        ],
        "mappedBuildingsCount": 1,
        "mappedBuildingIntersectionMinimumM2": 0.25
      }
    },
    {
      "type": "Feature",
      "id": "lote_cidadao.2440290",
      "geometry": {
        "type": "Polygon",
        "coordinates": [
          [
            [
              -46.73434881,
              -23.52514007
            ],
            [
              -46.73435189,
              -23.52513674
            ],
            [
              -46.73454243,
              -23.5252849
            ],
            [
              -46.73450654,
              -23.52532486
            ],
            [
              -46.73446204,
              -23.52529028
            ],
            [
              -46.73444715,
              -23.5252787
            ],
            [
              -46.73436021,
              -23.52521113
            ],
            [
              -46.73434605,
              -23.52520013
            ],
            [
              -46.73433324,
              -23.52519017
            ],
            [
              -46.73431533,
              -23.52517626
            ],
            [
              -46.73434881,
              -23.52514007
            ]
          ]
        ]
      },
      "properties": {
        "parcelId": "lote_cidadao.2440290",
        "sql": "080.045.0051-1",
        "sector": "080",
        "block": "045",
        "lot": "0051",
        "checkDigit": "1",
        "address": "R FREDERICO WOLF 305",
        "status": "ATIVO",
        "parcelType": "F",
        "use": "Residencial",
        "cadastralAreaM2": 140,
        "cadastralBuiltAreaM2": 140,
        "measuredAreaM2": 146.5743,
        "sourceId": "geosampa-lote-cidadao",
        "sourceTimestamp": "2026-10-02T16:24:04.046Z",
        "sourceFetchedAt": "2026-10-02T16:24:04.105940+00:00",
        "boundaryStatus": "official-fiscal-cadastre-current-snapshot-not-survey-or-title",
        "surveyOrTitleVerified": false,
        "occupationStatus": "built-area-declared-in-fiscal-cadastre-current-condition-unverified",
        "currentConditionVerified": false,
        "availableForDevelopment": null,
        "geometryNative31983": {
          "type": "Polygon",
          "coordinates": [
            [
              [
                322937.73520576,
                7397275.55872366
              ],
              [
                322937.41620527,
                7397275.92372405
              ],
              [
                322918.15818503,
                7397259.28069841
              ],
              [
                322921.87619076,
                7397254.89969376
              ],
              [
                322926.37419549,
                7397258.78469975
              ],
              [
                322927.87919707,
                7397260.08470175
              ],
              [
                322936.6662063,
                7397267.67471345
              ],
              [
                322938.0972078,
                7397268.91071535
              ],
              [
                322939.39220917,
                7397270.02971707
              ],
              [
                322941.20221107,
                7397271.59171948
              ],
              [
                322937.73520576,
                7397275.55872366
              ]
            ]
          ]
        },
        "geometryNativeCrs": "EPSG:31983",
        "geometrySha256": "5f89f52019425967d94d8813f275e14a721af9ce4b780abdb4c6088c3a54feea",
        "contextCoverageComplete": true,
        "contextBuildingSourceId": "geosampa-edificacao",
        "contextBuildingSourceHistorical": true,
        "mappedBuildings": [],
        "mappedBuildingsCount": 0,
        "mappedBuildingIntersectionMinimumM2": 0.25
      }
    },
    {
      "type": "Feature",
      "id": "lote_cidadao.2428796",
      "geometry": {
        "type": "Polygon",
        "coordinates": [
          [
            [
              -46.73441487,
              -23.52650692
            ],
            [
              -46.73437303,
              -23.5265512
            ],
            [
              -46.73437211,
              -23.52655049
            ],
            [
              -46.73434651,
              -23.52653072
            ],
            [
              -46.73434608,
              -23.52653038
            ],
            [
              -46.7342485,
              -23.52645649
            ],
            [
              -46.7342465,
              -23.52645498
            ],
            [
              -46.73423882,
              -23.52644916
            ],
            [
              -46.73420872,
              -23.52642637
            ],
            [
              -46.73420552,
              -23.52642394
            ],
            [
              -46.73420427,
              -23.526423
            ],
            [
              -46.73420242,
              -23.5264216
            ],
            [
              -46.73417562,
              -23.52640131
            ],
            [
              -46.73422023,
              -23.52635242
            ],
            [
              -46.73424737,
              -23.52637397
            ],
            [
              -46.73441487,
              -23.52650692
            ]
          ]
        ]
      },
      "properties": {
        "parcelId": "lote_cidadao.2428796",
        "sql": "080.047.0064-0",
        "sector": "080",
        "block": "047",
        "lot": "0064",
        "checkDigit": "0",
        "address": "R CEL DOMINGOS RAMOS 36",
        "status": "ATIVO",
        "parcelType": "F",
        "use": "Residencial",
        "cadastralAreaM2": 186,
        "cadastralBuiltAreaM2": 76,
        "measuredAreaM2": 177.2748,
        "sourceId": "geosampa-lote-cidadao",
        "sourceTimestamp": "2026-10-02T16:24:04.046Z",
        "sourceFetchedAt": "2026-10-02T16:24:04.105940+00:00",
        "boundaryStatus": "official-fiscal-cadastre-current-snapshot-not-survey-or-title",
        "surveyOrTitleVerified": false,
        "occupationStatus": "built-area-declared-in-fiscal-cadastre-current-condition-unverified",
        "currentConditionVerified": false,
        "availableForDevelopment": null,
        "geometryNative31983": {
          "type": "Polygon",
          "coordinates": [
            [
              [
                322932.81923584,
                7397124.10953111
              ],
              [
                322937.15024245,
                7397119.25752602
              ],
              [
                322937.24324255,
                7397119.33752614
              ],
              [
                322939.83124527,
                7397121.55852957
              ],
              [
                322939.87524532,
                7397121.59652963
              ],
              [
                322949.74025574,
                7397129.89954248
              ],
              [
                322949.94225595,
                7397130.06954274
              ],
              [
                322950.71825677,
                7397130.72254375
              ],
              [
                322953.76125998,
                7397133.28354772
              ],
              [
                322954.08526033,
                7397133.55654814
              ],
              [
                322954.21126046,
                7397133.6625483
              ],
              [
                322954.39826066,
                7397133.81954855
              ],
              [
                322957.10826352,
                7397136.10055208
              ],
              [
                322952.48725642,
                7397141.45955774
              ],
              [
                322949.74525356,
                7397139.03955403
              ],
              [
                322932.81923584,
                7397124.10953111
              ]
            ]
          ]
        },
        "geometryNativeCrs": "EPSG:31983",
        "geometrySha256": "1b150f3000c9ee7d619a345a53d92dd71b4136e2f5b658024bfc975fd7ac7b51",
        "contextCoverageComplete": true,
        "contextBuildingSourceId": "geosampa-edificacao",
        "contextBuildingSourceHistorical": true,
        "mappedBuildings": [
          {
            "id": "geosampa-edificacao-400610",
            "intersectionAreaM2": 83.8472,
            "footprintAreaM2": 83.8473,
            "heightM": 2.86,
            "heightSourceDate": "2014-01-03T02:00:00Z"
          }
        ],
        "mappedBuildingsCount": 1,
        "mappedBuildingIntersectionMinimumM2": 0.25
      }
    }
  ],
  "selectionNote": "Caso inicial Av. Imperatriz Leopoldina 838: uma projeção histórica, sem interseção SIGAC/viária nas fontes consultadas. Não significa imóvel vazio, disponível ou livre de passivos."
}