{"type":"FeatureCollection","features":[{"type":"Feature","properties":{"categoria":"Ate 10","buffer":"30 meters","id":112623,"objectid":26343,"layerClass":"Ate 10"},"geometry":{"type":"Polygon","coordinates":[[[-48.59751479943538,-26.808994424009953],[-48.59749757337811,-26.808985775199087],[-48.5974810116595,-26.808976145015706],[-48.5974651842722,-26.808965552696762],[-48.597450170310836,-26.808954062754207],[-48.59743601928085,-26.80894171212534],[-48.59742280041364,-26.808928556130592],[-48.597410562833986,-26.808914649748964],[-48.59739937539262,-26.808900066342613],[-48.5973892674881,-26.808884842507375],[-48.5973802975372,-26.808869069476422],[-48.59737249455788,-26.808852801887287],[-48.59736588718747,-26.808836112419215],[-48.59736051430679,-26.80881906490126],[-48.59735639430958,-26.80880174086279],[-48.597353555833074,-26.808784212982957],[-48.59735198711114,-26.80876656227889],[-48.597351717161494,-26.808748843387946],[-48.59735273383753,-26.808731155368946],[-48.5973550456699,-26.808713570559476],[-48.597358621166556,-26.808696151593384],[-48.597363468667965,-26.808678979829068],[-48.5973695564919,-26.808662126921174],[-48.59737686281917,-26.808645673715947],[-48.59738534610469,-26.808629682676376],[-48.59739497485665,-26.808614216436222],[-48.597405717202875,-26.808599355670907],[-48.59741751149197,-26.808585162502037],[-48.597430326612916,-26.80857168152155],[-48.597443680932024,-26.80855933770782],[-48.59757879132057,-26.808442170779188],[-48.59757920105877,-26.80844181677212],[-48.59759386261749,-26.8084299553672],[-48.597606402199546,-26.80842095466827],[-48.59772381712914,-26.808341234949825],[-48.59772676530796,-26.808339254581057],[-48.5977430276603,-26.808329216133387],[-48.59775998362572,-26.80832014601439],[-48.597777561690705,-26.8083120971543],[-48.597783881717845,-26.80830950624645],[-48.59795960566006,-26.808239809373354],[-48.59797141503188,-26.808235389511193],[-48.59797235720798,-26.80823506258983],[-48.59805281964155,-26.80820701895845],[-48.59808220890983,-26.80819493825554],[-48.598105780536564,-26.808176884099794],[-48.59821488305019,-26.808092149820204],[-48.598325814198155,-26.80797791059349],[-48.59845069552977,-26.807849279965023],[-48.59845371676815,-26.807846217927146],[-48.59863011630965,-26.807669984013227],[-48.598631544121965,-26.80766856438809],[-48.598645307938256,-26.807655866433084],[-48.59865996928702,-26.807644004902244],[-48.598675466708556,-26.80763303289687],[-48.59869172888023,-26.807622994326856],[-48.59869385641977,-26.807621776082158],[-48.59900749870425,-26.8074446310406],[-48.59902232691111,-26.807436779003567],[-48.599035175316615,-26.807430770385402],[-48.59928190664811,-26.807321992986882],[-48.599528494214546,-26.807144124110533],[-48.59989074505767,-26.806872597208766],[-48.59991596290311,-26.806855617440164],[-48.600219912417266,-26.806672466482475],[-48.600232941305904,-26.80666504402254],[-48.60024637988247,-26.8066582241008],[-48.60026018736477,-26.806652033097876],[-48.60027433321372,-26.80664648854397],[-48.60028876716411,-26.80664158958654],[-48.600303468349956,-26.806637371968094],[-48.600318386696095,-26.806633825815233],[-48.60048626185484,-26.806598058501837],[-48.60053300040783,-26.806591604706355],[-48.600678513714094,-26.806581898615562],[-48.600725751659525,-26.806582293502334],[-48.600840388116424,-26.80659134822837],[-48.60119734935265,-26.806571789661945],[-48.60122069075103,-26.806571319042302],[-48.60149389619163,-26.80657534566126],[-48.601813557390955,-26.80654669766978],[-48.60182066911391,-26.806546141391795],[-48.601999139680146,-26.80653396941304],[-48.60202014193579,-26.80653330560936],[-48.60204114663123,-26.80653395936543],[-48.60206204318319,-26.806535928807293],[-48.602082741494264,-26.806539194359964],[-48.60210313117096,-26.806543745128696],[-48.602123122305635,-26.806549552517716],[-48.602142614557756,-26.806556605802747],[-48.60216151858907,-26.806564849325387],[-48.60217972419568,-26.80657426317015],[-48.60219716233515,-26.80658478299854],[-48.602213743289234,-26.806596371194043],[-48.602229377909104,-26.806608963077483],[-48.60224400701529,-26.806622503501618],[-48.602257541458705,-26.80663692778727],[-48.60226992243931,-26.80665216274543],[-48.602281101210075,-26.806668135357402],[-48.60229100910748,-26.806684763242835],[-48.60229959738429,-26.806701973383003],[-48.60230683777903,-26.80671967505803],[-48.602312681734176,-26.806737786228215],[-48.60231711104124,-26.80675621634394],[-48.60232009724873,-26.80677488370612],[-48.60232162233799,-26.806793688744136],[-48.60232168820666,-26.80681254124898],[-48.60232029656257,-26.80683136003244],[-48.602317439440135,-26.806850045694137],[-48.602313149086264,-26.806868499515044],[-48.60230742701905,-26.806886649327755],[-48.6023003257816,-26.806904387732946],[-48.602291846892136,-26.80692164256316],[-48.60228206243065,-26.806938333822433],[-48.602271004644464,-26.806954362791593],[-48.60225872512786,-26.806969667175736],[-48.60224529596115,-26.806984166978918],[-48.60223076892872,-26.806997790885333],[-48.60221521573145,-26.8070104769408],[-48.60219871812347,-26.80702216336155],[-48.60218135785904,-26.807032788363813],[-48.60216321650267,-26.807042299184747],[-48.60214437542913,-26.807050652082467],[-48.60212493592969,-26.807057812676753],[-48.60210498943243,-26.807063737396142],[-48.602084626795936,-26.807068409731947],[-48.60206395936483,-26.80707179547449],[-48.60204306794463,-26.807073877944816],[-48.60186997439728,-26.80708568986076],[-48.601536427307174,-26.80711558248769],[-48.601525680098206,-26.807116374922042],[-48.60150149298187,-26.80711688539579],[-48.60122245523265,-26.807112768878294],[-48.600854729153255,-26.807132920976315],[-48.60080989766398,-26.80713237741784],[-48.60069725858427,-26.807123482846578],[-48.600601695893964,-26.807129866805735],[-48.60051090876173,-26.80714920909222],[-48.60026539554663,-26.80729714695174],[-48.60010650483367,-26.807416232540184],[-48.60028124266033,-26.807447179878526],[-48.60028726313822,-26.807448301707193],[-48.60030391920337,-26.8074520223703],[-48.60080154801242,-26.807576637382308],[-48.60080401879867,-26.807577265843975],[-48.600815756447254,-26.807580542087944],[-48.60111365448864,-26.80766954420199],[-48.60132263189977,-26.8076610578357],[-48.60134196570785,-26.8076608351137],[-48.601361677903185,-26.807661746817978],[-48.60137643082694,-26.807663197115005],[-48.6014872769698,-26.80767655479106],[-48.6014921313181,-26.807677178524198],[-48.601511543572315,-26.80768039529736],[-48.601530680759446,-26.807684735419947],[-48.60154945240129,-26.80769019735841],[-48.601567798748924,-26.807696753027813],[-48.60158562003047,-26.807704364640706],[-48.60160284644364,-26.807713003941775],[-48.6016149104908,-26.807719886276413],[-48.60175626141045,-26.807804789633376],[-48.60201613765629,-26.807926209831926],[-48.6022341589188,-26.807967787810707],[-48.60259120824467,-26.807980569867485],[-48.60271062134685,-26.807959608638697],[-48.60271528415798,-26.80795882132264],[-48.60273481799046,-26.807956264553763],[-48.60275449843078,-26.807954865353544],[-48.602774235190324,-26.807954613168146],[-48.60279394727452,-26.80795553369775],[-48.60281355482759,-26.807957598517124],[-48.60283296718132,-26.807960815114402],[-48.602852094236844,-26.807965163915046],[-48.60287087605498,-26.80797062585549],[-48.60288921267332,-26.807977172170038],[-48.602907044152566,-26.807984783795195],[-48.602924270530224,-26.807993431965365],[-48.60294083262602,-26.808003061533455],[-48.60295666044715,-26.808013653265746],[-48.60297167489655,-26.808025142653676],[-48.60298582646729,-26.808037492762345],[-48.60299904592555,-26.808050648274392],[-48.60301127409058,-26.808064554042836],[-48.60302247226764,-26.808079137219412],[-48.603032581086055,-26.808094351678],[-48.60304155160788,-26.808110133420932],[-48.60304935538114,-26.808126400749323],[-48.60305596357424,-26.808143090006077],[-48.60306133730226,-26.808160137363775],[-48.60306544811308,-26.808177461123424],[-48.60306829752446,-26.80819498911787],[-48.60306986713747,-26.808212639818347],[-48.60307013817352,-26.80823034973791],[-48.60306912220362,-26.808248046879577],[-48.60306681126165,-26.808265631842996],[-48.60306322659227,-26.80828305084322],[-48.60305839000956,-26.808300223032568],[-48.6030523030314,-26.808317076243622],[-48.6030449975252,-26.80833352979894],[-48.60303651503216,-26.80834952123317],[-48.603026887230065,-26.80836497888975],[-48.60301614541721,-26.808379849153905],[-48.60300434175765,-26.808394042667867],[-48.602991537330006,-26.808407524369542],[-48.60297777386571,-26.808420222772682],[-48.60296311282314,-26.808432084773433],[-48.60294762571407,-26.808443057438264],[-48.602931363564274,-26.808453105534873],[-48.602914408128704,-26.808462167279178],[-48.60289683016022,-26.808470225821356],[-48.60287869111764,-26.808477228057694],[-48.60286009210351,-26.808483148628437],[-48.60284109381758,-26.80848797051358],[-48.602826460195274,-26.808490881035247],[-48.602672393191845,-26.80851793304619],[-48.602667730357325,-26.80851872035921],[-48.602648196616364,-26.80852126809121],[-48.602628515887645,-26.808522676290828],[-48.60260877922069,-26.808522919428388],[-48.60260245704206,-26.808522749139783],[-48.60218449708916,-26.808507797782337],[-48.60217111715041,-26.808507047640205],[-48.60215150952252,-26.808504982726348],[-48.602133820000304,-26.808502093024355],[-48.60185053929282,-26.80844807449836],[-48.601848826451956,-26.808447747671874],[-48.60182968931316,-26.808443398562545],[-48.60181090748031,-26.80843793648225],[-48.601792571053416,-26.80843138100653],[-48.60177474964607,-26.80842376941193],[-48.60177393287492,-26.808423394603523],[-48.60153004998032,-26.808309437247534],[-48.601546670372855,-26.80835785361531],[-48.60155118087817,-26.808372422803178],[-48.601552985735104,-26.808379365870152],[-48.60158284538686,-26.808501138089557],[-48.60158904159949,-26.808509202390233],[-48.6016820612862,-26.80857781024438],[-48.60169363826487,-26.80858681401206],[-48.60170778975116,-26.808599164243176],[-48.60172100930158,-26.808612310847394],[-48.60173324740928,-26.808626216889383],[-48.60173581547137,-26.80862939178576],[-48.601863574551565,-26.80878959656853],[-48.60187219432481,-26.80880101378581],[-48.60188230303881,-26.80881622831926],[-48.60189127363362,-26.808832001105976],[-48.60189908714161,-26.808848277679985],[-48.60190281955606,-26.808857292863472],[-48.601958883815136,-26.809000282669803],[-48.601289718610595,-26.80900026515773],[-48.601268280029224,-26.80897338885922],[-48.601173210620395,-26.80890325700255],[-48.60116163346636,-26.808894262214114],[-48.601147482009814,-26.80888191193031],[-48.601134262691275,-26.80886875625435],[-48.601122024447484,-26.808854859184976],[-48.60111645968218,-26.808847852367727],[-48.60105263723676,-26.80876482231897],[-48.601047004210876,-26.808757236798744],[-48.6010369058613,-26.808742013362796],[-48.60102792534215,-26.808726240359597],[-48.60102012183296,-26.808709972937372],[-48.60101352397347,-26.808693283774833],[-48.60100815054,-26.80867623635922],[-48.60100633585036,-26.8086692840961],[-48.6009664376847,-26.808506552587495],[-48.60087973696846,-26.808253950485078],[-48.600839654496724,-26.808158246940884],[-48.60063221042542,-26.80809627119992],[-48.60015297720929,-26.807976253949267],[-48.59996576439346,-26.807943100487854],[-48.599959743894104,-26.80794197864405],[-48.59994060693208,-26.80793762928919],[-48.59993884669073,-26.807937166274506],[-48.599682460138254,-26.807869323553287],[-48.59948664599866,-26.807834886521977],[-48.59931544791992,-26.807910365400986],[-48.59908342171512,-26.808041411129906],[-48.599084845970864,-26.808043023539778],[-48.599096043427174,-26.808057616014615],[-48.59909835759877,-26.808060903960232],[-48.59917389714602,-26.808170050856177],[-48.59918169125792,-26.808181977611525],[-48.59918635236582,-26.808189862551792],[-48.59931528898923,-26.80841664221868],[-48.59942728461438,-26.808532489782465],[-48.59956751261852,-26.808632464549373],[-48.59980699261661,-26.808715704665833],[-48.59981871816136,-26.808720036612115],[-48.59983653946223,-26.808727648447356],[-48.59985376568339,-26.80873629698278],[-48.59986280033809,-26.808741377401454],[-48.60013280789003,-26.808899358129025],[-48.600311988578426,-26.80900022751096],[-48.599113470326984,-26.809000181845594],[-48.59903007483919,-26.80894071466047],[-48.59902961904237,-26.808940391082356],[-48.599014595049276,-26.808928892104127],[-48.599000443839465,-26.808916541620704],[-48.59898988137041,-26.80890617416874],[-48.59883544578581,-26.80874643473605],[-48.598832789204835,-26.808743646325183],[-48.59882056132394,-26.808729749246584],[-48.59880937389903,-26.808715156919746],[-48.59879926562182,-26.808699942194362],[-48.5987946043337,-26.80869206626311],[-48.59866089744948,-26.80845689400571],[-48.59865579866978,-26.808462140718262],[-48.598651349595876,-26.80846662238403],[-48.5986375856747,-26.8084793203318],[-48.59862577602865,-26.808489001297946],[-48.59849981377642,-26.80858682345769],[-48.59849823933487,-26.808588042061736],[-48.59844189652356,-26.80863118656289],[-48.59844063924622,-26.80863214885044],[-48.59842514166019,-26.808643120818058],[-48.59840888917743,-26.808653168536313],[-48.59839192334239,-26.808662229541394],[-48.598374345068216,-26.808670287497662],[-48.59837171731467,-26.808671379932516],[-48.59829599673481,-26.808702509246626],[-48.59828049522836,-26.808708418608767],[-48.59827955285877,-26.808708754552832],[-48.59819720593598,-26.808737443115877],[-48.59805988776591,-26.80879190980304],[-48.59798496751055,-26.808842788238334],[-48.597862949122494,-26.808948599892194],[-48.597862539383144,-26.808948953899993],[-48.597847877778804,-26.80896081532939],[-48.597832390146905,-26.808971787395457],[-48.59781612751488,-26.808981834867847],[-48.597799171640666,-26.80899089596566],[-48.59778159327796,-26.80899895384169],[-48.597778612125346,-26.80900011245768],[-48.5975280855479,-26.80900010016],[-48.59751479943538,-26.808994424009953]]]}},{"type":"Feature","properties":{"categoria":"Ate 10","buffer":"30 meters","id":112625,"objectid":26345,"layerClass":"Ate 10"},"geometry":{"type":"MultiPolygon","coordinates":[[[[-48.612955600144616,-26.808921642225496],[-48.612945420910336,-26.80891259974737],[-48.612932200134004,-26.80889944508382],[-48.61291997060498,-26.80888554008854],[-48.6129162459642,-26.808880911026165],[-48.612866590207915,-26.808817779512633],[-48.61285911527642,-26.808807826092284],[-48.61284901508456,-26.808792612415896],[-48.61284003305236,-26.80877683103317],[-48.61283222779844,-26.808760564150692],[-48.61282562815932,-26.808743875424263],[-48.612820252918056,-26.80872682834006],[-48.612817494843625,-26.80871590769472],[-48.61281265041612,-26.808694646258843],[-48.612811286105895,-26.808688243159843],[-48.612808435172,-26.80867071526244],[-48.612806874281965,-26.808653055719066],[-48.61280659168058,-26.80863534554886],[-48.61280685575561,-26.808628022386046],[-48.61280858777142,-26.808594319296432],[-48.61280933797697,-26.808583954169073],[-48.61281163757323,-26.808566359757027],[-48.61281522078377,-26.808548940411793],[-48.61281946292884,-26.808533670909412],[-48.612827698844356,-26.80850730589995],[-48.61282830190435,-26.808505402952242],[-48.612834387482245,-26.808488549225245],[-48.612841681573634,-26.80847209490149],[-48.612850162748295,-26.808456102788345],[-48.612854643894075,-26.808448625167127],[-48.61288827262168,-26.80839446097615],[-48.612893428056296,-26.808386480351945],[-48.61290416845244,-26.808371618272645],[-48.61291596107891,-26.80835741465941],[-48.61292876439915,-26.80834393198036],[-48.612931115188225,-26.808341652429636],[-48.61304657388985,-26.80823050039455],[-48.61305538319717,-26.80822236482237],[-48.61305545489342,-26.80822230286271],[-48.61305545678344,-26.80822221265298],[-48.61305609368477,-26.808213894095932],[-48.61305840328435,-26.808196299845598],[-48.61306197638801,-26.80817888032041],[-48.61306682153651,-26.80816170785761],[-48.61307290686837,-26.808144863137],[-48.613080210953505,-26.808128408966056],[-48.61308869225526,-26.808112407813],[-48.613098318723345,-26.808096949378562],[-48.613109059063596,-26.80808208727956],[-48.613120851632935,-26.808067883645027],[-48.61313366475938,-26.808054410133707],[-48.61314742712471,-26.8080417106631],[-48.61316208713949,-26.808029847531824],[-48.613177573485714,-26.808018864657384],[-48.61317988620221,-26.80801744175503],[-48.61318205003618,-26.808021205234592],[-48.61318282814921,-26.808038788404208],[-48.6131770757015,-26.808052705893346],[-48.613172150662756,-26.808059291671245],[-48.61316150138487,-26.80807172781206],[-48.613158180573215,-26.808091506903057],[-48.61317111983008,-26.80814209804345],[-48.6131882007731,-26.808169251104346],[-48.61323059893436,-26.808195730273017],[-48.613322787208595,-26.808234762637774],[-48.613344834600404,-26.80823847346134],[-48.61335667915709,-26.808236669883286],[-48.613368523713454,-26.808234866304236],[-48.61339062425345,-26.80821731708929],[-48.61343484832916,-26.808173438525007],[-48.61345449009242,-26.80815516199095],[-48.6135290507834,-26.808065907193008],[-48.61355289708131,-26.80803126855472],[-48.613559795962914,-26.808036555755677],[-48.6135739487711,-26.808048904880838],[-48.613587169535855,-26.808062059484175],[-48.61359940931322,-26.80807595557135],[-48.61361059867461,-26.808090546850817],[-48.613620708971496,-26.808105760646335],[-48.61362968120635,-26.80812153279396],[-48.613637486352594,-26.80813780865939],[-48.61364409613935,-26.80815449752433],[-48.61364947167556,-26.808171535563897],[-48.613651647858504,-26.80817999181065],[-48.61367835777639,-26.80829191777437],[-48.61368030390894,-26.808300794276676],[-48.61368315497397,-26.808318322165633],[-48.613684716000435,-26.808335981708797],[-48.61368498868833,-26.808353691717393],[-48.61368397454866,-26.808371380023576],[-48.613681675281434,-26.80838896543848],[-48.61367809220872,-26.808406384815164],[-48.613673247137264,-26.808423557303797],[-48.61366716168486,-26.80844041107551],[-48.61365986771169,-26.808456865449966],[-48.61365138664671,-26.808472857619222],[-48.613641749972324,-26.808488324944868],[-48.61363101970896,-26.808503187255173],[-48.613619217285795,-26.808517381742174],[-48.613606414020985,-26.808530864487572],[-48.61359265163954,-26.80854356400152],[-48.61357799159539,-26.80855542717526],[-48.61356249534253,-26.808566400899995],[-48.61354624406386,-26.808576450448037],[-48.61354555193217,-26.808576844861822],[-48.613475032634966,-26.80861718465615],[-48.61359959940385,-26.808722720581223],[-48.613609778678246,-26.80873176301479],[-48.61362299952021,-26.808744917619155],[-48.6136352391798,-26.808758822728127],[-48.613646428794894,-26.808773404987253],[-48.61365653914992,-26.808788618783204],[-48.61366551124701,-26.80880439995205],[-48.613673316626276,-26.808820666796528],[-48.61367992644984,-26.808837355661304],[-48.61368065691098,-26.808839452562474],[-48.61373610517179,-26.8090000883236],[-48.61304822944778,-26.809000126837876],[-48.612955600144616,-26.808921642225496]]],[[[-48.614037907299085,-26.80899753440812],[-48.614056505939324,-26.80899161233422],[-48.61405916660836,-26.808990863073667],[-48.61409594690281,-26.80898068135663],[-48.61411228425225,-26.808976607194797],[-48.6141315906045,-26.808972907964698],[-48.614135364176846,-26.808972321855226],[-48.61432901257282,-26.808943415890063],[-48.614335750153394,-26.808942482687105],[-48.61462706912744,-26.808905043804067],[-48.614722025092654,-26.80888927307372],[-48.61481893421684,-26.80886283253993],[-48.61499032279598,-26.808804790384222],[-48.61499347243942,-26.808803742525946],[-48.615000013951686,-26.808801605771237],[-48.61500000400842,-26.80900000194894],[-48.61403136750131,-26.809000068208903],[-48.614037907299085,-26.80899753440812]]],[[[-48.61076433478248,-26.80897395165847],[-48.61076565058623,-26.808973071461878],[-48.610781912196934,-26.808963022423775],[-48.610798867161954,-26.808953959699842],[-48.61081644472963,-26.808945900143456],[-48.61082450848027,-26.808942634198914],[-48.61085066940624,-26.80893242743754],[-48.610860744369376,-26.80892869009827],[-48.610879343128936,-26.808922768452494],[-48.61089834123758,-26.808917945469634],[-48.61091763759464,-26.8089142465149],[-48.610937171502144,-26.808911688611687],[-48.61095685210201,-26.808910288274102],[-48.610976588914546,-26.808910043974418],[-48.61099630151343,-26.8089109543547],[-48.61099698438571,-26.80891100198112],[-48.611132531578214,-26.80892155665743],[-48.6111343087546,-26.808921694951906],[-48.6116226261597,-26.808962317193824],[-48.61162680212318,-26.80896268548063],[-48.61185863153016,-26.80898489952404],[-48.61187168689955,-26.808985309382045],[-48.611975240313555,-26.808972492142654],[-48.61213089086925,-26.808943254732135],[-48.61213723010571,-26.808942134429277],[-48.61226224532757,-26.808921142315185],[-48.61226444528288,-26.8089207823772],[-48.612283979176595,-26.80891822428597],[-48.61230364972309,-26.808916823590216],[-48.61231039248124,-26.8089166034805],[-48.61237165703051,-26.80891527297638],[-48.612384651288,-26.808915239571668],[-48.6124043639152,-26.80891614975643],[-48.61240474537639,-26.8089161832658],[-48.61245374422921,-26.80891995195539],[-48.61247297058241,-26.808921990969242],[-48.61249238366975,-26.80892519724788],[-48.61251151136112,-26.808929544776422],[-48.61253029390387,-26.808935005474282],[-48.61254167668066,-26.808938924518056],[-48.61270932027301,-26.809000139441693],[-48.61072510477954,-26.809000226309845],[-48.61076433478248,-26.80897395165847]]]]}},{"type":"Feature","properties":{"categoria":"Ate 10","buffer":"30 meters","id":112629,"objectid":26349,"layerClass":"Ate 10"},"geometry":{"type":"Polygon","coordinates":[[[-48.607399892631186,-26.808988264196433],[-48.60740772335713,-26.808970718324293],[-48.60741689024029,-26.808953718445533],[-48.607427361983476,-26.80893731817549],[-48.607439086046234,-26.808921624915097],[-48.607451990728755,-26.808906700620604],[-48.607466034112505,-26.80889262580013],[-48.60748113463401,-26.808879453218978],[-48.60749722021493,-26.80886726287531],[-48.60751421915597,-26.80885611672541],[-48.607715386841036,-26.80873354111106],[-48.607939630402356,-26.808584824329465],[-48.607960228302645,-26.808572304125917],[-48.608280217956214,-26.80839698688345],[-48.60837999688778,-26.808330171168947],[-48.60859716076729,-26.808078350055066],[-48.60874277713058,-26.807865449807743],[-48.60876535316908,-26.807836773588424],[-48.60877738263314,-26.80782424381215],[-48.60891167837972,-26.807692613004942],[-48.60892034736042,-26.807684466307368],[-48.60892939173679,-26.807676641797876],[-48.608938790834365,-26.80766916619946],[-48.60894852435738,-26.80766204819326],[-48.608958582063295,-26.807655296630266],[-48.608968943467055,-26.80764892921254],[-48.608979588272916,-26.807642954621215],[-48.60909409453409,-26.807581639257826],[-48.60910856784686,-26.807574375724922],[-48.60912345868096,-26.80756782312875],[-48.60913872587716,-26.80756202589444],[-48.609154319169555,-26.80755698317256],[-48.60917020783082,-26.807552721516288],[-48.609186331352575,-26.807549248927273],[-48.60920263927964,-26.807546573577117],[-48.60936932247368,-26.807523481493856],[-48.60939610851282,-26.80752085681223],[-48.609416072676375,-26.80752030973896],[-48.60963373224546,-26.807520774303374],[-48.609747683232456,-26.80746720977362],[-48.60976930727774,-26.807458009457513],[-48.61006395343153,-26.807345239293888],[-48.61035370552439,-26.80722028444567],[-48.61050353487296,-26.80715346408572],[-48.61068193606466,-26.807060712319174],[-48.61085372262564,-26.806969256395604],[-48.61085155772344,-26.806895528597945],[-48.610832507038694,-26.80671152027346],[-48.61066845850484,-26.80644887271504],[-48.61062835544737,-26.806412279414655],[-48.610626135487756,-26.80641023856664],[-48.61061406651,-26.806398294347172],[-48.61048015472038,-26.80625763864383],[-48.61038923558427,-26.80619322298227],[-48.61038806634344,-26.80619239106303],[-48.61038396546109,-26.806189407008166],[-48.61026903586006,-26.806104146091062],[-48.61025811166981,-26.806095641331577],[-48.610243959474026,-26.806083291911346],[-48.61023073933232,-26.806070137032904],[-48.61021851042799,-26.80605623184094],[-48.61021615747165,-26.806053340470616],[-48.610119288088256,-26.80593220662523],[-48.61011044209508,-26.805920515332147],[-48.61010033245799,-26.80590530132532],[-48.61009136106915,-26.80588951997229],[-48.61008682533256,-26.805880419213974],[-48.61006245914999,-26.805829066341214],[-48.6100591902047,-26.805821900098028],[-48.61005259111763,-26.805805211274123],[-48.61004721640279,-26.80578816411479],[-48.61004309451594,-26.805770840318132],[-48.61004234223156,-26.805766911130142],[-48.61003348167773,-26.805718518359296],[-48.610031393360416,-26.80570492881124],[-48.61002982285337,-26.805687269091955],[-48.61002960463411,-26.805681850914834],[-48.61002810092303,-26.805631281239588],[-48.61002804321113,-26.805619169852193],[-48.61002992501757,-26.805526099453367],[-48.61002992880196,-26.805525919034228],[-48.61003094344543,-26.805508230783758],[-48.610032570031436,-26.805494929582743],[-48.6100383927412,-26.805456097731273],[-48.610039076128345,-26.805451804752536],[-48.61004264956697,-26.80543438532243],[-48.61004749501146,-26.805417212979485],[-48.61005358059919,-26.805400368402804],[-48.6100608848991,-26.805383914399282],[-48.61006936637405,-26.805367913436278],[-48.610078992972404,-26.805352455213747],[-48.61008543004703,-26.80534330514988],[-48.61010100034133,-26.805322081610097],[-48.61010530369214,-26.805316369807457],[-48.610109125492194,-26.805311561311225],[-48.61013287947474,-26.80528230009858],[-48.610140870385194,-26.80527290554954],[-48.610153673447186,-26.80525943213618],[-48.61016743575746,-26.805246732950707],[-48.6101820956734,-26.80523487012086],[-48.610197581877785,-26.805223887562715],[-48.610213842781214,-26.805213847573825],[-48.61023079739204,-26.805204775858613],[-48.61024838425719,-26.805196725523942],[-48.610266512332124,-26.805189722104494],[-48.61028511067847,-26.805183791474597],[-48.61028866142899,-26.80518279561254],[-48.6103417937194,-26.805168252555777],[-48.610357230402734,-26.805164425296887],[-48.610376172755394,-26.80516079259903],[-48.610773269719004,-26.8050964145616],[-48.61077363314129,-26.805096348504456],[-48.61079316619905,-26.805093799597557],[-48.610812846324315,-26.805092390214682],[-48.61082275763715,-26.805092124396754],[-48.610873395606426,-26.805091499390457],[-48.61088322044244,-26.805091520881245],[-48.61090293238081,-26.805092431231067],[-48.61092252944276,-26.805094503754873],[-48.61094194182509,-26.805097710201775],[-48.61096107886195,-26.80510205806535],[-48.61097986069699,-26.80510751892504],[-48.61099819723174,-26.80511407321163],[-48.61100214664631,-26.80511564692227],[-48.61106007112046,-26.80513922131552],[-48.61107394333233,-26.805145258041346],[-48.61108853469412,-26.80515248907116],[-48.611108666241506,-26.80516312549403],[-48.61117836737342,-26.805124325144384],[-48.61119149524876,-26.805117417675646],[-48.61120907198878,-26.805109367046267],[-48.61121192280087,-26.805108178861577],[-48.611355823549424,-26.80504912640296],[-48.61137111097686,-26.805043302172223],[-48.611389709063985,-26.805037380412475],[-48.61140869644168,-26.805032557144447],[-48.61142800217195,-26.80502885824312],[-48.611441336146775,-26.805026989709184],[-48.61174495307131,-26.804990594112226],[-48.61206393017354,-26.804933376616194],[-48.612068007853836,-26.804932669349167],[-48.61237592870484,-26.804881391963963],[-48.6126760451945,-26.804822925332868],[-48.61268675510724,-26.804821021433632],[-48.61270628828521,-26.804818463235396],[-48.612725968171844,-26.80481706260243],[-48.612745704290575,-26.80481681800833],[-48.612765416217854,-26.80481772809636],[-48.61278502353011,-26.804819791509818],[-48.612791500204125,-26.804820740017526],[-48.61299836437941,-26.804852881350257],[-48.613011299935344,-26.80485514803679],[-48.613030437034276,-26.804859495622942],[-48.61303172726031,-26.804859833232438],[-48.61320637335205,-26.804905752155115],[-48.61322386506044,-26.804910875113904],[-48.613234558728585,-26.804914547833572],[-48.61377327249488,-26.80510986489362],[-48.613780925565685,-26.805112746318258],[-48.61379874721161,-26.805120365442573],[-48.61381597429954,-26.80512900329405],[-48.613832536836185,-26.805138640644298],[-48.61384836558387,-26.805149222181047],[-48.61386338068503,-26.805160719485443],[-48.613872105460466,-26.805168131060913],[-48.61402884896459,-26.805306867519583],[-48.614034276714364,-26.805311805016736],[-48.61404749724403,-26.805324959564135],[-48.614059736814085,-26.805338855600574],[-48.61407092599733,-26.805353446834836],[-48.61408103614548,-26.805368660590776],[-48.61409000826202,-26.80538443270469],[-48.61409433258979,-26.805393078576817],[-48.614176594287414,-26.805565572821386],[-48.61418754460375,-26.805579086144398],[-48.614197498679545,-26.805592149509735],[-48.614207598810836,-26.80560736308919],[-48.61421658082587,-26.80562314438747],[-48.61422438610568,-26.805639411198964],[-48.61422858729655,-26.80564961617284],[-48.614269960652265,-26.805756708674842],[-48.61427235936151,-26.805763183348976],[-48.61427604661382,-26.80577439938794],[-48.6143173494283,-26.80591080119066],[-48.614319037539445,-26.805916632192023],[-48.61432079648509,-26.805923402901175],[-48.61433156629709,-26.805967153162186],[-48.61440401932565,-26.8059971888317],[-48.61444611283886,-26.806013699797006],[-48.61448390669448,-26.806024227434154],[-48.61454877687287,-26.806035058103316],[-48.61455802419133,-26.80603673005397],[-48.6145664949631,-26.806038506227384],[-48.614621289021834,-26.80605074623233],[-48.61463195562292,-26.806053317448168],[-48.61465072777423,-26.806058777672177],[-48.61466907476135,-26.80606533167553],[-48.61468689680866,-26.806072941679805],[-48.614704124111064,-26.80608157943602],[-48.61472068686339,-26.806091216695222],[-48.614736515826976,-26.80610179814548],[-48.61474021050619,-26.806104495482955],[-48.61477297134482,-26.806128700066004],[-48.61478429179809,-26.80613750897013],[-48.61478572533236,-26.806138688228017],[-48.614790579091725,-26.806142704582623],[-48.61484470783396,-26.806146856656756],[-48.61490740078924,-26.806149763341633],[-48.614966050215415,-26.806151744548924],[-48.61498008332889,-26.80615251350252],[-48.61499968088131,-26.806154576456965],[-48.61500002155553,-26.806154636343972],[-48.615000021336535,-26.80676911922358],[-48.6149997828921,-26.806768979842033],[-48.61498395381396,-26.806758398414388],[-48.614968938392394,-26.8067469012099],[-48.61495478557163,-26.806734552223],[-48.61494156459103,-26.80672140676602],[-48.61492932496114,-26.80670750177043],[-48.614918135543476,-26.80669291059054],[-48.614917423943204,-26.806691833743972],[-48.6148826018803,-26.8066906602225],[-48.61487841177332,-26.806690490328855],[-48.61480852477631,-26.806687254795584],[-48.61479868170631,-26.806686655716838],[-48.61479833022205,-26.806686631743748],[-48.61475387055981,-26.806683211151643],[-48.614687406108814,-26.806685104835072],[-48.61467219849709,-26.80668519139486],[-48.61465248621057,-26.806684281550446],[-48.61463287871366,-26.806682209351937],[-48.614613466108004,-26.806678994366656],[-48.614594328441974,-26.80667465599249],[-48.614575556194836,-26.80666919575487],[-48.614557219172845,-26.80666264190328],[-48.614539386993286,-26.806655031708218],[-48.61452215962185,-26.806646393927643],[-48.61451229998949,-26.806640822232836],[-48.614483172882636,-26.806623663552717],[-48.614476469706574,-26.806619597960257],[-48.614460640890414,-26.80660900745744],[-48.614445625355856,-26.806597519222944],[-48.614431512070624,-26.806585206950288],[-48.61440655518843,-26.806561964078114],[-48.61435618616807,-26.806553552637606],[-48.61434693881229,-26.80655188067128],[-48.61432780136924,-26.80654753324207],[-48.61432184102755,-26.80654593474048],[-48.6142511425829,-26.80652622517303],[-48.614238330718706,-26.80652236339765],[-48.614219983500625,-26.806515818356544],[-48.61421981391883,-26.806515752328146],[-48.6141595262659,-26.80649210322611],[-48.614153842046825,-26.806489805488248],[-48.614062275918805,-26.80645184905603],[-48.61405030784727,-26.8064465937218],[-48.614037297754415,-26.80644019279545],[-48.613965750629816,-26.80640290775116],[-48.61396152337322,-26.80640067067019],[-48.613944960649604,-26.806391033323713],[-48.613929141782066,-26.80638045195696],[-48.61391631181101,-26.806370733163973],[-48.61390164384072,-26.80635898001137],[-48.61389944849998,-26.806357201327945],[-48.613885295848995,-26.806344852244248],[-48.61387207523059,-26.80633169767681],[-48.61385999266012,-26.80631798475238],[-48.61383881838807,-26.806292287830967],[-48.613838671369194,-26.80629210486845],[-48.61382748213488,-26.806277513613434],[-48.6138173719514,-26.80626229983804],[-48.61380838976173,-26.80624652753699],[-48.6138030068142,-26.806235607762993],[-48.613788398307356,-26.80620420999189],[-48.613771594930505,-26.806171972055648],[-48.613764031569374,-26.80615616050946],[-48.613757422045396,-26.80613946263136],[-48.61375204656362,-26.806122424596747],[-48.61375028765027,-26.806115653882717],[-48.61373326251635,-26.80604646726523],[-48.613696559706376,-26.80592526740316],[-48.613673254824526,-26.80586493587637],[-48.61366867677956,-26.805859281737096],[-48.61365873261085,-26.805846227527972],[-48.61364862248446,-26.805831013743692],[-48.613639650590216,-26.805815232583434],[-48.6136353260958,-26.805806595720075],[-48.613563007033434,-26.805654943242],[-48.613491364156424,-26.80559153141026],[-48.613022394847256,-26.8054214932368],[-48.61287854272009,-26.80538367383179],[-48.61274653677183,-26.80536316394849],[-48.61249944286393,-26.805411290189273],[-48.612490508848936,-26.805412908188902],[-48.61218014427591,-26.805464595723933],[-48.61185365539356,-26.805523157572022],[-48.61184781178532,-26.805524150874092],[-48.6118344777551,-26.805526019442816],[-48.61156582350091,-26.805558231513356],[-48.61148017875708,-26.805593369844065],[-48.611420326991464,-26.805626696489075],[-48.61141296270507,-26.80563066914843],[-48.61131644935584,-26.805681028149614],[-48.611310685712944,-26.80568396297253],[-48.611293108887004,-26.80569201360852],[-48.61127498078185,-26.805699017158013],[-48.611256372336875,-26.80570494774587],[-48.61123738483994,-26.805709770985143],[-48.61122125800384,-26.805712936947828],[-48.61117467955386,-26.805720904067112],[-48.61117150072712,-26.805721427949308],[-48.61115196737555,-26.80572398592264],[-48.611132297382994,-26.805725386494395],[-48.611112551068615,-26.80572563068286],[-48.61109283901694,-26.80572472035495],[-48.611073241653266,-26.80572265686847],[-48.61106137284408,-26.805720832146292],[-48.61098382452182,-26.805707475671344],[-48.6109762709766,-26.805706084762882],[-48.610957133839364,-26.805701736894935],[-48.61093836196305,-26.80569627619592],[-48.61092002515225,-26.805689730917038],[-48.61090219340065,-26.805682120288527],[-48.61088615999012,-26.805674115885132],[-48.610838761891515,-26.80564875187198],[-48.61082017206062,-26.805638926540286],[-48.610649443338666,-26.805666608646533],[-48.61068353647283,-26.80570923687875],[-48.61076574774683,-26.805770229547043],[-48.610877218997885,-26.80584920500744],[-48.61087838805017,-26.80585004594365],[-48.61089341315425,-26.80586153469741],[-48.61090756540027,-26.805873884055824],[-48.61091963435981,-26.805885828249387],[-48.61106588586363,-26.806039433982036],[-48.611126909101486,-26.80609510546342],[-48.61112911901193,-26.80609714613412],[-48.611142339267246,-26.806110300935625],[-48.61115457834939,-26.806124206225174],[-48.611165767210245,-26.806138797668293],[-48.61117499187373,-26.80615257987395],[-48.61129424365341,-26.806343513734443],[-48.611333946333325,-26.80634069160373],[-48.61134074317381,-26.806340282938464],[-48.61143795381118,-26.806335363329787],[-48.61144088324723,-26.80633522327147],[-48.6114606196174,-26.806334978874442],[-48.611470900768076,-26.80633530582938],[-48.611535420452995,-26.806338380209546],[-48.611544841603305,-26.806338954343445],[-48.611564448950126,-26.80634102696264],[-48.61158386156747,-26.80634423333621],[-48.611602998841605,-26.806348581127732],[-48.61160403907391,-26.80634885136211],[-48.61163504441511,-26.806356982059256],[-48.61165278625938,-26.8063621726104],[-48.61167112322526,-26.80636871780366],[-48.61168895495093,-26.806376337366054],[-48.611697756085576,-26.806380582881697],[-48.61180624253121,-26.806435051816372],[-48.611814658629925,-26.806439435213246],[-48.61183123121251,-26.806449072967396],[-48.611847049685665,-26.806459663577446],[-48.61186207497138,-26.806471152239183],[-48.61187622740077,-26.806483501511675],[-48.61188944778938,-26.80649665625137],[-48.61190167714167,-26.80651055229373],[-48.61191287619022,-26.80652514385553],[-48.61192297607525,-26.8065403575816],[-48.61193195782459,-26.806556139007014],[-48.61193976282057,-26.80657240592525],[-48.611946362226746,-26.806589094680742],[-48.61195173725986,-26.806606141787494],[-48.61195585946151,-26.80662346554793],[-48.611958710426485,-26.806640984434075],[-48.6119602711823,-26.806658643980835],[-48.61196054361912,-26.80667635397854],[-48.611959529248935,-26.806694042259394],[-48.611957229583766,-26.806711636655614],[-48.611953646324714,-26.806729055978366],[-48.61194880109023,-26.80674622839909],[-48.61194271568783,-26.80676307306828],[-48.61193542141109,-26.806779536368886],[-48.611926940256744,-26.806795528430378],[-48.61191730370758,-26.806810986614742],[-48.61190657340599,-26.806825848792936],[-48.61189477078172,-26.806840052157288],[-48.61188196753053,-26.80685353474842],[-48.611868205377824,-26.806866225076977],[-48.61185354539909,-26.80687808807687],[-48.61183804904814,-26.806889070640064],[-48.61182179807429,-26.806899110976875],[-48.61180483325786,-26.806908182702895],[-48.61178725626565,-26.80691623338883],[-48.61176912779542,-26.806923246010626],[-48.61175052940776,-26.806929167799712],[-48.61173153166464,-26.806933990922758],[-48.61171222561263,-26.80693768984385],[-48.61169269205611,-26.806940247878437],[-48.61167302185263,-26.806941648511692],[-48.611653275322006,-26.806941892761717],[-48.61163356305,-26.806940982495078],[-48.611613965462794,-26.806938919069335],[-48.611594552933354,-26.806935703672405],[-48.61157541556279,-26.80693135587355],[-48.61155663339896,-26.80692589507238],[-48.611538296353764,-26.806919349859225],[-48.61152047461089,-26.80691173044309],[-48.61151166339114,-26.806907484744706],[-48.61145457867304,-26.806878826019084],[-48.61145963521465,-26.807051137404947],[-48.61145973414526,-26.807058890825438],[-48.61145965816147,-26.807078345624443],[-48.61145903711371,-26.80709309866118],[-48.61145752189718,-26.807107809531626],[-48.61145511364626,-26.807122424109956],[-48.61145182335942,-26.807136897460975],[-48.61144765198194,-26.807151184479768],[-48.61144262037645,-26.807165249421804],[-48.61143673954149,-26.807179047351855],[-48.61141193952715,-26.80723277365263],[-48.61140456100254,-26.807247493835334],[-48.61139622587697,-26.80726179178236],[-48.611386955391424,-26.80727561370718],[-48.611376780461875,-26.80728892403487],[-48.611365742625,-26.807301660297288],[-48.61135388285011,-26.807313787089235],[-48.61134123243168,-26.807325250793834],[-48.61130357920776,-26.80735741796476],[-48.61129415506686,-26.80736513695926],[-48.61128437657367,-26.807372489004806],[-48.61127426402386,-26.807379465419814],[-48.611263827848965,-26.807386048331985],[-48.611253088344675,-26.80739222905973],[-48.6112420758599,-26.80739799909118],[-48.611230790773,-26.80740334038435],[-48.61116574322147,-26.80743260852019],[-48.61098710176183,-26.80752769408404],[-48.61079765752579,-26.807626206661507],[-48.61078068090432,-26.80763439368794],[-48.610618608187,-26.80770666571237],[-48.61031918328237,-26.807835798307035],[-48.61030686924914,-26.80784080629903],[-48.6100170172892,-26.807951744769564],[-48.60987552018671,-26.8080182540805],[-48.60985150359262,-26.80802836152817],[-48.609816519288415,-26.808039222214116],[-48.60976421082506,-26.808052298954888],[-48.609752770892214,-26.80805494831075],[-48.60974122888962,-26.808057189854722],[-48.609729594870686,-26.808059023756613],[-48.609717889131346,-26.808060441335105],[-48.60970613158906,-26.808061451950813],[-48.609694332486484,-26.808062046752617],[-48.60968252179431,-26.808062235270953],[-48.609438151530796,-26.808061707495764],[-48.6093527921692,-26.80807353984916],[-48.6093267642753,-26.808087475557578],[-48.60924186808269,-26.808170687644743],[-48.60910281961976,-26.808373989426034],[-48.60908429237133,-26.80839806862789],[-48.60883194870828,-26.80869067169193],[-48.60882462678565,-26.808698841143713],[-48.60881694843286,-26.808706742871326],[-48.60880894380989,-26.80871437738443],[-48.608800603242095,-26.80872172647116],[-48.60879196732154,-26.808728772769157],[-48.60878302580551,-26.808735525129432],[-48.60877379936877,-26.80874195682889],[-48.608629791982665,-26.808838382533768],[-48.60860808256612,-26.808851633053877],[-48.60833677400342,-26.809000295350927],[-48.607395586692846,-26.809000310802134],[-48.607399892631186,-26.808988264196433]]]}},{"type":"Feature","properties":{"categoria":"Ate 10","buffer":"30 meters","id":112630,"objectid":26350,"layerClass":"Ate 10"},"geometry":{"type":"Polygon","coordinates":[[[-48.59769894875727,-26.807625724881383],[-48.597679341602586,-26.80762365034171],[-48.59765992950979,-26.807620433050204],[-48.597640792524246,-26.807616092414197],[-48.597622021124856,-26.807610629970032],[-48.597603685113484,-26.807604073975288],[-48.597585854101766,-26.807596461708485],[-48.59756862805089,-26.807587821939343],[-48.59755206670939,-26.807578182754856],[-48.597536239498424,-26.807567590454486],[-48.597521225701946,-26.807556100529247],[-48.59750707482487,-26.80754374991635],[-48.597493856097856,-26.807530593936153],[-48.59748161845491,-26.8075166965885],[-48.59747043131675,-26.80750210417283],[-48.59746032332071,-26.807486889368448],[-48.59745135345371,-26.807471116345862],[-48.5974435507334,-26.80745483974257],[-48.597436943416454,-26.807438150279527],[-48.597431570573534,-26.80742110276491],[-48.59742745040807,-26.807403787748914],[-48.59742461193751,-26.80738625986894],[-48.597423043396034,-26.807368600142162],[-48.59742277323036,-26.807350890268516],[-48.59742378986492,-26.80733320224426],[-48.59742610183035,-26.807315608406967],[-48.59742967725463,-26.807298189432274],[-48.59743452466852,-26.807281017657743],[-48.59744061220004,-26.807264173758956],[-48.597447918601105,-26.807247711519526],[-48.597456401756524,-26.807231720465204],[-48.59746603017502,-26.80721626322975],[-48.59747589178945,-26.807202623797377],[-48.59747508015018,-26.80720248367895],[-48.59745594343291,-26.80719813400199],[-48.597437171921456,-26.80719268055904],[-48.59741882593494,-26.807186124374482],[-48.597401005053776,-26.80717851225984],[-48.59738377926964,-26.807169863451996],[-48.597367217813236,-26.807160233271308],[-48.59735139067607,-26.8071496409547],[-48.597336366898396,-26.80713815084343],[-48.59732222614421,-26.807125800386885],[-48.59730900748451,-26.80711264439336],[-48.59729677009641,-26.807098738012584],[-48.59728558282955,-26.807084154606702],[-48.59727883762884,-26.80707400526953],[-48.5972771384937,-26.80707350716403],[-48.59725880239963,-26.807066960152078],[-48.59724098173907,-26.807059338998233],[-48.59722375579575,-26.807050699193656],[-48.597207194561186,-26.807041059975266],[-48.59719136726579,-26.80703047666354],[-48.59717634371066,-26.80701897751635],[-48.5971621929358,-26.807006626875037],[-48.59714897411828,-26.806993479889375],[-48.59713674681558,-26.806979573667416],[-48.59712555977095,-26.806964981229925],[-48.59711545186479,-26.806949766406106],[-48.59710647203045,-26.806933993195848],[-48.59709866920123,-26.806917725599],[-48.59709207220417,-26.806901027274],[-48.59708669924241,-26.806883988771094],[-48.59708257933317,-26.806866664727792],[-48.59707973086972,-26.806849136673403],[-48.59707817243566,-26.80683147711636],[-48.597077902318034,-26.806813767244503],[-48.597078918994235,-26.806796079224736],[-48.59708122094164,-26.80677848522398],[-48.597084806257115,-26.806761075450787],[-48.59708965369246,-26.806743903688847],[-48.59709574142872,-26.80672705078435],[-48.597103037593925,-26.80671059741279],[-48.59711152074981,-26.80669460637862],[-48.59712115940504,-26.806679140315527],[-48.59713190158173,-26.806664279557516],[-48.59714369587284,-26.806650077375973],[-48.597152627020236,-26.80664050105775],[-48.59721778344694,-26.806573773312827],[-48.597221667019234,-26.806569877678402],[-48.597227466088235,-26.806564327063406],[-48.59740021183641,-26.806403490898525],[-48.59740818661751,-26.806396343854946],[-48.597418093922506,-26.80638816477966],[-48.59755855151362,-26.80627720684674],[-48.59756329525024,-26.80627353336013],[-48.59757879257,-26.806262561467644],[-48.59758418613862,-26.8062590704711],[-48.59764696136279,-26.806219401455447],[-48.59765784008236,-26.80621284514418],[-48.59767479572451,-26.806203775012335],[-48.597687847199246,-26.806197670694992],[-48.59782026420558,-26.80613941209609],[-48.59784297537114,-26.806128761166857],[-48.597849891631625,-26.806122688042752],[-48.59786450208631,-26.80610274012539],[-48.597860396649395,-26.806102850913593],[-48.59776238788889,-26.806103659686254],[-48.59762589487788,-26.806112938391443],[-48.597537312231154,-26.806130294811265],[-48.59752618795892,-26.80613228074826],[-48.59750665438542,-26.80613483681117],[-48.5974869742576,-26.806136235297913],[-48.59746723805328,-26.806136477744626],[-48.597447526197215,-26.806135565516893],[-48.59742791911417,-26.806133499980255],[-48.59740850728196,-26.80613028267104],[-48.597389370744835,-26.806125932996665],[-48.59737059960006,-26.80612047053528],[-48.59735225359553,-26.806113923373832],[-48.59733443288142,-26.806106311261257],[-48.59731720725851,-26.80609766245528],[-48.59730064595684,-26.80608803227624],[-48.59728481896728,-26.806077439961076],[-48.597269795329446,-26.806065949851032],[-48.59726170401492,-26.806059071454825],[-48.59718188812226,-26.805988808100928],[-48.59713437933217,-26.805957400629634],[-48.59703105551267,-26.805913638851056],[-48.59702130133198,-26.805909313096635],[-48.59700406571159,-26.805900664085133],[-48.596987504466725,-26.805891033872868],[-48.596971687588066,-26.805880441696875],[-48.59695666400895,-26.80586895155712],[-48.59694251339234,-26.805856600903123],[-48.59692929491468,-26.805843444884715],[-48.59691706775225,-26.805829538651732],[-48.59690587059479,-26.805814955054267],[-48.5968957730519,-26.805799731371124],[-48.596886793326654,-26.80578395815265],[-48.59687899059503,-26.80576769054864],[-48.596872393493435,-26.805751001238377],[-48.59686702079552,-26.805733953709563],[-48.59686290094735,-26.805716629662292],[-48.5968600525322,-26.80569910160505],[-48.59685849394309,-26.80568145106717],[-48.59685821398486,-26.80566373200314],[-48.59685924072297,-26.805646044154663],[-48.596861542475764,-26.80562845917646],[-48.59686512796384,-26.805611040385223],[-48.596869975368335,-26.8055938686272],[-48.596876063060705,-26.805577015727742],[-48.59688335916926,-26.805560562362285],[-48.59689184225582,-26.80554457133526],[-48.596901480829324,-26.805529105280343],[-48.59691221285937,-26.805514244360772],[-48.59692401690805,-26.805500051380925],[-48.596936821653195,-26.80548657024981],[-48.596943734141924,-26.805480199310704],[-48.59693711515511,-26.805473607600803],[-48.59692487797468,-26.80545970119969],[-48.59691369090156,-26.80544511777524],[-48.59690358314307,-26.805429902944187],[-48.59689461368484,-26.80541412087719],[-48.596886800920075,-26.805397853103738],[-48.59688020383424,-26.8053811637944],[-48.596874831148,-26.805364116266144],[-48.596870711307325,-26.80534679221909],[-48.59686787294845,-26.805329264332446],[-48.596866304305486,-26.80531161362334],[-48.59686603420486,-26.80529390375005],[-48.59686705088071,-26.805276215729645],[-48.596869362863295,-26.805258621899757],[-48.59687293828092,-26.805241202935907],[-48.59687778566388,-26.80522403117567],[-48.59688387333081,-26.80520717827366],[-48.596891169410135,-26.805190724905373],[-48.596899662516705,-26.805174734045924],[-48.596909290810515,-26.80515927683773],[-48.596920032853674,-26.80514441608518],[-48.596931826996574,-26.805130213909795],[-48.59694464174855,-26.805116732945212],[-48.59695840540727,-26.80510403514223],[-48.59697305651369,-26.805092173601487],[-48.59698855371473,-26.80508120176509],[-48.597004815635906,-26.805071163371398],[-48.597021771146004,-26.805062093308674],[-48.597039348923666,-26.805054035486023],[-48.597057477647574,-26.805047033812645],[-48.59707608637699,-26.805041114156005],[-48.59709507420271,-26.8050362928506],[-48.59710214530129,-26.805034797610176],[-48.59721950581594,-26.805011387600796],[-48.597223736134026,-26.80500630666916],[-48.59723654078556,-26.804992825503966],[-48.59725030439795,-26.804980127669197],[-48.597264965512366,-26.80496826626562],[-48.59728045261715,-26.80495729422335],[-48.59729671468698,-26.804947246772162],[-48.59731366996724,-26.804938185692357],[-48.59732179371395,-26.80493446131207],[-48.597332814623066,-26.804924018045458],[-48.59744467790042,-26.804795022728147],[-48.597648285552765,-26.80453059895939],[-48.59764885424711,-26.804529859613318],[-48.59765924680816,-26.804517257912934],[-48.597848223275044,-26.80430139679814],[-48.597849624695584,-26.804299796248607],[-48.59786243905399,-26.804286324206775],[-48.59787620250968,-26.804273626299562],[-48.59789086346719,-26.804261764819593],[-48.597906350415585,-26.804250792697328],[-48.59792261233007,-26.804240745162804],[-48.59793956764703,-26.80423167497591],[-48.59795714504594,-26.80422362604628],[-48.59797528363955,-26.804216624412533],[-48.59799388232926,-26.804210695430694],[-48.59801286998491,-26.804205873989677],[-48.598032175666575,-26.804202185957536],[-48.5980517088991,-26.80419962979848],[-48.59807138887991,-26.804198222189108],[-48.5980911247536,-26.80419797963547],[-48.59811083628807,-26.80419889175168],[-48.598130442870904,-26.804200966193587],[-48.5981498544073,-26.80420418338388],[-48.59816899085522,-26.804208523915918],[-48.59818776173946,-26.80421398625418],[-48.59820610731376,-26.804220542312468],[-48.59822392781054,-26.804228154301214],[-48.59824115343053,-26.80423679396366],[-48.59825771437443,-26.80424643304303],[-48.59827354122311,-26.804257025240844],[-48.598288554694655,-26.804268515067115],[-48.59830270528533,-26.80428086558549],[-48.598315923765874,-26.804294021476615],[-48.598328161202836,-26.804307918741518],[-48.59833934817661,-26.8043225110817],[-48.598349456049434,-26.804337725818534],[-48.59835842564455,-26.804353507803224],[-48.598366228514166,-26.804369775336177],[-48.59837283583015,-26.804386464759602],[-48.59837820871141,-26.80440351224496],[-48.598382328762874,-26.80442083626323],[-48.59838516753651,-26.804438355114687],[-48.598386736225414,-26.804456014844714],[-48.59838700657165,-26.80447372473267],[-48.598385990148536,-26.804491412782074],[-48.59838367842367,-26.80450900665519],[-48.598380103266315,-26.804526425675842],[-48.598375256144095,-26.804543597506225],[-48.59836916892636,-26.804560441470105],[-48.59836186285923,-26.80457690378322],[-48.598353380055215,-26.804592894919036],[-48.59834375200358,-26.80460835224298],[-48.598333010193684,-26.804623213120493],[-48.59832261769245,-26.80463581487455],[-48.598139360215384,-26.804845159034286],[-48.59795125215946,-26.805089452157272],[-48.597996892194516,-26.80509548793983],[-48.59806721290205,-26.805102863101357],[-48.59807721400075,-26.805104061608866],[-48.5980966256869,-26.805107278816273],[-48.59811576209097,-26.805111628385866],[-48.598134533117374,-26.805117090740342],[-48.59814532618213,-26.80512079333899],[-48.5982703077604,-26.80516616721076],[-48.59827374049316,-26.805167434703783],[-48.598433858982524,-26.805227635816767],[-48.598437979098364,-26.805229212767465],[-48.59845579976535,-26.805236824737584],[-48.59846311738454,-26.805240332968072],[-48.598649211206265,-26.80533255003586],[-48.598659119200306,-26.80533769045866],[-48.59867568033607,-26.805347329500755],[-48.59869150756218,-26.805357912642197],[-48.59870653126852,-26.80536940260556],[-48.59872067198197,-26.805381752921914],[-48.59873389063134,-26.805394908783857],[-48.5987461280394,-26.805408815042775],[-48.598757315165976,-26.80542340735863],[-48.59876742318267,-26.805438622073662],[-48.59877639310213,-26.805454395018362],[-48.59878420614878,-26.80547066270557],[-48.59879080352518,-26.805487351944837],[-48.59879617650864,-26.805504399419547],[-48.59880029665069,-26.805521723430072],[-48.59880314536563,-26.805539251468257],[-48.59880470406778,-26.805556911025892],[-48.59880497446752,-26.805574620915046],[-48.5988039580851,-26.805592308968624],[-48.598801656630904,-26.805609893998604],[-48.59879807143511,-26.80562731285872],[-48.598793224314115,-26.805644484702093],[-48.59878713689426,-26.805661337702656],[-48.598779841045044,-26.805677791184067],[-48.59877134814983,-26.805693782170525],[-48.59876171985699,-26.805709248539202],[-48.59875097798324,-26.805724109443084],[-48.59873918417714,-26.805738302759295],[-48.598726369548125,-26.80575178389496],[-48.59871260598804,-26.805764481876917],[-48.59869795495558,-26.805776343603203],[-48.59868245780358,-26.805787315630663],[-48.598666195716696,-26.805797363240313],[-48.59864924039703,-26.80580642447995],[-48.59863166259614,-26.805814482501813],[-48.598613533826196,-26.805821484374643],[-48.598594924838906,-26.805827413250746],[-48.59857593711542,-26.805832225731635],[-48.5985566309743,-26.805835922840863],[-48.598537097463556,-26.805838479051168],[-48.59851741738803,-26.80583987768566],[-48.59849768103528,-26.805840129300687],[-48.59848076223402,-26.805839345838265],[-48.598488878590544,-26.80584742479888],[-48.5985011061481,-26.805861321887964],[-48.59851230333434,-26.805875914393834],[-48.598522401299,-26.805891128955377],[-48.59853138126669,-26.80590690208543],[-48.59853918405976,-26.80592317863523],[-48.59854579147303,-26.805939868054935],[-48.5985511545719,-26.805956906345436],[-48.598555274686724,-26.805974230360707],[-48.59855812336909,-26.80599175840104],[-48.598559682033404,-26.806009417958226],[-48.59855996244323,-26.806027128014964],[-48.598558935960014,-26.806044815892307],[-48.59855663426323,-26.806062409935027],[-48.59855304901048,-26.80607982878447],[-48.5985482018283,-26.806097000614677],[-48.59854212458646,-26.806113844749397],[-48.59853481842529,-26.806130307063192],[-48.59852810083004,-26.80614317874661],[-48.59844427981812,-26.80629342432461],[-48.59844251449408,-26.806296543776654],[-48.5984328862908,-26.80631200109448],[-48.598426624107816,-26.806320918918384],[-48.598336155532095,-26.806444439504705],[-48.59833167553705,-26.806450391569154],[-48.598319871545776,-26.806464584669925],[-48.59830706683444,-26.80647806592819],[-48.59829496291766,-26.80648931207753],[-48.59827375318326,-26.80650792977444],[-48.598254699842286,-26.806545904678412],[-48.59824760337886,-26.80655909478217],[-48.598237965071974,-26.8065745519123],[-48.59823418918689,-26.806580019598528],[-48.59818619842116,-26.80664777918853],[-48.59811749559284,-26.80676063257443],[-48.59827470393775,-26.806592592019474],[-48.5982827521468,-26.806584345230043],[-48.59829223247922,-26.80657542789164],[-48.598531489330526,-26.806360302114417],[-48.59853530131668,-26.80635693764853],[-48.598702893115224,-26.806211506701402],[-48.598789786017896,-26.806080110293284],[-48.598790855700045,-26.806078504105773],[-48.598801597606105,-26.80606364320142],[-48.598813391441915,-26.806049449882327],[-48.59882620609771,-26.806035968740833],[-48.598828557288435,-26.80603368041866],[-48.59898155455566,-26.80588641319347],[-48.59899296691976,-26.805876003509944],[-48.598996407462764,-26.80587308393277],[-48.59908932040962,-26.8057952933965],[-48.59910054073261,-26.80578636039877],[-48.59911602798504,-26.80577537913134],[-48.599132289843126,-26.805765340487945],[-48.59914924531285,-26.80575627016648],[-48.59916682288303,-26.805748221098057],[-48.59918416139621,-26.805741494515477],[-48.59931900275298,-26.805693644278733],[-48.599319793159,-26.805693359892736],[-48.599337319390834,-26.805687746440764],[-48.599481849196174,-26.805645908033462],[-48.59948292184558,-26.805645592338127],[-48.59950191975207,-26.80564077088035],[-48.59952122583957,-26.805637073637698],[-48.5995407591145,-26.80563452630846],[-48.59956042929059,-26.80563311833686],[-48.59956269387484,-26.80563303041521],[-48.59973923676833,-26.805626847614835],[-48.59975671856446,-26.805626683919193],[-48.599776430377915,-26.80562759582039],[-48.59979603725414,-26.8056296700494],[-48.59981544909679,-26.805632887029827],[-48.59983458586252,-26.805637227355874],[-48.59985335707486,-26.805642689493048],[-48.5998717029864,-26.805649245355767],[-48.599889523827635,-26.80565685715553],[-48.59990674979802,-26.8056654966363],[-48.59992331109691,-26.80567513554208],[-48.59993913830361,-26.80568572757508],[-48.59995415213436,-26.805697217246156],[-48.59996830308427,-26.805709567619452],[-48.59998152192239,-26.805722723376345],[-48.59999375971373,-26.805736620518335],[-48.600004947037135,-26.80575121274765],[-48.600015055253444,-26.805766427385908],[-48.60002402518437,-26.80578220928494],[-48.600031828380594,-26.805798476745395],[-48.600038436012746,-26.805815166109706],[-48.60004380919838,-26.80583221354977],[-48.60004792954101,-26.805849537536663],[-48.60005076859113,-26.80586705637094],[-48.600052337541264,-26.805884716097783],[-48.600052608131826,-26.805902425996795],[-48.60005159193537,-26.80592011407131],[-48.600049280418354,-26.80593770798366],[-48.600045705449375,-26.80595512705723],[-48.60004085849498,-26.805972298954263],[-48.600034771423836,-26.80598914299808],[-48.60002746548163,-26.806005605404195],[-48.600018982780206,-26.806021596645493],[-48.60000935480843,-26.80603705408704],[-48.59999861305522,-26.806051915093875],[-48.59998681916869,-26.806066117542553],[-48.59997400463793,-26.806079598798124],[-48.59996024135429,-26.806092287886752],[-48.59994558034308,-26.806104149577177],[-48.59993009311577,-26.80611513093737],[-48.599913831267926,-26.806125169673425],[-48.599896875794144,-26.806134240086546],[-48.59987929820622,-26.806142289244807],[-48.59986116925587,-26.806149300299843],[-48.599842560454974,-26.80615522031979],[-48.5998235725245,-26.80616004198879],[-48.599804266353324,-26.80616373926721],[-48.59978473279944,-26.806166295647905],[-48.599765052667884,-26.806167694453237],[-48.59976279812589,-26.80616778254796],[-48.59962765783492,-26.806172519938027],[-48.59953182685125,-26.80620026775321],[-48.599459137086654,-26.806226061819224],[-48.59941565968775,-26.806262458442315],[-48.59929199943497,-26.806381482080923],[-48.59920105592321,-26.80651899160013],[-48.59919998624193,-26.806520597790765],[-48.59918925439038,-26.806535458895667],[-48.599177450490394,-26.806549652074434],[-48.599164645863766,-26.80656313341635],[-48.599151353428894,-26.806575424322013],[-48.59895661503929,-26.806744408313026],[-48.59872841887452,-26.806949588432058],[-48.59856079881132,-26.80712875097247],[-48.59855280179564,-26.807136953524612],[-48.59842028757254,-26.807267530293373],[-48.5983808783278,-26.807310799779188],[-48.59837030848379,-26.80732178319608],[-48.598356544682524,-26.80733448112551],[-48.598344500116056,-26.8073443385689],[-48.59826243364831,-26.80740795526853],[-48.598259816876656,-26.807409959323806],[-48.59825251344998,-26.80741531298836],[-48.59813770561533,-26.807496891320447],[-48.59812951160501,-26.807502509607872],[-48.59811325946036,-26.807512548281867],[-48.59809629359207,-26.80752161828344],[-48.59807871567302,-26.80752966719362],[-48.59806058659306,-26.8075366689735],[-48.59805048885999,-26.80754004403454],[-48.59782441802852,-26.807611358960788],[-48.597815906264145,-26.807613921687686],[-48.59779691802196,-26.807618743061646],[-48.597777611746785,-26.807622431020853],[-48.59775807791758,-26.807624987101338],[-48.59773839734062,-26.807626394626674],[-48.597718660875294,-26.807626637091246],[-48.59769894875727,-26.807625724881383]],[[-48.598166822641794,-26.805764098691277],[-48.59818582060957,-26.805759277415444],[-48.59820512674533,-26.80575558035675],[-48.5982246600552,-26.805753033212703],[-48.59824434030599,-26.80575162559731],[-48.598246885234786,-26.80575159659989],[-48.5981857164055,-26.805721284161347],[-48.59811798900226,-26.805695823630735],[-48.598121624669346,-26.805701299805893],[-48.598130604376436,-26.805717081977964],[-48.598138407289774,-26.80573334952472],[-48.59814501463402,-26.80575003895889],[-48.59815037747491,-26.8057670862813],[-48.59815087640945,-26.805769179318517],[-48.598166822641794,-26.805764098691277]]]}},{"type":"Feature","properties":{"categoria":"Ate 10","buffer":"30 meters","id":112640,"objectid":26360,"layerClass":"Ate 10"},"geometry":{"type":"Polygon","coordinates":[[[-48.60135648621635,-26.80586718602912],[-48.601336879063325,-26.805865121032863],[-48.60131747717436,-26.80586190442633],[-48.601298340488334,-26.80585755527394],[-48.60127955891327,-26.80585210217225],[-48.60126122292685,-26.805845546655227],[-48.60124340195108,-26.805837935020453],[-48.601226165977664,-26.805829286502902],[-48.601209604344575,-26.805819656761987],[-48.601193776990314,-26.805809064862267],[-48.60117876300974,-26.805797575313665],[-48.601164611908345,-26.805785225052176],[-48.601151392917686,-26.8057720693964],[-48.601139165216225,-26.80575816349454],[-48.60112796749647,-26.80574358019571],[-48.60111785912661,-26.805728365627207],[-48.601117023436196,-26.805726979794066],[-48.601015531544846,-26.805559838095736],[-48.601008422335994,-26.805547381601833],[-48.600943664753025,-26.80542621784385],[-48.60094263959321,-26.805424278326463],[-48.60094056253356,-26.80542023640423],[-48.60076698435945,-26.805074061196557],[-48.6007124350213,-26.805002071384724],[-48.60067616890381,-26.804964926852033],[-48.600581954744996,-26.80491117899681],[-48.60040538373431,-26.804841866682263],[-48.600387782430914,-26.804834339891386],[-48.600370556729686,-26.804825691453342],[-48.60035399531622,-26.804816061625512],[-48.600338168181295,-26.804805469643245],[-48.60033128588675,-26.804800389670334],[-48.60021812167966,-26.8047143568163],[-48.600071676566984,-26.804608465891537],[-48.59990891716172,-26.804498417755287],[-48.59986886599899,-26.804478661472622],[-48.59967538619385,-26.804424862726414],[-48.59966233522471,-26.804420932439104],[-48.599645256164514,-26.804414876325822],[-48.59950736923726,-26.804361533047707],[-48.59950611245643,-26.804361042474326],[-48.59948958674219,-26.804354021125643],[-48.59948215627946,-26.804350619324335],[-48.59946246830754,-26.804454080679537],[-48.599446386759254,-26.80456822458863],[-48.59944539618796,-26.804574669048638],[-48.599443887348116,-26.804582801249698],[-48.59941045137189,-26.804747393326203],[-48.59939540146665,-26.804899916220073],[-48.5994025261526,-26.805040506405557],[-48.599426931450594,-26.805263987437794],[-48.59942804845967,-26.805277795229244],[-48.59942831895941,-26.805295505124267],[-48.599427302679565,-26.805313193189583],[-48.59942499108699,-26.80533078708749],[-48.59942141605055,-26.805348206141538],[-48.599416569037174,-26.805365378013942],[-48.59941048191578,-26.805382222028214],[-48.599403175932196,-26.80539868439992],[-48.59939469319847,-26.805414675602186],[-48.59938506520359,-26.80543013300019],[-48.599374323436656,-26.805444993959146],[-48.59936252954569,-26.805459196355876],[-48.599349715019954,-26.805472677555535],[-48.59933595175076,-26.805485366584644],[-48.59932129076326,-26.805497228212122],[-48.59930580356881,-26.805508209506286],[-48.59928954176298,-26.80551824817343],[-48.59927258634006,-26.80552731851511],[-48.59925500881168,-26.80553536759969],[-48.59923687992925,-26.805542378579105],[-48.59921827120451,-26.80554829852178],[-48.59919928335791,-26.805553120112315],[-48.59917997727807,-26.80555681731129],[-48.59916044382259,-26.805559373611942],[-48.59914076379608,-26.80556077233697],[-48.599121027676006,-26.805561015021464],[-48.599101315886834,-26.80556010302999],[-48.59908170885304,-26.80555803772716],[-48.599062297052065,-26.805554820648194],[-48.599043160528105,-26.80555047119957],[-48.599024389378386,-26.80554500895837],[-48.59900605340395,-26.805538462181453],[-48.598988222785984,-26.805530841083943],[-48.598970996914105,-26.805522201497105],[-48.598954435726256,-26.80551256248646],[-48.59893860845295,-26.805501979371584],[-48.59892359494784,-26.80549048058005],[-48.59890944414519,-26.80547813011123],[-48.598896225275205,-26.805464983284722],[-48.59888398784226,-26.805451077037247],[-48.59887280069619,-26.805436484730222],[-48.598862692664945,-26.80542127002179],[-48.59885372273532,-26.80540549708188],[-48.5988459197351,-26.805389229568586],[-48.59883931249202,-26.80537253114006],[-48.59883393931645,-26.805355492687564],[-48.59882981917313,-26.805338168677704],[-48.598826980509465,-26.805320640810255],[-48.59882652868679,-26.805316788873018],[-48.59880134779371,-26.805086264854587],[-48.598800240913945,-26.80507245723362],[-48.598800217028554,-26.80507215903272],[-48.598791823814544,-26.8049063790886],[-48.598791567052174,-26.804888976249334],[-48.59879258342118,-26.804871288193965],[-48.59879269651971,-26.804870216244133],[-48.59881075219126,-26.804687242968285],[-48.59881295075863,-26.804670721034324],[-48.598814459644665,-26.80466258884318],[-48.5988489068887,-26.804492996702315],[-48.59886477631616,-26.804380356316592],[-48.598865776970264,-26.80437391203316],[-48.598866699986466,-26.804368765904155],[-48.59888112025599,-26.804292919292898],[-48.59886899565745,-26.804265550990998],[-48.59883840846915,-26.80419756773596],[-48.598806237503304,-26.80416656547607],[-48.59879008672855,-26.804154163017486],[-48.5986576513671,-26.804091742953553],[-48.59858090499995,-26.80406815103614],[-48.59855331449004,-26.804063649045002],[-48.59832892774977,-26.80413461473396],[-48.598320203819824,-26.8041372370737],[-48.598301216185455,-26.80414205855767],[-48.59828191032969,-26.80414575564872],[-48.59826899989671,-26.804147566954217],[-48.598084546351984,-26.8041699022688],[-48.59807791369981,-26.804170637954833],[-48.59805824377665,-26.804172045736085],[-48.59803850790779,-26.80417228828542],[-48.5980287697352,-26.8041719786045],[-48.59799968440954,-26.804170645665856],[-48.597899617454175,-26.80418473023738],[-48.59754925972725,-26.804239632055797],[-48.59745536105703,-26.80425544536673],[-48.5974529289986,-26.804255846256158],[-48.59743339574973,-26.804258402330948],[-48.5974137258108,-26.804259810020977],[-48.59739398993277,-26.804260052479226],[-48.59737427840178,-26.80425914026278],[-48.597354671831475,-26.804257065716275],[-48.597335260317706,-26.804253848417723],[-48.5973268499673,-26.804252090304185],[-48.59726063832234,-26.804237303589414],[-48.59724991226177,-26.804234721054897],[-48.59723113137667,-26.804229258424215],[-48.597212795920484,-26.804222702413785],[-48.59719497550271,-26.804215090302158],[-48.597177749975806,-26.804206450517754],[-48.59716118913937,-26.804196811318338],[-48.597157786095785,-26.804194614821675],[-48.5971532075132,-26.804194275377586],[-48.59692331426037,-26.804229220321947],[-48.59690664648342,-26.80423132865879],[-48.59688696668613,-26.804232727083832],[-48.59686723081779,-26.804232969468803],[-48.59684751930178,-26.804232057179515],[-48.59682791256148,-26.804229991581774],[-48.59680851112601,-26.804226774382922],[-48.59678937493248,-26.804222424649165],[-48.59677059407652,-26.804216961958918],[-48.596752258463454,-26.804210414911523],[-48.596734438273394,-26.804202793723153],[-48.596717202735036,-26.804194153714366],[-48.59670064194376,-26.804184514463696],[-48.59668481507527,-26.804173931121028],[-48.59666980198164,-26.804162432115106],[-48.596655651595306,-26.80415008144592],[-48.59664243314454,-26.80413693443412],[-48.59663020618519,-26.804123028187846],[-48.59661900940632,-26.804108435557243],[-48.59660890179282,-26.80409322071306],[-48.59659993227666,-26.804077447655295],[-48.59659212968408,-26.804061180042424],[-48.59658552284123,-26.80404448153291],[-48.59658015005625,-26.80402744301856],[-48.59657604034547,-26.804010119136898],[-48.59657319199587,-26.803992591075836],[-48.59657162359036,-26.803974931343834],[-48.59657135352156,-26.803957221470203],[-48.59657237021385,-26.803939533451143],[-48.59657468219731,-26.803921939624246],[-48.59657826746301,-26.803904529856673],[-48.596583104763134,-26.803887357932027],[-48.59658919238476,-26.80387050503795],[-48.59659649845654,-26.80385405184989],[-48.59660498143494,-26.803838060830753],[-48.596614609829274,-26.803822594614214],[-48.59662535176846,-26.803807733875654],[-48.596637155846594,-26.803793531886345],[-48.59664996022458,-26.803780059788565],[-48.59666372373984,-26.803767362003487],[-48.59667838474368,-26.80375550065254],[-48.596693871725,-26.803744528665565],[-48.596710133658924,-26.803734481272155],[-48.59672708898168,-26.80372541123148],[-48.59674467642549,-26.80371736262329],[-48.59676280494473,-26.80371036097349],[-48.59678140359947,-26.803704432149456],[-48.59680040125956,-26.80369961103947],[-48.596819706879565,-26.80369592316953],[-48.59682257233919,-26.80369547550603],[-48.59708986341199,-26.80365484883374],[-48.59710653110207,-26.80365274046928],[-48.59712621098856,-26.803651332985833],[-48.597145946758445,-26.803651090557924],[-48.59716507568829,-26.80365196583618],[-48.597269308282264,-26.803659691561954],[-48.597269890583966,-26.80365973754536],[-48.597289497240006,-26.803661803075936],[-48.597308908652394,-26.80366502037419],[-48.597328034726885,-26.803669369862327],[-48.597346815527594,-26.803674832474677],[-48.597364712197795,-26.803681209556213],[-48.59741591078117,-26.803701173826262],[-48.59741634949086,-26.803701352732716],[-48.597432904173196,-26.80370841992586],[-48.59743980730248,-26.80370725570408],[-48.59744223934907,-26.80370685481406],[-48.597443601423365,-26.803706643312516],[-48.59779841702288,-26.803651050298907],[-48.597803531671545,-26.803650288855916],[-48.59793709495896,-26.803631484786067],[-48.597950141130625,-26.803629910439],[-48.59796982101246,-26.803628502837174],[-48.59798955678633,-26.803628260291134],[-48.597999284859405,-26.803628569801024],[-48.598031655222876,-26.803630057757488],[-48.59815762158021,-26.803614797339513],[-48.59842822254548,-26.803529230070527],[-48.59843694661587,-26.803526598699754],[-48.59843781667011,-26.803526351766116],[-48.59854367760166,-26.80349641950257],[-48.598554374890426,-26.80349320797041],[-48.598607619534555,-26.803452356963962],[-48.59860906055165,-26.803451262427775],[-48.59862454732065,-26.80344029021373],[-48.598640809056896,-26.8034302425836],[-48.59865776400761,-26.803421181318644],[-48.59867534142337,-26.803413123266278],[-48.59869347984721,-26.803406121528088],[-48.598712078181364,-26.803400201460736],[-48.59871575034603,-26.803399171855595],[-48.5990785617079,-26.80330003452107],[-48.59911008468614,-26.803280644102536],[-48.59914926292305,-26.803239662515008],[-48.59915521253365,-26.803233636081668],[-48.599168443091074,-26.80322139824632],[-48.59923816226912,-26.803160856119767],[-48.599238694896115,-26.80316039590192],[-48.599253355570426,-26.803148534259925],[-48.59926884223958,-26.803137561967997],[-48.59928474747149,-26.803127724789075],[-48.59931942108581,-26.80310771096018],[-48.59931977749385,-26.80310750042771],[-48.599336732347076,-26.803098439074148],[-48.59935431972283,-26.803090381101043],[-48.5993724480063,-26.80308337909872],[-48.599391046258425,-26.80307745893593],[-48.59941004373026,-26.803072637460563],[-48.59941036712915,-26.803072561729596],[-48.59949729726179,-26.8030533260208],[-48.59951627969492,-26.803049695458636],[-48.59953581252121,-26.803047148099637],[-48.59955549230041,-26.803045740268978],[-48.599560131566,-26.803045584336353],[-48.59959445404383,-26.80304462340903],[-48.5996095504661,-26.803044536563625],[-48.59962926183134,-26.803045448455766],[-48.599648858209626,-26.803047522505516],[-48.59966567563662,-26.803050235248982],[-48.59983498802717,-26.803082056370606],[-48.59983759224729,-26.803082551745796],[-48.59983963503232,-26.803082965405704],[-48.59996166083546,-26.803107703573748],[-48.59996478045931,-26.803106646515822],[-48.60005390917734,-26.802980629287543],[-48.60012930290082,-26.80282299318927],[-48.60013003926993,-26.802821453528953],[-48.60013852168064,-26.80280546225747],[-48.60014408590663,-26.80279624372973],[-48.60018446046584,-26.802732333784487],[-48.600188533933284,-26.80272609500503],[-48.60019591375533,-26.802715661935615],[-48.600327860793215,-26.802538111940734],[-48.600331222340365,-26.802533683956],[-48.60034301578391,-26.802519481444865],[-48.60035581959545,-26.802506008970475],[-48.600369049942096,-26.80249377100739],[-48.60047529644545,-26.80240152319614],[-48.60047582925397,-26.802401053952114],[-48.6004904897057,-26.802389192165585],[-48.60050597615751,-26.80237821972224],[-48.60050917791686,-26.80237612626999],[-48.60062489599046,-26.802301608889493],[-48.60063795564363,-26.802293654460804],[-48.600654910468435,-26.80228458391225],[-48.60067248739134,-26.8022765346102],[-48.60069062552674,-26.802269532594536],[-48.600692509954634,-26.802268869686532],[-48.600876590074066,-26.802205356414902],[-48.6010068777975,-26.80215718345406],[-48.60118546728196,-26.802039188303706],[-48.60118557938065,-26.80203911801089],[-48.6014071604693,-26.801892865808483],[-48.601423075026574,-26.801883046575735],[-48.60144002973278,-26.801873975924323],[-48.60145760654248,-26.801865926516335],[-48.60146056888486,-26.80186469529878],[-48.601743681105454,-26.801748660379197],[-48.60175884671058,-26.80174288926961],[-48.60175994075166,-26.801742510748355],[-48.601953948582185,-26.80167500411445],[-48.60197144239964,-26.80166946193941],[-48.60199043955105,-26.80166464009355],[-48.60200974490096,-26.801660942458895],[-48.60202927745917,-26.801658394735394],[-48.6020489569948,-26.801656986539385],[-48.602068692465046,-26.80165674340056],[-48.60208840363904,-26.80165765493535],[-48.602107999853594,-26.801659728631726],[-48.6021274113101,-26.80166293623473],[-48.602146547345306,-26.80166728523239],[-48.60216532810789,-26.801672747199532],[-48.60218366369376,-26.80167929354063],[-48.602201483924475,-26.801686914042683],[-48.60221871957058,-26.80169555338821],[-48.602235280537954,-26.801705192002665],[-48.602251097597005,-26.801715774568613],[-48.602266121053894,-26.80172727317196],[-48.60228027181598,-26.80173962330401],[-48.602293490705996,-26.801752769817664],[-48.60230571816701,-26.801766675607617],[-48.60231691550658,-26.801781267825536],[-48.60232701368428,-26.801796482133074],[-48.60233599392307,-26.80181225504342],[-48.60234379723506,-26.801828522388494],[-48.60235040484302,-26.80184522068144],[-48.60235576838104,-26.801862258861718],[-48.60235988898736,-26.801879582803963],[-48.60236273821152,-26.801897110809104],[-48.60236429746595,-26.80191477036926],[-48.602364578510866,-26.801932480466554],[-48.602363552705995,-26.801950168422724],[-48.602361251727174,-26.801967762581366],[-48.602357667229306,-26.80198518158385],[-48.6023528210254,-26.8020023445825],[-48.60234674441182,-26.802019197962647],[-48.60233943928607,-26.802035651514977],[-48.60233095705002,-26.802051651965414],[-48.60232131970671,-26.802067109445264],[-48.60231058871088,-26.80208197085074],[-48.6022987854963,-26.802096173375844],[-48.60228598195019,-26.80210964604527],[-48.602272219232326,-26.8021223444355],[-48.60225755898759,-26.80213420642183],[-48.60224206267113,-26.8021451789005],[-48.602225811464,-26.802155227150198],[-48.60220885676886,-26.802164297896887],[-48.60219126990402,-26.802172347228097],[-48.602173141913674,-26.802179349613855],[-48.60217204767956,-26.802179737159022],[-48.60198627513741,-26.802244378567245],[-48.60173952739479,-26.802345508696668],[-48.601543083829995,-26.80247516793812],[-48.601334786700335,-26.80261279279569],[-48.60131875992985,-26.80262268230316],[-48.60130180528864,-26.80263174391018],[-48.60128422815695,-26.802639802310306],[-48.60127085256789,-26.802645089327722],[-48.601103094565886,-26.8027071110449],[-48.60109833198415,-26.80270882611144],[-48.601096437497915,-26.802709488854088],[-48.60094516743002,-26.802761682856552],[-48.60087890267796,-26.8028043625485],[-48.60081180723657,-26.802862612777215],[-48.600704450931545,-26.803007082635435],[-48.600712060754525,-26.803011516160883],[-48.60072788788209,-26.80302209906854],[-48.600742901280434,-26.803033597662587],[-48.60075705201528,-26.803045947944806],[-48.600770270666885,-26.80305910361794],[-48.600782498247995,-26.80307300051332],[-48.60079369549696,-26.803087592844964],[-48.60080380361634,-26.803102807423304],[-48.60081277367137,-26.803118580250104],[-48.60082057664293,-26.803134856688864],[-48.6008271842715,-26.80315154601945],[-48.600832557674956,-26.80316858441398],[-48.60083666802387,-26.803185908214978],[-48.60083951702704,-26.803203436234412],[-48.60084108609773,-26.803221095964265],[-48.600841356839105,-26.803238805875612],[-48.60084034082274,-26.803256493971624],[-48.600838029514705,-26.803274087914634],[-48.60083444472935,-26.80329150685731],[-48.60082960809112,-26.80330867897319],[-48.6008235213089,-26.803325523074022],[-48.60081621568018,-26.803341985545526],[-48.600807733315065,-26.803357976860255],[-48.60079810570112,-26.803373434382966],[-48.600787364326,-26.80338829547844],[-48.60077556078304,-26.803402497852318],[-48.60076275690842,-26.80341597035975],[-48.60074899386298,-26.803428668577727],[-48.60073433329316,-26.803440530382346],[-48.60071884651838,-26.803451511861933],[-48.60070258513247,-26.803461550722158],[-48.60068563012796,-26.803470621263617],[-48.6006680530145,-26.803478670553837],[-48.60064991467919,-26.803485672552576],[-48.60063131622043,-26.803491601901456],[-48.60062861521421,-26.803492359251617],[-48.600472637001175,-26.803535502880166],[-48.60045875565224,-26.803539012510182],[-48.60035805522677,-26.8035622024842],[-48.600257724614444,-26.803585976199],[-48.600144139660884,-26.803624550216384],[-48.600128904342895,-26.803629318275657],[-48.60010990698866,-26.803634130822203],[-48.600095273954096,-26.803637041099925],[-48.600018238469175,-26.80365057026984],[-48.60001357601566,-26.803651348486994],[-48.59999404289984,-26.803653904926488],[-48.59997437306808,-26.80365531298192],[-48.59995462721798,-26.803655555634485],[-48.599934915741144,-26.803654643780558],[-48.599915319250776,-26.803652569763297],[-48.59989590773717,-26.803649352818088],[-48.599893864751884,-26.803648948179223],[-48.59970901271496,-26.803611476111186],[-48.599608504571734,-26.80359258935922],[-48.59959800489787,-26.80360169707049],[-48.599542168265856,-26.803660101516932],[-48.599536218460166,-26.803666136986987],[-48.59952245525528,-26.803678835074045],[-48.59950779453383,-26.803690696740425],[-48.599492307805896,-26.803701669054277],[-48.59948373517792,-26.80370713663124],[-48.59941631845034,-26.803748595828946],[-48.5995333758463,-26.80377434202972],[-48.59954511270549,-26.803777158116304],[-48.59956389365431,-26.803782620442355],[-48.59958222939239,-26.803789167131704],[-48.59959875522418,-26.803796179444085],[-48.59975524087987,-26.803867904346564],[-48.59986932653583,-26.803912045162484],[-48.60007664256065,-26.803969696932207],[-48.60008968363397,-26.803973617987634],[-48.60010802930066,-26.80398017380407],[-48.600125849908146,-26.803987785559322],[-48.60013262011165,-26.80399102271936],[-48.60021842551875,-26.804033339064166],[-48.600228881072205,-26.80403874133648],[-48.600245452229125,-26.804048380363046],[-48.600254688333564,-26.804054384617846],[-48.60043863623257,-26.804178769995765],[-48.600445227359025,-26.804183348698487],[-48.60044635666944,-26.80418416197031],[-48.60059952783067,-26.804294904209193],[-48.60060527074395,-26.80429917072701],[-48.60068761245682,-26.804361768435577],[-48.60084506254393,-26.804423582021016],[-48.600862663821026,-26.804431108753146],[-48.60087988969731,-26.804439748109285],[-48.60088599285101,-26.804443145384553],[-48.60103635180725,-26.80452891489213],[-48.601046809701266,-26.804535165414553],[-48.60106263706313,-26.80454574829884],[-48.6010776506864,-26.804557246870733],[-48.60109180163604,-26.80456959713208],[-48.601101389402594,-26.804578964269076],[-48.60117836178134,-26.804657786296254],[-48.601181992875006,-26.8046615748112],[-48.60119423052823,-26.80467548087424],[-48.60120094016237,-26.804683987044946],[-48.60128069496941,-26.804789242713404],[-48.60128517273554,-26.804795328680278],[-48.60129528105622,-26.804810543234627],[-48.601304251296895,-26.804826316040284],[-48.60130631830787,-26.804830357787207],[-48.6014892117903,-26.805195090478296],[-48.601549016423625,-26.805306965459483],[-48.60164677637565,-26.805467970322006],[-48.601654900772566,-26.805482366130917],[-48.60166271424527,-26.80549863368655],[-48.60166931205605,-26.805515322819677],[-48.60167468548059,-26.805532370213747],[-48.60167880606826,-26.805549694169606],[-48.60168165523152,-26.80556722217932],[-48.601683214382824,-26.805584881734948],[-48.60168348523052,-26.805602591648384],[-48.60168246929301,-26.805620279752375],[-48.60168016827864,-26.805637864858756],[-48.60167658351598,-26.8056552838211],[-48.60167173681946,-26.805672455791946],[-48.60166564981363,-26.80568930894469],[-48.60165835436601,-26.805705762602194],[-48.60164986185839,-26.805721753788333],[-48.601640233937694,-26.805737220378877],[-48.60162949241865,-26.805752081526254],[-48.60161769894835,-26.80576627510628],[-48.60160488463519,-26.805779756525297],[-48.601591121369324,-26.805792454808604],[-48.60157647060826,-26.80580431685289],[-48.60156097370353,-26.805815289214056],[-48.60154471183909,-26.805825337171427],[-48.60152775671559,-26.80583439877121],[-48.60151017908434,-26.80584245716421],[-48.60149205045628,-26.805849459417615],[-48.60147344158283,-26.805855388682243],[-48.60145445394426,-26.805860201557508],[-48.60143514785926,-26.805863899065688],[-48.60141561437538,-26.805866455677666],[-48.60139593429719,-26.80586785471485],[-48.60137619791267,-26.805868106731804],[-48.60135648621635,-26.80586718602912]]]}},{"type":"Feature","properties":{"categoria":"Ate 10","buffer":"30 meters","id":112641,"objectid":26361,"layerClass":"Ate 10"},"geometry":{"type":"Polygon","coordinates":[[[-48.596000022498295,-26.801705614377475],[-48.59600798845229,-26.801696012691526],[-48.59601872791841,-26.801684599154147],[-48.5961389766205,-26.80156367936754],[-48.59619826357076,-26.8014933328385],[-48.59620306700907,-26.80148777436448],[-48.5962117102279,-26.80147848196439],[-48.596340288294414,-26.801346441380804],[-48.596344449400384,-26.801342252679174],[-48.59635821263003,-26.801329554902455],[-48.59637287332812,-26.801317693560616],[-48.59638835998504,-26.801306721583487],[-48.59640462157698,-26.801296674200618],[-48.59642157635164,-26.801287613191967],[-48.59643916361332,-26.80127955557468],[-48.59645729174753,-26.801272553937185],[-48.59647588981587,-26.80126663414681],[-48.596494887070186,-26.801261813050058],[-48.59651419246699,-26.801258116172868],[-48.59653371515308,-26.801255560020362],[-48.59655339443301,-26.801254161609872],[-48.5965731299718,-26.80125391021331],[-48.596592840778584,-26.801254831527498],[-48.59661244700406,-26.80125689712413],[-48.596631857985265,-26.801260114487672],[-48.59665099368254,-26.80126446421076],[-48.5966697640036,-26.801269926715342],[-48.5966881092041,-26.801276473914683],[-48.59670592913907,-26.801284086060107],[-48.596723154011435,-26.8012927348942],[-48.596739714594776,-26.801302365096976],[-48.596755540901626,-26.80131295743197],[-48.59677056389564,-26.80132444755834],[-48.596784703917066,-26.801336798027194],[-48.596797921896865,-26.801349954030698],[-48.59681015866079,-26.801363860419617],[-48.596821345362315,-26.80137844383228],[-48.596831452794554,-26.80139365865239],[-48.59684042197319,-26.801409440709836],[-48.59684823450469,-26.80142570847549],[-48.596854831404606,-26.801442397779205],[-48.59686020395143,-26.801459445304264],[-48.59686432369886,-26.80147676935079],[-48.596867172062936,-26.80149429741046],[-48.5968687306499,-26.801511947954033],[-48.59686900079076,-26.80152965783537],[-48.5968679840067,-26.801547354887443],[-48.59686568238965,-26.80156493988058],[-48.596862097080404,-26.801582358689412],[-48.59685724989569,-26.801599530467357],[-48.59685116246209,-26.80161638338866],[-48.59684386664904,-26.80163283677738],[-48.59683537384035,-26.80164882765787],[-48.59682574587329,-26.80166428488718],[-48.596815003994195,-26.801679154681203],[-48.59680321042095,-26.80169334785519],[-48.59679456722962,-26.8017026402933],[-48.596673009649855,-26.801827472944872],[-48.59661277359006,-26.801898958642976],[-48.59660796009894,-26.801904516960082],[-48.59659723071827,-26.801915930715186],[-48.59648146186805,-26.80203233371024],[-48.59640740263667,-26.80212887909341],[-48.596406534048946,-26.802130010401854],[-48.59639473032358,-26.802144203363692],[-48.596389284793524,-26.802150166045877],[-48.59617849304652,-26.802373866675573],[-48.59617113415137,-26.802381385088935],[-48.59615737076552,-26.802394082835846],[-48.59614271995162,-26.802405944313687],[-48.59612722306228,-26.80241691608004],[-48.59611096128032,-26.802426963417236],[-48.59609400611655,-26.802436033395185],[-48.59607642889158,-26.80244408210469],[-48.5960583005455,-26.80245108367827],[-48.59603969201845,-26.802457012248535],[-48.59602070459901,-26.802461833439562],[-48.59600139917475,-26.802465521213232],[-48.596000017579485,-26.802465705297564],[-48.596000022498295,-26.801705614377475]]]}},{"type":"Feature","properties":{"categoria":"Ate 10","buffer":"30 meters","id":112647,"objectid":26367,"layerClass":"Ate 10"},"geometry":{"type":"Polygon","coordinates":[[[-48.59644773489165,-26.803367707014743],[-48.59642813855381,-26.803365632521647],[-48.596408727226674,-26.80336241510741],[-48.59638959100515,-26.803358074350648],[-48.59637081031191,-26.803352611617505],[-48.59635247505152,-26.8033460555075],[-48.59633465483258,-26.803338443299577],[-48.59631741945402,-26.803329803251856],[-48.59630085882012,-26.803320163963953],[-48.59628504234904,-26.80330957173576],[-48.596270019162986,-26.80329808154652],[-48.596255868923,-26.803285730846024],[-48.596242650803845,-26.803272574784295],[-48.59623042378998,-26.803258677532234],[-48.59621922714079,-26.80324408487745],[-48.596209129703006,-26.80322887018246],[-48.59620015024973,-26.80321309693505],[-48.59619234795539,-26.80319682028521],[-48.59618575107482,-26.80318013095406],[-48.59618037857128,-26.803163083408467],[-48.59617625869953,-26.803145768369504],[-48.59617341042274,-26.80312824030399],[-48.59617185213314,-26.803110580741286],[-48.59617157206475,-26.803092870698464],[-48.596172598852796,-26.80307518285469],[-48.59617490081612,-26.80305758886459],[-48.59617848629421,-26.803040170086604],[-48.59618333365871,-26.803022998346044],[-48.59618942109096,-26.80300615448904],[-48.59619671729053,-26.802989692128328],[-48.59620520024862,-26.802973701130853],[-48.596214838474616,-26.8029582441302],[-48.59622557031982,-26.80294338324762],[-48.5962373743465,-26.802929181287446],[-48.596250178853396,-26.80291570020017],[-48.59626394210724,-26.802903011469464],[-48.59627860303053,-26.802891150154],[-48.59629410016528,-26.802880169354196],[-48.59631035175786,-26.802870130849882],[-48.59631943806412,-26.802865105351472],[-48.59668244798268,-26.80267215396015],[-48.59669032692021,-26.80266810960702],[-48.59669108886408,-26.802667743534617],[-48.596758990291896,-26.8026343072856],[-48.596913899275386,-26.80241391620073],[-48.59695035645613,-26.802330313312268],[-48.5969836136206,-26.80222153296537],[-48.59699887903841,-26.80208227951792],[-48.596972859102415,-26.80180875022243],[-48.59694250782225,-26.801545579236965],[-48.5969412307414,-26.801530315837613],[-48.596940960779534,-26.801512596934792],[-48.59694197736131,-26.8014949089022],[-48.596944289016974,-26.801477324077496],[-48.59694787430917,-26.801459905265276],[-48.59695271142019,-26.801442733311905],[-48.59695879882771,-26.80142588038424],[-48.596966104661504,-26.801409427157857],[-48.59697458737923,-26.8013934360959],[-48.59698421549119,-26.801377969832163],[-48.59699495712737,-26.80136310904221],[-48.59700676069303,-26.80134891601844],[-48.597019564921396,-26.80133543484081],[-48.59703332808031,-26.801322736993267],[-48.59704798871292,-26.801310875576682],[-48.59706347530995,-26.801299903521198],[-48.59707973684773,-26.80128985605662],[-48.59709669157433,-26.801280794963365],[-48.597114278794095,-26.801272737258838],[-48.59713240689286,-26.80126573553195],[-48.597151004932314,-26.80125981565036],[-48.59717000216442,-26.801254994460916],[-48.597189307545776,-26.80125129749],[-48.59720883022325,-26.801248741243192],[-48.597228509501484,-26.801247342738133],[-48.597248245045414,-26.801247091247145],[-48.597267955864304,-26.80124801246752],[-48.59728756210862,-26.801250077971275],[-48.59730697311544,-26.80125329524334],[-48.59732610884495,-26.801257644876717],[-48.597344879204734,-26.80126310729379],[-48.597363224450255,-26.80126965440806],[-48.59738104443639,-26.801277266471345],[-48.59739826936586,-26.80128591522656],[-48.59741483001191,-26.801295545354034],[-48.59743065638693,-26.8013061376176],[-48.597445679454175,-26.80131762767675],[-48.59745981955363,-26.80132997808292],[-48.59747303761595,-26.801343134028485],[-48.5974852744665,-26.80135704036446],[-48.59749646125833,-26.80137162372944],[-48.59750656878425,-26.801386838507305],[-48.59751553805954,-26.801402620528137],[-48.597523350690196,-26.80141888826292],[-48.59752994769136,-26.801435577541724],[-48.59753532034115,-26.801452625047876],[-48.59753944019277,-26.80146994908161],[-48.59754228866181,-26.80148747713462],[-48.59754257019215,-26.801489864278388],[-48.597573193773734,-26.801755449264224],[-48.59757370543188,-26.80176027682365],[-48.59760232117467,-26.802061003686976],[-48.59760308668496,-26.80207143952633],[-48.59760335693426,-26.8020891494127],[-48.59760234044187,-26.802106837455195],[-48.59760196089036,-26.80211053089588],[-48.59758146784436,-26.802297442249277],[-48.59757954567507,-26.802311342839108],[-48.59757596044055,-26.802328761670086],[-48.59757496900415,-26.802332381554184],[-48.59760163921562,-26.802328520792408],[-48.59771665966067,-26.802319139076634],[-48.59772475685468,-26.802318572648964],[-48.597732084909914,-26.802318236815395],[-48.597863256549594,-26.8023135870585],[-48.5980327187254,-26.802294327327104],[-48.598287507167875,-26.802203077308786],[-48.59832337929156,-26.8021925142523],[-48.59841196858058,-26.8021718273889],[-48.59841940461466,-26.80217018485551],[-48.598467388112105,-26.80216374375893],[-48.598654515265046,-26.80215229109894],[-48.59887287823602,-26.802131243120535],[-48.598887996009516,-26.802130136983838],[-48.59912725878219,-26.8021194509549],[-48.599205364519314,-26.802111399967746],[-48.59921211982963,-26.80210913220379],[-48.59924507423351,-26.802077150307504],[-48.59932049139936,-26.801996707321347],[-48.59932985329223,-26.80198718326063],[-48.59938639913033,-26.801932310286603],[-48.59940779253081,-26.801913514994464],[-48.59941535654184,-26.80190770543695],[-48.59948902653906,-26.801852906317386],[-48.59962174396984,-26.801715644665816],[-48.5997503928886,-26.80156002198294],[-48.599867497634875,-26.80138765314596],[-48.59988776995905,-26.801361438981665],[-48.599960003370164,-26.80127884801068],[-48.60012916489753,-26.801080379627624],[-48.60013555194919,-26.801073151329422],[-48.60025353670295,-26.80094585445768],[-48.600532242099646,-26.800599171878126],[-48.60066988394968,-26.80043039912978],[-48.60068289747262,-26.800415549473676],[-48.60069703931963,-26.800401558188472],[-48.60071223798339,-26.800388478206244],[-48.600728411334416,-26.800376389351417],[-48.60074548805558,-26.800365335535208],[-48.600763376344915,-26.80035537836985],[-48.60078200469558,-26.800346570787532],[-48.60080126196039,-26.800338937976107],[-48.60082107644278,-26.800332541888753],[-48.600841337185614,-26.800327398692527],[-48.600861943094515,-26.800323533745843],[-48.600882803127625,-26.800320972577616],[-48.60090380670778,-26.80031971331326],[-48.600924862793185,-26.800319781481797],[-48.600945860996596,-26.800321166187864],[-48.60096669093074,-26.800323856536153],[-48.60098727217599,-26.800327851163583],[-48.60100749472479,-26.800333121133132],[-48.6010272483796,-26.80033964652878],[-48.601046453480194,-26.800347389903962],[-48.6010650102612,-26.800356313471283],[-48.6010828189571,-26.800366379443446],[-48.60109981014985,-26.80037754152347],[-48.6011158946959,-26.800389735031768],[-48.60113099331431,-26.80040290448005],[-48.601145026913834,-26.80041698535915],[-48.60115792645569,-26.800431913330318],[-48.601169643195995,-26.800447615374633],[-48.60118009842291,-26.800464008941102],[-48.6011892634974,-26.800481021351555],[-48.601197090054995,-26.80049856154522],[-48.601203519488706,-26.800516547311798],[-48.60120854345425,-26.800534897292888],[-48.60121213388191,-26.800553511747513],[-48.601214262322216,-26.800572308976385],[-48.6012149208105,-26.80059118957919],[-48.60121411105491,-26.800610072367764],[-48.601211835143374,-26.80062885811207],[-48.601208115268946,-26.80064744792282],[-48.60120294308731,-26.800665760441333],[-48.601196370569546,-26.800683715331225],[-48.60118842009879,-26.800701204682184],[-48.601179123351294,-26.8007181568379],[-48.6011685324883,-26.800734482441005],[-48.60115669929142,-26.80075011017591],[-48.60102028604816,-26.800917379159152],[-48.600736686543186,-26.801270143226166],[-48.60072526393211,-26.801283458680157],[-48.60060458320587,-26.801413670152222],[-48.60043688662189,-26.8016103952257],[-48.600373318812956,-26.801683098561185],[-48.600258352362566,-26.801852318580544],[-48.60024306007705,-26.801872697423235],[-48.60009937672005,-26.80204649285342],[-48.60009161517436,-26.80205547558812],[-48.60008495853715,-26.802062609067683],[-48.599928432305774,-26.802224491243756],[-48.599900669644335,-26.802249666933164],[-48.599893115684445,-26.802255476687],[-48.59981574722916,-26.80231302880793],[-48.599777567581405,-26.802350074986837],[-48.59970215046355,-26.802430518219047],[-48.59969278856024,-26.80244004230353],[-48.59963624258724,-26.80249491538953],[-48.59961484910443,-26.802513710710052],[-48.59959753478717,-26.802526474916927],[-48.59954294760342,-26.802563784162714],[-48.59953272011313,-26.802570478028933],[-48.59952219940109,-26.802576769859467],[-48.599511385277374,-26.80258266867518],[-48.599500308470304,-26.802588147924858],[-48.599488989085415,-26.802593207949535],[-48.59947743736558,-26.802597839898766],[-48.59946568365912,-26.802602035263202],[-48.59938185601851,-26.802630113087115],[-48.59934486894636,-26.80264013409743],[-48.59931078692275,-26.802645439647787],[-48.59918640161746,-26.802658264397245],[-48.59916907690459,-26.80265958579636],[-48.59892870567012,-26.80267032522489],[-48.598713102760875,-26.802691104227616],[-48.59870141802504,-26.802692024944534],[-48.59853656330417,-26.802702113928095],[-48.59849356214912,-26.802712149966254],[-48.59822059432357,-26.802809913989112],[-48.59817729596631,-26.802822119693523],[-48.59814670141975,-26.802827041966662],[-48.59792611006984,-26.802852120795098],[-48.597907411878154,-26.80285371651913],[-48.597900083597935,-26.802854061380373],[-48.597763577677476,-26.802858891312656],[-48.59769462350282,-26.802864515931596],[-48.597510043000995,-26.802923973614163],[-48.597235338139555,-26.803017257288932],[-48.59711833461562,-26.803074865812636],[-48.59711757247989,-26.803075240908097],[-48.5969856208758,-26.803140202816206],[-48.59662688147946,-26.803330881189783],[-48.59661900249215,-26.80333492553582],[-48.59660142515483,-26.803342974302854],[-48.59658329668776,-26.803349975935543],[-48.596564698084286,-26.803355904736975],[-48.596545700475396,-26.803360725818656],[-48.596526394907364,-26.803364413654553],[-48.596506861802915,-26.803366969610458],[-48.596487192018124,-26.80336837718127],[-48.596467446250756,-26.80336861934967],[-48.59644773489165,-26.803367707014743]]]}},{"type":"Feature","properties":{"categoria":"Ate 10","buffer":"30 meters","id":112649,"objectid":26369,"layerClass":"Ate 10"},"geometry":{"type":"Polygon","coordinates":[[[-48.61480001325896,-26.801088920457406],[-48.614780416576764,-26.801086857531967],[-48.61476100490626,-26.801083642627567],[-48.614759662941694,-26.801083376356985],[-48.61458533485099,-26.80104844737516],[-48.614582831117104,-26.80104795396471],[-48.61448569673612,-26.801029270015636],[-48.614484524913564,-26.801029042707142],[-48.61446538818583,-26.801024704375635],[-48.614446606802815,-26.801019244009613],[-48.61442827067278,-26.801012690197336],[-48.614410449409654,-26.80100508020915],[-48.614393222868856,-26.80099644246387],[-48.61437666085302,-26.800986805210947],[-48.614360832787,-26.800976214741773],[-48.61434580790675,-26.800964726368786],[-48.61433900911438,-26.80095899872393],[-48.61426073844507,-26.80089092746281],[-48.61425338497662,-26.80088431511875],[-48.61424016489496,-26.800871160615674],[-48.61423412889676,-26.800864543407915],[-48.61421451240846,-26.800842292995306],[-48.61416107356496,-26.800821159914204],[-48.61411633739911,-26.800815686084363],[-48.614042958660626,-26.800815613112842],[-48.61403762979827,-26.8008155683931],[-48.61397187524962,-26.800814459804364],[-48.613875313584835,-26.80081886893921],[-48.61387405548948,-26.800818919920587],[-48.61386809807321,-26.80081911727358],[-48.61378369365795,-26.80082115943269],[-48.61369299655575,-26.800830765982003],[-48.613581336141756,-26.800845947860584],[-48.613569873759594,-26.800847306733083],[-48.61355823836296,-26.800848283671986],[-48.61350481636011,-26.800851804668053],[-48.61343887040883,-26.800859355806786],[-48.61343442546665,-26.800859840347933],[-48.61341474626859,-26.800861241126157],[-48.61339501082993,-26.80086148585934],[-48.613375299572695,-26.80086057590371],[-48.613362322812115,-26.800859337332113],[-48.613335206164706,-26.800856217902382],[-48.61328154994081,-26.800752798445036],[-48.613276029059996,-26.800742715580938],[-48.613262209813584,-26.800721203530223],[-48.613240239002074,-26.800690376422445],[-48.61323389128348,-26.80068184079392],[-48.613227187188585,-26.800673515734978],[-48.613220136203296,-26.80066542847804],[-48.61321275805513,-26.800657597404136],[-48.613205042880374,-26.800650013322663],[-48.61319702045916,-26.80064269478416],[-48.61318869041365,-26.800635659830558],[-48.61316790623523,-26.800618758971897],[-48.61315671409278,-26.800610096516564],[-48.61312777630597,-26.800588780681736],[-48.613106098410896,-26.800574220050034],[-48.61309356939275,-26.800566969885676],[-48.61305931873702,-26.800548208513543],[-48.613028493898184,-26.800533448476575],[-48.61299394184783,-26.80052139598825],[-48.61295272758839,-26.80050958306436],[-48.612940476968085,-26.80050632626573],[-48.612919752463405,-26.800501942902535],[-48.61285059245303,-26.800489631512356],[-48.61272209817782,-26.80046881111762],[-48.61266185165299,-26.80045632512306],[-48.612601367548635,-26.800442219769558],[-48.61251046838297,-26.80041780104889],[-48.612522556657886,-26.800406724766628],[-48.61257430348749,-26.80035690896452],[-48.61258109850303,-26.80035224980742],[-48.612588388212295,-26.800347978010176],[-48.612603174573174,-26.800342036865853],[-48.61264568664756,-26.800324534208677],[-48.6126702051513,-26.800317259215245],[-48.61271514400224,-26.800311122804366],[-48.612734592311405,-26.8003077780283],[-48.612753945913035,-26.80030607405068],[-48.61278042138074,-26.800305230183614],[-48.61282329418774,-26.80030939156145],[-48.612837645138264,-26.800311754307096],[-48.612979399509115,-26.800352443859268],[-48.6129869852017,-26.800354205178262],[-48.61301066061647,-26.800356454452455],[-48.613017840421016,-26.800355988978204],[-48.61302419587126,-26.80035503131885],[-48.613027409233496,-26.800354291389187],[-48.613029866531456,-26.800353159692403],[-48.61304363804749,-26.800346217749766],[-48.61304622432885,-26.800345169445645],[-48.61306460543104,-26.80034044397468],[-48.613071904087626,-26.800339105157693],[-48.61307803445029,-26.800338811488114],[-48.61308298775004,-26.800339021368018],[-48.61308801225214,-26.80034015291397],[-48.61310055998292,-26.800344587852273],[-48.61310216428588,-26.800345291722707],[-48.61310373049575,-26.800346373965798],[-48.613108794877185,-26.800350402942247],[-48.61311031449216,-26.800352269502223],[-48.613110881642,-26.800354959246086],[-48.61311150044462,-26.80036766668996],[-48.6131136994457,-26.800383189253417],[-48.61311347600237,-26.800390016781687],[-48.613108105431195,-26.800413091248174],[-48.61311176015427,-26.800421527317308],[-48.6132331467611,-26.800536845916742],[-48.613249419056764,-26.80055886859628],[-48.61325834246415,-26.80058270753441],[-48.61327463767989,-26.800597393947395],[-48.61329707599399,-26.800607337978978],[-48.61335295735971,-26.800630912994897],[-48.613361330734215,-26.800632037838117],[-48.6134550009813,-26.800644681093353],[-48.613478705022914,-26.800643645976844],[-48.613606928457685,-26.800638038357366],[-48.613637991917486,-26.80062748047025],[-48.61364821690848,-26.80061797897146],[-48.61365478810866,-26.800604797169104],[-48.613655246921724,-26.800587207770107],[-48.6136552561827,-26.80058244316344],[-48.61365269767097,-26.800562474650263],[-48.613650139159866,-26.80054250613705],[-48.61364965015102,-26.800539926002404],[-48.613648574605804,-26.800536541850498],[-48.61364631469575,-26.800532569205096],[-48.61364395457235,-26.800530020689056],[-48.613641280024936,-26.800528080514873],[-48.61362602702541,-26.800517887705432],[-48.61362241871589,-26.80051587764074],[-48.61359200022845,-26.800502839168143],[-48.61358809000407,-26.80050132034111],[-48.61358350402698,-26.800500376690362],[-48.61357640738567,-26.800499751670568],[-48.61357094539967,-26.800499822003403],[-48.613552360721215,-26.800501782710587],[-48.61354847741911,-26.800502339895957],[-48.61354384535082,-26.800503597364607],[-48.613483915192255,-26.8005216187497],[-48.613461533727396,-26.800526728024206],[-48.61338255740997,-26.80054473500587],[-48.613371957925,-26.800546667914062],[-48.61336610596209,-26.800546632396443],[-48.61335703253798,-26.80054580257002],[-48.61335184208047,-26.800544911887023],[-48.61335114066219,-26.80054479176825],[-48.61334433943416,-26.800543025648885],[-48.613323026210395,-26.800536980992337],[-48.61331768125453,-26.800534824318724],[-48.613310224705735,-26.800530736958553],[-48.613289049129556,-26.80051715943592],[-48.61326210124389,-26.800498782969775],[-48.613256132182364,-26.80049329487389],[-48.613248978938586,-26.800484808830625],[-48.61322006389212,-26.800437918899522],[-48.61320528598047,-26.800415127293185],[-48.61319656860298,-26.800403059345385],[-48.6131320219623,-26.80032556309991],[-48.61303590825781,-26.800230821655827],[-48.612996125704754,-26.800190507495586],[-48.61299273732518,-26.80018712042723],[-48.6129877534146,-26.800183571085366],[-48.612967864229546,-26.80017387756056],[-48.61295218335533,-26.800167314206877],[-48.61294379168923,-26.80016466394804],[-48.61293313176221,-26.800162282252202],[-48.61290868630708,-26.800159830471234],[-48.612878064358654,-26.800159395185972],[-48.61282129281975,-26.800164411598516],[-48.612411553952,-26.800228763549537],[-48.61227863947384,-26.800249505704627],[-48.61221464384659,-26.800259498642752],[-48.61212410340299,-26.80027124557118],[-48.61211766128756,-26.80026722038781],[-48.612110556371945,-26.800251633088084],[-48.61209929889741,-26.800229776120876],[-48.61208562637886,-26.80020847399933],[-48.61204046702642,-26.800144985048046],[-48.61202768101624,-26.800128408494587],[-48.61199426813548,-26.80009463577786],[-48.611953662308416,-26.800060037797834],[-48.61195654623422,-26.800059662324454],[-48.611976225294164,-26.800058261741007],[-48.61198187084783,-26.800058068227955],[-48.61210953024583,-26.800054870898155],[-48.61222345517795,-26.800046767210002],[-48.612224986007305,-26.8000466576753],[-48.612293423074924,-26.800042100014434],[-48.61248275532082,-26.800012572530154],[-48.612549444593334,-26.79999879865517],[-48.612563789420996,-26.799996170958128],[-48.61258331171111,-26.79999361255099],[-48.61259070675443,-26.7999929521966],[-48.61266806561777,-26.799986857335053],[-48.61274395456837,-26.7999741229202],[-48.61274611394827,-26.79997377130545],[-48.61276564628508,-26.79997121304218],[-48.61278532532898,-26.799969812344454],[-48.612805060607236,-26.799969567686166],[-48.61281154320635,-26.79996974020123],[-48.612859494903255,-26.799971469487204],[-48.612872723397516,-26.79997220699239],[-48.61289232969686,-26.79997427935803],[-48.61290642226344,-26.7999764933499],[-48.61296913837327,-26.799987730426466],[-48.61297445721805,-26.799988731577656],[-48.612993583459996,-26.799993078947637],[-48.61300556071874,-26.799996421370327],[-48.613101128225516,-26.80002504254222],[-48.61310793210284,-26.80002716065903],[-48.61312317567684,-26.800032516405096],[-48.61319843075694,-26.800061092732747],[-48.61320152307055,-26.800062290953893],[-48.61321934409798,-26.800069901080235],[-48.613236580456174,-26.800078539123874],[-48.61325314223876,-26.800088176496303],[-48.61325592107367,-26.800089937952418],[-48.61329309375385,-26.80011370282032],[-48.613306132708225,-26.800122531770928],[-48.61332115737034,-26.800134020241305],[-48.61333530923898,-26.8001463693361],[-48.613348529131905,-26.80015952391248],[-48.61336075786681,-26.800173428827662],[-48.61337195655546,-26.80018802025688],[-48.61338205615167,-26.8002032338668],[-48.61339103787226,-26.80021900617169],[-48.6133988427235,-26.800235273007708],[-48.61340090297038,-26.800240135682426],[-48.6134195657637,-26.80028534565459],[-48.613420529318,-26.800287834526365],[-48.61344321755792,-26.80031321408055],[-48.61345253569508,-26.800312441724692],[-48.61350242292661,-26.800309149903022],[-48.61360748742892,-26.800294858522836],[-48.61361571379481,-26.800293878238918],[-48.61361733736776,-26.800293661962993],[-48.61361894975473,-26.800293499643452],[-48.6137265583667,-26.800282093686334],[-48.613728170753454,-26.800281931365546],[-48.61374785003944,-26.800280521515703],[-48.613753807427265,-26.8002803241659],[-48.61384826251333,-26.800278045375375],[-48.61395171864357,-26.80027332833833],[-48.613952976921745,-26.80027326833489],[-48.61397271226355,-26.800273023516972],[-48.61404628744449,-26.80027426393796],[-48.61413731405168,-26.800274354655752],[-48.61414264288908,-26.800274399370064],[-48.61416235406018,-26.800275309212488],[-48.61417774835416,-26.800276832115387],[-48.614284642988764,-26.800289923351986],[-48.61428885527414,-26.80029046361674],[-48.614308266792605,-26.800293678576434],[-48.614327403392075,-26.800298016921072],[-48.61434617459932,-26.800303477125713],[-48.61436168592289,-26.800309017739536],[-48.61434974503853,-26.800310179104894],[-48.614320335153224,-26.800315251260038],[-48.61429784980663,-26.800324365653562],[-48.614278205871656,-26.80033897854356],[-48.61424341702306,-26.800370418886786],[-48.61420330418017,-26.80040734640877],[-48.61418448472444,-26.800421964159128],[-48.61415177191527,-26.80044021905984],[-48.614100653467545,-26.800468694870048],[-48.614066719702734,-26.80048474531588],[-48.614055217510526,-26.800488007659432],[-48.61404750885671,-26.80049019691165],[-48.61401522728419,-26.80049745858124],[-48.613946810321124,-26.80050296494333],[-48.6139176182555,-26.800505315383244],[-48.61377423949441,-26.80052296770717],[-48.6137636118722,-26.800526244772474],[-48.61375991652534,-26.80053319424692],[-48.61376191892865,-26.800550906363572],[-48.61376351265837,-26.800565083138054],[-48.6137700231441,-26.80057353124723],[-48.61378430030234,-26.800579421106463],[-48.61384184574299,-26.80058980357813],[-48.61391778379722,-26.800598754462502],[-48.61395161085568,-26.80059788993983],[-48.6139704562891,-26.800597404517035],[-48.614020707653694,-26.800590175093152],[-48.61405215531289,-26.80058768217667],[-48.614060642398236,-26.800587698922318],[-48.61407379542673,-26.80058772213686],[-48.61411789703801,-26.800588916843868],[-48.61416034208292,-26.80059670735398],[-48.61424031506696,-26.80061995721126],[-48.614279074867234,-26.8006346973452],[-48.6142830396127,-26.800636975103494],[-48.61431943818976,-26.80065786600637],[-48.61434713495772,-26.800684674459568],[-48.61436072388091,-26.800703267723147],[-48.61438415769248,-26.800735319548398],[-48.614406968872025,-26.80075772305613],[-48.6144212372941,-26.800766915554355],[-48.61443469126305,-26.800776103346635],[-48.61447100445286,-26.800785703531417],[-48.61449223919346,-26.800786855594016],[-48.61453309902448,-26.800778141132348],[-48.61454619284823,-26.80076754185168],[-48.61454891911856,-26.800764609826842],[-48.61456011265972,-26.800752552694547],[-48.61456546094478,-26.80073533447421],[-48.61457167358002,-26.800704206519807],[-48.61457550530519,-26.80064557786742],[-48.6145631160531,-26.800538919866057],[-48.61456262475995,-26.80052443680737],[-48.61456158611005,-26.800494305626284],[-48.614561227184836,-26.800483587879913],[-48.61456742657677,-26.800455013542656],[-48.61457197802591,-26.800429741349166],[-48.6145736842498,-26.800402995378473],[-48.614573635882344,-26.80040098217201],[-48.614582965044995,-26.800406409536198],[-48.61459879324769,-26.800416990956407],[-48.61461380803531,-26.800428479130794],[-48.61462796008873,-26.80044082810747],[-48.614641180172306,-26.800453982574687],[-48.6146472161758,-26.80046059976554],[-48.614694808987714,-26.800514563346937],[-48.61469670530047,-26.80051621063584],[-48.61471177922414,-26.80051910878175],[-48.61471295104212,-26.800519336088048],[-48.61471428294735,-26.800519602189205],[-48.61485045617165,-26.800546885180566],[-48.61500002547942,-26.80053951535455],[-48.61500002280724,-26.800743867803167],[-48.61494749148168,-26.800748559454405],[-48.614860110350605,-26.800756372688337],[-48.61485027633247,-26.800755845984064],[-48.61474101777535,-26.800749970746978],[-48.614700132974924,-26.800751230879932],[-48.61467074273071,-26.800750555033968],[-48.6146574721843,-26.80075758679881],[-48.61465058766279,-26.80076988802684],[-48.61464855720866,-26.80078377810684],[-48.614655487557734,-26.800798595299497],[-48.614672258590154,-26.800812179607487],[-48.6146823641655,-26.800830001222213],[-48.61468457223402,-26.800838855058316],[-48.61469559870757,-26.80085303740251],[-48.61471079771777,-26.800864375263334],[-48.61474569358673,-26.80087250762348],[-48.614753799113075,-26.800874900280082],[-48.61476579737195,-26.80088397326601],[-48.61478419696585,-26.800897585009857],[-48.614798408737336,-26.800914771937485],[-48.61479915707105,-26.80091553355647],[-48.614819845792816,-26.800936529556296],[-48.61485200417946,-26.800954858194743],[-48.61487470730269,-26.80096273088792],[-48.61489731065755,-26.800970565799485],[-48.61492579536781,-26.800974150173353],[-48.61495357280846,-26.80097404978214],[-48.61498405698001,-26.800965223501166],[-48.61499565836093,-26.800959625492975],[-48.61500002637719,-26.80095608943437],[-48.61500002256751,-26.80108168786348],[-48.61484193625009,-26.801089473609924],[-48.614839470127585,-26.801089585457625],[-48.61481972439449,-26.80108983923879],[-48.61480001325896,-26.801088920457406]]]}},{"type":"Feature","properties":{"categoria":"Ate 10","buffer":"30 meters","id":112660,"objectid":26380,"layerClass":"Ate 10"},"geometry":{"type":"MultiPolygon","coordinates":[[[[-48.59946796800825,-26.80043505004107],[-48.59944837189097,-26.80043298501666],[-48.59942896093722,-26.800429768043504],[-48.599409825240286,-26.800425418698175],[-48.59939104484096,-26.800419956386712],[-48.5993727096424,-26.80041340970667],[-48.59935488982277,-26.800405788872766],[-48.59933765460998,-26.800397149204258],[-48.599321094097036,-26.800387510277854],[-48.59930527751172,-26.800376927412806],[-48.59929025454673,-26.800365428524714],[-48.59927610429216,-26.80035307812424],[-48.599262885922975,-26.800339931360213],[-48.59925065899411,-26.800326025339587],[-48.599239462195264,-26.800311432911858],[-48.59922936456361,-26.800296218417227],[-48.599220384873654,-26.800280445343166],[-48.599212582109935,-26.80026417785932],[-48.59920598509931,-26.800247479623675],[-48.5992031274897,-26.8002389665269],[-48.59909045224217,-26.799881270292644],[-48.59897373213349,-26.799538034192516],[-48.598969459469096,-26.799524136760713],[-48.598965439566804,-26.799507310779486],[-48.598923633262544,-26.799300310238692],[-48.598890824926116,-26.799282914624857],[-48.59857801998026,-26.799209051112044],[-48.59828400852502,-26.799172486667825],[-48.59830777708267,-26.799247113348745],[-48.59841334522046,-26.79952103594887],[-48.59841568582058,-26.799527356449865],[-48.59842104848694,-26.79954440375881],[-48.598425168430474,-26.799561727775366],[-48.59842801701396,-26.799579255820763],[-48.59842957565261,-26.79959691538677],[-48.59842985610905,-26.799614625455973],[-48.59842882974605,-26.7996323133495],[-48.598426528431155,-26.799649898391053],[-48.59842294344199,-26.79966731726372],[-48.598418096593676,-26.79968448912055],[-48.59841201956384,-26.79970134230604],[-48.5984047140628,-26.79971779563201],[-48.59839623168314,-26.799733786804957],[-48.59838659386006,-26.7997492530196],[-48.598375862618916,-26.799764114111223],[-48.598364059395074,-26.799778307274526],[-48.59835125550617,-26.799791788598927],[-48.59833749268279,-26.799804486599406],[-48.59832283238034,-26.799816348173913],[-48.598307336054376,-26.7998273202204],[-48.59829108488524,-26.799837368019787],[-48.59827413046625,-26.799846429278634],[-48.598256543545254,-26.799854487149076],[-48.59823841573554,-26.799861489040975],[-48.598219817785065,-26.79986741810656],[-48.598200821012185,-26.79987223043544],[-48.598181515889735,-26.7998759275629],[-48.5981619834084,-26.799878483791023],[-48.59814231442129,-26.799879882613414],[-48.59812257910621,-26.799880134245168],[-48.59810286850639,-26.799879213159112],[-48.59808326247189,-26.799877147782805],[-48.59806385166566,-26.79987393063092],[-48.59804471612784,-26.799869581110247],[-48.59802593570835,-26.79986412764848],[-48.59800760087993,-26.799857571781285],[-48.597989781059674,-26.799849959807602],[-48.59797255628749,-26.79984131113434],[-48.59795599579015,-26.799831681081354],[-48.59794016955493,-26.799821088884997],[-48.59792514661835,-26.79980959888602],[-48.59791099658724,-26.79979724836257],[-48.59789777863556,-26.79978409246392],[-48.597885551937246,-26.79977018633937],[-48.59787436523336,-26.799755603009345],[-48.59786425778285,-26.79974038826097],[-48.597855278516754,-26.79972460609377],[-48.597847475985795,-26.79970833854899],[-48.59784321958621,-26.79969796979329],[-48.5977349639691,-26.79941707069847],[-48.597732623409485,-26.799410750188795],[-48.59773001150972,-26.799402990239777],[-48.597665280956676,-26.79919975141211],[-48.597661746829495,-26.799193284303893],[-48.59765919171668,-26.799191418061998],[-48.597488555999355,-26.799230790446373],[-48.59748598956521,-26.79923136954304],[-48.597466684538006,-26.799235066578923],[-48.59744715215994,-26.799237622714788],[-48.59742747323121,-26.799239021274012],[-48.59742072102522,-26.799239240539876],[-48.59726332302762,-26.79924264166805],[-48.59706530790885,-26.79926611747513],[-48.59705951236517,-26.7992667500272],[-48.597039833240906,-26.799268157552707],[-48.59702009823247,-26.799268400016643],[-48.59700038756959,-26.799267487805388],[-48.596981533891345,-26.799265516273522],[-48.59673391609889,-26.799232542838947],[-48.59667984622864,-26.799232481958786],[-48.59653941662391,-26.79938304677514],[-48.59649780759439,-26.79944490427187],[-48.59649465387371,-26.799449489103324],[-48.59634867736424,-26.799657055010428],[-48.59634118269635,-26.79966720617702],[-48.596339911619516,-26.79966882697619],[-48.59623058108298,-26.799807628782663],[-48.59622004868199,-26.799820200950844],[-48.59620724455026,-26.799833682063774],[-48.59619348149965,-26.799846379839202],[-48.59617882098655,-26.79985824117609],[-48.59617723735935,-26.79985942350781],[-48.59604398664758,-26.799958961066082],[-48.59603007373244,-26.79996875051684],[-48.59602827900036,-26.799969929260836],[-48.596000024967346,-26.799988354822677],[-48.596000024404276,-26.799137399886597],[-48.59603495886631,-26.799085436900718],[-48.59604561729638,-26.799070701098543],[-48.59605741085037,-26.799056498950247],[-48.59606189910163,-26.799051575832404],[-48.59625353529825,-26.798846112239538],[-48.59626186093271,-26.79883756343015],[-48.59627562384499,-26.79882486563776],[-48.59629028420686,-26.798813004279694],[-48.59630578075295,-26.798802023435712],[-48.59632203173277,-26.798791984885828],[-48.59632232686611,-26.798791818440282],[-48.596393346857276,-26.798751062512327],[-48.596410016346404,-26.7987421590724],[-48.59642759314834,-26.798734101256986],[-48.59643939435374,-26.798729545971668],[-48.596482547117354,-26.798675060314757],[-48.596482921237374,-26.798673532570152],[-48.596482252617314,-26.798647062535014],[-48.5964532808381,-26.7984983134729],[-48.596450669015105,-26.79848197158074],[-48.596449110686066,-26.79846431201191],[-48.596448830525986,-26.798446601956904],[-48.59644917551114,-26.79843787248048],[-48.59645151820281,-26.798396879652703],[-48.59645218980802,-26.798387921096285],[-48.59645450143579,-26.798370336273376],[-48.59645808666463,-26.79835291746508],[-48.59646292367727,-26.798335745517715],[-48.59646901095132,-26.79831889259813],[-48.59647631661721,-26.798302439381885],[-48.59648195723075,-26.798291507714364],[-48.59650386964823,-26.798251424765606],[-48.59650469554983,-26.798249931765348],[-48.59656316869249,-26.798144638819018],[-48.59659064119606,-26.798087901529357],[-48.596631948923765,-26.797884360358758],[-48.59663220713712,-26.797883083320194],[-48.59668012441748,-26.79764696903974],[-48.59668611698339,-26.797623635187982],[-48.59679688242405,-26.797265454061275],[-48.596828879813614,-26.797049887990163],[-48.59683035017194,-26.796902883137392],[-48.59680017087349,-26.796820458867685],[-48.596730766726154,-26.796659210750505],[-48.59672601843055,-26.79664738073421],[-48.596721887503165,-26.796635362670255],[-48.596718393287375,-26.796623192983578],[-48.5967155255406,-26.796610880524398],[-48.59671329336384,-26.796598470567833],[-48.596711716671024,-26.796585972476155],[-48.59671078464896,-26.796573422162187],[-48.59668926976274,-26.79612918795161],[-48.59659501270054,-26.79570161335886],[-48.59659164503139,-26.795682966507613],[-48.59658974915307,-26.795664146117574],[-48.596589302678275,-26.795645260097917],[-48.59659033405073,-26.795626390148616],[-48.59659283131562,-26.79560762630772],[-48.596596782137745,-26.795589076654945],[-48.59660216508085,-26.795570803994938],[-48.59660894751552,-26.795552925086888],[-48.59661711786748,-26.795535511926893],[-48.59662660405994,-26.79551864450783],[-48.59663739394823,-26.795502421888383],[-48.59664940578404,-26.79548690584895],[-48.59666260750899,-26.795472186085973],[-48.59667690732291,-26.795458324209136],[-48.596692263495946,-26.795445391702422],[-48.596708573985914,-26.795433459025784],[-48.59672577752962,-26.795422570259213],[-48.59674379237945,-26.79541278718317],[-48.59676251706414,-26.795404153195033],[-48.596781870216645,-26.795396712033558],[-48.596801750556054,-26.795390498075335],[-48.596822066853626,-26.795385545867653],[-48.596842718018735,-26.79538188076637],[-48.596863603151064,-26.795379519106415],[-48.59688462154042,-26.795378468201967],[-48.59690567247667,-26.795378735367272],[-48.59692665543985,-26.795380318895695],[-48.59694746004808,-26.795383207889166],[-48.5969679857813,-26.7953874006412],[-48.5969881429322,-26.795392859532498],[-48.597007821118744,-26.795399573665126],[-48.597026930633476,-26.79540750541989],[-48.59704537190688,-26.795416607986066],[-48.5970630652834,-26.795426843915166],[-48.59707992124541,-26.795438166567198],[-48.5970958607076,-26.795450511431074],[-48.59711079434226,-26.79546382284594],[-48.597124662977855,-26.79547804566291],[-48.59713738790899,-26.79549309732913],[-48.59714891034421,-26.795508904653932],[-48.597159181543994,-26.79552539461725],[-48.59716814271665,-26.795542494028407],[-48.5971757455028,-26.79556011182552],[-48.597181971699236,-26.79557815745863],[-48.59718677275627,-26.795596548886696],[-48.597285493320676,-26.7960443227379],[-48.5972879938941,-26.796057359908765],[-48.59729093862496,-26.796085104898577],[-48.59731129793098,-26.796505559032482],[-48.59736566246638,-26.796631835841552],[-48.597370857992765,-26.796644873638456],[-48.59741921718967,-26.796776977329937],[-48.597430803511486,-26.796821247772133],[-48.59743401248839,-26.796863174124997],[-48.59743190609077,-26.797072831660188],[-48.597429301613985,-26.797104795973773],[-48.597392079292355,-26.7973555217191],[-48.597389615362914,-26.797369368000133],[-48.597383734888034,-26.79739216234642],[-48.59737307288381,-26.79742664296383],[-48.59758089053565,-26.797285261463866],[-48.597606623438786,-26.797258066423545],[-48.597612900337054,-26.797237453605007],[-48.59766311259894,-26.796957701106415],[-48.5976643768594,-26.796951153011],[-48.597665964336024,-26.796944059930755],[-48.59781216511691,-26.79633143070533],[-48.597816317226105,-26.79631620530167],[-48.59800767679182,-26.795693052998566],[-48.598131827799456,-26.795219480618513],[-48.59813736049941,-26.79520124652381],[-48.59814430274506,-26.79518340633649],[-48.59815260237481,-26.79516604941235],[-48.59816223757341,-26.79514925659798],[-48.59817315655959,-26.79513309920737],[-48.598185307172024,-26.79511766659623],[-48.59819862738758,-26.79510303892884],[-48.59821304570133,-26.795089269136223],[-48.598228499900266,-26.795076446403524],[-48.59824491866979,-26.795064614640935],[-48.59826221002112,-26.795053844480115],[-48.59828030263986,-26.795044179831315],[-48.59829910491757,-26.79503567328451],[-48.59831851538392,-26.79502836823829],[-48.59833845305288,-26.795022290390623],[-48.59835880659227,-26.795017473948764],[-48.59837948496416,-26.795013944440193],[-48.59840039713064,-26.79501172739252],[-48.59842142265789,-26.79501081173811],[-48.59844247050805,-26.79501122300466],[-48.598463430299354,-26.79501295029526],[-48.598484211754126,-26.795015983054103],[-48.59850470449054,-26.795020310384423],[-48.59852480855886,-26.795025903518194],[-48.598544433681234,-26.79503275189983],[-48.598563480287865,-26.79504080871961],[-48.59858184861884,-26.795050036188798],[-48.59859945920824,-26.795060387838856],[-48.59861621229594,-26.795071825881102],[-48.598632049090014,-26.795084277125426],[-48.598646870020154,-26.795097694762287],[-48.59866061629422,-26.795112005601602],[-48.59867321906789,-26.79512713628275],[-48.59868460930673,-26.795143022465986],[-48.598694738270325,-26.79515959113175],[-48.59870355778827,-26.79517674219775],[-48.598711018929905,-26.79519441166524],[-48.598717093628835,-26.79521249979295],[-48.59872174338637,-26.795230924710836],[-48.598724949998,-26.79524959586897],[-48.59872669525915,-26.795268422717353],[-48.598726971017314,-26.79528731487654],[-48.59872578922414,-26.795306182308043],[-48.59872313186504,-26.795324925440887],[-48.59871903099591,-26.79534345457759],[-48.59859357048025,-26.795822013749703],[-48.59859074711967,-26.795831928473614],[-48.59840019960444,-26.79645246946494],[-48.59825744405247,-26.797050629077866],[-48.59820589985755,-26.797337822195715],[-48.5982046356217,-26.797344370297438],[-48.59819907968704,-26.797366087299537],[-48.5981708920005,-26.79745871977018],[-48.59816536248809,-26.797474887388105],[-48.59815872401579,-26.79749071131838],[-48.59815098777604,-26.79750613760607],[-48.598142195308235,-26.79752110378712],[-48.59813237828966,-26.79753553820598],[-48.59812157787966,-26.797549396440356],[-48.59810983542774,-26.797562625047043],[-48.59801932821098,-26.797658269742833],[-48.597989468923686,-26.797685629453863],[-48.5979716450012,-26.797698745811815],[-48.59771299963296,-26.797874711866378],[-48.597690950808676,-26.79788837011384],[-48.597666678214246,-26.797900664067285],[-48.59719880566784,-26.798112549033334],[-48.597177888367355,-26.798215628260525],[-48.597175811180456,-26.79822496002115],[-48.59717096422706,-26.798242131829966],[-48.59716487724962,-26.798258975766274],[-48.59715777104561,-26.79827503534887],[-48.597113267140294,-26.79836692128011],[-48.59711307783025,-26.798367315126818],[-48.5971066113758,-26.79837973982744],[-48.597059207939054,-26.798465106221943],[-48.59708040379815,-26.798573953929775],[-48.597083015713494,-26.798590295816293],[-48.597084584193865,-26.79860795555521],[-48.59708483039031,-26.79861440294897],[-48.597086838003456,-26.79869374992782],[-48.59708686201159,-26.798705012423277],[-48.59708613410161,-26.79871759772058],[-48.597200363808454,-26.798704051726265],[-48.59720615932291,-26.79870341916641],[-48.59722583834887,-26.798702011611006],[-48.59723260038473,-26.798701801543864],[-48.597371717649416,-26.798698793956085],[-48.597656540394645,-26.798633069365536],[-48.59765910681445,-26.798632490264772],[-48.59767841173382,-26.798628793195096],[-48.597691311676485,-26.798626972709577],[-48.597954816661016,-26.79859506898879],[-48.59796143893339,-26.798594333115783],[-48.59798111793977,-26.798592925453374],[-48.5980008528401,-26.798592682847325],[-48.59802056340621,-26.79859359491195],[-48.598036548682025,-26.798595201775615],[-48.59867870932679,-26.798675042986773],[-48.598682329490906,-26.798675519519318],[-48.598701730257865,-26.798678727382878],[-48.59871406308712,-26.798681391190698],[-48.59908491266092,-26.798768963033247],[-48.599091715217675,-26.798770648629024],[-48.599110495333925,-26.798776110962297],[-48.59912883025874,-26.798782657659117],[-48.59914665000593,-26.798790269484236],[-48.599161607675384,-26.79879769739429],[-48.59934927776898,-26.798897222315105],[-48.59935154482455,-26.79889844292906],[-48.59935178342197,-26.798898573313863],[-48.5993541492915,-26.798899876820958],[-48.59935651497106,-26.798901189348918],[-48.599358859975865,-26.798902528598486],[-48.5993611945483,-26.798903885719312],[-48.599363508445975,-26.798905269561747],[-48.599365812101304,-26.79890666225454],[-48.59936810532426,-26.798908072818577],[-48.59936831357452,-26.79890821171274],[-48.59937059617513,-26.798909649168902],[-48.59937284823858,-26.798911104155305],[-48.59937509992207,-26.79891257718346],[-48.599377330930814,-26.798914076933244],[-48.59937954164479,-26.79891558536287],[-48.59938174192642,-26.798917111663744],[-48.59938393158569,-26.79891866485677],[-48.59938412959358,-26.798918812601283],[-48.599386298768096,-26.798920383495048],[-48.599388447457855,-26.798921972089552],[-48.59939058590529,-26.798923569534402],[-48.599392693625546,-26.79892519353038],[-48.59939480115585,-26.798926826547234],[-48.59939687795901,-26.798928486115223],[-48.59939894451981,-26.798930154533565],[-48.59939915201012,-26.798930329511244],[-48.59940119789618,-26.79893202465123],[-48.59940322348747,-26.798933728471056],[-48.599405238646426,-26.79893545016214],[-48.59940722326822,-26.798937189383466],[-48.59940919745767,-26.79893894647605],[-48.59941116121476,-26.798940721439894],[-48.5994130946247,-26.79894250491308],[-48.59941328182023,-26.798942688570627],[-48.599414534154775,-26.79894386489968],[-48.599415776246914,-26.79894505007912],[-48.59941701833908,-26.79894623525854],[-48.599418250188876,-26.79894742928834],[-48.59941946174388,-26.798948631998016],[-48.599420683351305,-26.798949834878186],[-48.59942188447394,-26.798951055459128],[-48.59967202522333,-26.79920517593405],[-48.5998238304979,-26.7993097681655],[-48.60021549896522,-26.799477580785208],[-48.60041112473801,-26.79956472283296],[-48.60053331298759,-26.799608801782483],[-48.60077223693723,-26.79966220528887],[-48.60107710527397,-26.799715300394478],[-48.60109703034648,-26.799719410216188],[-48.60111660848756,-26.79972471436306],[-48.60113573936278,-26.79973120211045],[-48.60115433325978,-26.79973883584145],[-48.601172310518514,-26.79974757810957],[-48.60118959128909,-26.79975740048927],[-48.60120607618608,-26.799768247151523],[-48.601221715896564,-26.79978007214016],[-48.601236420897536,-26.799792828817488],[-48.60125014263534,-26.79980643514375],[-48.6012627913969,-26.79982085350214],[-48.60127432849097,-26.79983601104417],[-48.60128468525858,-26.799851825389265],[-48.60129383268107,-26.799868241901088],[-48.60130172220429,-26.799885178539807],[-48.601308305463874,-26.799902544244606],[-48.60131357354595,-26.79992028471984],[-48.601317478465724,-26.799938290862844],[-48.60132002155163,-26.799956499527347],[-48.6013211845966,-26.79997482016355],[-48.60132095925623,-26.799993171412904],[-48.601319347428465,-26.800011463066305],[-48.60131636068409,-26.80002962312679],[-48.601312011163465,-26.80004755253463],[-48.60130631043742,-26.800065179292805],[-48.60129930061414,-26.800082413873586],[-48.60129100331708,-26.800099184450243],[-48.601281450222295,-26.800115419366442],[-48.60127070354326,-26.80013102943512],[-48.60125880481885,-26.8001459521912],[-48.60124579596779,-26.80016010712776],[-48.60123175835957,-26.800173450503063],[-48.60121674377576,-26.800185911001492],[-48.60120081405057,-26.800197417477833],[-48.60118406022658,-26.80020794440257],[-48.60116654413821,-26.800217420630545],[-48.60114835720793,-26.800225802590504],[-48.60112958023619,-26.800233073603554],[-48.60111029478295,-26.800239180907216],[-48.60109059189117,-26.8002440989722],[-48.60107057246654,-26.800247811460512],[-48.601050307447046,-26.80025029250217],[-48.60102990760104,-26.800251534950597],[-48.601009453349455,-26.800251540169015],[-48.600989055460666,-26.800250301010962],[-48.60096216008968,-26.800246731773793],[-48.600649515306465,-26.80019228625949],[-48.600634083434876,-26.800189218129475],[-48.60036726349589,-26.800129574935262],[-48.600360619016726,-26.80012801841421],[-48.60032767360784,-26.800118065688064],[-48.600175124779405,-26.800063039836285],[-48.60016125968904,-26.800057679025258],[-48.60015348635815,-26.800054334625326],[-48.599951434652375,-26.799964303790635],[-48.59971107065597,-26.79986133205386],[-48.599783640674666,-26.800091703245506],[-48.59978615597067,-26.80010023759944],[-48.59979027613828,-26.8001175615902],[-48.59979312513096,-26.800135080600874],[-48.59979468398301,-26.800152740165192],[-48.59979495459368,-26.8001704500742],[-48.599793938482264,-26.800188138160678],[-48.599791637168,-26.800205732257396],[-48.59978805236024,-26.80022315117619],[-48.5997832056833,-26.80024032309074],[-48.59977711895163,-26.800257167153802],[-48.599769823462225,-26.800273629751285],[-48.599761341219605,-26.800289621015004],[-48.5997517037109,-26.80030507830992],[-48.599740972580946,-26.800319939512452],[-48.59972916926446,-26.800334141817107],[-48.59971636545898,-26.80034762327075],[-48.599702602894496,-26.800360312387966],[-48.59968794264618,-26.800372174107864],[-48.59967244616927,-26.800383155327783],[-48.59965619521419,-26.8003931942652],[-48.59963923056132,-26.800402264539187],[-48.599621653876284,-26.800410313729152],[-48.59960352585468,-26.800417324816152],[-48.59958492805723,-26.800423245038633],[-48.59956593104218,-26.80042806656912],[-48.59954662585288,-26.800431763879356],[-48.59952709329019,-26.800434320291544],[-48.59950742420754,-26.800435719298427],[-48.599487678920724,-26.80043596192305],[-48.59946796800825,-26.80043505004107]]],[[[-48.59680457851373,-26.800805390125493],[-48.59678497254985,-26.800803315539476],[-48.59678265630851,-26.80080299645936],[-48.59644846005485,-26.800755331811402],[-48.59643137526693,-26.80075244270594],[-48.59642281535227,-26.80075063689071],[-48.59628227044584,-26.800719183189464],[-48.596034512222744,-26.800676523139344],[-48.59602691923507,-26.800675121761884],[-48.59601312545701,-26.800672108027957],[-48.59600001848673,-26.80066895254965],[-48.59600001665937,-26.80011031543555],[-48.596000859545455,-26.80011040194612],[-48.59602027049994,-26.80011361035901],[-48.596034054159325,-26.800116623917194],[-48.5961589693604,-26.800146729457975],[-48.59640408140616,-26.80018892918648],[-48.59641167436824,-26.80019033054192],[-48.59642024448404,-26.800192127504985],[-48.596556094537405,-26.80022253572996],[-48.59681424234806,-26.800259361197647],[-48.59694826054005,-26.800227381370625],[-48.597037689861736,-26.800186820432675],[-48.597045464441976,-26.800183424013166],[-48.59705712713923,-26.8001787670663],[-48.59721248873855,-26.800120338745977],[-48.59741101209317,-26.80001606054194],[-48.59741752818989,-26.80001273297714],[-48.597433105968726,-26.800005534494336],[-48.59756911973319,-26.79994708412174],[-48.597690992694524,-26.799875362763522],[-48.59769360926576,-26.79987383698333],[-48.59771056391958,-26.79986476677661],[-48.597728140632604,-26.79985671782701],[-48.59774626846751,-26.79984971600257],[-48.59776487648698,-26.799843787171344],[-48.597783863406235,-26.7998389657104],[-48.5978031683406,-26.799835277658538],[-48.597822700818384,-26.79983272148001],[-48.59784238004015,-26.799831313851527],[-48.597862115154,-26.799831071279232],[-48.597881825930926,-26.79983198337729],[-48.59790143176163,-26.799834057801657],[-48.59792084255471,-26.799837274975086],[-48.59793996821873,-26.799841615320357],[-48.59795874843941,-26.799847077813936],[-48.59797708326286,-26.79985363368717],[-48.59799491313515,-26.799861245833043],[-48.59801213810229,-26.79986988548299],[-48.59802869842007,-26.799879524550917],[-48.59804452467202,-26.799890116738393],[-48.598059537579175,-26.799901606555466],[-48.598073687639655,-26.799913957065826],[-48.59808690562684,-26.799927112950172],[-48.59809913255656,-26.79994101003891],[-48.59811032916933,-26.799955602545435],[-48.5981204366709,-26.799970817279267],[-48.59812940593923,-26.79998659926228],[-48.59813720852753,-26.80000286679489],[-48.598143815608694,-26.800019556219226],[-48.598149188303076,-26.80003660370685],[-48.59815329816371,-26.80005392755805],[-48.59815614690104,-26.800071446584944],[-48.59815771555017,-26.800089106321078],[-48.59815798590667,-26.800106816216342],[-48.59815696954332,-26.800124504274272],[-48.59815465792796,-26.8001420981571],[-48.59815107287603,-26.80015951701796],[-48.5981462360129,-26.800176689030863],[-48.598140149049094,-26.80019353300767],[-48.59813284328237,-26.800209995334704],[-48.59812436082348,-26.800225986485337],[-48.59811473316043,-26.80024144382494],[-48.598103991781294,-26.800256304718918],[-48.598092188279246,-26.800270506873847],[-48.59807938430001,-26.800283988166935],[-48.59806562157459,-26.80029667711327],[-48.59805096117855,-26.80030853865272],[-48.59803547462034,-26.800319519853986],[-48.59802182988171,-26.800328041658847],[-48.59788305360729,-26.800409718744987],[-48.597880437215544,-26.800411235507035],[-48.59786348248859,-26.800420305728974],[-48.597847904674104,-26.80042750425682],[-48.59770493904327,-26.800488941161436],[-48.59749992757043,-26.800596619980315],[-48.59749341144098,-26.800599947546598],[-48.59747582454216,-26.800607996286818],[-48.59746416181374,-26.80061265326617],[-48.59730021380717,-26.80067432009697],[-48.5971922444966,-26.80072328369397],[-48.59718446988186,-26.800726680119148],[-48.59716634168412,-26.800733690880026],[-48.59714773368095,-26.800739610599145],[-48.597133708255164,-26.80074328892708],[-48.596907503549204,-26.800797265504244],[-48.59690254187853,-26.800798408531193],[-48.596883236569106,-26.80080210546768],[-48.596863704103136,-26.800804652482736],[-48.59684402471135,-26.800806059962795],[-48.59682428943797,-26.80080630238153],[-48.59680457851373,-26.800805390125493]]]]}},{"type":"Feature","properties":{"categoria":"Ate 10","buffer":"30 meters","id":112664,"objectid":26384,"layerClass":"Ate 10"},"geometry":{"type":"Polygon","coordinates":[[[-48.59600000194481,-26.79500000018794],[-48.596049234186594,-26.795000006138448],[-48.59600000950532,-26.795129812115384],[-48.59600000194481,-26.79500000018794]]]}},{"type":"Feature","properties":{"categoria":"Ate 10","buffer":"30 meters","id":112685,"objectid":26405,"layerClass":"Ate 10"},"geometry":{"type":"MultiPolygon","coordinates":[[[[-48.602724030292435,-26.795564726955973],[-48.60270442485736,-26.795562662263144],[-48.60268502464546,-26.79555944595437],[-48.60266588959066,-26.795555097093157],[-48.60264710978318,-26.79554963525383],[-48.60262877512343,-26.795543089031636],[-48.6026109555973,-26.795535477660472],[-48.60259372100083,-26.79552682939513],[-48.602577160665085,-26.79551719989374],[-48.602561334523585,-26.795506608219974],[-48.60254632166533,-26.795495118882666],[-48.60253217159208,-26.79548276881708],[-48.60251895353029,-26.79546961334086],[-48.60250672665418,-26.795455707601384],[-48.60249552965419,-26.795441124447347],[-48.60248542208387,-26.795425900984252],[-48.60247645230613,-26.79541012827287],[-48.602468649338505,-26.795393860949716],[-48.60246204181905,-26.795377171693126],[-48.60245666862756,-26.79536012433075],[-48.60245255821222,-26.79534280056178],[-48.60244970905459,-26.795325272553658],[-48.60244813955068,-26.79530762183523],[-48.60244786866569,-26.795289902872558],[-48.60244888425983,-26.79527221472547],[-48.60245119486671,-26.795254629731513],[-48.602454779053446,-26.795237210696474],[-48.60245821260936,-26.795224562876477],[-48.602500999010566,-26.795082110709515],[-48.6024998999357,-26.795028705316067],[-48.60249111557647,-26.795000292935242],[-48.60310266028836,-26.795000308557483],[-48.60310491855141,-26.795110504432216],[-48.603104917391796,-26.795120602421147],[-48.60310390171278,-26.795138299601106],[-48.60310160126172,-26.79515588478309],[-48.603098017176144,-26.79517330384146],[-48.60309457363991,-26.795185951511684],[-48.6030406512084,-26.795365466939824],[-48.603039248830434,-26.79536999135543],[-48.603033162698985,-26.79538684463957],[-48.60302586822631,-26.795403298446598],[-48.603017376791946,-26.795419289800066],[-48.60300775022581,-26.795434747553738],[-48.60299700976999,-26.795449617922298],[-48.60298521763392,-26.795463811717635],[-48.60297240473265,-26.79547729336651],[-48.60295864294849,-26.795489991892897],[-48.60294399373243,-26.795501854192416],[-48.602928498431226,-26.795512826820207],[-48.602912238220895,-26.79552287505424],[-48.60289528479443,-26.79553193693949],[-48.6028777088965,-26.79553999562558],[-48.60285958203057,-26.795546998178477],[-48.60284097513111,-26.79555291872695],[-48.602821989099304,-26.79555774093145],[-48.6028026848176,-26.7955614387506],[-48.60278315313513,-26.795563995674677],[-48.602763474848956,-26.795565395023807],[-48.602743740428856,-26.79556563833022],[-48.602724030292435,-26.795564726955973]]],[[[-48.601790717690236,-26.795281874262017],[-48.60177111233104,-26.795279809444104],[-48.60175171220364,-26.79527659301215],[-48.60173257724154,-26.795272244030055],[-48.60171379753458,-26.79526678207268],[-48.60169546298268,-26.79526023573587],[-48.60167764357134,-26.795252624253926],[-48.601660409096176,-26.795243975882105],[-48.60164384888754,-26.795234346279077],[-48.6016280228786,-26.795223754508903],[-48.601613010157614,-26.795212265080863],[-48.6015988602259,-26.795199914930524],[-48.601585642309246,-26.795186759375966],[-48.60157341558127,-26.795172853564914],[-48.60156221873172,-26.795158270346274],[-48.60155211131364,-26.795143046825924],[-48.601543141689056,-26.795127274064864],[-48.60153533887504,-26.7951110066998],[-48.60152873150893,-26.795094317409202],[-48.601523358469905,-26.79507727002095],[-48.60151924820541,-26.795059946234378],[-48.601516399196434,-26.795042418216852],[-48.6015148298383,-26.795024767497335],[-48.601514559095676,-26.79500704854195],[-48.60151495313179,-26.79500026907312],[-48.60225391269663,-26.795000290632625],[-48.60224362047692,-26.79500341008957],[-48.60219789096679,-26.795017579380264],[-48.60218030938231,-26.795029256562454],[-48.60213189654771,-26.795076336505716],[-48.602065951238,-26.79516382726549],[-48.60206369726036,-26.795166767043327],[-48.602051905046636,-26.795180960755566],[-48.60203909207647,-26.795194442315132],[-48.60202533023256,-26.795207140746506],[-48.60201068096611,-26.795219002945725],[-48.6019951856242,-26.79522997546823],[-48.601978925382845,-26.795240023592527],[-48.60196197193536,-26.79524908536408],[-48.60194439602628,-26.795257143932982],[-48.60192626915933,-26.79526414636569],[-48.601907662268935,-26.795270066791428],[-48.60188867625614,-26.795274888871322],[-48.60186937200337,-26.795278586564372],[-48.601849840359655,-26.795281143361493],[-48.60183016212193,-26.795282542583294],[-48.60181042775965,-26.795282785762627],[-48.601790717690236,-26.795281874262017]]],[[[-48.6006005865014,-26.796137062525787],[-48.60058098103151,-26.796134997534732],[-48.60056157075541,-26.796131780762],[-48.60054243571113,-26.796127431612792],[-48.6005236559367,-26.796121969492383],[-48.60050532133239,-26.796115422997378],[-48.600487502073825,-26.7961078023418],[-48.60047027743929,-26.796099163014617],[-48.60045371741437,-26.796089524250792],[-48.60043789122497,-26.79607894136896],[-48.600422868666676,-26.796067442625006],[-48.60040871877531,-26.796055092358475],[-48.600395500724375,-26.79604194571759],[-48.60038327406706,-26.796028039808746],[-48.60037208754475,-26.79601344765156],[-48.60036198003645,-26.795998233074275],[-48.600353000473255,-26.795982460075553],[-48.60034519778618,-26.795966192654053],[-48.60033860080189,-26.795949494467532],[-48.600333227725095,-26.79593245606603],[-48.60032910757226,-26.79591513208636],[-48.600326258737944,-26.795897604057583],[-48.60032469980655,-26.795879944487837],[-48.60032442906835,-26.795862234565252],[-48.60032539302067,-26.795845105071443],[-48.600349876546616,-26.79557866776944],[-48.600349928529056,-26.795578109154995],[-48.600351157256235,-26.795567508591475],[-48.6003771833428,-26.795379688530016],[-48.60039880711808,-26.795197497069086],[-48.60021903030072,-26.795322718053033],[-48.60000982782513,-26.79547718335521],[-48.59986584233395,-26.795602216601054],[-48.59986530955724,-26.795602685845154],[-48.599850649977945,-26.795614547631157],[-48.59983515439058,-26.795625519898962],[-48.59981890416193,-26.795635558907485],[-48.59980195031262,-26.79564462942516],[-48.59978436415748,-26.795652687540485],[-48.59976623711568,-26.795659689682907],[-48.59974764012235,-26.79566560998282],[-48.59972864392266,-26.795670431591518],[-48.599709339556085,-26.795674128980398],[-48.59968980782003,-26.795676685471307],[-48.599670139564026,-26.795678084556624],[-48.59965040515351,-26.79567832742965],[-48.599630685006005,-26.79567741545417],[-48.5996110896954,-26.79567535050547],[-48.59959167953496,-26.795672133606477],[-48.59957254461436,-26.795667784333403],[-48.5995537649711,-26.79566232209203],[-48.59953543050475,-26.795655775479556],[-48.5995176112006,-26.795648163731354],[-48.59950038690601,-26.79563951527417],[-48.59948381698407,-26.795629876235665],[-48.59946800100624,-26.795619293425418],[-48.59945297842121,-26.795607803609233],[-48.59943882869603,-26.795595453255768],[-48.599425611003475,-26.795582297513576],[-48.59941338451623,-26.79556839153126],[-48.5994021881127,-26.7955537991373],[-48.59939209082751,-26.79553858467164],[-48.5993831114347,-26.795522811621794],[-48.59937530891664,-26.795506544157156],[-48.59936871190935,-26.795489854956575],[-48.59936333918668,-26.795472807507444],[-48.59935921919454,-26.795455483509436],[-48.59935637051673,-26.795437955470813],[-48.599354811737015,-26.79542029589978],[-48.59935454114494,-26.795402585984426],[-48.59935555722007,-26.795384897891914],[-48.599357858252006,-26.79536731281026],[-48.59936144291031,-26.795349893885664],[-48.59936628938042,-26.795332721965117],[-48.59937237603785,-26.79531586887465],[-48.59937967101606,-26.7952994152907],[-48.59938815288065,-26.795283424018386],[-48.5993977901452,-26.795267957692285],[-48.59940852078715,-26.795253096477342],[-48.599420323372314,-26.795238903178596],[-48.59943312658617,-26.795225421706903],[-48.59944635611418,-26.79521318376887],[-48.59959906846656,-26.795080574292978],[-48.59959960105172,-26.79508011407068],[-48.59961426058159,-26.795068252307022],[-48.599617172338824,-26.795066072728616],[-48.59970638541039,-26.795000202518764],[-48.60108020726826,-26.795000256158303],[-48.60104679094826,-26.795094930451206],[-48.60104504084119,-26.795099728697807],[-48.601004137256155,-26.795208534198935],[-48.60097674407471,-26.795439385374728],[-48.60097613136505,-26.79544413070496],[-48.600950555802946,-26.79562874597067],[-48.600926583589924,-26.795889588128485],[-48.600926531610014,-26.795890146743297],[-48.60092423061105,-26.79590774088565],[-48.600920646163864,-26.79592515986337],[-48.600915799891084,-26.795942331849837],[-48.600909723657395,-26.79595917616785],[-48.600902418601514,-26.795975638691772],[-48.60089393688241,-26.79599163006423],[-48.600884299933064,-26.79600708747939],[-48.600873569395226,-26.796021948812985],[-48.60086176670201,-26.796036151259145],[-48.60084896354746,-26.79604963286398],[-48.6008352016591,-26.79606232214149],[-48.600820542109375,-26.79607418403014],[-48.600805046350565,-26.796085165426533],[-48.60078879612924,-26.796095204547232],[-48.600771842276075,-26.796104275181232],[-48.60075425629577,-26.796112324395615],[-48.60073612903794,-26.796119335681954],[-48.60071753200742,-26.79612525610742],[-48.60069853575975,-26.796130077843735],[-48.60067923133454,-26.79613377536169],[-48.60065969952947,-26.79613633198258],[-48.600640031194374,-26.79613773119822],[-48.60062029669498,-26.796137974201386],[-48.6006005865014,-26.796137062525787]]]]}},{"type":"Feature","properties":{"categoria":"Ate 10","buffer":"30 meters","id":112737,"objectid":26457,"layerClass":"Ate 10"},"geometry":{"type":"Polygon","coordinates":[[[-48.60400007925407,-26.808894275829914],[-48.604000093293635,-26.808893608282396],[-48.60400110894367,-26.808875920147162],[-48.604001273976706,-26.808874289575098],[-48.604009252084,-26.80879524699734],[-48.604011398056265,-26.808779283561954],[-48.604014982604454,-26.808761864530183],[-48.60401982912422,-26.808744692471063],[-48.6040259159907,-26.808727839211272],[-48.604033211336024,-26.808711385428115],[-48.60403867392171,-26.80870078433956],[-48.604089387050294,-26.808607710950092],[-48.604092406848594,-26.808602320536384],[-48.60410204458802,-26.808586862969644],[-48.60411277604462,-26.808572001465915],[-48.60411290009888,-26.808571841132235],[-48.60422432002477,-26.808428376136238],[-48.604237581097195,-26.80840465063945],[-48.604244194888906,-26.80836752005169],[-48.60424172463386,-26.80825639122311],[-48.60419923820841,-26.80807878993344],[-48.60419725546082,-26.808069777355126],[-48.60419620689962,-26.8080641646421],[-48.60416365547352,-26.80787897081416],[-48.6041619673138,-26.807867905722496],[-48.60413621880349,-26.807668153846286],[-48.60413610575417,-26.80766731268826],[-48.604134546218305,-26.8076496531372],[-48.60413449709261,-26.80764864160314],[-48.604121612895725,-26.807378990074614],[-48.60401988697189,-26.807460370773402],[-48.60401371145403,-26.807465184352274],[-48.60399822457598,-26.80747615714907],[-48.6039819626541,-26.807486205383128],[-48.603965007442135,-26.80749526726971],[-48.60396353379345,-26.807496000342443],[-48.60386462364713,-26.807544382248],[-48.60384851953332,-26.80755170785179],[-48.60383039074342,-26.807558710394925],[-48.60381179173273,-26.80756464012578],[-48.60379279363306,-26.807569462152273],[-48.60377348730314,-26.807573159964697],[-48.60375395373831,-26.807575707862238],[-48.60373428322819,-26.807577116398008],[-48.60371453666173,-26.807577359530764],[-48.60369482443497,-26.80757644815425],[-48.603686021253914,-26.80757565835594],[-48.60355230284422,-26.807561960147346],[-48.60354150875777,-26.80756067639104],[-48.60352964979577,-26.807558860223477],[-48.603481260993895,-26.80755052358085],[-48.603417011325504,-26.80760631443452],[-48.603259058166635,-26.807757446203617],[-48.60324826186871,-26.807767262058732],[-48.60323360094172,-26.807779124095998],[-48.60321811376056,-26.807790105819947],[-48.60320185191987,-26.807800144935403],[-48.603184896414945,-26.807809215741724],[-48.603167318757244,-26.8078172653053],[-48.603149179835796,-26.80782426758495],[-48.603130580752506,-26.80783019722073],[-48.603111582586294,-26.807835019150655],[-48.60309228624941,-26.80783871703576],[-48.60307275263105,-26.807841264835048],[-48.603053072020955,-26.807842673102062],[-48.60303333546801,-26.807842916306818],[-48.60301362320876,-26.80784200483265],[-48.6029940158593,-26.807839931021164],[-48.602974603329734,-26.807836723467926],[-48.60295546623612,-26.80783237451461],[-48.60293669448848,-26.807826912756866],[-48.60291834802697,-26.80782035725856],[-48.60290052662489,-26.807812745806636],[-48.60288330008569,-26.807804106656224],[-48.60286673821268,-26.807794468062493],[-48.602850910239724,-26.807783885343326],[-48.60283588596998,-26.807772386753918],[-48.60282174450054,-26.807760036803433],[-48.602808525095114,-26.807746881277907],[-48.60279628674421,-26.80773298434588],[-48.60278509887099,-26.80771839230434],[-48.602774990116345,-26.807703177831744],[-48.60276601947048,-26.807687405096576],[-48.60275820571071,-26.807671137586],[-48.602751607827095,-26.80765443946846],[-48.60274623397423,-26.807637401123458],[-48.60274211317227,-26.80762007718754],[-48.60273927387192,-26.80760254935986],[-48.602737704500875,-26.807584889637386],[-48.60273743350982,-26.807567179719253],[-48.602738449326445,-26.80754949160235],[-48.60274076048482,-26.80753189762418],[-48.60274433511654,-26.807514478461826],[-48.60274918175572,-26.807497306452742],[-48.60275526853401,-26.807480462273936],[-48.60276256396273,-26.807464008560615],[-48.6027710566596,-26.80744800828856],[-48.60278068440714,-26.807432550644737],[-48.60279142595985,-26.807417689413644],[-48.60280321966981,-26.807403486719494],[-48.60281603385894,-26.807390014218313],[-48.60281900091245,-26.80738713164489],[-48.60298195243647,-26.807231212012326],[-48.60299221606767,-26.807221856406514],[-48.603111741505664,-26.80711807328903],[-48.603112274138034,-26.807117613057017],[-48.603126934985724,-26.80710575102648],[-48.6031424220763,-26.80709476930594],[-48.60315868381576,-26.807084730190052],[-48.60317563920983,-26.807075659378977],[-48.60318476144354,-26.807071319884823],[-48.603240772146094,-26.807045755748305],[-48.60324923750035,-26.807042045836102],[-48.603267366234945,-26.80703504336392],[-48.60328596517925,-26.8070291137004],[-48.6033049632027,-26.807024291737108],[-48.60330917585817,-26.80702338848507],[-48.60338789364283,-26.80700695327185],[-48.603402987039445,-26.807004167782228],[-48.60342251064561,-26.8070016107358],[-48.60344219091937,-26.80700021142812],[-48.60346192732989,-26.806999968156486],[-48.60348163945266,-26.807000879558778],[-48.60350124686309,-26.807002944272917],[-48.60351310557753,-26.807004769460008],[-48.60363212805355,-26.80702527565708],[-48.603654345875526,-26.807027546993364],[-48.603787494830584,-26.80692101601826],[-48.6037891619508,-26.806919690630984],[-48.60421971717131,-26.806580274160986],[-48.60422422551993,-26.806576785961937],[-48.604239722301834,-26.80656581329974],[-48.604255983875554,-26.806555774045478],[-48.60426229343585,-26.806552235124173],[-48.60432122665346,-26.806520141423434],[-48.604468788800176,-26.80638954275417],[-48.60447137073501,-26.806387276287456],[-48.60448603135238,-26.806375414099186],[-48.604501528082416,-26.806364441404504],[-48.60450222155535,-26.80636398388964],[-48.60451629454025,-26.806354719723384],[-48.604510741058895,-26.806354345960198],[-48.60449113372931,-26.806352281392098],[-48.60447173163354,-26.806349065207154],[-48.60445259471136,-26.80634471646849],[-48.604446564560746,-26.80634309832727],[-48.60431413099863,-26.806306140403752],[-48.60428020675871,-26.806308679372062],[-48.604102951582504,-26.806364461383616],[-48.60409468319492,-26.806366938380645],[-48.60409296335664,-26.806367423635617],[-48.60375985602841,-26.80646067846909],[-48.60352455613764,-26.806534968874132],[-48.60335368111161,-26.806622550690516],[-48.60334993052698,-26.806624436376467],[-48.60333235287937,-26.806632494995657],[-48.603314224214245,-26.806639497481072],[-48.60329561528332,-26.806645426982648],[-48.603276627567006,-26.80665024009849],[-48.60325732138452,-26.806653937850136],[-48.60323778778369,-26.806656494707298],[-48.60321810756953,-26.806657893990376],[-48.6031983710309,-26.80665814625282],[-48.603178659162566,-26.80665722579418],[-48.603159051820704,-26.80665516103956],[-48.60313963967366,-26.806651944500725],[-48.60312050276731,-26.806647595581925],[-48.603101731010845,-26.806642142878648],[-48.60308339477646,-26.806635587583138],[-48.603065563487455,-26.806627975992168],[-48.60304833729569,-26.80661932785074],[-48.6030317753814,-26.80660969830633],[-48.603015947736985,-26.806599106593065],[-48.60300093345891,-26.80658761721995],[-48.60298678205363,-26.806575267122383],[-48.60297356275412,-26.806562111618177],[-48.60296132468707,-26.806548205684535],[-48.602950136705715,-26.80653362268109],[-48.60294002802015,-26.806518408223514],[-48.602931057620125,-26.806502626480192],[-48.60292325395643,-26.806486359150405],[-48.60291664585937,-26.806469669891577],[-48.60291127221234,-26.806452622531424],[-48.60290715141285,-26.80643529859885],[-48.60290431210127,-26.806417770772075],[-48.60290274251583,-26.806400120069043],[-48.60290247148665,-26.806382410147002],[-48.60290348725193,-26.806364722023808],[-48.60290579834583,-26.806347128036954],[-48.602909372900434,-26.806329708863604],[-48.60291421944998,-26.806312536841215],[-48.60292030631636,-26.806295683625986],[-48.602927611684926,-26.806279230065297],[-48.6029360940144,-26.806263238624073],[-48.602945721626966,-26.806247780958476],[-48.60295646303458,-26.806232919703703],[-48.602968256590124,-26.80621871698407],[-48.60298107080579,-26.80620523543478],[-48.60299483398152,-26.80619253700984],[-48.60300949471333,-26.80618067498295],[-48.60302498149117,-26.806169702287246],[-48.60304124310097,-26.806159663175567],[-48.603054447596925,-26.806152487068793],[-48.60324905026296,-26.806052736877106],[-48.603252801019174,-26.80605084217163],[-48.60327037838863,-26.80604279257704],[-48.603288506957945,-26.80603579009055],[-48.60329855378476,-26.806032431825972],[-48.603564750557645,-26.805948395552996],[-48.60357330249554,-26.805945824122624],[-48.60357502232899,-26.805945338873663],[-48.603908259678256,-26.805852050508495],[-48.604116907304615,-26.805786395410554],[-48.60412517583831,-26.8057839093883],[-48.60414416357032,-26.80577908712504],[-48.60416346958331,-26.8057753892401],[-48.60418300283143,-26.805772841264222],[-48.60419164749784,-26.805772076190877],[-48.60432251910961,-26.805762280810033],[-48.60433355469151,-26.805761637423608],[-48.60435329108515,-26.805761384992174],[-48.60437300282201,-26.805762305277444],[-48.604392610047356,-26.80576436985518],[-48.60441202209475,-26.805767586214635],[-48.604431158919745,-26.805771934952556],[-48.6044371890405,-26.805773553092514],[-48.60459119760922,-26.80581653423325],[-48.60483580595942,-26.805830357710015],[-48.6048422533804,-26.805830782687018],[-48.60486185057828,-26.805832847030853],[-48.60488126265577,-26.805836063327515],[-48.60490012941023,-26.80584034426309],[-48.60506692007938,-26.805883333693313],[-48.60514426294131,-26.805783942393255],[-48.60515577679211,-26.805770113754082],[-48.60516858065718,-26.80575663181501],[-48.60517037729251,-26.805754884467273],[-48.60536060618426,-26.80557076277523],[-48.60540321529869,-26.80551768194125],[-48.605412167120775,-26.80550708568301],[-48.605424980978256,-26.80549360388639],[-48.60543874361889,-26.80548091421944],[-48.60545340401924,-26.805469051915],[-48.60546857447716,-26.80545828113621],[-48.60553238884698,-26.805415918796175],[-48.60553271509337,-26.8054157077375],[-48.60554896652923,-26.80540565912348],[-48.60556592149542,-26.80539658799448],[-48.60558350867327,-26.80538853826415],[-48.6056016370173,-26.805381535464083],[-48.60562023558814,-26.805375605466175],[-48.605621672026,-26.80537520563746],[-48.60565272908769,-26.805366481404842],[-48.60567029031634,-26.805362058926598],[-48.60568959622513,-26.80535836082505],[-48.60570912938418,-26.805355812631163],[-48.60572880955952,-26.80535440396318],[-48.60574854570593,-26.80535416035298],[-48.60576825758945,-26.805355071418912],[-48.605776890103094,-26.80535584014389],[-48.60580628287874,-26.80535883714278],[-48.605817247320466,-26.80536014164778],[-48.60583665954583,-26.80536334878895],[-48.60585579637449,-26.805367697333384],[-48.60587457795147,-26.8053731588577],[-48.60589291436869,-26.80537970476853],[-48.60590967968132,-26.805386837737256],[-48.6059463542917,-26.805403674594693],[-48.60595465973873,-26.805387941653603],[-48.60595930182594,-26.80537951945351],[-48.60596165891148,-26.80537550749418],[-48.60606174854653,-26.80520862992865],[-48.60606788678571,-26.805198879414732],[-48.60619745301596,-26.805002747817376],[-48.60619859504246,-26.80500104352614],[-48.60620932586181,-26.804986181815718],[-48.60622112875545,-26.804971987977872],[-48.60622868200014,-26.80496381354391],[-48.606379378823306,-26.804807303224518],[-48.60638462921353,-26.80480199560053],[-48.6063871545467,-26.804799547654483],[-48.60655911331098,-26.80463428238254],[-48.606570350397334,-26.80462404053843],[-48.60658501057174,-26.804612178100182],[-48.606594779994595,-26.80460525938633],[-48.60631963668004,-26.80454909567942],[-48.606312098457636,-26.80454746113531],[-48.60612012591422,-26.804503596039737],[-48.606111021136876,-26.804501375487373],[-48.606106960868715,-26.80450029609651],[-48.60608815211083,-26.804495177066567],[-48.60598013449836,-26.804499513166743],[-48.605979580828475,-26.80449953989638],[-48.605960398498084,-26.80449975681918],[-48.60594068675833,-26.804498845789677],[-48.60592107970323,-26.80449678143891],[-48.60590547598615,-26.80449419824663],[-48.60581665575329,-26.80460481140249],[-48.60579208638269,-26.80464603307723],[-48.60578894140124,-26.80465116874513],[-48.60570253817954,-26.804788886094773],[-48.60569802752897,-26.804795839576922],[-48.60568729666606,-26.804810701245664],[-48.60568006965312,-26.804819621148436],[-48.60561194136495,-26.80490027218519],[-48.60560735519071,-26.80490555492081],[-48.60559455166795,-26.804919027889994],[-48.605580788926964,-26.80493172659963],[-48.605566128612615,-26.80494358892358],[-48.605560101813836,-26.80494803510844],[-48.60541567072282,-26.805051823229316],[-48.60540620088307,-26.805058358887564],[-48.605389949677644,-26.805068398467153],[-48.60537299475022,-26.80507746957775],[-48.60535540760952,-26.80508551928444],[-48.605337279301594,-26.805092522055322],[-48.60531868076653,-26.80509845201832],[-48.60531578760078,-26.8050992603506],[-48.60517457894613,-26.805138228236597],[-48.60515847447024,-26.805142242149667],[-48.60513916858739,-26.80514594018008],[-48.60511963545849,-26.805148488296847],[-48.60509996537144,-26.805149897052086],[-48.605096223383164,-26.805149942010825],[-48.605116522831274,-26.80512624527316],[-48.605124964185656,-26.80511170587083],[-48.60512349011669,-26.805102891417114],[-48.6050960343791,-26.804906783528075],[-48.605085917455675,-26.80487951283192],[-48.605071626315336,-26.804856584290405],[-48.60505472224414,-26.80484314101026],[-48.60495866327602,-26.80478089109323],[-48.604893042121425,-26.80475133635794],[-48.60486456339065,-26.80474505181597],[-48.604828730268466,-26.804739391790374],[-48.60482788638922,-26.804739350434367],[-48.60483831671389,-26.804724916907517],[-48.60485010987588,-26.804710714002134],[-48.60486291345572,-26.804697241104304],[-48.604876676240494,-26.804684542467612],[-48.60489133658518,-26.804672680217315],[-48.60490683322409,-26.804661698436853],[-48.60491773512413,-26.80465497047066],[-48.60491718183282,-26.804654979154215],[-48.60478446550893,-26.804655954423446],[-48.604515371347254,-26.8046608205677],[-48.60431769845788,-26.804681478352506],[-48.604232673701006,-26.804695677701307],[-48.60416577591292,-26.804744069512665],[-48.60415554030417,-26.804751151615964],[-48.60413928904643,-26.804761191047774],[-48.60412233407952,-26.80477026200518],[-48.60411296833149,-26.80477471476271],[-48.60393835411262,-26.804854229746322],[-48.6039301324933,-26.80485783554748],[-48.60391200415022,-26.804864838132406],[-48.603893395541654,-26.804870767735405],[-48.60387440795646,-26.80487558997492],[-48.60385510228205,-26.804879278809445],[-48.6038433107252,-26.804880965184708],[-48.603695948498064,-26.80489931553795],[-48.603688206766755,-26.80490018611596],[-48.603668526668635,-26.80490159450355],[-48.60364879062032,-26.804901837828346],[-48.603629078856336,-26.804900926473213],[-48.603609471990715,-26.804898852779274],[-48.60359005993148,-26.80489564534155],[-48.603571403368115,-26.804891421945026],[-48.6032753409323,-26.80481530670003],[-48.60317399695101,-26.804793520529433],[-48.60299876303627,-26.804797771636288],[-48.6028015441273,-26.804814996771064],[-48.602670116878606,-26.804869414696732],[-48.60265389588538,-26.80487561921],[-48.60263528741298,-26.80488153962202],[-48.602616299786646,-26.804886361688908],[-48.60259699389403,-26.804890059369715],[-48.60257746059183,-26.804892616155406],[-48.602557780683874,-26.804894015366646],[-48.602538044647304,-26.804894258536333],[-48.60251833290636,-26.804893347027026],[-48.602498725885184,-26.804891282201396],[-48.60247932411388,-26.804888065762764],[-48.60246018753108,-26.80488371677503],[-48.6024414062342,-26.80487825481308],[-48.6024230701308,-26.804871708472795],[-48.602405249212296,-26.8048640969885],[-48.60238801328021,-26.804855448615445],[-48.60237145167244,-26.8048458190123],[-48.60235562432722,-26.80483522724313],[-48.60234061033947,-26.804823737817223],[-48.60232645921472,-26.804811387670128],[-48.602313240184586,-26.804798232119918],[-48.602301012427645,-26.80478432631431],[-48.6022898146369,-26.804769743102128],[-48.60227970637043,-26.804754519589284],[-48.60227073599433,-26.80473874683675],[-48.60226293252806,-26.804722479481143],[-48.602256324611375,-26.804705790200934],[-48.60225095112669,-26.80468874282394],[-48.60224684052384,-26.804671419049477],[-48.60224399128362,-26.804653891044822],[-48.60224242180286,-26.80463624033887],[-48.602242151047825,-26.804618521397767],[-48.60224316687689,-26.804600833281075],[-48.60224547782377,-26.80458324832634],[-48.60224906245325,-26.80456582933911],[-48.6022538989505,-26.80454865716675],[-48.602259985796394,-26.80453180397634],[-48.60226729112328,-26.804515350444834],[-48.60227577339033,-26.80449935903703],[-48.602285401109654,-26.804483892388014],[-48.60229614241386,-26.80446903117468],[-48.6023079457094,-26.804454837691466],[-48.60232074972958,-26.8044413560206],[-48.602334512744136,-26.80442865764775],[-48.60234917329674,-26.804416795676108],[-48.60236465987823,-26.80440582303849],[-48.602380921464984,-26.80439577496665],[-48.60239787630532,-26.804386713244067],[-48.602415463702485,-26.804378654890368],[-48.602417371111166,-26.804377856988257],[-48.602595149598166,-26.804304254162805],[-48.60261137051003,-26.80429804965062],[-48.60262996902245,-26.804292120043815],[-48.60263360875332,-26.80429119807657],[-48.602558054239445,-26.80418987660795],[-48.60215487635565,-26.803679670793276],[-48.60214700117162,-26.80366920472993],[-48.6021368928208,-26.803653990233407],[-48.60212792253933,-26.803638217476664],[-48.60212011915654,-26.80362195011726],[-48.602113511501685,-26.80360525181276],[-48.60210813788731,-26.80358821345372],[-48.602104027332416,-26.803570889676724],[-48.602101178127946,-26.80355336167001],[-48.602099608860335,-26.803535701941552],[-48.60209933792617,-26.803517992020222],[-48.602100353753386,-26.80350030390287],[-48.60210266487555,-26.803482709927035],[-48.60210624928817,-26.803465299961026],[-48.60211108574607,-26.803448127789427],[-48.602117172540275,-26.803431274600275],[-48.60212447780342,-26.803414821070493],[-48.60213295999504,-26.803398829664857],[-48.60214258762754,-26.803383363018455],[-48.60215332883377,-26.803368501808198],[-48.60216513221051,-26.803354299307568],[-48.60217793592216,-26.803340826661515],[-48.602191698808305,-26.803328128292968],[-48.60220635922336,-26.803316266325982],[-48.60222184565885,-26.803305293693406],[-48.60223810709164,-26.803295245626945],[-48.60225506196061,-26.803286174889124],[-48.602272649000156,-26.803278125562304],[-48.60229077716597,-26.80327112317603],[-48.60230937551941,-26.803265193600534],[-48.6023283729321,-26.803260371727042],[-48.60234767835988,-26.803256683085216],[-48.6023672013281,-26.803254126142065],[-48.60238688114088,-26.80325271791741],[-48.60240661689118,-26.80325247474986],[-48.60242632834696,-26.803253386255925],[-48.60244593489658,-26.803255460094075],[-48.602465346444966,-26.803258676689683],[-48.602484482949826,-26.803263016638553],[-48.60250325393639,-26.80326847840798],[-48.602521599657706,-26.803275033913543],[-48.602539420345266,-26.80328264536869],[-48.60255664619915,-26.80329128451872],[-48.60257320741933,-26.803300923109],[-48.60258903458534,-26.80331151484304],[-48.60260405846634,-26.803323004403502],[-48.60261819939906,-26.80333535434456],[-48.602631418310935,-26.80334850985977],[-48.60264365621348,-26.80336240678119],[-48.60264697852493,-26.80336653294513],[-48.6030525284797,-26.803879728496092],[-48.603057168108066,-26.80388577203138],[-48.603243712959454,-26.804135931051956],[-48.60337484554789,-26.80428002933074],[-48.60342230884895,-26.80429022728808],[-48.60343512761247,-26.804293250888232],[-48.603639696818846,-26.80434584263689],[-48.60354534058172,-26.804229945132423],[-48.60353497610925,-26.804216377803332],[-48.60352796265201,-26.804206052740682],[-48.60334049698947,-26.80391596474772],[-48.603337411927804,-26.803911075565583],[-48.60332844145641,-26.803895302873105],[-48.60332062782916,-26.803879035397642],[-48.60331403003467,-26.803862337307322],[-48.603308656227924,-26.8038452989817],[-48.60330453542856,-26.803827975057143],[-48.60330169608697,-26.803810447232717],[-48.6033001266318,-26.80379278750554],[-48.603299855513406,-26.803775077574603],[-48.60330087116042,-26.803757389436953],[-48.60330318210721,-26.803739795430083],[-48.603306756486994,-26.80372237623134],[-48.603311602834204,-26.80370520417819],[-48.60331768928213,-26.803688359947895],[-48.603324984343644,-26.803671906175918],[-48.60332864931532,-26.803665001619912],[-48.60332276368982,-26.80365986647574],[-48.60330954465954,-26.80364671101796],[-48.603297316696086,-26.803632814317496],[-48.603286119062,-26.80361822216019],[-48.60327602060903,-26.80360300790542],[-48.603267040114375,-26.80358723504034],[-48.603259236566515,-26.80357096773309],[-48.60325263879537,-26.803554269641033],[-48.60324726500873,-26.803537231313985],[-48.603243144226134,-26.803519907388303],[-48.60324029484502,-26.803502379392835],[-48.60323873545257,-26.803484719835456],[-48.60323845428768,-26.803467009734124],[-48.603239479990314,-26.803449321766934],[-48.60324178088348,-26.803431727590315],[-48.603245365311786,-26.803414308562676],[-48.60325021165113,-26.80339713651069],[-48.603256298087686,-26.803380292281883],[-48.60326120394269,-26.80336889667938],[-48.60330386434934,-26.80327608410382],[-48.60305347529781,-26.80321082207506],[-48.603035284314736,-26.803205514588125],[-48.6030169385692,-26.803198959147924],[-48.60299911785738,-26.80319134775163],[-48.602981891979965,-26.80318270865415],[-48.602965330737575,-26.803173070110446],[-48.6029495033615,-26.803162487438193],[-48.60293447965221,-26.803150988892373],[-48.60292033870381,-26.80313863898191],[-48.602907119778685,-26.803125483492742],[-48.60289488186516,-26.803111586593253],[-48.60288369438381,-26.803096994580237],[-48.60287358597467,-26.803081780132075],[-48.602864615625805,-26.803066007417115],[-48.602856802114054,-26.803049739922486],[-48.60285020442738,-26.803033041816473],[-48.602844830720365,-26.803016003478632],[-48.602840710012266,-26.802998679545404],[-48.60283787075298,-26.802981151715933],[-48.60283630137098,-26.802963491987263],[-48.602836030316105,-26.80294578205849],[-48.602837046016845,-26.80292809392658],[-48.60283935700725,-26.802910499929066],[-48.6028429314205,-26.80289308074318],[-48.6028477777907,-26.8028759087064],[-48.602853864251124,-26.802859064495888],[-48.602861159314635,-26.802842610747007],[-48.60286965159968,-26.80282661043564],[-48.6028792788917,-26.802811152748962],[-48.602890019946244,-26.802796291471644],[-48.602901813118194,-26.80278208872811],[-48.60291462673099,-26.80276861617455],[-48.60292838946648,-26.80275591772329],[-48.60294303967973,-26.802744055498756],[-48.602958536211034,-26.80273307392412],[-48.60297479731015,-26.802723034783327],[-48.60299175203876,-26.802713963946935],[-48.60300932888931,-26.802705914348255],[-48.603027456923606,-26.802698911857924],[-48.60304606520353,-26.802692982346592],[-48.60306505244298,-26.80268816019505],[-48.6030843579464,-26.802684462423418],[-48.60310389067033,-26.80268191456189],[-48.603123570382984,-26.802680506227414],[-48.603143306040934,-26.802680262950293],[-48.60316301741243,-26.802681174347548],[-48.603182623886234,-26.802683248078026],[-48.60320203555733,-26.802686455546702],[-48.603221161761645,-26.802690804242296],[-48.60322174178604,-26.802690958451997],[-48.60346910946054,-26.802755428989098],[-48.60354744424201,-26.80275658409861],[-48.603537078750634,-26.802743070901517],[-48.60352799186014,-26.802729489114853],[-48.6034835479338,-26.80265847459946],[-48.603482536595166,-26.80265683312933],[-48.603473556134595,-26.80264106027851],[-48.603465752609964,-26.802624792983025],[-48.603459154851095,-26.80260809490021],[-48.603456467768574,-26.80259958476096],[-48.603333424852984,-26.802537598817484],[-48.60308887477058,-26.80242477938968],[-48.603088297214384,-26.802424507907638],[-48.6030710714405,-26.80241586882745],[-48.603054510295884,-26.80240623030016],[-48.603042329668014,-26.802398218117258],[-48.60277455517348,-26.802212495937884],[-48.60277408933766,-26.80221217220237],[-48.60246438725676,-26.801996519114983],[-48.60246119659764,-26.80199426317303],[-48.60244618294924,-26.801982773778363],[-48.60243203213976,-26.80197042366007],[-48.602418813399275,-26.801957268136086],[-48.60240658590509,-26.801943362353985],[-48.60239538834944,-26.80192877916254],[-48.602385280099234,-26.80191356468845],[-48.60237631008901,-26.801897782929863],[-48.6023685067683,-26.801881515586096],[-48.60236189896615,-26.80186482631467],[-48.60235652556422,-26.801847778943326],[-48.60235241501185,-26.80183045517134],[-48.60234956579012,-26.801812927166058],[-48.60234799629561,-26.80179527645635],[-48.60234772530452,-26.801777566529218],[-48.602348741055394,-26.801759878402518],[-48.602351052081936,-26.80174228441378],[-48.60235463657008,-26.801724865410474],[-48.60235947289557,-26.801707693219104],[-48.60236555953955,-26.801690840006827],[-48.602372864635385,-26.80167438645069],[-48.60238134664347,-26.8016583950156],[-48.60239097388713,-26.80164293735769],[-48.60240171487952,-26.80162807611213],[-48.602413518028605,-26.801613873573498],[-48.60242632168976,-26.801600391866028],[-48.60244008432379,-26.801587693454586],[-48.60245474447601,-26.80157583144254],[-48.60247023063923,-26.80156485876295],[-48.60248649160141,-26.80155481966855],[-48.60250344618241,-26.80154574888033],[-48.602521033117725,-26.801537690480817],[-48.60253916098496,-26.801530688041645],[-48.6025577588466,-26.801524767433275],[-48.60257675595506,-26.80151994550528],[-48.602596061267626,-26.801516247787607],[-48.602615583931446,-26.801513690789335],[-48.602635263251656,-26.80151229153046],[-48.60265499870231,-26.801512048308055],[-48.60267470986281,-26.801512959759766],[-48.6026943163125,-26.80151502452336],[-48.60271372757808,-26.801518241066294],[-48.60273286361839,-26.801522589984582],[-48.602751634339604,-26.801528051703936],[-48.60276997999551,-26.80153459814011],[-48.60278780043949,-26.801542209548607],[-48.60280502587258,-26.801550857674954],[-48.60282158687525,-26.801560496222844],[-48.602834223182136,-26.80156883198352],[-48.603143696948045,-26.80178432697038],[-48.60338933859346,-26.801954684538273],[-48.603614177741136,-26.802058416234715],[-48.60361475548668,-26.80205867869366],[-48.60362392411456,-26.80206311138883],[-48.603785795022766,-26.802144660075665],[-48.60379385217595,-26.802148866385505],[-48.603810413354694,-26.802158504828206],[-48.603826240686914,-26.802169087401488],[-48.603838159222086,-26.802178087735246],[-48.60392833496971,-26.802249786214766],[-48.60393143026127,-26.80225227513804],[-48.6039455812783,-26.802264625118976],[-48.603958800239724,-26.802277780513844],[-48.603971027967106,-26.80229168617615],[-48.60398222576673,-26.802306269257937],[-48.60399232421754,-26.802321483463437],[-48.604001304541484,-26.80233726530599],[-48.60400910812878,-26.8023535325763],[-48.60401570614843,-26.80237022161747],[-48.60402107982217,-26.802387268942784],[-48.604022727906525,-26.802393541545744],[-48.604026074340034,-26.80240704416064],[-48.604134116563245,-26.802464101050877],[-48.60424678050605,-26.802519449327516],[-48.604387866335216,-26.80246465180241],[-48.60439751487432,-26.80246108816773],[-48.60441611300516,-26.80245515829841],[-48.60443511021405,-26.80245033612642],[-48.604443665284904,-26.802448558805082],[-48.604653515405914,-26.802407667096436],[-48.60466426557274,-26.802405755457766],[-48.60468379842064,-26.802403198351453],[-48.60470347789387,-26.802401798813445],[-48.60471546095441,-26.80240151433479],[-48.60471871975088,-26.802401488275606],[-48.60468717803457,-26.802343840650767],[-48.60456183026159,-26.80214175315083],[-48.60450522124991,-26.80209449209164],[-48.604344083171476,-26.80203068001173],[-48.6043327888391,-26.802025949677283],[-48.604111082801175,-26.801928137825428],[-48.60397889659412,-26.801875355687766],[-48.603882716591336,-26.801847701644874],[-48.603422709282285,-26.801799565370885],[-48.603412638204325,-26.80179835704395],[-48.60339323672693,-26.80179514978373],[-48.60337410060905,-26.80179080095025],[-48.603355319756204,-26.801785339138583],[-48.60333698426356,-26.80177878392297],[-48.603319163741425,-26.80177117257899],[-48.603301927989754,-26.801762533361376],[-48.6032853669138,-26.80175289486533],[-48.603269539691524,-26.801742312238144],[-48.6032545261753,-26.8017308139048],[-48.6032403753005,-26.80171846386325],[-48.60322715648722,-26.80170530841013],[-48.60321492872332,-26.801691411713616],[-48.60320373127068,-26.801676819559546],[-48.60319362292726,-26.801661605137042],[-48.603184652628,-26.801645832443995],[-48.603176849202406,-26.801629565137773],[-48.60317024147994,-26.801612866875747],[-48.60316486777349,-26.801595828548216],[-48.60316075710212,-26.801578504791586],[-48.603157907757705,-26.801560976794146],[-48.60315633832712,-26.801543317063803],[-48.60315606720754,-26.801525607129314],[-48.603157082827835,-26.801507918987717],[-48.60315939372224,-26.801490324976537],[-48.6031629780773,-26.8014729059434],[-48.60316781426933,-26.801455733715002],[-48.60317390059026,-26.801438889479435],[-48.603181205553575,-26.80142243587214],[-48.60318968762018,-26.80140643535832],[-48.60319931473451,-26.801390977636142],[-48.6032100556,-26.801376116320082],[-48.603221858625126,-26.80136191370506],[-48.60323466197611,-26.801348440936607],[-48.60324842449372,-26.80133574243806],[-48.603263084534056,-26.80132388033405],[-48.603278570780134,-26.801312898537176],[-48.60329483164091,-26.801302859342353],[-48.60331178612637,-26.80129378845014],[-48.6033293727827,-26.80128573896434],[-48.60334750056739,-26.80127873641532],[-48.60336609854329,-26.801272806673985],[-48.60338509558357,-26.80126798463215],[-48.603404400835615,-26.8012642867994],[-48.60342392325715,-26.801261738706284],[-48.603443602722635,-26.801260330310388],[-48.603463338137196,-26.80126008697213],[-48.60348304927002,-26.801260998308727],[-48.60349258447863,-26.801261863661082],[-48.603981728889096,-26.80131304674597],[-48.60399179993395,-26.801314255029997],[-48.60401121140682,-26.801317462374133],[-48.6040303474781,-26.801321811117987],[-48.60403881636202,-26.801324129314494],[-48.60417856799126,-26.80136429736905],[-48.60418887974398,-26.80136744990316],[-48.60420721542016,-26.801373995986584],[-48.604209190104775,-26.801374778419234],[-48.60436163979077,-26.801435664097934],[-48.60437207655572,-26.80144004601773],[-48.604593353463514,-26.801537669682986],[-48.604795251533226,-26.801617629668044],[-48.60481195496777,-26.801624806812736],[-48.60482918077657,-26.80163344568254],[-48.6048457419816,-26.801643084005462],[-48.60486156935193,-26.801653666465207],[-48.60487659308771,-26.801665164808288],[-48.60487890616938,-26.801667071952142],[-48.60500762081242,-26.801774516872047],[-48.60501945900304,-26.801784950587138],[-48.60503267804573,-26.80179810588698],[-48.60504491591797,-26.80181201163269],[-48.60505610357779,-26.801826603487168],[-48.60506574539957,-26.801841060890744],[-48.60521808585618,-26.802086649891496],[-48.6052185425997,-26.802087406623993],[-48.60522529759169,-26.802099026708326],[-48.60536756907163,-26.802359127456235],[-48.605369794763426,-26.802363280124506],[-48.60537759855395,-26.802379547332368],[-48.60538420683341,-26.80239623649318],[-48.60538957066448,-26.802413283610047],[-48.605391728317876,-26.802421631350775],[-48.605421668159785,-26.80254691471559],[-48.60563790553595,-26.80266149820609],[-48.60564024253968,-26.80266274698153],[-48.60565680396373,-26.802672385222703],[-48.60565873942542,-26.8026736001316],[-48.60581056615052,-26.802770001856473],[-48.605812491562816,-26.802771216593392],[-48.60582638371464,-26.80278058405299],[-48.60584140769561,-26.802792082308276],[-48.60585554894505,-26.802804431945397],[-48.60586876819943,-26.80281758717964],[-48.60588100646856,-26.802831483844326],[-48.605892194330366,-26.802846075644517],[-48.60590230314238,-26.802861289902783],[-48.60591127391419,-26.802877062452392],[-48.60591908767697,-26.802893338827776],[-48.60592568600868,-26.802910027799374],[-48.6059310601827,-26.80292706605071],[-48.60593518136674,-26.80294438992516],[-48.60593803116035,-26.802961917894272],[-48.60593865054398,-26.80296737895278],[-48.605959783932,-26.803173450752595],[-48.60596073422696,-26.803185658441055],[-48.60596100576583,-26.803203368395685],[-48.60596065994711,-26.803212170105052],[-48.6059538630249,-26.80333082181137],[-48.60596379563647,-26.803410907620584],[-48.60595092581364,-26.8034050498079],[-48.605893215992005,-26.803389544621435],[-48.605871184512836,-26.803388486056647],[-48.60583359449486,-26.803389402249717],[-48.60582705995798,-26.803389300719658],[-48.605806775485576,-26.803381675056432],[-48.605798797543635,-26.803371297683615],[-48.60579339113092,-26.803354358148148],[-48.605782016274404,-26.803306545322553],[-48.60576687393815,-26.803237019847217],[-48.60573830523655,-26.803105803804844],[-48.60573538792387,-26.803086704490937],[-48.6057266626295,-26.803072650670455],[-48.605705563941854,-26.803065011219797],[-48.605687851060466,-26.80305082338253],[-48.60567136411442,-26.803014664460758],[-48.60566095397686,-26.803002784019913],[-48.60563827830201,-26.802992185033336],[-48.60559660678983,-26.80299304113647],[-48.6055751736028,-26.80300371500742],[-48.60556110455714,-26.803013773498428],[-48.605551029578066,-26.803029016254666],[-48.60553974929438,-26.80306476852883],[-48.60551300319341,-26.803098084294977],[-48.60546731256161,-26.803139932176496],[-48.60543580432786,-26.80316584877091],[-48.605423862229635,-26.803187629494225],[-48.60541468060755,-26.80320438536218],[-48.605376324976795,-26.80333649040473],[-48.60535341948393,-26.80338372317295],[-48.60535156996905,-26.803368847171257],[-48.60535004363409,-26.80335151304906],[-48.605349772381466,-26.803333794078977],[-48.60535011805886,-26.803325001395333],[-48.605357070920874,-26.803203744412457],[-48.60535064302041,-26.803141143494532],[-48.605320444334794,-26.80312197056275],[-48.60502983341593,-26.80296796482116],[-48.60497686793972,-26.802952584690104],[-48.60484562178884,-26.80294207922508],[-48.60475090873174,-26.802942659994937],[-48.60460044247244,-26.802971977357128],[-48.60435106005884,-26.80306881711493],[-48.60434835396126,-26.80306981810341],[-48.604346700941086,-26.80307047595387],[-48.60405704562683,-26.803178157206606],[-48.60398117267307,-26.803276562167078],[-48.603893022948256,-26.803414077345252],[-48.60381888509775,-26.803575337575143],[-48.60381649573504,-26.80358040477436],[-48.60381283098473,-26.803587300324317],[-48.60381871663056,-26.803592435449353],[-48.603831935717835,-26.80360559086312],[-48.603844163747695,-26.80361948752156],[-48.603855361457065,-26.803634079639433],[-48.603862374914414,-26.803644404686224],[-48.60404185523088,-26.803922129139767],[-48.60411121346018,-26.80400731810932],[-48.60428253854396,-26.804140139111144],[-48.60445994233899,-26.80412160179301],[-48.60446111131973,-26.804121486220065],[-48.60448079128151,-26.804120077712394],[-48.60448876095109,-26.80411984263577],[-48.604774121501514,-26.80411467426359],[-48.60477774263074,-26.804114636290144],[-48.60483735668887,-26.804114192431875],[-48.604880923913925,-26.80409445407482],[-48.605022156698126,-26.80398155209273],[-48.605135578961274,-26.803888943838427],[-48.605144004729425,-26.803882318330935],[-48.60515950104279,-26.80387134553381],[-48.60517575208676,-26.803861305969146],[-48.60519270683882,-26.803852234869765],[-48.605204326392254,-26.803846764351768],[-48.605227218204995,-26.8038365574146],[-48.60523318579298,-26.803833969211006],[-48.605251313899416,-26.80382696643943],[-48.605269912224074,-26.803821036470723],[-48.605288909638936,-26.803816214197642],[-48.60530726671725,-26.803812671537354],[-48.60531229200712,-26.803811854163282],[-48.60531998394687,-26.80382674781467],[-48.60537320083132,-26.803909623605776],[-48.60537806154776,-26.803914244998698],[-48.605406112058226,-26.80394089868196],[-48.60542074322538,-26.80394477396794],[-48.605449304066596,-26.803946665024952],[-48.60551535523402,-26.803939471456793],[-48.60551612114915,-26.803939394175398],[-48.60557341303523,-26.803933162333255],[-48.605591707364404,-26.803931170726326],[-48.605750596683,-26.803907851538483],[-48.60577045696851,-26.803905038133873],[-48.605816118778804,-26.803898555276078],[-48.60584710731032,-26.803901209256917],[-48.605885408690554,-26.80390617079343],[-48.605918700986265,-26.803916922289822],[-48.6059495248422,-26.803928371997387],[-48.605958460961624,-26.803931437973556],[-48.60600225655721,-26.803948205760623],[-48.6060255488532,-26.803955792043844],[-48.60604935024926,-26.80396355839451],[-48.60609732482286,-26.803968575227817],[-48.60609826808934,-26.80396867240211],[-48.606107339970144,-26.803968627337955],[-48.60611945920486,-26.8039685706553],[-48.60613584276244,-26.803968495867828],[-48.606176904804045,-26.80395597914961],[-48.60619071467409,-26.803958261239583],[-48.60620985128849,-26.80396260972206],[-48.60621392159202,-26.803963689278895],[-48.60627564705546,-26.803980498583787],[-48.60645722975431,-26.804022003851504],[-48.6072070447469,-26.804175054992513],[-48.60742977015954,-26.804213645062063],[-48.607710862792885,-26.804262335913794],[-48.60791978981769,-26.80428661428992],[-48.60789351816,-26.804043935048217],[-48.60783377389659,-26.803842201038933],[-48.60777111043711,-26.80365593919229],[-48.60770207824354,-26.80355365664778],[-48.60758347821565,-26.803397239484312],[-48.60742197408031,-26.803226154552497],[-48.607421639670626,-26.803225796956944],[-48.60740941121688,-26.803211900580955],[-48.607398213065814,-26.80319730871621],[-48.60738811407178,-26.803182094720245],[-48.60737913301427,-26.803166322079782],[-48.607371328884035,-26.80315005496144],[-48.60736472046043,-26.8031333568519],[-48.60735950521482,-26.803116880828462],[-48.607285278668854,-26.802850604747142],[-48.60728511970426,-26.802850033538274],[-48.6072809983138,-26.802832709689522],[-48.60727911965057,-26.802822083579365],[-48.60725804050675,-26.802685634047332],[-48.60725706917077,-26.802678732201535],[-48.60725615981498,-26.802670315347363],[-48.607230256175065,-26.80238336076849],[-48.60722960551429,-26.80237411806679],[-48.60722933376922,-26.802356408099726],[-48.60723034877724,-26.802338719889153],[-48.60723264902248,-26.802321125602564],[-48.60723520583812,-26.802308074798905],[-48.60727043082861,-26.80215109075568],[-48.60727145778685,-26.802146722384553],[-48.60727630346064,-26.802129550147786],[-48.60728238942207,-26.802112696677852],[-48.607289683807764,-26.802096242653146],[-48.607298165186016,-26.802080250880138],[-48.607307802072384,-26.802064783995284],[-48.60731853244552,-26.80204992216703],[-48.60733033487391,-26.80203572820178],[-48.607343138041266,-26.80202224601426],[-48.60734766429303,-26.80201789168463],[-48.60752681295645,-26.8018490104662],[-48.60753605891062,-26.801840666029733],[-48.607542640985,-26.801835146236623],[-48.607701540085685,-26.801705818188342],[-48.607709607640466,-26.801699475227974],[-48.607725103415355,-26.801688502110398],[-48.607741354119376,-26.80167845319133],[-48.607758308163696,-26.8016693907675],[-48.60777589480094,-26.80166133169107],[-48.60779402242097,-26.801654328558143],[-48.60781262008721,-26.801648407241878],[-48.607831617052526,-26.801643584594554],[-48.607843362692435,-26.80164119320631],[-48.607921804133134,-26.801626699782933],[-48.607929363714184,-26.801625392721835],[-48.607947404803774,-26.801622990421585],[-48.60802910180317,-26.801614372540982],[-48.60803058314789,-26.80161422612],[-48.60805026267063,-26.801612817083306],[-48.6080650414502,-26.801612525424076],[-48.60813037411523,-26.801612664068816],[-48.60813533085485,-26.801612711747985],[-48.60815504213967,-26.80161362243983],[-48.60817464857937,-26.801615695472208],[-48.60818594578906,-26.801617420512343],[-48.608264315421536,-26.801630783232444],[-48.60827242990296,-26.801632264969015],[-48.60829156623653,-26.801636613150357],[-48.60831033730366,-26.801642074150724],[-48.60832868335656,-26.801648619888088],[-48.608346504247194,-26.801656230621834],[-48.608363730174936,-26.801664878100123],[-48.60837392687665,-26.801670645394818],[-48.60845507023188,-26.8017185993349],[-48.60847488998701,-26.80172775988974],[-48.608531115082116,-26.80173971949113],[-48.608752003787345,-26.801769315251782],[-48.60875245502404,-26.801769377021273],[-48.60877186676151,-26.801772583725775],[-48.608783990067316,-26.801775198020437],[-48.60888774122035,-26.801799619719855],[-48.609052975798036,-26.80181545134805],[-48.60906594709854,-26.801816951926785],[-48.609071261038416,-26.801817709492322],[-48.60907219329237,-26.80181785158073],[-48.609095744038235,-26.801806879031975],[-48.60913635410226,-26.801772235560083],[-48.6091568983332,-26.801732966607748],[-48.60916195878428,-26.801723757222085],[-48.60917159520454,-26.801708299211622],[-48.60917934704316,-26.801697348511315],[-48.60919901669227,-26.801671005411922],[-48.60920199495636,-26.80166709412293],[-48.60921379730857,-26.801652890960582],[-48.6092266002202,-26.801639408584176],[-48.60924036196634,-26.80162671848177],[-48.60925502147373,-26.801614855717965],[-48.60927051729071,-26.801603873399298],[-48.60927064986842,-26.801603785397436],[-48.60931482649697,-26.80157457148985],[-48.60933095453378,-26.80156461054926],[-48.609345987860884,-26.80155649911391],[-48.60938360414107,-26.801537525065168],[-48.60938552491841,-26.801536564854906],[-48.60940151821167,-26.801529191561812],[-48.60948962804674,-26.80149146996633],[-48.60958469107717,-26.801419980057045],[-48.60959933883978,-26.801409633113817],[-48.60961501902394,-26.801399926274087],[-48.60966477759641,-26.80137114944927],[-48.609530489102596,-26.801290957614516],[-48.609189025723076,-26.801092677147913],[-48.60918319558854,-26.801089203621736],[-48.609178361447476,-26.801086189104975],[-48.60909520097272,-26.801033247245986],[-48.609061305129,-26.80100814694516],[-48.60904263618125,-26.80099063150381],[-48.60898969401882,-26.80093628699291],[-48.608975316314144,-26.800920342053672],[-48.60895952400306,-26.800899446025365],[-48.60894000201235,-26.800870825475208],[-48.60893382547506,-26.800861336000956],[-48.6089280758814,-26.800851628136037],[-48.608922772957996,-26.800841720262095],[-48.60891792637887,-26.80083163059095],[-48.60891353595465,-26.800821368143563],[-48.608909621222686,-26.800810960322554],[-48.608906171940966,-26.800800415979044],[-48.608889978374705,-26.80074688182689],[-48.60888268237635,-26.80071549888952],[-48.608879504423335,-26.8006814782832],[-48.60887805188766,-26.800616985190963],[-48.6088780428803,-26.800606390682848],[-48.60887932642736,-26.80058595461374],[-48.608884358192434,-26.80053832892994],[-48.608887368514544,-26.800518030325225],[-48.60890513204442,-26.800425318498814],[-48.6089076953207,-26.800413865034724],[-48.60893328781332,-26.800311313784867],[-48.6089413154253,-26.800285297414593],[-48.608981626795014,-26.80017619061464],[-48.608984539989876,-26.800168668566993],[-48.608998471527045,-26.800139728845334],[-48.60903950766159,-26.800066532352897],[-48.60904643959647,-26.800054872941278],[-48.609062276648785,-26.800032408650072],[-48.609108163842485,-26.799973877121197],[-48.60911615137357,-26.79996414865925],[-48.60920872115655,-26.799856619462982],[-48.60921292403035,-26.799851853514838],[-48.609230319585436,-26.799834189307184],[-48.609484941832285,-26.799597283692083],[-48.60950197253295,-26.799582627352066],[-48.60951078237437,-26.799575881701408],[-48.60958455619213,-26.79952159311445],[-48.60953534127144,-26.799527845818847],[-48.609528819121145,-26.799528601974995],[-48.60928201133255,-26.79955502491544],[-48.60892377328716,-26.799596719776435],[-48.6087426899227,-26.799616527478122],[-48.60808633280226,-26.799682935421618],[-48.607905606263294,-26.79970441753415],[-48.60748447944659,-26.799762263799224],[-48.60746527899489,-26.79976433963456],[-48.60744598120555,-26.79976530385146],[-48.60742664639438,-26.799765157469565],[-48.60740736503473,-26.799763902018412],[-48.60738820749491,-26.799761538687694],[-48.60736926405885,-26.799758078027942],[-48.60735060471607,-26.79975353927085],[-48.60733230969787,-26.799747932797104],[-48.607314448804274,-26.79974128685936],[-48.607168392729825,-26.799681956353634],[-48.60715546792064,-26.79968448116934],[-48.606969156348434,-26.799721948675096],[-48.60696603591151,-26.799722572723226],[-48.606964228364355,-26.79972293019803],[-48.60696242100659,-26.79972327865187],[-48.60696060378571,-26.799723617914772],[-48.60695879680676,-26.799723948326672],[-48.606956980154095,-26.799724260526684],[-48.60695515344891,-26.7997245725567],[-48.606953337175064,-26.79972486671478],[-48.60695309496733,-26.799724907740043],[-48.606950350640915,-26.799725339616213],[-48.6069475968302,-26.79972574425952],[-48.606944843587726,-26.799726121839942],[-48.60694209072405,-26.79972648137843],[-48.60693932818668,-26.79972682270498],[-48.60693656621754,-26.799727136968652],[-48.60693380481663,-26.799727424169436],[-48.60693356298773,-26.79972744715278],[-48.60693079191312,-26.799727716141625],[-48.60692802140676,-26.799727958067606],[-48.60692525127923,-26.799728181951636],[-48.60692247166742,-26.799728378602804],[-48.60691969262383,-26.79972854819109],[-48.6069169139591,-26.79972869973742],[-48.60691412562067,-26.799728833071836],[-48.6069132197567,-26.799728871899283],[-48.60691230402962,-26.799728901535804],[-48.60691138811313,-26.79972894019326],[-48.60691047238605,-26.799728969829772],[-48.60690956671149,-26.79972899963625],[-48.60690865117384,-26.799729020251817],[-48.60690773563617,-26.79972904086736],[-48.60684482491685,-26.79973094602536],[-48.60682901457808,-26.799731048666693],[-48.60680930364375,-26.799730137812162],[-48.60678969737694,-26.799728073634142],[-48.60677028625098,-26.79972485766263],[-48.60675455130705,-26.799721369960558],[-48.60665372957423,-26.79969643684693],[-48.6066503285766,-26.799695576183613],[-48.606631547867906,-26.799690114818148],[-48.606613212478955,-26.799683560035472],[-48.60659539202005,-26.79967594910958],[-48.606578156290816,-26.79966731029353],[-48.60656743351938,-26.799661227163607],[-48.60626362640078,-26.799480849115124],[-48.606257788096606,-26.799477294120557],[-48.606241961058856,-26.799466702804683],[-48.606226937255485,-26.79945521363447],[-48.60622174912406,-26.799450866486676],[-48.60599285995386,-26.799254726481607],[-48.60594343976239,-26.799228622904792],[-48.60590805043707,-26.799215318266803],[-48.605814346839125,-26.799217297674225],[-48.60561244713617,-26.799228040922525],[-48.605434727903734,-26.799246646942997],[-48.60500890950613,-26.799317717076725],[-48.60500702248943,-26.799318028060995],[-48.6049874903696,-26.799320576227743],[-48.60498308701089,-26.799320998038866],[-48.604861476451454,-26.799331655022506],[-48.60443980545037,-26.799709641322504],[-48.60443586090637,-26.799713112016004],[-48.604421211251896,-26.79972497443616],[-48.60440919362543,-26.799733614669304],[-48.60411475179329,-26.799934506996117],[-48.60411126338517,-26.799936848360492],[-48.604100643767396,-26.79994356301874],[-48.60389828888255,-26.800065816289393],[-48.6038436133898,-26.800138536543724],[-48.60372617821137,-26.800322661917054],[-48.60355221445574,-26.800641769495233],[-48.603488790280686,-26.800762277626262],[-48.60348401204894,-26.800770959144298],[-48.603474374978425,-26.800786416722943],[-48.60346364407066,-26.80080128725735],[-48.603451841327605,-26.800815480878544],[-48.603439037876136,-26.8008289626942],[-48.60342527544418,-26.800841661217632],[-48.60342304319121,-26.800843563604136],[-48.6032903013014,-26.800955949177585],[-48.60328893964148,-26.800957099254397],[-48.60313996186457,-26.8010816720333],[-48.60301711412183,-26.80126197805609],[-48.60300735917229,-26.80127538512279],[-48.60299556618438,-26.801289587889144],[-48.60298275276145,-26.801303060464342],[-48.6029689902206,-26.801315758935377],[-48.602954330153274,-26.80132762100694],[-48.602938843876736,-26.801338602766073],[-48.602922582982586,-26.80134864191748],[-48.60290562846146,-26.801357712760353],[-48.60288805182064,-26.801365762360913],[-48.60286992399827,-26.801372764848136],[-48.60285131593254,-26.801378694351055],[-48.602832328909365,-26.80138351648865],[-48.60281302362467,-26.801387214240656],[-48.60279349112206,-26.80138976207677],[-48.6027738116335,-26.801391170380143],[-48.6027540762027,-26.80139141362055],[-48.602734365061615,-26.801390502181246],[-48.60271475882177,-26.801388428403623],[-48.602695347388206,-26.801385220883176],[-48.6026762113724,-26.801380871961374],[-48.60265744067932,-26.801375410233753],[-48.60263910529839,-26.801368854934374],[-48.60262127483943,-26.801361243339134],[-48.60260404925985,-26.801352604213942],[-48.6025874883065,-26.801342965643567],[-48.60257166120936,-26.80133238294581],[-48.602556647820364,-26.80132088454606],[-48.6025424970743,-26.801308534442462],[-48.60252927839072,-26.801295378931943],[-48.602517040704235,-26.801281482012648],[-48.602505853434195,-26.8012668899815],[-48.60249574522002,-26.80125167551693],[-48.602486775048675,-26.801235902787372],[-48.602478971749214,-26.8012196354503],[-48.60247236415061,-26.801202937163165],[-48.60246699056505,-26.801185898816467],[-48.60246286995855,-26.80116857487638],[-48.602460030780385,-26.801151047042104],[-48.602458461459065,-26.801133387310664],[-48.60245819044383,-26.8011156773812],[-48.602459206163196,-26.80109798925066],[-48.602461517150935,-26.801080395256577],[-48.60246509154059,-26.80106297607616],[-48.60246993786597,-26.801045804046893],[-48.602476024260724,-26.801028959845883],[-48.602483329290706,-26.80101250627875],[-48.6024918114166,-26.800996505810442],[-48.60250143858248,-26.800981048138954],[-48.60250242451368,-26.800979593908735],[-48.602646793720254,-26.80076769848567],[-48.60265654866176,-26.8007542914429],[-48.60266834162864,-26.800740088702955],[-48.60268115520732,-26.80072660713262],[-48.602694917511535,-26.800713917706943],[-48.60269851162503,-26.80071085624067],[-48.60287699004042,-26.800561615312763],[-48.60296763123229,-26.800484875269635],[-48.60300762370792,-26.80040889264663],[-48.60300941365539,-26.800405547938404],[-48.603054902779455,-26.800322105198187],[-48.60303543132676,-26.800327974991475],[-48.602710868018036,-26.800427013040142],[-48.60253017193368,-26.80051340825805],[-48.60248409292854,-26.800606704183398],[-48.60242342894494,-26.800771864804894],[-48.60242070517545,-26.800778965769513],[-48.60241340015447,-26.80079541933431],[-48.60240491803525,-26.800811419798595],[-48.60239528082046,-26.80082687729361],[-48.602384549964086,-26.800841738715498],[-48.6023727468996,-26.800855941258238],[-48.60235994351328,-26.800869413946387],[-48.60234618096442,-26.800882112356373],[-48.6023315208971,-26.800893974363422],[-48.60231602476577,-26.80090494686366],[-48.60229977375054,-26.800914995135706],[-48.602282819253396,-26.800924065905402],[-48.60226523259184,-26.800932115260213],[-48.60224710480902,-26.80093911767003],[-48.60222850684296,-26.800945047264207],[-48.602209509821556,-26.800949869151182],[-48.60219020478816,-26.800953557801005],[-48.602170672164114,-26.800956114576156],[-48.60215100280303,-26.800957522967725],[-48.602131267453316,-26.800957766126157],[-48.60211155639918,-26.800956854605303],[-48.602091950251825,-26.800954780746956],[-48.60207253910561,-26.800951564126013],[-48.602053403002266,-26.800947224147034],[-48.60203462236305,-26.800941762172855],[-48.602016287092425,-26.800935206799384],[-48.6019984667997,-26.800927595302827],[-48.60198124133654,-26.80091895610879],[-48.601964680501965,-26.800909317472655],[-48.60194885371525,-26.800898725691567],[-48.601933830205745,-26.800887236083614],[-48.60191967958239,-26.800874885925094],[-48.60190646102178,-26.800861730363764],[-48.60189423351058,-26.80084783356831],[-48.60188304636243,-26.800833241495223],[-48.60187293826885,-26.800818026993394],[-48.601863958163655,-26.80080225406112],[-48.601856155170445,-26.800785977675776],[-48.601849557548235,-26.80076928855763],[-48.60184418426274,-26.800752241172983],[-48.6018400635729,-26.800734926242036],[-48.601837214444345,-26.800717398231033],[-48.60183565527319,-26.80069973866889],[-48.60183538435035,-26.80068202874375],[-48.601836400156664,-26.80066434062288],[-48.60183870117287,-26.800646746473483],[-48.60184228568996,-26.800629327483634],[-48.601847132083634,-26.800612155479772],[-48.60185048468824,-26.80060241209058],[-48.60191582174357,-26.80042452569849],[-48.60191854553343,-26.800417424744808],[-48.60192585059503,-26.800400971207917],[-48.601926533622404,-26.800399575017988],[-48.60201136048678,-26.800227839374866],[-48.602019159394345,-26.800213244145265],[-48.6020287865467,-26.80019778650426],[-48.602039527432154,-26.800182925277515],[-48.60205132040669,-26.80016872258917],[-48.60206413379408,-26.80015525009526],[-48.602077896277585,-26.800142551707765],[-48.602092556265916,-26.800130689721176],[-48.60209784774727,-26.8001267726647],[-48.60215744202587,-26.8000836724493],[-48.602167636713666,-26.80007660782726],[-48.602183897476266,-26.80006656875335],[-48.60220085184698,-26.800057497986515],[-48.602204885401534,-26.80005553589697],[-48.6024487856375,-26.799938925160994],[-48.602462338582704,-26.799932837868894],[-48.602480466189256,-26.799925835419003],[-48.60249350851973,-26.799921553323525],[-48.602841764125166,-26.799815273571042],[-48.602842897595366,-26.799814931804587],[-48.603371829384336,-26.79965560785376],[-48.603376261400754,-26.79965430221412],[-48.60339524811255,-26.799649479981674],[-48.603403914126915,-26.79964767751944],[-48.60356066557381,-26.79961719524166],[-48.60375654216333,-26.799498848479967],[-48.60382557157419,-26.79945175615774],[-48.603812021781955,-26.799454351300795],[-48.603801360084894,-26.799455894396726],[-48.603575395674156,-26.79948481697316],[-48.60356652502188,-26.799485830882002],[-48.60354684605468,-26.799487230294915],[-48.603534129096204,-26.79948752031077],[-48.60337730185629,-26.799488140429148],[-48.603370283707655,-26.799488093775977],[-48.60335057288274,-26.79948718244395],[-48.603330966759735,-26.79948511779328],[-48.60331155581153,-26.799481901356156],[-48.60329802196031,-26.7994789559017],[-48.603145137405434,-26.799442246528024],[-48.602975938182695,-26.799405242626193],[-48.602963811128284,-26.799402348039752],[-48.60294504073654,-26.799396886369724],[-48.602926695402914,-26.799390339976735],[-48.602908875462795,-26.799382719584518],[-48.6028916501454,-26.799374080510653],[-48.60287508943879,-26.799364441989052],[-48.60285926257204,-26.799353859337323],[-48.602844239343334,-26.799342360810357],[-48.60283009884428,-26.799330010916957],[-48.60281688014628,-26.799316864463975],[-48.60280464280502,-26.79930295855694],[-48.60279345566965,-26.799288366555324],[-48.602783347569094,-26.799273152116577],[-48.60277437748958,-26.799257379408974],[-48.60276656420748,-26.799241111919635],[-48.60275996670884,-26.79922441381681],[-48.60275459314821,-26.799207375480044],[-48.60275047254395,-26.799190051545786],[-48.602747633345174,-26.799172523713153],[-48.602746063980874,-26.799154863979247],[-48.60274579290012,-26.799137154043148],[-48.602746808531904,-26.79911946590187],[-48.60274724005541,-26.799116161355226],[-48.60254030373839,-26.79926117516256],[-48.60238229663537,-26.79942162762642],[-48.60235633367698,-26.799444966362103],[-48.6023436738986,-26.79945448892328],[-48.60217815742792,-26.799572256120488],[-48.60216112666417,-26.799583527481513],[-48.60214325415915,-26.799593701683442],[-48.60212463171409,-26.79960271711246],[-48.60210535037116,-26.799610548238466],[-48.60208550174197,-26.799617142468637],[-48.60206518711116,-26.799622465422388],[-48.602044507193995,-26.799626509781877],[-48.60202356346501,-26.799629232145723],[-48.60200246650223,-26.799630634387455],[-48.60198129710586,-26.79963069982787],[-48.60196018576912,-26.79962943970219],[-48.601939954708314,-26.7996269672078],[-48.601919960565205,-26.799623271443743],[-48.6019002833806,-26.799618371814653],[-48.60188102330024,-26.799612288065894],[-48.601862270227464,-26.799605048793435],[-48.60184410401312,-26.79959668242296],[-48.601826604128284,-26.79958723542197],[-48.60180986009642,-26.799576754428394],[-48.60179395157826,-26.799565276888863],[-48.60177893774982,-26.79955285795118],[-48.60176489789197,-26.79953955310388],[-48.601751890990705,-26.79952542651566],[-48.60173997584209,-26.799510551376148],[-48.60172921162172,-26.799494982833153],[-48.60171964707301,-26.79947879390593],[-48.60171132088681,-26.799462057443336],[-48.6017042814267,-26.799444864506427],[-48.60169855752071,-26.799427278752756],[-48.60169416756475,-26.799409381711317],[-48.60169112976483,-26.799391263932],[-48.60168947275908,-26.799372998093173],[-48.601689194458665,-26.799354683424827],[-48.60169030358663,-26.799336383243656],[-48.60169277794927,-26.799318196438886],[-48.60169662588995,-26.799300204368937],[-48.601701825594745,-26.79928248788114],[-48.60170834538712,-26.799265118631553],[-48.601716153021115,-26.799248195338933],[-48.60172522706265,-26.79923178080872],[-48.60173551573051,-26.799215946356178],[-48.60174696686398,-26.799200781338428],[-48.6017595389243,-26.799186348220157],[-48.60177317026796,-26.799172709125386],[-48.60178780930397,-26.799159926348477],[-48.60180336423172,-26.799148061502443],[-48.60194794190792,-26.799045199741474],[-48.6021066891127,-26.798883984225423],[-48.60213265179127,-26.79886065454969],[-48.60214706729104,-26.798849889348606],[-48.60237977461448,-26.798686813216747],[-48.60254619142159,-26.79850752540191],[-48.602747708454295,-26.798259607781617],[-48.6027478425503,-26.79825944761857],[-48.602553124458815,-26.79829313925719],[-48.60254926965338,-26.79829377784119],[-48.602538023311894,-26.798295392160117],[-48.60218436181254,-26.79834002622636],[-48.60217607618039,-26.79834095972194],[-48.60215640727369,-26.798342368144837],[-48.60213945707387,-26.79834264948954],[-48.601659272085286,-26.798338501870152],[-48.60165647733771,-26.79833846353514],[-48.6016367667445,-26.798337551978268],[-48.601621603815765,-26.79833604969817],[-48.60134777836205,-26.79830269441126],[-48.6013433356079,-26.798302122788698],[-48.601343205306904,-26.798302102532112],[-48.60117373414307,-26.798279088388984],[-48.60115446383632,-26.798275892100147],[-48.60113532840929,-26.798271543006827],[-48.601116548254865,-26.79826608094118],[-48.60111154525107,-26.798264416920436],[-48.600923234605105,-26.79820006851316],[-48.600909902646,-26.79819518607554],[-48.60089207298992,-26.79818756527907],[-48.60087484801912,-26.79817892598045],[-48.600858287668196,-26.79816928724414],[-48.60084246116445,-26.798158704388634],[-48.60082744835715,-26.798147205840124],[-48.60081329817882,-26.79813485559722],[-48.60080007985655,-26.798121708978456],[-48.60078784289235,-26.79810780291974],[-48.600776656133334,-26.798093210781364],[-48.60076654840704,-26.798077996221163],[-48.60075757869789,-26.798062223408085],[-48.6007497758333,-26.7980459559999],[-48.600743168640555,-26.798029257654328],[-48.600737795429616,-26.798012219262176],[-48.60073367516522,-26.797994895289825],[-48.60073083629478,-26.797977367436676],[-48.600729267246216,-26.797959707699626],[-48.60072899646686,-26.797941997778032],[-48.60073001238468,-26.79792430966869],[-48.60073232353225,-26.797906715709196],[-48.60073589785309,-26.797889305597277],[-48.60074074425965,-26.797872133628605],[-48.60074683088543,-26.79785528047999],[-48.60075413591632,-26.79783882699852],[-48.6007626178134,-26.797822835648745],[-48.6007722450902,-26.79780736906553],[-48.60078298588044,-26.79779250792555],[-48.60079477873078,-26.797778305331562],[-48.60080759196506,-26.797764832939336],[-48.60082135426759,-26.797752134660307],[-48.600836014047694,-26.79774027278854],[-48.60085149980001,-26.79772930025641],[-48.600867760503675,-26.79771925229529],[-48.60088471460122,-26.797710181667213],[-48.60090229077742,-26.797702132283696],[-48.600920428149216,-26.797695130184916],[-48.60093902562437,-26.797689200729454],[-48.60095801207777,-26.797684378808064],[-48.60097731657421,-26.79768069029063],[-48.60099684864351,-26.79767813364356],[-48.6010165274881,-26.797676725545514],[-48.60103626225812,-26.797676482504805],[-48.601055972725625,-26.797677394137516],[-48.60107557828291,-26.79767946810149],[-48.601094988839534,-26.797682684821588],[-48.60111412435735,-26.797687024893087],[-48.60113289436614,-26.79769248678271],[-48.601137897345886,-26.79769415080116],[-48.601295995389684,-26.79774817762269],[-48.60143121271891,-26.797766541201316],[-48.60168399348452,-26.797797337770387],[-48.60212270315983,-26.797801125430585],[-48.602446437558164,-26.79776027093615],[-48.60270350671769,-26.79771580488455],[-48.60294516303802,-26.797672629468902],[-48.602950804479775,-26.797671669190787],[-48.60297033652575,-26.797669112268085],[-48.60298621027947,-26.797667892126192],[-48.60320205008852,-26.79765641396931],[-48.60320585517591,-26.79765622573095],[-48.60322558996298,-26.79765598238419],[-48.60323219300771,-26.79765615737145],[-48.603340873734304,-26.797660145509695],[-48.603344295894395,-26.7976552131126],[-48.60343816742513,-26.79752466224945],[-48.60344216312763,-26.79751923420962],[-48.60363444838427,-26.797265419441942],[-48.60364437338356,-26.79724533732327],[-48.60352246876741,-26.79713903548154],[-48.60351540277747,-26.797132662113473],[-48.60351069053742,-26.797128169522836],[-48.60329402671881,-26.796916810306616],[-48.60329193794018,-26.79691476255396],[-48.60313953564086,-26.796762985735146],[-48.60313311797072,-26.796756388701443],[-48.603120880837864,-26.796742482832936],[-48.603109693884285,-26.796727890865572],[-48.603099585938565,-26.796712676456742],[-48.603090615985934,-26.79669690377451],[-48.603082802802625,-26.796680636305982],[-48.60307620537366,-26.796663938219194],[-48.603070831853856,-26.79664689989373],[-48.60306671126116,-26.79662957596593],[-48.6030638720444,-26.796612048134875],[-48.603062302633205,-26.79659438839775],[-48.60306203147638,-26.796576678453533],[-48.603063047003495,-26.79655899029937],[-48.60306535774863,-26.79654139627278],[-48.60306893165759,-26.796523986072206],[-48.60307377764385,-26.796506813993258],[-48.603079863843014,-26.796489960713377],[-48.6030871583907,-26.796473506909987],[-48.60309564990645,-26.796457515559077],[-48.60310527674877,-26.796442048785504],[-48.60311601710576,-26.79642718743684],[-48.60312780952579,-26.796412984616993],[-48.60314062233457,-26.79639951198238],[-48.603154384218186,-26.79638681344575],[-48.6031690335356,-26.796374951131913],[-48.60318452893997,-26.796363978485257],[-48.60320078925509,-26.796353930227397],[-48.603217742977726,-26.796344859292105],[-48.60323531879434,-26.79633680959217],[-48.6032440680091,-26.79633342931182],[-48.603240114300256,-26.796316775999696],[-48.60323726500813,-26.79629924799995],[-48.603235705432716,-26.79628159745366],[-48.60323542419343,-26.7962638873371],[-48.60323644973911,-26.796246199349227],[-48.60323875039516,-26.796228605146673],[-48.603242334506064,-26.796211186087877],[-48.603247180449465,-26.796194013999663],[-48.603253266603026,-26.79617716070882],[-48.60326056110263,-26.796160706892817],[-48.60326904251576,-26.796144715357464],[-48.60327867916806,-26.796129257759276],[-48.60328940941846,-26.79611439622316],[-48.603301211834626,-26.7961001935549],[-48.603309463357064,-26.796091309142987],[-48.603498466796154,-26.795896384505653],[-48.60344250981878,-26.79592110169366],[-48.603338193714485,-26.795975997917417],[-48.603331474689455,-26.79597943063055],[-48.60332568406788,-26.79598222932614],[-48.60323505988715,-26.79602487693208],[-48.60322327474701,-26.796030127944707],[-48.60320513776599,-26.796037130367456],[-48.60319700517165,-26.79603988037473],[-48.60306226947561,-26.79608333302919],[-48.60305179471611,-26.796086521642664],[-48.603032808600055,-26.79609134386981],[-48.60301350442064,-26.796095032690975],[-48.602993972647994,-26.79609758963821],[-48.60298620496621,-26.796098288310045],[-48.602874967893825,-26.796106908514513],[-48.60286305700637,-26.796107618226536],[-48.6028559328552,-26.796107840486883],[-48.60264839270342,-26.79611211319443],[-48.6026357823405,-26.79611213422959],[-48.60261607211199,-26.796111222834124],[-48.60259647682876,-26.796109149269675],[-48.60257706647716,-26.79610593277005],[-48.602557931147864,-26.796101592909604],[-48.60253915125879,-26.796096131050675],[-48.60252081671077,-26.79608957578858],[-48.6025029971105,-26.796081964399114],[-48.602485762254325,-26.796073325137193],[-48.60246920204286,-26.79606368659823],[-48.60245338589282,-26.79605309507902],[-48.60243836292677,-26.7960416055567],[-48.60242421280313,-26.79602925547744],[-48.602410994696456,-26.79601609998865],[-48.6023987675914,-26.796002203258713],[-48.60238757074776,-26.79598761107357],[-48.602377473012474,-26.795972396792763],[-48.6023684931613,-26.795956623903496],[-48.60236069036836,-26.795940347553145],[-48.60235409289222,-26.7959236584619],[-48.60234871969823,-26.795906611095983],[-48.60234459904481,-26.79588929617551],[-48.60234174989728,-26.795871768166645],[-48.60234019065156,-26.79585410859825],[-48.602339909547226,-26.79583639848828],[-48.6023409352221,-26.795818710514936],[-48.602343236001175,-26.795801116334626],[-48.602346820228306,-26.795783697305797],[-48.60235166628066,-26.79576652525512],[-48.60235775234573,-26.79574968103011],[-48.602365047128146,-26.795733218245264],[-48.60237352862576,-26.795717226769],[-48.602383165353594,-26.79570176923666],[-48.602393895670325,-26.795686907772776],[-48.602405698143265,-26.79567270518296],[-48.60241850107915,-26.79565922342143],[-48.602432262751435,-26.79564653397417],[-48.602446922088404,-26.795634671902945],[-48.60246241763892,-26.79562369031137],[-48.60247866765792,-26.795613650983444],[-48.60249562131582,-26.795604580130327],[-48.60251320710961,-26.79559653068544],[-48.60253133419102,-26.795589519158014],[-48.60254993105722,-26.795583598481503],[-48.602568927154046,-26.795578776484852],[-48.6025882314437,-26.795575078698345],[-48.6026077629405,-26.79557253082252],[-48.602627431365626,-26.795571122304086],[-48.60263456553474,-26.795570900223282],[-48.60283256768959,-26.795566826914563],[-48.602895186040676,-26.795561976612646],[-48.60297337673075,-26.795536751807482],[-48.603039219410995,-26.795505768003643],[-48.60314685011983,-26.795449123285724],[-48.6031535691171,-26.795445690579427],[-48.603166212991106,-26.79543976827672],[-48.60328233875289,-26.7953884742292],[-48.60328011268464,-26.795386261718225],[-48.60326788571826,-26.79537235603881],[-48.603256698864946,-26.795357764088212],[-48.60324659100518,-26.79534254969401],[-48.60323761107152,-26.795326776853923],[-48.603229807996456,-26.79531050956573],[-48.60322321060812,-26.795293811486697],[-48.60321783711355,-26.79527677316666],[-48.60321371653046,-26.795259449241897],[-48.60321086725545,-26.795241921241246],[-48.60320930787473,-26.79522426167259],[-48.60320903668065,-26.795206551724245],[-48.60321005215523,-26.795188863563556],[-48.60321235278044,-26.79517126935789],[-48.60321593665901,-26.795153859316365],[-48.60322078254813,-26.795136687223994],[-48.603226868636064,-26.795119833928485],[-48.603234163059014,-26.79510338010734],[-48.6032426443847,-26.7950873885664],[-48.603252281128796,-26.795071921941265],[-48.60326302132352,-26.795057060568926],[-48.60327481357024,-26.795042857723633],[-48.60328761614312,-26.795029384891684],[-48.60330137783333,-26.795016686326388],[-48.603316037000745,-26.795004824152677],[-48.60332242671325,-26.79500031198861],[-48.60369901120613,-26.7950003169792],[-48.603706952183664,-26.795006199795203],[-48.6038487062536,-26.795115301019504],[-48.60385115005962,-26.79511720136305],[-48.60399930460899,-26.795233729378776],[-48.604003616224546,-26.795237186417538],[-48.604017756389105,-26.79524953617474],[-48.60402407464986,-26.795255599060717],[-48.6041354742193,-26.795365991016173],[-48.604225808028325,-26.795384007168064],[-48.604241608812416,-26.795381937363928],[-48.604242979124436,-26.79538180714772],[-48.604264895012385,-26.79537967841174],[-48.604283202953155,-26.79537840906691],[-48.604302937355264,-26.79537816554329],[-48.604311097595016,-26.795378402926975],[-48.60437111827703,-26.795380880718056],[-48.604382668173386,-26.795381554482432],[-48.60440227343765,-26.795383627963542],[-48.60442168392968,-26.79538683518726],[-48.604440688934524,-26.79539115453909],[-48.60447135330358,-26.795399073320166],[-48.60447147336039,-26.795399102424508],[-48.604490253251186,-26.795404564025862],[-48.604508587826665,-26.79541111903342],[-48.60452362871815,-26.79541745586111],[-48.60454018408062,-26.795424937311935],[-48.60454297289561,-26.79542621179341],[-48.604560197593,-26.79543485966004],[-48.60457675810421,-26.7954444889397],[-48.604592584443644,-26.79545508039991],[-48.60460759752133,-26.795466569533456],[-48.60461554086569,-26.795473300611402],[-48.60462683596891,-26.795483228813964],[-48.60463304293925,-26.795488847608404],[-48.604646261263625,-26.795502002903415],[-48.604658154799175,-26.795515514791457],[-48.604769396377556,-26.79550569301175],[-48.60478489334684,-26.795504682854716],[-48.60480462777558,-26.795504439262487],[-48.60482433794223,-26.795505350347185],[-48.604843933188576,-26.795507423598877],[-48.60486334371886,-26.795510630764152],[-48.60488247887483,-26.795514979333152],[-48.604901258808496,-26.795520440882438],[-48.604919593619684,-26.795526986818487],[-48.60492338291765,-26.795528503825985],[-48.604972019241295,-26.79554827751554],[-48.60498605970401,-26.795554371764105],[-48.60500328445809,-26.795563019580158],[-48.60501646975442,-26.795570570291048],[-48.60510120536504,-26.795621970744413],[-48.60511950929116,-26.795628552229815],[-48.605161791723184,-26.79563199293816],[-48.60516365895991,-26.795632141845303],[-48.605165716808514,-26.795632312025827],[-48.60516778433022,-26.795632500418275],[-48.60516984161027,-26.795632697661542],[-48.60517189851129,-26.795632912946658],[-48.60517395522278,-26.795633137252686],[-48.60517601174478,-26.79563337057963],[-48.60517806788773,-26.795633621948397],[-48.6052344628455,-26.795640685468168],[-48.60526641599289,-26.7956298646917],[-48.605321628453254,-26.795606099740642],[-48.60537251615982,-26.795580456770438],[-48.60539047009655,-26.79557210636439],[-48.60540900422988,-26.795564857693233],[-48.60542803757456,-26.795558736459103],[-48.60544747890381,-26.795553777215066],[-48.60546725747414,-26.795549996812458],[-48.60548726233352,-26.795547411422422],[-48.60550742292807,-26.79554602887546],[-48.60553521898627,-26.79554497402712],[-48.6055528811705,-26.795544767467316],[-48.605570533889555,-26.79554549023217],[-48.60558811683094,-26.795547141301427],[-48.60560554976736,-26.7955497102938],[-48.60562279268013,-26.795553187508244],[-48.605639775204565,-26.795557571754543],[-48.60565644764873,-26.795562835119757],[-48.60570514571553,-26.795579676760777],[-48.60572466771191,-26.795587154116145],[-48.6057435610024,-26.7955958390937],[-48.60576172582378,-26.795605693909557],[-48.605779072654364,-26.795616671929],[-48.60579551216175,-26.795628717496363],[-48.60581097530727,-26.79564176627515],[-48.60582537275832,-26.79565576260972],[-48.6058510158184,-26.795682528822628],[-48.605858733402734,-26.79569091645912],[-48.60586607318461,-26.795699577453327],[-48.60587301543857,-26.795708493423323],[-48.60587955030185,-26.795717655178223],[-48.60588566810117,-26.795727044506148],[-48.60589136902594,-26.795736652386207],[-48.6058966335401,-26.79574645141557],[-48.60590874426685,-26.795770218310906],[-48.6059290402563,-26.79579159689377],[-48.605954632186524,-26.79582798196584],[-48.60608706785572,-26.796054390799316],[-48.60623474601533,-26.796241657890405],[-48.60624261070556,-26.79625214159881],[-48.60624991589478,-26.7962629316895],[-48.6062566517201,-26.7962740189716],[-48.60626280869751,-26.796285376212378],[-48.6062683671013,-26.79629698502995],[-48.60627330758464,-26.79630880900062],[-48.60627764057846,-26.796320830252565],[-48.60634769681474,-26.796532124272716],[-48.60634935746211,-26.79653732319385],[-48.60642905680407,-26.796796536053876],[-48.60643669091429,-26.79682901672616],[-48.60643977871244,-26.79686011201274],[-48.60644640430537,-26.79705123819129],[-48.606446492469225,-26.79706475785513],[-48.6064457815891,-26.797078976913692],[-48.60643189852546,-26.79725308865701],[-48.60642927710333,-26.797377920472428],[-48.60644443112507,-26.79758910716216],[-48.606467180201925,-26.797763287928007],[-48.60652704157584,-26.79791803562817],[-48.60652918401473,-26.79792375707177],[-48.606539409375486,-26.797961181672132],[-48.60657677308247,-26.798157240453005],[-48.606594192771354,-26.798231334507264],[-48.60663950369432,-26.798297958968444],[-48.60664995369809,-26.79831463182357],[-48.606669506746414,-26.798357051094484],[-48.60676497473421,-26.798631149581336],[-48.606839385069684,-26.798780286524444],[-48.60684448708094,-26.798791129579282],[-48.606849052335775,-26.798802153064916],[-48.60685308083404,-26.798813356981384],[-48.606856563470245,-26.79882469605403],[-48.606859490381154,-26.79883616109195],[-48.606861861945475,-26.798847734053275],[-48.606863678731266,-26.798859387875208],[-48.60688141280455,-26.798995149216044],[-48.60702103689863,-26.79915674114938],[-48.60702515724999,-26.799155908402238],[-48.60713748215767,-26.799133929669132],[-48.6071585814317,-26.799130496258226],[-48.60717989336595,-26.799128429085922],[-48.60720131762579,-26.799127717431666],[-48.607222743445384,-26.79912836844692],[-48.60724406005882,-26.799130389283192],[-48.60726516732089,-26.79913376019915],[-48.60728595484442,-26.799138470304573],[-48.607306312431575,-26.79914449968829],[-48.60732614050507,-26.799151801546312],[-48.607481678290775,-26.799214992052274],[-48.60781736197908,-26.799168876770427],[-48.60782340178351,-26.799168103515818],[-48.60801003488622,-26.799145927168457],[-48.60801584064176,-26.799145285312047],[-48.60867241618477,-26.79907886318273],[-48.60884848954859,-26.79905959354988],[-48.609207491780815,-26.799017821462478],[-48.60945407686839,-26.79899141288048],[-48.6097818715653,-26.79894979802056],[-48.609874378382905,-26.798935829720214],[-48.6098941390637,-26.798925253227072],[-48.60993275798337,-26.798907811969688],[-48.60995273983101,-26.79890107447044],[-48.61000831861162,-26.798884334708553],[-48.61003555509599,-26.79887739483578],[-48.61038456805012,-26.798804101082986],[-48.610395956980376,-26.798801920021567],[-48.6105503757736,-26.79877513547367],[-48.6105636925036,-26.798773095235482],[-48.610787546043966,-26.798743530087133],[-48.61079706242733,-26.798742409305216],[-48.6110197312534,-26.798719465567682],[-48.61127363939829,-26.79869290664059],[-48.61151483821729,-26.798667711995677],[-48.61171672553061,-26.79863879437484],[-48.61220584522852,-26.79857328374616],[-48.61239634098445,-26.798544741468902],[-48.61253567590737,-26.79851551639568],[-48.61255175712747,-26.79851255701439],[-48.612568002851575,-26.798510385508983],[-48.61258435257632,-26.798509009882963],[-48.612600765903245,-26.798508438479047],[-48.6126171825179,-26.79850867027982],[-48.612633562210824,-26.798509704607024],[-48.61264985490899,-26.798511531591895],[-48.613002531831945,-26.798559911792587],[-48.61302269335424,-26.798563311021795],[-48.61304255776764,-26.798567932524705],[-48.61306202492588,-26.79857375656414],[-48.61308099487152,-26.798580754381966],[-48.61309940785696,-26.798588897898277],[-48.613117144197496,-26.798598139973972],[-48.613134154386735,-26.79860844367772],[-48.61315033903366,-26.79861975318859],[-48.6131656285267,-26.79863203123618],[-48.6131799437685,-26.79864521331769],[-48.61319323563009,-26.798659244459838],[-48.613205435444186,-26.798674042287313],[-48.6132164838402,-26.798689560678312],[-48.61322633244452,-26.798705708575586],[-48.6132349321278,-26.798722431005803],[-48.61324225481012,-26.798739628229747],[-48.61324824149838,-26.798757236083496],[-48.61325289389219,-26.798775173378335],[-48.61325617367006,-26.798793349226372],[-48.6132576890833,-26.798804059402237],[-48.61340419666069,-26.79878527809035],[-48.613423665110126,-26.79878335936386],[-48.613477079296004,-26.798779684807],[-48.613528832925596,-26.79878039505031],[-48.613541644647704,-26.798781820320055],[-48.613553799369384,-26.798783405969736],[-48.613538857217776,-26.79877470739084],[-48.613523029527926,-26.79876411685044],[-48.61350800501301,-26.798752628410107],[-48.613493853284986,-26.798740279340635],[-48.61348063352542,-26.798727124785234],[-48.61346840491577,-26.798713219887155],[-48.61345721620719,-26.798698637662103],[-48.61344710666491,-26.79868342389327],[-48.61343812522875,-26.79866764257535],[-48.61343032046071,-26.798651375744974],[-48.61342372119554,-26.79863468705776],[-48.61341834621543,-26.798617639999783],[-48.61341422397725,-26.798600316268562],[-48.61341137307423,-26.79858278837111],[-48.61340981191065,-26.798565137835393],[-48.613409539163676,-26.798547427808295],[-48.61341055313265,-26.798529739478706],[-48.61341285230581,-26.798512145014435],[-48.61341643498254,-26.798494725604296],[-48.6134212795462,-26.79847755307703],[-48.61342736438023,-26.798460699261355],[-48.61343465762672,-26.79844424483746],[-48.6134431378581,-26.798428252613007],[-48.61345277340551,-26.798412794247152],[-48.613463512684135,-26.798397932039034],[-48.61347530410925,-26.798383728287757],[-48.61348810614869,-26.798370245461953],[-48.61350186721789,-26.798357545860746],[-48.61351652586883,-26.798345682592775],[-48.6135320206536,-26.79833470876668],[-48.61354828026077,-26.79832466830065],[-48.613565233567904,-26.798315596091875],[-48.613582809263754,-26.79830753605861],[-48.613600936037145,-26.7983005321191],[-48.61361953290229,-26.798294609980157],[-48.61363852911479,-26.798289786497186],[-48.61365783363648,-26.798286087207543],[-48.61367736567059,-26.79828352879723],[-48.61369704442038,-26.798282127952234],[-48.61371677941439,-26.798281883147126],[-48.613736490233634,-26.79828279302605],[-48.613756086406646,-26.79828485606365],[-48.613775497566856,-26.798288071073646],[-48.61378188572283,-26.798289388017423],[-48.61390367469877,-26.79831577050205],[-48.61396681858071,-26.798319506195085],[-48.61398777176111,-26.798320635515783],[-48.61409121640308,-26.79831349961437],[-48.61432727480762,-26.79828305160867],[-48.61430553454598,-26.798195574769398],[-48.61430541349403,-26.798195112495886],[-48.6142396319946,-26.797928250663965],[-48.61408909136297,-26.79737064488983],[-48.61408803017775,-26.797366575145467],[-48.613994325256854,-26.796994462785808],[-48.61363253805842,-26.79707162941246],[-48.6136160724297,-26.797074708785857],[-48.61359654060445,-26.797077267201775],[-48.61357686187513,-26.797078677067727],[-48.61355712709114,-26.797078921867143],[-48.61353741648294,-26.797078011977003],[-48.613517810658784,-26.79707593973233],[-48.61349839971255,-26.797072724700648],[-48.613479263685754,-26.797068386280056],[-48.613460493050006,-26.79706292599619],[-48.61344214755317,-26.797056371929205],[-48.61342432696352,-26.797048761858296],[-48.61340710108116,-26.797040124033146],[-48.613390539706074,-26.79703048670349],[-48.61337471226043,-26.797019896161107],[-48.61335968797739,-26.797008407718703],[-48.613345546520165,-26.79699605881655],[-48.613332326964745,-26.796982904258893],[-48.61332008830278,-26.796969008209974],[-48.61330889995601,-26.796954416961544],[-48.61329879057004,-26.796939203190284],[-48.61328981913629,-26.796923431060375],[-48.6132820046257,-26.79690715503699],[-48.61327540546285,-26.796890466347246],[-48.61327003056623,-26.796873419286737],[-48.613265908203346,-26.79685610457397],[-48.613263067397256,-26.796838576843513],[-48.61326149639502,-26.79682091711479],[-48.61326122365297,-26.79680320708524],[-48.61326223760704,-26.796785518753225],[-48.61326454679782,-26.79676792445612],[-48.61326811936776,-26.796750504874172],[-48.613272963857526,-26.79673333234469],[-48.61327904840961,-26.796716487547865],[-48.61328634173334,-26.796700024100936],[-48.61329483188706,-26.796684032044062],[-48.6133044572344,-26.796668573506874],[-48.613315196348225,-26.796653711297036],[-48.61332698759231,-26.79663950754418],[-48.613339799487434,-26.796626024886443],[-48.61335356015634,-26.796613334304922],[-48.6133682085297,-26.796601470866282],[-48.61338370326514,-26.79659048801818],[-48.6133999626223,-26.796580447551296],[-48.613416915668694,-26.796571375341827],[-48.613434490905306,-26.796563324329007],[-48.61345261758868,-26.796556311368136],[-48.61347122421995,-26.79655038939848],[-48.61349021008778,-26.79654556574596],[-48.6134930487592,-26.796544945820607],[-48.61388348047093,-26.796461674724835],[-48.61408438339278,-26.7964132807652],[-48.61408999149131,-26.79641198557757],[-48.614109295680095,-26.796408286203334],[-48.614128827383695,-26.796405727708006],[-48.61414850580673,-26.796404326777967],[-48.61416824066806,-26.79640407286716],[-48.61417638094407,-26.796404309348926],[-48.61421393732592,-26.796405853850544],[-48.614225507366,-26.796406536181628],[-48.61424511328571,-26.796408599300594],[-48.614264524149824,-26.796411814223944],[-48.61428365991819,-26.796416161554298],[-48.61430243049838,-26.79642162172491],[-48.614320776143494,-26.796428166656337],[-48.614338596708635,-26.79643577661244],[-48.61435272973848,-26.796442764913394],[-48.61437230402469,-26.796453066557543],[-48.61437539668139,-26.796454724988166],[-48.614391958258395,-26.796464353182166],[-48.61440778573506,-26.796474943612637],[-48.614422800014744,-26.7964864317774],[-48.614436951591216,-26.796498780745605],[-48.61445017123115,-26.79651193520556],[-48.614451115673155,-26.796512934759207],[-48.614468218466925,-26.79653129844843],[-48.61447951279198,-26.796544194851467],[-48.614490701260365,-26.79655878601534],[-48.61450081078299,-26.796573999710468],[-48.614509782367236,-26.79658977177356],[-48.61451758717732,-26.796606038549534],[-48.61452419637744,-26.79662273638333],[-48.61452957164576,-26.796639774387398],[-48.61453369400987,-26.79665709809702],[-48.61453543077931,-26.796666846409895],[-48.61454415242257,-26.79672195065763],[-48.61467592532871,-26.79724520055607],[-48.61482663706522,-26.797803413350255],[-48.61482799503891,-26.797808679283666],[-48.61489437122482,-26.798077942339255],[-48.61492464549412,-26.79819972846812],[-48.615000020699604,-26.798191775948762],[-48.615000021223345,-26.79913461318945],[-48.61465837804629,-26.799175357084344],[-48.6143374587835,-26.79922385832227],[-48.613803018345095,-26.799301661094532],[-48.61365673340224,-26.799325148137694],[-48.61362286789948,-26.79932882750226],[-48.61360289509416,-26.799329375097216],[-48.61356615177551,-26.799329296988027],[-48.61353631424034,-26.799327909496636],[-48.613523512510014,-26.799326484391944],[-48.61348806083814,-26.79932187083536],[-48.6134797525701,-26.799322443646517],[-48.613339476038796,-26.7993404096143],[-48.613327958067366,-26.799342029238314],[-48.613316966362405,-26.79934733057421],[-48.61329100177778,-26.7993602845832],[-48.61326042462188,-26.799373566887844],[-48.613224503124414,-26.79938466544867],[-48.61318038006708,-26.79939556251405],[-48.61316888132881,-26.799398184132087],[-48.61314057625673,-26.799402850547516],[-48.61304261342475,-26.799414680481576],[-48.6130423715969,-26.799414703475488],[-48.61272506330205,-26.79945302847365],[-48.61241173950621,-26.799494596474656],[-48.611801541579766,-26.79957588725922],[-48.6115994733526,-26.799604720646386],[-48.611390921569004,-26.799639661962416],[-48.611190962536654,-26.799671968558204],[-48.6109992288066,-26.799700461127575],[-48.61085077405618,-26.799674383981085],[-48.610836700742915,-26.79967221523366],[-48.61080282492093,-26.799667744919866],[-48.610787805186845,-26.799666110664372],[-48.610735060196085,-26.79966182714156],[-48.610708625554985,-26.799660731126412],[-48.610677593743304,-26.799660667466352],[-48.610656654342115,-26.799661270515692],[-48.61059401228274,-26.799665230369186],[-48.61054667450461,-26.799671641455912],[-48.610533042502695,-26.79967480438423],[-48.6104929970163,-26.79968497530901],[-48.61045907658132,-26.7996955835321],[-48.61043073700877,-26.79970620475834],[-48.610410397798404,-26.799714632827236],[-48.61039081506943,-26.79972439119331],[-48.61037210034512,-26.79973543661909],[-48.61035434580033,-26.799747689443812],[-48.61033764323175,-26.79976108804868],[-48.610322104730564,-26.79977556213345],[-48.610307802177736,-26.799791040718958],[-48.61029715345252,-26.799803476687853],[-48.610273865593875,-26.799835028988607],[-48.61025971929565,-26.799843534531597],[-48.610128611262205,-26.79987405126132],[-48.61002664350113,-26.79990563751386],[-48.609996779035704,-26.799918958192745],[-48.60998912153838,-26.79992398167125],[-48.60990692125228,-26.799984472139702],[-48.60967602164824,-26.800199309029313],[-48.60959766568324,-26.800290329779948],[-48.60956844508492,-26.800327602321993],[-48.6095473105681,-26.80036530923497],[-48.609518674059814,-26.800442812293586],[-48.60949802276603,-26.80052555789645],[-48.60948385968092,-26.80059957844066],[-48.60948214092569,-26.800615838009413],[-48.60952217305011,-26.80064132160688],[-48.60986192659753,-26.800838624826504],[-48.610173878936756,-26.80102571172412],[-48.61020359763134,-26.801046211105582],[-48.61038371277031,-26.801187304082234],[-48.6103986845762,-26.80119986583688],[-48.61041267241243,-26.80121331339154],[-48.61042560742333,-26.801227573390623],[-48.610437440480226,-26.801242590859882],[-48.610448102538086,-26.801258301464696],[-48.61045755527734,-26.801274614316682],[-48.610465749568995,-26.80129147444159],[-48.61047264709333,-26.80130879095102],[-48.61047822925759,-26.801326491337882],[-48.6104824476892,-26.801344484544014],[-48.61048529384802,-26.801362698232012],[-48.610486759572176,-26.80138104202255],[-48.610486836510646,-26.80139943455717],[-48.61048551650154,-26.80141778545647],[-48.61048281111011,-26.801436022722378],[-48.61047874252175,-26.801454047463626],[-48.61047330238552,-26.80147177832164],[-48.61046654247758,-26.801489143977197],[-48.610458484794385,-26.801506054559905],[-48.61044916119598,-26.80152242939004],[-48.610438623269665,-26.801538206169287],[-48.610426923170216,-26.801553295536426],[-48.61041409219056,-26.80156764387458],[-48.610351509276086,-26.801632995912854],[-48.61034331024767,-26.80176694742809],[-48.6103427010852,-26.801774896449057],[-48.61034155847929,-26.801784785680454],[-48.61030378498684,-26.802063508681588],[-48.61030290617836,-26.80206944978566],[-48.610274800851,-26.802244386755945],[-48.61033412432188,-26.80245102197857],[-48.61033479818212,-26.80245341573495],[-48.610338920035595,-26.802470739525496],[-48.61034177050859,-26.802488267451164],[-48.610343331008316,-26.802505927004802],[-48.61034360323666,-26.802523636997748],[-48.6103425887064,-26.802541325262258],[-48.610341986616575,-26.80254701836249],[-48.610317510912246,-26.802754593824876],[-48.61031581340773,-26.802766486071008],[-48.610312230074896,-26.80278390535259],[-48.61030739486723,-26.802801077890294],[-48.610301309297604,-26.802817931516227],[-48.61029400522662,-26.802834385550838],[-48.61028552418941,-26.802850377526212],[-48.610281167738904,-26.802857667671738],[-48.61024262428571,-26.802919879066046],[-48.61023734415639,-26.80292805602732],[-48.6102266040009,-26.80294291792545],[-48.61022389732284,-26.802946346517444],[-48.61018283829558,-26.802997596182138],[-48.61017077209845,-26.803057944499333],[-48.61016855077417,-26.80306795989599],[-48.61016398520209,-26.803084261636936],[-48.61012774934035,-26.803198509144945],[-48.61012746961442,-26.803199379764028],[-48.6101213942347,-26.80321622452699],[-48.61012048257982,-26.803218456145643],[-48.610094176342976,-26.803282164602738],[-48.61008778386391,-26.803296387003368],[-48.610079302569794,-26.80331238798217],[-48.610069676166795,-26.803327846220256],[-48.610068420605806,-26.80332969301589],[-48.61002723342133,-26.803389919492442],[-48.61002824931618,-26.803393266562775],[-48.610031392736516,-26.80340593541965],[-48.61004431186689,-26.803464594033695],[-48.610045280222835,-26.80346924880352],[-48.610048130851666,-26.80348676771055],[-48.61004970135939,-26.803504427432824],[-48.610049996210485,-26.803520576625413],[-48.61004900403796,-26.803589459290567],[-48.61004897111686,-26.803591028937497],[-48.610047956517825,-26.803608717193793],[-48.61004564660853,-26.803626311380654],[-48.61004207324993,-26.8036437308187],[-48.61004042017188,-26.80365014614666],[-48.609992585362875,-26.803825931943855],[-48.60998939327164,-26.803836679944617],[-48.60998330758809,-26.803853533547827],[-48.60997600339373,-26.80386998755634],[-48.60996752203506,-26.803885988523383],[-48.609957895562616,-26.803901446748473],[-48.609947155270106,-26.80391630861499],[-48.609935362799334,-26.803930511994686],[-48.60992254982264,-26.803943985229],[-48.60990878765646,-26.803956684401403],[-48.60989436289153,-26.8039683707],[-48.60987799168947,-26.80398080019873],[-48.609877766740766,-26.803980976882396],[-48.609862270823655,-26.8039919502257],[-48.60984600988674,-26.804001999206225],[-48.609829055625305,-26.804011061865616],[-48.60981147878858,-26.80401912135031],[-48.60979335088278,-26.804026124722984],[-48.60977474284654,-26.80403204610918],[-48.60976255697278,-26.80403527848165],[-48.609708133212,-26.80404860834213],[-48.60968083305076,-26.80405564627539],[-48.60964814129442,-26.804070417070317],[-48.60956313637911,-26.804112477578865],[-48.60954578332404,-26.804120414470763],[-48.60952764533513,-26.804127417637293],[-48.60950904713465,-26.804133348177213],[-48.609506073025436,-26.804134182303223],[-48.60944804316437,-26.804150185460397],[-48.60943202012209,-26.80415416515482],[-48.60941272455304,-26.80415786395941],[-48.60939319145315,-26.804160421705472],[-48.60937351167792,-26.8041618218795],[-48.60935377551515,-26.804162075030934],[-48.60934796605365,-26.804161922741727],[-48.60933240978659,-26.80416138921044],[-48.60930017233645,-26.80416169285744],[-48.6092349158221,-26.804171753258515],[-48.60921756210148,-26.804173968785566],[-48.60921610082956,-26.8041741155565],[-48.609175249128576,-26.80417805475734],[-48.60915703043286,-26.804179317151316],[-48.60913729445834,-26.80417956125134],[-48.609117582711825,-26.804178650666696],[-48.60909797561741,-26.804176586756224],[-48.60907857370503,-26.80417337121855],[-48.60907122437896,-26.804171839278155],[-48.608932671178835,-26.804141397033344],[-48.60880938244652,-26.804135460480214],[-48.60880013240625,-26.80413488906473],[-48.60878053538162,-26.80413282528098],[-48.60876112343622,-26.804129609530953],[-48.60874198666833,-26.80412526138551],[-48.60872320512329,-26.80411980024575],[-48.60870486870996,-26.80411325470357],[-48.60868704742063,-26.80410564399026],[-48.608669811058185,-26.804096996358023],[-48.60865324896334,-26.80408736746174],[-48.60863743112819,-26.80407677653275],[-48.608622406492195,-26.804065287567372],[-48.60860825472157,-26.804052938008745],[-48.608595034997876,-26.804039783002125],[-48.60858280650263,-26.80402587769281],[-48.60857160793274,-26.80401129492815],[-48.6085615089011,-26.80399607198142],[-48.608552527619985,-26.803980299402074],[-48.60854472327057,-26.803964032335355],[-48.60853812449654,-26.803947343458656],[-48.60853275007797,-26.803930296258564],[-48.608528628469145,-26.80391297243338],[-48.608525778260706,-26.803895444490546],[-48.60852421785396,-26.80387779395842],[-48.60852393605945,-26.803860074792805],[-48.608524960952714,-26.8038423867338],[-48.608527260859866,-26.80382480143922],[-48.608530844507946,-26.80380738222553],[-48.6085356900867,-26.80379020994135],[-48.60854177597523,-26.80377335641432],[-48.6085490703105,-26.803756902323155],[-48.60855755166106,-26.80374091047448],[-48.60856718854261,-26.803725443505076],[-48.608577918933655,-26.803710581583918],[-48.60858972140294,-26.803696387517594],[-48.608602524633554,-26.80368290522142],[-48.60861628689933,-26.803670206183174],[-48.60863094674706,-26.803658343509007],[-48.60864644272366,-26.803647370305036],[-48.60866269364896,-26.8036373212958],[-48.608679647933606,-26.80362825877831],[-48.60869723482909,-26.803620199605092],[-48.60871536272403,-26.80361319637277],[-48.60873396068073,-26.803607274954896],[-48.6087529579509,-26.803602452204125],[-48.60877226349121,-26.80359875365435],[-48.60879179650058,-26.803596195988412],[-48.60881146612505,-26.80359479571936],[-48.60883120218435,-26.803594542637153],[-48.60884167369105,-26.80359489103583],[-48.60899316192882,-26.803602179340974],[-48.60900240187517,-26.803602750571205],[-48.60902199881591,-26.803604814318547],[-48.60904141068338,-26.803608030027533],[-48.60904876016244,-26.803609552946185],[-48.609160044533255,-26.803634011563823],[-48.60922178984264,-26.803624487455572],[-48.60923914328933,-26.80362228094324],[-48.60925882316012,-26.803620871760778],[-48.60926974019579,-26.803620595964176],[-48.609308575782606,-26.803620232326285],[-48.60936178369164,-26.803593905340676],[-48.60937178855012,-26.803589174243317],[-48.60943474553383,-26.80356071978929],[-48.6094421037076,-26.80355751417864],[-48.609444912201745,-26.803556424579195],[-48.609446219606774,-26.80355162776773],[-48.60944635589653,-26.803541775695635],[-48.60944241735584,-26.8035238684128],[-48.60942400644047,-26.80346910566158],[-48.60942000667822,-26.803456034289734],[-48.60941588475423,-26.803438719502477],[-48.60941304446643,-26.80342119173799],[-48.60941147405815,-26.803403532015096],[-48.609411201984116,-26.803385822031853],[-48.60941145050664,-26.80337876934296],[-48.60941317872901,-26.803344326275568],[-48.60941394489856,-26.80333369071857],[-48.60941624484208,-26.803316096377635],[-48.60941982833359,-26.80329867713017],[-48.60942467375279,-26.803281504804044],[-48.609427086666265,-26.803274344291513],[-48.609446838434486,-26.803218692112228],[-48.60945050119105,-26.80320899887718],[-48.60945780540884,-26.80319254489664],[-48.60946628658766,-26.80317655298103],[-48.60947591324395,-26.80316108576738],[-48.60947716881203,-26.80315923897746],[-48.60953876293601,-26.803069180618703],[-48.60955072420692,-26.803040216605236],[-48.609579627508595,-26.802949073581313],[-48.6095984918208,-26.802854701786305],[-48.60960071318878,-26.80284468640138],[-48.609605548503446,-26.80282751389515],[-48.60961163417421,-26.80281066030605],[-48.6096179921443,-26.802796166620233],[-48.60962949060125,-26.80277200465324],[-48.6096304367956,-26.802770044345976],[-48.60963891791467,-26.802754052415448],[-48.60964854431879,-26.80273859420621],[-48.60965928452462,-26.802723732355346],[-48.60966199140219,-26.80272029475388],[-48.60972388943853,-26.802643055723465],[-48.609724056149204,-26.802642778790517],[-48.60973632571964,-26.802538702900087],[-48.60967553194554,-26.80232694399799],[-48.60967485828918,-26.802324541218432],[-48.60967073635258,-26.802307226436234],[-48.60966788598621,-26.80228969850378],[-48.609666325592066,-26.802272038949354],[-48.60966605346653,-26.80225432896157],[-48.60966706809527,-26.80223664070807],[-48.60966907974669,-26.802220801198395],[-48.60970468125495,-26.80199920076427],[-48.609678013622485,-26.80201062612184],[-48.6096764131099,-26.802013577059302],[-48.60965179919376,-26.80205749698495],[-48.60965029577726,-26.802060133716644],[-48.60964066943832,-26.80207559193117],[-48.609629929298286,-26.802090453785773],[-48.60961813699801,-26.80210465715228],[-48.60960532420943,-26.802118130372175],[-48.6095915622479,-26.802130829529013],[-48.60959015909598,-26.802132042137128],[-48.60948047297664,-26.802225610757706],[-48.60946721637223,-26.802236269954562],[-48.60945173072335,-26.80224724343829],[-48.60943547001597,-26.80225729238801],[-48.60941851599715,-26.802266355015288],[-48.60941166889734,-26.80226965048006],[-48.609302089754564,-26.802320716992725],[-48.60929136026343,-26.802325480970428],[-48.609273232609404,-26.802332484293725],[-48.6092577714989,-26.802337493203947],[-48.6092087330696,-26.8023520509334],[-48.6092055864058,-26.802352963357674],[-48.609186599415395,-26.802357786354985],[-48.609167294286856,-26.802361475955852],[-48.60914776149575,-26.802364033688693],[-48.60912808184338,-26.80236544287028],[-48.60911332306503,-26.802365734973954],[-48.60908882693228,-26.802365682081298],[-48.609083850051206,-26.80236563409367],[-48.60906413861857,-26.80236472352226],[-48.60904453202466,-26.802362650603754],[-48.609039218059905,-26.802361893035602],[-48.60897975326607,-26.802352865876788],[-48.60880112968208,-26.80233575206708],[-48.60878815832854,-26.802334251460454],[-48.60876875673804,-26.80233103590095],[-48.60875663337456,-26.802328421601256],[-48.60864674745558,-26.802302560544803],[-48.60842942765381,-26.802273449019456],[-48.60842897641539,-26.802273387248828],[-48.60840956479658,-26.80227017147148],[-48.608404438039585,-26.80226911924667],[-48.608299956248096,-26.802246913794132],[-48.60828595662053,-26.802243618006475],[-48.60826717540528,-26.80223815682688],[-48.60824883950649,-26.802231602224918],[-48.60823134724816,-26.8022241414158],[-48.6081644579437,-26.802193222191914],[-48.60816412942159,-26.802193063228895],[-48.60814689319232,-26.802184424573618],[-48.60813669645961,-26.802178657260647],[-48.608094888082675,-26.802153946390764],[-48.60808162452948,-26.802153911718175],[-48.608044081469615,-26.802157879476763],[-48.60795613501137,-26.802229452458583],[-48.60784464679765,-26.802334549208325],[-48.60783499401591,-26.802377602681478],[-48.60785677864443,-26.802618924679454],[-48.607874449476505,-26.802733333722774],[-48.607927700803856,-26.802924345566097],[-48.60805407509481,-26.803058216170854],[-48.60805440969551,-26.803058564744084],[-48.60806663802832,-26.803072470089635],[-48.608073309421776,-26.80308090311662],[-48.608205345281156,-26.80325504480147],[-48.608209882184326,-26.803261203757902],[-48.60821398187491,-26.803267111672643],[-48.6083068798677,-26.80340477493837],[-48.60831287930618,-26.80341408096539],[-48.60832186051465,-26.80342985355592],[-48.60832966461157,-26.803446129652478],[-48.608336273384104,-26.803462818705903],[-48.60833762896157,-26.803466749072314],[-48.60841275989687,-26.803690067014056],[-48.608415513581534,-26.80369877673441],[-48.60848288448834,-26.80392624997068],[-48.608484149806834,-26.803930648066324],[-48.6084882613563,-26.803947971722472],[-48.60849111155955,-26.803965499665644],[-48.60849158856774,-26.803969604690305],[-48.60852666382082,-26.804293604875486],[-48.60852711220505,-26.804298115502917],[-48.608544551009686,-26.804493097181744],[-48.608545195887885,-26.804502141252016],[-48.60854535972371,-26.804505834897274],[-48.60854840841461,-26.80458865590312],[-48.60855132817985,-26.804668036529222],[-48.60856201534657,-26.804832050540103],[-48.6085840026178,-26.805127042485548],[-48.60858435070108,-26.805132498953057],[-48.60858462262812,-26.805150208925646],[-48.60858385841506,-26.805165058781288],[-48.60858217068161,-26.805185578242437],[-48.60858192003499,-26.80518841661296],[-48.608579609848945,-26.805206010755118],[-48.60857602614654,-26.80522342996448],[-48.60857261467464,-26.805235997093124],[-48.608571176140266,-26.805240809725007],[-48.6085757669969,-26.805246798126166],[-48.60858586631701,-26.805262012055973],[-48.608594847689375,-26.80527778463762],[-48.60860265212076,-26.805294051705275],[-48.60860926101929,-26.805310740751768],[-48.60861462544463,-26.805327787781124],[-48.6086187471002,-26.80534511160492],[-48.60862116341566,-26.80535935644737],[-48.60866203629474,-26.80565295294668],[-48.60868557010368,-26.80573482967643],[-48.608686272208296,-26.805737314157795],[-48.60870607717364,-26.805806151146637],[-48.60874197986958,-26.80591538152684],[-48.60877379727781,-26.805991180591594],[-48.608778920136146,-26.80600440631972],[-48.60878428461153,-26.806021453344968],[-48.60878672827358,-26.806031042187364],[-48.608798042207624,-26.80607943134767],[-48.60879971019192,-26.80608716615598],[-48.60880256047001,-26.806104694094792],[-48.60880413078599,-26.806122353814505],[-48.60880440273691,-26.80614006378683],[-48.60880423280135,-26.80614528589636],[-48.60880248671552,-26.806186316259343],[-48.60880164161386,-26.806198791397843],[-48.6087993316174,-26.80621637652125],[-48.608795757956706,-26.80623379590391],[-48.60879091228202,-26.806250968187292],[-48.60878482626677,-26.80626782171331],[-48.60878217913536,-26.806274157051856],[-48.608762638801416,-26.80631920927651],[-48.608736707778355,-26.806424380654796],[-48.60872446171148,-26.80653061351337],[-48.60873424296162,-26.806655384223113],[-48.608776924072586,-26.80688297253826],[-48.60877921145624,-26.806897612261654],[-48.60878067775481,-26.80691351953819],[-48.608788488353426,-26.807045458209547],[-48.608788592368064,-26.80704721065165],[-48.60878891743378,-26.807060472615635],[-48.608788740514655,-26.807124965197968],[-48.608788687387545,-26.807129413204173],[-48.608787672516556,-26.80714710142825],[-48.60878537253981,-26.807164686717744],[-48.608781788782096,-26.807182105925914],[-48.60877694305318,-26.807199278203893],[-48.608770856973635,-26.80721613172375],[-48.60876356240658,-26.807232585806425],[-48.60875782853092,-26.80724367884832],[-48.60872336024199,-26.807306626335976],[-48.6087206022487,-26.80731153398269],[-48.60871751592563,-26.807316751925754],[-48.60867485867496,-26.807387014951257],[-48.60866831802702,-26.80739725510849],[-48.6086575772068,-26.80741211683726],[-48.608645784185924,-26.80742632006825],[-48.60863297044932,-26.807439802164307],[-48.608619207884246,-26.80745249214691],[-48.60861593102,-26.80745528839615],[-48.60848168331912,-26.807567860741724],[-48.608470309655395,-26.80757693630556],[-48.60845481309728,-26.807587909447996],[-48.60845449690246,-26.807588120683217],[-48.60825976329171,-26.8077166900044],[-48.60824382810762,-26.80772651866535],[-48.60822687296596,-26.80773559010387],[-48.60820929562484,-26.807743640318858],[-48.60819115678283,-26.8077506522878],[-48.60817255810914,-26.807756573584253],[-48.60815356011309,-26.807761396206764],[-48.60813426389584,-26.807765094791787],[-48.608114730156174,-26.807767652316993],[-48.608095049752684,-26.807769052269954],[-48.60807531316517,-26.807769296180133],[-48.60805560082019,-26.807768385407115],[-48.6080359931443,-26.807766321310538],[-48.60801658061727,-26.807763105420012],[-48.607997443286806,-26.807758757137155],[-48.60797867125381,-26.80775329603353],[-48.607960324270024,-26.807746750191868],[-48.60794250267887,-26.80773913033284],[-48.60792527571695,-26.807730491771984],[-48.607908713378464,-26.807720853741127],[-48.607892884899826,-26.80771027155584],[-48.60787786008564,-26.80769877346891],[-48.607863718036015,-26.80768642398685],[-48.60785049782742,-26.807673277915413],[-48.60783825902151,-26.807659372358355],[-48.607827070475516,-26.807644780673165],[-48.607816961022934,-26.807629566516553],[-48.60780798965701,-26.807613794055076],[-48.607800175157884,-26.807597526775425],[-48.60779357651864,-26.807580828844124],[-48.607788201897854,-26.807563790640653],[-48.6077840803182,-26.80754646680066],[-48.60778124023404,-26.807528939022575],[-48.60777967007629,-26.807511279303952],[-48.60777939829927,-26.807493569343162],[-48.60778041333385,-26.80747588113772],[-48.60778272371736,-26.807458287025035],[-48.60778629739543,-26.807440876704522],[-48.60779114328427,-26.80742370447164],[-48.607797229519015,-26.80740685100479],[-48.60780452423486,-26.807390396982353],[-48.60781301605234,-26.807374405380738],[-48.607822643325946,-26.807358938326526],[-48.60783338424435,-26.807344076668002],[-48.60784517735162,-26.807329873510785],[-48.60785799097277,-26.807316400512253],[-48.60787175378829,-26.80730370158713],[-48.60788640415316,-26.807291838862007],[-48.60790190071826,-26.80728086578242],[-48.60790221691311,-26.807280654548414],[-48.60808269309663,-26.80716150052138],[-48.60816839712603,-26.807089628081705],[-48.60818468938872,-26.807062785925197],[-48.60818530619874,-26.8070616683334],[-48.60817914330991,-26.806957624071554],[-48.608136888168005,-26.806732316920154],[-48.60813460086936,-26.80671767719178],[-48.60813344987915,-26.806706395604294],[-48.60812081487168,-26.806545137153698],[-48.60812040570351,-26.80653875919158],[-48.60812012381012,-26.806521049055934],[-48.608121148823955,-26.806503361011668],[-48.60812167748604,-26.806498298378962],[-48.6081384000303,-26.806353229157605],[-48.60814017160885,-26.806340697494385],[-48.60814375542631,-26.80632327830536],[-48.60814392061556,-26.80632259526262],[-48.60817860167929,-26.806181962645905],[-48.60818327238836,-26.806165464241225],[-48.608189358294446,-26.806148619767388],[-48.60819200545443,-26.806142284441837],[-48.6081922905228,-26.806141639521904],[-48.60818890918062,-26.806133605023337],[-48.60816501146771,-26.80613949993253],[-48.60815763369277,-26.806141234198726],[-48.60815751248742,-26.806141259222404],[-48.607866746392595,-26.806205811910548],[-48.60783449844407,-26.8062156896325],[-48.60783167717975,-26.80621738359726],[-48.60771652674504,-26.806319476215293],[-48.607652677550504,-26.806409008156628],[-48.60761614880708,-26.806490564404097],[-48.607567658258525,-26.806822329303],[-48.60756766444096,-26.807341190460214],[-48.60756760749027,-26.80734629716112],[-48.6075674141785,-26.807352150560156],[-48.60755644440737,-26.807595337138835],[-48.60755561259622,-26.807607171771274],[-48.60755446851315,-26.807617115078365],[-48.6075411912954,-26.8077149198247],[-48.60753616794763,-26.807923003759683],[-48.60753515891435,-26.80793992500991],[-48.60753285853025,-26.80795751928424],[-48.607529274548504,-26.807974938444495],[-48.60752696804125,-26.807983725054225],[-48.60747526924573,-26.808166501170298],[-48.60747273983941,-26.808174886947416],[-48.60746994240418,-26.80818310575788],[-48.60736432779644,-26.808476535578976],[-48.60727507600113,-26.808732096956213],[-48.60727099556914,-26.80874298325787],[-48.607263690622304,-26.808759437069],[-48.60725520866434,-26.80877542879279],[-48.60724558118113,-26.808790895792452],[-48.60723484003757,-26.808805757389365],[-48.60722303682638,-26.808819951286818],[-48.607210232814765,-26.80883343339989],[-48.60719646973173,-26.808846132240905],[-48.607181809034124,-26.80885799470409],[-48.60716632223221,-26.808868967853645],[-48.60715006035075,-26.808879016455688],[-48.607133105143,-26.808888078723562],[-48.60711552736157,-26.808896137805323],[-48.60709738846374,-26.80890314059528],[-48.60707878936231,-26.80890907075161],[-48.60705979132516,-26.80891388418964],[-48.60704049488624,-26.80891758260947],[-48.607020960934584,-26.808920139968414],[-48.60700128032978,-26.808921539754763],[-48.60698154336301,-26.808921792519712],[-48.60696183103005,-26.808920872560716],[-48.606942223189705,-26.808918808300866],[-48.60692281051212,-26.808915592249633],[-48.606903673045544,-26.80891124380926],[-48.606884900702035,-26.808905791573007],[-48.60686655380207,-26.808899236561277],[-48.60684873193195,-26.80889162557931],[-48.60683150508635,-26.808882977859454],[-48.606814942501906,-26.80887334871784],[-48.60679911417316,-26.808862757386844],[-48.606784089147034,-26.808851268203547],[-48.60676994709224,-26.80883891861229],[-48.606756727085035,-26.808825763419083],[-48.60674448830829,-26.808811857770053],[-48.60673329961902,-26.808797275023192],[-48.60672319022947,-26.80878206079355],[-48.60671421913268,-26.808766279248115],[-48.60670640472934,-26.80875001191555],[-48.60669980601237,-26.808733322962826],[-48.606694431708064,-26.808716275706644],[-48.60669031027024,-26.80869895184564],[-48.60668747034222,-26.80868142405746],[-48.606685900164514,-26.80866377336047],[-48.60668562856987,-26.80864606341134],[-48.60668664379882,-26.808628375228356],[-48.60668895438799,-26.808610781148953],[-48.606692528471314,-26.808593361851266],[-48.606697374585465,-26.808576189672653],[-48.60669938057624,-26.80857022255243],[-48.60678901927209,-26.80831353109477],[-48.606789810589646,-26.808311288444717],[-48.6068928738409,-26.808024954055533],[-48.60693374318934,-26.807880437867375],[-48.60693836304265,-26.807689700600957],[-48.60693936210578,-26.80767277919017],[-48.60694050643261,-26.807662826870793],[-48.606954128939,-26.807562492262367],[-48.6069609398785,-26.80741155239658],[-48.60692600179713,-26.8074460654113],[-48.60685118339309,-26.807542107309626],[-48.60661719654526,-26.807878440870326],[-48.606466279712464,-26.808095968687738],[-48.606445914545944,-26.808121821255696],[-48.606095044055344,-26.80851607872637],[-48.60608199583324,-26.80852969196293],[-48.60606796882293,-26.808542503538362],[-48.6060530248607,-26.80855444230549],[-48.60603723507797,-26.808565473371015],[-48.60602067098544,-26.80857554379975],[-48.6060033940405,-26.80858460048648],[-48.60598548523862,-26.80859261772896],[-48.6059670160907,-26.80859954259211],[-48.605948087509375,-26.80860535873491],[-48.60592876057325,-26.80861003109412],[-48.605909136195045,-26.8086135433288],[-48.60588930504467,-26.80861588794886],[-48.60586932801126,-26.808617038912132],[-48.605849315492215,-26.80861700711071],[-48.60582935834705,-26.808615776033744],[-48.60580869442117,-26.808613242543654],[-48.60578828864278,-26.808609431991854],[-48.60576821119602,-26.80860435459022],[-48.605748581773206,-26.80859805748492],[-48.605729480611686,-26.80859055105804],[-48.605711007107374,-26.808581891136548],[-48.60569324130788,-26.80857209712349],[-48.60567627255564,-26.80856122467579],[-48.605660180139694,-26.808549329280243],[-48.605645043538544,-26.808536457402766],[-48.60563093160854,-26.808522682401914],[-48.605617913395456,-26.8085080686153],[-48.605606057944996,-26.808492680380553],[-48.605595403763715,-26.80847659956677],[-48.60558601989707,-26.808459890511546],[-48.60557794466181,-26.808442644104826],[-48.60557121675379,-26.808424933194694],[-48.605565874489606,-26.808406848671055],[-48.605561926025935,-26.80838848091339],[-48.60555940986887,-26.808369911790567],[-48.60555832431133,-26.80835122249094],[-48.60555867713073,-26.808332521435723],[-48.605560476862905,-26.808313880962352],[-48.605563701504614,-26.808295390939726],[-48.6055683389164,-26.808277150427728],[-48.60557437714841,-26.808259249465294],[-48.60558177465987,-26.808241750518178],[-48.605590509068584,-26.808224761496966],[-48.6056005185378,-26.80820835354804],[-48.60561177120107,-26.808192607349067],[-48.60562421527508,-26.80817759421651],[-48.605963457410084,-26.807796406662472],[-48.60610522782042,-26.80759205330857],[-48.60634357083733,-26.80724945937839],[-48.60635223533664,-26.807237703115153],[-48.606442567306395,-26.807121754967252],[-48.60645528561609,-26.807106602001024],[-48.606466494113775,-26.80709486169037],[-48.6066594856787,-26.80690419739534],[-48.60668269646883,-26.806883617886328],[-48.606691700915796,-26.806876740383053],[-48.606982461930016,-26.80666314746607],[-48.607022943816126,-26.806386213442945],[-48.607023756665434,-26.80638102928469],[-48.60702733060004,-26.806363609965484],[-48.607032176541956,-26.806346437760784],[-48.6070382628156,-26.8063295843279],[-48.60704213493686,-26.806320472259543],[-48.60710344940323,-26.80618357515852],[-48.60710688206684,-26.806176233411882],[-48.60711536382111,-26.806160241680157],[-48.60712499087984,-26.80614478369144],[-48.60712925361419,-26.806138620095115],[-48.60722649928513,-26.806002249316453],[-48.60723297741256,-26.805993551297743],[-48.60724477043679,-26.80597934818382],[-48.6072575839593,-26.805965875231976],[-48.607268590855114,-26.805955584324177],[-48.60742799945443,-26.8058142724768],[-48.60743075544325,-26.80581185548477],[-48.60744541569855,-26.805799992963323],[-48.60746090203414,-26.8057890197493],[-48.607472021278305,-26.80578199746278],[-48.607531493008565,-26.805746229609447],[-48.60753663515437,-26.80574320322063],[-48.60755359003434,-26.80573413184648],[-48.60757116709312,-26.805726081693404],[-48.6075892955808,-26.805719069613303],[-48.60760194371857,-26.80571490674562],[-48.60768409196962,-26.80568972851789],[-48.60769004218562,-26.805687970140553],[-48.607709029789845,-26.80568314738738],[-48.6077091610478,-26.805683122534013],[-48.60798824599589,-26.805621161106107],[-48.60799345052748,-26.80562378486877],[-48.6080334579477,-26.805626076474777],[-48.60805005072756,-26.80562419116054],[-48.60805879058805,-26.805623201854083],[-48.60806860309059,-26.80561662668464],[-48.60808104061328,-26.805599979820055],[-48.60808212743058,-26.805598509207126],[-48.608091553914484,-26.805585890357868],[-48.6081768852104,-26.805495782766716],[-48.6081857505257,-26.805486421165433],[-48.60824964815963,-26.805410344747035],[-48.60825704076309,-26.805394966215676],[-48.608257086901894,-26.80538031178275],[-48.60825712298751,-26.805365657179877],[-48.608241967921316,-26.805231500750292],[-48.6082321992821,-26.80521682481209],[-48.608215066080376,-26.805210922202825],[-48.60817912470707,-26.805212318064513],[-48.608129282923414,-26.805221005096804],[-48.60811622059169,-26.805219511899455],[-48.60810401503121,-26.805201158031174],[-48.60809349536067,-26.805166688462887],[-48.60808375221137,-26.805158943490035],[-48.608079637383746,-26.805155670364343],[-48.60806168372227,-26.805151964784375],[-48.60794785226993,-26.80517165342444],[-48.60794096865353,-26.805172845563003],[-48.607946901572426,-26.805159454758137],[-48.607949399485356,-26.80515447955889],[-48.60796799046331,-26.805118246036646],[-48.60797398396298,-26.805107238628587],[-48.60797747046113,-26.805101639425473],[-48.60795998919449,-26.804867050043082],[-48.607959825615474,-26.804864782217496],[-48.607958016665826,-26.804836939223506],[-48.60762409934459,-26.804798121531956],[-48.60761785054369,-26.804797339076526],[-48.60760568126669,-26.804795463870626],[-48.60743014921422,-26.80476505371088],[-48.60713903970119,-26.80492465054516],[-48.60697805087714,-26.805024893607804],[-48.60683207980424,-26.80516518691371],[-48.606702726249324,-26.805299525422758],[-48.606590028920515,-26.80547011573848],[-48.60649657834707,-26.80562592509057],[-48.60636854985126,-26.805868521164022],[-48.60636390758076,-26.805876952398634],[-48.60635427039554,-26.805892410160634],[-48.60634353949901,-26.805907271875906],[-48.60633173632369,-26.805921474737758],[-48.606318932757034,-26.805934947768872],[-48.60630516995885,-26.80594764654456],[-48.606290509574215,-26.80595950893839],[-48.60627501286925,-26.805970490865796],[-48.606258761595335,-26.805980530540502],[-48.60624179653362,-26.805989601579718],[-48.60622421935226,-26.805997651558304],[-48.6062060909387,-26.806004654433657],[-48.60618749228652,-26.80601058450335],[-48.60616849452589,-26.806015406873982],[-48.606149188514074,-26.806019105034228],[-48.60612965524481,-26.80602165328177],[-48.60610998500688,-26.806023062168173],[-48.60609023868791,-26.806023305651067],[-48.606070526682856,-26.806022394622236],[-48.6060629377401,-26.8060217338091],[-48.606021509910704,-26.806017639854247],[-48.606009501588716,-26.80601623648404],[-48.60599009948931,-26.806013020508267],[-48.60597096254759,-26.80600867197484],[-48.60596834209984,-26.806007986926872],[-48.605896518887505,-26.805988777633267],[-48.60588035765662,-26.80598400115503],[-48.60586202114579,-26.80597745523667],[-48.60584419998411,-26.80596983513915],[-48.60583556832451,-26.805965673355455],[-48.60579584060955,-26.805945761718892],[-48.6056269638111,-26.806109219061202],[-48.6054384287941,-26.80635148516314],[-48.60543814939764,-26.806351859448668],[-48.60542663551456,-26.806365688108162],[-48.6054166052834,-26.8063763924513],[-48.605276787807135,-26.806517997315094],[-48.60527400425696,-26.80652076573652],[-48.60526024127442,-26.806533464397067],[-48.605245590762486,-26.80654532683952],[-48.605230093881765,-26.80655630863956],[-48.605229400410224,-26.806556766158096],[-48.6048767514077,-26.806788835994215],[-48.60471973086543,-26.806927802774624],[-48.60471714892203,-26.80693006924524],[-48.60470248825054,-26.806941931453473],[-48.604686991454855,-26.80695290416541],[-48.604681397553016,-26.806956364978547],[-48.60468017070543,-26.807023330327713],[-48.604717727951,-26.80725124783705],[-48.60471909047062,-26.807260583803853],[-48.60472065009735,-26.80727824335504],[-48.604720699228395,-26.80727925488929],[-48.60473677705239,-26.807615675888364],[-48.6047605550027,-26.807800143571594],[-48.60479084386023,-26.807972457674197],[-48.604837666681064,-26.808168189519414],[-48.604839649291506,-26.808177211113037],[-48.60484249897903,-26.808194739089892],[-48.604844058625844,-26.808212398639714],[-48.60484432952089,-26.808219604480573],[-48.60484530693222,-26.808263523415174],[-48.604933274885234,-26.808349595635107],[-48.605090863128495,-26.808478889628987],[-48.60510459977743,-26.808490898623084],[-48.605117819545235,-26.808504053956057],[-48.60513005827129,-26.808517950710126],[-48.60513379205224,-26.808522607188934],[-48.60539538836023,-26.808855278364955],[-48.6055289928034,-26.8090003282394],[-48.604771074085804,-26.8090003232299],[-48.604659665736946,-26.808858644458187],[-48.60463880565332,-26.808841524484524],[-48.60462117121969,-26.808864228447803],[-48.604605082720575,-26.808893762772694],[-48.60460312594697,-26.808913167616634],[-48.60460153475993,-26.80900032277607],[-48.60399815083323,-26.80900031274338],[-48.60400007925407,-26.808894275829914]],[[-48.60491144325136,-26.798783345655302],[-48.605334464334334,-26.798712742760635],[-48.605336361392766,-26.798712431941347],[-48.60535466397483,-26.79871000730334],[-48.6055510673231,-26.798689443363962],[-48.60555229694082,-26.79868931075667],[-48.605568170833926,-26.798688090332735],[-48.6057840126506,-26.79867660834794],[-48.60578780753177,-26.798676428892993],[-48.605794750717344,-26.798676212455312],[-48.60595817308662,-26.79867275026098],[-48.60597096489016,-26.798672722988194],[-48.60599067562581,-26.798673633947068],[-48.60601028149954,-26.798675707244048],[-48.60602969260852,-26.798678914286047],[-48.6060488283444,-26.798683262733856],[-48.6060676088567,-26.798688724164506],[-48.606081884166805,-26.798693712326656],[-48.606165722291856,-26.798725252987197],[-48.60610520461284,-26.798551489202357],[-48.60605228553413,-26.798473663267192],[-48.6060449625882,-26.79846227726907],[-48.60603825947226,-26.798450585909894],[-48.60603220558547,-26.798438625783604],[-48.6060268007382,-26.798426405911215],[-48.60602206408764,-26.798413971737546],[-48.60601800530707,-26.798401341474573],[-48.606014633690755,-26.79838855137613],[-48.60598532418036,-26.798263901426285],[-48.60598313633925,-26.7982536400631],[-48.6059489888601,-26.798074465609332],[-48.60588649551013,-26.797912923120258],[-48.60588356612983,-26.79790493232077],[-48.60588090967945,-26.797896873944882],[-48.60587853640077,-26.797888739141715],[-48.60587643586241,-26.79788054578311],[-48.60587462816903,-26.797872294209157],[-48.60587310307873,-26.79786399327076],[-48.60587187026482,-26.79785566117984],[-48.60584436585609,-26.79764508676652],[-48.60584293283091,-26.797630966812022],[-48.605826475038434,-26.797401475142372],[-48.60582590179424,-26.797378977276967],[-48.60582890985485,-26.797235769862873],[-48.60582963086663,-26.797221550982936],[-48.60584297063639,-26.79705419826235],[-48.60583794911294,-26.7969093118873],[-48.60576865223567,-26.79668392576539],[-48.605713623348784,-26.79651797034712],[-48.60558310682528,-26.79635244346076],[-48.60556224904732,-26.796321904841147],[-48.60545795493307,-26.796143619141347],[-48.605404480021654,-26.796161728318204],[-48.605366513232084,-26.79617207738634],[-48.60532707968293,-26.796177573710967],[-48.60532460918662,-26.79618172813986],[-48.60527576873113,-26.7962616408188],[-48.60526963457282,-26.796271219939293],[-48.60525889449971,-26.796286081471507],[-48.605247102534726,-26.796300275466923],[-48.60524198699645,-26.796305883149056],[-48.605168678921075,-26.796383965010154],[-48.60516099174833,-26.796391839357256],[-48.605147230071644,-26.79640453810401],[-48.605132570887044,-26.796416400466093],[-48.605117116233124,-26.796427355976622],[-48.605026173106616,-26.796487587402414],[-48.60500988237936,-26.796497653411],[-48.60499292894749,-26.796506715548027],[-48.60497534296806,-26.796514774323573],[-48.6049717012367,-26.796516282900672],[-48.604837636477306,-26.796570875372097],[-48.60471927014269,-26.796641670013813],[-48.604714800339764,-26.796644301611906],[-48.60469784686454,-26.796653363710362],[-48.60468026084376,-26.79666142244617],[-48.60466213388536,-26.79666842522459],[-48.60464353692421,-26.79667434617352],[-48.604624540705586,-26.79667916844184],[-48.604605236268974,-26.79668286649774],[-48.60458570441199,-26.796685423660282],[-48.60456603598456,-26.796686823418717],[-48.60454630135298,-26.79668706696395],[-48.60452659098805,-26.796686155827175],[-48.60450698530825,-26.796684091369503],[-48.60448757478437,-26.796680875122227],[-48.604468439455694,-26.7966765264884],[-48.6044496593615,-26.796671064871145],[-48.60443132440362,-26.79666451886467],[-48.60441350456898,-26.79665690770202],[-48.60439627970706,-26.796648259807316],[-48.60437971904624,-26.796638630497373],[-48.604363892573204,-26.79662803900532],[-48.604348869326586,-26.79661654966891],[-48.604334718913705,-26.796604199763173],[-48.60432150051032,-26.796591044434788],[-48.60430927329218,-26.796577138830482],[-48.60429808600345,-26.796562555968695],[-48.604287978094405,-26.796547332613947],[-48.604278997929875,-26.796531559826523],[-48.60427119463299,-26.796515292582896],[-48.6042645968432,-26.796498603561158],[-48.60425922333723,-26.796481556248228],[-48.60425510256479,-26.796464232343045],[-48.60425225311297,-26.79644670435342],[-48.604250693379186,-26.796429053808055],[-48.60425042222524,-26.796411334832545],[-48.60425143756491,-26.79639364665707],[-48.60425373788079,-26.796376061449028],[-48.60425732184509,-26.79635864235481],[-48.604262167646446,-26.79634147022238],[-48.60426825366313,-26.796324616878696],[-48.60427554803162,-26.796308163001516],[-48.60428402931996,-26.79629217139682],[-48.60429366604398,-26.796276704700496],[-48.604304406235975,-26.796261843249905],[-48.60431619830757,-26.796247649340568],[-48.604329001101874,-26.796234167396317],[-48.60434276284104,-26.796221468733613],[-48.60435742207437,-26.79620960645691],[-48.60437291735119,-26.79619863367068],[-48.60438469789431,-26.796191207664855],[-48.60452343143919,-26.796108232486425],[-48.60452791108659,-26.796105610084144],[-48.604544864678076,-26.79609653897996],[-48.60456244056434,-26.79608848008511],[-48.604566092338274,-26.79608697168804],[-48.60462679553157,-26.79606225315397],[-48.60450124763699,-26.796073339695642],[-48.604485750589966,-26.796074349816198],[-48.60446601606537,-26.796074593357307],[-48.604448886375906,-26.796073861254737],[-48.6044345974702,-26.79607288845829],[-48.60443201690195,-26.79607270941966],[-48.604412411519235,-26.79607063593492],[-48.6043930111544,-26.796067419851695],[-48.60437387574194,-26.79606308023277],[-48.60435509575202,-26.796057618609556],[-48.60433676108604,-26.79605106357632],[-48.60431894135129,-26.796043452407964],[-48.60431501833053,-26.79604159922731],[-48.604305779772176,-26.796037165412994],[-48.604292467977,-26.796030370522445],[-48.604275907601085,-26.796020732185216],[-48.6042600810302,-26.796010149708003],[-48.60424506811308,-26.79599865151499],[-48.604230917783525,-26.795986301603726],[-48.604225628215296,-26.79598105026152],[-48.60418202091271,-26.796007149923604],[-48.60415897026746,-26.79602833646338],[-48.604068879609585,-26.796131247825613],[-48.60406748919204,-26.79613281253743],[-48.60406021410628,-26.796140693797614],[-48.60396030455128,-26.796244765415445],[-48.603959327975375,-26.796245777635196],[-48.60376452775774,-26.7964466689726],[-48.603759976392745,-26.79645126642094],[-48.60374621456341,-26.796463965020383],[-48.60373155523673,-26.79647582722692],[-48.603716059864,-26.79648679993586],[-48.6036998096217,-26.79649684842474],[-48.603689731050665,-26.796502236657386],[-48.6037390283883,-26.796551323344666],[-48.60394892290096,-26.79675607894189],[-48.60415831864691,-26.79693867155671],[-48.604165384664356,-26.796945044894404],[-48.6041786032758,-26.796958191217392],[-48.604190840566375,-26.796972097004122],[-48.60420202768695,-26.79698668889632],[-48.60421213580774,-26.797001903237245],[-48.6042211059421,-26.79701767585967],[-48.60422890926009,-26.79703394310681],[-48.604235516931716,-26.79705064132187],[-48.60424089064348,-26.797067679615065],[-48.60424160911349,-26.797070335849227],[-48.60426299594992,-26.797151283420856],[-48.60426639826874,-26.79716595109193],[-48.60426924792121,-26.797183470060062],[-48.604270807468936,-26.797201129625307],[-48.604271078807386,-26.797218839578388],[-48.604270063452795,-26.797236527751835],[-48.604267762921445,-26.79725412197814],[-48.60426417891922,-26.79727154106883],[-48.604261699288266,-26.797280911273006],[-48.60423376969557,-26.797378720401046],[-48.60423141352213,-26.79738652249404],[-48.60422532762,-26.79740336680876],[-48.60421802291932,-26.797419829526643],[-48.60421733994002,-26.797421225731252],[-48.60417492956054,-26.797507085413944],[-48.60416713113346,-26.79752168079828],[-48.60415750432596,-26.797537147645517],[-48.604148624974755,-26.797549586010263],[-48.60394440441038,-26.797819163144116],[-48.6039614759518,-26.797824586887376],[-48.60396303406578,-26.797825091544325],[-48.603981379225395,-26.797831637791365],[-48.603996001796226,-26.797837796147487],[-48.60408349468352,-26.797877196713543],[-48.60408669190397,-26.797878658602787],[-48.60410391710727,-26.797887297523733],[-48.60412047772532,-26.79789693589587],[-48.604136304529646,-26.79790751840275],[-48.60415131767052,-26.797919016620497],[-48.60416546821357,-26.797931366552056],[-48.60417868674049,-26.79794452190192],[-48.604190924316725,-26.797958418673005],[-48.604197330552495,-26.79796652250155],[-48.60432813343021,-26.798138498710937],[-48.60433292446807,-26.798144986945744],[-48.60434302264476,-26.798160201112896],[-48.60434619960736,-26.79816549791254],[-48.60463291900394,-26.798656697769935],[-48.60468047919756,-26.79873395521539],[-48.60470614114067,-26.79877562984452],[-48.60473123560613,-26.79879645812897],[-48.60474105210352,-26.798798284706816],[-48.60491144325136,-26.798783345655302]],[[-48.6035107362984,-26.798946262749684],[-48.603674698512656,-26.798925269444258],[-48.603974170228994,-26.79880598711806],[-48.60402212361145,-26.79877698319525],[-48.60381997835423,-26.798430661785936],[-48.60374311350066,-26.798329598586438],[-48.603742226804414,-26.798329204560083],[-48.60352171634046,-26.79825906231428],[-48.603436065224145,-26.79836162416837],[-48.60342799731915,-26.798370854603984],[-48.60322951475996,-26.798585471447605],[-48.60302785336606,-26.79883357683133],[-48.60301728858251,-26.79884581510842],[-48.60298840703326,-26.798876928466843],[-48.602994111505915,-26.798875842919763],[-48.60301364376019,-26.798873286005175],[-48.60303332281081,-26.798871877638792],[-48.60305305780715,-26.798871634330194],[-48.60307276852013,-26.798872545696504],[-48.60309237434123,-26.798874619396717],[-48.60311178517865,-26.79887783585687],[-48.6031187937984,-26.798879290124308],[-48.60329125555829,-26.798917007831793],[-48.603297780528656,-26.798918508045034],[-48.60341496505923,-26.79894663536348],[-48.6035107362984,-26.798946262749684]],[[-48.605436427773576,-26.80474028231883],[-48.605450630884064,-26.804722898524002],[-48.60546608085256,-26.804682073073852],[-48.60550062968517,-26.804623946663423],[-48.605548026297555,-26.804578472899045],[-48.60557533496547,-26.804559081885746],[-48.60559335279927,-26.804553503023158],[-48.60561148197209,-26.80454788994554],[-48.605634415432306,-26.804537142204882],[-48.6056403162815,-26.80453438139781],[-48.6056510718725,-26.804526477758813],[-48.60565810591061,-26.80449946119753],[-48.60566833018964,-26.804476162414208],[-48.60567750344876,-26.804466030110262],[-48.60570868595321,-26.804453238088705],[-48.60570911215707,-26.804453055793104],[-48.60571371732229,-26.80445117547365],[-48.60576898999165,-26.804433845808155],[-48.60578518708646,-26.80442876853794],[-48.60579668474275,-26.8044252721967],[-48.60593044968628,-26.804346615877282],[-48.60595035762358,-26.804330050471208],[-48.60595116714908,-26.804328854932283],[-48.60596714749958,-26.804305373755874],[-48.60597246038211,-26.804282731834896],[-48.605973016391886,-26.80425195990665],[-48.60596608443771,-26.804229128877658],[-48.60592345826769,-26.804151431831983],[-48.605902847504204,-26.8041138585665],[-48.60588093758386,-26.804095999108323],[-48.60587629061794,-26.804092211568417],[-48.60584376101524,-26.804084405808375],[-48.60582417244826,-26.804083379536316],[-48.605704162419336,-26.804095155990918],[-48.60561929177034,-26.8041034841004],[-48.60560977889307,-26.8041044150604],[-48.605590081918734,-26.80410998356541],[-48.605580182151925,-26.804114968838487],[-48.6055702924372,-26.80411995428094],[-48.605556873003216,-26.80413881326413],[-48.605539655465485,-26.804172831696878],[-48.60553145116946,-26.80418901753573],[-48.60549383165305,-26.804280815201057],[-48.605491106532945,-26.804294684306544],[-48.60549023956973,-26.804299091463132],[-48.6055124162018,-26.8043367995688],[-48.605513076009345,-26.80434560024205],[-48.6055036711129,-26.80436819094753],[-48.60549131044351,-26.80437351358524],[-48.60548721057875,-26.804375276109884],[-48.60547138424928,-26.80439190148935],[-48.60545338071228,-26.804417857078043],[-48.60545287276336,-26.804418579437765],[-48.60544873482027,-26.804424546564082],[-48.60544015834016,-26.804473276155154],[-48.605416826604426,-26.804605861002337],[-48.605408725906365,-26.804646783739024],[-48.60540007327282,-26.804673772894084],[-48.60539169360254,-26.804685380516823],[-48.60537679997987,-26.804695425022793],[-48.60536606520342,-26.804701858057218],[-48.60536020555552,-26.804709835499338],[-48.60535909269492,-26.804725942796576],[-48.60536224142735,-26.80473259272329],[-48.60537155676818,-26.804736757076327],[-48.605380871920175,-26.80474093044973],[-48.60541257202073,-26.804749453241683],[-48.605436427773576,-26.80474028231883]],[[-48.60456090953627,-26.80452533607378],[-48.60461175475565,-26.80451435710666],[-48.604644682994156,-26.804504636010407],[-48.60471112612894,-26.80448503226572],[-48.60480981703723,-26.80444836823838],[-48.60489220184239,-26.80441000233722],[-48.604909656827495,-26.80439340459267],[-48.6049147253335,-26.804384312835044],[-48.604919793649024,-26.804375230098106],[-48.60491855679446,-26.80435321734999],[-48.60489097936116,-26.80429783873713],[-48.60484921418273,-26.80425911316038],[-48.60480550115325,-26.804237942639173],[-48.604750981509824,-26.804226145745208],[-48.60468732952307,-26.804223010826828],[-48.60467109807236,-26.804224937966307],[-48.604626759469085,-26.80423017946362],[-48.60455448067569,-26.804251841158493],[-48.604403798169734,-26.804308100615252],[-48.60437173775373,-26.804320074333518],[-48.6043682812617,-26.8043213694377],[-48.604282082501264,-26.80434502429341],[-48.60424852246288,-26.804348923069195],[-48.60415859762632,-26.804352733869788],[-48.60410858228991,-26.804362986747417],[-48.604089586260976,-26.80437443258964],[-48.604081273445395,-26.804382377464435],[-48.60407854720312,-26.80439772647222],[-48.60408625702573,-26.804422763609125],[-48.604102645559315,-26.804442063953267],[-48.60411903428801,-26.804461355274917],[-48.60413595355035,-26.80447406796201],[-48.604161943020564,-26.8044825123887],[-48.604192947004826,-26.804484436045406],[-48.604249569433996,-26.804469882199125],[-48.604302816164626,-26.804461867819757],[-48.604327316282,-26.804462228452877],[-48.60435095583594,-26.804464776401034],[-48.60438284260265,-26.804475414223724],[-48.604401037845996,-26.804481488672764],[-48.6044589291089,-26.804500814763824],[-48.60450927480376,-26.80451694489391],[-48.60453856774052,-26.804523243286834],[-48.60455077656104,-26.804525624773987],[-48.60456090953627,-26.80452533607378]]]}},{"type":"Feature","properties":{"categoria":"Represa/açude","buffer":"30 meters","id":117868,"objectid":31588,"layerClass":"Represa/açude"},"geometry":{"type":"Polygon","coordinates":[[[-48.612358417196376,-26.802447730751915],[-48.61233688375398,-26.802445463342437],[-48.612323416856874,-26.802443611778592],[-48.61228973212899,-26.802437177735502],[-48.61224866286654,-26.802424175834783],[-48.612236424097546,-26.802419385058588],[-48.61223069004522,-26.802417077389208],[-48.61218640453268,-26.8023943924207],[-48.612179987254144,-26.80239445560064],[-48.6121673765396,-26.802394937679],[-48.61215063582509,-26.80239526885208],[-48.61213572298477,-26.802395233802418],[-48.612120823943634,-26.80239454022005],[-48.61210598915496,-26.80239317993214],[-48.61209124839935,-26.802391171489578],[-48.6120766320245,-26.802388506380307],[-48.61206218005277,-26.802385194303884],[-48.61204793250657,-26.802381244959868],[-48.61202834565553,-26.802375346540547],[-48.61199806096874,-26.80236454796223],[-48.611975899170034,-26.80235435570424],[-48.61194979893571,-26.802341109984976],[-48.61194113101146,-26.802336280175293],[-48.61178449024935,-26.80233594699969],[-48.6117546521711,-26.802334550061094],[-48.61170732921773,-26.80232676672569],[-48.61156774470018,-26.802293295661222],[-48.61152011114852,-26.802277782339864],[-48.61149617835973,-26.802266684775482],[-48.61147904633196,-26.80225785876525],[-48.61146435262693,-26.802249768767755],[-48.6114501973624,-26.80224093885133],[-48.61143663004601,-26.802231405948366],[-48.61142368064714,-26.802221179589033],[-48.61141140834798,-26.80221031491739],[-48.61139985279241,-26.802198839675203],[-48.61138904338233,-26.80218679045557],[-48.61124403731849,-26.802106374131924],[-48.61115628057926,-26.802056252581178],[-48.611148572294674,-26.802051700624958],[-48.6111340282073,-26.802042232424387],[-48.61105528348678,-26.801987723788113],[-48.61100839476628,-26.80195635840313],[-48.61098022242945,-26.8019349918871],[-48.61097139734108,-26.801927109201962],[-48.61090979896591,-26.80186971344086],[-48.610833941618885,-26.801798369232614],[-48.610810185677714,-26.80177308856633],[-48.610745971005905,-26.801695154705165],[-48.610691972327096,-26.801631191237888],[-48.610664770975234,-26.80159229809289],[-48.6106186161077,-26.801511555757504],[-48.61060554908257,-26.801485363606535],[-48.61058159742357,-26.801429614041105],[-48.610575964037984,-26.801415314900623],[-48.61056824812333,-26.801389546988894],[-48.61055895869223,-26.801351055517593],[-48.610555358975866,-26.80133328933944],[-48.610552146988724,-26.801290316207137],[-48.610552660404245,-26.801254318480737],[-48.61055921823916,-26.801207259923597],[-48.6105518796153,-26.801194673653892],[-48.610529048294865,-26.801155998658704],[-48.610521688142875,-26.80114491905878],[-48.610515966536575,-26.80113962453778],[-48.610509745484414,-26.80113368989262],[-48.610473013399776,-26.801097559624413],[-48.6103885189584,-26.801026673994183],[-48.61035599383102,-26.800999494505895],[-48.610346096897246,-26.800992857070227],[-48.610307296823535,-26.800971906575445],[-48.610297934280936,-26.800966640808138],[-48.6102327367042,-26.800928423517895],[-48.610198630536914,-26.80090470964767],[-48.61014932238318,-26.8008650279987],[-48.61014228501967,-26.800859178819707],[-48.61011806710434,-26.80083580337171],[-48.61008090217268,-26.800795388250886],[-48.61006514997403,-26.800779763122232],[-48.61004734493959,-26.800760367323548],[-48.61002790645171,-26.800733986312206],[-48.610005133812635,-26.80069875946281],[-48.609998114368246,-26.800687261457362],[-48.60998392078829,-26.80065869492797],[-48.60996374694676,-26.800610796923166],[-48.60994479694382,-26.800564002483274],[-48.60994123174532,-26.80055466543986],[-48.6099312944168,-26.800518789025457],[-48.609931386610604,-26.800511995391844],[-48.609923205253644,-26.800475823762483],[-48.60992145360562,-26.800468240960406],[-48.60991885703362,-26.800437172055332],[-48.60991808509944,-26.800423631806567],[-48.60991609133422,-26.800371970929945],[-48.60991594100165,-26.80036283594361],[-48.60991609108001,-26.80031444192082],[-48.60991914191992,-26.800278775827902],[-48.60992495054745,-26.800242515593318],[-48.60992698190135,-26.800231486281604],[-48.609932461103156,-26.80020997498096],[-48.60994523072,-26.80016785830956],[-48.60995288411075,-26.800146248362804],[-48.60996366680088,-26.80012311203475],[-48.60998336534301,-26.8000857778621],[-48.609994557737224,-26.80006660103118],[-48.61001165021844,-26.800040367678932],[-48.610037463364506,-26.800006845685616],[-48.610073729630045,-26.799973094121192],[-48.610099323872255,-26.799953366356775],[-48.61013566989916,-26.799925400607258],[-48.610157147836745,-26.799908229351537],[-48.610189557905535,-26.79988572893229],[-48.61025971929565,-26.799843534531597],[-48.610273865593875,-26.799835028988607],[-48.61029715345252,-26.799803476687853],[-48.610307802177736,-26.799791040718958],[-48.610322104730564,-26.79977556213345],[-48.61033764323175,-26.79976108804868],[-48.61035434580033,-26.799747689443812],[-48.61037210034512,-26.79973543661909],[-48.61039081506943,-26.79972439119331],[-48.610410397798404,-26.799714632827236],[-48.61043073700877,-26.79970620475834],[-48.61045907658132,-26.7996955835321],[-48.6104929970163,-26.79968497530901],[-48.610533042502695,-26.79967480438423],[-48.61054667450461,-26.799671641455912],[-48.61059401228274,-26.799665230369186],[-48.610656654342115,-26.799661270515692],[-48.610677593743304,-26.799660667466352],[-48.610708625554985,-26.799660731126412],[-48.610735060196085,-26.79966182714156],[-48.610787805186845,-26.799666110664372],[-48.61080282492093,-26.799667744919866],[-48.610836700742915,-26.79967221523366],[-48.61085077405618,-26.799674383981085],[-48.6109992288066,-26.799700461127575],[-48.611006172157666,-26.799701679280933],[-48.61118573672965,-26.79972986060127],[-48.61122238930462,-26.799736191549723],[-48.61127617655369,-26.799745446750485],[-48.61129888462963,-26.799750179670152],[-48.611305666233584,-26.79975191848058],[-48.6113676959475,-26.799768541119686],[-48.61139232369854,-26.799776203181082],[-48.61142173039669,-26.79978663509516],[-48.61149778547036,-26.799804838989317],[-48.611555757610255,-26.79981306376566],[-48.61158821831852,-26.799819323877788],[-48.61159652984619,-26.799821476532983],[-48.61161815748053,-26.799827382358792],[-48.61163129059518,-26.799831709987053],[-48.61164425455182,-26.799836431822733],[-48.61165702905634,-26.799841556547563],[-48.611669594003686,-26.799847083822318],[-48.61168193990856,-26.799852986414482],[-48.61169405652936,-26.79985927317546],[-48.61170591389751,-26.799865934575426],[-48.611735895375176,-26.799882052326087],[-48.61174649334065,-26.79988882783274],[-48.61178440638951,-26.799914193826393],[-48.61181252872594,-26.799935532253503],[-48.611817900357,-26.799940252294576],[-48.61187709863099,-26.799993627486636],[-48.61194328854715,-26.800051199554666],[-48.611953662308416,-26.800060037797834],[-48.61199426813548,-26.80009463577786],[-48.61202768101624,-26.800128408494587],[-48.61204046702642,-26.800144985048046],[-48.61208562637886,-26.80020847399933],[-48.61209929889741,-26.800229776120876],[-48.612110556371945,-26.800251633088084],[-48.61211766128756,-26.80026722038781],[-48.61212410340299,-26.80027124557118],[-48.61203124385053,-26.800283287203925],[-48.6120095816735,-26.800289103245014],[-48.61200483629087,-26.800291928955666],[-48.611997443909665,-26.80029822040263],[-48.611991571173775,-26.800304456273444],[-48.611989703707955,-26.800307673462388],[-48.611987882639106,-26.800312515784043],[-48.61198819111039,-26.800321310526513],[-48.611990289978294,-26.800328646491966],[-48.61199556207289,-26.80034147757286],[-48.61199991585619,-26.800350142042227],[-48.612003686913454,-26.800355421640866],[-48.612007610323374,-26.800358709469496],[-48.61201938022712,-26.800366668850284],[-48.612025701076284,-26.800369762502946],[-48.61215751049782,-26.800418569249093],[-48.61217868912407,-26.800424314009003],[-48.6122243996737,-26.800431745076292],[-48.612315037520865,-26.800437434423436],[-48.61237099179867,-26.800433514407064],[-48.61240653852466,-26.800427364030426],[-48.612415202459545,-26.800426138522827],[-48.61242281094074,-26.80042585177038],[-48.61242776900215,-26.800426314430407],[-48.61244327876296,-26.80043000527039],[-48.61244910705682,-26.800430690166692],[-48.61246464411257,-26.800431638117946],[-48.61246900068111,-26.800431531130826],[-48.61247996387,-26.80043095805149],[-48.61249209705948,-26.80042925863995],[-48.612495335670644,-26.800428753777005],[-48.61249677334914,-26.800428290725588],[-48.61249936398321,-26.80042703494941],[-48.61250516742287,-26.800422665890203],[-48.61251046838297,-26.80041780104889],[-48.612601367548635,-26.800442219769558],[-48.61266185165299,-26.80045632512306],[-48.61272209817782,-26.80046881111762],[-48.61285059245303,-26.800489631512356],[-48.612919752463405,-26.800501942902535],[-48.612940476968085,-26.80050632626573],[-48.61295272758839,-26.80050958306436],[-48.61299394184783,-26.80052139598825],[-48.613028493898184,-26.800533448476575],[-48.61305931873702,-26.800548208513543],[-48.61309356939275,-26.800566969885676],[-48.613106098410896,-26.800574220050034],[-48.61312777630597,-26.800588780681736],[-48.61315671409278,-26.800610096516564],[-48.61316790623523,-26.800618758971897],[-48.61318869041365,-26.800635659830558],[-48.61319702045916,-26.80064269478416],[-48.613205042880374,-26.800650013322663],[-48.61321275805513,-26.800657597404136],[-48.613220136203296,-26.80066542847804],[-48.613227187188585,-26.800673515734978],[-48.61323389128348,-26.80068184079392],[-48.613240239002074,-26.800690376422445],[-48.613262209813584,-26.800721203530223],[-48.613276029059996,-26.800742715580938],[-48.61328154994081,-26.800752798445036],[-48.613335206164706,-26.800856217902382],[-48.61336605043029,-26.800915674922592],[-48.613370527090005,-26.800924720442723],[-48.613383109773935,-26.800951499795193],[-48.61338959329848,-26.800966517062733],[-48.613395064377265,-26.800981860174772],[-48.613399514090695,-26.800997474835924],[-48.613402923844326,-26.801013288539366],[-48.61340527428801,-26.801029264862112],[-48.613406556879944,-26.801045331466813],[-48.6134067826169,-26.80106144341807],[-48.61340630270327,-26.801085800585355],[-48.61340125469395,-26.801130448269497],[-48.613395161512074,-26.801153934696025],[-48.61339104386082,-26.801167121762365],[-48.61338400577764,-26.80118674795672],[-48.613362010616925,-26.801229106473535],[-48.6132899576997,-26.80133953836817],[-48.61326822481424,-26.801368410155963],[-48.61324077861843,-26.801400226729157],[-48.613236740651956,-26.801404806075475],[-48.613208443571345,-26.80143211425468],[-48.61315973830734,-26.801473056667536],[-48.613151268221706,-26.801479907543914],[-48.61314251246308,-26.801486473852346],[-48.613133491514816,-26.801492737889934],[-48.61312420575485,-26.80149868161466],[-48.61311468515245,-26.801504314556098],[-48.61310493008557,-26.801509618672245],[-48.613094950606985,-26.801514594132616],[-48.61304057678966,-26.80154049686962],[-48.61302572604112,-26.80154710475481],[-48.61301048848664,-26.801552975156497],[-48.612994914957014,-26.801558081859447],[-48.61297905590512,-26.801562416690356],[-48.612962951920125,-26.80156596228545],[-48.6129466635077,-26.801568710641064],[-48.61293022101535,-26.801570653244852],[-48.61288468802723,-26.801574884602235],[-48.612861657136015,-26.80158794213115],[-48.61282206167105,-26.801606369371335],[-48.61282092219127,-26.801617079885723],[-48.61281898710676,-26.801631206163346],[-48.61281622977562,-26.801645219305165],[-48.6128126608172,-26.801659092417765],[-48.612808281365005,-26.801672771375177],[-48.612803102227424,-26.801686220262972],[-48.61279714407659,-26.80169941235723],[-48.61279042796266,-26.801712302892135],[-48.61271370174887,-26.80184991762084],[-48.61270647761234,-26.801862095695704],[-48.61268723302939,-26.80188882550721],[-48.61267934786662,-26.80189847468678],[-48.612686612740035,-26.80191027451214],[-48.612693197276506,-26.80192238773041],[-48.612699091990045,-26.801934787109165],[-48.61270428758359,-26.801947436394965],[-48.6127087745711,-26.801960308355383],[-48.61271252354995,-26.801973366397768],[-48.612715535275804,-26.801986574438285],[-48.612720368348846,-26.80201076854182],[-48.61272202662473,-26.802019937996462],[-48.612723331730955,-26.80202916466262],[-48.612724274181545,-26.80203842130776],[-48.612724864218194,-26.802047699080497],[-48.61272510184081,-26.80205699798082],[-48.61272498761623,-26.802066290945785],[-48.61272451149161,-26.80207557780582],[-48.61272026839321,-26.802136031315],[-48.612715765177214,-26.802168577712077],[-48.61271140174301,-26.802186290736834],[-48.61269862943417,-26.80223097050581],[-48.61269352118453,-26.80224679393844],[-48.61268736362642,-26.802262301872034],[-48.6126801577044,-26.802277449201558],[-48.61267194495223,-26.802292173458316],[-48.61266274642015,-26.80230642987641],[-48.612652603830995,-26.80232014696615],[-48.612641538046155,-26.802333288982595],[-48.612633063321404,-26.80234275675242],[-48.61262124958314,-26.80235511909502],[-48.61260863517254,-26.802366818189153],[-48.61259525081502,-26.802377827480452],[-48.61258115815037,-26.80238808483941],[-48.612566397956925,-26.80239756388128],[-48.61255104136045,-26.802406229709124],[-48.61253511908657,-26.80241405576862],[-48.61251870245019,-26.802420998141884],[-48.61250186201026,-26.802427048995007],[-48.61248632873988,-26.80243214728933],[-48.612465717738196,-26.80243817062165],[-48.612444672466836,-26.802442842023527],[-48.612423313749204,-26.80244615450913],[-48.612401742870176,-26.802448073690528],[-48.61238007041139,-26.802448601433333],[-48.612358417196376,-26.802447730751915]],[[-48.612398267687155,-26.802172841186664],[-48.612406454134415,-26.8021636934374],[-48.61241922654601,-26.802119013701546],[-48.612423469802096,-26.802058560211833],[-48.61241863679179,-26.80203436610234],[-48.6124060260138,-26.802015653802712],[-48.61237710741684,-26.801989573371188],[-48.61234693332391,-26.801973019318968],[-48.612321226102445,-26.80196453603591],[-48.612302040030535,-26.801963030163364],[-48.61229099712012,-26.80196740104994],[-48.61227994653809,-26.801978377495068],[-48.612278247473135,-26.80200475353532],[-48.61228061980033,-26.802034076977616],[-48.612274450188295,-26.80204871836815],[-48.612259323407045,-26.802056016370273],[-48.61224339969749,-26.80205671328411],[-48.61221686138994,-26.80205189781833],[-48.61218423025766,-26.802037901234414],[-48.612169156096776,-26.802025410121384],[-48.61216305894063,-26.802014036062207],[-48.61215784188179,-26.801981776887377],[-48.61215708050704,-26.801960521156946],[-48.61216037593292,-26.801947708301938],[-48.61217305959065,-26.801938943269224],[-48.61219389598969,-26.801937517078578],[-48.61221511400624,-26.80194379493645],[-48.6122314395371,-26.80194455769534],[-48.61225146581454,-26.801937640159196],[-48.61226294018521,-26.80192227609803],[-48.61227319890321,-26.80190397671963],[-48.61229037468901,-26.801896316222585],[-48.612307133975015,-26.801886455823976],[-48.612389862201006,-26.801795019995023],[-48.612443944372906,-26.801728810676746],[-48.61252067080699,-26.801591196108483],[-48.612521922144765,-26.80157946775413],[-48.61251214638486,-26.801569917700427],[-48.61250446971166,-26.80153985503151],[-48.61250984683608,-26.80151311689863],[-48.61254224068877,-26.801461151765263],[-48.612565208608025,-26.801425659147643],[-48.61259303701111,-26.80140152872936],[-48.61263269993627,-26.801380359342446],[-48.61265599757503,-26.80137088894403],[-48.612700949099874,-26.801358887063977],[-48.61275820617598,-26.80132640032985],[-48.61278231863106,-26.801316916581722],[-48.612808066006465,-26.801311476162148],[-48.61283747075199,-26.801307144233693],[-48.61289915535159,-26.801301407563777],[-48.61295352907797,-26.80127550487491],[-48.613002234130974,-26.801234571552335],[-48.61302967048212,-26.801202745835997],[-48.61310060082032,-26.801094063884378],[-48.61310471831225,-26.8010808858494],[-48.613105194700374,-26.801056700086086],[-48.613092602021574,-26.801029920543268],[-48.61300810186536,-26.80086704392502],[-48.612986131101,-26.800836216781025],[-48.612965346920966,-26.800819315892593],[-48.61293640912326,-26.800798000018037],[-48.6129021584302,-26.80077923860549],[-48.61286094409137,-26.800767425649692],[-48.612794419277456,-26.800755564761623],[-48.61266135412545,-26.800734026480256],[-48.612589933305294,-26.800719222246002],[-48.612520142249714,-26.800702947458785],[-48.61241568313415,-26.800674879752876],[-48.61225204620509,-26.800632755577933],[-48.612152893315695,-26.80060725885506],[-48.612129427940935,-26.80059594369246],[-48.61209878493052,-26.80058115042921],[-48.61207051120744,-26.800567507109278],[-48.61192619173658,-26.80047742922881],[-48.61187444547276,-26.80043554121916],[-48.61185126336568,-26.80039775389267],[-48.611831371854734,-26.800354102238426],[-48.61178621259968,-26.800290613212706],[-48.611734472197334,-26.800246532384445],[-48.611711214009695,-26.800226295754978],[-48.61166521094229,-26.800186282356353],[-48.611628969476136,-26.800153607892234],[-48.61160410788332,-26.80013118741238],[-48.6115661946213,-26.80010583038993],[-48.611545395716135,-26.800095886690244],[-48.6115303106903,-26.800086328192396],[-48.611508683013554,-26.800080422350398],[-48.61143520989812,-26.800070004762745],[-48.61132706556834,-26.800044121111476],[-48.6112813785724,-26.80002790062647],[-48.61121935878862,-26.800011278111185],[-48.611165481327106,-26.80000200331204],[-48.611131193707116,-26.799996064206493],[-48.610951187182984,-26.799967839240438],[-48.610792823202615,-26.799940015513567],[-48.61075894730444,-26.79993554518425],[-48.61070790867055,-26.799931407766234],[-48.61067687678514,-26.799931344101136],[-48.61061521137809,-26.799935239227622],[-48.610575165803624,-26.79994541016974],[-48.61054695799415,-26.799955979496097],[-48.61053630927667,-26.799968415483452],[-48.6105301389093,-26.799984527721143],[-48.61052724202995,-26.799999910125283],[-48.61052518594292,-26.800005407221125],[-48.610512903536836,-26.8000171027148],[-48.610357486947834,-26.800110576874275],[-48.61033416813246,-26.800129215086635],[-48.610295706201285,-26.800158814627252],[-48.610271972723496,-26.80017708486011],[-48.61025598216973,-26.800201604213736],[-48.61023628369068,-26.800238938428404],[-48.61022350411657,-26.800281054962582],[-48.610217695580104,-26.80031731521543],[-48.610217572058424,-26.800363489750247],[-48.61021985464904,-26.800428718817138],[-48.610228307520316,-26.800471608992893],[-48.61024656883666,-26.80051672230175],[-48.610266044129105,-26.800562929982622],[-48.61028881682867,-26.800598156794173],[-48.610309179278794,-26.80061836280048],[-48.61035070982104,-26.80066351706804],[-48.610400017969276,-26.80070319864669],[-48.610462802011185,-26.800739976361037],[-48.61051458837189,-26.800767941266507],[-48.610549643871735,-26.800791463534807],[-48.61059405844368,-26.800828571760203],[-48.61068777333713,-26.800907184207627],[-48.61073257497469,-26.800951256555763],[-48.610762711492484,-26.800979171713333],[-48.61079199737826,-26.801023198679022],[-48.61081842192557,-26.80106796243597],[-48.61083388394046,-26.801090720699175],[-48.61085137161385,-26.801115669932326],[-48.61087176555488,-26.80112670785034],[-48.61089828279938,-26.801132994138534],[-48.610926867824936,-26.80113562444723],[-48.610959546084906,-26.801130563070558],[-48.610994708374875,-26.801111583241784],[-48.6110200822505,-26.80109038065961],[-48.61103319813729,-26.801075387328947],[-48.61104142277028,-26.801051946032295],[-48.61104436056352,-26.801021178112972],[-48.61104320368863,-26.800996251899004],[-48.61103959942417,-26.800967665683007],[-48.6110168410552,-26.800926943506564],[-48.610916318975555,-26.80080030708029],[-48.61088701863606,-26.800761766585577],[-48.610867926595915,-26.800725085937007],[-48.61084356162932,-26.800672262287613],[-48.610822112310885,-26.800600762722752],[-48.61081931796617,-26.800577676866023],[-48.61082221204994,-26.800563386331984],[-48.61083040078885,-26.800554608702203],[-48.61086270654185,-26.800537087708587],[-48.61090480245848,-26.8005236213916],[-48.61095833179474,-26.80051017660958],[-48.61098571454414,-26.80050107324154],[-48.611029427192754,-26.800493472810267],[-48.61105188993005,-26.800491686189787],[-48.61113803906976,-26.80049370890466],[-48.61119645271185,-26.800487601902127],[-48.61120625704733,-26.800487623004766],[-48.61121972006309,-26.800492046484045],[-48.611226640393284,-26.80050012260396],[-48.61124252048058,-26.800514450288734],[-48.61126048906471,-26.800517415705706],[-48.61128785421177,-26.800514908643887],[-48.61135813263648,-26.800497838945127],[-48.61139037800228,-26.80050046776317],[-48.61143201013853,-26.80051008629175],[-48.61145851087747,-26.800526271698402],[-48.611482955948375,-26.800547936170396],[-48.61151631269216,-26.80059638134805],[-48.61154838534908,-26.80066387290559],[-48.61157642349267,-26.80071706526199],[-48.611581683245824,-26.800735761854494],[-48.61158161047959,-26.800761786314627],[-48.611585622435236,-26.800789639422902],[-48.6116002776384,-26.800805796352865],[-48.61162516759606,-26.800813914017922],[-48.61165413749033,-26.800823129287036],[-48.61166881323096,-26.800831588945233],[-48.611683880142564,-26.800849214729872],[-48.611697694006,-26.80087672789898],[-48.61170417349387,-26.800894326075642],[-48.611704954657434,-26.80090935546739],[-48.61170083997338,-26.800921432553483],[-48.61169550763981,-26.800928751404395],[-48.61169343698263,-26.80093974398857],[-48.61169953404151,-26.80095111806264],[-48.61171337548215,-26.800965799334858],[-48.611735404319155,-26.800974644776907],[-48.61175377463251,-26.800979078829194],[-48.611761116530765,-26.80098239728129],[-48.61177701633523,-26.800991951461654],[-48.611804765677086,-26.800997509367072],[-48.611825585935314,-26.80099828484607],[-48.61183945298159,-26.801004546993575],[-48.611855338010066,-26.801019605656595],[-48.6118687333935,-26.80105077556054],[-48.611927651766905,-26.801161205824272],[-48.61193279057427,-26.801227908921533],[-48.61194371779063,-26.80126456898403],[-48.611974217173476,-26.801311179068986],[-48.61202061303696,-26.801369906111155],[-48.61203400784701,-26.801402546931616],[-48.61203641881215,-26.80141610581238],[-48.61203719245656,-26.801431496043445],[-48.61203429323369,-26.801446517478027],[-48.61203060235571,-26.801454206956674],[-48.61201913668667,-26.801466277327307],[-48.6119950261075,-26.801471348155413],[-48.61197621258333,-26.80148230187623],[-48.61192386523655,-26.801513707009995],[-48.61189110798715,-26.801548447749145],[-48.61186656570156,-26.801564520749256],[-48.61184734341309,-26.80157290469098],[-48.61182815629523,-26.801574331593145],[-48.61181549890118,-26.801573206555656],[-48.611806929964764,-26.801569894470422],[-48.61179267351336,-26.801556298124492],[-48.61178128969957,-26.801537588432993],[-48.61175527748352,-26.80149136085425],[-48.611725549074336,-26.80145978896823],[-48.611697421281725,-26.801443973205718],[-48.611665192688804,-26.801429974281778],[-48.611632951137565,-26.80142331177683],[-48.611605185262405,-26.801421417364413],[-48.611587217227225,-26.801423216751466],[-48.611564728700245,-26.801433422556997],[-48.6115393712809,-26.80145096170505],[-48.61152137857285,-26.80145825638215],[-48.61148626372017,-26.801458178109563],[-48.611448697550635,-26.801458464542605],[-48.61141968662081,-26.801464634729044],[-48.61139801549351,-26.801473744330995],[-48.611383685145526,-26.801489105235845],[-48.611372180330775,-26.801518392990918],[-48.611361918550784,-26.801537793195315],[-48.61134226698964,-26.801557540265264],[-48.611322230021024,-26.801565928431273],[-48.611299363135885,-26.801565876357813],[-48.611274882907665,-26.801557395554312],[-48.611229617996884,-26.801533484540386],[-48.61121496572818,-26.801516226673126],[-48.61119911342708,-26.801487614201644],[-48.61119876505271,-26.801464894506815],[-48.61119598774396,-26.80143667419471],[-48.61118666653278,-26.801408803655853],[-48.61116959519658,-26.801379818662575],[-48.61115291727283,-26.801354134127237],[-48.611148062357145,-26.80133579629812],[-48.61114611185201,-26.801301715212663],[-48.61114008455845,-26.801265426584877],[-48.611124237570785,-26.801236083239427],[-48.61110265083423,-26.801214782798066],[-48.61106719938466,-26.801187590162836],[-48.611042719256055,-26.80117910932526],[-48.61096550834388,-26.80119249727072],[-48.61090626226553,-26.801205195791425],[-48.61086823693765,-26.801223071435654],[-48.6108620871135,-26.801231486422427],[-48.61085425831178,-26.801258589173028],[-48.61085376220124,-26.801293765998786],[-48.610863051730504,-26.8013322574573],[-48.61088699346198,-26.80138800681384],[-48.61093292540376,-26.8014683572674],[-48.6109874736811,-26.801532970639876],[-48.61105218827463,-26.801611526478315],[-48.611127552471714,-26.80168241103894],[-48.61118864782531,-26.801739337983594],[-48.61123756971991,-26.801772055154057],[-48.61131826699038,-26.80182792319572],[-48.61140389674443,-26.80187684462507],[-48.61158901968338,-26.80197873853387],[-48.61160043568992,-26.80198535640611],[-48.611614262429775,-26.8020055421829],[-48.61162932966186,-26.80202315895945],[-48.611646451427134,-26.80203199380149],[-48.61178520506143,-26.802065270269434],[-48.611969368390696,-26.802065661769003],[-48.612054301742276,-26.802069134407265],[-48.61206816709044,-26.802073564604612],[-48.61208731761841,-26.802089725152772],[-48.61209830016044,-26.802105513247668],[-48.61212440036253,-26.80211875893748],[-48.6121439871766,-26.802124657341086],[-48.61216072785122,-26.80212432616614],[-48.61217667390612,-26.80211776393217],[-48.61220121267144,-26.80210426271049],[-48.6122335216531,-26.8020856405241],[-48.612264973339535,-26.802080576209356],[-48.61229273348838,-26.802084672300076],[-48.61230537045968,-26.802093494566066],[-48.612339095393146,-26.8021551210737],[-48.61235701896884,-26.802171287959215],[-48.612369257717965,-26.80217607872369],[-48.61238273463769,-26.80217793045079],[-48.612398267687155,-26.802172841186664]],[[-48.61128097918433,-26.800789659573176],[-48.61127445866892,-26.80078745590913],[-48.61128178424494,-26.800796829322465],[-48.61128097918433,-26.800789659573176]],[[-48.61143693668248,-26.801188100665193],[-48.611451028971565,-26.801181696727895],[-48.61147126634881,-26.80117333899433],[-48.611506173269774,-26.801162702075487],[-48.61148309444867,-26.801140618477184],[-48.61146925302021,-26.801125937183322],[-48.611462333047584,-26.80111832131148],[-48.61145573929938,-26.801110494365343],[-48.611449451670225,-26.801102456005605],[-48.61144350012903,-26.80109421576229],[-48.61143788429763,-26.801085791677373],[-48.61143261403954,-26.80107719294153],[-48.611427699407415,-26.801068419724462],[-48.61142160237132,-26.801057045640242],[-48.61140636082269,-26.80102280339756],[-48.611402889302255,-26.801009470261903],[-48.61139185455172,-26.801001460067994],[-48.61136637814307,-26.80097670093079],[-48.611351722766024,-26.800960552998657],[-48.611344151782355,-26.80095185225843],[-48.61134051028983,-26.800946628974913],[-48.611342932921,-26.800965864258828],[-48.611344573902414,-26.800984969035614],[-48.61134573103265,-26.801009886230556],[-48.611345940753075,-26.801026268625268],[-48.611344899120134,-26.801044299369163],[-48.61134583493312,-26.801052427886283],[-48.61135424426583,-26.80106095326919],[-48.61136224487497,-26.80106978759877],[-48.61136981684419,-26.801078921514797],[-48.61137697079336,-26.80108832812407],[-48.61138366688985,-26.80109798870604],[-48.611389905133564,-26.801107903260753],[-48.61139567603897,-26.80111804455568],[-48.61141153313787,-26.80114738804437],[-48.61142717154702,-26.801182367942232],[-48.61142909694024,-26.801188383458662],[-48.61143693668248,-26.801188100665193]]]}}],"metadata":{"sourceUrl":"https://geo.ima.sc.gov.br/server/rest/services/%C3%81reas_Protegidas/MapServer/281","sourceSha256":"1db59fe35cb00c0692c67402888608d170d07640dd6c8a192b6b13441a143a47","capturedAt":"2026-10-02","sourceSurveyDate":null,"calculationCrs":"EPSG:31982","outputCrs":"EPSG:4326","clipExtent":[-48.615,-26.809,-48.596,-26.795],"authority":"official_consultive","limitation":"Consulta cartográfica e derivação métrica; nenhum efeito jurídico ou valor de terra adotado."}}