{"type":"FeatureCollection","features":[{"type":"Feature","properties":{"territorial_code":"MUOO","id":98,"geopenha_layer":48,"geopenha_gid":97,"layerClass":"MUOO"},"geometry":{"type":"Polygon","coordinates":[[[-48.60404273638807,-26.796284730014122],[-48.60403972238642,-26.796275510468032],[-48.604033111191946,-26.796261853321095],[-48.604009116207116,-26.796222715527012],[-48.60400111157503,-26.796212680542464],[-48.60400027514048,-26.796209417693134],[-48.603996883364864,-26.79620668913113],[-48.60398952625397,-26.79619790141444],[-48.60397375368838,-26.796175660632535],[-48.603954721749616,-26.796152525427733],[-48.60394401081258,-26.796142552916116],[-48.603932320051484,-26.796127528347306],[-48.60390506694396,-26.796100833814013],[-48.60389758979133,-26.796092495267867],[-48.60388495396557,-26.796082246514143],[-48.60387504360537,-26.796070545892135],[-48.60386787751672,-26.796065109359027],[-48.603841879482864,-26.79604903040047],[-48.60381244058709,-26.796035907247486],[-48.60377739312853,-26.796015009595642],[-48.603762993643294,-26.79600590411147],[-48.60375489043213,-26.795999125159423],[-48.603747837386294,-26.795991181824164],[-48.60374032306583,-26.795978393741255],[-48.6037354278179,-26.795967779695598],[-48.603722866121174,-26.795935829131995],[-48.603708538063174,-26.795891756317875],[-48.603701295537014,-26.795877519948615],[-48.60369354927486,-26.795866677150645],[-48.60369183508774,-26.795863074570345],[-48.60368975294613,-26.7958564065777],[-48.60368594880896,-26.79583263576222],[-48.6036782820258,-26.79582423082641],[-48.60366818357178,-26.795816696158873],[-48.6036624834096,-26.79580801769738],[-48.60365607501632,-26.795786152003764],[-48.60365575881843,-26.79577297140916],[-48.6036539981658,-26.79576918755905],[-48.603646104549235,-26.795759614667567],[-48.60364451952175,-26.795754173349444],[-48.60364739687495,-26.795741191209704],[-48.6036546006261,-26.795724266576702],[-48.60365508728964,-26.795718815212748],[-48.603652773754526,-26.79570832609176],[-48.603645649216105,-26.79569421805581],[-48.60363832723149,-26.79567610898359],[-48.603637282930904,-26.79566886296853],[-48.60363947465833,-26.79565979472068],[-48.60364599885931,-26.79565079982395],[-48.60365640071779,-26.795640553053282],[-48.60366493345633,-26.795635030357545],[-48.60367458976068,-26.79563059153189],[-48.60368098480496,-26.795624870208737],[-48.60369375760638,-26.795603726320284],[-48.60369733993251,-26.7955930843418],[-48.60369913525688,-26.795583738657324],[-48.603715327290566,-26.795561623902646],[-48.603720378539634,-26.795546639109283],[-48.60372408980063,-26.795525558384618],[-48.60373462722915,-26.795508861643366],[-48.603739240737845,-26.79549604425548],[-48.60373968125988,-26.79547556691914],[-48.60373608536849,-26.795451934991714],[-48.60373778204337,-26.795436758042744],[-48.60374043085719,-26.795431776441443],[-48.60375424090602,-26.79541582093719],[-48.60375845710102,-26.795413771643343],[-48.603768931023126,-26.795410619055524],[-48.60378606703383,-26.795406740007596],[-48.60379542290589,-26.795407024734914],[-48.60380905718459,-26.795406127536726],[-48.60382276905278,-26.795409671527057],[-48.603836409030315,-26.79541089509535],[-48.60386411875047,-26.79541059714109],[-48.6038731482065,-26.795409188823424],[-48.60389163994348,-26.795409700396682],[-48.60390264209623,-26.795411556114086],[-48.60390953274975,-26.795415264370572],[-48.60391514181732,-26.795411533088938],[-48.60392140883498,-26.795409987762717],[-48.603934647111,-26.795411664752493],[-48.603941514606085,-26.795411212487195],[-48.60394490614934,-26.795410123834674],[-48.603980600727894,-26.795384919040433],[-48.6039847053813,-26.795380043295722],[-48.60398682652993,-26.795372895987484],[-48.60398670697998,-26.795361361113393],[-48.60398747944522,-26.795355707030044],[-48.60399281002938,-26.795342261056653],[-48.603994225231894,-26.795331383852474],[-48.6039969932984,-26.795320728080497],[-48.60398083072296,-26.79530221669483],[-48.6039862250018,-26.7952833482918],[-48.60398315015615,-26.795276546184436],[-48.603982195558565,-26.79527172918273],[-48.60398252471417,-26.795253677451242],[-48.60398090813953,-26.795238733183044],[-48.60397551341915,-26.795210739221346],[-48.60396531572931,-26.795189747904164],[-48.603951064190966,-26.795166910206703],[-48.60393630933136,-26.79515127427519],[-48.60390709987855,-26.795123896895234],[-48.60387943242826,-26.79510400857717],[-48.603867940749346,-26.795093869436517],[-48.60385792841777,-26.795079369606864],[-48.60385398055858,-26.795070089128075],[-48.60385172652456,-26.795050071525427],[-48.60384914031175,-26.795011891730915],[-48.6038466886887,-26.795000317377674],[-48.605302497820055,-26.79500032815198],[-48.6053242079142,-26.79510037616066],[-48.60511497896667,-26.795143472958504],[-48.604966099505454,-26.795171473504308],[-48.604849283671406,-26.79519343786801],[-48.60471151943644,-26.795219343120362],[-48.60458366897854,-26.795243385581614],[-48.60462335513846,-26.795401474348676],[-48.604633195464054,-26.79545766275496],[-48.60533134610459,-26.795322545039426],[-48.60534429449492,-26.795372965423994],[-48.60537406676368,-26.79548893305468],[-48.60517620509326,-26.795529875943426],[-48.60520857415168,-26.79565002961945],[-48.605384167791065,-26.795648569609376],[-48.6053936008014,-26.795762938774704],[-48.605211194202084,-26.795783784690993],[-48.60528598383228,-26.796073127827395],[-48.605060724795536,-26.79612002312281],[-48.60481054919403,-26.796147211809114],[-48.60471073899709,-26.7961580572669],[-48.6040434410104,-26.79628852305612],[-48.60404273638807,-26.796284730014122]]]}},{"type":"Feature","properties":{"territorial_code":"MUOO","id":105,"geopenha_layer":48,"geopenha_gid":105,"layerClass":"MUOO"},"geometry":{"type":"Polygon","coordinates":[[[-48.60939566917372,-26.808995909425843],[-48.60937880651484,-26.80897037495763],[-48.60937493089001,-26.808962404323697],[-48.60936893629904,-26.808954767878042],[-48.60936762052114,-26.808943185715325],[-48.60936611816048,-26.808937619505812],[-48.6093493783871,-26.80891102226165],[-48.60934252070592,-26.808902820759393],[-48.60932865828529,-26.808889591768807],[-48.60930581119337,-26.808880380125736],[-48.609291552958425,-26.80887738684998],[-48.609278144744074,-26.808870789252516],[-48.60927446543534,-26.80886688279906],[-48.609270836571156,-26.808858176352107],[-48.60927197556467,-26.808847511008054],[-48.60927128104235,-26.80883651688723],[-48.609267506329424,-26.808823738085987],[-48.60926401406908,-26.808815710757987],[-48.60925934511749,-26.808801454935402],[-48.609247195796215,-26.80876170584527],[-48.60924489330966,-26.808750657482786],[-48.609242440858786,-26.80873237824532],[-48.6092403199392,-26.808713157074237],[-48.609239618433364,-26.808693869644948],[-48.60923330931919,-26.808671509497668],[-48.609235934050545,-26.808645636498937],[-48.60923804910291,-26.80863350768706],[-48.60923836115886,-26.808611448922193],[-48.609231897306394,-26.808562916136136],[-48.60922911676749,-26.808509951560495],[-48.60922565071315,-26.808466171006877],[-48.609223569901815,-26.808448872656204],[-48.60920504283402,-26.80838620275887],[-48.609194411006165,-26.808354655182644],[-48.609187030933796,-26.808336364876325],[-48.60917515877184,-26.808314082187813],[-48.60916100940689,-26.808295361654938],[-48.609138571498654,-26.808270012707155],[-48.60912002476882,-26.808253329517893],[-48.60911240741257,-26.808248742876923],[-48.60909989395251,-26.808245039087787],[-48.60906611752925,-26.808239550189953],[-48.60899396681483,-26.80822099561002],[-48.60893579860498,-26.808204193335637],[-48.6088977739073,-26.808190763553977],[-48.60888453272637,-26.80818435825346],[-48.60888131645044,-26.80818474608498],[-48.60887651165919,-26.808187507494807],[-48.608864914818135,-26.808194756439462],[-48.608858136455886,-26.80820002930606],[-48.60882843781803,-26.808231689475516],[-48.60881470752845,-26.80824235860929],[-48.6088072940756,-26.808252015499086],[-48.60880209924737,-26.80825371448974],[-48.60879691424632,-26.808254466111052],[-48.60879623990001,-26.808254012531794],[-48.6088035506155,-26.808236313393298],[-48.60880992675878,-26.80822864233387],[-48.60881323179854,-26.808223067120746],[-48.60881416746191,-26.808216820176277],[-48.6088136966741,-26.80818750179722],[-48.60881639750468,-26.808170464733063],[-48.60882089675457,-26.80815399048547],[-48.60883331958067,-26.808115053680872],[-48.608841622469456,-26.80809608085358],[-48.608843671099145,-26.80807753475864],[-48.60884421848158,-26.808051933484617],[-48.608843258917,-26.808048298586534],[-48.60883747098502,-26.808036090372347],[-48.608837366219845,-26.808024790371984],[-48.60883527465994,-26.80800752793295],[-48.6088475273069,-26.807978135795338],[-48.608848136933446,-26.807958193711993],[-48.6088501508913,-26.807940820169456],[-48.608850987861736,-26.807918671012228],[-48.608853155854206,-26.807901624941803],[-48.608853655535164,-26.80788356704661],[-48.60885629957271,-26.807860130901503],[-48.60885786317705,-26.80783690210167],[-48.608859869914525,-26.807824184895694],[-48.60886203237103,-26.80781602751467],[-48.60886769654216,-26.80780202751739],[-48.608876597064096,-26.807787161747406],[-48.60889757689684,-26.807744931335705],[-48.60890286730976,-26.807733884940347],[-48.60890990537648,-26.807715757050563],[-48.60892420834973,-26.807664858913725],[-48.60894322184356,-26.807569686695704],[-48.60894584659961,-26.807553397344773],[-48.608951105907586,-26.80753808199989],[-48.60896041524061,-26.807515715041013],[-48.60897885578719,-26.807461737384905],[-48.608980547987706,-26.807443880121294],[-48.60898329771228,-26.807431698867386],[-48.60898367933203,-26.80742645326269],[-48.60897434367561,-26.80738394519007],[-48.608971288153676,-26.80737667424084],[-48.60896734177898,-26.807371599153836],[-48.60893686103859,-26.80734853274594],[-48.60893689339318,-26.807346511883882],[-48.608943751729065,-26.807345571951966],[-48.60894292743932,-26.8073426793203],[-48.60891908618316,-26.80731472572671],[-48.60890267755941,-26.807303032902958],[-48.60889471259516,-26.80729872012784],[-48.608886086978636,-26.80729473910581],[-48.60886564518876,-26.807289295025814],[-48.608838645320596,-26.80728438083352],[-48.60879972341039,-26.807282089722307],[-48.60874551842544,-26.80728635355491],[-48.608701916774876,-26.807287096661646],[-48.608649564318014,-26.807293656824957],[-48.608608467654825,-26.80729531757948],[-48.608522869468295,-26.80728693133567],[-48.608510262093226,-26.80728435393089],[-48.608484578148726,-26.807276159075375],[-48.6084559123489,-26.80726676775105],[-48.60843174470806,-26.807257723172153],[-48.608399728931914,-26.807243113405885],[-48.60837472640883,-26.807225932976653],[-48.608351719488965,-26.807207107782723],[-48.60834136227726,-26.807197466394772],[-48.60832898143414,-26.807185056486226],[-48.60830347380957,-26.807156966341903],[-48.60828305707169,-26.807128294456717],[-48.60826337130339,-26.807097378888457],[-48.60824048642889,-26.807046393692115],[-48.60822817482068,-26.807011045572192],[-48.60822368636432,-26.80699442844763],[-48.608193976501404,-26.80684123774108],[-48.60818429423058,-26.806775973904298],[-48.60818052899756,-26.80675796123703],[-48.60817681539493,-26.80674659121245],[-48.608171270966395,-26.80673476610596],[-48.60816202659491,-26.80671714812632],[-48.60815543975223,-26.806707552410852],[-48.608134754010436,-26.806680202510627],[-48.60811879378322,-26.806662967334436],[-48.60810762118122,-26.80665288801431],[-48.60809732877662,-26.80664495327004],[-48.60808616763661,-26.806637202371228],[-48.60806877083401,-26.806627559283573],[-48.60802441158642,-26.8066083550538],[-48.607993374718205,-26.806596947276333],[-48.60795172019548,-26.80658447563714],[-48.60788644122602,-26.806566794741997],[-48.607866191565314,-26.80656083037338],[-48.60783913421435,-26.806554353851705],[-48.60775557967694,-26.806537753655157],[-48.60773602126246,-26.806532874827738],[-48.60772885482156,-26.806530290078477],[-48.60771418937226,-26.806523237934737],[-48.60769694872206,-26.80651334476756],[-48.607681957088026,-26.806508416803606],[-48.60766815651188,-26.80651142314786],[-48.607659515975996,-26.806512468250617],[-48.60763603926368,-26.806512197669264],[-48.607565271483864,-26.806497771787114],[-48.60752452086187,-26.80649110880757],[-48.60748493347145,-26.806487957827343],[-48.60746080558689,-26.806487567917333],[-48.60741989414809,-26.80648856368496],[-48.60737526865794,-26.806486356239258],[-48.60735903566159,-26.806484511556373],[-48.607334921278884,-26.806478211040854],[-48.60732835315247,-26.806477305854944],[-48.607277870133146,-26.806482976673067],[-48.607263710962755,-26.80648246652303],[-48.607241253821286,-26.806482971144764],[-48.607225976011456,-26.80648640367269],[-48.607214456010446,-26.806490955567945],[-48.607209691684794,-26.80649466514215],[-48.607197164291705,-26.806506960761677],[-48.60719189768736,-26.806510643793334],[-48.60717534000606,-26.806525695813736],[-48.607171263744625,-26.80653303570213],[-48.60716707420124,-26.806546248390084],[-48.60715849864062,-26.806566705486237],[-48.60715767868305,-26.80658324189358],[-48.6071498666712,-26.806607086929283],[-48.60715017741543,-26.80663921812305],[-48.60714721314435,-26.806672620483035],[-48.60714682566966,-26.806689633458802],[-48.607143390634654,-26.80670139699385],[-48.60714221174277,-26.806715869826984],[-48.607136007936404,-26.80675124783511],[-48.607130953499855,-26.806797979599022],[-48.60713860146309,-26.806827915665476],[-48.6071367287818,-26.806837593971665],[-48.60713667382687,-26.80684739325823],[-48.60713465793779,-26.80685718645641],[-48.607137875338644,-26.80688068558025],[-48.60713830895013,-26.806903614228066],[-48.607137449621405,-26.806946924591283],[-48.607135159687516,-26.80697407559981],[-48.60713438116438,-26.806979061807798],[-48.60713023333752,-26.806985019790076],[-48.60711809016548,-26.807020198090203],[-48.60711379223799,-26.80702372603998],[-48.60709816866945,-26.807031646724443],[-48.607095119159425,-26.807032235867894],[-48.607089186024545,-26.807029825352373],[-48.607079693716045,-26.807020667759495],[-48.6070748000145,-26.807017128755746],[-48.60701522064533,-26.80697945610619],[-48.607011651949115,-26.806978908450194],[-48.60700342869269,-26.80698067347456],[-48.606957665571954,-26.806981388517876],[-48.60695379053318,-26.806980583003675],[-48.60694544262036,-26.806964342759148],[-48.60694273190141,-26.806957420521265],[-48.60694148647058,-26.806950162098918],[-48.606940941054205,-26.8069301644069],[-48.606938891595895,-26.80691617842729],[-48.60694620098858,-26.806882750295483],[-48.606949178249394,-26.806833889813102],[-48.60693208770043,-26.80679243265379],[-48.606926002460995,-26.806781942955244],[-48.60691985034877,-26.806775115925976],[-48.60690801455408,-26.80676597283431],[-48.60689932794646,-26.806760591923048],[-48.606887605538454,-26.806749402267915],[-48.60688048773827,-26.806741629418664],[-48.60686555497727,-26.806722408128035],[-48.60685027534393,-26.806713955791334],[-48.6068387849257,-26.80670273395957],[-48.60681340305901,-26.806686873402967],[-48.60679915770811,-26.806675623022567],[-48.60677216855043,-26.806662550806195],[-48.60675487637939,-26.806652719824736],[-48.60674206783819,-26.806639616719437],[-48.60672411186103,-26.80661542612709],[-48.606670784649026,-26.806564990671085],[-48.60662902679022,-26.806526807131863],[-48.60656157773719,-26.80646930150639],[-48.6065514639578,-26.806461486990585],[-48.60649745696326,-26.8064247476426],[-48.606480733142945,-26.806415151847382],[-48.606456728164034,-26.806402689549525],[-48.60643074863868,-26.806391827216306],[-48.606414633402885,-26.806386293545977],[-48.606367639277586,-26.80637476890461],[-48.606353972329394,-26.806372850201058],[-48.606308542856674,-26.80636966323856],[-48.606287270437356,-26.806366911988885],[-48.60626369203384,-26.806362389092232],[-48.606242227611354,-26.806356810032998],[-48.60621450969881,-26.806346360436194],[-48.60617357715464,-26.806328738693797],[-48.60613015297868,-26.806311480873898],[-48.60607934948502,-26.806295551084514],[-48.60602921012432,-26.806282475116404],[-48.60600591794074,-26.806275340020928],[-48.60598329815901,-26.80626683560507],[-48.60594119629537,-26.806248869146184],[-48.60589971985008,-26.806232727108213],[-48.605833126905054,-26.806209166393508],[-48.60577957958164,-26.806193163003357],[-48.60575328726096,-26.806186662939684],[-48.605665325380436,-26.806168299447492],[-48.60564936843264,-26.806164329546764],[-48.60563078556863,-26.806162327593057],[-48.605621626254546,-26.806161739449017],[-48.60561562305193,-26.806162188340156],[-48.60559923697004,-26.806167632368904],[-48.605576613802924,-26.80617316938625],[-48.605571604934745,-26.806176071617358],[-48.60554945808937,-26.806184784161424],[-48.60552720885657,-26.806197411443506],[-48.60550276734453,-26.806215298790832],[-48.605489881872586,-26.806226442127222],[-48.605473736019356,-26.80624198821167],[-48.60545503956985,-26.80626213856094],[-48.60543058981246,-26.806292379793963],[-48.60540927186843,-26.806322899624085],[-48.60535032328759,-26.806416032777825],[-48.605317099380336,-26.80646707051394],[-48.605278943492905,-26.80651304345181],[-48.60526343356967,-26.80652847393267],[-48.60525582474575,-26.806534977899748],[-48.60524342174234,-26.806543737980288],[-48.605216908584445,-26.806559704167302],[-48.605178285705435,-26.806591050075948],[-48.6051583334343,-26.806608742609825],[-48.60512094770865,-26.80662524669364],[-48.60508668109899,-26.806642155499564],[-48.60505894634009,-26.806656909793343],[-48.6050260295043,-26.80667658476496],[-48.60497827749895,-26.80670159456779],[-48.60495791161522,-26.806709299380486],[-48.60494177390837,-26.80671440461413],[-48.60492519672773,-26.806723193276888],[-48.604914783784444,-26.806725309153308],[-48.604899407057616,-26.806726745416984],[-48.60487282354934,-26.806726439835423],[-48.60484358223402,-26.806728661137843],[-48.604815628298134,-26.806733268547998],[-48.604767693706165,-26.80674639040525],[-48.6046982200265,-26.806770879004915],[-48.60464933681579,-26.806786069336386],[-48.604628755227935,-26.80679303046949],[-48.60462142707175,-26.80679622729503],[-48.60461064690704,-26.806803372396427],[-48.60459427550989,-26.806818156524187],[-48.60456708484425,-26.806831421921],[-48.60456474398495,-26.806833223215335],[-48.60453159874043,-26.806905847790212],[-48.60452825048525,-26.806911557525797],[-48.60452050294406,-26.80692178606671],[-48.604516748208525,-26.806932957543022],[-48.604512841334014,-26.80693605887186],[-48.60450955604268,-26.806936382267562],[-48.60450338757387,-26.806929383404533],[-48.604496246790134,-26.806918406487714],[-48.60447932181945,-26.806896380829272],[-48.60446310133892,-26.80687863550899],[-48.60444889299966,-26.806853199597388],[-48.60443944967448,-26.806838853793028],[-48.60443210291083,-26.806830977686715],[-48.60442390258191,-26.80682495512406],[-48.60441959509672,-26.806823194686608],[-48.60441321647715,-26.80682236476664],[-48.60438786702604,-26.80682363213546],[-48.60437955308482,-26.806824926215537],[-48.60436966288869,-26.806828007458652],[-48.60433226295354,-26.80683370017703],[-48.604330513897715,-26.8068331832616],[-48.60433009545957,-26.806832039136985],[-48.60433427376854,-26.806822724783984],[-48.60434000860516,-26.80681303972189],[-48.60434495398495,-26.806801680853944],[-48.6043499335042,-26.80678343715335],[-48.60435679504653,-26.80677373506943],[-48.60437123835266,-26.806761688734934],[-48.604376191695906,-26.806754733775396],[-48.604376556069646,-26.806746491890298],[-48.60436332537339,-26.806700389219248],[-48.60436529559267,-26.806694213974723],[-48.60437293956133,-26.806679823564938],[-48.604375159399105,-26.806671342369228],[-48.60437614649382,-26.806658833589573],[-48.60437581776742,-26.806645770109217],[-48.60437735360765,-26.806629642919876],[-48.60437699054514,-26.80661151632164],[-48.60437867510202,-26.806606013050146],[-48.60438829269127,-26.806584328459586],[-48.60440597438227,-26.806555534016848],[-48.604426517215025,-26.80652554267988],[-48.60443000715227,-26.806518355387517],[-48.604433493290266,-26.806507044003492],[-48.60443433110374,-26.806500199848912],[-48.60443314177959,-26.806482149503086],[-48.604426336939746,-26.80646045760535],[-48.60442233219381,-26.806454343639274],[-48.604421660320185,-26.80643511989268],[-48.60442218211859,-26.806423216875483],[-48.60442431943087,-26.80641148559451],[-48.604434026316575,-26.806378377962616],[-48.60444053900254,-26.806369482138262],[-48.60444782348759,-26.806352576928344],[-48.60445131983449,-26.806324516931156],[-48.60445579174226,-26.80631797795094],[-48.60447128827699,-26.80630701428008],[-48.604479053238045,-26.80630312999757],[-48.60451024927455,-26.806290681421117],[-48.60454079732134,-26.806264090079704],[-48.60454710932366,-26.806260912150858],[-48.60456583839373,-26.80625404600192],[-48.60457833282141,-26.806239503061686],[-48.60459087562692,-26.806229355690693],[-48.6045933063732,-26.806224713315704],[-48.60459457665136,-26.80621978057184],[-48.60459895890782,-26.806175889192303],[-48.604598385661696,-26.806165366376046],[-48.604594291954726,-26.806159178715678],[-48.604593276001296,-26.806151057847945],[-48.60459564808753,-26.806130550058125],[-48.60459878517587,-26.806117184281618],[-48.60459719773283,-26.806115199172474],[-48.604589137237554,-26.80610922410885],[-48.60457671139233,-26.80608845678908],[-48.60457854875511,-26.80606276912058],[-48.60457601341884,-26.806039380775267],[-48.60457181612774,-26.806024726726395],[-48.60455661218791,-26.805986856769454],[-48.604538259379105,-26.80595095491027],[-48.604535150857515,-26.80593521834805],[-48.60453654590968,-26.805917175655004],[-48.60452791695871,-26.805910974386244],[-48.6045186719205,-26.805902028375808],[-48.604512683895884,-26.805898407594615],[-48.60449938540428,-26.805894275017263],[-48.604474697945065,-26.805890852046986],[-48.60446935825393,-26.80588939900692],[-48.6044646046727,-26.805886854945122],[-48.60445170184466,-26.80587586169851],[-48.60443326945814,-26.805862401492547],[-48.60442253943304,-26.80585807776346],[-48.60440177248095,-26.805852338782636],[-48.60439501284454,-26.80584906589885],[-48.60438929758562,-26.80584443000387],[-48.6043770607331,-26.805830461038678],[-48.604370523022176,-26.805825242698873],[-48.60435583379747,-26.805808813746943],[-48.60435106068424,-26.80580528572074],[-48.60433874627063,-26.805801223934207],[-48.60430074310092,-26.805784923668543],[-48.60428806773072,-26.80578128892491],[-48.604280436521904,-26.805776900336088],[-48.60427330322236,-26.805768919548967],[-48.60426548574853,-26.805762389087107],[-48.60426231410703,-26.80575443927597],[-48.60426490911623,-26.805746289301116],[-48.604275635323205,-26.805733097140884],[-48.604278956046045,-26.805724390932166],[-48.60428031585732,-26.805715678596687],[-48.60427979252491,-26.8057042181157],[-48.604278544047965,-26.80569615647879],[-48.60427603116595,-26.805689878260893],[-48.604264333033164,-26.80567372554441],[-48.60425316752558,-26.805661417099902],[-48.60423912874898,-26.805638925910554],[-48.60422744162825,-26.805628945882596],[-48.604222539164724,-26.805622961099285],[-48.60421953805152,-26.80561790189606],[-48.60421260165338,-26.805601992230162],[-48.60420964189126,-26.80559735786096],[-48.60420190068379,-26.80558911410285],[-48.60418244182777,-26.805571864402225],[-48.60417138426599,-26.805560640675225],[-48.60416756867218,-26.805555576705107],[-48.60416257270394,-26.805546865049717],[-48.60414200860347,-26.80552048226022],[-48.604129274662675,-26.80550911283332],[-48.60411071737375,-26.80549681458742],[-48.60409310241898,-26.805482267238098],[-48.604086010310105,-26.805474720298427],[-48.60407652009659,-26.805456394040522],[-48.60406908524179,-26.805446973302082],[-48.60406303143903,-26.80544169997413],[-48.6040609040001,-26.805437178960425],[-48.60405829572711,-26.805430177193863],[-48.60405322087875,-26.805411348150688],[-48.604048138241154,-26.80540293282062],[-48.60404831636006,-26.80539541873687],[-48.604045135643446,-26.805383119137797],[-48.604037496146844,-26.805362865977926],[-48.60403175950361,-26.805350640415377],[-48.604000260700495,-26.805293327253004],[-48.603991100737744,-26.8052793832849],[-48.60396926967036,-26.805250605675223],[-48.603942624173996,-26.805224571094314],[-48.603925660251164,-26.80521397829479],[-48.6039127998465,-26.805203843015015],[-48.60389427601423,-26.80519139190019],[-48.603874925953264,-26.805175669082058],[-48.60386399381487,-26.805172352594468],[-48.6038532705175,-26.805167713095493],[-48.6038270730646,-26.805149546097656],[-48.603818785817715,-26.805144794436586],[-48.60379632068103,-26.805128477411845],[-48.60379156963592,-26.805119120155393],[-48.603791346231006,-26.805108224249206],[-48.6037858234641,-26.805075309973212],[-48.603784781567256,-26.805072729477594],[-48.60376824295429,-26.80505865152513],[-48.60375429080508,-26.80504448200781],[-48.60372790377693,-26.805010943692626],[-48.60370319580097,-26.804976946503608],[-48.603676193852216,-26.80494634865679],[-48.60365642543053,-26.804930916523375],[-48.60364575433333,-26.804924752816387],[-48.60361929556755,-26.80491184242534],[-48.60358462505863,-26.804898720771067],[-48.60354251460593,-26.804886465765392],[-48.6035229126836,-26.804883200958475],[-48.60350466998783,-26.804881773017808],[-48.60348428698707,-26.80487595919779],[-48.603475764360184,-26.804875228292705],[-48.60346482484415,-26.804875611543434],[-48.603441691324754,-26.80486908334967],[-48.603422998367996,-26.804862765720106],[-48.60340217796946,-26.804858144689703],[-48.603392021649825,-26.80485667320494],[-48.603357903757626,-26.804838317838488],[-48.60333612161206,-26.80481917873785],[-48.60331711788236,-26.80479990620922],[-48.60330166803611,-26.804771841201724],[-48.60329446561638,-26.804766196448934],[-48.60329095430324,-26.80476483750356],[-48.603284391824886,-26.804763670531816],[-48.60324525021753,-26.804762312725178],[-48.603235402142694,-26.804760052327346],[-48.603213683067914,-26.804756562113262],[-48.60319851033023,-26.80475644048534],[-48.60318720673613,-26.80474592542772],[-48.60316633620081,-26.804730303104648],[-48.603145496714774,-26.804700296847155],[-48.603131848950035,-26.80468409297686],[-48.60312513893594,-26.80467990041671],[-48.60311073374752,-26.804668628936483],[-48.6031044848809,-26.804660202847078],[-48.603096333027096,-26.80464614956573],[-48.603084265801094,-26.804636560075238],[-48.603079918614405,-26.80463191120872],[-48.60305325486324,-26.80458763840718],[-48.60303875880546,-26.80457973138026],[-48.60301813389498,-26.804570123266025],[-48.603006477705506,-26.80456155143413],[-48.60299426021428,-26.804557671663083],[-48.60295742011211,-26.80455017123931],[-48.60294947642984,-26.8045477355268],[-48.60294392402511,-26.804544446932155],[-48.6029420765945,-26.804541437676328],[-48.602941217581474,-26.80453781347485],[-48.60294113035581,-26.804517101628594],[-48.60294022533299,-26.804505625658287],[-48.60294322834283,-26.804484298373232],[-48.60294298729586,-26.80446277174987],[-48.60294661565406,-26.804461434472294],[-48.60295187049207,-26.804460702290072],[-48.60296550428905,-26.804465138478744],[-48.60297559248741,-26.804465065712776],[-48.60299988353487,-26.804467715162655],[-48.60301854214574,-26.804466100055457],[-48.603022947799246,-26.80446510081088],[-48.603027019628264,-26.8044632386196],[-48.60304497633701,-26.80445148654983],[-48.603066033646655,-26.804445797065167],[-48.60307167182262,-26.804445008202684],[-48.60310358566575,-26.80444431246382],[-48.603127102495286,-26.80444169673618],[-48.603169875757274,-26.80441908483242],[-48.60317718803609,-26.804417115088086],[-48.60319291725554,-26.804415639846905],[-48.60320186684194,-26.804412326165938],[-48.6032162335282,-26.80439674118194],[-48.60322749949018,-26.804388963693125],[-48.60323980335979,-26.8043820430264],[-48.60325055593759,-26.80436424908322],[-48.60326624597545,-26.80435077108058],[-48.60327599145982,-26.804344998263765],[-48.6032802142537,-26.804344564433737],[-48.603291850956474,-26.804346412938244],[-48.60331168473066,-26.80435299355409],[-48.6033409125529,-26.804348516279106],[-48.603365032929936,-26.804343501290436],[-48.603412101446395,-26.804337566449743],[-48.60342801614542,-26.804338269137755],[-48.60343404884175,-26.80433784790706],[-48.603450267954905,-26.80434176833765],[-48.60345754855118,-26.804339391955963],[-48.60346902238874,-26.80432985826225],[-48.603487093020924,-26.80431985874298],[-48.60354140443668,-26.80429851599477],[-48.6035569541065,-26.804277843350025],[-48.60357365337473,-26.80426371461639],[-48.60360571749822,-26.80424009099525],[-48.603625106574604,-26.80422478052403],[-48.60363064042606,-26.804221300681412],[-48.60363933335181,-26.80421823530046],[-48.603642643039855,-26.804216269942817],[-48.60365814617795,-26.804203546754884],[-48.60367035154329,-26.804201307903078],[-48.60367640357746,-26.804201401364438],[-48.60367906949603,-26.8042003997102],[-48.603681108351246,-26.80419669824676],[-48.60368510069343,-26.804192876453392],[-48.603685748882356,-26.804175922067113],[-48.60368655350208,-26.804173526250032],[-48.6036941097055,-26.804165216645465],[-48.60369911721877,-26.80415568172038],[-48.60371198231073,-26.804143112384274],[-48.60372465697953,-26.80412572996135],[-48.6037231198839,-26.804110832167584],[-48.603718155151654,-26.80409011893678],[-48.60372110522418,-26.804082778130436],[-48.60372436029147,-26.804077193169782],[-48.603726690105816,-26.80407400198369],[-48.603729028069786,-26.804072814292283],[-48.60373677410295,-26.804073171063585],[-48.603766358593674,-26.804079943801046],[-48.60378080592267,-26.804079646994143],[-48.603792575394536,-26.804077572208328],[-48.60379520052985,-26.804076118654628],[-48.60379893357553,-26.804072193201456],[-48.603810356323095,-26.804067477497103],[-48.603827082816174,-26.804064963246088],[-48.60383372435985,-26.804065238140932],[-48.60384256521261,-26.804064223728847],[-48.60388680742095,-26.804053042966526],[-48.60388969297118,-26.804057378287784],[-48.60390687693888,-26.804069933046435],[-48.6039199910143,-26.80407804218766],[-48.60393167454426,-26.80408770632827],[-48.60393790771074,-26.80409114177327],[-48.60394650785937,-26.804094400716828],[-48.60398085441731,-26.80409087629194],[-48.60401087917775,-26.80408962495754],[-48.604031732853194,-26.804095049603905],[-48.60406338940607,-26.804101324939612],[-48.60409087154685,-26.804102385836664],[-48.604098198967314,-26.80410543371585],[-48.60411055605975,-26.804112717851943],[-48.60411490004794,-26.80411417209164],[-48.60415049886214,-26.80411661572967],[-48.60418335854773,-26.804116847192777],[-48.60421927051373,-26.80411109318006],[-48.60425507664412,-26.804110372831556],[-48.60428693520917,-26.804107997395853],[-48.60429163882312,-26.804106696334312],[-48.60430104945937,-26.8041010621602],[-48.60431189158098,-26.804091436481176],[-48.60432544001595,-26.80408223563099],[-48.604347601100905,-26.80406421962231],[-48.604358263984736,-26.804060727314624],[-48.60437722543584,-26.80405809742345],[-48.60438345025496,-26.80405571214295],[-48.604391718078695,-26.804050383484448],[-48.60441278223918,-26.804030489923687],[-48.604415094745406,-26.80401759749018],[-48.60441803908801,-26.804012440409867],[-48.60443149019319,-26.80400069309559],[-48.60444724527819,-26.803981242077267],[-48.60446305026847,-26.803969462414234],[-48.604518364545186,-26.803943931002983],[-48.6045472890775,-26.803926606995507],[-48.604561574762535,-26.80392060411945],[-48.60457738925073,-26.80391650414038],[-48.60460154725492,-26.803913998278887],[-48.60460567803125,-26.803912200206444],[-48.60460680944422,-26.8039100445422],[-48.60461187687872,-26.803875170828814],[-48.604611136936924,-26.803872577401556],[-48.604607228431824,-26.803867629185163],[-48.60462554301746,-26.803858454836636],[-48.60463268356899,-26.803853648529092],[-48.604664865152586,-26.803828727162728],[-48.60467104192451,-26.80381858030059],[-48.60468860080867,-26.803771681297842],[-48.60470650514765,-26.80373705193685],[-48.60472446386634,-26.80369457249705],[-48.604724539724266,-26.80369239896482],[-48.60471971696421,-26.803685016808632],[-48.604715408782994,-26.80367516172553],[-48.604714730827546,-26.803666270502614],[-48.604716786125515,-26.803659871084182],[-48.604725453531636,-26.80365084024823],[-48.60476181301752,-26.803622352845995],[-48.60477271081739,-26.803612466369373],[-48.604777412880104,-26.803609802619782],[-48.60478965098933,-26.803608872720464],[-48.60480507603006,-26.80360607462089],[-48.60480663952212,-26.803604413571144],[-48.604806938219,-26.803597858081314],[-48.60481242818878,-26.80359407062552],[-48.60480081666068,-26.80357810892912],[-48.60479810898655,-26.80357152962642],[-48.60479817795984,-26.803561071822404],[-48.604801901308875,-26.803532726868774],[-48.60479596992054,-26.803501060053964],[-48.604794975924534,-26.803487109966593],[-48.604798638827546,-26.803468338596048],[-48.60480151481783,-26.80345782001319],[-48.60481222336609,-26.803429665481314],[-48.60482038639589,-26.803392958105146],[-48.6048246893117,-26.803354741532104],[-48.60482449954507,-26.803341761614856],[-48.604825482796215,-26.803337563986112],[-48.60482682436827,-26.803309620900144],[-48.60483632928399,-26.80329184179588],[-48.60483818313104,-26.803285457013352],[-48.6048341785164,-26.803260681153063],[-48.604835494071416,-26.803255505517885],[-48.604822488394475,-26.8032312360721],[-48.604815809598485,-26.80321407643977],[-48.60480765885835,-26.803188003121136],[-48.604796274727775,-26.803163138453748],[-48.60477767603138,-26.80312842365664],[-48.60476353121393,-26.80310811456887],[-48.60474556916637,-26.803085692391022],[-48.60471945334363,-26.80306174248261],[-48.60468472682233,-26.80303599540546],[-48.6046678238312,-26.803025863967346],[-48.60465012630357,-26.80301765024324],[-48.604608472526834,-26.80299948347971],[-48.604562546517535,-26.802981713642463],[-48.60453195788507,-26.802968661336436],[-48.60448656926965,-26.80295498850482],[-48.604471072215304,-26.802952605502146],[-48.60443642686837,-26.802950268344066],[-48.60441590058397,-26.80295032695727],[-48.60438148362568,-26.802952911804578],[-48.60435883410693,-26.80295016405742],[-48.60429504097398,-26.80294516763688],[-48.60423221520072,-26.802943905507394],[-48.6042205717863,-26.802940468725488],[-48.604200786739334,-26.80293062233483],[-48.6041722565553,-26.802937809834873],[-48.60416399524963,-26.80293852726347],[-48.60415427799362,-26.802937225708966],[-48.604149015071386,-26.80293547616671],[-48.604144027556345,-26.802932585222162],[-48.60413777547405,-26.802927660486574],[-48.604137546532876,-26.802925156925937],[-48.60412963118926,-26.802920420609812],[-48.604113293505414,-26.802914016621713],[-48.60410044470955,-26.802907644628],[-48.60408873130376,-26.802892709906413],[-48.6040834350005,-26.802889200090952],[-48.604071747780495,-26.802883542619128],[-48.60406881616047,-26.802882834223194],[-48.6040434509008,-26.80288585198803],[-48.60402737099769,-26.80288488488225],[-48.60400464848043,-26.80288034906534],[-48.60397805431684,-26.802868158398105],[-48.60396418944539,-26.80285941389074],[-48.60394005784106,-26.80285254402828],[-48.603936004485256,-26.802849704990123],[-48.60393580741401,-26.80284712075179],[-48.60393805070357,-26.80284230375154],[-48.60395052848458,-26.802827101803015],[-48.603956215704095,-26.80281871541236],[-48.6039601795341,-26.80281576846576],[-48.60397264232372,-26.80281036646812],[-48.60397606804489,-26.802808141364782],[-48.60398141934751,-26.80277651214627],[-48.603987118511526,-26.802767557436002],[-48.60399080218901,-26.80276502085514],[-48.60399529805466,-26.80276355384888],[-48.604021395052456,-26.802757778071896],[-48.60403722873198,-26.802743670708285],[-48.60404129384214,-26.802737819703392],[-48.60404604690099,-26.80272890311685],[-48.6040478943339,-26.802727607847903],[-48.604064990487636,-26.80272089457135],[-48.60408549699635,-26.80271651311297],[-48.60409719557408,-26.80271541170017],[-48.60411374432317,-26.80270986228688],[-48.60413530617035,-26.80269881180614],[-48.604146755314865,-26.8026918765766],[-48.604175870181784,-26.80267170422617],[-48.6042076767022,-26.80264595540313],[-48.60423693473653,-26.80261945052134],[-48.60426686305301,-26.802587371041692],[-48.60430680083692,-26.802546518087926],[-48.60431931837192,-26.80253276966069],[-48.60432435155559,-26.80252583409043],[-48.6043403438934,-26.802502741337964],[-48.60434859260144,-26.802488270904703],[-48.60436498300466,-26.802451026021895],[-48.60436124637725,-26.802439817961748],[-48.60436505098433,-26.802419569042954],[-48.60436439639899,-26.802414351036763],[-48.604366065871545,-26.802402864503726],[-48.60436635602306,-26.802389062491027],[-48.60436481292848,-26.802363443925866],[-48.604352018784745,-26.802352082536288],[-48.60432470917438,-26.802318438485127],[-48.604317716618425,-26.802310947393455],[-48.60429542661126,-26.8022920615536],[-48.60429306004212,-26.802290785184052],[-48.604258984039404,-26.802261376206566],[-48.60424831560953,-26.802255095285425],[-48.60424318300965,-26.80224858321188],[-48.60423462812171,-26.802242699035624],[-48.60423355342174,-26.802240244325784],[-48.60423408393061,-26.802236535363978],[-48.60424603886455,-26.80222323764789],[-48.604251087409395,-26.802219397617332],[-48.604258052803424,-26.802216700005452],[-48.60427936871832,-26.802203948796244],[-48.60428467142993,-26.802201890821454],[-48.60430343568493,-26.80219858077601],[-48.6043314288935,-26.802190617097676],[-48.604355078958086,-26.802186902451467],[-48.604370142663164,-26.802182149060165],[-48.604389589544645,-26.802177460842035],[-48.60440170990086,-26.80217638458922],[-48.60441617084112,-26.802176864011116],[-48.60442759926175,-26.80217473826762],[-48.60445002007905,-26.802178790624495],[-48.60446000719148,-26.80218208203328],[-48.60447227209239,-26.80218369741322],[-48.60448601608809,-26.802188622614292],[-48.60452482628394,-26.802195659629078],[-48.60454029213949,-26.802199522050962],[-48.60455316459238,-26.80220524466519],[-48.60456461996997,-26.80220709901029],[-48.60457546157075,-26.802210404875005],[-48.60458856524237,-26.80221660967907],[-48.60459404495847,-26.802221918382468],[-48.6045977906808,-26.80222838892075],[-48.60460036988241,-26.80223055324966],[-48.604604480891695,-26.80223256302416],[-48.604608802054706,-26.80223366491813],[-48.60461195747458,-26.802233772473375],[-48.604615145322406,-26.80223281572955],[-48.604627472156395,-26.802218089436458],[-48.60463721849921,-26.802207957869143],[-48.60465426026167,-26.802195693751568],[-48.60467130488335,-26.80218616399305],[-48.60467354719488,-26.802183783478462],[-48.60467453252686,-26.80217996489889],[-48.60468060300267,-26.802173434908905],[-48.60467706567328,-26.80215848521291],[-48.60467058895188,-26.802141283875425],[-48.60466722026087,-26.802128836719056],[-48.60466485093048,-26.802111425155356],[-48.604662476900415,-26.802100456744547],[-48.60466167205918,-26.802062677116094],[-48.60465794672973,-26.802041840501484],[-48.604653763172735,-26.802024623833077],[-48.60465170412431,-26.802002976177494],[-48.60464617696208,-26.80199227024067],[-48.60463960806888,-26.801974670280085],[-48.604636771120944,-26.801945059194317],[-48.604626995196035,-26.801922152903515],[-48.60462787545171,-26.80191902740395],[-48.60463302085537,-26.801909142827157],[-48.604635117114626,-26.80190701251656],[-48.604637078905505,-26.801906495250066],[-48.6046472420044,-26.801907632855254],[-48.604713802490444,-26.80193882787332],[-48.60473626290065,-26.801940516529683],[-48.60476375433742,-26.80193297742649],[-48.60476851379265,-26.80192949344828],[-48.60479050192003,-26.801907242094224],[-48.60484502839556,-26.801889954246352],[-48.60485442194884,-26.801886079440866],[-48.60490757443919,-26.801850431268473],[-48.604920570994885,-26.801843070950973],[-48.604934645669694,-26.801837524681535],[-48.60495052217936,-26.801825195681783],[-48.60496484866107,-26.801811495851222],[-48.60498293611548,-26.801791578869672],[-48.60498660473022,-26.801786406957024],[-48.604995793587754,-26.80176021198696],[-48.604996153353106,-26.80175553454849],[-48.60499493084611,-26.801749106722095],[-48.60499744713098,-26.801737517194418],[-48.605001844072945,-26.801730706190106],[-48.6050192276901,-26.801736144140225],[-48.60502406762206,-26.801739835703327],[-48.605027126536015,-26.801745013180412],[-48.60502883062136,-26.801751015997993],[-48.6050283379021,-26.801756277755466],[-48.60502721317128,-26.801759552531163],[-48.6050256743652,-26.801760997423607],[-48.60502641319777,-26.80176651465071],[-48.60502824565539,-26.801768801696387],[-48.60504009635997,-26.801778640028562],[-48.60504726395507,-26.8017811527243],[-48.60505859825638,-26.801779675072122],[-48.6050752086807,-26.801775967504184],[-48.605081073906724,-26.801771545669087],[-48.60510534856654,-26.801759638520807],[-48.60512042682736,-26.80175801666684],[-48.60513856303357,-26.80175922599406],[-48.6051518576178,-26.801758738065928],[-48.605174332516256,-26.801752079569177],[-48.60518993255702,-26.801749555099544],[-48.60520926205029,-26.801755233510626],[-48.60521337761048,-26.801757505044193],[-48.60522574114693,-26.801762081943313],[-48.60523016286614,-26.80176653347444],[-48.605232677060435,-26.80177274852977],[-48.6052352210059,-26.8017765907403],[-48.605242173385264,-26.801784081108522],[-48.60525337512196,-26.801784126276637],[-48.605282088218786,-26.80177970302083],[-48.60532020734912,-26.80177033126007],[-48.60534638921038,-26.80176289621748],[-48.60538487979957,-26.801760253707265],[-48.60540419326384,-26.801757602541254],[-48.60541557342425,-26.80173910611092],[-48.60544655929008,-26.801743294209167],[-48.60545710459246,-26.80174538575737],[-48.60547797317488,-26.801741948721745],[-48.60549688808145,-26.801735771384976],[-48.60552376727041,-26.801722428272225],[-48.60555658513722,-26.801709781227675],[-48.605567468938325,-26.80170724911152],[-48.60558722092607,-26.801705264101603],[-48.605599584345796,-26.80170123193767],[-48.605609838004696,-26.801695666069904],[-48.60561343772186,-26.801689464221777],[-48.60561948221747,-26.80168847456907],[-48.605622828983485,-26.801687132452027],[-48.60562584397423,-26.80168339332462],[-48.605637564273806,-26.80168364576649],[-48.60564482551621,-26.801682180371216],[-48.60565788552568,-26.801673232807403],[-48.605663730612626,-26.801668332326543],[-48.6056740055704,-26.80165457289542],[-48.60568595135562,-26.801652708475263],[-48.60569420683371,-26.80164939190159],[-48.60569875344589,-26.801646463785552],[-48.60570949220128,-26.801635996985176],[-48.605713661548684,-26.801632836882348],[-48.605723003252464,-26.80162759849413],[-48.605736122111814,-26.801622550346472],[-48.60574693231864,-26.80162064866055],[-48.605760567155976,-26.801619760344348],[-48.60578325883863,-26.80161570436738],[-48.605805313245,-26.801613261950557],[-48.60581850881187,-26.801613178369806],[-48.605831889949165,-26.801617185862767],[-48.605842910922924,-26.801617697180525],[-48.60585215323867,-26.801612881236593],[-48.60586413216656,-26.80160848157823],[-48.60587440653779,-26.801606236924215],[-48.6058978455589,-26.801603944254733],[-48.605932152290436,-26.801591268161523],[-48.60595429377804,-26.801579893294836],[-48.605963429270915,-26.801573460214904],[-48.605974575188846,-26.801571374683288],[-48.60598601523431,-26.801566298111613],[-48.60601083462458,-26.80155047451414],[-48.60604249429815,-26.80154029842181],[-48.60605320732331,-26.801535362956404],[-48.606062397258086,-26.801529688818384],[-48.60607368524884,-26.801518446178527],[-48.60610587921901,-26.801498632302142],[-48.60611295301675,-26.801495557413947],[-48.60614231368397,-26.801487589420077],[-48.606151223557816,-26.801486630164565],[-48.606157940223454,-26.801484758467982],[-48.606168562642765,-26.801483178441366],[-48.60619562096921,-26.801480450614388],[-48.606207525082766,-26.801482483873148],[-48.60623023877887,-26.801471633015588],[-48.60624597290247,-26.80146176504252],[-48.60625988667224,-26.801458129031662],[-48.606279018178626,-26.80145551978534],[-48.60633673478612,-26.801457732324657],[-48.60635734307701,-26.80145471488712],[-48.60636138460012,-26.801453330357955],[-48.606369395414035,-26.801452085157603],[-48.60638874591877,-26.801446230908976],[-48.606400667137585,-26.801441225609498],[-48.606410954621126,-26.80143261009215],[-48.60641393657985,-26.801429005749625],[-48.60642189779358,-26.801406661261503],[-48.606425862045626,-26.80139363427922],[-48.606425831823145,-26.80139076409064],[-48.60641933053053,-26.80137950931541],[-48.60640951258446,-26.801366727508587],[-48.60640533259617,-26.80135076529502],[-48.60640113820073,-26.80134362844931],[-48.60638886439904,-26.80133190604949],[-48.606379640083794,-26.801325333867357],[-48.60636578320771,-26.801310462336772],[-48.60636037889664,-26.801303476484502],[-48.60634410861294,-26.80126178950102],[-48.606341378628606,-26.801251961155746],[-48.606340609070855,-26.80124072210609],[-48.60634249199382,-26.80122528657316],[-48.60634708280659,-26.801206846680767],[-48.606347393407646,-26.801203070818435],[-48.60634042066097,-26.80116830017444],[-48.60633819893124,-26.801163958080302],[-48.60631586284255,-26.801152525713764],[-48.60629362439145,-26.801138838959734],[-48.60622881437545,-26.801090853292422],[-48.606185375540406,-26.801060501299325],[-48.60616176374528,-26.80103942759606],[-48.60613872862708,-26.801021540141864],[-48.606096515061466,-26.800997489652175],[-48.606074970669496,-26.80098331827884],[-48.60604704627371,-26.800968876544786],[-48.60602133981825,-26.800959435602238],[-48.60597426915957,-26.80094448046731],[-48.60593396799962,-26.80093423312259],[-48.605915205343955,-26.80092886220102],[-48.60590629410833,-26.800925580074345],[-48.60588492054676,-26.800916203382624],[-48.605852174131115,-26.800900091789003],[-48.60584006819134,-26.800893308390968],[-48.60578262385313,-26.800856131723645],[-48.60573410147627,-26.800826993075727],[-48.60565156599549,-26.800760668025163],[-48.605573936808874,-26.80070397348103],[-48.60553575496074,-26.800679972999202],[-48.60550691379907,-26.80066274524286],[-48.60548194573251,-26.800644969371245],[-48.60546897185233,-26.800634507457538],[-48.60543304013281,-26.800611104518346],[-48.60538877472307,-26.800579908091592],[-48.60537009515136,-26.800568672816667],[-48.60533370587097,-26.80055077586109],[-48.605231644793484,-26.800503928181637],[-48.60520202726553,-26.80049110905802],[-48.60514962923042,-26.800474619652174],[-48.605123822066126,-26.800465194898994],[-48.60511027965365,-26.800458820292906],[-48.605078283440086,-26.800441954174268],[-48.60505636715753,-26.800428263666273],[-48.60500800344979,-26.800391114035982],[-48.6049914082437,-26.80037975155324],[-48.60496762809303,-26.800366706300455],[-48.60492393621814,-26.800347467402926],[-48.60744015210834,-26.799976866708448],[-48.607475814449515,-26.799973354584672],[-48.60722841791861,-26.80085398063895],[-48.60720531347469,-26.800952900730707],[-48.60719397111447,-26.801012241250344],[-48.60718725392497,-26.801052934866537],[-48.60717907924878,-26.801111796517407],[-48.60717277697957,-26.80116960692812],[-48.60716871033663,-26.801219604130964],[-48.607166372265425,-26.80125959570987],[-48.60716486788847,-26.80130250715961],[-48.60716474355684,-26.801331896700233],[-48.607165840273204,-26.801372099764688],[-48.60716840999749,-26.801412553338427],[-48.6071708353354,-26.80143833120985],[-48.60717502773322,-26.80147286530771],[-48.607180317201376,-26.801507354785752],[-48.60718548491208,-26.80153566968931],[-48.607190333451484,-26.80155907006095],[-48.60719749962411,-26.801589431138694],[-48.607206455817774,-26.801622186807894],[-48.60721815842271,-26.80165920318866],[-48.607229672923374,-26.801691289204726],[-48.60724358896036,-26.801725861368066],[-48.60727744003702,-26.801797146914904],[-48.607469609105365,-26.802234773165754],[-48.60749448292165,-26.802292515064874],[-48.60751705914329,-26.802341383478204],[-48.60754459919881,-26.80239714903701],[-48.60756592903688,-26.802437847568775],[-48.60782571891576,-26.802949260969296],[-48.607863889709556,-26.803024147863997],[-48.60789906853133,-26.803085872089603],[-48.607948816025925,-26.803164031887633],[-48.60799259907462,-26.80323266061978],[-48.60803021742001,-26.803298902030317],[-48.608058235507954,-26.803353953655012],[-48.608089134139355,-26.803422211170098],[-48.60812092230937,-26.803504146273887],[-48.608141971140356,-26.80356831179126],[-48.60816522920093,-26.803649398826202],[-48.608189091121005,-26.803743400595156],[-48.608210293722244,-26.80384048879285],[-48.60822190894539,-26.80390181468408],[-48.6082332871515,-26.8039806614624],[-48.60824936127021,-26.80409211063478],[-48.60830730151191,-26.804678802171892],[-48.60830058616682,-26.804757740197324],[-48.608342855859924,-26.80517543335565],[-48.60835470016712,-26.805272805548956],[-48.608409283951616,-26.80572142500188],[-48.60841759603546,-26.805770521478227],[-48.608428245695784,-26.80580790802371],[-48.608442563185456,-26.805844472192387],[-48.60845556296142,-26.805870509983283],[-48.60847306914545,-26.80590081113913],[-48.60849391767854,-26.80593046489782],[-48.60853014106328,-26.80597218208004],[-48.60883096017805,-26.806315075670547],[-48.60940213115223,-26.806969258231877],[-48.60946748443741,-26.807058672663025],[-48.60951039743702,-26.807132448127142],[-48.609526234009564,-26.80716469725356],[-48.60954097891854,-26.807200086388264],[-48.60954740183947,-26.807222295036695],[-48.60955218106651,-26.80724663268829],[-48.609555061308484,-26.807281911623818],[-48.60955882568148,-26.807338322003876],[-48.6095649828537,-26.807385180136837],[-48.609572942380794,-26.807423306269516],[-48.609585718705745,-26.807469121132613],[-48.60960243309005,-26.80751561616477],[-48.60962428953311,-26.807564363858095],[-48.60968074021296,-26.80767212731933],[-48.6097240157506,-26.80774781295136],[-48.609755344301725,-26.807795673836726],[-48.609777308032854,-26.807824452880883],[-48.60980695120493,-26.80785869491752],[-48.609837449898095,-26.807889549295854],[-48.60985992492778,-26.807911695191688],[-48.609891570262164,-26.807945898839687],[-48.60993664121406,-26.808002167701382],[-48.60997293749132,-26.808056284975155],[-48.60999854292547,-26.808101314826526],[-48.61002273909486,-26.808151681215367],[-48.61013137665199,-26.80849046889308],[-48.61016385733907,-26.80861047016831],[-48.61019294499523,-26.80872682251825],[-48.61020600024626,-26.808782370082447],[-48.61022240624866,-26.808855571331268],[-48.610238778584886,-26.808952911610817],[-48.6102430052815,-26.809000242470805],[-48.60939799130726,-26.80900027122593],[-48.60939566917372,-26.808995909425843]]]}},{"type":"Feature","properties":{"territorial_code":"MUQ","id":74,"geopenha_layer":48,"geopenha_gid":83,"layerClass":"MUQ"},"geometry":{"type":"Polygon","coordinates":[[[-48.609364455952594,-26.799396590742464],[-48.609346722399586,-26.79928607014454],[-48.60878476270272,-26.799355402511534],[-48.60880895537094,-26.799509844552407],[-48.60843924347096,-26.799551055550666],[-48.60841035513915,-26.79955427631004],[-48.6083163924222,-26.799564753738583],[-48.607998338426725,-26.799600212806368],[-48.607987936200885,-26.799601372567462],[-48.607967274840206,-26.79943828182103],[-48.607899637557836,-26.79934917120462],[-48.60785594996508,-26.799182632067705],[-48.60813843491195,-26.799148593551024],[-48.608434156884755,-26.799112955263965],[-48.6086433891955,-26.799087739797926],[-48.608850504360966,-26.799062777020573],[-48.609059000435124,-26.79903765678045],[-48.60925394643068,-26.799011792959263],[-48.611315077890694,-26.798723728691513],[-48.61148006524657,-26.79869790658489],[-48.611438074966465,-26.79851203108174],[-48.61140782279903,-26.798375932436723],[-48.61134335270291,-26.798106799586215],[-48.611301893226376,-26.797934000001803],[-48.61124892557789,-26.79784537310077],[-48.6112137330641,-26.79766912374716],[-48.611172628080574,-26.797460711735155],[-48.610978870467825,-26.797493348497362],[-48.61097561099375,-26.797475181980403],[-48.61085719207153,-26.797492955024794],[-48.61074579433451,-26.79750966432823],[-48.61061652097582,-26.797528589507788],[-48.61049583246021,-26.797547172199437],[-48.61038390983676,-26.79756397161621],[-48.610264139024615,-26.7975819469331],[-48.6101455183134,-26.797599743034873],[-48.61002837032543,-26.79761732025157],[-48.60991034740409,-26.797632021935318],[-48.60979722655686,-26.797646012178603],[-48.609666754299816,-26.797662154833304],[-48.60953724001739,-26.797678169159003],[-48.60941806970858,-26.79769291421498],[-48.609303519685135,-26.79771175296237],[-48.60919093041059,-26.79773059766386],[-48.609089384167845,-26.79774696669709],[-48.60896778259225,-26.79776543336856],[-48.60884143952844,-26.797784622977215],[-48.608734152925095,-26.797800912816445],[-48.60861457756807,-26.797817220542168],[-48.608484009893864,-26.79783502091804],[-48.60836613901185,-26.79785108650614],[-48.60828651960806,-26.797861941722765],[-48.60816710555927,-26.797878224716577],[-48.60806832509021,-26.79789168884374],[-48.60794965733077,-26.797907866948993],[-48.60782644134604,-26.797924662938716],[-48.60767423140793,-26.797945417642797],[-48.607581804297,-26.797958014206415],[-48.60746311613814,-26.797974200575172],[-48.60731827824794,-26.79799394246701],[-48.60730149653589,-26.7979085971248],[-48.607284216282864,-26.79781969686187],[-48.607264223548306,-26.797716781356325],[-48.60725853333934,-26.79767551698629],[-48.60728508317623,-26.797596851107453],[-48.60726096678201,-26.79744894366792],[-48.60745347844961,-26.797421082817923],[-48.60759736521539,-26.79740254293209],[-48.607726159533385,-26.797386806986633],[-48.6078446219994,-26.79737271917648],[-48.60796543326218,-26.79735835511649],[-48.60808475259393,-26.797344164269568],[-48.60822226821836,-26.797327808200507],[-48.60830699935822,-26.7973177342408],[-48.60829358184967,-26.79723305044544],[-48.60857399373968,-26.797233357805275],[-48.608764540561005,-26.797215244120125],[-48.60890382097641,-26.797201994428256],[-48.609020480362176,-26.797190916294458],[-48.609142641733975,-26.797179290289353],[-48.60924122503491,-26.797169919010077],[-48.609359416114245,-26.79715868598258],[-48.60947208564247,-26.797147973239074],[-48.60959375306604,-26.797136401665462],[-48.60972518387093,-26.797123911972598],[-48.60983987722515,-26.797108757127187],[-48.60995817058302,-26.797093121528995],[-48.610078067152585,-26.79707727827315],[-48.61019977878803,-26.797061194835997],[-48.61031576779955,-26.797038914337787],[-48.61043583568512,-26.797015854334777],[-48.61055115833026,-26.796993697750683],[-48.61065000332884,-26.79697471013325],[-48.61075855111644,-26.79695385579906],[-48.61087502651991,-26.796932828375855],[-48.610864179868166,-26.796897153243656],[-48.611002068596896,-26.79686631693269],[-48.610950196000864,-26.79676337805338],[-48.60884947215165,-26.797048928963747],[-48.60783346409415,-26.79717655306618],[-48.607714368538076,-26.79719063017659],[-48.60758915378899,-26.797205433972515],[-48.60747070343061,-26.797219431538874],[-48.60737777411525,-26.797232506812918],[-48.60723743188015,-26.79725226149878],[-48.60711023132829,-26.79727016267185],[-48.60709726308031,-26.797136819161867],[-48.60708453504369,-26.797005925256],[-48.60707678335849,-26.796925867302818],[-48.607150156863064,-26.796832652014423],[-48.60712420733896,-26.79669399941467],[-48.60710691868801,-26.796601678838424],[-48.60709606181137,-26.79657565011954],[-48.60706724344502,-26.7965065974029],[-48.607021909949616,-26.79639795626216],[-48.60697876514033,-26.7962976272603],[-48.60693698171941,-26.796200470694],[-48.60690143951756,-26.796117849258824],[-48.60686461908508,-26.796043427205035],[-48.60682512147243,-26.796003125309284],[-48.60691744255423,-26.79594233840741],[-48.606833870773876,-26.795804317804844],[-48.606545218972435,-26.795990685760863],[-48.60647115757355,-26.795902602991124],[-48.60642230015646,-26.79584449147603],[-48.60658297650227,-26.7958265071815],[-48.60668373380442,-26.795746587501263],[-48.60665322627742,-26.79560905797829],[-48.60691160241973,-26.79557293532409],[-48.60709812046777,-26.795546859510416],[-48.6069411296812,-26.79526716388568],[-48.60683075358175,-26.795070529456993],[-48.60669626517212,-26.795086989631915],[-48.60658689859785,-26.795100923579604],[-48.60648040557019,-26.79511449092282],[-48.60636985907035,-26.795128585229897],[-48.60625451334498,-26.795143284120595],[-48.606045540021086,-26.795169908539506],[-48.60588138395356,-26.795190829424794],[-48.605872053923875,-26.795106963622054],[-48.60586795430734,-26.79505271329867],[-48.60608944856312,-26.79501834160172],[-48.60611583901417,-26.79501382465887],[-48.606113377248256,-26.79500032801841],[-48.6143074854823,-26.79500005570378],[-48.61429423134157,-26.795040450142665],[-48.614315387490045,-26.795268730449862],[-48.61433085418165,-26.795497393138486],[-48.614337066735615,-26.79558925571268],[-48.61430718992331,-26.79559555637077],[-48.61460215257325,-26.798299533460995],[-48.614942545654245,-26.79825496932315],[-48.61491102046979,-26.79788876928323],[-48.61486930038188,-26.797404270909666],[-48.614841665268735,-26.797083329491045],[-48.614827094565605,-26.79691416031234],[-48.61481287992006,-26.796749121181772],[-48.6147998158004,-26.79659733991046],[-48.61478548764686,-26.79643099938006],[-48.614771267165224,-26.796265761611615],[-48.61475720546652,-26.79610254793299],[-48.61474332435343,-26.79594127749406],[-48.61472937681185,-26.79577933814379],[-48.61470882922902,-26.79561804559674],[-48.61468845422601,-26.79545811860633],[-48.61466751855468,-26.79529375129105],[-48.61465307058815,-26.795124015628126],[-48.614642451742455,-26.79500003392511],[-48.615000003357196,-26.7950000038759],[-48.61500002327033,-26.798585717529033],[-48.61448963585621,-26.798652196973627],[-48.61442710778782,-26.798660347701485],[-48.61439665561987,-26.798664310401026],[-48.61433233508754,-26.798671618696932],[-48.61427340888028,-26.79867631966485],[-48.61423662270421,-26.798678298530266],[-48.614175638299784,-26.798679959711475],[-48.61412884953225,-26.798679865829854],[-48.61407885011421,-26.798678463447043],[-48.61400333684855,-26.79867377928209],[-48.6139373778132,-26.798667126447302],[-48.61388797900702,-26.798660572294953],[-48.61384223601558,-26.798653276610086],[-48.613803377848534,-26.798646151133948],[-48.61376210564198,-26.79863761327147],[-48.6136987161145,-26.798622547998193],[-48.6136370165764,-26.798605534898314],[-48.61357079329973,-26.798584610221063],[-48.61353812916502,-26.79857270703707],[-48.61351003607951,-26.79856101628567],[-48.61348760682138,-26.798550657345306],[-48.613471713202415,-26.79854273684428],[-48.61345880317413,-26.798535922480315],[-48.61343341208507,-26.798521497831125],[-48.61342274776997,-26.79851501010606],[-48.613405648645035,-26.798505111024436],[-48.61339641270306,-26.79850052441183],[-48.613384454769296,-26.79849530532678],[-48.613374687263615,-26.79849161216643],[-48.613355823814146,-26.798485771277825],[-48.613343066046646,-26.798482731575803],[-48.613325180578585,-26.7984796505237],[-48.613308051057466,-26.79847792681898],[-48.61328449926776,-26.798477475508335],[-48.61326552793426,-26.798478707740106],[-48.613247858401174,-26.798481162137637],[-48.613224002876876,-26.798486571406915],[-48.61320666078093,-26.79849211758808],[-48.61319501094304,-26.79849667686197],[-48.61318181163369,-26.798502717040872],[-48.613171307666164,-26.798508261223457],[-48.61316126747354,-26.798514228338448],[-48.613148343028534,-26.79852298942529],[-48.61313976807774,-26.798529576844658],[-48.613134630492596,-26.79853384887624],[-48.61312797948901,-26.798539800952792],[-48.61312359753838,-26.798544004509935],[-48.61311963151699,-26.798548034598046],[-48.61311639168922,-26.798551481337785],[-48.61311161285912,-26.79855686939192],[-48.613119463448484,-26.798545495971258],[-48.61312278905477,-26.798540354133706],[-48.6131257543231,-26.798535612306807],[-48.61312988169961,-26.79852867915626],[-48.61313529460724,-26.798518943119724],[-48.61314119879144,-26.798507356388654],[-48.6131513919209,-26.798484002274353],[-48.61305891659184,-26.79850225977288],[-48.61289227297841,-26.798535166868277],[-48.612769820772094,-26.798543813180167],[-48.61264569663433,-26.798552584593462],[-48.612527524446875,-26.798568134185743],[-48.61240848326603,-26.798582441730723],[-48.61229151891908,-26.798596495438034],[-48.61216633512223,-26.798616483637637],[-48.6120487456875,-26.798639731245533],[-48.611933721258644,-26.798662462534626],[-48.61194114623088,-26.798691086138014],[-48.61177690394659,-26.798713988507455],[-48.611702856242374,-26.798728152257294],[-48.61172476911999,-26.79882217483137],[-48.6117396894394,-26.798886137221867],[-48.61176802558347,-26.79900763847765],[-48.61114312413557,-26.799090555437868],[-48.61064583891619,-26.799159777704013],[-48.6103297131584,-26.79922037086013],[-48.61018680025499,-26.79925759184124],[-48.610025361340156,-26.79930980479946],[-48.60987107320883,-26.799368680843784],[-48.60973937651447,-26.799427288522075],[-48.60959270225248,-26.79950526161593],[-48.609453100153964,-26.799593163262266],[-48.60940151553266,-26.799627531258913],[-48.609364455952594,-26.799396590742464]]]}},{"type":"Feature","properties":{"territorial_code":"MUQ","id":76,"geopenha_layer":48,"geopenha_gid":159,"layerClass":"MUQ"},"geometry":{"type":"Polygon","coordinates":[[[-48.610238778584886,-26.808952911610817],[-48.61022240624866,-26.808855571331268],[-48.61020600024626,-26.808782370082447],[-48.61019294499523,-26.80872682251825],[-48.61016385733907,-26.80861047016831],[-48.61013137665199,-26.80849046889308],[-48.61002273909486,-26.808151681215367],[-48.60999854292547,-26.808101314826526],[-48.60997293749132,-26.808056284975155],[-48.60993664121406,-26.808002167701382],[-48.609891570262164,-26.807945898839687],[-48.60985992492778,-26.807911695191688],[-48.609837449898095,-26.807889549295854],[-48.60980695120493,-26.80785869491752],[-48.609777308032854,-26.807824452880883],[-48.609755344301725,-26.807795673836726],[-48.6097240157506,-26.80774781295136],[-48.60968074021296,-26.80767212731933],[-48.60962428953311,-26.807564363858095],[-48.60960243309005,-26.80751561616477],[-48.609585718705745,-26.807469121132613],[-48.609572942380794,-26.807423306269516],[-48.6095649828537,-26.807385180136837],[-48.60955882568148,-26.807338322003876],[-48.609555061308484,-26.807281911623818],[-48.60955218106651,-26.80724663268829],[-48.60954740183947,-26.807222295036695],[-48.60954097891854,-26.807200086388264],[-48.609526234009564,-26.80716469725356],[-48.60951039743702,-26.807132448127142],[-48.60946748443741,-26.807058672663025],[-48.60940213115223,-26.806969258231877],[-48.60883096017805,-26.806315075670547],[-48.60853014106328,-26.80597218208004],[-48.60849391767854,-26.80593046489782],[-48.60847306914545,-26.80590081113913],[-48.60845556296142,-26.805870509983283],[-48.608442563185456,-26.805844472192387],[-48.608428245695784,-26.80580790802371],[-48.60841759603546,-26.805770521478227],[-48.608409283951616,-26.80572142500188],[-48.60835470016712,-26.805272805548956],[-48.608342855859924,-26.80517543335565],[-48.60830058616682,-26.804757740197324],[-48.60830730151191,-26.804678802171892],[-48.60824936127021,-26.80409211063478],[-48.6082332871515,-26.8039806614624],[-48.608517560749796,-26.803941030977487],[-48.60853799991195,-26.804054864080946],[-48.60889584689928,-26.804005647197844],[-48.60903676387738,-26.803988129953616],[-48.60918570041994,-26.80396703913096],[-48.60942206869477,-26.80393201193228],[-48.60957074488481,-26.803910862153057],[-48.60977683409961,-26.80388153148313],[-48.60999775659256,-26.803848841367756],[-48.61015633668786,-26.803825367562492],[-48.61028083703008,-26.80380564966513],[-48.610413312187085,-26.80378688751845],[-48.61059359770187,-26.803760359578067],[-48.610753612284846,-26.80373944509897],[-48.610725881590575,-26.803563664593565],[-48.61087705143401,-26.80353962265329],[-48.61091003869186,-26.803718433761063],[-48.61106024690296,-26.803698057255147],[-48.61135321027815,-26.80365831499652],[-48.61150233911496,-26.803638091252086],[-48.611583574881315,-26.803627072187762],[-48.611561680841184,-26.80352397161676],[-48.6118581318324,-26.803470380909065],[-48.61187746744043,-26.803574169229222],[-48.61188531556808,-26.803572054655653],[-48.61194108878111,-26.803738562157488],[-48.61200478291126,-26.803831827845634],[-48.61201765232608,-26.80384780120297],[-48.61206794813863,-26.80407126698791],[-48.61187413034679,-26.80409568238279],[-48.61198624289363,-26.80482206109901],[-48.61188608209921,-26.804832011966102],[-48.611686761050294,-26.804855034682237],[-48.61147492935774,-26.80487950638967],[-48.61139641292631,-26.804888369352042],[-48.611161011756764,-26.80491556509264],[-48.61091324103104,-26.804944193995027],[-48.61081485672766,-26.804955744288076],[-48.61061704661771,-26.80498007241292],[-48.61040376990043,-26.80500629584888],[-48.61032735388557,-26.805015699030093],[-48.610177083052186,-26.80503417853079],[-48.610039294528896,-26.805051118002517],[-48.609961929328435,-26.805064538748077],[-48.60977854860066,-26.80508845965133],[-48.60917115355628,-26.80516838603978],[-48.60920387664746,-26.805343854004292],[-48.60879495624806,-26.805407053135397],[-48.60880797224922,-26.805519055203458],[-48.60881768385372,-26.80560306267009],[-48.608840446853996,-26.805795950443542],[-48.60885006280766,-26.80588260036651],[-48.60854766551278,-26.8059077029277],[-48.60864155169188,-26.80603816344098],[-48.6088010079724,-26.806229462790185],[-48.60952023154584,-26.80704911381416],[-48.60960880788216,-26.807213216333917],[-48.61027646551607,-26.807123621775037],[-48.61028693858923,-26.807343987954685],[-48.60964958499897,-26.807433859804085],[-48.609662093272476,-26.80756003920516],[-48.609729135525846,-26.807703672083715],[-48.6114070655413,-26.80730503803673],[-48.61147976103368,-26.807750443159495],[-48.6115061503034,-26.807912096139795],[-48.61206585686183,-26.807827980545188],[-48.612092584369634,-26.80802247807595],[-48.612303905112,-26.807993873070807],[-48.61248980839336,-26.80797024434128],[-48.612682509615,-26.80793991681652],[-48.612699327928844,-26.808027590543187],[-48.61263418369032,-26.808034595120038],[-48.61267030417373,-26.808151877919705],[-48.61266547943761,-26.808210787451035],[-48.612675293086866,-26.80833805832315],[-48.61245256991311,-26.808366056343488],[-48.61225670908404,-26.808390672048144],[-48.61204388762595,-26.808417428737446],[-48.61183281080404,-26.808443952846638],[-48.61172281033942,-26.80845778018143],[-48.61161127720959,-26.808471798137912],[-48.61129666317543,-26.808511337231568],[-48.61143789049146,-26.809000204516188],[-48.6102430052815,-26.809000242470805],[-48.610238778584886,-26.808952911610817]]]}},{"type":"Feature","properties":{"territorial_code":"MUQ","id":84,"geopenha_layer":48,"geopenha_gid":72,"layerClass":"MUQ"},"geometry":{"type":"Polygon","coordinates":[[[-48.61384421842466,-26.805576798534595],[-48.613827024925385,-26.805474833309624],[-48.61381094012033,-26.805379474420956],[-48.613650052481766,-26.80521101443027],[-48.6135907486501,-26.805220617719584],[-48.6135213491737,-26.805235925454973],[-48.613445116011434,-26.80505702613197],[-48.613469211593376,-26.804952355112498],[-48.61344633357435,-26.80480827746492],[-48.61339001342065,-26.804815638861818],[-48.61326388039131,-26.804832128353773],[-48.61321747744809,-26.80466130333332],[-48.61322457213112,-26.804546328782678],[-48.61320052046523,-26.804413168601844],[-48.613053546706894,-26.80443177000769],[-48.613019524517796,-26.804248907979577],[-48.61301059736911,-26.80419643528399],[-48.61317487976134,-26.804175833712147],[-48.61316410393219,-26.804123275696227],[-48.61313846206988,-26.803946492936515],[-48.6132323818443,-26.803934387387322],[-48.61319219491539,-26.80374431938794],[-48.613343299821956,-26.80371088856441],[-48.613315460478624,-26.80355018592117],[-48.61329144308529,-26.80341154865377],[-48.6150000299225,-26.803215734070264],[-48.61500002709581,-26.805473103911137],[-48.61495740402579,-26.805479974844086],[-48.61470887005692,-26.80552004920036],[-48.614598519460884,-26.80553633663384],[-48.61440124103486,-26.805572229948723],[-48.61418017823651,-26.805612459659915],[-48.61406658381635,-26.80563140825197],[-48.61385942669557,-26.805666953743078],[-48.61384421842466,-26.805576798534595]]]}},{"type":"Feature","properties":{"territorial_code":"MUQ","id":159,"geopenha_layer":48,"geopenha_gid":153,"layerClass":"MUQ"},"geometry":{"type":"Polygon","coordinates":[[[-48.60736198527029,-26.79902031204247],[-48.60719370128037,-26.799042166075335],[-48.60715652642375,-26.798964940588494],[-48.60730524811502,-26.79894563457745],[-48.607272031116636,-26.79872203214185],[-48.60705326973356,-26.798750432439146],[-48.60703527296708,-26.798703807200894],[-48.60713622118149,-26.79869058804448],[-48.606896092699934,-26.79814369838627],[-48.60687599844572,-26.798054254180776],[-48.60731827824794,-26.79799394246701],[-48.60746311613814,-26.797974200575172],[-48.607581804297,-26.797958014206415],[-48.60767423140793,-26.797945417642797],[-48.60782644134604,-26.797924662938716],[-48.60794965733077,-26.797907866948993],[-48.60806832509021,-26.79789168884374],[-48.60816710555927,-26.797878224716577],[-48.60828651960806,-26.797861941722765],[-48.60836613901185,-26.79785108650614],[-48.608484009893864,-26.79783502091804],[-48.60861457756807,-26.797817220542168],[-48.608734152925095,-26.797800912816445],[-48.60884143952844,-26.797784622977215],[-48.60896778259225,-26.79776543336856],[-48.609089384167845,-26.79774696669709],[-48.60919093041059,-26.79773059766386],[-48.609303519685135,-26.79771175296237],[-48.60941806970858,-26.79769291421498],[-48.60953724001739,-26.797678169159003],[-48.609666754299816,-26.797662154833304],[-48.60979722655686,-26.797646012178603],[-48.60991034740409,-26.797632021935318],[-48.61002837032543,-26.79761732025157],[-48.6101455183134,-26.797599743034873],[-48.610264139024615,-26.7975819469331],[-48.61038390983676,-26.79756397161621],[-48.61049583246021,-26.797547172199437],[-48.61061652097582,-26.797528589507788],[-48.61074579433451,-26.79750966432823],[-48.61085719207153,-26.797492955024794],[-48.61097561099375,-26.797475181980403],[-48.610978870467825,-26.797493348497362],[-48.611172628080574,-26.797460711735155],[-48.6112137330641,-26.79766912374716],[-48.61124892557789,-26.79784537310077],[-48.611301893226376,-26.797934000001803],[-48.61134335270291,-26.798106799586215],[-48.61140782279903,-26.798375932436723],[-48.611438074966465,-26.79851203108174],[-48.61148006524657,-26.79869790658489],[-48.611315077890694,-26.798723728691513],[-48.60925394643068,-26.799011792959263],[-48.609059000435124,-26.79903765678045],[-48.608850504360966,-26.799062777020573],[-48.6086433891955,-26.799087739797926],[-48.608434156884755,-26.799112955263965],[-48.60813843491195,-26.799148593551024],[-48.60785594996508,-26.799182632067705],[-48.60778348539899,-26.799192245236732],[-48.60765497376081,-26.79920926733793],[-48.607524848772144,-26.799226496674994],[-48.607395540656576,-26.799243613361778],[-48.60736198527029,-26.79902031204247]]]}},{"type":"Feature","properties":{"territorial_code":"ZECA","id":143,"geopenha_layer":48,"geopenha_gid":163,"layerClass":"ZECA"},"geometry":{"type":"Polygon","coordinates":[[[-48.598004527131785,-26.80892392209469],[-48.59791147443796,-26.808764447678147],[-48.597795211858276,-26.808459453567533],[-48.59782361643986,-26.80815257490062],[-48.597870308614795,-26.80801861970129],[-48.59789832492782,-26.807890402601803],[-48.59792687373962,-26.807736448766644],[-48.597945023400975,-26.807517164359695],[-48.597951048292046,-26.807479915875902],[-48.59795423482121,-26.807438486168454],[-48.59796712485498,-26.80740140836978],[-48.5979643715074,-26.807339293847573],[-48.5979167178281,-26.807283717597983],[-48.59788142255158,-26.80722105063605],[-48.59788342320053,-26.80712616005931],[-48.59787743469107,-26.807023833355743],[-48.59785058019686,-26.80694670868301],[-48.59779510151462,-26.80687639856127],[-48.59774760197081,-26.806813524382797],[-48.597676088254495,-26.806731995753882],[-48.59760027260908,-26.806661331266845],[-48.59750104839246,-26.806542820567],[-48.59740014141882,-26.806504595741046],[-48.597311120880434,-26.806481182699468],[-48.597186882769726,-26.806391449052185],[-48.59711490798785,-26.806331813831914],[-48.59710923821772,-26.806214882515782],[-48.59711476206507,-26.806145608053004],[-48.59713288517885,-26.806058291782755],[-48.597163818174295,-26.805941991039024],[-48.59720203741542,-26.80586597126145],[-48.597265127144354,-26.805768463255593],[-48.59728285517406,-26.805699396003902],[-48.597288609802185,-26.80561917018202],[-48.59726144817718,-26.80555664120353],[-48.59724334280615,-26.805450463004515],[-48.597273285123094,-26.805381603148508],[-48.59733207211819,-26.805294977292096],[-48.597430671064075,-26.8051397583474],[-48.59745935548793,-26.805037542043596],[-48.59749884290741,-26.80490373527454],[-48.59747061224303,-26.80469302142019],[-48.59772529897335,-26.804629772802837],[-48.59841960322945,-26.80445733067066],[-48.59990056055318,-26.804216236360993],[-48.5996374964428,-26.80322645845433],[-48.59933689367669,-26.802803894754135],[-48.599001497706816,-26.802448655666566],[-48.59828571289478,-26.802404636446386],[-48.59733212483219,-26.802678412082667],[-48.59704782119198,-26.802760035737233],[-48.59697477116993,-26.802751494806436],[-48.59683633205132,-26.80275644442896],[-48.596758902886926,-26.80276243002074],[-48.59666943368389,-26.802760910595083],[-48.596527539100926,-26.802736590210046],[-48.59638542345787,-26.80272323021443],[-48.59628052592128,-26.802681282217787],[-48.59620417460401,-26.80263617330525],[-48.59616190359209,-26.802518629261005],[-48.59612284713477,-26.802441297061595],[-48.596113491879564,-26.802306047352033],[-48.59610305862026,-26.80222190086291],[-48.59610859273402,-26.802152626602524],[-48.596180891414576,-26.802004162899564],[-48.596219571564745,-26.801906249653307],[-48.59622556757871,-26.801815072707168],[-48.59621513425077,-26.801730926218454],[-48.596159658906174,-26.801660615644902],[-48.596035041767415,-26.801589130560338],[-48.596000023568465,-26.801569702403324],[-48.59600000194481,-26.79500000018794],[-48.6038466886887,-26.795000317377674],[-48.60384914031175,-26.795011891730915],[-48.60385172652456,-26.795050071525427],[-48.60385398055858,-26.795070089128075],[-48.60385792841777,-26.795079369606864],[-48.603867940749346,-26.795093869436517],[-48.60387943242826,-26.79510400857717],[-48.60390709987855,-26.795123896895234],[-48.60393630933136,-26.79515127427519],[-48.603951064190966,-26.795166910206703],[-48.60396531572931,-26.795189747904164],[-48.60397551341915,-26.795210739221346],[-48.60398090813953,-26.795238733183044],[-48.60398252471417,-26.795253677451242],[-48.603982195558565,-26.79527172918273],[-48.60398315015615,-26.795276546184436],[-48.6039862250018,-26.7952833482918],[-48.60398083072296,-26.79530221669483],[-48.6039969932984,-26.795320728080497],[-48.603994225231894,-26.795331383852474],[-48.60399281002938,-26.795342261056653],[-48.60398747944522,-26.795355707030044],[-48.60398670697998,-26.795361361113393],[-48.60398682652993,-26.795372895987484],[-48.6039847053813,-26.795380043295722],[-48.603980600727894,-26.795384919040433],[-48.60394490614934,-26.795410123834674],[-48.603941514606085,-26.795411212487195],[-48.603934647111,-26.795411664752493],[-48.60392140883498,-26.795409987762717],[-48.60391514181732,-26.795411533088938],[-48.60390953274975,-26.795415264370572],[-48.60390264209623,-26.795411556114086],[-48.60389163994348,-26.795409700396682],[-48.6038731482065,-26.795409188823424],[-48.60386411875047,-26.79541059714109],[-48.603836409030315,-26.79541089509535],[-48.60382276905278,-26.795409671527057],[-48.60380905718459,-26.795406127536726],[-48.60379542290589,-26.795407024734914],[-48.60378606703383,-26.795406740007596],[-48.603768931023126,-26.795410619055524],[-48.60375845710102,-26.795413771643343],[-48.60375424090602,-26.79541582093719],[-48.60374043085719,-26.795431776441443],[-48.60373778204337,-26.795436758042744],[-48.60373608536849,-26.795451934991714],[-48.60373968125988,-26.79547556691914],[-48.603739240737845,-26.79549604425548],[-48.60373462722915,-26.795508861643366],[-48.60372408980063,-26.795525558384618],[-48.603720378539634,-26.795546639109283],[-48.603715327290566,-26.795561623902646],[-48.60369913525688,-26.795583738657324],[-48.60369733993251,-26.7955930843418],[-48.60369375760638,-26.795603726320284],[-48.60368098480496,-26.795624870208737],[-48.60367458976068,-26.79563059153189],[-48.60366493345633,-26.795635030357545],[-48.60365640071779,-26.795640553053282],[-48.60364599885931,-26.79565079982395],[-48.60363947465833,-26.79565979472068],[-48.603637282930904,-26.79566886296853],[-48.60363832723149,-26.79567610898359],[-48.603645649216105,-26.79569421805581],[-48.603652773754526,-26.79570832609176],[-48.60365508728964,-26.795718815212748],[-48.6036546006261,-26.795724266576702],[-48.60364739687495,-26.795741191209704],[-48.60364451952175,-26.795754173349444],[-48.603646104549235,-26.795759614667567],[-48.6036539981658,-26.79576918755905],[-48.60365575881843,-26.79577297140916],[-48.60365607501632,-26.795786152003764],[-48.6036624834096,-26.79580801769738],[-48.60366818357178,-26.795816696158873],[-48.6036782820258,-26.79582423082641],[-48.60368594880896,-26.79583263576222],[-48.60368975294613,-26.7958564065777],[-48.60369183508774,-26.795863074570345],[-48.60369354927486,-26.795866677150645],[-48.603701295537014,-26.795877519948615],[-48.603708538063174,-26.795891756317875],[-48.603722866121174,-26.795935829131995],[-48.6037354278179,-26.795967779695598],[-48.60374032306583,-26.795978393741255],[-48.603747837386294,-26.795991181824164],[-48.60375489043213,-26.795999125159423],[-48.603762993643294,-26.79600590411147],[-48.60377739312853,-26.796015009595642],[-48.60381244058709,-26.796035907247486],[-48.603841879482864,-26.79604903040047],[-48.60386787751672,-26.796065109359027],[-48.60387504360537,-26.796070545892135],[-48.60388495396557,-26.796082246514143],[-48.60389758979133,-26.796092495267867],[-48.60390506694396,-26.796100833814013],[-48.603932320051484,-26.796127528347306],[-48.60394401081258,-26.796142552916116],[-48.603954721749616,-26.796152525427733],[-48.60397375368838,-26.796175660632535],[-48.60398952625397,-26.79619790141444],[-48.603996883364864,-26.79620668913113],[-48.60400027514048,-26.796209417693134],[-48.60400111157503,-26.796212680542464],[-48.604009116207116,-26.796222715527012],[-48.604033111191946,-26.796261853321095],[-48.60403972238642,-26.796275510468032],[-48.60404273638807,-26.796284730014122],[-48.6040458706776,-26.796301622114374],[-48.60404465953322,-26.79631140182685],[-48.60403987419428,-26.79632665283228],[-48.604039763285385,-26.796335278031446],[-48.60404248462407,-26.79634215537142],[-48.60404606360674,-26.796345545863705],[-48.6040507727931,-26.796347791374092],[-48.60407105930017,-26.79635047203413],[-48.60407401237934,-26.796351586871715],[-48.60408086784102,-26.7963598426928],[-48.60410388259138,-26.79638151119899],[-48.60411149862037,-26.79639137716596],[-48.60411746097088,-26.796401937071],[-48.60412310561942,-26.79640991069418],[-48.6041369756837,-26.79642602796362],[-48.60414582111099,-26.796433857235773],[-48.60417132427305,-26.79645339303681],[-48.604193840035386,-26.796472490227895],[-48.60424688749149,-26.796527361530934],[-48.6042690826083,-26.796553582353894],[-48.60431864550707,-26.796619232643152],[-48.60433134087521,-26.79664004963759],[-48.604351777748114,-26.796679118136208],[-48.60437535563262,-26.79671275311978],[-48.604390903188495,-26.796731831605683],[-48.60441214168703,-26.796755726037894],[-48.60445238608164,-26.79679395663875],[-48.60447254558008,-26.79681560383792],[-48.60448810587219,-26.79683455619199],[-48.604501506868296,-26.79685768627187],[-48.60450374991225,-26.796864835257722],[-48.604505214580605,-26.796873135183617],[-48.60450675674,-26.79689353779276],[-48.60450644632533,-26.79690113086486],[-48.604503527349095,-26.796919445586003],[-48.60449886017958,-26.796932424524442],[-48.60448814140192,-26.79695057113614],[-48.60447043387989,-26.796974456127245],[-48.60446073789175,-26.796984606611293],[-48.604447732604285,-26.79699288723116],[-48.60442675527785,-26.79699866859382],[-48.60435837225978,-26.79701030738318],[-48.60433678554414,-26.797017811052232],[-48.60432564595771,-26.79702248651142],[-48.60429034415267,-26.797030416788505],[-48.60426700925692,-26.797034019500156],[-48.60425792791075,-26.79703789054816],[-48.60425045377722,-26.79703992982803],[-48.60424196454755,-26.797040986342186],[-48.60422130845866,-26.797040573527617],[-48.60421402909203,-26.797039565943486],[-48.60416781227316,-26.79702426377929],[-48.60414306636525,-26.797011752546684],[-48.60411377114512,-26.79699847846563],[-48.604087412153824,-26.796987600359262],[-48.60408336279523,-26.796986972315104],[-48.60407296837663,-26.79698729268536],[-48.604052370095594,-26.796975997714604],[-48.604037457060514,-26.796969789331264],[-48.604009629333184,-26.7969627667271],[-48.60395963560371,-26.79695253529436],[-48.60393435338576,-26.79694592575805],[-48.60391417829816,-26.79694224528041],[-48.60389778380135,-26.79693619228568],[-48.60389268218265,-26.796935393011807],[-48.603886298988556,-26.796932415272604],[-48.60386380240119,-26.796928190134665],[-48.60381207158896,-26.79692836114566],[-48.60379154999327,-26.79692537866719],[-48.60377894730037,-26.796922160264607],[-48.60375029569147,-26.796911757659128],[-48.603742517706856,-26.796909595544115],[-48.60373785705955,-26.796907432061758],[-48.60370234965936,-26.796912227335426],[-48.60369418476255,-26.796912206411655],[-48.603677866908,-26.796905856893275],[-48.60363808121499,-26.796898911506865],[-48.60361778532685,-26.796890455174267],[-48.60359936371823,-26.796888031623805],[-48.603594051576735,-26.796887679981722],[-48.603589368745155,-26.796888485059924],[-48.6035857702307,-26.79689128478294],[-48.603582202443256,-26.796895971070615],[-48.60357867808733,-26.796898591566325],[-48.603578217963346,-26.796903736557557],[-48.60357879360081,-26.79690888103757],[-48.60358078319201,-26.796913733613238],[-48.603590675952155,-26.79693105599584],[-48.60359083471577,-26.796948376001573],[-48.60359302156466,-26.79695915175041],[-48.60360370467271,-26.796984798743626],[-48.603607675142655,-26.797003049604008],[-48.60361335259934,-26.79701854993191],[-48.603615355475455,-26.79702898867252],[-48.60361722273444,-26.797032485556088],[-48.60362196475331,-26.797037474974932],[-48.60362958704077,-26.797051347789747],[-48.60363319922159,-26.797054116189393],[-48.60363987128348,-26.797064399357243],[-48.603652217006484,-26.797080797685318],[-48.603656614974554,-26.797084933009156],[-48.60366958449807,-26.797091270961207],[-48.60367173208333,-26.79709339189749],[-48.603679316451846,-26.797110503733027],[-48.60368715914068,-26.79712345981487],[-48.60369083411385,-26.79713232959264],[-48.60370734339639,-26.797152534401672],[-48.603716151880725,-26.797172644925855],[-48.603715111199804,-26.79718101072927],[-48.60371223494137,-26.79719346046127],[-48.60370898239755,-26.79721328556602],[-48.60370799708738,-26.797215191025035],[-48.60369611738631,-26.7972215865357],[-48.60367516998036,-26.79724650848237],[-48.60366022641913,-26.797257535642142],[-48.60364349715596,-26.79727266562037],[-48.60363854935072,-26.797278898743023],[-48.603633557165075,-26.797287242761914],[-48.60362843505421,-26.797291722250513],[-48.60362593013906,-26.797293204917846],[-48.60360983073869,-26.797297507568615],[-48.60360918056481,-26.797298299708295],[-48.60360362165902,-26.797313510522155],[-48.60360081841847,-26.7973478359928],[-48.60359702169835,-26.79736962816542],[-48.60359479958565,-26.797395922969933],[-48.60359256286028,-26.79740760745092],[-48.60358587847177,-26.797433303301272],[-48.60356238435693,-26.797477475709275],[-48.603546365157,-26.797512876880464],[-48.60353107597083,-26.797553253684423],[-48.603522592761266,-26.797583196512406],[-48.60351150011784,-26.79761146178727],[-48.603499247842876,-26.7976499227466],[-48.60349427118145,-26.79765848360099],[-48.60347960502367,-26.79767687912895],[-48.60346935296992,-26.797693860415485],[-48.603442491989114,-26.79772837410759],[-48.60344434882011,-26.797732367144317],[-48.603443946156005,-26.79773430051506],[-48.603422241643464,-26.797752658073435],[-48.6034150525082,-26.79776313969776],[-48.60338556216115,-26.797787835715962],[-48.60337328370122,-26.797795018566706],[-48.603359616125665,-26.79779987673942],[-48.60331755961876,-26.79780813455898],[-48.60328786804655,-26.797815618123565],[-48.60327596229177,-26.797815596993555],[-48.60327026337583,-26.797816420949143],[-48.60326253255574,-26.797819186781215],[-48.60325616429856,-26.797822670545155],[-48.603242108829704,-26.79783354123479],[-48.60323132054348,-26.79784876273853],[-48.603224517164314,-26.797860026959942],[-48.60320478411355,-26.79789844242029],[-48.6031686033793,-26.79792328678918],[-48.60315747029149,-26.79793003780973],[-48.603150634499,-26.79793280074413],[-48.60313729237517,-26.79793557080653],[-48.60311495568351,-26.797937601973636],[-48.60307446311993,-26.797942736780588],[-48.60303710365001,-26.79794999116383],[-48.60300607797371,-26.797944881454875],[-48.60297134760947,-26.797926578882258],[-48.60295992115595,-26.79792241474152],[-48.60294745475392,-26.797919406124127],[-48.60294076199677,-26.79791680211168],[-48.60292683254083,-26.797907812785894],[-48.60291481225547,-26.79790176156459],[-48.60290629870206,-26.79789871160223],[-48.60289320469886,-26.79789542162673],[-48.6028816337129,-26.79789334863077],[-48.60284911909799,-26.79790070306964],[-48.60283534227171,-26.797901191659356],[-48.602833390214975,-26.79790220539622],[-48.6028330063164,-26.79790420225141],[-48.602835296519686,-26.79790767021147],[-48.60284043779543,-26.797910888664383],[-48.60285276382131,-26.79791674653933],[-48.60286543656685,-26.797921419100163],[-48.60290854730564,-26.79794527811402],[-48.60291722984111,-26.797950812574886],[-48.602925417145556,-26.797958378101665],[-48.60293610081703,-26.797971084542887],[-48.60295901756146,-26.797995503937553],[-48.60298270553118,-26.7980143324041],[-48.603000529209915,-26.7980303723571],[-48.603012119341976,-26.798037751858494],[-48.60303852267226,-26.798042223787693],[-48.60305871816502,-26.798054983021682],[-48.60306444135443,-26.798057787187922],[-48.60309711335324,-26.798067815847098],[-48.603103625170526,-26.798072808183726],[-48.60311511723856,-26.79808437321424],[-48.60313943286664,-26.79810204817292],[-48.60317088555831,-26.798100721855107],[-48.60318684148466,-26.798103248100617],[-48.60320438569249,-26.798103409846068],[-48.60320824256936,-26.79810458512961],[-48.60321747896374,-26.79810912727383],[-48.60322939307074,-26.79811640395521],[-48.60323632178147,-26.798122612579924],[-48.60324201253222,-26.798129828991385],[-48.60324723290202,-26.79813932956697],[-48.603250719718254,-26.79814758252764],[-48.60325247505686,-26.79815783659678],[-48.60325038371984,-26.79817934178836],[-48.60324430916223,-26.798206157909732],[-48.603244705182064,-26.79820788822564],[-48.60325777452034,-26.798229568937487],[-48.60325917521112,-26.7982303867811],[-48.6032637037046,-26.798231663678113],[-48.60326718638247,-26.798229592959448],[-48.60328480539009,-26.79821185208112],[-48.6032907004677,-26.79820170049343],[-48.603295470992926,-26.798196727763234],[-48.60330699522194,-26.79817950633704],[-48.6033095056647,-26.79817680551222],[-48.60331981182037,-26.79817016681529],[-48.60332967832197,-26.79816530745104],[-48.60336256114364,-26.798154313388846],[-48.603369559298926,-26.79815243755919],[-48.603387582809695,-26.798150369413285],[-48.60338940134061,-26.798149488769724],[-48.60339150627377,-26.79814598695282],[-48.60339393233313,-26.79813151722633],[-48.603396482798495,-26.798125478147824],[-48.6033997924975,-26.798121590645454],[-48.60341244672922,-26.798110885720835],[-48.603423127666574,-26.79809694381309],[-48.60342560623701,-26.7980967150591],[-48.603427216888285,-26.798098068880282],[-48.60342856408972,-26.79810095234326],[-48.603432050899784,-26.798122118836403],[-48.60343524830422,-26.798125484835783],[-48.603499407379694,-26.798151207121272],[-48.6035170748757,-26.798160331881697],[-48.60353602073452,-26.79816509255626],[-48.6035574648895,-26.798177295320816],[-48.60355972268872,-26.798177523057284],[-48.60356609057854,-26.798175970438983],[-48.60357733955659,-26.798169925231218],[-48.60358000570935,-26.79817034036433],[-48.60359229292337,-26.798180917143277],[-48.60360626097147,-26.798195249348815],[-48.603612654278365,-26.798208749416144],[-48.60362202802143,-26.798235457136478],[-48.60363168664636,-26.798249571987245],[-48.60364061619085,-26.79825962265619],[-48.60364923013247,-26.79827607511695],[-48.60366994922582,-26.79829550294586],[-48.603692510563846,-26.79831053111333],[-48.6037038955508,-26.79831619250225],[-48.6037170689121,-26.798319537894432],[-48.603731245423056,-26.79832012986026],[-48.603757564067074,-26.798317633593058],[-48.60376202220295,-26.798317952724936],[-48.603764025284214,-26.798319773417685],[-48.60376812856985,-26.79833314446563],[-48.60377403444826,-26.798340174993104],[-48.603813742909836,-26.79836134109582],[-48.6038264028606,-26.798370453232764],[-48.60385672297876,-26.798389520185893],[-48.60386119401814,-26.798391139008814],[-48.603866599548276,-26.79839183514255],[-48.603920413576745,-26.798391139916625],[-48.60392647119026,-26.79839382337353],[-48.603958252723565,-26.798413212843833],[-48.60396483857029,-26.798418034938088],[-48.60397336339995,-26.7984258136781],[-48.60398799913819,-26.798434219271254],[-48.60399365163518,-26.79843990992865],[-48.60399668634013,-26.798446233078778],[-48.604019514678235,-26.79847917862828],[-48.60403950900423,-26.798510126984187],[-48.60404222431393,-26.798516814716077],[-48.604049290860935,-26.798541344634483],[-48.604061189670276,-26.798589536426014],[-48.60406601147296,-26.798606041981987],[-48.60407535178284,-26.798633868104837],[-48.6040905162776,-26.798672134483603],[-48.604111196072346,-26.79873936244007],[-48.60412034214755,-26.79880513176637],[-48.60413685567042,-26.798905994340572],[-48.60413899973072,-26.798962819526576],[-48.604137649961906,-26.798987802558855],[-48.60413790018627,-26.79900029619946],[-48.6041423243377,-26.799031414122652],[-48.604144913750204,-26.799044570027554],[-48.60416049848192,-26.79909537804018],[-48.60416314845679,-26.799166406756015],[-48.604156943995015,-26.799209933422755],[-48.604141825594354,-26.79924026931196],[-48.604128531761354,-26.79925987029235],[-48.60410949265509,-26.799279626686353],[-48.60408401086447,-26.799301142005312],[-48.60403975870843,-26.799346370823436],[-48.603999088216554,-26.79938529824668],[-48.603984166588944,-26.79940100932314],[-48.60395636850299,-26.799421727374494],[-48.603952428694186,-26.79942353769367],[-48.60393282677468,-26.79944040583308],[-48.60392869047717,-26.799447257316437],[-48.6039246615487,-26.799462873052512],[-48.603925605165365,-26.79946869154695],[-48.60392863191911,-26.799473002182236],[-48.60394742762652,-26.79948778608456],[-48.603960951072104,-26.799492184187237],[-48.603971914758084,-26.799504976518577],[-48.60398350756614,-26.79951176040194],[-48.60399932205419,-26.79952389487543],[-48.60401122839824,-26.79953394177759],[-48.60403082662837,-26.79955216842758],[-48.6040557084733,-26.799563978121725],[-48.60406915876488,-26.799582858713602],[-48.60407496022589,-26.79959390320419],[-48.60408454144005,-26.799609316195276],[-48.60409316175623,-26.79961447052489],[-48.60410059796622,-26.799619983821913],[-48.60411335272804,-26.79963176868907],[-48.60411492889248,-26.799634286033307],[-48.60410369947706,-26.799686273482084],[-48.60409033119744,-26.799696018838773],[-48.604073320119035,-26.799706839565236],[-48.60400682563579,-26.79970031741336],[-48.60396397961107,-26.799709265907264],[-48.60396241749225,-26.799710385525632],[-48.60396809378031,-26.7997283403884],[-48.603972724652536,-26.799766843555474],[-48.60396719624141,-26.79981073359242],[-48.60396141133151,-26.79982425307274],[-48.60394165820944,-26.799862180979634],[-48.6039373790793,-26.799872477263396],[-48.60393406175558,-26.799876725612247],[-48.6039126169218,-26.79989849874434],[-48.60390902685139,-26.79990328392283],[-48.60390772837547,-26.79990764766831],[-48.60390807490535,-26.799909341048384],[-48.60391827710023,-26.799925351132654],[-48.603922493295826,-26.799935746124614],[-48.60392623967045,-26.799940745753922],[-48.60393215302474,-26.79994359823039],[-48.603939321614924,-26.799945100289747],[-48.603952757666136,-26.79994456973854],[-48.60396232121502,-26.79994169051795],[-48.60397324943654,-26.79993656031877],[-48.60398108508425,-26.79993168458196],[-48.603989645085996,-26.799928707152127],[-48.6040043469872,-26.799924886169226],[-48.60402070850898,-26.799923917835912],[-48.60403614918596,-26.799924657520904],[-48.604056831784774,-26.79992718248477],[-48.604066302979724,-26.79993108784299],[-48.604091601409316,-26.79993791424037],[-48.60410142102391,-26.799939596533427],[-48.60414611760107,-26.79994451332911],[-48.60418148787827,-26.79994245900748],[-48.604197662180475,-26.79993700248898],[-48.60420672877699,-26.799931452718823],[-48.60422949086746,-26.799919727653325],[-48.60425495933641,-26.799903157316095],[-48.60428213167469,-26.799901207844616],[-48.60432011668414,-26.79988957802023],[-48.604341040721515,-26.799889228330002],[-48.60435066837322,-26.799887604522414],[-48.60437772563491,-26.799895913527322],[-48.60439730000857,-26.799900450112958],[-48.60451112313263,-26.799916806353796],[-48.604560944821884,-26.799923325822576],[-48.6045713672104,-26.79992407977549],[-48.60459390388186,-26.799930254722],[-48.6046005129719,-26.79993397624013],[-48.604615965494745,-26.799944678709963],[-48.60464540662655,-26.799960139033647],[-48.60466195127332,-26.79997007488343],[-48.60468349074396,-26.799984941231074],[-48.60469395000033,-26.7999935107023],[-48.60471172150127,-26.800010145172944],[-48.60472490238599,-26.800023669836143],[-48.60475619322455,-26.800061171315996],[-48.604768415711945,-26.800074363910287],[-48.604786050408606,-26.800103729115573],[-48.60479660553436,-26.800119699995474],[-48.604804883659575,-26.80013491943123],[-48.60482816736091,-26.800166798706247],[-48.60485047219,-26.800199320173586],[-48.60485625117706,-26.80020952501143],[-48.60486381048876,-26.800227367327388],[-48.60486805966274,-26.80024481070541],[-48.60488484608359,-26.800301143716563],[-48.60488924396573,-26.80031868887632],[-48.604893258430955,-26.800326725129928],[-48.60490192704982,-26.80033532745239],[-48.604907218149876,-26.800339080797226],[-48.604916911720046,-26.800344370557863],[-48.60496762809303,-26.800366706300455],[-48.6049914082437,-26.80037975155324],[-48.60500800344979,-26.800391114035982],[-48.60505636715753,-26.800428263666273],[-48.605078283440086,-26.800441954174268],[-48.60511027965365,-26.800458820292906],[-48.605123822066126,-26.800465194898994],[-48.60514962923042,-26.800474619652174],[-48.60520202726553,-26.80049110905802],[-48.605231644793484,-26.800503928181637],[-48.60533370587097,-26.80055077586109],[-48.60537009515136,-26.800568672816667],[-48.60538877472307,-26.800579908091592],[-48.60543304013281,-26.800611104518346],[-48.60546897185233,-26.800634507457538],[-48.60548194573251,-26.800644969371245],[-48.60550691379907,-26.80066274524286],[-48.60553575496074,-26.800679972999202],[-48.605573936808874,-26.80070397348103],[-48.60565156599549,-26.800760668025163],[-48.60573410147627,-26.800826993075727],[-48.60578262385313,-26.800856131723645],[-48.60584006819134,-26.800893308390968],[-48.605852174131115,-26.800900091789003],[-48.60588492054676,-26.800916203382624],[-48.60590629410833,-26.800925580074345],[-48.605915205343955,-26.80092886220102],[-48.60593396799962,-26.80093423312259],[-48.60597426915957,-26.80094448046731],[-48.60602133981825,-26.800959435602238],[-48.60604704627371,-26.800968876544786],[-48.606074970669496,-26.80098331827884],[-48.606096515061466,-26.800997489652175],[-48.60613872862708,-26.801021540141864],[-48.60616176374528,-26.80103942759606],[-48.606185375540406,-26.801060501299325],[-48.60622881437545,-26.801090853292422],[-48.60629362439145,-26.801138838959734],[-48.60631586284255,-26.801152525713764],[-48.60633819893124,-26.801163958080302],[-48.60634042066097,-26.80116830017444],[-48.606347393407646,-26.801203070818435],[-48.60634708280659,-26.801206846680767],[-48.60634249199382,-26.80122528657316],[-48.606340609070855,-26.80124072210609],[-48.606341378628606,-26.801251961155746],[-48.60634410861294,-26.80126178950102],[-48.60636037889664,-26.801303476484502],[-48.60636578320771,-26.801310462336772],[-48.606379640083794,-26.801325333867357],[-48.60638886439904,-26.80133190604949],[-48.60640113820073,-26.80134362844931],[-48.60640533259617,-26.80135076529502],[-48.60640951258446,-26.801366727508587],[-48.60641933053053,-26.80137950931541],[-48.606425831823145,-26.80139076409064],[-48.606425862045626,-26.80139363427922],[-48.60642189779358,-26.801406661261503],[-48.60641393657985,-26.801429005749625],[-48.606410954621126,-26.80143261009215],[-48.606400667137585,-26.801441225609498],[-48.60638874591877,-26.801446230908976],[-48.606369395414035,-26.801452085157603],[-48.60636138460012,-26.801453330357955],[-48.60635734307701,-26.80145471488712],[-48.60633673478612,-26.801457732324657],[-48.606279018178626,-26.80145551978534],[-48.60625988667224,-26.801458129031662],[-48.60624597290247,-26.80146176504252],[-48.60623023877887,-26.801471633015588],[-48.606207525082766,-26.801482483873148],[-48.60619562096921,-26.801480450614388],[-48.606168562642765,-26.801483178441366],[-48.606157940223454,-26.801484758467982],[-48.606151223557816,-26.801486630164565],[-48.60614231368397,-26.801487589420077],[-48.60611295301675,-26.801495557413947],[-48.60610587921901,-26.801498632302142],[-48.60607368524884,-26.801518446178527],[-48.606062397258086,-26.801529688818384],[-48.60605320732331,-26.801535362956404],[-48.60604249429815,-26.80154029842181],[-48.60601083462458,-26.80155047451414],[-48.60598601523431,-26.801566298111613],[-48.605974575188846,-26.801571374683288],[-48.605963429270915,-26.801573460214904],[-48.60595429377804,-26.801579893294836],[-48.605932152290436,-26.801591268161523],[-48.6058978455589,-26.801603944254733],[-48.60587440653779,-26.801606236924215],[-48.60586413216656,-26.80160848157823],[-48.60585215323867,-26.801612881236593],[-48.605842910922924,-26.801617697180525],[-48.605831889949165,-26.801617185862767],[-48.60581850881187,-26.801613178369806],[-48.605805313245,-26.801613261950557],[-48.60578325883863,-26.80161570436738],[-48.605760567155976,-26.801619760344348],[-48.60574693231864,-26.80162064866055],[-48.605736122111814,-26.801622550346472],[-48.605723003252464,-26.80162759849413],[-48.605713661548684,-26.801632836882348],[-48.60570949220128,-26.801635996985176],[-48.60569875344589,-26.801646463785552],[-48.60569420683371,-26.80164939190159],[-48.60568595135562,-26.801652708475263],[-48.6056740055704,-26.80165457289542],[-48.605663730612626,-26.801668332326543],[-48.60565788552568,-26.801673232807403],[-48.60564482551621,-26.801682180371216],[-48.605637564273806,-26.80168364576649],[-48.60562584397423,-26.80168339332462],[-48.605622828983485,-26.801687132452027],[-48.60561948221747,-26.80168847456907],[-48.60561343772186,-26.801689464221777],[-48.605609838004696,-26.801695666069904],[-48.605599584345796,-26.80170123193767],[-48.60558722092607,-26.801705264101603],[-48.605567468938325,-26.80170724911152],[-48.60555658513722,-26.801709781227675],[-48.60552376727041,-26.801722428272225],[-48.60549688808145,-26.801735771384976],[-48.60547797317488,-26.801741948721745],[-48.60545710459246,-26.80174538575737],[-48.60544655929008,-26.801743294209167],[-48.60541557342425,-26.80173910611092],[-48.60540419326384,-26.801757602541254],[-48.60538487979957,-26.801760253707265],[-48.60534638921038,-26.80176289621748],[-48.60532020734912,-26.80177033126007],[-48.605282088218786,-26.80177970302083],[-48.60525337512196,-26.801784126276637],[-48.605242173385264,-26.801784081108522],[-48.6052352210059,-26.8017765907403],[-48.605232677060435,-26.80177274852977],[-48.60523016286614,-26.80176653347444],[-48.60522574114693,-26.801762081943313],[-48.60521337761048,-26.801757505044193],[-48.60520926205029,-26.801755233510626],[-48.60518993255702,-26.801749555099544],[-48.605174332516256,-26.801752079569177],[-48.6051518576178,-26.801758738065928],[-48.60513856303357,-26.80175922599406],[-48.60512042682736,-26.80175801666684],[-48.60510534856654,-26.801759638520807],[-48.605081073906724,-26.801771545669087],[-48.6050752086807,-26.801775967504184],[-48.60505859825638,-26.801779675072122],[-48.60504726395507,-26.8017811527243],[-48.60504009635997,-26.801778640028562],[-48.60502824565539,-26.801768801696387],[-48.60502641319777,-26.80176651465071],[-48.6050256743652,-26.801760997423607],[-48.60502721317128,-26.801759552531163],[-48.6050283379021,-26.801756277755466],[-48.60502883062136,-26.801751015997993],[-48.605027126536015,-26.801745013180412],[-48.60502406762206,-26.801739835703327],[-48.6050192276901,-26.801736144140225],[-48.605001844072945,-26.801730706190106],[-48.60499744713098,-26.801737517194418],[-48.60499493084611,-26.801749106722095],[-48.604996153353106,-26.80175553454849],[-48.604995793587754,-26.80176021198696],[-48.60498660473022,-26.801786406957024],[-48.60498293611548,-26.801791578869672],[-48.60496484866107,-26.801811495851222],[-48.60495052217936,-26.801825195681783],[-48.604934645669694,-26.801837524681535],[-48.604920570994885,-26.801843070950973],[-48.60490757443919,-26.801850431268473],[-48.60485442194884,-26.801886079440866],[-48.60484502839556,-26.801889954246352],[-48.60479050192003,-26.801907242094224],[-48.60476851379265,-26.80192949344828],[-48.60476375433742,-26.80193297742649],[-48.60473626290065,-26.801940516529683],[-48.604713802490444,-26.80193882787332],[-48.6046472420044,-26.801907632855254],[-48.604637078905505,-26.801906495250066],[-48.604635117114626,-26.80190701251656],[-48.60463302085537,-26.801909142827157],[-48.60462787545171,-26.80191902740395],[-48.604626995196035,-26.801922152903515],[-48.604636771120944,-26.801945059194317],[-48.60463960806888,-26.801974670280085],[-48.60464617696208,-26.80199227024067],[-48.60465170412431,-26.802002976177494],[-48.604653763172735,-26.802024623833077],[-48.60465794672973,-26.802041840501484],[-48.60466167205918,-26.802062677116094],[-48.604662476900415,-26.802100456744547],[-48.60466485093048,-26.802111425155356],[-48.60466722026087,-26.802128836719056],[-48.60467058895188,-26.802141283875425],[-48.60467706567328,-26.80215848521291],[-48.60468060300267,-26.802173434908905],[-48.60467453252686,-26.80217996489889],[-48.60467354719488,-26.802183783478462],[-48.60467130488335,-26.80218616399305],[-48.60465426026167,-26.802195693751568],[-48.60463721849921,-26.802207957869143],[-48.604627472156395,-26.802218089436458],[-48.604615145322406,-26.80223281572955],[-48.60461195747458,-26.802233772473375],[-48.604608802054706,-26.80223366491813],[-48.604604480891695,-26.80223256302416],[-48.60460036988241,-26.80223055324966],[-48.6045977906808,-26.80222838892075],[-48.60459404495847,-26.802221918382468],[-48.60458856524237,-26.80221660967907],[-48.60457546157075,-26.802210404875005],[-48.60456461996997,-26.80220709901029],[-48.60455316459238,-26.80220524466519],[-48.60454029213949,-26.802199522050962],[-48.60452482628394,-26.802195659629078],[-48.60448601608809,-26.802188622614292],[-48.60447227209239,-26.80218369741322],[-48.60446000719148,-26.80218208203328],[-48.60445002007905,-26.802178790624495],[-48.60442759926175,-26.80217473826762],[-48.60441617084112,-26.802176864011116],[-48.60440170990086,-26.80217638458922],[-48.604389589544645,-26.802177460842035],[-48.604370142663164,-26.802182149060165],[-48.604355078958086,-26.802186902451467],[-48.6043314288935,-26.802190617097676],[-48.60430343568493,-26.80219858077601],[-48.60428467142993,-26.802201890821454],[-48.60427936871832,-26.802203948796244],[-48.604258052803424,-26.802216700005452],[-48.604251087409395,-26.802219397617332],[-48.60424603886455,-26.80222323764789],[-48.60423408393061,-26.802236535363978],[-48.60423355342174,-26.802240244325784],[-48.60423462812171,-26.802242699035624],[-48.60424318300965,-26.80224858321188],[-48.60424831560953,-26.802255095285425],[-48.604258984039404,-26.802261376206566],[-48.60429306004212,-26.802290785184052],[-48.60429542661126,-26.8022920615536],[-48.604317716618425,-26.802310947393455],[-48.60432470917438,-26.802318438485127],[-48.604352018784745,-26.802352082536288],[-48.60436481292848,-26.802363443925866],[-48.60436635602306,-26.802389062491027],[-48.604366065871545,-26.802402864503726],[-48.60436439639899,-26.802414351036763],[-48.60436505098433,-26.802419569042954],[-48.60436124637725,-26.802439817961748],[-48.60436498300466,-26.802451026021895],[-48.60434859260144,-26.802488270904703],[-48.6043403438934,-26.802502741337964],[-48.60432435155559,-26.80252583409043],[-48.60431931837192,-26.80253276966069],[-48.60430680083692,-26.802546518087926],[-48.60426686305301,-26.802587371041692],[-48.60423693473653,-26.80261945052134],[-48.6042076767022,-26.80264595540313],[-48.604175870181784,-26.80267170422617],[-48.604146755314865,-26.8026918765766],[-48.60413530617035,-26.80269881180614],[-48.60411374432317,-26.80270986228688],[-48.60409719557408,-26.80271541170017],[-48.60408549699635,-26.80271651311297],[-48.604064990487636,-26.80272089457135],[-48.6040478943339,-26.802727607847903],[-48.60404604690099,-26.80272890311685],[-48.60404129384214,-26.802737819703392],[-48.60403722873198,-26.802743670708285],[-48.604021395052456,-26.802757778071896],[-48.60399529805466,-26.80276355384888],[-48.60399080218901,-26.80276502085514],[-48.603987118511526,-26.802767557436002],[-48.60398141934751,-26.80277651214627],[-48.60397606804489,-26.802808141364782],[-48.60397264232372,-26.80281036646812],[-48.6039601795341,-26.80281576846576],[-48.603956215704095,-26.80281871541236],[-48.60395052848458,-26.802827101803015],[-48.60393805070357,-26.80284230375154],[-48.60393580741401,-26.80284712075179],[-48.603936004485256,-26.802849704990123],[-48.60394005784106,-26.80285254402828],[-48.60396418944539,-26.80285941389074],[-48.60397805431684,-26.802868158398105],[-48.60400464848043,-26.80288034906534],[-48.60402737099769,-26.80288488488225],[-48.6040434509008,-26.80288585198803],[-48.60406881616047,-26.802882834223194],[-48.604071747780495,-26.802883542619128],[-48.6040834350005,-26.802889200090952],[-48.60408873130376,-26.802892709906413],[-48.60410044470955,-26.802907644628],[-48.604113293505414,-26.802914016621713],[-48.60412963118926,-26.802920420609812],[-48.604137546532876,-26.802925156925937],[-48.60413777547405,-26.802927660486574],[-48.604144027556345,-26.802932585222162],[-48.604149015071386,-26.80293547616671],[-48.60415427799362,-26.802937225708966],[-48.60416399524963,-26.80293852726347],[-48.6041722565553,-26.802937809834873],[-48.604200786739334,-26.80293062233483],[-48.6042205717863,-26.802940468725488],[-48.60423221520072,-26.802943905507394],[-48.60429504097398,-26.80294516763688],[-48.60435883410693,-26.80295016405742],[-48.60438148362568,-26.802952911804578],[-48.60441590058397,-26.80295032695727],[-48.60443642686837,-26.802950268344066],[-48.604471072215304,-26.802952605502146],[-48.60448656926965,-26.80295498850482],[-48.60453195788507,-26.802968661336436],[-48.604562546517535,-26.802981713642463],[-48.604608472526834,-26.80299948347971],[-48.60465012630357,-26.80301765024324],[-48.6046678238312,-26.803025863967346],[-48.60468472682233,-26.80303599540546],[-48.60471945334363,-26.80306174248261],[-48.60474556916637,-26.803085692391022],[-48.60476353121393,-26.80310811456887],[-48.60477767603138,-26.80312842365664],[-48.604796274727775,-26.803163138453748],[-48.60480765885835,-26.803188003121136],[-48.604815809598485,-26.80321407643977],[-48.604822488394475,-26.8032312360721],[-48.604835494071416,-26.803255505517885],[-48.6048341785164,-26.803260681153063],[-48.60483818313104,-26.803285457013352],[-48.60483632928399,-26.80329184179588],[-48.60482682436827,-26.803309620900144],[-48.604825482796215,-26.803337563986112],[-48.60482449954507,-26.803341761614856],[-48.6048246893117,-26.803354741532104],[-48.60482038639589,-26.803392958105146],[-48.60481222336609,-26.803429665481314],[-48.60480151481783,-26.80345782001319],[-48.604798638827546,-26.803468338596048],[-48.604794975924534,-26.803487109966593],[-48.60479596992054,-26.803501060053964],[-48.604801901308875,-26.803532726868774],[-48.60479817795984,-26.803561071822404],[-48.60479810898655,-26.80357152962642],[-48.60480081666068,-26.80357810892912],[-48.60481242818878,-26.80359407062552],[-48.604806938219,-26.803597858081314],[-48.60480663952212,-26.803604413571144],[-48.60480507603006,-26.80360607462089],[-48.60478965098933,-26.803608872720464],[-48.604777412880104,-26.803609802619782],[-48.60477271081739,-26.803612466369373],[-48.60476181301752,-26.803622352845995],[-48.604725453531636,-26.80365084024823],[-48.604716786125515,-26.803659871084182],[-48.604714730827546,-26.803666270502614],[-48.604715408782994,-26.80367516172553],[-48.60471971696421,-26.803685016808632],[-48.604724539724266,-26.80369239896482],[-48.60472446386634,-26.80369457249705],[-48.60470650514765,-26.80373705193685],[-48.60468860080867,-26.803771681297842],[-48.60467104192451,-26.80381858030059],[-48.604664865152586,-26.803828727162728],[-48.60463268356899,-26.803853648529092],[-48.60462554301746,-26.803858454836636],[-48.604607228431824,-26.803867629185163],[-48.604611136936924,-26.803872577401556],[-48.60461187687872,-26.803875170828814],[-48.60460680944422,-26.8039100445422],[-48.60460567803125,-26.803912200206444],[-48.60460154725492,-26.803913998278887],[-48.60457738925073,-26.80391650414038],[-48.604561574762535,-26.80392060411945],[-48.6045472890775,-26.803926606995507],[-48.604518364545186,-26.803943931002983],[-48.60446305026847,-26.803969462414234],[-48.60444724527819,-26.803981242077267],[-48.60443149019319,-26.80400069309559],[-48.60441803908801,-26.804012440409867],[-48.604415094745406,-26.80401759749018],[-48.60441278223918,-26.804030489923687],[-48.604391718078695,-26.804050383484448],[-48.60438345025496,-26.80405571214295],[-48.60437722543584,-26.80405809742345],[-48.604358263984736,-26.804060727314624],[-48.604347601100905,-26.80406421962231],[-48.60432544001595,-26.80408223563099],[-48.60431189158098,-26.804091436481176],[-48.60430104945937,-26.8041010621602],[-48.60429163882312,-26.804106696334312],[-48.60428693520917,-26.804107997395853],[-48.60425507664412,-26.804110372831556],[-48.60421927051373,-26.80411109318006],[-48.60418335854773,-26.804116847192777],[-48.60415049886214,-26.80411661572967],[-48.60411490004794,-26.80411417209164],[-48.60411055605975,-26.804112717851943],[-48.604098198967314,-26.80410543371585],[-48.60409087154685,-26.804102385836664],[-48.60406338940607,-26.804101324939612],[-48.604031732853194,-26.804095049603905],[-48.60401087917775,-26.80408962495754],[-48.60398085441731,-26.80409087629194],[-48.60394650785937,-26.804094400716828],[-48.60393790771074,-26.80409114177327],[-48.60393167454426,-26.80408770632827],[-48.6039199910143,-26.80407804218766],[-48.60390687693888,-26.804069933046435],[-48.60388969297118,-26.804057378287784],[-48.60388680742095,-26.804053042966526],[-48.60384256521261,-26.804064223728847],[-48.60383372435985,-26.804065238140932],[-48.603827082816174,-26.804064963246088],[-48.603810356323095,-26.804067477497103],[-48.60379893357553,-26.804072193201456],[-48.60379520052985,-26.804076118654628],[-48.603792575394536,-26.804077572208328],[-48.60378080592267,-26.804079646994143],[-48.603766358593674,-26.804079943801046],[-48.60373677410295,-26.804073171063585],[-48.603729028069786,-26.804072814292283],[-48.603726690105816,-26.80407400198369],[-48.60372436029147,-26.804077193169782],[-48.60372110522418,-26.804082778130436],[-48.603718155151654,-26.80409011893678],[-48.6037231198839,-26.804110832167584],[-48.60372465697953,-26.80412572996135],[-48.60371198231073,-26.804143112384274],[-48.60369911721877,-26.80415568172038],[-48.6036941097055,-26.804165216645465],[-48.60368655350208,-26.804173526250032],[-48.603685748882356,-26.804175922067113],[-48.60368510069343,-26.804192876453392],[-48.603681108351246,-26.80419669824676],[-48.60367906949603,-26.8042003997102],[-48.60367640357746,-26.804201401364438],[-48.60367035154329,-26.804201307903078],[-48.60365814617795,-26.804203546754884],[-48.603642643039855,-26.804216269942817],[-48.60363933335181,-26.80421823530046],[-48.60363064042606,-26.804221300681412],[-48.603625106574604,-26.80422478052403],[-48.60360571749822,-26.80424009099525],[-48.60357365337473,-26.80426371461639],[-48.6035569541065,-26.804277843350025],[-48.60354140443668,-26.80429851599477],[-48.603487093020924,-26.80431985874298],[-48.60346902238874,-26.80432985826225],[-48.60345754855118,-26.804339391955963],[-48.603450267954905,-26.80434176833765],[-48.60343404884175,-26.80433784790706],[-48.60342801614542,-26.804338269137755],[-48.603412101446395,-26.804337566449743],[-48.603365032929936,-26.804343501290436],[-48.6033409125529,-26.804348516279106],[-48.60331168473066,-26.80435299355409],[-48.603291850956474,-26.804346412938244],[-48.6032802142537,-26.804344564433737],[-48.60327599145982,-26.804344998263765],[-48.60326624597545,-26.80435077108058],[-48.60325055593759,-26.80436424908322],[-48.60323980335979,-26.8043820430264],[-48.60322749949018,-26.804388963693125],[-48.6032162335282,-26.80439674118194],[-48.60320186684194,-26.804412326165938],[-48.60319291725554,-26.804415639846905],[-48.60317718803609,-26.804417115088086],[-48.603169875757274,-26.80441908483242],[-48.603127102495286,-26.80444169673618],[-48.60310358566575,-26.80444431246382],[-48.60307167182262,-26.804445008202684],[-48.603066033646655,-26.804445797065167],[-48.60304497633701,-26.80445148654983],[-48.603027019628264,-26.8044632386196],[-48.603022947799246,-26.80446510081088],[-48.60301854214574,-26.804466100055457],[-48.60299988353487,-26.804467715162655],[-48.60297559248741,-26.804465065712776],[-48.60296550428905,-26.804465138478744],[-48.60295187049207,-26.804460702290072],[-48.60294661565406,-26.804461434472294],[-48.60294298729586,-26.80446277174987],[-48.60294322834283,-26.804484298373232],[-48.60294022533299,-26.804505625658287],[-48.60294113035581,-26.804517101628594],[-48.602941217581474,-26.80453781347485],[-48.6029420765945,-26.804541437676328],[-48.60294392402511,-26.804544446932155],[-48.60294947642984,-26.8045477355268],[-48.60295742011211,-26.80455017123931],[-48.60299426021428,-26.804557671663083],[-48.603006477705506,-26.80456155143413],[-48.60301813389498,-26.804570123266025],[-48.60303875880546,-26.80457973138026],[-48.60305325486324,-26.80458763840718],[-48.603079918614405,-26.80463191120872],[-48.603084265801094,-26.804636560075238],[-48.603096333027096,-26.80464614956573],[-48.6031044848809,-26.804660202847078],[-48.60311073374752,-26.804668628936483],[-48.60312513893594,-26.80467990041671],[-48.603131848950035,-26.80468409297686],[-48.603145496714774,-26.804700296847155],[-48.60316633620081,-26.804730303104648],[-48.60318720673613,-26.80474592542772],[-48.60319851033023,-26.80475644048534],[-48.603213683067914,-26.804756562113262],[-48.603235402142694,-26.804760052327346],[-48.60324525021753,-26.804762312725178],[-48.603284391824886,-26.804763670531816],[-48.60329095430324,-26.80476483750356],[-48.60329446561638,-26.804766196448934],[-48.60330166803611,-26.804771841201724],[-48.60331711788236,-26.80479990620922],[-48.60333612161206,-26.80481917873785],[-48.603357903757626,-26.804838317838488],[-48.603392021649825,-26.80485667320494],[-48.60340217796946,-26.804858144689703],[-48.603422998367996,-26.804862765720106],[-48.603441691324754,-26.80486908334967],[-48.60346482484415,-26.804875611543434],[-48.603475764360184,-26.804875228292705],[-48.60348428698707,-26.80487595919779],[-48.60350466998783,-26.804881773017808],[-48.6035229126836,-26.804883200958475],[-48.60354251460593,-26.804886465765392],[-48.60358462505863,-26.804898720771067],[-48.60361929556755,-26.80491184242534],[-48.60364575433333,-26.804924752816387],[-48.60365642543053,-26.804930916523375],[-48.603676193852216,-26.80494634865679],[-48.60370319580097,-26.804976946503608],[-48.60372790377693,-26.805010943692626],[-48.60375429080508,-26.80504448200781],[-48.60376824295429,-26.80505865152513],[-48.603784781567256,-26.805072729477594],[-48.6037858234641,-26.805075309973212],[-48.603791346231006,-26.805108224249206],[-48.60379156963592,-26.805119120155393],[-48.60379632068103,-26.805128477411845],[-48.603818785817715,-26.805144794436586],[-48.6038270730646,-26.805149546097656],[-48.6038532705175,-26.805167713095493],[-48.60386399381487,-26.805172352594468],[-48.603874925953264,-26.805175669082058],[-48.60389427601423,-26.80519139190019],[-48.6039127998465,-26.805203843015015],[-48.603925660251164,-26.80521397829479],[-48.603942624173996,-26.805224571094314],[-48.60396926967036,-26.805250605675223],[-48.603991100737744,-26.8052793832849],[-48.604000260700495,-26.805293327253004],[-48.60403175950361,-26.805350640415377],[-48.604037496146844,-26.805362865977926],[-48.604045135643446,-26.805383119137797],[-48.60404831636006,-26.80539541873687],[-48.604048138241154,-26.80540293282062],[-48.60405322087875,-26.805411348150688],[-48.60405829572711,-26.805430177193863],[-48.6040609040001,-26.805437178960425],[-48.60406303143903,-26.80544169997413],[-48.60406908524179,-26.805446973302082],[-48.60407652009659,-26.805456394040522],[-48.604086010310105,-26.805474720298427],[-48.60409310241898,-26.805482267238098],[-48.60411071737375,-26.80549681458742],[-48.604129274662675,-26.80550911283332],[-48.60414200860347,-26.80552048226022],[-48.60416257270394,-26.805546865049717],[-48.60416756867218,-26.805555576705107],[-48.60417138426599,-26.805560640675225],[-48.60418244182777,-26.805571864402225],[-48.60420190068379,-26.80558911410285],[-48.60420964189126,-26.80559735786096],[-48.60421260165338,-26.805601992230162],[-48.60421953805152,-26.80561790189606],[-48.604222539164724,-26.805622961099285],[-48.60422744162825,-26.805628945882596],[-48.60423912874898,-26.805638925910554],[-48.60425316752558,-26.805661417099902],[-48.604264333033164,-26.80567372554441],[-48.60427603116595,-26.805689878260893],[-48.604278544047965,-26.80569615647879],[-48.60427979252491,-26.8057042181157],[-48.60428031585732,-26.805715678596687],[-48.604278956046045,-26.805724390932166],[-48.604275635323205,-26.805733097140884],[-48.60426490911623,-26.805746289301116],[-48.60426231410703,-26.80575443927597],[-48.60426548574853,-26.805762389087107],[-48.60427330322236,-26.805768919548967],[-48.604280436521904,-26.805776900336088],[-48.60428806773072,-26.80578128892491],[-48.60430074310092,-26.805784923668543],[-48.60433874627063,-26.805801223934207],[-48.60435106068424,-26.80580528572074],[-48.60435583379747,-26.805808813746943],[-48.604370523022176,-26.805825242698873],[-48.6043770607331,-26.805830461038678],[-48.60438929758562,-26.80584443000387],[-48.60439501284454,-26.80584906589885],[-48.60440177248095,-26.805852338782636],[-48.60442253943304,-26.80585807776346],[-48.60443326945814,-26.805862401492547],[-48.60445170184466,-26.80587586169851],[-48.6044646046727,-26.805886854945122],[-48.60446935825393,-26.80588939900692],[-48.604474697945065,-26.805890852046986],[-48.60449938540428,-26.805894275017263],[-48.604512683895884,-26.805898407594615],[-48.6045186719205,-26.805902028375808],[-48.60452791695871,-26.805910974386244],[-48.60453654590968,-26.805917175655004],[-48.604535150857515,-26.80593521834805],[-48.604538259379105,-26.80595095491027],[-48.60455661218791,-26.805986856769454],[-48.60457181612774,-26.806024726726395],[-48.60457601341884,-26.806039380775267],[-48.60457854875511,-26.80606276912058],[-48.60457671139233,-26.80608845678908],[-48.604589137237554,-26.80610922410885],[-48.60459719773283,-26.806115199172474],[-48.60459878517587,-26.806117184281618],[-48.60459564808753,-26.806130550058125],[-48.604593276001296,-26.806151057847945],[-48.604594291954726,-26.806159178715678],[-48.604598385661696,-26.806165366376046],[-48.60459895890782,-26.806175889192303],[-48.60459457665136,-26.80621978057184],[-48.6045933063732,-26.806224713315704],[-48.60459087562692,-26.806229355690693],[-48.60457833282141,-26.806239503061686],[-48.60456583839373,-26.80625404600192],[-48.60454710932366,-26.806260912150858],[-48.60454079732134,-26.806264090079704],[-48.60451024927455,-26.806290681421117],[-48.604479053238045,-26.80630312999757],[-48.60447128827699,-26.80630701428008],[-48.60445579174226,-26.80631797795094],[-48.60445131983449,-26.806324516931156],[-48.60444782348759,-26.806352576928344],[-48.60444053900254,-26.806369482138262],[-48.604434026316575,-26.806378377962616],[-48.60442431943087,-26.80641148559451],[-48.60442218211859,-26.806423216875483],[-48.604421660320185,-26.80643511989268],[-48.60442233219381,-26.806454343639274],[-48.604426336939746,-26.80646045760535],[-48.60443314177959,-26.806482149503086],[-48.60443433110374,-26.806500199848912],[-48.604433493290266,-26.806507044003492],[-48.60443000715227,-26.806518355387517],[-48.604426517215025,-26.80652554267988],[-48.60440597438227,-26.806555534016848],[-48.60438829269127,-26.806584328459586],[-48.60437867510202,-26.806606013050146],[-48.60437699054514,-26.80661151632164],[-48.60437735360765,-26.806629642919876],[-48.60437581776742,-26.806645770109217],[-48.60437614649382,-26.806658833589573],[-48.604375159399105,-26.806671342369228],[-48.60437293956133,-26.806679823564938],[-48.60436529559267,-26.806694213974723],[-48.60436332537339,-26.806700389219248],[-48.604376556069646,-26.806746491890298],[-48.604376191695906,-26.806754733775396],[-48.60437123835266,-26.806761688734934],[-48.60435679504653,-26.80677373506943],[-48.6043499335042,-26.80678343715335],[-48.60434495398495,-26.806801680853944],[-48.60434000860516,-26.80681303972189],[-48.60433427376854,-26.806822724783984],[-48.60433009545957,-26.806832039136985],[-48.604330513897715,-26.8068331832616],[-48.60433226295354,-26.80683370017703],[-48.60436966288869,-26.806828007458652],[-48.60437955308482,-26.806824926215537],[-48.60438786702604,-26.80682363213546],[-48.60441321647715,-26.80682236476664],[-48.60441959509672,-26.806823194686608],[-48.60442390258191,-26.80682495512406],[-48.60443210291083,-26.806830977686715],[-48.60443944967448,-26.806838853793028],[-48.60444889299966,-26.806853199597388],[-48.60446310133892,-26.80687863550899],[-48.60447932181945,-26.806896380829272],[-48.604496246790134,-26.806918406487714],[-48.60450338757387,-26.806929383404533],[-48.60450955604268,-26.806936382267562],[-48.604512841334014,-26.80693605887186],[-48.604516748208525,-26.806932957543022],[-48.60452050294406,-26.80692178606671],[-48.60452825048525,-26.806911557525797],[-48.60453159874043,-26.806905847790212],[-48.60456474398495,-26.806833223215335],[-48.60456708484425,-26.806831421921],[-48.60459427550989,-26.806818156524187],[-48.60461064690704,-26.806803372396427],[-48.60462142707175,-26.80679622729503],[-48.604628755227935,-26.80679303046949],[-48.60464933681579,-26.806786069336386],[-48.6046982200265,-26.806770879004915],[-48.604767693706165,-26.80674639040525],[-48.604815628298134,-26.806733268547998],[-48.60484358223402,-26.806728661137843],[-48.60487282354934,-26.806726439835423],[-48.604899407057616,-26.806726745416984],[-48.604914783784444,-26.806725309153308],[-48.60492519672773,-26.806723193276888],[-48.60494177390837,-26.80671440461413],[-48.60495791161522,-26.806709299380486],[-48.60497827749895,-26.80670159456779],[-48.6050260295043,-26.80667658476496],[-48.60505894634009,-26.806656909793343],[-48.60508668109899,-26.806642155499564],[-48.60512094770865,-26.80662524669364],[-48.6051583334343,-26.806608742609825],[-48.605178285705435,-26.806591050075948],[-48.605216908584445,-26.806559704167302],[-48.60524342174234,-26.806543737980288],[-48.60525582474575,-26.806534977899748],[-48.60526343356967,-26.80652847393267],[-48.605278943492905,-26.80651304345181],[-48.605317099380336,-26.80646707051394],[-48.60535032328759,-26.806416032777825],[-48.60540927186843,-26.806322899624085],[-48.60543058981246,-26.806292379793963],[-48.60545503956985,-26.80626213856094],[-48.605473736019356,-26.80624198821167],[-48.605489881872586,-26.806226442127222],[-48.60550276734453,-26.806215298790832],[-48.60552720885657,-26.806197411443506],[-48.60554945808937,-26.806184784161424],[-48.605571604934745,-26.806176071617358],[-48.605576613802924,-26.80617316938625],[-48.60559923697004,-26.806167632368904],[-48.60561562305193,-26.806162188340156],[-48.605621626254546,-26.806161739449017],[-48.60563078556863,-26.806162327593057],[-48.60564936843264,-26.806164329546764],[-48.605665325380436,-26.806168299447492],[-48.60575328726096,-26.806186662939684],[-48.60577957958164,-26.806193163003357],[-48.605833126905054,-26.806209166393508],[-48.60589971985008,-26.806232727108213],[-48.60594119629537,-26.806248869146184],[-48.60598329815901,-26.80626683560507],[-48.60600591794074,-26.806275340020928],[-48.60602921012432,-26.806282475116404],[-48.60607934948502,-26.806295551084514],[-48.60613015297868,-26.806311480873898],[-48.60617357715464,-26.806328738693797],[-48.60621450969881,-26.806346360436194],[-48.606242227611354,-26.806356810032998],[-48.60626369203384,-26.806362389092232],[-48.606287270437356,-26.806366911988885],[-48.606308542856674,-26.80636966323856],[-48.606353972329394,-26.806372850201058],[-48.606367639277586,-26.80637476890461],[-48.606414633402885,-26.806386293545977],[-48.60643074863868,-26.806391827216306],[-48.606456728164034,-26.806402689549525],[-48.606480733142945,-26.806415151847382],[-48.60649745696326,-26.8064247476426],[-48.6065514639578,-26.806461486990585],[-48.60656157773719,-26.80646930150639],[-48.60662902679022,-26.806526807131863],[-48.606670784649026,-26.806564990671085],[-48.60672411186103,-26.80661542612709],[-48.60674206783819,-26.806639616719437],[-48.60675487637939,-26.806652719824736],[-48.60677216855043,-26.806662550806195],[-48.60679915770811,-26.806675623022567],[-48.60681340305901,-26.806686873402967],[-48.6068387849257,-26.80670273395957],[-48.60685027534393,-26.806713955791334],[-48.60686555497727,-26.806722408128035],[-48.60688048773827,-26.806741629418664],[-48.606887605538454,-26.806749402267915],[-48.60689932794646,-26.806760591923048],[-48.60690801455408,-26.80676597283431],[-48.60691985034877,-26.806775115925976],[-48.606926002460995,-26.806781942955244],[-48.60693208770043,-26.80679243265379],[-48.606949178249394,-26.806833889813102],[-48.60694620098858,-26.806882750295483],[-48.606938891595895,-26.80691617842729],[-48.606940941054205,-26.8069301644069],[-48.60694148647058,-26.806950162098918],[-48.60694273190141,-26.806957420521265],[-48.60694544262036,-26.806964342759148],[-48.60695379053318,-26.806980583003675],[-48.606957665571954,-26.806981388517876],[-48.60700342869269,-26.80698067347456],[-48.607011651949115,-26.806978908450194],[-48.60701522064533,-26.80697945610619],[-48.6070748000145,-26.807017128755746],[-48.607079693716045,-26.807020667759495],[-48.607089186024545,-26.807029825352373],[-48.607095119159425,-26.807032235867894],[-48.60709816866945,-26.807031646724443],[-48.60711379223799,-26.80702372603998],[-48.60711809016548,-26.807020198090203],[-48.60713023333752,-26.806985019790076],[-48.60713438116438,-26.806979061807798],[-48.607135159687516,-26.80697407559981],[-48.607137449621405,-26.806946924591283],[-48.60713830895013,-26.806903614228066],[-48.607137875338644,-26.80688068558025],[-48.60713465793779,-26.80685718645641],[-48.60713667382687,-26.80684739325823],[-48.6071367287818,-26.806837593971665],[-48.60713860146309,-26.806827915665476],[-48.607130953499855,-26.806797979599022],[-48.607136007936404,-26.80675124783511],[-48.60714221174277,-26.806715869826984],[-48.607143390634654,-26.80670139699385],[-48.60714682566966,-26.806689633458802],[-48.60714721314435,-26.806672620483035],[-48.60715017741543,-26.80663921812305],[-48.6071498666712,-26.806607086929283],[-48.60715767868305,-26.80658324189358],[-48.60715849864062,-26.806566705486237],[-48.60716707420124,-26.806546248390084],[-48.607171263744625,-26.80653303570213],[-48.60717534000606,-26.806525695813736],[-48.60719189768736,-26.806510643793334],[-48.607197164291705,-26.806506960761677],[-48.607209691684794,-26.80649466514215],[-48.607214456010446,-26.806490955567945],[-48.607225976011456,-26.80648640367269],[-48.607241253821286,-26.806482971144764],[-48.607263710962755,-26.80648246652303],[-48.607277870133146,-26.806482976673067],[-48.60732835315247,-26.806477305854944],[-48.607334921278884,-26.806478211040854],[-48.60735903566159,-26.806484511556373],[-48.60737526865794,-26.806486356239258],[-48.60741989414809,-26.80648856368496],[-48.60746080558689,-26.806487567917333],[-48.60748493347145,-26.806487957827343],[-48.60752452086187,-26.80649110880757],[-48.607565271483864,-26.806497771787114],[-48.60763603926368,-26.806512197669264],[-48.607659515975996,-26.806512468250617],[-48.60766815651188,-26.80651142314786],[-48.607681957088026,-26.806508416803606],[-48.60769694872206,-26.80651334476756],[-48.60771418937226,-26.806523237934737],[-48.60772885482156,-26.806530290078477],[-48.60773602126246,-26.806532874827738],[-48.60775557967694,-26.806537753655157],[-48.60783913421435,-26.806554353851705],[-48.607866191565314,-26.80656083037338],[-48.60788644122602,-26.806566794741997],[-48.60795172019548,-26.80658447563714],[-48.607993374718205,-26.806596947276333],[-48.60802441158642,-26.8066083550538],[-48.60806877083401,-26.806627559283573],[-48.60808616763661,-26.806637202371228],[-48.60809732877662,-26.80664495327004],[-48.60810762118122,-26.80665288801431],[-48.60811879378322,-26.806662967334436],[-48.608134754010436,-26.806680202510627],[-48.60815543975223,-26.806707552410852],[-48.60816202659491,-26.80671714812632],[-48.608171270966395,-26.80673476610596],[-48.60817681539493,-26.80674659121245],[-48.60818052899756,-26.80675796123703],[-48.60818429423058,-26.806775973904298],[-48.608193976501404,-26.80684123774108],[-48.60822368636432,-26.80699442844763],[-48.60822817482068,-26.807011045572192],[-48.60824048642889,-26.807046393692115],[-48.60826337130339,-26.807097378888457],[-48.60828305707169,-26.807128294456717],[-48.60830347380957,-26.807156966341903],[-48.60832898143414,-26.807185056486226],[-48.60834136227726,-26.807197466394772],[-48.608351719488965,-26.807207107782723],[-48.60837472640883,-26.807225932976653],[-48.608399728931914,-26.807243113405885],[-48.60843174470806,-26.807257723172153],[-48.6084559123489,-26.80726676775105],[-48.608484578148726,-26.807276159075375],[-48.608510262093226,-26.80728435393089],[-48.608522869468295,-26.80728693133567],[-48.608608467654825,-26.80729531757948],[-48.608649564318014,-26.807293656824957],[-48.608701916774876,-26.807287096661646],[-48.60874551842544,-26.80728635355491],[-48.60879972341039,-26.807282089722307],[-48.608838645320596,-26.80728438083352],[-48.60886564518876,-26.807289295025814],[-48.608886086978636,-26.80729473910581],[-48.60889471259516,-26.80729872012784],[-48.60890267755941,-26.807303032902958],[-48.60891908618316,-26.80731472572671],[-48.60894292743932,-26.8073426793203],[-48.608943751729065,-26.807345571951966],[-48.60893689339318,-26.807346511883882],[-48.60893686103859,-26.80734853274594],[-48.60896734177898,-26.807371599153836],[-48.608971288153676,-26.80737667424084],[-48.60897434367561,-26.80738394519007],[-48.60898367933203,-26.80742645326269],[-48.60898329771228,-26.807431698867386],[-48.608980547987706,-26.807443880121294],[-48.60897885578719,-26.807461737384905],[-48.60896041524061,-26.807515715041013],[-48.608951105907586,-26.80753808199989],[-48.60894584659961,-26.807553397344773],[-48.60894322184356,-26.807569686695704],[-48.60892420834973,-26.807664858913725],[-48.60890990537648,-26.807715757050563],[-48.60890286730976,-26.807733884940347],[-48.60889757689684,-26.807744931335705],[-48.608876597064096,-26.807787161747406],[-48.60886769654216,-26.80780202751739],[-48.60886203237103,-26.80781602751467],[-48.608859869914525,-26.807824184895694],[-48.60885786317705,-26.80783690210167],[-48.60885629957271,-26.807860130901503],[-48.608853655535164,-26.80788356704661],[-48.608853155854206,-26.807901624941803],[-48.608850987861736,-26.807918671012228],[-48.6088501508913,-26.807940820169456],[-48.608848136933446,-26.807958193711993],[-48.6088475273069,-26.807978135795338],[-48.60883527465994,-26.80800752793295],[-48.608837366219845,-26.808024790371984],[-48.60883747098502,-26.808036090372347],[-48.608843258917,-26.808048298586534],[-48.60884421848158,-26.808051933484617],[-48.608843671099145,-26.80807753475864],[-48.608841622469456,-26.80809608085358],[-48.60883331958067,-26.808115053680872],[-48.60882089675457,-26.80815399048547],[-48.60881639750468,-26.808170464733063],[-48.6088136966741,-26.80818750179722],[-48.60881416746191,-26.808216820176277],[-48.60881323179854,-26.808223067120746],[-48.60880992675878,-26.80822864233387],[-48.6088035506155,-26.808236313393298],[-48.60879623990001,-26.808254012531794],[-48.60879691424632,-26.808254466111052],[-48.60880209924737,-26.80825371448974],[-48.6088072940756,-26.808252015499086],[-48.60881470752845,-26.80824235860929],[-48.60882843781803,-26.808231689475516],[-48.608858136455886,-26.80820002930606],[-48.608864914818135,-26.808194756439462],[-48.60887651165919,-26.808187507494807],[-48.60888131645044,-26.80818474608498],[-48.60888453272637,-26.80818435825346],[-48.6088977739073,-26.808190763553977],[-48.60893579860498,-26.808204193335637],[-48.60899396681483,-26.80822099561002],[-48.60906611752925,-26.808239550189953],[-48.60909989395251,-26.808245039087787],[-48.60911240741257,-26.808248742876923],[-48.60912002476882,-26.808253329517893],[-48.609138571498654,-26.808270012707155],[-48.60916100940689,-26.808295361654938],[-48.60917515877184,-26.808314082187813],[-48.609187030933796,-26.808336364876325],[-48.609194411006165,-26.808354655182644],[-48.60920504283402,-26.80838620275887],[-48.609223569901815,-26.808448872656204],[-48.60922565071315,-26.808466171006877],[-48.60922911676749,-26.808509951560495],[-48.609231897306394,-26.808562916136136],[-48.60923836115886,-26.808611448922193],[-48.60923804910291,-26.80863350768706],[-48.609235934050545,-26.808645636498937],[-48.60923330931919,-26.808671509497668],[-48.609239618433364,-26.808693869644948],[-48.6092403199392,-26.808713157074237],[-48.609242440858786,-26.80873237824532],[-48.60924489330966,-26.808750657482786],[-48.609247195796215,-26.80876170584527],[-48.60925934511749,-26.808801454935402],[-48.60926401406908,-26.808815710757987],[-48.609267506329424,-26.808823738085987],[-48.60927128104235,-26.80883651688723],[-48.60927197556467,-26.808847511008054],[-48.609270836571156,-26.808858176352107],[-48.60927446543534,-26.80886688279906],[-48.609278144744074,-26.808870789252516],[-48.609291552958425,-26.80887738684998],[-48.60930581119337,-26.808880380125736],[-48.60932865828529,-26.808889591768807],[-48.60934252070592,-26.808902820759393],[-48.6093493783871,-26.80891102226165],[-48.60936611816048,-26.808937619505812],[-48.60936762052114,-26.808943185715325],[-48.60936893629904,-26.808954767878042],[-48.60937493089001,-26.808962404323697],[-48.60937880651484,-26.80897037495763],[-48.60939566917372,-26.808995909425843],[-48.60939799130726,-26.80900027122593],[-48.59803069756849,-26.80900012370189],[-48.598004527131785,-26.80892392209469]]]}},{"type":"Feature","properties":{"territorial_code":"ZEOT","id":120,"geopenha_layer":48,"geopenha_gid":121,"layerClass":"ZEOT"},"geometry":{"type":"Polygon","coordinates":[[[-48.59739720319569,-26.804546920135763],[-48.59732948784928,-26.80434685208753],[-48.597268740744205,-26.80407911326198],[-48.597195192255754,-26.803682599667564],[-48.59716320254124,-26.803581509922854],[-48.59712458435197,-26.803463793510396],[-48.59708311276957,-26.803358355564256],[-48.59705640328179,-26.80326535081671],[-48.59702131600387,-26.803118023085055],[-48.597027905893874,-26.80301868935909],[-48.59703065014809,-26.80295913175028],[-48.59704681123076,-26.802849420389908],[-48.59704655906296,-26.802785552521396],[-48.59704679141009,-26.80276070408316],[-48.597331084999865,-26.802679080260152],[-48.598284683122785,-26.802405304802058],[-48.599000457885474,-26.802449323857136],[-48.59933586390645,-26.802804563117586],[-48.599636456617326,-26.803227126649283],[-48.599899520719575,-26.804216904557293],[-48.59841857343861,-26.804457999025942],[-48.59772425912432,-26.804630440982013],[-48.597469582444944,-26.804693689768015],[-48.59739720319569,-26.804546920135763]]]}},{"type":"Feature","properties":{"territorial_code":"ET","id":130,"geopenha_layer":48,"geopenha_gid":130,"layerClass":"ET"},"geometry":{"type":"Polygon","coordinates":[[[-48.61224816763754,-26.80347391238352],[-48.61211901050829,-26.8032556584857],[-48.61204699212143,-26.803133970660905],[-48.61200892463991,-26.80307753189235],[-48.61195572982551,-26.80299769988942],[-48.61191183636256,-26.802936145350756],[-48.61184987886621,-26.80286224772667],[-48.61179808343819,-26.802809223002363],[-48.61173379610035,-26.802751971690977],[-48.611663918101414,-26.802694210888923],[-48.61156887281639,-26.802615639715007],[-48.611481023962384,-26.80254301955344],[-48.61138894447474,-26.802466898753277],[-48.6113270383382,-26.802418404805213],[-48.611266813999876,-26.802371238699486],[-48.611171585340166,-26.802296643841604],[-48.611055737761696,-26.802205908578966],[-48.61091314761238,-26.802094209850768],[-48.61067754562178,-26.80190966784512],[-48.61042670434668,-26.80171288408051],[-48.610270822702915,-26.801590555475055],[-48.610161509774564,-26.801504775860238],[-48.61007042066336,-26.801433300393313],[-48.60997382067511,-26.80136470977546],[-48.60989960779125,-26.801311378022813],[-48.60983899948568,-26.801269150113253],[-48.609753737839206,-26.80121472024527],[-48.60968140957128,-26.801172709436543],[-48.609611555125305,-26.80113549610786],[-48.60948977649764,-26.801072101944634],[-48.608986104559634,-26.80083368489376],[-48.60865419058619,-26.800651040995614],[-48.608318209351275,-26.800389600935663],[-48.607843714762105,-26.800004633643777],[-48.60793652689573,-26.79999293689123],[-48.608169270865375,-26.799921302313106],[-48.60827031785195,-26.799823879704974],[-48.608271559056504,-26.799781026935985],[-48.60843924347096,-26.799551055550666],[-48.60880895537094,-26.799509844552407],[-48.60878476270272,-26.799355402511534],[-48.609346722399586,-26.79928607014454],[-48.609364455952594,-26.799396590742464],[-48.60940151553266,-26.799627531258913],[-48.609453100153964,-26.799593163262266],[-48.60959270225248,-26.79950526161593],[-48.60973937651447,-26.799427288522075],[-48.60987107320883,-26.799368680843784],[-48.610025361340156,-26.79930980479946],[-48.61018680025499,-26.79925759184124],[-48.6103297131584,-26.79922037086013],[-48.61064583891619,-26.799159777704013],[-48.61114312413557,-26.799090555437868],[-48.61176802558347,-26.79900763847765],[-48.6117396894394,-26.798886137221867],[-48.61172476911999,-26.79882217483137],[-48.611702856242374,-26.798728152257294],[-48.61177690394659,-26.798713988507455],[-48.61194114623088,-26.798691086138014],[-48.611933721258644,-26.798662462534626],[-48.6120487456875,-26.798639731245533],[-48.61216633512223,-26.798616483637637],[-48.61229151891908,-26.798596495438034],[-48.61240848326603,-26.798582441730723],[-48.612527524446875,-26.798568134185743],[-48.61264569663433,-26.798552584593462],[-48.612769820772094,-26.798543813180167],[-48.61289227297841,-26.798535166868277],[-48.61305891659184,-26.79850225977288],[-48.6131513919209,-26.798484002274353],[-48.61314119879144,-26.798507356388654],[-48.61313529460724,-26.798518943119724],[-48.61312988169961,-26.79852867915626],[-48.6131257543231,-26.798535612306807],[-48.61312278905477,-26.798540354133706],[-48.613119463448484,-26.798545495971258],[-48.61311161285912,-26.79855686939192],[-48.61311639168922,-26.798551481337785],[-48.61311963151699,-26.798548034598046],[-48.61312359753838,-26.798544004509935],[-48.61312797948901,-26.798539800952792],[-48.613134630492596,-26.79853384887624],[-48.61313976807774,-26.798529576844658],[-48.613148343028534,-26.79852298942529],[-48.61316126747354,-26.798514228338448],[-48.613171307666164,-26.798508261223457],[-48.61318181163369,-26.798502717040872],[-48.61319501094304,-26.79849667686197],[-48.61320666078093,-26.79849211758808],[-48.613224002876876,-26.798486571406915],[-48.613247858401174,-26.798481162137637],[-48.61326552793426,-26.798478707740106],[-48.61328449926776,-26.798477475508335],[-48.613308051057466,-26.79847792681898],[-48.613325180578585,-26.7984796505237],[-48.613343066046646,-26.798482731575803],[-48.613355823814146,-26.798485771277825],[-48.613374687263615,-26.79849161216643],[-48.613384454769296,-26.79849530532678],[-48.61339641270306,-26.79850052441183],[-48.613405648645035,-26.798505111024436],[-48.61342274776997,-26.79851501010606],[-48.61343341208507,-26.798521497831125],[-48.61345880317413,-26.798535922480315],[-48.613471713202415,-26.79854273684428],[-48.61348760682138,-26.798550657345306],[-48.61351003607951,-26.79856101628567],[-48.61353812916502,-26.79857270703707],[-48.61357079329973,-26.798584610221063],[-48.6136370165764,-26.798605534898314],[-48.6136987161145,-26.798622547998193],[-48.61376210564198,-26.79863761327147],[-48.613803377848534,-26.798646151133948],[-48.61384223601558,-26.798653276610086],[-48.61388797900702,-26.798660572294953],[-48.6139373778132,-26.798667126447302],[-48.61400333684855,-26.79867377928209],[-48.61407885011421,-26.798678463447043],[-48.61412884953225,-26.798679865829854],[-48.614175638299784,-26.798679959711475],[-48.61423662270421,-26.798678298530266],[-48.61427340888028,-26.79867631966485],[-48.61433233508754,-26.798671618696932],[-48.61439665561987,-26.798664310401026],[-48.61442710778782,-26.798660347701485],[-48.61448963585621,-26.798652196973627],[-48.61500002327033,-26.798585717529033],[-48.6150000299225,-26.803215734070264],[-48.61329144308529,-26.80341154865377],[-48.61266698979002,-26.803483460226886],[-48.61269284269279,-26.80357717013708],[-48.6124351785945,-26.80364616249711],[-48.612362242052875,-26.80366569650635],[-48.61224816763754,-26.80347391238352]]]}},{"type":"Feature","properties":{"territorial_code":"EO","id":112,"geopenha_layer":48,"geopenha_gid":114,"layerClass":"EO"},"geometry":{"type":"MultiPolygon","coordinates":[[[[-48.61430718992331,-26.79559555637077],[-48.614337066735615,-26.79558925571268],[-48.61433085418165,-26.795497393138486],[-48.614315387490045,-26.795268730449862],[-48.61429423134157,-26.795040450142665],[-48.6143074854823,-26.79500005570378],[-48.614642451742455,-26.79500003392511],[-48.61465307058815,-26.795124015628126],[-48.61466751855468,-26.79529375129105],[-48.61468845422601,-26.79545811860633],[-48.61470882922902,-26.79561804559674],[-48.61472937681185,-26.79577933814379],[-48.61474332435343,-26.79594127749406],[-48.61475720546652,-26.79610254793299],[-48.614771267165224,-26.796265761611615],[-48.61478548764686,-26.79643099938006],[-48.6147998158004,-26.79659733991046],[-48.61481287992006,-26.796749121181772],[-48.614827094565605,-26.79691416031234],[-48.614841665268735,-26.797083329491045],[-48.61486930038188,-26.797404270909666],[-48.61491102046979,-26.79788876928323],[-48.614942545654245,-26.79825496932315],[-48.61460215257325,-26.798299533460995],[-48.61430718992331,-26.79559555637077]]],[[[-48.61129666317543,-26.808511337231568],[-48.61161127720959,-26.808471798137912],[-48.61172281033942,-26.80845778018143],[-48.61183281080404,-26.808443952846638],[-48.61204388762595,-26.808417428737446],[-48.61225670908404,-26.808390672048144],[-48.61245256991311,-26.808366056343488],[-48.612675293086866,-26.80833805832315],[-48.61266547943761,-26.808210787451035],[-48.61266201968972,-26.808178160883653],[-48.61267445285496,-26.808176583874],[-48.61267030417373,-26.808151877919705],[-48.61263418369032,-26.808034595120038],[-48.612699327928844,-26.808027590543187],[-48.612682509615,-26.80793991681652],[-48.61248980839336,-26.80797024434128],[-48.612303905112,-26.807993873070807],[-48.612092584369634,-26.80802247807595],[-48.61206585686183,-26.807827980545188],[-48.6115061503034,-26.807912096139795],[-48.61147976103368,-26.807750443159495],[-48.6114070655413,-26.80730503803673],[-48.609729135525846,-26.807703672083715],[-48.609662093272476,-26.80756003920516],[-48.60964958499897,-26.807433859804085],[-48.61028693858923,-26.807343987954685],[-48.61027646551607,-26.807123621775037],[-48.60960880788216,-26.807213216333917],[-48.60952023154584,-26.80704911381416],[-48.6088010079724,-26.806229462790185],[-48.60864155169188,-26.80603816344098],[-48.60854766551278,-26.8059077029277],[-48.60885006280766,-26.80588260036651],[-48.608840446853996,-26.805795950443542],[-48.60881768385372,-26.80560306267009],[-48.60880797224922,-26.805519055203458],[-48.60879495624806,-26.805407053135397],[-48.60920387664746,-26.805343854004292],[-48.60917115355628,-26.80516838603978],[-48.60977854860066,-26.80508845965133],[-48.609961929328435,-26.805064538748077],[-48.610039294528896,-26.805051118002517],[-48.610177083052186,-26.80503417853079],[-48.61032735388557,-26.805015699030093],[-48.61040376990043,-26.80500629584888],[-48.61061704661771,-26.80498007241292],[-48.61081485672766,-26.804955744288076],[-48.61091324103104,-26.804944193995027],[-48.611161011756764,-26.80491556509264],[-48.61139641292631,-26.804888369352042],[-48.61147492935774,-26.80487950638967],[-48.611686761050294,-26.804855034682237],[-48.61188608209921,-26.804832011966102],[-48.61198624289363,-26.80482206109901],[-48.61187413034679,-26.80409568238279],[-48.61206794813863,-26.80407126698791],[-48.61201765232608,-26.80384780120297],[-48.61200478291126,-26.803831827845634],[-48.61194108878111,-26.803738562157488],[-48.61188531556808,-26.803572054655653],[-48.61187746744043,-26.803574169229222],[-48.6118581318324,-26.803470380909065],[-48.611561680841184,-26.80352397161676],[-48.611583574881315,-26.803627072187762],[-48.61150233911496,-26.803638091252086],[-48.61135321027815,-26.80365831499652],[-48.61106024690296,-26.803698057255147],[-48.61091003869186,-26.803718433761063],[-48.61087705143401,-26.80353962265329],[-48.610725881590575,-26.803563664593565],[-48.610753612284846,-26.80373944509897],[-48.61059359770187,-26.803760359578067],[-48.610413312187085,-26.80378688751845],[-48.61028083703008,-26.80380564966513],[-48.61015633668786,-26.803825367562492],[-48.60999775659256,-26.803848841367756],[-48.60977683409961,-26.80388153148313],[-48.60957074488481,-26.803910862153057],[-48.60942206869477,-26.80393201193228],[-48.60918570041994,-26.80396703913096],[-48.60903676387738,-26.803988129953616],[-48.60889584689928,-26.804005647197844],[-48.60853799991195,-26.804054864080946],[-48.608517560749796,-26.803941030977487],[-48.6082332871515,-26.8039806614624],[-48.60822190894539,-26.80390181468408],[-48.608210293722244,-26.80384048879285],[-48.608189091121005,-26.803743400595156],[-48.60816522920093,-26.803649398826202],[-48.608141971140356,-26.80356831179126],[-48.60812092230937,-26.803504146273887],[-48.608089134139355,-26.803422211170098],[-48.608058235507954,-26.803353953655012],[-48.60803021742001,-26.803298902030317],[-48.60799259907462,-26.80323266061978],[-48.607948816025925,-26.803164031887633],[-48.60789906853133,-26.803085872089603],[-48.607863889709556,-26.803024147863997],[-48.60782571891576,-26.802949260969296],[-48.60756592903688,-26.802437847568775],[-48.60754459919881,-26.80239714903701],[-48.60751705914329,-26.802341383478204],[-48.60749448292165,-26.802292515064874],[-48.607469609105365,-26.802234773165754],[-48.60727744003702,-26.801797146914904],[-48.60724358896036,-26.801725861368066],[-48.607229672923374,-26.801691289204726],[-48.60721815842271,-26.80165920318866],[-48.607206455817774,-26.801622186807894],[-48.60719749962411,-26.801589431138694],[-48.607190333451484,-26.80155907006095],[-48.60718548491208,-26.80153566968931],[-48.607180317201376,-26.801507354785752],[-48.60717502773322,-26.80147286530771],[-48.6071708353354,-26.80143833120985],[-48.60716840999749,-26.801412553338427],[-48.607165840273204,-26.801372099764688],[-48.60716474355684,-26.801331896700233],[-48.60716486788847,-26.80130250715961],[-48.607166372265425,-26.80125959570987],[-48.60716871033663,-26.801219604130964],[-48.60717277697957,-26.80116960692812],[-48.60717907924878,-26.801111796517407],[-48.60718725392497,-26.801052934866537],[-48.60719397111447,-26.801012241250344],[-48.60720531347469,-26.800952900730707],[-48.60722841791861,-26.80085398063895],[-48.607475814449515,-26.799973354584672],[-48.60744015210834,-26.799976866708448],[-48.60492393621814,-26.800347467402926],[-48.604916911720046,-26.800344370557863],[-48.604907218149876,-26.800339080797226],[-48.60490192704982,-26.80033532745239],[-48.604893258430955,-26.800326725129928],[-48.60488924396573,-26.80031868887632],[-48.60488484608359,-26.800301143716563],[-48.60486805966274,-26.80024481070541],[-48.60486381048876,-26.800227367327388],[-48.60485625117706,-26.80020952501143],[-48.60485047219,-26.800199320173586],[-48.60482816736091,-26.800166798706247],[-48.604804883659575,-26.80013491943123],[-48.60479660553436,-26.800119699995474],[-48.604786050408606,-26.800103729115573],[-48.604768415711945,-26.800074363910287],[-48.60475619322455,-26.800061171315996],[-48.60472490238599,-26.800023669836143],[-48.60471172150127,-26.800010145172944],[-48.60469395000033,-26.7999935107023],[-48.60468349074396,-26.799984941231074],[-48.60466195127332,-26.79997007488343],[-48.60464540662655,-26.799960139033647],[-48.604615965494745,-26.799944678709963],[-48.6046005129719,-26.79993397624013],[-48.60459390388186,-26.799930254722],[-48.6045713672104,-26.79992407977549],[-48.604560944821884,-26.799923325822576],[-48.60451112313263,-26.799916806353796],[-48.60439730000857,-26.799900450112958],[-48.60437772563491,-26.799895913527322],[-48.60435066837322,-26.799887604522414],[-48.604341040721515,-26.799889228330002],[-48.60432011668414,-26.79988957802023],[-48.60428213167469,-26.799901207844616],[-48.60425495933641,-26.799903157316095],[-48.60422949086746,-26.799919727653325],[-48.60420672877699,-26.799931452718823],[-48.604197662180475,-26.79993700248898],[-48.60418148787827,-26.79994245900748],[-48.60414611760107,-26.79994451332911],[-48.60410142102391,-26.799939596533427],[-48.604091601409316,-26.79993791424037],[-48.604066302979724,-26.79993108784299],[-48.604056831784774,-26.79992718248477],[-48.60403614918596,-26.799924657520904],[-48.60402070850898,-26.799923917835912],[-48.6040043469872,-26.799924886169226],[-48.603989645085996,-26.799928707152127],[-48.60398108508425,-26.79993168458196],[-48.60397324943654,-26.79993656031877],[-48.60396232121502,-26.79994169051795],[-48.603952757666136,-26.79994456973854],[-48.603939321614924,-26.799945100289747],[-48.60393215302474,-26.79994359823039],[-48.60392623967045,-26.799940745753922],[-48.603922493295826,-26.799935746124614],[-48.60391827710023,-26.799925351132654],[-48.60390807490535,-26.799909341048384],[-48.60390772837547,-26.79990764766831],[-48.60390902685139,-26.79990328392283],[-48.6039126169218,-26.79989849874434],[-48.60393406175558,-26.799876725612247],[-48.6039373790793,-26.799872477263396],[-48.60394165820944,-26.799862180979634],[-48.60396141133151,-26.79982425307274],[-48.60396719624141,-26.79981073359242],[-48.603972724652536,-26.799766843555474],[-48.60396809378031,-26.7997283403884],[-48.60396241749225,-26.799710385525632],[-48.60396397961107,-26.799709265907264],[-48.60400682563579,-26.79970031741336],[-48.604073320119035,-26.799706839565236],[-48.60409033119744,-26.799696018838773],[-48.60410369947706,-26.799686273482084],[-48.60411492889248,-26.799634286033307],[-48.60411335272804,-26.79963176868907],[-48.60410059796622,-26.799619983821913],[-48.60409316175623,-26.79961447052489],[-48.60408454144005,-26.799609316195276],[-48.60407496022589,-26.79959390320419],[-48.60406915876488,-26.799582858713602],[-48.6040557084733,-26.799563978121725],[-48.60403082662837,-26.79955216842758],[-48.60401122839824,-26.79953394177759],[-48.60399932205419,-26.79952389487543],[-48.60398350756614,-26.79951176040194],[-48.603971914758084,-26.799504976518577],[-48.603960951072104,-26.799492184187237],[-48.60394742762652,-26.79948778608456],[-48.60392863191911,-26.799473002182236],[-48.603925605165365,-26.79946869154695],[-48.6039246615487,-26.799462873052512],[-48.60392869047717,-26.799447257316437],[-48.60393282677468,-26.79944040583308],[-48.603952428694186,-26.79942353769367],[-48.60395636850299,-26.799421727374494],[-48.603984166588944,-26.79940100932314],[-48.603999088216554,-26.79938529824668],[-48.60403975870843,-26.799346370823436],[-48.60408401086447,-26.799301142005312],[-48.60410949265509,-26.799279626686353],[-48.604128531761354,-26.79925987029235],[-48.604141825594354,-26.79924026931196],[-48.604156943995015,-26.799209933422755],[-48.60416314845679,-26.799166406756015],[-48.60416049848192,-26.79909537804018],[-48.604144913750204,-26.799044570027554],[-48.6041423243377,-26.799031414122652],[-48.60413790018627,-26.79900029619946],[-48.604137649961906,-26.798987802558855],[-48.60413899973072,-26.798962819526576],[-48.60413685567042,-26.798905994340572],[-48.60412034214755,-26.79880513176637],[-48.604111196072346,-26.79873936244007],[-48.6040905162776,-26.798672134483603],[-48.60407535178284,-26.798633868104837],[-48.60406601147296,-26.798606041981987],[-48.604061189670276,-26.798589536426014],[-48.604049290860935,-26.798541344634483],[-48.60404222431393,-26.798516814716077],[-48.60403950900423,-26.798510126984187],[-48.604019514678235,-26.79847917862828],[-48.60399668634013,-26.798446233078778],[-48.60399365163518,-26.79843990992865],[-48.60398799913819,-26.798434219271254],[-48.60397336339995,-26.7984258136781],[-48.60396483857029,-26.798418034938088],[-48.603958252723565,-26.798413212843833],[-48.60392647119026,-26.79839382337353],[-48.603920413576745,-26.798391139916625],[-48.603866599548276,-26.79839183514255],[-48.60386119401814,-26.798391139008814],[-48.60385672297876,-26.798389520185893],[-48.6038264028606,-26.798370453232764],[-48.603813742909836,-26.79836134109582],[-48.60377403444826,-26.798340174993104],[-48.60376812856985,-26.79833314446563],[-48.603764025284214,-26.798319773417685],[-48.60376202220295,-26.798317952724936],[-48.603757564067074,-26.798317633593058],[-48.603731245423056,-26.79832012986026],[-48.6037170689121,-26.798319537894432],[-48.6037038955508,-26.79831619250225],[-48.603692510563846,-26.79831053111333],[-48.60366994922582,-26.79829550294586],[-48.60364923013247,-26.79827607511695],[-48.60364061619085,-26.79825962265619],[-48.60363168664636,-26.798249571987245],[-48.60362202802143,-26.798235457136478],[-48.603612654278365,-26.798208749416144],[-48.60360626097147,-26.798195249348815],[-48.60359229292337,-26.798180917143277],[-48.60358000570935,-26.79817034036433],[-48.60357733955659,-26.798169925231218],[-48.60356609057854,-26.798175970438983],[-48.60355972268872,-26.798177523057284],[-48.6035574648895,-26.798177295320816],[-48.60353602073452,-26.79816509255626],[-48.6035170748757,-26.798160331881697],[-48.603499407379694,-26.798151207121272],[-48.60343524830422,-26.798125484835783],[-48.603432050899784,-26.798122118836403],[-48.60342856408972,-26.79810095234326],[-48.603427216888285,-26.798098068880282],[-48.60342560623701,-26.7980967150591],[-48.603423127666574,-26.79809694381309],[-48.60341244672922,-26.798110885720835],[-48.6033997924975,-26.798121590645454],[-48.603396482798495,-26.798125478147824],[-48.60339393233313,-26.79813151722633],[-48.60339150627377,-26.79814598695282],[-48.60338940134061,-26.798149488769724],[-48.603387582809695,-26.798150369413285],[-48.603369559298926,-26.79815243755919],[-48.60336256114364,-26.798154313388846],[-48.60332967832197,-26.79816530745104],[-48.60331981182037,-26.79817016681529],[-48.6033095056647,-26.79817680551222],[-48.60330699522194,-26.79817950633704],[-48.603295470992926,-26.798196727763234],[-48.6032907004677,-26.79820170049343],[-48.60328480539009,-26.79821185208112],[-48.60326718638247,-26.798229592959448],[-48.6032637037046,-26.798231663678113],[-48.60325917521112,-26.7982303867811],[-48.60325777452034,-26.798229568937487],[-48.603244705182064,-26.79820788822564],[-48.60324430916223,-26.798206157909732],[-48.60325038371984,-26.79817934178836],[-48.60325247505686,-26.79815783659678],[-48.603250719718254,-26.79814758252764],[-48.60324723290202,-26.79813932956697],[-48.60324201253222,-26.798129828991385],[-48.60323632178147,-26.798122612579924],[-48.60322939307074,-26.79811640395521],[-48.60321747896374,-26.79810912727383],[-48.60320824256936,-26.79810458512961],[-48.60320438569249,-26.798103409846068],[-48.60318684148466,-26.798103248100617],[-48.60317088555831,-26.798100721855107],[-48.60313943286664,-26.79810204817292],[-48.60311511723856,-26.79808437321424],[-48.603103625170526,-26.798072808183726],[-48.60309711335324,-26.798067815847098],[-48.60306444135443,-26.798057787187922],[-48.60305871816502,-26.798054983021682],[-48.60303852267226,-26.798042223787693],[-48.603012119341976,-26.798037751858494],[-48.603000529209915,-26.7980303723571],[-48.60298270553118,-26.7980143324041],[-48.60295901756146,-26.797995503937553],[-48.60293610081703,-26.797971084542887],[-48.602925417145556,-26.797958378101665],[-48.60291722984111,-26.797950812574886],[-48.60290854730564,-26.79794527811402],[-48.60286543656685,-26.797921419100163],[-48.60285276382131,-26.79791674653933],[-48.60284043779543,-26.797910888664383],[-48.602835296519686,-26.79790767021147],[-48.6028330063164,-26.79790420225141],[-48.602833390214975,-26.79790220539622],[-48.60283534227171,-26.797901191659356],[-48.60284911909799,-26.79790070306964],[-48.6028816337129,-26.79789334863077],[-48.60289320469886,-26.79789542162673],[-48.60290629870206,-26.79789871160223],[-48.60291481225547,-26.79790176156459],[-48.60292683254083,-26.797907812785894],[-48.60294076199677,-26.79791680211168],[-48.60294745475392,-26.797919406124127],[-48.60295992115595,-26.79792241474152],[-48.60297134760947,-26.797926578882258],[-48.60300607797371,-26.797944881454875],[-48.60303710365001,-26.79794999116383],[-48.60307446311993,-26.797942736780588],[-48.60311495568351,-26.797937601973636],[-48.60313729237517,-26.79793557080653],[-48.603150634499,-26.79793280074413],[-48.60315747029149,-26.79793003780973],[-48.6031686033793,-26.79792328678918],[-48.60320478411355,-26.79789844242029],[-48.603224517164314,-26.797860026959942],[-48.60323132054348,-26.79784876273853],[-48.603242108829704,-26.79783354123479],[-48.60325616429856,-26.797822670545155],[-48.60326253255574,-26.797819186781215],[-48.60327026337583,-26.797816420949143],[-48.60327596229177,-26.797815596993555],[-48.60328786804655,-26.797815618123565],[-48.60331755961876,-26.79780813455898],[-48.603359616125665,-26.79779987673942],[-48.60337328370122,-26.797795018566706],[-48.60338556216115,-26.797787835715962],[-48.6034150525082,-26.79776313969776],[-48.603422241643464,-26.797752658073435],[-48.603443946156005,-26.79773430051506],[-48.60344434882011,-26.797732367144317],[-48.603442491989114,-26.79772837410759],[-48.60346935296992,-26.797693860415485],[-48.60347960502367,-26.79767687912895],[-48.60349427118145,-26.79765848360099],[-48.603499247842876,-26.7976499227466],[-48.60351150011784,-26.79761146178727],[-48.603522592761266,-26.797583196512406],[-48.60353107597083,-26.797553253684423],[-48.603546365157,-26.797512876880464],[-48.60356238435693,-26.797477475709275],[-48.60358587847177,-26.797433303301272],[-48.60359256286028,-26.79740760745092],[-48.60359479958565,-26.797395922969933],[-48.60359702169835,-26.79736962816542],[-48.60360081841847,-26.7973478359928],[-48.60360362165902,-26.797313510522155],[-48.60360918056481,-26.797298299708295],[-48.60360983073869,-26.797297507568615],[-48.60362593013906,-26.797293204917846],[-48.60362843505421,-26.797291722250513],[-48.603633557165075,-26.797287242761914],[-48.60363854935072,-26.797278898743023],[-48.60364349715596,-26.79727266562037],[-48.60366022641913,-26.797257535642142],[-48.60367516998036,-26.79724650848237],[-48.60369611738631,-26.7972215865357],[-48.60370799708738,-26.797215191025035],[-48.60370898239755,-26.79721328556602],[-48.60371223494137,-26.79719346046127],[-48.603715111199804,-26.79718101072927],[-48.603716151880725,-26.797172644925855],[-48.60370734339639,-26.797152534401672],[-48.60369083411385,-26.79713232959264],[-48.60368715914068,-26.79712345981487],[-48.603679316451846,-26.797110503733027],[-48.60367173208333,-26.79709339189749],[-48.60366958449807,-26.797091270961207],[-48.603656614974554,-26.797084933009156],[-48.603652217006484,-26.797080797685318],[-48.60363987128348,-26.797064399357243],[-48.60363319922159,-26.797054116189393],[-48.60362958704077,-26.797051347789747],[-48.60362196475331,-26.797037474974932],[-48.60361722273444,-26.797032485556088],[-48.603615355475455,-26.79702898867252],[-48.60361335259934,-26.79701854993191],[-48.603607675142655,-26.797003049604008],[-48.60360370467271,-26.796984798743626],[-48.60359302156466,-26.79695915175041],[-48.60359083471577,-26.796948376001573],[-48.603590675952155,-26.79693105599584],[-48.60358078319201,-26.796913733613238],[-48.60357879360081,-26.79690888103757],[-48.603578217963346,-26.796903736557557],[-48.60357867808733,-26.796898591566325],[-48.603582202443256,-26.796895971070615],[-48.6035857702307,-26.79689128478294],[-48.603589368745155,-26.796888485059924],[-48.603594051576735,-26.796887679981722],[-48.60359936371823,-26.796888031623805],[-48.60361778532685,-26.796890455174267],[-48.60363808121499,-26.796898911506865],[-48.603677866908,-26.796905856893275],[-48.60369418476255,-26.796912206411655],[-48.60370234965936,-26.796912227335426],[-48.60373785705955,-26.796907432061758],[-48.603742517706856,-26.796909595544115],[-48.60375029569147,-26.796911757659128],[-48.60377894730037,-26.796922160264607],[-48.60379154999327,-26.79692537866719],[-48.60381207158896,-26.79692836114566],[-48.60386380240119,-26.796928190134665],[-48.603886298988556,-26.796932415272604],[-48.60389268218265,-26.796935393011807],[-48.60389778380135,-26.79693619228568],[-48.60391417829816,-26.79694224528041],[-48.60393435338576,-26.79694592575805],[-48.60395963560371,-26.79695253529436],[-48.604009629333184,-26.7969627667271],[-48.604037457060514,-26.796969789331264],[-48.604052370095594,-26.796975997714604],[-48.60407296837663,-26.79698729268536],[-48.60408336279523,-26.796986972315104],[-48.604087412153824,-26.796987600359262],[-48.60411377114512,-26.79699847846563],[-48.60414306636525,-26.797011752546684],[-48.60416781227316,-26.79702426377929],[-48.60421402909203,-26.797039565943486],[-48.60422130845866,-26.797040573527617],[-48.60424196454755,-26.797040986342186],[-48.60425045377722,-26.79703992982803],[-48.60425792791075,-26.79703789054816],[-48.60426700925692,-26.797034019500156],[-48.60429034415267,-26.797030416788505],[-48.60432564595771,-26.79702248651142],[-48.60433678554414,-26.797017811052232],[-48.60435837225978,-26.79701030738318],[-48.60442675527785,-26.79699866859382],[-48.604447732604285,-26.79699288723116],[-48.60446073789175,-26.796984606611293],[-48.60447043387989,-26.796974456127245],[-48.60448814140192,-26.79695057113614],[-48.60449886017958,-26.796932424524442],[-48.604503527349095,-26.796919445586003],[-48.60450644632533,-26.79690113086486],[-48.60450675674,-26.79689353779276],[-48.604505214580605,-26.796873135183617],[-48.60450374991225,-26.796864835257722],[-48.604501506868296,-26.79685768627187],[-48.60448810587219,-26.79683455619199],[-48.60447254558008,-26.79681560383792],[-48.60445238608164,-26.79679395663875],[-48.60441214168703,-26.796755726037894],[-48.604390903188495,-26.796731831605683],[-48.60437535563262,-26.79671275311978],[-48.604351777748114,-26.796679118136208],[-48.60433134087521,-26.79664004963759],[-48.60431864550707,-26.796619232643152],[-48.6042690826083,-26.796553582353894],[-48.60424688749149,-26.796527361530934],[-48.604193840035386,-26.796472490227895],[-48.60417132427305,-26.79645339303681],[-48.60414582111099,-26.796433857235773],[-48.6041369756837,-26.79642602796362],[-48.60412310561942,-26.79640991069418],[-48.60411746097088,-26.796401937071],[-48.60411149862037,-26.79639137716596],[-48.60410388259138,-26.79638151119899],[-48.60408086784102,-26.7963598426928],[-48.60407401237934,-26.796351586871715],[-48.60407105930017,-26.79635047203413],[-48.6040507727931,-26.796347791374092],[-48.60404606360674,-26.796345545863705],[-48.60404248462407,-26.79634215537142],[-48.604039763285385,-26.796335278031446],[-48.60403987419428,-26.79632665283228],[-48.60404465953322,-26.79631140182685],[-48.6040458706776,-26.796301622114374],[-48.6040434410104,-26.79628852305612],[-48.60471073899709,-26.7961580572669],[-48.60481054919403,-26.796147211809114],[-48.605060724795536,-26.79612002312281],[-48.60528598383228,-26.796073127827395],[-48.605211194202084,-26.795783784690993],[-48.6053936008014,-26.795762938774704],[-48.605384167791065,-26.795648569609376],[-48.60520857415168,-26.79565002961945],[-48.60517620509326,-26.795529875943426],[-48.60537406676368,-26.79548893305468],[-48.60534429449492,-26.795372965423994],[-48.60533134610459,-26.795322545039426],[-48.604633195464054,-26.79545766275496],[-48.60462335513846,-26.795401474348676],[-48.60458366897854,-26.795243385581614],[-48.60471151943644,-26.795219343120362],[-48.604849283671406,-26.79519343786801],[-48.604966099505454,-26.795171473504308],[-48.60511497896667,-26.795143472958504],[-48.6053242079142,-26.79510037616066],[-48.605302497820055,-26.79500032815198],[-48.606113377248256,-26.79500032801841],[-48.60611583901417,-26.79501382465887],[-48.60608944856312,-26.79501834160172],[-48.60586795430734,-26.79505271329867],[-48.605872053923875,-26.795106963622054],[-48.60588138395356,-26.795190829424794],[-48.606045540021086,-26.795169908539506],[-48.60625451334498,-26.795143284120595],[-48.60636985907035,-26.795128585229897],[-48.60648040557019,-26.79511449092282],[-48.60658689859785,-26.795100923579604],[-48.60669626517212,-26.795086989631915],[-48.60683075358175,-26.795070529456993],[-48.6069411296812,-26.79526716388568],[-48.60709812046777,-26.795546859510416],[-48.60691160241973,-26.79557293532409],[-48.60665322627742,-26.79560905797829],[-48.60668373380442,-26.795746587501263],[-48.60658297650227,-26.7958265071815],[-48.60642230015646,-26.79584449147603],[-48.60647115757355,-26.795902602991124],[-48.606545218972435,-26.795990685760863],[-48.606833870773876,-26.795804317804844],[-48.60691744255423,-26.79594233840741],[-48.60682512147243,-26.796003125309284],[-48.60686461908508,-26.796043427205035],[-48.60690143951756,-26.796117849258824],[-48.60693698171941,-26.796200470694],[-48.60697876514033,-26.7962976272603],[-48.607021909949616,-26.79639795626216],[-48.60706724344502,-26.7965065974029],[-48.60709606181137,-26.79657565011954],[-48.60710691868801,-26.796601678838424],[-48.60712420733896,-26.79669399941467],[-48.607150156863064,-26.796832652014423],[-48.60707678335849,-26.796925867302818],[-48.60708453504369,-26.797005925256],[-48.60709726308031,-26.797136819161867],[-48.60711023132829,-26.79727016267185],[-48.60723743188015,-26.79725226149878],[-48.60737777411525,-26.797232506812918],[-48.60747070343061,-26.797219431538874],[-48.60758915378899,-26.797205433972515],[-48.607714368538076,-26.79719063017659],[-48.60783346409415,-26.79717655306618],[-48.60884947215165,-26.797048928963747],[-48.610950196000864,-26.79676337805338],[-48.611002068596896,-26.79686631693269],[-48.610864179868166,-26.796897153243656],[-48.61087502651991,-26.796932828375855],[-48.61075855111644,-26.79695385579906],[-48.61065000332884,-26.79697471013325],[-48.61055115833026,-26.796993697750683],[-48.61043583568512,-26.797015854334777],[-48.61031576779955,-26.797038914337787],[-48.61019977878803,-26.797061194835997],[-48.610078067152585,-26.79707727827315],[-48.60995817058302,-26.797093121528995],[-48.60983987722515,-26.797108757127187],[-48.60972518387093,-26.797123911972598],[-48.60959375306604,-26.797136401665462],[-48.60947208564247,-26.797147973239074],[-48.609359416114245,-26.79715868598258],[-48.60924122503491,-26.797169919010077],[-48.609142641733975,-26.797179290289353],[-48.609020480362176,-26.797190916294458],[-48.60890382097641,-26.797201994428256],[-48.608764540561005,-26.797215244120125],[-48.60857399373968,-26.797233357805275],[-48.60829358184967,-26.79723305044544],[-48.60830699935822,-26.7973177342408],[-48.60822226821836,-26.797327808200507],[-48.60808475259393,-26.797344164269568],[-48.60796543326218,-26.79735835511649],[-48.6078446219994,-26.79737271917648],[-48.607726159533385,-26.797386806986633],[-48.60759736521539,-26.79740254293209],[-48.60745347844961,-26.797421082817923],[-48.60726096678201,-26.79744894366792],[-48.60728508317623,-26.797596851107453],[-48.60725853333934,-26.79767551698629],[-48.607264223548306,-26.797716781356325],[-48.607284216282864,-26.79781969686187],[-48.60730149653589,-26.7979085971248],[-48.60731827824794,-26.79799394246701],[-48.60687599844572,-26.798054254180776],[-48.606896092699934,-26.79814369838627],[-48.60713622118149,-26.79869058804448],[-48.60703527296708,-26.798703807200894],[-48.60705326973356,-26.798750432439146],[-48.607272031116636,-26.79872203214185],[-48.60730524811502,-26.79894563457745],[-48.60715652642375,-26.798964940588494],[-48.60719370128037,-26.799042166075335],[-48.60736198527029,-26.79902031204247],[-48.607395540656576,-26.799243613361778],[-48.607524848772144,-26.799226496674994],[-48.60765497376081,-26.79920926733793],[-48.60778348539899,-26.799192245236732],[-48.60785594996508,-26.799182632067705],[-48.607899637557836,-26.79934917120462],[-48.607967274840206,-26.79943828182103],[-48.607987936200885,-26.799601372567462],[-48.607998338426725,-26.799600212806368],[-48.6083163924222,-26.799564753738583],[-48.60843924347096,-26.799551055550666],[-48.608271559056504,-26.799781026935985],[-48.60827031785195,-26.799823879704974],[-48.608169270865375,-26.799921302313106],[-48.60793652689573,-26.79999293689123],[-48.607843714762105,-26.800004633643777],[-48.608318209351275,-26.800389600935663],[-48.608656962730464,-26.80065311827156],[-48.608986104559634,-26.80083368489376],[-48.60948977649764,-26.801072101944634],[-48.60954775454043,-26.80110259928408],[-48.609611555125305,-26.80113549610786],[-48.60968140957128,-26.801172709436543],[-48.609753737839206,-26.80121472024527],[-48.60983899948568,-26.801269150113253],[-48.60989960779125,-26.801311378022813],[-48.60997382067511,-26.80136470977546],[-48.61007042066336,-26.801433300393313],[-48.610161509774564,-26.801504775860238],[-48.610270822702915,-26.801590555475055],[-48.61042670434668,-26.80171288408051],[-48.61051308465697,-26.80178066114366],[-48.61067754562178,-26.80190966784512],[-48.61078622938722,-26.801994795757576],[-48.61091314761238,-26.802094209850768],[-48.611055737761696,-26.802205908578966],[-48.611171585340166,-26.802296643841604],[-48.611266813999876,-26.802371238699486],[-48.6113270383382,-26.802418404805213],[-48.61138894447474,-26.802466898753277],[-48.611481023962384,-26.80254301955344],[-48.61156887281639,-26.802615639715007],[-48.611663918101414,-26.802694210888923],[-48.61173379610035,-26.802751971690977],[-48.61179808343819,-26.802809223002363],[-48.61184987886621,-26.80286224772667],[-48.61191183636256,-26.802936145350756],[-48.61195572982551,-26.80299769988942],[-48.61200892463991,-26.80307753189235],[-48.61204699212143,-26.803133970660905],[-48.61211901050829,-26.8032556584857],[-48.61224816763754,-26.80347391238352],[-48.612362242052875,-26.80366569650635],[-48.61269284269279,-26.80357717013708],[-48.61266698979002,-26.803483460226886],[-48.61329144308529,-26.80341154865377],[-48.613315460478624,-26.80355018592117],[-48.613343299821956,-26.80371088856441],[-48.61319219491539,-26.80374431938794],[-48.6132323818443,-26.803934387387322],[-48.61313846206988,-26.803946492936515],[-48.61316410393219,-26.804123275696227],[-48.61317487976134,-26.804175833712147],[-48.61301059736911,-26.80419643528399],[-48.613019524517796,-26.804248907979577],[-48.613053546706894,-26.80443177000769],[-48.61320052046523,-26.804413168601844],[-48.61322457213112,-26.804546328782678],[-48.61321747744809,-26.80466130333332],[-48.61326388039131,-26.804832128353773],[-48.61339001342065,-26.804815638861818],[-48.61344633357435,-26.80480827746492],[-48.613469211593376,-26.804952355112498],[-48.613445116011434,-26.80505702613197],[-48.6135213491737,-26.805235925454973],[-48.6135907486501,-26.805220617719584],[-48.613650052481766,-26.80521101443027],[-48.61381094012033,-26.805379474420956],[-48.613827024925385,-26.805474833309624],[-48.61384421842466,-26.805576798534595],[-48.61385942669557,-26.805666953743078],[-48.61406658381635,-26.80563140825197],[-48.61418017823651,-26.805612459659915],[-48.61440124103486,-26.805572229948723],[-48.614598519460884,-26.80553633663384],[-48.61470887005692,-26.80552004920036],[-48.61495740402579,-26.805479974844086],[-48.61500002709581,-26.805473103911137],[-48.61500000400842,-26.80900000194894],[-48.61143789049146,-26.809000204516188],[-48.61129666317543,-26.808511337231568]]]]}}],"metadata":{"sourceUrl":"https://geo.penha.sc.gov.br/pesquisa/carregar-geo-json","sourceSha256":"007df748e78a470ce3342d5d8d507444b3ddc28f0c81fb3d5492696109eec332","capturedAt":"2026-08-31","sourceSurveyDate":"2026-08-31","calculationCrs":"EPSG:31982","outputCrs":"EPSG:4326","clipExtent":[-48.615,-26.809,-48.596,-26.795],"authority":"official_consultive","limitation":"Consulta cartográfica e derivação métrica; nenhum efeito jurídico ou valor de terra adotado."}}