{"type":"FeatureCollection","features":[{"type":"Feature","id":"355030859000116","properties":{"code":"355030859000116","population":733,"areaKm2":0.0740023,"densityHabKm2":9905.1,"households":336,"situation":"Urbana","district":"Penha","neighborhood":null,"containsReferencePoint":false,"fullyWithinRadius":false,"centroidDistanceM":840,"statisticalYear":2022,"tabularRevision":"2026-05-20","geometryRelease":"2024-11-13"},"geometry":{"type":"Polygon","coordinates":[[[-46.550135299999965,-23.526760999999965],[-46.54986999999994,-23.526769999999942],[-46.54994899999997,-23.526813999999945],[-46.55003609999994,-23.52686609999995],[-46.550404999999955,-23.527076999999963],[-46.550527999999986,-23.527187999999967],[-46.55025699999993,-23.527425999999934],[-46.55000499999994,-23.527686999999958],[-46.549379999999985,-23.52846999999997],[-46.54986999999994,-23.528866999999934],[-46.54983199999998,-23.528892999999982],[-46.549109999999985,-23.52939699999996],[-46.54932699999995,-23.529675999999938],[-46.549571999999955,-23.52998699999995],[-46.54977399999996,-23.53024199999993],[-46.550089999999955,-23.53066599999994],[-46.55123009999994,-23.529917799999964],[-46.55221999999998,-23.52923099999998],[-46.552498999999955,-23.529037999999957],[-46.552731499999936,-23.52886899999993],[-46.55177199999997,-23.528126999999927],[-46.551391999999964,-23.52781099999993],[-46.550464999999974,-23.52696599999996],[-46.55029799999994,-23.52681199999995],[-46.55022799999995,-23.526765999999952],[-46.55016899999998,-23.526759999999967],[-46.550135299999965,-23.526760999999965]]]}},{"type":"Feature","id":"355030859000117","properties":{"code":"355030859000117","population":487,"areaKm2":0.0517197,"densityHabKm2":9416.14,"households":216,"situation":"Urbana","district":"Penha","neighborhood":null,"containsReferencePoint":false,"fullyWithinRadius":false,"centroidDistanceM":1038,"statisticalYear":2022,"tabularRevision":"2026-05-20","geometryRelease":"2024-11-13"},"geometry":{"type":"Polygon","coordinates":[[[-46.547283999999934,-23.528765999999962],[-46.54691999999994,-23.52970399999998],[-46.54686259999994,-23.529852999999946],[-46.54671599999995,-23.530213999999944],[-46.54666019999996,-23.530365699999948],[-46.547848999999985,-23.530167999999946],[-46.547950999999955,-23.53013999999996],[-46.548073999999986,-23.530081999999936],[-46.549109999999985,-23.52939699999996],[-46.54983199999998,-23.528892999999982],[-46.54986999999994,-23.528866999999934],[-46.549379999999985,-23.52846999999997],[-46.55000499999994,-23.527686999999958],[-46.55025699999993,-23.527425999999934],[-46.550527999999986,-23.527187999999967],[-46.550404999999955,-23.527076999999963],[-46.55003609999994,-23.52686609999995],[-46.54994899999997,-23.526813999999945],[-46.54931899999997,-23.527461999999957],[-46.54878699999995,-23.528003999999953],[-46.54774199999997,-23.52906799999994],[-46.547283999999934,-23.528765999999962]]]}},{"type":"Feature","id":"355030859000118","properties":{"code":"355030859000118","population":561,"areaKm2":0.0865873,"densityHabKm2":6479.01,"households":271,"situation":"Urbana","district":"Penha","neighborhood":null,"containsReferencePoint":false,"fullyWithinRadius":false,"centroidDistanceM":1049,"statisticalYear":2022,"tabularRevision":"2026-05-20","geometryRelease":"2024-11-13"},"geometry":{"type":"Polygon","coordinates":[[[-46.546329999999955,-23.52605499999993],[-46.546160999999984,-23.526625999999965],[-46.54613599999993,-23.526734999999974],[-46.54609399999998,-23.527131999999938],[-46.54604699999993,-23.527623999999946],[-46.54601999999994,-23.527763999999934],[-46.54598899999996,-23.52785199999994],[-46.545934999999986,-23.527953999999966],[-46.54540999999995,-23.528745999999956],[-46.545848999999976,-23.528996999999947],[-46.546810999999934,-23.52750199999997],[-46.54706199999998,-23.52712299999996],[-46.54724999999996,-23.52693199999993],[-46.54748999999998,-23.52672599999994],[-46.54755899999998,-23.52674499999995],[-46.54780199999993,-23.526869999999974],[-46.54732179999996,-23.52862689999995],[-46.547283999999934,-23.528765999999962],[-46.54774199999997,-23.52906799999994],[-46.54878699999995,-23.528003999999953],[-46.54931899999997,-23.527461999999957],[-46.54994899999997,-23.526813999999945],[-46.54986999999994,-23.526769999999942],[-46.550135299999965,-23.526760999999965],[-46.55013589999993,-23.52666199999993],[-46.55013299999996,-23.526630299999965],[-46.55012199999993,-23.52658299999996],[-46.550099999999986,-23.526542999999947],[-46.55004799999995,-23.526495999999952],[-46.549766699999964,-23.52622969999993],[-46.54920569999996,-23.52552739999993],[-46.54879799999998,-23.52579099999997],[-46.548509999999965,-23.525404999999978],[-46.54767099999998,-23.52626699999996],[-46.547627999999975,-23.526294999999948],[-46.54758399999997,-23.526300999999933],[-46.547012999999936,-23.52619999999996],[-46.546329999999955,-23.52605499999993]]]}},{"type":"Feature","id":"355030859000120","properties":{"code":"355030859000120","population":285,"areaKm2":0.0987219,"densityHabKm2":2886.9,"households":163,"situation":"Urbana","district":"Penha","neighborhood":null,"containsReferencePoint":false,"fullyWithinRadius":false,"centroidDistanceM":1121,"statisticalYear":2022,"tabularRevision":"2026-05-20","geometryRelease":"2024-11-13"},"geometry":{"type":"Polygon","coordinates":[[[-46.544862999999964,-23.522842999999966],[-46.54460299999994,-23.523218999999983],[-46.54468499999996,-23.52322799999996],[-46.54556299999996,-23.52337799999998],[-46.54606599999994,-23.523478999999952],[-46.54663499999998,-23.52377299999995],[-46.54600799999997,-23.52446699999996],[-46.54590799999994,-23.524562999999944],[-46.54567499999996,-23.524682999999982],[-46.545574999999985,-23.52471799999995],[-46.54563299999995,-23.524734999999964],[-46.545721999999955,-23.524757999999963],[-46.54575799999998,-23.52479999999997],[-46.545785999999964,-23.52484899999996],[-46.54582199999993,-23.524949999999933],[-46.54589899999996,-23.525048999999967],[-46.54604199999994,-23.525191999999947],[-46.54638699999998,-23.525512999999933],[-46.54642999999993,-23.52557299999995],[-46.54644899999994,-23.525630999999976],[-46.546446999999944,-23.525676999999973],[-46.546329999999955,-23.52605499999993],[-46.547012999999936,-23.52619999999996],[-46.54758399999997,-23.526300999999933],[-46.547627999999975,-23.526294999999948],[-46.54767099999998,-23.52626699999996],[-46.548509999999965,-23.525404999999978],[-46.54879799999998,-23.52579099999997],[-46.54920569999996,-23.52552739999993],[-46.54872899999998,-23.52488999999997],[-46.548509999999965,-23.52454599999993],[-46.54850699999997,-23.524505999999974],[-46.54852299999993,-23.524467999999956],[-46.54856199999995,-23.52443299999993],[-46.54882999999995,-23.524269999999945],[-46.54831699999994,-23.524059999999963],[-46.54816599999998,-23.52396099999993],[-46.54810399999997,-23.523894999999982],[-46.548063999999954,-23.523844999999937],[-46.54804199999995,-23.523815999999954],[-46.54794199999998,-23.523671999999976],[-46.54789699999998,-23.52360699999997],[-46.547139999999956,-23.522336999999936],[-46.54711099999997,-23.522288999999944],[-46.54696999999993,-23.522055999999964],[-46.546092999999985,-23.52230099999997],[-46.54591329999994,-23.52234859999993],[-46.54581849999994,-23.522410499999978],[-46.54571199999998,-23.522490999999945],[-46.54564099999993,-23.522575999999958],[-46.54559399999994,-23.522637999999972],[-46.545545999999945,-23.522715999999946],[-46.545293999999956,-23.523093999999958],[-46.544862999999964,-23.522842999999966]]]}},{"type":"Feature","id":"355030859000133","properties":{"code":"355030859000133","population":429,"areaKm2":0.0961314,"densityHabKm2":4462.64,"households":221,"situation":"Urbana","district":"Penha","neighborhood":null,"containsReferencePoint":false,"fullyWithinRadius":true,"centroidDistanceM":625,"statisticalYear":2022,"tabularRevision":"2026-05-20","geometryRelease":"2024-11-13"},"geometry":{"type":"Polygon","coordinates":[[[-46.55177199999997,-23.528126999999927],[-46.552731499999936,-23.52886899999993],[-46.552498999999955,-23.529037999999957],[-46.55221999999998,-23.52923099999998],[-46.55123009999994,-23.529917799999964],[-46.55164289999993,-23.53045979999996],[-46.55224949999996,-23.531214099999943],[-46.55237169999998,-23.531272999999942],[-46.55250289999998,-23.53133699999995],[-46.55287199999998,-23.53080099999994],[-46.55329299999994,-23.530175999999983],[-46.553323999999975,-23.53012999999993],[-46.55394299999995,-23.529192999999964],[-46.55468499999995,-23.528066999999965],[-46.55515959999997,-23.52734099999998],[-46.555023999999946,-23.527432199999964],[-46.55499099999997,-23.527414999999962],[-46.55431139999996,-23.527029999999968],[-46.553102999999965,-23.526331999999968],[-46.553097099999945,-23.526819599999953],[-46.552776999999935,-23.52706699999993],[-46.55199099999993,-23.527762999999936],[-46.55179199999998,-23.52792299999993],[-46.55177199999997,-23.528126999999927]]]}},{"type":"Feature","id":"355030859000134","properties":{"code":"355030859000134","population":584,"areaKm2":0.0325175,"densityHabKm2":17959.56,"households":292,"situation":"Urbana","district":"Penha","neighborhood":null,"containsReferencePoint":false,"fullyWithinRadius":true,"centroidDistanceM":644,"statisticalYear":2022,"tabularRevision":"2026-05-20","geometryRelease":"2024-11-13"},"geometry":{"type":"Polygon","coordinates":[[[-46.55160799999993,-23.52641499999993],[-46.551128999999946,-23.526583999999957],[-46.55102599999998,-23.526622999999972],[-46.550656999999944,-23.526941999999963],[-46.550617999999986,-23.52695799999998],[-46.55056499999995,-23.52696099999997],[-46.550464999999974,-23.52696599999996],[-46.551391999999964,-23.52781099999993],[-46.55177199999997,-23.528126999999927],[-46.55179199999998,-23.52792299999993],[-46.55199099999993,-23.527762999999936],[-46.552776999999935,-23.52706699999993],[-46.553097099999945,-23.526819599999953],[-46.553102999999965,-23.526331999999968],[-46.55281759999997,-23.52604329999997],[-46.55264999999997,-23.52587099999994],[-46.55205999999998,-23.526198999999963],[-46.55168199999997,-23.526400999999964],[-46.55160799999993,-23.52641499999993]]]}},{"type":"Feature","id":"355030859000136","properties":{"code":"355030859000136","population":405,"areaKm2":0.0351314,"densityHabKm2":11528.15,"households":213,"situation":"Urbana","district":"Penha","neighborhood":null,"containsReferencePoint":false,"fullyWithinRadius":true,"centroidDistanceM":744,"statisticalYear":2022,"tabularRevision":"2026-05-20","geometryRelease":"2024-11-13"},"geometry":{"type":"Polygon","coordinates":[[[-46.54948699999994,-23.52387099999993],[-46.55030199999993,-23.52473999999995],[-46.550550999999984,-23.525004999999965],[-46.55075799999997,-23.525106999999934],[-46.55140899999998,-23.52456899999993],[-46.55218599999995,-23.523934999999938],[-46.551139999999975,-23.52285999999998],[-46.55028299999998,-23.523382999999967],[-46.54948699999994,-23.52387099999993]]]}},{"type":"Feature","id":"355030859000137","properties":{"code":"355030859000137","population":675,"areaKm2":0.0613707,"densityHabKm2":10998.73,"households":340,"situation":"Urbana","district":"Penha","neighborhood":null,"containsReferencePoint":false,"fullyWithinRadius":false,"centroidDistanceM":945,"statisticalYear":2022,"tabularRevision":"2026-05-20","geometryRelease":"2024-11-13"},"geometry":{"type":"Polygon","coordinates":[[[-46.54830499999997,-23.521311999999966],[-46.54758999999996,-23.52188499999994],[-46.54858699999994,-23.52291699999995],[-46.54948699999994,-23.52387099999993],[-46.55028299999998,-23.523382999999967],[-46.551139999999975,-23.52285999999998],[-46.55054699999994,-23.52223699999996],[-46.549698999999976,-23.521349999999927],[-46.54906799999998,-23.520692999999937],[-46.54830499999997,-23.521311999999966]]]}},{"type":"Feature","id":"355030859000138","properties":{"code":"355030859000138","population":521,"areaKm2":0.0554404,"densityHabKm2":9397.48,"households":236,"situation":"Urbana","district":"Penha","neighborhood":null,"containsReferencePoint":false,"fullyWithinRadius":false,"centroidDistanceM":1042,"statisticalYear":2022,"tabularRevision":"2026-05-20","geometryRelease":"2024-11-13"},"geometry":{"type":"Polygon","coordinates":[[[-46.54760799999997,-23.52058999999997],[-46.54830499999997,-23.521311999999966],[-46.54906799999998,-23.520692999999937],[-46.549698999999976,-23.521349999999927],[-46.550265999999965,-23.520895999999937],[-46.55065499999995,-23.52058599999998],[-46.55085779999996,-23.52042629999994],[-46.550823599999944,-23.520195199999932],[-46.550784599999986,-23.519829499999958],[-46.55077669999997,-23.519263799999976],[-46.550562699999944,-23.519015099999933],[-46.55050799999998,-23.518947999999966],[-46.55045299999995,-23.518876999999975],[-46.550138999999945,-23.518538999999976],[-46.54837399999997,-23.51996799999995],[-46.54760799999997,-23.52058999999997]]]}},{"type":"Feature","id":"355030859000155","properties":{"code":"355030859000155","population":631,"areaKm2":0.0358803,"densityHabKm2":17586.25,"households":259,"situation":"Urbana","district":"Penha","neighborhood":null,"containsReferencePoint":false,"fullyWithinRadius":true,"centroidDistanceM":609,"statisticalYear":2022,"tabularRevision":"2026-05-20","geometryRelease":"2024-11-13"},"geometry":{"type":"Polygon","coordinates":[[[-46.55075799999997,-23.525106999999934],[-46.55101709999997,-23.525261799999953],[-46.55110959999996,-23.52532359999998],[-46.55116869999995,-23.52538579999998],[-46.551215799999966,-23.525486499999943],[-46.55157399999996,-23.52631199999996],[-46.55160799999993,-23.52641499999993],[-46.55168199999997,-23.526400999999964],[-46.55205999999998,-23.526198999999963],[-46.55264999999997,-23.52587099999994],[-46.55302199999994,-23.525672999999983],[-46.553011899999944,-23.52516739999993],[-46.55299999999994,-23.52502099999998],[-46.55294399999997,-23.524798999999973],[-46.552903999999955,-23.52470399999993],[-46.55285699999996,-23.52463599999993],[-46.55278499999997,-23.52455199999997],[-46.55218599999995,-23.523934999999938],[-46.55140899999998,-23.52456899999993],[-46.55075799999997,-23.525106999999934]]]}},{"type":"Feature","id":"355030859000157","properties":{"code":"355030859000157","population":797,"areaKm2":0.0164101,"densityHabKm2":48567.65,"households":281,"situation":"Urbana","district":"Penha","neighborhood":null,"containsReferencePoint":false,"fullyWithinRadius":true,"centroidDistanceM":800,"statisticalYear":2022,"tabularRevision":"2026-05-20","geometryRelease":"2024-11-13"},"geometry":{"type":"Polygon","coordinates":[[[-46.551920199999984,-23.51920229999996],[-46.552463899999964,-23.51937229999993],[-46.55281979999995,-23.519476699999927],[-46.552941799999985,-23.519512299999974],[-46.55299359999998,-23.519525099999953],[-46.55308999999994,-23.519548999999927],[-46.55311969999997,-23.51957169999997],[-46.55317789999998,-23.519610299999954],[-46.553332299999965,-23.519680799999946],[-46.55434399999996,-23.51986499999998],[-46.55479669999994,-23.519888999999978],[-46.55487409999995,-23.519890699999962],[-46.55498869999997,-23.519866999999977],[-46.55506279999997,-23.51985149999996],[-46.555012999999974,-23.519626999999957],[-46.554926499999965,-23.51953439999994],[-46.554790999999966,-23.519439999999975],[-46.55468199999996,-23.519384999999943],[-46.55437999999998,-23.519360999999947],[-46.55399219999998,-23.519298499999934],[-46.55369699999994,-23.51925099999994],[-46.55313399999994,-23.51912199999998],[-46.55239299999994,-23.518883999999957],[-46.552044999999964,-23.51879699999995],[-46.552003999999954,-23.51880799999998],[-46.551980999999955,-23.51881999999995],[-46.55196969999997,-23.51884689999997],[-46.551920199999984,-23.51920229999996]]]}},{"type":"Feature","id":"355030859000213","properties":{"code":"355030859000213","population":560,"areaKm2":0.0146906,"densityHabKm2":38119.61,"households":209,"situation":"Urbana","district":"Penha","neighborhood":null,"containsReferencePoint":false,"fullyWithinRadius":false,"centroidDistanceM":1137,"statisticalYear":2022,"tabularRevision":"2026-05-20","geometryRelease":"2024-11-13"},"geometry":{"type":"Polygon","coordinates":[[[-46.55072379999996,-23.516722199999947],[-46.55075369999997,-23.518026599999928],[-46.55093059999996,-23.518025999999963],[-46.55100239999996,-23.51818559999998],[-46.55115129999996,-23.518329199999982],[-46.551369499999964,-23.51850339999993],[-46.55151839999996,-23.518597899999975],[-46.55171659999996,-23.518664399999977],[-46.55193799999995,-23.51873349999994],[-46.55184829999996,-23.519184399999972],[-46.55187769999998,-23.519190799999933],[-46.55189509999997,-23.519195599999932],[-46.551920199999984,-23.51920229999996],[-46.55196969999997,-23.51884689999997],[-46.551980999999955,-23.51881999999995],[-46.552003999999954,-23.51880799999998],[-46.552044999999964,-23.51879699999995],[-46.55239299999994,-23.518883999999957],[-46.552454299999965,-23.51869879999998],[-46.55231839999993,-23.51863129999998],[-46.552241299999935,-23.518586699999958],[-46.552225299999975,-23.518578099999957],[-46.55216409999997,-23.518645899999967],[-46.552023099999985,-23.51863789999993],[-46.55192069999998,-23.518621999999937],[-46.55177839999993,-23.518570099999977],[-46.551687999999956,-23.51852759999997],[-46.55155229999997,-23.518425099999945],[-46.55129429999994,-23.518196399999965],[-46.55115329999995,-23.518046099999935],[-46.551104099999975,-23.517943699999933],[-46.55108279999996,-23.51787319999994],[-46.551084199999934,-23.51780139999994],[-46.55109609999994,-23.517655099999956],[-46.55114139999995,-23.517507499999965],[-46.55118919999995,-23.517381099999966],[-46.55120249999993,-23.517250799999943],[-46.551223799999946,-23.51701399999996],[-46.551225199999976,-23.51682649999998],[-46.55121849999995,-23.516696799999977],[-46.55118029999994,-23.51663869999993],[-46.55114139999995,-23.516580399999953],[-46.55112939999998,-23.51646869999996],[-46.55112939999998,-23.51627849999994],[-46.55116129999993,-23.516124299999944],[-46.55120649999998,-23.51593409999998],[-46.551264199999935,-23.515670599999964],[-46.55128229999997,-23.515611699999965],[-46.55098739999994,-23.515546299999983],[-46.55096189999995,-23.515602999999942],[-46.55087949999995,-23.515800499999955],[-46.55082919999995,-23.51597709999993],[-46.55077289999997,-23.51620699999995],[-46.550729599999954,-23.516502599999967],[-46.55072379999996,-23.516722199999947]]]}},{"type":"Feature","id":"355030859000216","properties":{"code":"355030859000216","population":366,"areaKm2":0.0101992,"densityHabKm2":35885.17,"households":141,"situation":"Urbana","district":"Penha","neighborhood":null,"containsReferencePoint":false,"fullyWithinRadius":false,"centroidDistanceM":1019,"statisticalYear":2022,"tabularRevision":"2026-05-20","geometryRelease":"2024-11-13"},"geometry":{"type":"Polygon","coordinates":[[[-46.55127609999994,-23.51759579999998],[-46.55133019999994,-23.51768569999996],[-46.551485799999966,-23.517871899999932],[-46.55162149999995,-23.518024799999978],[-46.55178109999997,-23.518160499999965],[-46.55190479999993,-23.518270899999948],[-46.55200049999996,-23.51837859999995],[-46.552106899999956,-23.518495599999937],[-46.552225299999975,-23.518578099999957],[-46.552241299999935,-23.518586699999958],[-46.55231839999993,-23.51863129999998],[-46.552454299999965,-23.51869879999998],[-46.55256499999996,-23.51834699999995],[-46.55257799999998,-23.51824499999998],[-46.55256799999995,-23.518195999999932],[-46.55245499999995,-23.517943999999943],[-46.552408999999955,-23.51785099999995],[-46.55231999999995,-23.517739999999947],[-46.55226899999997,-23.51765899999998],[-46.55223499999994,-23.51757299999997],[-46.552205999999956,-23.517420999999956],[-46.552187999999944,-23.51728099999997],[-46.552201999999966,-23.51709699999998],[-46.55200449999995,-23.517088499999943],[-46.55199259999995,-23.517302599999937],[-46.55197259999994,-23.517412999999976],[-46.55197389999995,-23.51751539999998],[-46.55181429999993,-23.517533999999955],[-46.55160019999994,-23.51755399999996],[-46.55143929999997,-23.51755529999997],[-46.55138739999995,-23.51756599999993],[-46.55127609999994,-23.51759579999998]]]}},{"type":"Feature","id":"355030859000217","properties":{"code":"355030859000217","population":538,"areaKm2":0.0625716,"densityHabKm2":8598.15,"households":220,"situation":"Urbana","district":"Penha","neighborhood":null,"containsReferencePoint":false,"fullyWithinRadius":true,"centroidDistanceM":637,"statisticalYear":2022,"tabularRevision":"2026-05-20","geometryRelease":"2024-11-13"},"geometry":{"type":"Polygon","coordinates":[[[-46.549698999999976,-23.521349999999927],[-46.55054699999994,-23.52223699999996],[-46.551139999999975,-23.52285999999998],[-46.55218599999995,-23.523934999999938],[-46.55278499999997,-23.52455199999997],[-46.55285699999996,-23.52463599999993],[-46.552903999999955,-23.52470399999993],[-46.55294399999997,-23.524798999999973],[-46.55299999999994,-23.52502099999998],[-46.553011899999944,-23.52516739999993],[-46.55302199999994,-23.525672999999983],[-46.55264999999997,-23.52587099999994],[-46.55281759999997,-23.52604329999997],[-46.553102999999965,-23.526331999999968],[-46.55431139999996,-23.527029999999968],[-46.554371999999944,-23.52693499999998],[-46.55466899999993,-23.526408999999944],[-46.55496999999997,-23.525877999999977],[-46.554772999999955,-23.525777999999946],[-46.55468099999996,-23.52573099999995],[-46.55469909999994,-23.525701899999945],[-46.554399599999954,-23.52554609999993],[-46.55412269999994,-23.52595789999998],[-46.55366649999996,-23.526410099999964],[-46.553347299999984,-23.526239799999928],[-46.55334069999998,-23.526026999999942],[-46.55332199999998,-23.52549769999996],[-46.55325289999996,-23.525013599999966],[-46.55313049999995,-23.52462259999993],[-46.55293369999998,-23.52414639999995],[-46.55245489999993,-23.523319199999946],[-46.55190159999995,-23.52244399999995],[-46.55138029999995,-23.521584899999937],[-46.55117009999998,-23.521207199999935],[-46.55095199999994,-23.520709099999976],[-46.55085779999996,-23.52042629999994],[-46.55065499999995,-23.52058599999998],[-46.550265999999965,-23.520895999999937],[-46.549698999999976,-23.521349999999927]]]}},{"type":"Feature","id":"355030859000220","properties":{"code":"355030859000220","population":303,"areaKm2":0.0036597,"densityHabKm2":82793.67,"households":134,"situation":"Urbana","district":"Penha","neighborhood":null,"containsReferencePoint":false,"fullyWithinRadius":true,"centroidDistanceM":652,"statisticalYear":2022,"tabularRevision":"2026-05-20","geometryRelease":"2024-11-13"},"geometry":{"type":"Polygon","coordinates":[[[-46.55427279999998,-23.520385699999963],[-46.55421719999998,-23.52065779999998],[-46.554201199999966,-23.520732599999974],[-46.55432579999996,-23.52075949999994],[-46.55436959999997,-23.52076859999994],[-46.554625999999985,-23.52052699999996],[-46.55511389999998,-23.52009339999995],[-46.555107299999975,-23.520055599999978],[-46.55491779999994,-23.52004359999995],[-46.55459799999994,-23.52008799999993],[-46.554386499999964,-23.520146599999975],[-46.55434719999994,-23.520170099999973],[-46.554309099999955,-23.52021389999993],[-46.55427279999998,-23.520385699999963]]]}},{"type":"Feature","id":"355030859000221","properties":{"code":"355030859000221","population":331,"areaKm2":0.0080678,"densityHabKm2":41027.29,"households":132,"situation":"Urbana","district":"Penha","neighborhood":null,"containsReferencePoint":false,"fullyWithinRadius":true,"centroidDistanceM":716,"statisticalYear":2022,"tabularRevision":"2026-05-20","geometryRelease":"2024-11-13"},"geometry":{"type":"Polygon","coordinates":[[[-46.55319679999997,-23.519973799999946],[-46.55332149999998,-23.520200699999975],[-46.55425879999996,-23.52038299999998],[-46.55427279999998,-23.520385699999963],[-46.554309099999955,-23.52021389999993],[-46.55434719999994,-23.520170099999973],[-46.554386499999964,-23.520146599999975],[-46.55459799999994,-23.52008799999993],[-46.55491779999994,-23.52004359999995],[-46.555107299999975,-23.520055599999978],[-46.555071399999974,-23.51988769999997],[-46.55506279999997,-23.51985149999996],[-46.55498869999997,-23.519866999999977],[-46.55487409999995,-23.519890699999962],[-46.55479669999994,-23.519888999999978],[-46.55434399999996,-23.51986499999998],[-46.553332299999965,-23.519680799999946],[-46.55319679999997,-23.519973799999946]]]}},{"type":"Feature","id":"355030859000222","properties":{"code":"355030859000222","population":338,"areaKm2":0.0031775,"densityHabKm2":106372.93,"households":134,"situation":"Urbana","district":"Penha","neighborhood":null,"containsReferencePoint":false,"fullyWithinRadius":true,"centroidDistanceM":685,"statisticalYear":2022,"tabularRevision":"2026-05-20","geometryRelease":"2024-11-13"},"geometry":{"type":"Polygon","coordinates":[[[-46.554201199999966,-23.520732599999974],[-46.55421719999998,-23.52065779999998],[-46.55427279999998,-23.520385699999963],[-46.55425879999996,-23.52038299999998],[-46.55332149999998,-23.520200699999975],[-46.55348939999993,-23.52050049999997],[-46.55365029999996,-23.520614799999976],[-46.554201199999966,-23.520732599999974]]]}},{"type":"Feature","id":"355030859000223","properties":{"code":"355030859000223","population":304,"areaKm2":0.0027855,"densityHabKm2":109136.6,"households":150,"situation":"Urbana","district":"Penha","neighborhood":null,"containsReferencePoint":false,"fullyWithinRadius":true,"centroidDistanceM":790,"statisticalYear":2022,"tabularRevision":"2026-05-20","geometryRelease":"2024-11-13"},"geometry":{"type":"Polygon","coordinates":[[[-46.552702599999975,-23.520051199999955],[-46.55273699999998,-23.520063499999935],[-46.552756399999964,-23.520069999999976],[-46.55277529999995,-23.520076399999937],[-46.55310289999994,-23.52019139999993],[-46.55319679999997,-23.519973799999946],[-46.553332299999965,-23.519680799999946],[-46.55317789999998,-23.519610299999954],[-46.55311969999997,-23.51957169999997],[-46.55308999999994,-23.519548999999927],[-46.55299359999998,-23.519525099999953],[-46.552941799999985,-23.519512299999974],[-46.55292909999997,-23.51954049999995],[-46.552702599999975,-23.520051199999955]]]}},{"type":"Feature","id":"355030859000224","properties":{"code":"355030859000224","population":279,"areaKm2":0.0034746,"densityHabKm2":80297.01,"households":150,"situation":"Urbana","district":"Penha","neighborhood":null,"containsReferencePoint":false,"fullyWithinRadius":true,"centroidDistanceM":759,"statisticalYear":2022,"tabularRevision":"2026-05-20","geometryRelease":"2024-11-13"},"geometry":{"type":"Polygon","coordinates":[[[-46.552414699999986,-23.520708799999966],[-46.552454799999964,-23.52072409999994],[-46.55276669999995,-23.52084199999996],[-46.552813999999955,-23.52086019999996],[-46.55310289999994,-23.52019139999993],[-46.55277529999995,-23.520076399999937],[-46.552756399999964,-23.520069999999976],[-46.55273699999998,-23.520063499999935],[-46.552702599999975,-23.520051199999955],[-46.552414699999986,-23.520708799999966]]]}},{"type":"Feature","id":"355030859000225","properties":{"code":"355030859000225","population":329,"areaKm2":0.003858,"densityHabKm2":85277.35,"households":150,"situation":"Urbana","district":"Penha","neighborhood":null,"containsReferencePoint":false,"fullyWithinRadius":true,"centroidDistanceM":802,"statisticalYear":2022,"tabularRevision":"2026-05-20","geometryRelease":"2024-11-13"},"geometry":{"type":"Polygon","coordinates":[[[-46.55202189999994,-23.52041639999993],[-46.55197089999996,-23.520537899999965],[-46.552414699999986,-23.520708799999966],[-46.552702599999975,-23.520051199999955],[-46.552613399999984,-23.52001999999993],[-46.552594399999975,-23.52001309999997],[-46.552576199999976,-23.52000659999993],[-46.55224579999998,-23.519888999999978],[-46.55202189999994,-23.52041639999993]]]}},{"type":"Feature","id":"355030859000226","properties":{"code":"355030859000226","population":357,"areaKm2":0.0031807,"densityHabKm2":112239.44,"households":150,"situation":"Urbana","district":"Penha","neighborhood":null,"containsReferencePoint":false,"fullyWithinRadius":true,"centroidDistanceM":831,"statisticalYear":2022,"tabularRevision":"2026-05-20","geometryRelease":"2024-11-13"},"geometry":{"type":"Polygon","coordinates":[[[-46.55224579999998,-23.519888999999978],[-46.552576199999976,-23.52000659999993],[-46.552594399999975,-23.52001309999997],[-46.552613399999984,-23.52001999999993],[-46.552702599999975,-23.520051199999955],[-46.55292909999997,-23.51954049999995],[-46.552941799999985,-23.519512299999974],[-46.55281979999995,-23.519476699999927],[-46.552463899999964,-23.51937229999993],[-46.55224579999998,-23.519888999999978]]]}},{"type":"Feature","id":"355030859000227","properties":{"code":"355030859000227","population":345,"areaKm2":0.0036638,"densityHabKm2":94164.53,"households":150,"situation":"Urbana","district":"Penha","neighborhood":null,"containsReferencePoint":false,"fullyWithinRadius":true,"centroidDistanceM":786,"statisticalYear":2022,"tabularRevision":"2026-05-20","geometryRelease":"2024-11-13"},"geometry":{"type":"Polygon","coordinates":[[[-46.55223109999997,-23.521262999999976],[-46.552454799999964,-23.52072409999994],[-46.552414699999986,-23.520708799999966],[-46.55197089999996,-23.520537899999965],[-46.55202189999994,-23.52041639999993],[-46.55174109999996,-23.52031029999995],[-46.551788999999985,-23.520666699999936],[-46.55181159999995,-23.52074779999998],[-46.55192059999996,-23.52099389999995],[-46.55208289999996,-23.521134899999936],[-46.55223109999997,-23.521262999999976]]]}},{"type":"Feature","id":"355030859000228","properties":{"code":"355030859000228","population":334,"areaKm2":0.002845,"densityHabKm2":117398.95,"households":150,"situation":"Urbana","district":"Penha","neighborhood":null,"containsReferencePoint":false,"fullyWithinRadius":true,"centroidDistanceM":729,"statisticalYear":2022,"tabularRevision":"2026-05-20","geometryRelease":"2024-11-13"},"geometry":{"type":"Polygon","coordinates":[[[-46.55223109999997,-23.521262999999976],[-46.55254709999997,-23.521523199999933],[-46.552813999999955,-23.52086019999996],[-46.55276669999995,-23.52084199999996],[-46.552454799999964,-23.52072409999994],[-46.55223109999997,-23.521262999999976]]]}},{"type":"Feature","id":"355030859000229","properties":{"code":"355030859000229","population":352,"areaKm2":0.0063801,"densityHabKm2":55171.55,"households":149,"situation":"Urbana","district":"Penha","neighborhood":null,"containsReferencePoint":false,"fullyWithinRadius":true,"centroidDistanceM":867,"statisticalYear":2022,"tabularRevision":"2026-05-20","geometryRelease":"2024-11-13"},"geometry":{"type":"Polygon","coordinates":[[[-46.55174109999996,-23.52031029999995],[-46.55202189999994,-23.52041639999993],[-46.55224579999998,-23.519888999999978],[-46.552463899999964,-23.51937229999993],[-46.551920199999984,-23.51920229999996],[-46.55189509999997,-23.519195599999932],[-46.551867999999956,-23.519365999999934],[-46.55185099999994,-23.519388999999933],[-46.55180199999995,-23.519420999999966],[-46.55176369999998,-23.519441099999938],[-46.55176239999997,-23.519464399999947],[-46.55175899999995,-23.519502299999942],[-46.551707799999974,-23.52006419999998],[-46.55174109999996,-23.52031029999995]]]}},{"type":"Feature","id":"355030859000238","properties":{"code":"355030859000238","population":531,"areaKm2":0.0482856,"densityHabKm2":10997.07,"households":222,"situation":"Urbana","district":"Penha","neighborhood":null,"containsReferencePoint":false,"fullyWithinRadius":false,"centroidDistanceM":1219,"statisticalYear":2022,"tabularRevision":"2026-05-20","geometryRelease":"2024-11-13"},"geometry":{"type":"Polygon","coordinates":[[[-46.547600999999986,-23.51765899999998],[-46.548006999999984,-23.51774699999993],[-46.54837699999996,-23.51783699999993],[-46.54855239999995,-23.517913299999975],[-46.54866599999997,-23.518010999999944],[-46.54875199999998,-23.518091999999967],[-46.548865999999975,-23.51825999999994],[-46.54903669999993,-23.518106899999964],[-46.54910609999996,-23.518033899999978],[-46.54926729999994,-23.517853199999934],[-46.549360999999976,-23.517754999999966],[-46.550138999999945,-23.518538999999976],[-46.55045299999995,-23.518876999999975],[-46.55050799999998,-23.518947999999966],[-46.550562699999944,-23.519015099999933],[-46.55077669999997,-23.519263799999976],[-46.55075369999997,-23.518026599999928],[-46.55072379999996,-23.516722199999947],[-46.55052699999993,-23.51668099999995],[-46.549774999999954,-23.516513999999972],[-46.54981499999997,-23.516332999999975],[-46.54903799999994,-23.516155999999967],[-46.54869999999994,-23.517371999999966],[-46.54830199999998,-23.517281999999966],[-46.54813669999993,-23.51723979999997],[-46.54807549999998,-23.517444699999942],[-46.54757509999996,-23.51732499999997],[-46.54755319999998,-23.51731959999995],[-46.547510999999986,-23.51759599999997],[-46.547600999999986,-23.51765899999998]]]}},{"type":"Feature","id":"355030859000240","properties":{"code":"355030859000240","population":243,"areaKm2":0.0051693,"densityHabKm2":47008.3,"households":87,"situation":"Urbana","district":"Penha","neighborhood":null,"containsReferencePoint":false,"fullyWithinRadius":false,"centroidDistanceM":1033,"statisticalYear":2022,"tabularRevision":"2026-05-20","geometryRelease":"2024-11-13"},"geometry":{"type":"Polygon","coordinates":[[[-46.552225299999975,-23.518578099999957],[-46.552106899999956,-23.518495599999937],[-46.55200049999996,-23.51837859999995],[-46.55190479999993,-23.518270899999948],[-46.55178109999997,-23.518160499999965],[-46.55162149999995,-23.518024799999978],[-46.551485799999966,-23.517871899999932],[-46.55133019999994,-23.51768569999996],[-46.55127609999994,-23.51759579999998],[-46.55123979999996,-23.51753539999993],[-46.55118919999995,-23.517381099999966],[-46.55114139999995,-23.517507499999965],[-46.55109609999994,-23.517655099999956],[-46.551084199999934,-23.51780139999994],[-46.55108279999996,-23.51787319999994],[-46.551104099999975,-23.517943699999933],[-46.55115329999995,-23.518046099999935],[-46.55129429999994,-23.518196399999965],[-46.55155229999997,-23.518425099999945],[-46.551687999999956,-23.51852759999997],[-46.55177839999993,-23.518570099999977],[-46.55192069999998,-23.518621999999937],[-46.552023099999985,-23.51863789999993],[-46.55216409999997,-23.518645899999967],[-46.552225299999975,-23.518578099999957]]]}},{"type":"Feature","id":"355030859000242","properties":{"code":"355030859000242","population":199,"areaKm2":0.0486356,"densityHabKm2":4091.65,"households":102,"situation":"Urbana","district":"Penha","neighborhood":null,"containsReferencePoint":false,"fullyWithinRadius":false,"centroidDistanceM":1172,"statisticalYear":2022,"tabularRevision":"2026-05-20","geometryRelease":"2024-11-13"},"geometry":{"type":"Polygon","coordinates":[[[-46.545991999999956,-23.52125499999994],[-46.545211999999935,-23.522359999999935],[-46.544862999999964,-23.522842999999966],[-46.545293999999956,-23.523093999999958],[-46.545545999999945,-23.522715999999946],[-46.54559399999994,-23.522637999999972],[-46.54564099999993,-23.522575999999958],[-46.54571199999998,-23.522490999999945],[-46.54581849999994,-23.522410499999978],[-46.54591329999994,-23.52234859999993],[-46.546092999999985,-23.52230099999997],[-46.54696999999993,-23.522055999999964],[-46.54711099999997,-23.522288999999944],[-46.547139999999956,-23.522336999999936],[-46.54789699999998,-23.52360699999997],[-46.54794199999998,-23.523671999999976],[-46.54804199999995,-23.523815999999954],[-46.548063999999954,-23.523844999999937],[-46.54831999999993,-23.523693999999978],[-46.54834699999998,-23.52366999999998],[-46.54838399999994,-23.523597999999936],[-46.54858699999994,-23.52291699999995],[-46.54758999999996,-23.52188499999994],[-46.54830499999997,-23.521311999999966],[-46.54760799999997,-23.52058999999997],[-46.54669599999994,-23.521341999999947],[-46.54671799999994,-23.521447999999964],[-46.545991999999956,-23.52125499999994]]]}},{"type":"Feature","id":"355030859000259","properties":{"code":"355030859000259","population":212,"areaKm2":0.0608985,"densityHabKm2":3481.2,"households":96,"situation":"Urbana","district":"Penha","neighborhood":null,"containsReferencePoint":false,"fullyWithinRadius":false,"centroidDistanceM":831,"statisticalYear":2022,"tabularRevision":"2026-05-20","geometryRelease":"2024-11-13"},"geometry":{"type":"Polygon","coordinates":[[[-46.548063999999954,-23.523844999999937],[-46.54810399999997,-23.523894999999982],[-46.54816599999998,-23.52396099999993],[-46.54831699999994,-23.524059999999963],[-46.54882999999995,-23.524269999999945],[-46.54856199999995,-23.52443299999993],[-46.54852299999993,-23.524467999999956],[-46.54850699999997,-23.524505999999974],[-46.548509999999965,-23.52454599999993],[-46.54872899999998,-23.52488999999997],[-46.54920569999996,-23.52552739999993],[-46.549766699999964,-23.52622969999993],[-46.55004799999995,-23.526495999999952],[-46.550099999999986,-23.526542999999947],[-46.55012199999993,-23.52658299999996],[-46.55013299999996,-23.526630299999965],[-46.55013589999993,-23.52666199999993],[-46.550135299999965,-23.526760999999965],[-46.55016899999998,-23.526759999999967],[-46.55022799999995,-23.526765999999952],[-46.55029799999994,-23.52681199999995],[-46.550464999999974,-23.52696599999996],[-46.55056499999995,-23.52696099999997],[-46.550617999999986,-23.52695799999998],[-46.550656999999944,-23.526941999999963],[-46.55102599999998,-23.526622999999972],[-46.551128999999946,-23.526583999999957],[-46.55160799999993,-23.52641499999993],[-46.55157399999996,-23.52631199999996],[-46.551215799999966,-23.525486499999943],[-46.55116869999995,-23.52538579999998],[-46.55110959999996,-23.52532359999998],[-46.55101709999997,-23.525261799999953],[-46.55075799999997,-23.525106999999934],[-46.550550999999984,-23.525004999999965],[-46.55030199999993,-23.52473999999995],[-46.54948699999994,-23.52387099999993],[-46.54858699999994,-23.52291699999995],[-46.54838399999994,-23.523597999999936],[-46.54834699999998,-23.52366999999998],[-46.54831999999993,-23.523693999999978],[-46.548063999999954,-23.523844999999937]]]}},{"type":"Feature","id":"355030859000345","properties":{"code":"355030859000345","population":258,"areaKm2":0.0318307,"densityHabKm2":8105.38,"households":118,"situation":"Urbana","district":"Penha","neighborhood":null,"containsReferencePoint":false,"fullyWithinRadius":false,"centroidDistanceM":937,"statisticalYear":2022,"tabularRevision":"2026-05-20","geometryRelease":"2024-11-13"},"geometry":{"type":"Polygon","coordinates":[[[-46.550089999999955,-23.53066599999994],[-46.55083099999996,-23.531581999999958],[-46.55116799999996,-23.53199799999993],[-46.55131689999996,-23.53218389999995],[-46.551396599999975,-23.532283399999983],[-46.551391799999976,-23.532324099999983],[-46.55153799999994,-23.532244999999932],[-46.55171299999995,-23.53214799999995],[-46.55191499999995,-23.53200099999998],[-46.55207699999994,-23.531864999999982],[-46.55223799999993,-23.53170599999993],[-46.55242199999998,-23.53145399999994],[-46.55250289999998,-23.53133699999995],[-46.55237169999998,-23.531272999999942],[-46.55224949999996,-23.531214099999943],[-46.55164289999993,-23.53045979999996],[-46.55123009999994,-23.529917799999964],[-46.550089999999955,-23.53066599999994]]]}},{"type":"Feature","id":"355030859000351","properties":{"code":"355030859000351","population":815,"areaKm2":0.4556317,"densityHabKm2":1788.73,"households":418,"situation":"Urbana","district":"Penha","neighborhood":null,"containsReferencePoint":false,"fullyWithinRadius":false,"centroidDistanceM":562,"statisticalYear":2022,"tabularRevision":"2026-05-20","geometryRelease":"2024-11-13"},"geometry":{"type":"Polygon","coordinates":[[[-46.553475499999934,-23.516199599999936],[-46.55330639999994,-23.51660229999993],[-46.55329899999998,-23.516619999999932],[-46.55319599999996,-23.51666199999994],[-46.553138299999944,-23.51669529999998],[-46.552989999999966,-23.51678499999997],[-46.55290199999996,-23.51690599999995],[-46.552846999999986,-23.516944999999964],[-46.552303999999936,-23.517075999999975],[-46.552201999999966,-23.51709699999998],[-46.552187999999944,-23.51728099999997],[-46.552205999999956,-23.517420999999956],[-46.55223499999994,-23.51757299999997],[-46.55226899999997,-23.51765899999998],[-46.55231999999995,-23.517739999999947],[-46.552408999999955,-23.51785099999995],[-46.55245499999995,-23.517943999999943],[-46.55256799999995,-23.518195999999932],[-46.55257799999998,-23.51824499999998],[-46.55256499999996,-23.51834699999995],[-46.552454299999965,-23.51869879999998],[-46.55239299999994,-23.518883999999957],[-46.55313399999994,-23.51912199999998],[-46.55369699999994,-23.51925099999994],[-46.55399219999998,-23.519298499999934],[-46.55437999999998,-23.519360999999947],[-46.55468199999996,-23.519384999999943],[-46.554790999999966,-23.519439999999975],[-46.554926499999965,-23.51953439999994],[-46.555012999999974,-23.519626999999957],[-46.55506279999997,-23.51985149999996],[-46.555071399999974,-23.51988769999997],[-46.555107299999975,-23.520055599999978],[-46.55511389999998,-23.52009339999995],[-46.554625999999985,-23.52052699999996],[-46.55436959999997,-23.52076859999994],[-46.55432579999996,-23.52075949999994],[-46.554201199999966,-23.520732599999974],[-46.55365029999996,-23.520614799999976],[-46.55348939999993,-23.52050049999997],[-46.55332149999998,-23.520200699999975],[-46.55319679999997,-23.519973799999946],[-46.55310289999994,-23.52019139999993],[-46.552813999999955,-23.52086019999996],[-46.55254709999997,-23.521523199999933],[-46.55223109999997,-23.521262999999976],[-46.55208289999996,-23.521134899999936],[-46.55192059999996,-23.52099389999995],[-46.55181159999995,-23.52074779999998],[-46.551788999999985,-23.520666699999936],[-46.55174109999996,-23.52031029999995],[-46.551707799999974,-23.52006419999998],[-46.55175899999995,-23.519502299999942],[-46.55176239999997,-23.519464399999947],[-46.55176369999998,-23.519441099999938],[-46.55180199999995,-23.519420999999966],[-46.55185099999994,-23.519388999999933],[-46.551867999999956,-23.519365999999934],[-46.55189509999997,-23.519195599999932],[-46.55187769999998,-23.519190799999933],[-46.55184829999996,-23.519184399999972],[-46.55193799999995,-23.51873349999994],[-46.55171659999996,-23.518664399999977],[-46.55151839999996,-23.518597899999975],[-46.551369499999964,-23.51850339999993],[-46.55115129999996,-23.518329199999982],[-46.55100239999996,-23.51818559999998],[-46.55093059999996,-23.518025999999963],[-46.55075369999997,-23.518026599999928],[-46.55077669999997,-23.519263799999976],[-46.550784599999986,-23.519829499999958],[-46.550823599999944,-23.520195199999932],[-46.55085779999996,-23.52042629999994],[-46.55095199999994,-23.520709099999976],[-46.55117009999998,-23.521207199999935],[-46.55138029999995,-23.521584899999937],[-46.55190159999995,-23.52244399999995],[-46.55245489999993,-23.523319199999946],[-46.55293369999998,-23.52414639999995],[-46.55313049999995,-23.52462259999993],[-46.55325289999996,-23.525013599999966],[-46.55332199999998,-23.52549769999996],[-46.55334069999998,-23.526026999999942],[-46.553347299999984,-23.526239799999928],[-46.55366649999996,-23.526410099999964],[-46.55412269999994,-23.52595789999998],[-46.554399599999954,-23.52554609999993],[-46.55469909999994,-23.525701899999945],[-46.55468099999996,-23.52573099999995],[-46.554772999999955,-23.525777999999946],[-46.55496999999997,-23.525877999999977],[-46.55466899999993,-23.526408999999944],[-46.554371999999944,-23.52693499999998],[-46.55431139999996,-23.527029999999968],[-46.55499099999997,-23.527414999999962],[-46.555023999999946,-23.527432199999964],[-46.55515959999997,-23.52734099999998],[-46.555196999999964,-23.52728499999995],[-46.555537999999956,-23.526768999999945],[-46.555725999999936,-23.526499999999942],[-46.55590999999998,-23.52627499999994],[-46.556176999999934,-23.52594499999998],[-46.556340999999975,-23.525744999999972],[-46.55653899999993,-23.525458999999955],[-46.556829999999934,-23.525101399999983],[-46.55697999999995,-23.52491699999996],[-46.55717199999998,-23.52464599999996],[-46.557271999999955,-23.524493999999947],[-46.557384999999954,-23.524287999999956],[-46.55753599999997,-23.524008999999978],[-46.55767599999996,-23.52376499999997],[-46.55779899999993,-23.523570999999947],[-46.558022999999935,-23.523236999999938],[-46.558225999999934,-23.52293199999997],[-46.55801199999996,-23.522820999999965],[-46.55772899999994,-23.522658999999976],[-46.55748699999998,-23.522498999999982],[-46.55710899999997,-23.52223299999997],[-46.55681499999997,-23.521953999999937],[-46.55659399999996,-23.52172699999994],[-46.55642099999994,-23.521514999999965],[-46.55626599999994,-23.521289999999965],[-46.55608099999995,-23.520959999999945],[-46.55597599999993,-23.52070199999997],[-46.555816999999934,-23.52025699999996],[-46.555713999999966,-23.519875999999954],[-46.55564099999998,-23.51945399999994],[-46.55561199999994,-23.51912699999997],[-46.555605999999955,-23.519053999999983],[-46.55562199999997,-23.51871099999994],[-46.555669999999964,-23.51826699999998],[-46.55578099999997,-23.517758999999955],[-46.55594189999994,-23.517065999999943],[-46.55608399999994,-23.51645199999996],[-46.556164799999976,-23.516152399999953],[-46.55575459999994,-23.51606529999998],[-46.555541999999946,-23.516018799999983],[-46.55330379999998,-23.51552479999998],[-46.553237499999966,-23.515738899999974],[-46.553142399999956,-23.516024699999946],[-46.55313039999993,-23.51605829999994],[-46.553241999999955,-23.516087999999968],[-46.55349119999994,-23.516162399999928],[-46.553475499999934,-23.516199599999936]]]}},{"type":"Feature","id":"355030880000027","properties":{"code":"355030880000027","population":575,"areaKm2":0.0469217,"densityHabKm2":12254.46,"households":315,"situation":"Urbana","district":"Tatuapé","neighborhood":null,"containsReferencePoint":false,"fullyWithinRadius":false,"centroidDistanceM":1045,"statisticalYear":2022,"tabularRevision":"2026-05-20","geometryRelease":"2024-11-13"},"geometry":{"type":"Polygon","coordinates":[[[-46.56538459999996,-23.530268699999965],[-46.56520699999993,-23.53080099999994],[-46.565004999999985,-23.531448999999952],[-46.56560799999994,-23.531605999999954],[-46.56529999999998,-23.532551999999953],[-46.56469999999996,-23.532352999999944],[-46.564385999999956,-23.53326599999997],[-46.56477199999995,-23.533399999999972],[-46.565188999999975,-23.533537999999965],[-46.56560799999994,-23.533680999999945],[-46.565767999999935,-23.53315299999997],[-46.56588899999997,-23.532735999999943],[-46.566168999999945,-23.531739999999957],[-46.56636199999997,-23.531121999999982],[-46.56643199999996,-23.530873999999983],[-46.566516999999976,-23.53057199999995],[-46.56671799999998,-23.529860999999983],[-46.56638389999995,-23.529780999999957],[-46.566031899999984,-23.529697599999963],[-46.56560399999995,-23.529594999999972],[-46.56538459999996,-23.530268699999965]]]}},{"type":"Feature","id":"355030880000028","properties":{"code":"355030880000028","population":526,"areaKm2":0.0396262,"densityHabKm2":13274.05,"households":268,"situation":"Urbana","district":"Tatuapé","neighborhood":null,"containsReferencePoint":false,"fullyWithinRadius":false,"centroidDistanceM":955,"statisticalYear":2022,"tabularRevision":"2026-05-20","geometryRelease":"2024-11-13"},"geometry":{"type":"Polygon","coordinates":[[[-46.562453999999946,-23.531586999999945],[-46.56209099999995,-23.53249999999997],[-46.56266499999998,-23.532689999999945],[-46.563170499999956,-23.532860899999946],[-46.56328509999997,-23.532898599999953],[-46.56374899999997,-23.53305199999994],[-46.56404999999995,-23.53212499999995],[-46.56469999999996,-23.532352999999944],[-46.56529999999998,-23.532551999999953],[-46.56560799999994,-23.531605999999954],[-46.565004999999985,-23.531448999999952],[-46.56384699999995,-23.531028999999933],[-46.56363899999997,-23.53153199999997],[-46.56348399999996,-23.53193299999998],[-46.562453999999946,-23.531586999999945]]]}},{"type":"Feature","id":"355030880000029","properties":{"code":"355030880000029","population":554,"areaKm2":0.0743391,"densityHabKm2":7452.34,"households":373,"situation":"Urbana","district":"Tatuapé","neighborhood":null,"containsReferencePoint":false,"fullyWithinRadius":false,"centroidDistanceM":948,"statisticalYear":2022,"tabularRevision":"2026-05-20","geometryRelease":"2024-11-13"},"geometry":{"type":"Polygon","coordinates":[[[-46.559436999999946,-23.533567999999946],[-46.56039099999998,-23.533912999999927],[-46.561383999999975,-23.534266999999943],[-46.56182599999994,-23.53443199999998],[-46.56232199999994,-23.534576999999956],[-46.562820999999985,-23.534733999999958],[-46.56324699999993,-23.53307259999997],[-46.56328509999997,-23.532898599999953],[-46.563170499999956,-23.532860899999946],[-46.56266499999998,-23.532689999999945],[-46.56209099999995,-23.53249999999997],[-46.56194279999994,-23.532448099999954],[-46.561642699999936,-23.532344799999976],[-46.561373799999956,-23.53225089999995],[-46.56093199999998,-23.532103999999947],[-46.56010799999996,-23.531819999999982],[-46.55998299999993,-23.532140999999967],[-46.55987299999998,-23.532429999999977],[-46.55965699999996,-23.532997999999964],[-46.55945099999997,-23.533536999999967],[-46.559436999999946,-23.533567999999946]]]}},{"type":"Feature","id":"355030880000056","properties":{"code":"355030880000056","population":562,"areaKm2":0.0513215,"densityHabKm2":10950.58,"households":266,"situation":"Urbana","district":"Tatuapé","neighborhood":null,"containsReferencePoint":false,"fullyWithinRadius":true,"centroidDistanceM":621,"statisticalYear":2022,"tabularRevision":"2026-05-20","geometryRelease":"2024-11-13"},"geometry":{"type":"Polygon","coordinates":[[[-46.562404999999956,-23.52880399999998],[-46.562734999999975,-23.52888299999995],[-46.563827199999935,-23.528874499999972],[-46.56427999999994,-23.528971999999953],[-46.56437109999996,-23.52852409999997],[-46.56437699999998,-23.528494999999964],[-46.56447099999997,-23.528007999999943],[-46.564547999999945,-23.527692999999942],[-46.56459359999997,-23.527503999999965],[-46.56468559999996,-23.527103499999953],[-46.56454309999998,-23.527023999999983],[-46.563886999999966,-23.52650699999998],[-46.56326999999993,-23.52599699999996],[-46.56308399999995,-23.52687599999996],[-46.562626999999964,-23.52679399999994],[-46.56257999999997,-23.526794999999936],[-46.562558999999965,-23.526823999999976],[-46.56232899999998,-23.52792999999997],[-46.56284599999998,-23.527921999999933],[-46.56254699999994,-23.52848199999994],[-46.562464999999975,-23.528659999999945],[-46.562404999999956,-23.52880399999998]]]}},{"type":"Feature","id":"355030880000057","properties":{"code":"355030880000057","population":636,"areaKm2":0.0482417,"densityHabKm2":13183.62,"households":285,"situation":"Urbana","district":"Tatuapé","neighborhood":null,"containsReferencePoint":false,"fullyWithinRadius":true,"centroidDistanceM":757,"statisticalYear":2022,"tabularRevision":"2026-05-20","geometryRelease":"2024-11-13"},"geometry":{"type":"Polygon","coordinates":[[[-46.562216999999976,-23.529720999999938],[-46.56284999999997,-23.53058299999998],[-46.56263899999993,-23.531124999999975],[-46.562453999999946,-23.531586999999945],[-46.56348399999996,-23.53193299999998],[-46.56363899999997,-23.53153199999997],[-46.56384699999995,-23.531028999999933],[-46.56398999999993,-23.530366999999956],[-46.564224999999965,-23.529245999999944],[-46.56427999999994,-23.528971999999953],[-46.563827199999935,-23.528874499999972],[-46.562734999999975,-23.52888299999995],[-46.562404999999956,-23.52880399999998],[-46.56233499999996,-23.529007999999976],[-46.56229999999994,-23.529177999999945],[-46.56229199999996,-23.529233999999974],[-46.56222999999994,-23.529645999999957],[-46.562216999999976,-23.529720999999938]]]}},{"type":"Feature","id":"355030880000060","properties":{"code":"355030880000060","population":546,"areaKm2":0.0728606,"densityHabKm2":7493.76,"households":285,"situation":"Urbana","district":"Tatuapé","neighborhood":null,"containsReferencePoint":false,"fullyWithinRadius":false,"centroidDistanceM":1060,"statisticalYear":2022,"tabularRevision":"2026-05-20","geometryRelease":"2024-11-13"},"geometry":{"type":"Polygon","coordinates":[[[-46.55841799999996,-23.536292999999944],[-46.55852299999998,-23.53606439999993],[-46.55862469999994,-23.535901399999943],[-46.558790699999975,-23.535692599999948],[-46.55888429999993,-23.535529699999927],[-46.55897129999994,-23.535345699999937],[-46.55905089999993,-23.535141599999974],[-46.55912459999996,-23.534891499999958],[-46.55903519999998,-23.534780099999978],[-46.55922609999993,-23.53420799999998],[-46.557334999999966,-23.53342699999996],[-46.55726699999997,-23.533417999999983],[-46.55692299999998,-23.53411099999994],[-46.556291999999985,-23.533792999999946],[-46.555777999999975,-23.535135999999966],[-46.55635199999995,-23.535563999999965],[-46.55654939999994,-23.535716599999944],[-46.55675129999997,-23.535846099999958],[-46.55695899999995,-23.53596299999998],[-46.55708199999998,-23.536013999999966],[-46.55730959999994,-23.536077099999943],[-46.55753699999997,-23.536123999999973],[-46.55771579999998,-23.53616009999996],[-46.55789319999997,-23.53619249999997],[-46.55809469999997,-23.536229799999944],[-46.558137999999985,-23.53623829999998],[-46.55841799999996,-23.536292999999944]]]}},{"type":"Feature","id":"355030880000076","properties":{"code":"355030880000076","population":520,"areaKm2":0.0597073,"densityHabKm2":8709.15,"households":243,"situation":"Urbana","district":"Tatuapé","neighborhood":null,"containsReferencePoint":false,"fullyWithinRadius":true,"centroidDistanceM":480,"statisticalYear":2022,"tabularRevision":"2026-05-20","geometryRelease":"2024-11-13"},"geometry":{"type":"Polygon","coordinates":[[[-46.56223739999996,-23.525719699999968],[-46.56215599999996,-23.525878899999952],[-46.56188869999994,-23.526402099999927],[-46.561807399999964,-23.526549199999977],[-46.56145779999997,-23.527179799999942],[-46.56107519999995,-23.52783759999994],[-46.56084499999997,-23.528243999999972],[-46.560494999999946,-23.528899999999965],[-46.56032499999998,-23.52921299999997],[-46.56103699999994,-23.529248999999936],[-46.56150199999996,-23.529267999999945],[-46.56158599999998,-23.52927699999998],[-46.561680999999965,-23.529297999999983],[-46.56180399999994,-23.52933399999995],[-46.561879999999974,-23.52938199999994],[-46.56201299999998,-23.529480999999976],[-46.56208399999997,-23.529549999999972],[-46.562216999999976,-23.529720999999938],[-46.56222999999994,-23.529645999999957],[-46.56229199999996,-23.529233999999974],[-46.56229999999994,-23.529177999999945],[-46.56233499999996,-23.529007999999976],[-46.562404999999956,-23.52880399999998],[-46.562464999999975,-23.528659999999945],[-46.56254699999994,-23.52848199999994],[-46.56284599999998,-23.527921999999933],[-46.56232899999998,-23.52792999999997],[-46.562558999999965,-23.526823999999976],[-46.56257999999997,-23.526794999999936],[-46.562626999999964,-23.52679399999994],[-46.56308399999995,-23.52687599999996],[-46.56326999999993,-23.52599699999996],[-46.56244499999997,-23.525316999999973],[-46.56223739999996,-23.525719699999968]]]}},{"type":"Feature","id":"355030880000078","properties":{"code":"355030880000078","population":632,"areaKm2":0.013988,"densityHabKm2":45181.58,"households":294,"situation":"Urbana","district":"Tatuapé","neighborhood":null,"containsReferencePoint":false,"fullyWithinRadius":true,"centroidDistanceM":173,"statisticalYear":2022,"tabularRevision":"2026-05-20","geometryRelease":"2024-11-13"},"geometry":{"type":"Polygon","coordinates":[[[-46.557942699999955,-23.52721779999996],[-46.55868069999997,-23.527591799999982],[-46.55883069999993,-23.527315399999964],[-46.55928319999998,-23.52648069999998],[-46.55938489999994,-23.526255999999933],[-46.55929199999997,-23.526249699999937],[-46.55919979999993,-23.52627259999997],[-46.559094399999935,-23.526269399999933],[-46.559001999999964,-23.526251699999932],[-46.558902699999976,-23.526229599999965],[-46.55877319999996,-23.52615529999997],[-46.55868309999994,-23.526108299999976],[-46.558389799999986,-23.526034599999946],[-46.557942699999955,-23.52721779999996]]]}},{"type":"Feature","id":"355030880000079","properties":{"code":"355030880000079","population":489,"areaKm2":0.0094765,"densityHabKm2":51601.33,"households":210,"situation":"Urbana","district":"Tatuapé","neighborhood":null,"containsReferencePoint":false,"fullyWithinRadius":true,"centroidDistanceM":268,"statisticalYear":2022,"tabularRevision":"2026-05-20","geometryRelease":"2024-11-13"},"geometry":{"type":"Polygon","coordinates":[[[-46.55769719999995,-23.527811499999927],[-46.557785999999965,-23.527818999999965],[-46.557852999999966,-23.527826999999945],[-46.55790499999995,-23.52783999999997],[-46.55797899999993,-23.52788899999996],[-46.558298599999944,-23.528295799999967],[-46.55859389999995,-23.52775079999998],[-46.55917449999998,-23.528018999999972],[-46.55940919999995,-23.527565799999934],[-46.55883069999993,-23.527315399999964],[-46.55868069999997,-23.527591799999982],[-46.557942699999955,-23.52721779999996],[-46.55769719999995,-23.527811499999927]]]}},{"type":"Feature","id":"355030880000080","properties":{"code":"355030880000080","population":172,"areaKm2":0.0350206,"densityHabKm2":4911.4,"households":106,"situation":"Urbana","district":"Tatuapé","neighborhood":null,"containsReferencePoint":false,"fullyWithinRadius":true,"centroidDistanceM":450,"statisticalYear":2022,"tabularRevision":"2026-05-20","geometryRelease":"2024-11-13"},"geometry":{"type":"Polygon","coordinates":[[[-46.557515199999955,-23.52817289999996],[-46.55757589999996,-23.528208099999972],[-46.55765509999998,-23.528277499999945],[-46.55770249999995,-23.52836949999994],[-46.55814099999998,-23.529555999999957],[-46.55860899999993,-23.529956999999968],[-46.559199999999976,-23.53042899999997],[-46.559695999999974,-23.529919999999947],[-46.56022699999994,-23.53036199999997],[-46.56032499999998,-23.52921299999997],[-46.56017299999996,-23.52918999999997],[-46.559170999999935,-23.529001999999934],[-46.55889999999994,-23.528863999999942],[-46.55877399999997,-23.528768999999954],[-46.558640999999966,-23.528652999999963],[-46.55847799999998,-23.52851099999998],[-46.558401999999944,-23.528430999999955],[-46.558298599999944,-23.528295799999967],[-46.55797899999993,-23.52788899999996],[-46.55790499999995,-23.52783999999997],[-46.557852999999966,-23.527826999999945],[-46.557785999999965,-23.527818999999965],[-46.55769719999995,-23.527811499999927],[-46.557515199999955,-23.52817289999996]]]}},{"type":"Feature","id":"355030880000081","properties":{"code":"355030880000081","population":786,"areaKm2":0.0257592,"densityHabKm2":30513.37,"households":422,"situation":"Urbana","district":"Tatuapé","neighborhood":null,"containsReferencePoint":false,"fullyWithinRadius":true,"centroidDistanceM":516,"statisticalYear":2022,"tabularRevision":"2026-05-20","geometryRelease":"2024-11-13"},"geometry":{"type":"Polygon","coordinates":[[[-46.55738059999993,-23.528380699999957],[-46.55767629999997,-23.529596399999946],[-46.55727729999995,-23.530093299999976],[-46.55765149999996,-23.53037329999995],[-46.55780239999996,-23.53017499999993],[-46.557984499999975,-23.530303799999956],[-46.55858489999997,-23.53063629999997],[-46.559375099999954,-23.53096299999993],[-46.55953029999995,-23.530617199999938],[-46.55997919999993,-23.53078839999995],[-46.560190399999954,-23.530377099999953],[-46.56022699999994,-23.53036199999997],[-46.559695999999974,-23.529919999999947],[-46.559199999999976,-23.53042899999997],[-46.55860899999993,-23.529956999999968],[-46.55814099999998,-23.529555999999957],[-46.55770249999995,-23.52836949999994],[-46.55765509999998,-23.528277499999945],[-46.55757589999996,-23.528208099999972],[-46.557515199999955,-23.52817289999996],[-46.55738059999993,-23.528380699999957]]]}},{"type":"Feature","id":"355030880000082","properties":{"code":"355030880000082","population":329,"areaKm2":0.0127042,"densityHabKm2":25896.95,"households":180,"situation":"Urbana","district":"Tatuapé","neighborhood":null,"containsReferencePoint":false,"fullyWithinRadius":true,"centroidDistanceM":472,"statisticalYear":2022,"tabularRevision":"2026-05-20","geometryRelease":"2024-11-13"},"geometry":{"type":"Polygon","coordinates":[[[-46.55675779999996,-23.528905099999974],[-46.55718419999994,-23.529326999999967],[-46.55613169999998,-23.530444399999965],[-46.55629819999996,-23.530502299999966],[-46.55661479999998,-23.530135899999948],[-46.55709099999996,-23.530298499999958],[-46.55727729999995,-23.530093299999976],[-46.55767629999997,-23.529596399999946],[-46.55738059999993,-23.528380699999957],[-46.55719019999998,-23.52860309999994],[-46.55700609999997,-23.52874509999998],[-46.55675779999996,-23.528905099999974]]]}},{"type":"Feature","id":"355030880000084","properties":{"code":"355030880000084","population":353,"areaKm2":0.0957924,"densityHabKm2":3685.05,"households":158,"situation":"Urbana","district":"Tatuapé","neighborhood":null,"containsReferencePoint":false,"fullyWithinRadius":false,"centroidDistanceM":1026,"statisticalYear":2022,"tabularRevision":"2026-05-20","geometryRelease":"2024-11-13"},"geometry":{"type":"Polygon","coordinates":[[[-46.553564999999935,-23.53287629999994],[-46.55363739999996,-23.533051599999965],[-46.55370999999997,-23.533256999999935],[-46.55402099999998,-23.53388199999995],[-46.55420899999996,-23.534260999999958],[-46.554325999999946,-23.534479999999974],[-46.55447099999998,-23.534738999999945],[-46.55460399999998,-23.534936999999957],[-46.554850999999985,-23.53523299999995],[-46.55508599999996,-23.53544299999993],[-46.55544899999995,-23.535709999999938],[-46.55572799999993,-23.535851999999977],[-46.55626799999993,-23.53651199999996],[-46.55647799999997,-23.536553999999967],[-46.556648999999936,-23.536598999999967],[-46.55694099999994,-23.536688999999967],[-46.55712999999997,-23.536735999999962],[-46.55725599999994,-23.536764999999946],[-46.55742399999997,-23.536788999999942],[-46.557646999999974,-23.536816999999928],[-46.55818739999995,-23.536908899999958],[-46.558250199999975,-23.536747499999933],[-46.55835119999995,-23.53649699999994],[-46.55841799999996,-23.536292999999944],[-46.558137999999985,-23.53623829999998],[-46.55809469999997,-23.536229799999944],[-46.55789319999997,-23.53619249999997],[-46.55771579999998,-23.53616009999996],[-46.55753699999997,-23.536123999999973],[-46.55730959999994,-23.536077099999943],[-46.55708199999998,-23.536013999999966],[-46.55695899999995,-23.53596299999998],[-46.55675129999997,-23.535846099999958],[-46.55654939999994,-23.535716599999944],[-46.55635199999995,-23.535563999999965],[-46.555777999999975,-23.535135999999966],[-46.556291999999985,-23.533792999999946],[-46.55692299999998,-23.53411099999994],[-46.55726699999997,-23.533417999999983],[-46.55718729999995,-23.533410499999945],[-46.557101999999986,-23.533397999999977],[-46.55702059999993,-23.533383999999955],[-46.556776999999954,-23.53326899999996],[-46.55625299999997,-23.53300799999994],[-46.556052299999976,-23.53291109999998],[-46.55560899999995,-23.532696999999928],[-46.555098999999984,-23.53241799999995],[-46.554876999999976,-23.532283999999947],[-46.55457629999995,-23.532066499999928],[-46.55448119999994,-23.532182399999954],[-46.55432879999995,-23.53231399999993],[-46.554170899999974,-23.532417099999975],[-46.55400869999994,-23.532499799999982],[-46.55391769999994,-23.532592799999975],[-46.55387499999995,-23.53263899999996],[-46.55384499999997,-23.532678199999964],[-46.553817899999956,-23.532726199999956],[-46.55378889999997,-23.53279379999998],[-46.553564999999935,-23.53287629999994]]]}},{"type":"Feature","id":"355030880000110","properties":{"code":"355030880000110","population":1066,"areaKm2":0.2176247,"densityHabKm2":4898.34,"households":409,"situation":"Urbana","district":"Tatuapé","neighborhood":null,"containsReferencePoint":false,"fullyWithinRadius":false,"centroidDistanceM":1142,"statisticalYear":2022,"tabularRevision":"2026-05-20","geometryRelease":"2024-11-13"},"geometry":{"type":"Polygon","coordinates":[[[-46.55250289999998,-23.53133699999995],[-46.55242199999998,-23.53145399999994],[-46.55223799999993,-23.53170599999993],[-46.55207699999994,-23.531864999999982],[-46.55191499999995,-23.53200099999998],[-46.55171299999995,-23.53214799999995],[-46.55153799999994,-23.532244999999932],[-46.551391799999976,-23.532324099999983],[-46.55136799999997,-23.532336999999927],[-46.551079999999956,-23.532455999999968],[-46.55047599999995,-23.532667999999944],[-46.550036999999975,-23.532834999999977],[-46.54990299999997,-23.53289899999993],[-46.54982099999995,-23.532938999999942],[-46.549627999999984,-23.533034999999927],[-46.549455999999964,-23.533140999999944],[-46.54928499999994,-23.533257999999933],[-46.54915099999994,-23.533353999999974],[-46.54902199999998,-23.533450999999957],[-46.548896999999954,-23.53355499999998],[-46.548875099999975,-23.533577399999956],[-46.54877499999998,-23.533679999999947],[-46.548640999999975,-23.53384399999993],[-46.548588999999936,-23.53392199999996],[-46.54854299999994,-23.534013999999956],[-46.54849699999994,-23.534122999999965],[-46.54843599999998,-23.53431299999994],[-46.54838499999994,-23.534472999999934],[-46.54824499999995,-23.534896999999944],[-46.54835399999996,-23.53492099999994],[-46.551913999999954,-23.535656999999958],[-46.55258599999996,-23.535793999999953],[-46.55386199999998,-23.53605299999998],[-46.554393999999945,-23.536166999999978],[-46.55471799999998,-23.53623099999993],[-46.55512399999998,-23.536310999999955],[-46.55540199999996,-23.53636899999998],[-46.55589999999995,-23.536449999999945],[-46.55626799999993,-23.53651199999996],[-46.55572799999993,-23.535851999999977],[-46.55544899999995,-23.535709999999938],[-46.55508599999996,-23.53544299999993],[-46.554850999999985,-23.53523299999995],[-46.55460399999998,-23.534936999999957],[-46.55447099999998,-23.534738999999945],[-46.554325999999946,-23.534479999999974],[-46.55420899999996,-23.534260999999958],[-46.55402099999998,-23.53388199999995],[-46.55370999999997,-23.533256999999935],[-46.55363739999996,-23.533051599999965],[-46.553564999999935,-23.53287629999994],[-46.55344349999996,-23.532472299999938],[-46.55339649999996,-23.53220159999995],[-46.55336799999998,-23.53146899999996],[-46.55336609999995,-23.53142779999996],[-46.55336479999994,-23.53139349999998],[-46.55329299999994,-23.530175999999983],[-46.55287199999998,-23.53080099999994],[-46.55250289999998,-23.53133699999995]]]}},{"type":"Feature","id":"355030880000132","properties":{"code":"355030880000132","population":252,"areaKm2":0.007464,"densityHabKm2":33762.06,"households":130,"situation":"Urbana","district":"Tatuapé","neighborhood":null,"containsReferencePoint":false,"fullyWithinRadius":false,"centroidDistanceM":1035,"statisticalYear":2022,"tabularRevision":"2026-05-20","geometryRelease":"2024-11-13"},"geometry":{"type":"Polygon","coordinates":[[[-46.56374899999997,-23.53305199999994],[-46.564385999999956,-23.53326599999997],[-46.56469999999996,-23.532352999999944],[-46.56404999999995,-23.53212499999995],[-46.56374899999997,-23.53305199999994]]]}},{"type":"Feature","id":"355030880000133","properties":{"code":"355030880000133","population":507,"areaKm2":0.0180669,"densityHabKm2":28062.37,"households":216,"situation":"Urbana","district":"Tatuapé","neighborhood":null,"containsReferencePoint":false,"fullyWithinRadius":true,"centroidDistanceM":523,"statisticalYear":2022,"tabularRevision":"2026-05-20","geometryRelease":"2024-11-13"},"geometry":{"type":"Polygon","coordinates":[[[-46.55518799999993,-23.53011699999996],[-46.55605179999998,-23.53041529999996],[-46.55613169999998,-23.530444399999965],[-46.55718419999994,-23.529326999999967],[-46.55675779999996,-23.528905099999974],[-46.554835999999966,-23.52999499999993],[-46.55518799999993,-23.53011699999996]]]}},{"type":"Feature","id":"355030880000134","properties":{"code":"355030880000134","population":435,"areaKm2":0.0299864,"densityHabKm2":14506.58,"households":198,"situation":"Urbana","district":"Tatuapé","neighborhood":null,"containsReferencePoint":false,"fullyWithinRadius":true,"centroidDistanceM":618,"statisticalYear":2022,"tabularRevision":"2026-05-20","geometryRelease":"2024-11-13"},"geometry":{"type":"Polygon","coordinates":[[[-46.55629819999996,-23.530502299999966],[-46.55681299999998,-23.53068099999996],[-46.557299099999966,-23.53084999999993],[-46.557672999999966,-23.530979999999943],[-46.55773319999997,-23.531001299999957],[-46.557984999999974,-23.531087999999954],[-46.558028999999976,-23.531102999999973],[-46.55843549999997,-23.531244499999957],[-46.55868009999995,-23.531325699999968],[-46.55878599999994,-23.53136079999996],[-46.558892999999955,-23.53140099999996],[-46.559199999999976,-23.531506999999976],[-46.56010799999996,-23.531819999999982],[-46.560183999999936,-23.53081499999996],[-46.56022699999994,-23.53036199999997],[-46.560190399999954,-23.530377099999953],[-46.55997919999993,-23.53078839999995],[-46.55953029999995,-23.530617199999938],[-46.559375099999954,-23.53096299999993],[-46.55858489999997,-23.53063629999997],[-46.557984499999975,-23.530303799999956],[-46.55780239999996,-23.53017499999993],[-46.55765149999996,-23.53037329999995],[-46.55727729999995,-23.530093299999976],[-46.55709099999996,-23.530298499999958],[-46.55661479999998,-23.530135899999948],[-46.55629819999996,-23.530502299999966]]]}},{"type":"Feature","id":"355030880000150","properties":{"code":"355030880000150","population":334,"areaKm2":0.0044386,"densityHabKm2":75248.95,"households":168,"situation":"Urbana","district":"Tatuapé","neighborhood":null,"containsReferencePoint":false,"fullyWithinRadius":true,"centroidDistanceM":230,"statisticalYear":2022,"tabularRevision":"2026-05-20","geometryRelease":"2024-11-13"},"geometry":{"type":"Polygon","coordinates":[[[-46.55883069999993,-23.527315399999964],[-46.55940919999995,-23.527565799999934],[-46.55958999999996,-23.527219699999932],[-46.55921159999997,-23.527053499999965],[-46.55948639999997,-23.526499199999932],[-46.55948829999994,-23.52642129999998],[-46.55944989999995,-23.526321699999983],[-46.55938489999994,-23.526255999999933],[-46.55928319999998,-23.52648069999998],[-46.55883069999993,-23.527315399999964]]]}},{"type":"Feature","id":"355030880000153","properties":{"code":"355030880000153","population":885,"areaKm2":0.0341896,"densityHabKm2":25885.06,"households":347,"situation":"Urbana","district":"Tatuapé","neighborhood":null,"containsReferencePoint":false,"fullyWithinRadius":true,"centroidDistanceM":154,"statisticalYear":2022,"tabularRevision":"2026-05-20","geometryRelease":"2024-11-13"},"geometry":{"type":"Polygon","coordinates":[[[-46.55885439999997,-23.524630899999977],[-46.558389799999986,-23.526034599999946],[-46.55868309999994,-23.526108299999976],[-46.55877319999996,-23.52615529999997],[-46.558902699999976,-23.526229599999965],[-46.559001999999964,-23.526251699999932],[-46.559094399999935,-23.526269399999933],[-46.55919979999993,-23.52627259999997],[-46.55929199999997,-23.526249699999937],[-46.55938489999994,-23.526255999999933],[-46.55944989999995,-23.526321699999983],[-46.55948829999994,-23.52642129999998],[-46.55948639999997,-23.526499199999932],[-46.55953959999994,-23.526617999999928],[-46.55964639999996,-23.52665289999993],[-46.55984259999997,-23.526657099999966],[-46.560031599999945,-23.52664379999993],[-46.560185099999956,-23.52660409999993],[-46.56034829999993,-23.52654309999997],[-46.56041239999996,-23.526497999999947],[-46.56026849999995,-23.52591469999993],[-46.56002599999994,-23.525226999999973],[-46.560073999999986,-23.52520899999996],[-46.56009599999993,-23.52517299999994],[-46.56010659999998,-23.525136199999963],[-46.56028199999997,-23.524377999999956],[-46.55885439999997,-23.524630899999977]]]}},{"type":"Feature","id":"355030880000154","properties":{"code":"355030880000154","population":427,"areaKm2":0.0046752,"densityHabKm2":91332.99,"households":200,"situation":"Urbana","district":"Tatuapé","neighborhood":null,"containsReferencePoint":false,"fullyWithinRadius":true,"centroidDistanceM":370,"statisticalYear":2022,"tabularRevision":"2026-05-20","geometryRelease":"2024-11-13"},"geometry":{"type":"Polygon","coordinates":[[[-46.560496099999966,-23.52680769999995],[-46.56145779999997,-23.527179799999942],[-46.561807399999964,-23.526549199999977],[-46.56053669999994,-23.52673089999996],[-46.560496099999966,-23.52680769999995]]]}},{"type":"Feature","id":"355030880000155","properties":{"code":"355030880000155","population":440,"areaKm2":0.0068981,"densityHabKm2":63785.68,"households":197,"situation":"Urbana","district":"Tatuapé","neighborhood":null,"containsReferencePoint":false,"fullyWithinRadius":true,"centroidDistanceM":368,"statisticalYear":2022,"tabularRevision":"2026-05-20","geometryRelease":"2024-11-13"},"geometry":{"type":"Polygon","coordinates":[[[-46.56107519999995,-23.52783759999994],[-46.56145779999997,-23.527179799999942],[-46.560496099999966,-23.52680769999995],[-46.560333999999955,-23.527143299999977],[-46.56066219999997,-23.52731559999995],[-46.56052059999996,-23.52758149999994],[-46.56107519999995,-23.52783759999994]]]}},{"type":"Feature","id":"355030880000160","properties":{"code":"355030880000160","population":598,"areaKm2":0.0077577,"densityHabKm2":77084.7,"households":228,"situation":"Urbana","district":"Tatuapé","neighborhood":null,"containsReferencePoint":false,"fullyWithinRadius":true,"centroidDistanceM":703,"statisticalYear":2022,"tabularRevision":"2026-05-20","geometryRelease":"2024-11-13"},"geometry":{"type":"Polygon","coordinates":[[[-46.55691959999996,-23.53128339999995],[-46.55627399999997,-23.531942399999934],[-46.55618879999997,-23.53202509999994],[-46.556069599999944,-23.53216089999995],[-46.55638079999994,-23.532400499999937],[-46.55658269999998,-23.53210619999993],[-46.55773319999997,-23.531001299999957],[-46.557672999999966,-23.530979999999943],[-46.557299099999966,-23.53084999999993],[-46.55691959999996,-23.53128339999995]]]}},{"type":"Feature","id":"355030880000161","properties":{"code":"355030880000161","population":390,"areaKm2":0.0048076,"densityHabKm2":81121.56,"households":152,"situation":"Urbana","district":"Tatuapé","neighborhood":null,"containsReferencePoint":false,"fullyWithinRadius":true,"centroidDistanceM":699,"statisticalYear":2022,"tabularRevision":"2026-05-20","geometryRelease":"2024-11-13"},"geometry":{"type":"Polygon","coordinates":[[[-46.55627399999997,-23.531942399999934],[-46.55691959999996,-23.53128339999995],[-46.55654959999998,-23.53098259999996],[-46.555920699999945,-23.531677299999956],[-46.55627399999997,-23.531942399999934]]]}},{"type":"Feature","id":"355030880000162","properties":{"code":"355030880000162","population":651,"areaKm2":0.0060837,"densityHabKm2":107007.25,"households":282,"situation":"Urbana","district":"Tatuapé","neighborhood":null,"containsReferencePoint":false,"fullyWithinRadius":true,"centroidDistanceM":733,"statisticalYear":2022,"tabularRevision":"2026-05-20","geometryRelease":"2024-11-13"},"geometry":{"type":"Polygon","coordinates":[[[-46.55420779999997,-23.53124689999993],[-46.55489909999994,-23.53170769999997],[-46.555308099999934,-23.53124809999997],[-46.55468959999996,-23.530752099999972],[-46.554661599999974,-23.530729699999938],[-46.55420779999997,-23.53124689999993]]]}},{"type":"Feature","id":"355030880000190","properties":{"code":"355030880000190","population":547,"areaKm2":0.0528508,"densityHabKm2":10349.89,"households":235,"situation":"Urbana","district":"Tatuapé","neighborhood":null,"containsReferencePoint":false,"fullyWithinRadius":false,"centroidDistanceM":1133,"statisticalYear":2022,"tabularRevision":"2026-05-20","geometryRelease":"2024-11-13"},"geometry":{"type":"Polygon","coordinates":[[[-46.57063699999998,-23.527335999999934],[-46.56986899999998,-23.527488999999946],[-46.56941999999998,-23.527583999999933],[-46.56940899999995,-23.52758599999993],[-46.56928399999998,-23.527602999999942],[-46.569128999999975,-23.52761799999996],[-46.56897399999997,-23.527623999999946],[-46.56869299999994,-23.527608999999927],[-46.56829399999998,-23.527578999999946],[-46.56820699999997,-23.527570999999966],[-46.56671499999993,-23.527450999999928],[-46.56643699999995,-23.52743099999998],[-46.56632599999995,-23.52742999999998],[-46.56610699999993,-23.528067999999962],[-46.56717199999997,-23.52832899999993],[-46.56769299999996,-23.528452999999956],[-46.56818999999996,-23.52857899999998],[-46.569208999999944,-23.52882999999997],[-46.57021199999997,-23.529072999999983],[-46.57075569999995,-23.527315199999975],[-46.57063699999998,-23.527335999999934]]]}},{"type":"Feature","id":"355030880000192","properties":{"code":"355030880000192","population":446,"areaKm2":0.0182214,"densityHabKm2":24476.71,"households":215,"situation":"Urbana","district":"Tatuapé","neighborhood":null,"containsReferencePoint":false,"fullyWithinRadius":false,"centroidDistanceM":1104,"statisticalYear":2022,"tabularRevision":"2026-05-20","geometryRelease":"2024-11-13"},"geometry":{"type":"Polygon","coordinates":[[[-46.56216899999998,-23.536017999999956],[-46.56214499999993,-23.535865999999942],[-46.562029999999936,-23.535333999999978],[-46.56182599999994,-23.53443199999998],[-46.561383999999975,-23.534266999999943],[-46.56039099999998,-23.533912999999927],[-46.56019399999997,-23.53460599999994],[-46.56069999999994,-23.53472499999998],[-46.561004999999966,-23.53480799999994],[-46.56116099999997,-23.53485299999994],[-46.561309999999935,-23.534906999999976],[-46.561346999999955,-23.534933999999964],[-46.561365999999964,-23.534970999999928],[-46.56137899999993,-23.53505199999995],[-46.56143599999996,-23.535342999999955],[-46.56146899999993,-23.535514999999975],[-46.561467999999934,-23.535548999999946],[-46.56145899999996,-23.535585999999967],[-46.56143599999996,-23.535652999999968],[-46.56142699999998,-23.535716999999977],[-46.561976999999956,-23.535905999999954],[-46.56216899999998,-23.536017999999956]]]}},{"type":"Feature","id":"355030880000193","properties":{"code":"355030880000193","population":274,"areaKm2":0.0828207,"densityHabKm2":3308.35,"households":156,"situation":"Urbana","district":"Tatuapé","neighborhood":null,"containsReferencePoint":false,"fullyWithinRadius":false,"centroidDistanceM":1167,"statisticalYear":2022,"tabularRevision":"2026-05-20","geometryRelease":"2024-11-13"},"geometry":{"type":"Polygon","coordinates":[[[-46.55922609999993,-23.53420799999998],[-46.55903519999998,-23.534780099999978],[-46.55912459999996,-23.534891499999958],[-46.55905089999993,-23.535141599999974],[-46.55897129999994,-23.535345699999937],[-46.55888429999993,-23.535529699999927],[-46.558790699999975,-23.535692599999948],[-46.55862469999994,-23.535901399999943],[-46.55852299999998,-23.53606439999993],[-46.55841799999996,-23.536292999999944],[-46.55835119999995,-23.53649699999994],[-46.55919199999994,-23.536675999999943],[-46.559193999999934,-23.536675999999943],[-46.560355999999956,-23.536907999999983],[-46.56175899999994,-23.537200999999982],[-46.56178099999994,-23.537093999999968],[-46.561804999999936,-23.536966999999947],[-46.561932999999954,-23.53624499999995],[-46.56196699999998,-23.536089999999945],[-46.562029999999936,-23.536054999999976],[-46.56216899999998,-23.536017999999956],[-46.561976999999956,-23.535905999999954],[-46.56142699999998,-23.535716999999977],[-46.56143599999996,-23.535652999999968],[-46.56145899999996,-23.535585999999967],[-46.561467999999934,-23.535548999999946],[-46.56146899999993,-23.535514999999975],[-46.56143599999996,-23.535342999999955],[-46.56137899999993,-23.53505199999995],[-46.561365999999964,-23.534970999999928],[-46.561346999999955,-23.534933999999964],[-46.561309999999935,-23.534906999999976],[-46.56116099999997,-23.53485299999994],[-46.561004999999966,-23.53480799999994],[-46.56069999999994,-23.53472499999998],[-46.56019399999997,-23.53460599999994],[-46.56039099999998,-23.533912999999927],[-46.559436999999946,-23.533567999999946],[-46.559383999999966,-23.53369799999996],[-46.55922609999993,-23.53420799999998]]]}},{"type":"Feature","id":"355030880000210","properties":{"code":"355030880000210","population":522,"areaKm2":0.0510612,"densityHabKm2":10223.03,"households":242,"situation":"Urbana","district":"Tatuapé","neighborhood":null,"containsReferencePoint":false,"fullyWithinRadius":false,"centroidDistanceM":1071,"statisticalYear":2022,"tabularRevision":"2026-05-20","geometryRelease":"2024-11-13"},"geometry":{"type":"Polygon","coordinates":[[[-46.56586299999998,-23.528834999999958],[-46.56625759999997,-23.528928899999983],[-46.56658799999997,-23.529008499999975],[-46.56638389999995,-23.529780999999957],[-46.56671799999998,-23.529860999999983],[-46.56715099999997,-23.529964999999947],[-46.56774399999995,-23.53010699999993],[-46.56876799999998,-23.53035399999993],[-46.56897799999996,-23.529631999999935],[-46.569208999999944,-23.52882999999997],[-46.56818999999996,-23.52857899999998],[-46.56769299999996,-23.528452999999956],[-46.56717199999997,-23.52832899999993],[-46.56610699999993,-23.528067999999962],[-46.56586299999998,-23.528834999999958]]]}},{"type":"Feature","id":"355030880000211","properties":{"code":"355030880000211","population":380,"areaKm2":0.0031717,"densityHabKm2":119809.57,"households":151,"situation":"Urbana","district":"Tatuapé","neighborhood":null,"containsReferencePoint":false,"fullyWithinRadius":true,"centroidDistanceM":960,"statisticalYear":2022,"tabularRevision":"2026-05-20","geometryRelease":"2024-11-13"},"geometry":{"type":"Polygon","coordinates":[[[-46.566031899999984,-23.529697599999963],[-46.56638389999995,-23.529780999999957],[-46.56658799999997,-23.529008499999975],[-46.56625759999997,-23.528928899999983],[-46.566031899999984,-23.529697599999963]]]}},{"type":"Feature","id":"355030880000212","properties":{"code":"355030880000212","population":324,"areaKm2":0.0038244,"densityHabKm2":84719.17,"households":147,"situation":"Urbana","district":"Tatuapé","neighborhood":null,"containsReferencePoint":false,"fullyWithinRadius":true,"centroidDistanceM":922,"statisticalYear":2022,"tabularRevision":"2026-05-20","geometryRelease":"2024-11-13"},"geometry":{"type":"Polygon","coordinates":[[[-46.56560399999995,-23.529594999999972],[-46.566031899999984,-23.529697599999963],[-46.56625759999997,-23.528928899999983],[-46.56586299999998,-23.528834999999958],[-46.56560399999995,-23.529594999999972]]]}},{"type":"Feature","id":"355030880000214","properties":{"code":"355030880000214","population":314,"areaKm2":0.0041233,"densityHabKm2":76152.6,"households":105,"situation":"Urbana","district":"Tatuapé","neighborhood":null,"containsReferencePoint":false,"fullyWithinRadius":true,"centroidDistanceM":911,"statisticalYear":2022,"tabularRevision":"2026-05-20","geometryRelease":"2024-11-13"},"geometry":{"type":"Polygon","coordinates":[[[-46.56520699999993,-23.53080099999994],[-46.56538459999996,-23.530268699999965],[-46.56471009999996,-23.53009179999998],[-46.564571899999976,-23.530576199999928],[-46.56520699999993,-23.53080099999994]]]}},{"type":"Feature","id":"355030880000215","properties":{"code":"355030880000215","population":563,"areaKm2":0.0651455,"densityHabKm2":8642.19,"households":346,"situation":"Urbana","district":"Tatuapé","neighborhood":null,"containsReferencePoint":false,"fullyWithinRadius":true,"centroidDistanceM":814,"statisticalYear":2022,"tabularRevision":"2026-05-20","geometryRelease":"2024-11-13"},"geometry":{"type":"Polygon","coordinates":[[[-46.556776999999954,-23.53326899999996],[-46.55702059999993,-23.533383999999955],[-46.557101999999986,-23.533397999999977],[-46.55718729999995,-23.533410499999945],[-46.55726699999997,-23.533417999999983],[-46.557334999999966,-23.53342699999996],[-46.55922609999993,-23.53420799999998],[-46.559383999999966,-23.53369799999996],[-46.559436999999946,-23.533567999999946],[-46.55945099999997,-23.533536999999967],[-46.55965699999996,-23.532997999999964],[-46.55987299999998,-23.532429999999977],[-46.55998299999993,-23.532140999999967],[-46.56010799999996,-23.531819999999982],[-46.559199999999976,-23.531506999999976],[-46.558892999999955,-23.53140099999996],[-46.55878599999994,-23.53136079999996],[-46.558077699999956,-23.532100499999956],[-46.55777089999998,-23.532369899999935],[-46.557374299999935,-23.532010699999944],[-46.55770169999994,-23.531754399999954],[-46.55802349999993,-23.531421399999942],[-46.55814559999993,-23.53152119999993],[-46.55843549999997,-23.531244499999957],[-46.558028999999976,-23.531102999999973],[-46.557984999999974,-23.531087999999954],[-46.55679699999996,-23.53220099999993],[-46.55726899999996,-23.532465999999943],[-46.556776999999954,-23.53326899999996]]]}},{"type":"Feature","id":"355030880000216","properties":{"code":"355030880000216","population":268,"areaKm2":0.0045524,"densityHabKm2":58870.05,"households":119,"situation":"Urbana","district":"Tatuapé","neighborhood":null,"containsReferencePoint":false,"fullyWithinRadius":true,"centroidDistanceM":701,"statisticalYear":2022,"tabularRevision":"2026-05-20","geometryRelease":"2024-11-13"},"geometry":{"type":"Polygon","coordinates":[[[-46.55770169999994,-23.531754399999954],[-46.55796699999996,-23.53199909999995],[-46.558077699999956,-23.532100499999956],[-46.55878599999994,-23.53136079999996],[-46.55868009999995,-23.531325699999968],[-46.55843549999997,-23.531244499999957],[-46.55814559999993,-23.53152119999993],[-46.55802349999993,-23.531421399999942],[-46.55770169999994,-23.531754399999954]]]}},{"type":"Feature","id":"355030880000217","properties":{"code":"355030880000217","population":243,"areaKm2":0.002412,"densityHabKm2":100746.27,"households":117,"situation":"Urbana","district":"Tatuapé","neighborhood":null,"containsReferencePoint":false,"fullyWithinRadius":true,"centroidDistanceM":747,"statisticalYear":2022,"tabularRevision":"2026-05-20","geometryRelease":"2024-11-13"},"geometry":{"type":"Polygon","coordinates":[[[-46.558077699999956,-23.532100499999956],[-46.55796699999996,-23.53199909999995],[-46.55770169999994,-23.531754399999954],[-46.557374299999935,-23.532010699999944],[-46.55777089999998,-23.532369899999935],[-46.558077699999956,-23.532100499999956]]]}},{"type":"Feature","id":"355030880000222","properties":{"code":"355030880000222","population":124,"areaKm2":0.0469125,"densityHabKm2":2643.22,"households":105,"situation":"Urbana","district":"Tatuapé","neighborhood":null,"containsReferencePoint":false,"fullyWithinRadius":true,"centroidDistanceM":746,"statisticalYear":2022,"tabularRevision":"2026-05-20","geometryRelease":"2024-11-13"},"geometry":{"type":"Polygon","coordinates":[[[-46.55490819999994,-23.530452399999945],[-46.55555149999998,-23.530970699999955],[-46.555308099999934,-23.53124809999997],[-46.55489909999994,-23.53170769999997],[-46.55420779999997,-23.53124689999993],[-46.55410999999998,-23.53129339999998],[-46.553997599999946,-23.531345199999976],[-46.55386729999998,-23.531389599999954],[-46.55376879999994,-23.53140769999993],[-46.55358229999996,-23.53141499999998],[-46.55336609999995,-23.53142779999996],[-46.55336799999998,-23.53146899999996],[-46.55339649999996,-23.53220159999995],[-46.55344349999996,-23.532472299999938],[-46.553564999999935,-23.53287629999994],[-46.55378889999997,-23.53279379999998],[-46.553817899999956,-23.532726199999956],[-46.55384499999997,-23.532678199999964],[-46.55387499999995,-23.53263899999996],[-46.55391769999994,-23.532592799999975],[-46.55400869999994,-23.532499799999982],[-46.554170899999974,-23.532417099999975],[-46.55432879999995,-23.53231399999993],[-46.55448119999994,-23.532182399999954],[-46.55457629999995,-23.532066499999928],[-46.554876999999976,-23.532283999999947],[-46.555098999999984,-23.53241799999995],[-46.55560899999995,-23.532696999999928],[-46.55587929999996,-23.532376099999965],[-46.55552269999998,-23.532119399999942],[-46.55559199999993,-23.532043999999928],[-46.555856699999936,-23.531745799999953],[-46.55618879999997,-23.53202509999994],[-46.55627399999997,-23.531942399999934],[-46.555920699999945,-23.531677299999956],[-46.55654959999998,-23.53098259999996],[-46.55691959999996,-23.53128339999995],[-46.557299099999966,-23.53084999999993],[-46.55681299999998,-23.53068099999996],[-46.55629819999996,-23.530502299999966],[-46.55613169999998,-23.530444399999965],[-46.55605179999998,-23.53041529999996],[-46.55518799999993,-23.53011699999996],[-46.55490819999994,-23.530452399999945]]]}},{"type":"Feature","id":"355030880000223","properties":{"code":"355030880000223","population":184,"areaKm2":0.0023832,"densityHabKm2":77207.12,"households":160,"situation":"Urbana","district":"Tatuapé","neighborhood":null,"containsReferencePoint":false,"fullyWithinRadius":true,"centroidDistanceM":778,"statisticalYear":2022,"tabularRevision":"2026-05-20","geometryRelease":"2024-11-13"},"geometry":{"type":"Polygon","coordinates":[[[-46.55587929999996,-23.532376099999965],[-46.556069599999944,-23.53216089999995],[-46.55618879999997,-23.53202509999994],[-46.555856699999936,-23.531745799999953],[-46.55559199999993,-23.532043999999928],[-46.55552269999998,-23.532119399999942],[-46.55587929999996,-23.532376099999965]]]}},{"type":"Feature","id":"355030880000224","properties":{"code":"355030880000224","population":192,"areaKm2":0.0032615,"densityHabKm2":58868.62,"households":137,"situation":"Urbana","district":"Tatuapé","neighborhood":null,"containsReferencePoint":false,"fullyWithinRadius":true,"centroidDistanceM":825,"statisticalYear":2022,"tabularRevision":"2026-05-20","geometryRelease":"2024-11-13"},"geometry":{"type":"Polygon","coordinates":[[[-46.55587929999996,-23.532376099999965],[-46.55560899999995,-23.532696999999928],[-46.556052299999976,-23.53291109999998],[-46.55638079999994,-23.532400499999937],[-46.556069599999944,-23.53216089999995],[-46.55587929999996,-23.532376099999965]]]}},{"type":"Feature","id":"355030880000225","properties":{"code":"355030880000225","population":412,"areaKm2":0.003459,"densityHabKm2":119109.57,"households":232,"situation":"Urbana","district":"Tatuapé","neighborhood":null,"containsReferencePoint":false,"fullyWithinRadius":true,"centroidDistanceM":680,"statisticalYear":2022,"tabularRevision":"2026-05-20","geometryRelease":"2024-11-13"},"geometry":{"type":"Polygon","coordinates":[[[-46.554661599999974,-23.530729699999938],[-46.55468959999996,-23.530752099999972],[-46.555308099999934,-23.53124809999997],[-46.55555149999998,-23.530970699999955],[-46.55490819999994,-23.530452399999945],[-46.554661599999974,-23.530729699999938]]]}},{"type":"Feature","id":"355030880000239","properties":{"code":"355030880000239","population":465,"areaKm2":0.0627004,"densityHabKm2":7416.22,"households":213,"situation":"Urbana","district":"Tatuapé","neighborhood":null,"containsReferencePoint":false,"fullyWithinRadius":true,"centroidDistanceM":328,"statisticalYear":2022,"tabularRevision":"2026-05-20","geometryRelease":"2024-11-13"},"geometry":{"type":"Polygon","coordinates":[[[-46.56026849999995,-23.52591469999993],[-46.56041239999996,-23.526497999999947],[-46.56034829999993,-23.52654309999997],[-46.560185099999956,-23.52660409999993],[-46.560031599999945,-23.52664379999993],[-46.55984259999997,-23.526657099999966],[-46.55964639999996,-23.52665289999993],[-46.55953959999994,-23.526617999999928],[-46.55948639999997,-23.526499199999932],[-46.55921159999997,-23.527053499999965],[-46.55958999999996,-23.527219699999932],[-46.55940919999995,-23.527565799999934],[-46.55917449999998,-23.528018999999972],[-46.55859389999995,-23.52775079999998],[-46.558298599999944,-23.528295799999967],[-46.558401999999944,-23.528430999999955],[-46.55847799999998,-23.52851099999998],[-46.558640999999966,-23.528652999999963],[-46.55877399999997,-23.528768999999954],[-46.55889999999994,-23.528863999999942],[-46.559170999999935,-23.529001999999934],[-46.56017299999996,-23.52918999999997],[-46.56032499999998,-23.52921299999997],[-46.560494999999946,-23.528899999999965],[-46.56084499999997,-23.528243999999972],[-46.56107519999995,-23.52783759999994],[-46.56052059999996,-23.52758149999994],[-46.56066219999997,-23.52731559999995],[-46.560333999999955,-23.527143299999977],[-46.560496099999966,-23.52680769999995],[-46.56053669999994,-23.52673089999996],[-46.561807399999964,-23.526549199999977],[-46.56188869999994,-23.526402099999927],[-46.56215599999996,-23.525878899999952],[-46.56182129999996,-23.525791399999946],[-46.56112699999994,-23.525674599999945],[-46.560517699999934,-23.525745899999947],[-46.56026849999995,-23.52591469999993]]]}},{"type":"Feature","id":"355030880000240","properties":{"code":"355030880000240","population":378,"areaKm2":0.0058293,"densityHabKm2":64844.84,"households":200,"situation":"Urbana","district":"Tatuapé","neighborhood":null,"containsReferencePoint":false,"fullyWithinRadius":true,"centroidDistanceM":403,"statisticalYear":2022,"tabularRevision":"2026-05-20","geometryRelease":"2024-11-13"},"geometry":{"type":"Polygon","coordinates":[[[-46.56146479999995,-23.525399999999934],[-46.56223739999996,-23.525719699999968],[-46.56244499999997,-23.525316999999973],[-46.561706999999956,-23.524722399999973],[-46.56156129999994,-23.524999099999945],[-46.561612699999955,-23.52501849999993],[-46.56146479999995,-23.525399999999934]]]}},{"type":"Feature","id":"355030880000241","properties":{"code":"355030880000241","population":340,"areaKm2":0.0051657,"densityHabKm2":65818.77,"households":200,"situation":"Urbana","district":"Tatuapé","neighborhood":null,"containsReferencePoint":false,"fullyWithinRadius":true,"centroidDistanceM":342,"statisticalYear":2022,"tabularRevision":"2026-05-20","geometryRelease":"2024-11-13"},"geometry":{"type":"Polygon","coordinates":[[[-46.56089869999994,-23.52515079999995],[-46.56146479999995,-23.525399999999934],[-46.561612699999955,-23.52501849999993],[-46.56156129999994,-23.524999099999945],[-46.561706999999956,-23.524722399999973],[-46.56156899999996,-23.524606999999946],[-46.56145699999996,-23.524527999999975],[-46.561328999999944,-23.524456999999927],[-46.561226999999974,-23.524404999999945],[-46.56089869999994,-23.52515079999995]]]}},{"type":"Feature","id":"355030880000242","properties":{"code":"355030880000242","population":373,"areaKm2":0.0039612,"densityHabKm2":94163.38,"households":194,"situation":"Urbana","district":"Tatuapé","neighborhood":null,"containsReferencePoint":false,"fullyWithinRadius":true,"centroidDistanceM":361,"statisticalYear":2022,"tabularRevision":"2026-05-20","geometryRelease":"2024-11-13"},"geometry":{"type":"Polygon","coordinates":[[[-46.56112699999994,-23.525674599999945],[-46.56182129999996,-23.525791399999946],[-46.56215599999996,-23.525878899999952],[-46.56223739999996,-23.525719699999968],[-46.56146479999995,-23.525399999999934],[-46.56089869999994,-23.52515079999995],[-46.56084279999993,-23.52531239999996],[-46.56118639999994,-23.52545379999998],[-46.56112699999994,-23.525674599999945]]]}},{"type":"Feature","id":"355030880000243","properties":{"code":"355030880000243","population":375,"areaKm2":0.006367,"densityHabKm2":58897.44,"households":199,"situation":"Urbana","district":"Tatuapé","neighborhood":null,"containsReferencePoint":false,"fullyWithinRadius":true,"centroidDistanceM":262,"statisticalYear":2022,"tabularRevision":"2026-05-20","geometryRelease":"2024-11-13"},"geometry":{"type":"Polygon","coordinates":[[[-46.56026849999995,-23.52591469999993],[-46.560517699999934,-23.525745899999947],[-46.56112699999994,-23.525674599999945],[-46.56118639999994,-23.52545379999998],[-46.56084279999993,-23.52531239999996],[-46.56089869999994,-23.52515079999995],[-46.56010659999998,-23.525136199999963],[-46.56009599999993,-23.52517299999994],[-46.560073999999986,-23.52520899999996],[-46.56002599999994,-23.525226999999973],[-46.56026849999995,-23.52591469999993]]]}},{"type":"Feature","id":"355030880000269","properties":{"code":"355030880000269","population":137,"areaKm2":0.0127074,"densityHabKm2":10781.12,"households":72,"situation":"Urbana","district":"Tatuapé","neighborhood":null,"containsReferencePoint":false,"fullyWithinRadius":true,"centroidDistanceM":785,"statisticalYear":2022,"tabularRevision":"2026-05-20","geometryRelease":"2024-11-13"},"geometry":{"type":"Polygon","coordinates":[[[-46.55638079999994,-23.532400499999937],[-46.556052299999976,-23.53291109999998],[-46.55625299999997,-23.53300799999994],[-46.556776999999954,-23.53326899999996],[-46.55726899999996,-23.532465999999943],[-46.55679699999996,-23.53220099999993],[-46.557984999999974,-23.531087999999954],[-46.55773319999997,-23.531001299999957],[-46.55658269999998,-23.53210619999993],[-46.55638079999994,-23.532400499999937]]]}},{"type":"Feature","id":"355030880000282","properties":{"code":"355030880000282","population":529,"areaKm2":0.0612028,"densityHabKm2":8643.4,"households":283,"situation":"Urbana","district":"Tatuapé","neighborhood":null,"containsReferencePoint":false,"fullyWithinRadius":true,"centroidDistanceM":671,"statisticalYear":2022,"tabularRevision":"2026-05-20","geometryRelease":"2024-11-13"},"geometry":{"type":"Polygon","coordinates":[[[-46.56022699999994,-23.53036199999997],[-46.560183999999936,-23.53081499999996],[-46.56010799999996,-23.531819999999982],[-46.56093199999998,-23.532103999999947],[-46.561373799999956,-23.53225089999995],[-46.56164299999995,-23.53152849999998],[-46.561879999999974,-23.530887999999948],[-46.56195599999995,-23.530892999999935],[-46.56206099999997,-23.53090199999997],[-46.56211099999996,-23.530914999999936],[-46.56263899999993,-23.531124999999975],[-46.56284999999997,-23.53058299999998],[-46.562216999999976,-23.529720999999938],[-46.56208399999997,-23.529549999999972],[-46.56201299999998,-23.529480999999976],[-46.561879999999974,-23.52938199999994],[-46.56180399999994,-23.52933399999995],[-46.561680999999965,-23.529297999999983],[-46.56158599999998,-23.52927699999998],[-46.56150199999996,-23.529267999999945],[-46.56103699999994,-23.529248999999936],[-46.56032499999998,-23.52921299999997],[-46.56022699999994,-23.53036199999997]]]}},{"type":"Feature","id":"355030880000283","properties":{"code":"355030880000283","population":584,"areaKm2":0.0130672,"densityHabKm2":44692.05,"households":242,"situation":"Urbana","district":"Tatuapé","neighborhood":null,"containsReferencePoint":false,"fullyWithinRadius":true,"centroidDistanceM":814,"statisticalYear":2022,"tabularRevision":"2026-05-20","geometryRelease":"2024-11-13"},"geometry":{"type":"Polygon","coordinates":[[[-46.561373799999956,-23.53225089999995],[-46.561642699999936,-23.532344799999976],[-46.56194279999994,-23.532448099999954],[-46.56209099999995,-23.53249999999997],[-46.562453999999946,-23.531586999999945],[-46.56263899999993,-23.531124999999975],[-46.56211099999996,-23.530914999999936],[-46.56206099999997,-23.53090199999997],[-46.56195599999995,-23.530892999999935],[-46.561879999999974,-23.530887999999948],[-46.56164299999995,-23.53152849999998],[-46.561373799999956,-23.53225089999995]]]}},{"type":"Feature","id":"355030880000284","properties":{"code":"355030880000284","population":3,"areaKm2":0.3170959,"densityHabKm2":9.46,"households":3,"situation":"Urbana","district":"Tatuapé","neighborhood":null,"containsReferencePoint":false,"fullyWithinRadius":false,"centroidDistanceM":671,"statisticalYear":2022,"tabularRevision":"2026-05-20","geometryRelease":"2024-11-13"},"geometry":{"type":"Polygon","coordinates":[[[-46.556829999999934,-23.525101399999983],[-46.557050699999934,-23.525030399999935],[-46.55722899999995,-23.52495399999998],[-46.55733399999997,-23.524904999999933],[-46.55750199999994,-23.52486399999998],[-46.55768999999998,-23.52482999999995],[-46.55885439999997,-23.524630899999977],[-46.56028199999997,-23.524377999999956],[-46.56010659999998,-23.525136199999963],[-46.56089869999994,-23.52515079999995],[-46.561226999999974,-23.524404999999945],[-46.561328999999944,-23.524456999999927],[-46.56145699999996,-23.524527999999975],[-46.56156899999996,-23.524606999999946],[-46.561706999999956,-23.524722399999973],[-46.56244499999997,-23.525316999999973],[-46.56326999999993,-23.52599699999996],[-46.563886999999966,-23.52650699999998],[-46.56454309999998,-23.527023999999983],[-46.56468559999996,-23.527103499999953],[-46.56478999999996,-23.52714899999995],[-46.564975999999945,-23.527192999999954],[-46.565638999999976,-23.527313999999933],[-46.56611699999996,-23.527406999999982],[-46.56623099999996,-23.52742999999998],[-46.56632599999995,-23.52742999999998],[-46.56643699999995,-23.52743099999998],[-46.56671499999993,-23.527450999999928],[-46.56820699999997,-23.527570999999966],[-46.56829399999998,-23.527578999999946],[-46.56869299999994,-23.527608999999927],[-46.56897399999997,-23.527623999999946],[-46.569128999999975,-23.52761799999996],[-46.56928399999998,-23.527602999999942],[-46.56940899999995,-23.52758599999993],[-46.56941999999998,-23.527583999999933],[-46.56986899999998,-23.527488999999946],[-46.57063699999998,-23.527335999999934],[-46.57078199999995,-23.52673599999997],[-46.57088089999996,-23.526279199999976],[-46.570704999999975,-23.52624499999996],[-46.57034599999997,-23.526156999999955],[-46.569496999999956,-23.525909999999953],[-46.56926899999996,-23.525834999999972],[-46.56907099999995,-23.52575399999995],[-46.56872599999997,-23.52561499999996],[-46.568430999999975,-23.525466999999935],[-46.56826399999994,-23.525377899999967],[-46.567954999999984,-23.52521299999995],[-46.56657099999995,-23.52445799999998],[-46.565679999999986,-23.523991999999964],[-46.56555999999995,-23.523934999999938],[-46.56538699999993,-23.52385899999996],[-46.56514899999996,-23.523774999999944],[-46.56495599999994,-23.523717999999974],[-46.56452299999995,-23.523607999999967],[-46.56405099999995,-23.523500999999953],[-46.56368399999997,-23.523437999999942],[-46.563383999999985,-23.523402999999973],[-46.56300399999998,-23.52338199999997],[-46.56239599999998,-23.523378999999977],[-46.56170899999995,-23.523410999999953],[-46.56054799999998,-23.52345399999996],[-46.560303199999964,-23.52345859999997],[-46.56017699999995,-23.52346099999994],[-46.56003199999998,-23.52345399999996],[-46.55989999999997,-23.523440999999934],[-46.559736999999984,-23.52341599999994],[-46.55948299999994,-23.523374899999965],[-46.55943999999994,-23.523367999999948],[-46.55910799999998,-23.523288999999977],[-46.55881199999993,-23.523202999999967],[-46.55847199999994,-23.523064999999974],[-46.558225999999934,-23.52293199999997],[-46.558022999999935,-23.523236999999938],[-46.55779899999993,-23.523570999999947],[-46.55767599999996,-23.52376499999997],[-46.55753599999997,-23.524008999999978],[-46.557384999999954,-23.524287999999956],[-46.557271999999955,-23.524493999999947],[-46.55717199999998,-23.52464599999996],[-46.55697999999995,-23.52491699999996],[-46.556829999999934,-23.525101399999983]]]}},{"type":"Feature","id":"355030880000289","properties":{"code":"355030880000289","population":332,"areaKm2":0.1515235,"densityHabKm2":2191.08,"households":133,"situation":"Urbana","district":"Tatuapé","neighborhood":null,"containsReferencePoint":true,"fullyWithinRadius":true,"centroidDistanceM":347,"statisticalYear":2022,"tabularRevision":"2026-05-20","geometryRelease":"2024-11-13"},"geometry":{"type":"Polygon","coordinates":[[[-46.556829999999934,-23.525101399999983],[-46.55653899999993,-23.525458999999955],[-46.556340999999975,-23.525744999999972],[-46.556176999999934,-23.52594499999998],[-46.55590999999998,-23.52627499999994],[-46.555725999999936,-23.526499999999942],[-46.555537999999956,-23.526768999999945],[-46.555196999999964,-23.52728499999995],[-46.55515959999997,-23.52734099999998],[-46.55468499999995,-23.528066999999965],[-46.55394299999995,-23.529192999999964],[-46.553323999999975,-23.53012999999993],[-46.55329299999994,-23.530175999999983],[-46.55336479999994,-23.53139349999998],[-46.55336609999995,-23.53142779999996],[-46.55358229999996,-23.53141499999998],[-46.55376879999994,-23.53140769999993],[-46.55386729999998,-23.531389599999954],[-46.553997599999946,-23.531345199999976],[-46.55410999999998,-23.53129339999998],[-46.55420779999997,-23.53124689999993],[-46.554661599999974,-23.530729699999938],[-46.55490819999994,-23.530452399999945],[-46.55518799999993,-23.53011699999996],[-46.554835999999966,-23.52999499999993],[-46.55675779999996,-23.528905099999974],[-46.55700609999997,-23.52874509999998],[-46.55719019999998,-23.52860309999994],[-46.55738059999993,-23.528380699999957],[-46.557515199999955,-23.52817289999996],[-46.55769719999995,-23.527811499999927],[-46.557942699999955,-23.52721779999996],[-46.558389799999986,-23.526034599999946],[-46.55885439999997,-23.524630899999977],[-46.55768999999998,-23.52482999999995],[-46.55750199999994,-23.52486399999998],[-46.55733399999997,-23.524904999999933],[-46.55722899999995,-23.52495399999998],[-46.557050699999934,-23.525030399999935],[-46.556829999999934,-23.525101399999983]],[[-46.55637799999994,-23.527440699999943],[-46.55638829999998,-23.527318899999955],[-46.55641009999994,-23.527197099999967],[-46.556462899999985,-23.52708569999993],[-46.55666099999996,-23.52681339999998],[-46.55722499999996,-23.527098099999932],[-46.55713079999998,-23.527161699999965],[-46.55708499999997,-23.527220299999954],[-46.55704169999996,-23.527316999999982],[-46.557051899999976,-23.527472299999943],[-46.55710279999994,-23.527630199999976],[-46.55714349999994,-23.527800699999943],[-46.55719949999997,-23.527989099999957],[-46.55724259999994,-23.528108499999973],[-46.55663309999994,-23.528357699999958],[-46.55637799999994,-23.527440699999943]]]}},{"type":"Feature","id":"355030880000290","properties":{"code":"355030880000290","population":451,"areaKm2":0.0098962,"densityHabKm2":45573.05,"households":192,"situation":"Urbana","district":"Tatuapé","neighborhood":null,"containsReferencePoint":false,"fullyWithinRadius":true,"centroidDistanceM":279,"statisticalYear":2022,"tabularRevision":"2026-05-20","geometryRelease":"2024-11-13"},"geometry":{"type":"Polygon","coordinates":[[[-46.55637799999994,-23.527440699999943],[-46.55663309999994,-23.528357699999958],[-46.55724259999994,-23.528108499999973],[-46.55719949999997,-23.527989099999957],[-46.55714349999994,-23.527800699999943],[-46.55710279999994,-23.527630199999976],[-46.557051899999976,-23.527472299999943],[-46.55704169999996,-23.527316999999982],[-46.55708499999997,-23.527220299999954],[-46.55713079999998,-23.527161699999965],[-46.55722499999996,-23.527098099999932],[-46.55666099999996,-23.52681339999998],[-46.556462899999985,-23.52708569999993],[-46.55641009999994,-23.527197099999967],[-46.55638829999998,-23.527318899999955],[-46.55637799999994,-23.527440699999943]]]}},{"type":"Feature","id":"355030880000306","properties":{"code":"355030880000306","population":422,"areaKm2":0.0584862,"densityHabKm2":7215.38,"households":1068,"situation":"Urbana","district":"Tatuapé","neighborhood":null,"containsReferencePoint":false,"fullyWithinRadius":false,"centroidDistanceM":1181,"statisticalYear":2022,"tabularRevision":"2026-05-20","geometryRelease":"2024-11-13"},"geometry":{"type":"Polygon","coordinates":[[[-46.56521399999997,-23.534891999999957],[-46.56528099999997,-23.534686999999963],[-46.56538469999998,-23.534368299999983],[-46.56551189999993,-23.534409599999947],[-46.56586459999994,-23.534527599999933],[-46.566222599999946,-23.534647199999938],[-46.56626509999995,-23.53466519999995],[-46.56651199999993,-23.533998999999937],[-46.566547999999955,-23.533920999999964],[-46.566596999999945,-23.53386999999998],[-46.56590099999994,-23.533797999999933],[-46.56560799999994,-23.533680999999945],[-46.565188999999975,-23.533537999999965],[-46.56477199999995,-23.533399999999972],[-46.564385999999956,-23.53326599999997],[-46.56374899999997,-23.53305199999994],[-46.56328509999997,-23.532898599999953],[-46.56324699999993,-23.53307259999997],[-46.562820999999985,-23.534733999999958],[-46.56502399999994,-23.53543499999995],[-46.56521399999997,-23.534891999999957]]]}},{"type":"Feature","id":"355030880000307","properties":{"code":"355030880000307","population":504,"areaKm2":0.0566555,"densityHabKm2":8895.87,"households":245,"situation":"Urbana","district":"Tatuapé","neighborhood":null,"containsReferencePoint":false,"fullyWithinRadius":true,"centroidDistanceM":831,"statisticalYear":2022,"tabularRevision":"2026-05-20","geometryRelease":"2024-11-13"},"geometry":{"type":"Polygon","coordinates":[[[-46.56437109999996,-23.52852409999997],[-46.56450629999995,-23.528553899999963],[-46.56512739999994,-23.52870329999996],[-46.56492049999997,-23.529342799999938],[-46.56489959999993,-23.529420399999935],[-46.56469299999998,-23.529362999999933],[-46.564224999999965,-23.529245999999944],[-46.56398999999993,-23.530366999999956],[-46.56384699999995,-23.531028999999933],[-46.565004999999985,-23.531448999999952],[-46.56520699999993,-23.53080099999994],[-46.564571899999976,-23.530576199999928],[-46.56471009999996,-23.53009179999998],[-46.56538459999996,-23.530268699999965],[-46.56560399999995,-23.529594999999972],[-46.56586299999998,-23.528834999999958],[-46.56610699999993,-23.528067999999962],[-46.56632599999995,-23.52742999999998],[-46.56623099999996,-23.52742999999998],[-46.56611699999996,-23.527406999999982],[-46.565638999999976,-23.527313999999933],[-46.564975999999945,-23.527192999999954],[-46.56478999999996,-23.52714899999995],[-46.56468559999996,-23.527103499999953],[-46.56459359999997,-23.527503999999965],[-46.564547999999945,-23.527692999999942],[-46.56447099999997,-23.528007999999943],[-46.56437699999998,-23.528494999999964],[-46.56437109999996,-23.52852409999997]]]}},{"type":"Feature","id":"355030880000308","properties":{"code":"355030880000308","population":510,"areaKm2":0.0061767,"densityHabKm2":82568.36,"households":245,"situation":"Urbana","district":"Tatuapé","neighborhood":null,"containsReferencePoint":false,"fullyWithinRadius":true,"centroidDistanceM":791,"statisticalYear":2022,"tabularRevision":"2026-05-20","geometryRelease":"2024-11-13"},"geometry":{"type":"Polygon","coordinates":[[[-46.564224999999965,-23.529245999999944],[-46.56469299999998,-23.529362999999933],[-46.56489959999993,-23.529420399999935],[-46.56492049999997,-23.529342799999938],[-46.56512739999994,-23.52870329999996],[-46.56450629999995,-23.528553899999963],[-46.56437109999996,-23.52852409999997],[-46.56427999999994,-23.528971999999953],[-46.564224999999965,-23.529245999999944]]]}},{"type":"Feature","id":"355030889000046","properties":{"code":"355030889000046","population":408,"areaKm2":0.0520952,"densityHabKm2":7831.82,"households":174,"situation":"Urbana","district":"Vila Maria","neighborhood":null,"containsReferencePoint":false,"fullyWithinRadius":false,"centroidDistanceM":1032,"statisticalYear":2022,"tabularRevision":"2026-05-20","geometryRelease":"2024-11-13"},"geometry":{"type":"Polygon","coordinates":[[[-46.56333299999994,-23.515768999999977],[-46.56334499999997,-23.51581699999997],[-46.563470999999936,-23.51633099999998],[-46.56363799999997,-23.517012999999963],[-46.563796999999965,-23.51761099999993],[-46.56397199999998,-23.518312999999978],[-46.564146999999934,-23.51902199999995],[-46.564329999999984,-23.519716999999957],[-46.56448899999998,-23.520367999999962],[-46.56466599999993,-23.52108499999997],[-46.56525599999998,-23.52050799999995],[-46.56486799999993,-23.51894599999997],[-46.56470099999996,-23.518290999999977],[-46.565815999999984,-23.51825999999994],[-46.56579099999993,-23.51755499999996],[-46.56452299999995,-23.51759099999998],[-46.564345999999944,-23.516892999999982],[-46.56418199999996,-23.51623799999993],[-46.56401299999993,-23.515585999999928],[-46.563927999999976,-23.515596999999957],[-46.563796999999965,-23.51562999999993],[-46.56347699999998,-23.515710999999953],[-46.56333299999994,-23.515768999999977]]]}},{"type":"Feature","id":"355030889000080","properties":{"code":"355030889000080","population":488,"areaKm2":0.0898578,"densityHabKm2":5430.8,"households":225,"situation":"Urbana","district":"Vila Maria","neighborhood":null,"containsReferencePoint":false,"fullyWithinRadius":false,"centroidDistanceM":884,"statisticalYear":2022,"tabularRevision":"2026-05-20","geometryRelease":"2024-11-13"},"geometry":{"type":"Polygon","coordinates":[[[-46.56232199999994,-23.517046999999934],[-46.56185659999994,-23.51705379999993],[-46.56176499999998,-23.517510999999956],[-46.56175099999996,-23.517574999999965],[-46.56185999999997,-23.517620999999963],[-46.562235999999984,-23.517654999999934],[-46.562116999999944,-23.51853099999994],[-46.562022999999954,-23.519221999999957],[-46.56194499999998,-23.519793999999933],[-46.56185099999993,-23.520482999999956],[-46.56274499999995,-23.52094399999993],[-46.56306699999993,-23.521112999999957],[-46.56360099999995,-23.520508999999947],[-46.56382899999994,-23.520250999999973],[-46.564329999999984,-23.519716999999957],[-46.564146999999934,-23.51902199999995],[-46.56397199999998,-23.518312999999978],[-46.563796999999965,-23.51761099999993],[-46.56363799999997,-23.517012999999963],[-46.563470999999936,-23.51633099999998],[-46.563410999999974,-23.51635799999997],[-46.56265499999995,-23.516565999999955],[-46.56258199999996,-23.51681099999996],[-46.562550999999985,-23.51695499999994],[-46.56251649999996,-23.517010999999968],[-46.562494999999956,-23.517045999999937],[-46.56245609999996,-23.51704619999998],[-46.56232199999994,-23.517046999999934]]]}},{"type":"Feature","id":"355030889000081","properties":{"code":"355030889000081","population":404,"areaKm2":0.2506984,"densityHabKm2":1611.5,"households":169,"situation":"Urbana","district":"Vila Maria","neighborhood":null,"containsReferencePoint":false,"fullyWithinRadius":false,"centroidDistanceM":596,"statisticalYear":2022,"tabularRevision":"2026-05-20","geometryRelease":"2024-11-13"},"geometry":{"type":"Polygon","coordinates":[[[-46.56149599999998,-23.516369999999938],[-46.56150599999995,-23.516490999999974],[-46.56151799999998,-23.516705999999942],[-46.56150299999996,-23.517031999999972],[-46.561496999999974,-23.517116999999928],[-46.56146199999995,-23.51738599999993],[-46.56142749999998,-23.51758049999995],[-46.56140499999998,-23.517687999999964],[-46.561361999999974,-23.517855999999938],[-46.561324999999954,-23.517998999999975],[-46.56126999999998,-23.518159999999966],[-46.56120199999998,-23.51833399999998],[-46.56113099999993,-23.51848999999993],[-46.56098799999995,-23.518775999999946],[-46.56089799999995,-23.518940999999927],[-46.56083499999994,-23.51904399999995],[-46.560513999999955,-23.519526999999982],[-46.56050869999996,-23.519534799999974],[-46.55999799999995,-23.520287999999937],[-46.55964099999994,-23.520817999999963],[-46.55941199999995,-23.521159999999952],[-46.55910099999994,-23.521623999999974],[-46.558923999999934,-23.521890999999982],[-46.558790999999985,-23.522086999999942],[-46.55871799999994,-23.522197999999946],[-46.55859699999996,-23.522373999999957],[-46.55846299999996,-23.522575999999958],[-46.55834999999996,-23.52274499999993],[-46.558225999999934,-23.52293199999997],[-46.55847199999994,-23.523064999999974],[-46.55881199999993,-23.523202999999967],[-46.55910799999998,-23.523288999999977],[-46.55943999999994,-23.523367999999948],[-46.55948299999994,-23.523374899999965],[-46.559736999999984,-23.52341599999994],[-46.55989999999997,-23.523440999999934],[-46.56003199999998,-23.52345399999996],[-46.56017699999995,-23.52346099999994],[-46.560303199999964,-23.52345859999997],[-46.56054799999998,-23.52345399999996],[-46.56170899999995,-23.523410999999953],[-46.56239599999998,-23.523378999999977],[-46.56300399999998,-23.52338199999997],[-46.563383999999985,-23.523402999999973],[-46.56368399999997,-23.523437999999942],[-46.56405099999995,-23.523500999999953],[-46.56452299999995,-23.523607999999967],[-46.56495599999994,-23.523717999999974],[-46.56514899999996,-23.523774999999944],[-46.56538699999993,-23.52385899999996],[-46.56515899999994,-23.52302999999995],[-46.56511299999994,-23.522832999999935],[-46.56492399999996,-23.522096999999974],[-46.56466599999993,-23.52108499999997],[-46.56448899999998,-23.520367999999962],[-46.564329999999984,-23.519716999999957],[-46.56382899999994,-23.520250999999973],[-46.56360099999995,-23.520508999999947],[-46.56306699999993,-23.521112999999957],[-46.56274499999995,-23.52094399999993],[-46.56185099999993,-23.520482999999956],[-46.56194499999998,-23.519793999999933],[-46.562022999999954,-23.519221999999957],[-46.562116999999944,-23.51853099999994],[-46.562235999999984,-23.517654999999934],[-46.56185999999997,-23.517620999999963],[-46.56175099999996,-23.517574999999965],[-46.56176499999998,-23.517510999999956],[-46.56185659999994,-23.51705379999993],[-46.561939999999936,-23.51663599999995],[-46.561972999999966,-23.51653399999998],[-46.56202099999996,-23.516419999999982],[-46.56206899999995,-23.516313999999966],[-46.56210579999998,-23.51632849999993],[-46.562175999999965,-23.51635609999994],[-46.56262899999996,-23.516489999999976],[-46.56344699999994,-23.516245999999967],[-46.563470999999936,-23.51633099999998],[-46.56334499999997,-23.51581699999997],[-46.56333299999994,-23.515768999999977],[-46.56310629999996,-23.51582979999995],[-46.56293299999993,-23.51588499999997],[-46.56280399999997,-23.51593799999995],[-46.56244499999997,-23.51603799999998],[-46.56224099999997,-23.51607199999995],[-46.56220589999998,-23.516084899999953],[-46.562110099999984,-23.516119999999944],[-46.56203339999996,-23.516146099999958],[-46.56162649999993,-23.516315599999928],[-46.56155119999994,-23.51634699999994],[-46.56149599999998,-23.516369999999938]]]}},{"type":"Feature","id":"355030889000082","properties":{"code":"355030889000082","population":266,"areaKm2":0.1301887,"densityHabKm2":2043.19,"households":126,"situation":"Urbana","district":"Vila Maria","neighborhood":null,"containsReferencePoint":false,"fullyWithinRadius":false,"centroidDistanceM":929,"statisticalYear":2022,"tabularRevision":"2026-05-20","geometryRelease":"2024-11-13"},"geometry":{"type":"Polygon","coordinates":[[[-46.56525599999998,-23.52050799999995],[-46.56466599999993,-23.52108499999997],[-46.56492399999996,-23.522096999999974],[-46.56511299999994,-23.522832999999935],[-46.56515899999994,-23.52302999999995],[-46.56538699999993,-23.52385899999996],[-46.56555999999995,-23.523934999999938],[-46.565679999999986,-23.523991999999964],[-46.56657099999995,-23.52445799999998],[-46.567954999999984,-23.52521299999995],[-46.56826399999994,-23.525377899999967],[-46.56826099999995,-23.52460899999994],[-46.56825399999997,-23.524471999999946],[-46.568187999999964,-23.52246699999995],[-46.568186999999966,-23.52239899999995],[-46.56818499999997,-23.522313999999938],[-46.568156999999985,-23.52139599999998],[-46.56815299999994,-23.52130399999993],[-46.56807599999996,-23.52130599999998],[-46.567343999999935,-23.52133699999996],[-46.56699899999995,-23.52130999999997],[-46.566750999999954,-23.521247999999957],[-46.566615999999954,-23.521163999999942],[-46.566295999999966,-23.520951999999966],[-46.56607399999996,-23.52069599999993],[-46.56599899999998,-23.52055699999994],[-46.56594199999995,-23.52034999999995],[-46.56588499999998,-23.52006499999993],[-46.565841999999975,-23.51986599999998],[-46.56525599999998,-23.52050799999995]]]}},{"type":"Feature","id":"355030889000114","properties":{"code":"355030889000114","population":807,"areaKm2":0.0249581,"densityHabKm2":32334.19,"households":299,"situation":"Urbana","district":"Vila Maria","neighborhood":null,"containsReferencePoint":false,"fullyWithinRadius":true,"centroidDistanceM":780,"statisticalYear":2022,"tabularRevision":"2026-05-20","geometryRelease":"2024-11-13"},"geometry":{"type":"Polygon","coordinates":[[[-46.557642999999985,-23.517534999999953],[-46.55761299999995,-23.517560999999944],[-46.557519999999954,-23.517645999999957],[-46.55746199999993,-23.51775699999996],[-46.55744699999997,-23.517886999999973],[-46.557459999999935,-23.51808099999994],[-46.55746399999998,-23.518104999999935],[-46.557560999999964,-23.51837899999998],[-46.55768999999998,-23.518553999999938],[-46.55779299999995,-23.518723999999963],[-46.558028999999976,-23.518924999999967],[-46.558225999999934,-23.51903299999998],[-46.55843399999998,-23.51908899999995],[-46.558675999999934,-23.519075999999927],[-46.55884299999997,-23.51900399999994],[-46.55898899999994,-23.518891999999937],[-46.55918899999995,-23.518709999999942],[-46.559324999999944,-23.518505999999945],[-46.55941699999994,-23.518318999999963],[-46.55953499999998,-23.51807299999996],[-46.559511999999984,-23.517994999999928],[-46.559473999999966,-23.517949999999928],[-46.55933399999998,-23.51788399999998],[-46.55905299999995,-23.51782799999995],[-46.55885269999993,-23.517790299999945],[-46.55859099999998,-23.517740999999944],[-46.55835799999994,-23.517687999999964],[-46.55819699999995,-23.517650999999944],[-46.55768999999998,-23.517532999999958],[-46.557642999999985,-23.517534999999953]]]}},{"type":"Feature","id":"355030889000115","properties":{"code":"355030889000115","population":728,"areaKm2":0.015278,"densityHabKm2":47650.22,"households":260,"situation":"Urbana","district":"Vila Maria","neighborhood":null,"containsReferencePoint":false,"fullyWithinRadius":true,"centroidDistanceM":907,"statisticalYear":2022,"tabularRevision":"2026-05-20","geometryRelease":"2024-11-13"},"geometry":{"type":"Polygon","coordinates":[[[-46.557642999999985,-23.517534999999953],[-46.55768999999998,-23.517532999999958],[-46.55819699999995,-23.517650999999944],[-46.55835799999994,-23.517687999999964],[-46.55881999999997,-23.51684789999996],[-46.557408899999984,-23.51654659999997],[-46.55706759999998,-23.517276299999935],[-46.55700299999995,-23.51764899999995],[-46.55724299999997,-23.517574999999965],[-46.557252999999946,-23.517571999999973],[-46.55744499999997,-23.517542999999932],[-46.557642999999985,-23.517534999999953]]]}},{"type":"Feature","id":"355030889000117","properties":{"code":"355030889000117","population":103,"areaKm2":0.0074238,"densityHabKm2":13874.3,"households":56,"situation":"Urbana","district":"Vila Maria","neighborhood":null,"containsReferencePoint":false,"fullyWithinRadius":false,"centroidDistanceM":962,"statisticalYear":2022,"tabularRevision":"2026-05-20","geometryRelease":"2024-11-13"},"geometry":{"type":"Polygon","coordinates":[[[-46.557408899999984,-23.51654659999997],[-46.55881999999997,-23.51684789999996],[-46.55926049999994,-23.51694759999998],[-46.559483099999966,-23.517037699999946],[-46.559712899999965,-23.51715429999996],[-46.559702999999956,-23.517120999999975],[-46.559627999999975,-23.51702899999998],[-46.55957499999994,-23.516963999999973],[-46.55941599999994,-23.516873999999973],[-46.559779299999946,-23.51682829999993],[-46.56007599999998,-23.516719999999964],[-46.55960399999998,-23.516711999999927],[-46.55928799999998,-23.516681999999946],[-46.558588999999984,-23.516523999999947],[-46.558028999999976,-23.516385999999954],[-46.55768999999998,-23.51630799999998],[-46.557484699999975,-23.51626579999993],[-46.55746449999998,-23.51639599999993],[-46.557457899999974,-23.51641429999995],[-46.55744489999995,-23.516448599999933],[-46.55743249999995,-23.51648249999994],[-46.557408899999984,-23.51654659999997]]]}},{"type":"Feature","id":"355030889000177","properties":{"code":"355030889000177","population":123,"areaKm2":0.0019896,"densityHabKm2":61821.47,"households":51,"situation":"Urbana","district":"Vila Maria","neighborhood":null,"containsReferencePoint":false,"fullyWithinRadius":false,"centroidDistanceM":1035,"statisticalYear":2022,"tabularRevision":"2026-05-20","geometryRelease":"2024-11-13"},"geometry":{"type":"Polygon","coordinates":[[[-46.56185659999994,-23.51705379999993],[-46.56232199999994,-23.517046999999934],[-46.56232399999993,-23.51695399999994],[-46.56214899999998,-23.516947999999957],[-46.562175999999965,-23.51635609999994],[-46.56210579999998,-23.51632849999993],[-46.56206899999995,-23.516313999999966],[-46.56202099999996,-23.516419999999982],[-46.561972999999966,-23.51653399999998],[-46.561939999999936,-23.51663599999995],[-46.56185659999994,-23.51705379999993]]]}},{"type":"Feature","id":"355030889000179","properties":{"code":"355030889000179","population":359,"areaKm2":0.0112838,"densityHabKm2":31815.52,"households":127,"situation":"Urbana","district":"Vila Maria","neighborhood":null,"containsReferencePoint":false,"fullyWithinRadius":false,"centroidDistanceM":919,"statisticalYear":2022,"tabularRevision":"2026-05-20","geometryRelease":"2024-11-13"},"geometry":{"type":"Polygon","coordinates":[[[-46.56007599999998,-23.516719999999964],[-46.559779299999946,-23.51682829999993],[-46.55941599999994,-23.516873999999973],[-46.55957499999994,-23.516963999999973],[-46.559627999999975,-23.51702899999998],[-46.559702999999956,-23.517120999999975],[-46.559712899999965,-23.51715429999996],[-46.55972589999993,-23.51719819999994],[-46.55975399999994,-23.51729299999994],[-46.55976199999998,-23.517448999999942],[-46.55973899999998,-23.517671999999948],[-46.55966799999993,-23.517863999999975],[-46.55953499999998,-23.51807299999996],[-46.55941699999994,-23.518318999999963],[-46.559616999999946,-23.518136999999967],[-46.55986999999993,-23.518056999999942],[-46.56003999999996,-23.518097999999952],[-46.560020099999974,-23.518056099999967],[-46.56000839999996,-23.51803149999995],[-46.56083449999994,-23.516534599999943],[-46.56084389999995,-23.516498799999965],[-46.560857099999964,-23.516448099999934],[-46.56074199999995,-23.51651899999996],[-46.560228999999936,-23.516673999999966],[-46.56007599999998,-23.516719999999964]]]}},{"type":"Feature","id":"355030889000219","properties":{"code":"355030889000219","population":647,"areaKm2":0.0110054,"densityHabKm2":58789.32,"households":280,"situation":"Urbana","district":"Vila Maria","neighborhood":null,"containsReferencePoint":false,"fullyWithinRadius":false,"centroidDistanceM":1024,"statisticalYear":2022,"tabularRevision":"2026-05-20","geometryRelease":"2024-11-13"},"geometry":{"type":"Polygon","coordinates":[[[-46.565841999999975,-23.51986599999998],[-46.56588499999998,-23.52006499999993],[-46.56594199999995,-23.52034999999995],[-46.56599899999998,-23.52055699999994],[-46.56607399999996,-23.52069599999993],[-46.566295999999966,-23.520951999999966],[-46.566615999999954,-23.521163999999942],[-46.56657299999995,-23.519556999999963],[-46.56654299999997,-23.519090999999946],[-46.56607599999995,-23.519612999999936],[-46.565841999999975,-23.51986599999998]]]}},{"type":"Feature","id":"355030889000220","properties":{"code":"355030889000220","population":238,"areaKm2":0.0542209,"densityHabKm2":4389.45,"households":107,"situation":"Urbana","district":"Vila Maria","neighborhood":null,"containsReferencePoint":false,"fullyWithinRadius":false,"centroidDistanceM":1162,"statisticalYear":2022,"tabularRevision":"2026-05-20","geometryRelease":"2024-11-13"},"geometry":{"type":"Polygon","coordinates":[[[-46.567998999999986,-23.516410999999948],[-46.56792999999993,-23.516412999999943],[-46.567845999999975,-23.51644799999997],[-46.56779199999994,-23.51648899999998],[-46.56766499999998,-23.516583999999966],[-46.56760299999996,-23.516838999999948],[-46.56760799999995,-23.517413999999974],[-46.56760899999995,-23.517503999999974],[-46.56688399999996,-23.517524999999978],[-46.56690599999996,-23.51822999999996],[-46.566187999999954,-23.518246999999974],[-46.565815999999984,-23.51825999999994],[-46.56470099999996,-23.518290999999977],[-46.56486799999993,-23.51894599999997],[-46.56525599999998,-23.52050799999995],[-46.565841999999975,-23.51986599999998],[-46.56607599999995,-23.519612999999936],[-46.56654299999997,-23.519090999999946],[-46.56669899999997,-23.51889699999998],[-46.56677399999995,-23.518828999999982],[-46.56686599999995,-23.518727999999953],[-46.56695899999994,-23.518615999999952],[-46.56763499999994,-23.517930999999976],[-46.56775299999998,-23.51815899999997],[-46.56799099999995,-23.518272999999965],[-46.56805299999996,-23.518271999999968],[-46.568111199999976,-23.518282599999964],[-46.568131999999935,-23.518269999999973],[-46.56835099999995,-23.51812499999994],[-46.56846799999994,-23.51793699999996],[-46.56844799999993,-23.517483999999968],[-46.56842299999994,-23.516898999999967],[-46.56838799999997,-23.516644999999983],[-46.56824199999994,-23.516486999999927],[-46.56806099999994,-23.51640999999995],[-46.567998999999986,-23.516410999999948]]]}},{"type":"Feature","id":"355030889000231","properties":{"code":"355030889000231","population":71,"areaKm2":0.0323908,"densityHabKm2":2191.98,"households":29,"situation":"Urbana","district":"Vila Maria","neighborhood":null,"containsReferencePoint":false,"fullyWithinRadius":false,"centroidDistanceM":1108,"statisticalYear":2022,"tabularRevision":"2026-05-20","geometryRelease":"2024-11-13"},"geometry":{"type":"Polygon","coordinates":[[[-46.56654299999997,-23.519090999999946],[-46.56657299999995,-23.519556999999963],[-46.566615999999954,-23.521163999999942],[-46.566750999999954,-23.521247999999957],[-46.56699899999995,-23.52130999999997],[-46.567343999999935,-23.52133699999996],[-46.56807599999996,-23.52130599999998],[-46.56815299999994,-23.52130399999993],[-46.56815099999994,-23.521267999999964],[-46.56812099999996,-23.520277999999962],[-46.56812199999996,-23.52024199999994],[-46.56812189999994,-23.520205999999973],[-46.56808899999993,-23.51925099999994],[-46.56801299999995,-23.519262999999967],[-46.56768499999998,-23.519210999999927],[-46.56727999999998,-23.519030999999927],[-46.567305999999974,-23.52007999999995],[-46.56708599999996,-23.51992599999994],[-46.56697799999995,-23.519818999999927],[-46.56688099999997,-23.519721999999945],[-46.56685999999996,-23.519687999999974],[-46.56673999999998,-23.519496999999944],[-46.56654299999997,-23.519090999999946]]]}},{"type":"Feature","id":"355030889000237","properties":{"code":"355030889000237","population":595,"areaKm2":0.0049604,"densityHabKm2":119950,"households":199,"situation":"Urbana","district":"Vila Maria","neighborhood":null,"containsReferencePoint":false,"fullyWithinRadius":true,"centroidDistanceM":889,"statisticalYear":2022,"tabularRevision":"2026-05-20","geometryRelease":"2024-11-13"},"geometry":{"type":"Polygon","coordinates":[[[-46.55835799999994,-23.517687999999964],[-46.55859099999998,-23.517740999999944],[-46.55885269999993,-23.517790299999945],[-46.55926049999994,-23.51694759999998],[-46.55881999999997,-23.51684789999996],[-46.55835799999994,-23.517687999999964]]]}},{"type":"Feature","id":"355030889000238","properties":{"code":"355030889000238","population":576,"areaKm2":0.006842,"densityHabKm2":84185.91,"households":203,"situation":"Urbana","district":"Vila Maria","neighborhood":null,"containsReferencePoint":false,"fullyWithinRadius":true,"centroidDistanceM":878,"statisticalYear":2022,"tabularRevision":"2026-05-20","geometryRelease":"2024-11-13"},"geometry":{"type":"Polygon","coordinates":[[[-46.55885269999993,-23.517790299999945],[-46.55905299999995,-23.51782799999995],[-46.55933399999998,-23.51788399999998],[-46.559473999999966,-23.517949999999928],[-46.559511999999984,-23.517994999999928],[-46.55953499999998,-23.51807299999996],[-46.55966799999993,-23.517863999999975],[-46.55973899999998,-23.517671999999948],[-46.55976199999998,-23.517448999999942],[-46.55975399999994,-23.51729299999994],[-46.55972589999993,-23.51719819999994],[-46.559712899999965,-23.51715429999996],[-46.559483099999966,-23.517037699999946],[-46.55926049999994,-23.51694759999998],[-46.55885269999993,-23.517790299999945]]]}},{"type":"Feature","id":"355030889000262","properties":{"code":"355030889000262","population":0,"areaKm2":0.5578471,"densityHabKm2":0,"households":0,"situation":"Urbana","district":"Vila Maria","neighborhood":null,"containsReferencePoint":false,"fullyWithinRadius":false,"centroidDistanceM":1063,"statisticalYear":2022,"tabularRevision":"2026-05-20","geometryRelease":"2024-11-13"},"geometry":{"type":"Polygon","coordinates":[[[-46.56149599999998,-23.516369999999938],[-46.56140149999993,-23.515892299999962],[-46.56120649999997,-23.51525749999996],[-46.561077299999965,-23.51495719999997],[-46.55926709999994,-23.511462199999983],[-46.55885539999997,-23.510613499999977],[-46.558708999999965,-23.510297799999933],[-46.55862199999996,-23.51008969999998],[-46.55850309999994,-23.50968249999994],[-46.55842529999995,-23.509302699999978],[-46.558370399999944,-23.508954999999958],[-46.558379499999944,-23.50829159999995],[-46.558419999999956,-23.507773999999984],[-46.558356499999945,-23.507829199999946],[-46.55831409999996,-23.507866099999944],[-46.55827149999993,-23.507903099999965],[-46.558044999999936,-23.508099999999956],[-46.557384999999954,-23.508621999999946],[-46.55684499999995,-23.50903399999993],[-46.55642199999994,-23.50933699999996],[-46.55612999999994,-23.50954699999994],[-46.55610909999996,-23.509563899999932],[-46.556087299999945,-23.509581499999967],[-46.55607809999998,-23.50958899999995],[-46.55607619999995,-23.509590599999967],[-46.55605609999998,-23.509606799999972],[-46.55599459999996,-23.50965659999997],[-46.55596439999994,-23.509680999999944],[-46.555953099999954,-23.509690199999966],[-46.555935999999974,-23.509703999999942],[-46.55591019999997,-23.509726099999966],[-46.555880599999966,-23.50975139999997],[-46.55585099999996,-23.50977679999994],[-46.55567899999994,-23.509923999999955],[-46.55546999999996,-23.510096999999973],[-46.55568499999998,-23.510620999999958],[-46.55593299999998,-23.51127299999996],[-46.55614499999996,-23.512067999999942],[-46.556276999999966,-23.512671999999952],[-46.556348999999955,-23.513191999999947],[-46.556381999999985,-23.51366799999994],[-46.55640099999994,-23.514299999999935],[-46.55638099999993,-23.514809999999954],[-46.55632299999996,-23.515470999999934],[-46.556250999999975,-23.51583299999993],[-46.556164799999976,-23.516152399999953],[-46.55608399999994,-23.51645199999996],[-46.55594189999994,-23.517065999999943],[-46.55578099999997,-23.517758999999955],[-46.555669999999964,-23.51826699999998],[-46.55562199999997,-23.51871099999994],[-46.555605999999955,-23.519053999999983],[-46.55561199999994,-23.51912699999997],[-46.55564099999998,-23.51945399999994],[-46.555713999999966,-23.519875999999954],[-46.555816999999934,-23.52025699999996],[-46.55597599999993,-23.52070199999997],[-46.55608099999995,-23.520959999999945],[-46.55626599999994,-23.521289999999965],[-46.55642099999994,-23.521514999999965],[-46.55659399999996,-23.52172699999994],[-46.55681499999997,-23.521953999999937],[-46.55710899999997,-23.52223299999997],[-46.55748699999998,-23.522498999999982],[-46.55772899999994,-23.522658999999976],[-46.55801199999996,-23.522820999999965],[-46.558225999999934,-23.52293199999997],[-46.55834999999996,-23.52274499999993],[-46.55846299999996,-23.522575999999958],[-46.55859699999996,-23.522373999999957],[-46.55871799999994,-23.522197999999946],[-46.558790999999985,-23.522086999999942],[-46.558923999999934,-23.521890999999982],[-46.55910099999994,-23.521623999999974],[-46.55941199999995,-23.521159999999952],[-46.55964099999994,-23.520817999999963],[-46.55999799999995,-23.520287999999937],[-46.56050869999996,-23.519534799999974],[-46.560513999999955,-23.519526999999982],[-46.56083499999994,-23.51904399999995],[-46.56089799999995,-23.518940999999927],[-46.56098799999995,-23.518775999999946],[-46.56113099999993,-23.51848999999993],[-46.56120199999998,-23.51833399999998],[-46.56126999999998,-23.518159999999966],[-46.561324999999954,-23.517998999999975],[-46.561361999999974,-23.517855999999938],[-46.56140499999998,-23.517687999999964],[-46.56142749999998,-23.51758049999995],[-46.56146199999995,-23.51738599999993],[-46.561496999999974,-23.517116999999928],[-46.56150299999996,-23.517031999999972],[-46.56151799999998,-23.516705999999942],[-46.56150599999995,-23.516490999999974],[-46.56149599999998,-23.516369999999938]],[[-46.55768999999998,-23.518553999999938],[-46.557560999999964,-23.51837899999998],[-46.55746399999998,-23.518104999999935],[-46.557459999999935,-23.51808099999994],[-46.55744699999997,-23.517886999999973],[-46.55746199999993,-23.51775699999996],[-46.557519999999954,-23.517645999999957],[-46.55761299999995,-23.517560999999944],[-46.557642999999985,-23.517534999999953],[-46.55744499999997,-23.517542999999932],[-46.557252999999946,-23.517571999999973],[-46.55724299999997,-23.517574999999965],[-46.55700299999995,-23.51764899999995],[-46.55706759999998,-23.517276299999935],[-46.557408899999984,-23.51654659999997],[-46.55743249999995,-23.51648249999994],[-46.55744489999995,-23.516448599999933],[-46.557457899999974,-23.51641429999995],[-46.55746449999998,-23.51639599999993],[-46.557484699999975,-23.51626579999993],[-46.55768999999998,-23.51630799999998],[-46.558028999999976,-23.516385999999954],[-46.558588999999984,-23.516523999999947],[-46.55928799999998,-23.516681999999946],[-46.55960399999998,-23.516711999999927],[-46.56007599999998,-23.516719999999964],[-46.560228999999936,-23.516673999999966],[-46.56074199999995,-23.51651899999996],[-46.560857099999964,-23.516448099999934],[-46.56084389999995,-23.516498799999965],[-46.56083449999994,-23.516534599999943],[-46.56000839999996,-23.51803149999995],[-46.560020099999974,-23.518056099999967],[-46.56003999999996,-23.518097999999952],[-46.55986999999993,-23.518056999999942],[-46.559616999999946,-23.518136999999967],[-46.55941699999994,-23.518318999999963],[-46.559324999999944,-23.518505999999945],[-46.55918899999995,-23.518709999999942],[-46.55898899999994,-23.518891999999937],[-46.55884299999997,-23.51900399999994],[-46.558675999999934,-23.519075999999927],[-46.55843399999998,-23.51908899999995],[-46.558225999999934,-23.51903299999998],[-46.558028999999976,-23.518924999999967],[-46.55779299999995,-23.518723999999963],[-46.55768999999998,-23.518553999999938]]]}}]}