{"type":"FeatureCollection","features":[{"type":"Feature","id":"perimetro_zona_lei_18177_24.503195","properties":{"cd_identificador":503195,"tx_zoneamento_perimetro":null,"tx_observacao_perimetro":null,"cd_zoneamento_perimetro":"Praça/Canteiro","cd_tipo_legislacao_zoneamento":"L","cd_numero_legislacao_zoneamento":18177,"an_legislacao_zoneamento":2024,"dt_atualizacao":"2025-03-28T03:00:00Z","cd_usuario_atualizacao":null},"geometry":{"type":"Polygon","coordinates":[[[-46.5716230307885,-23.525970584992933],[-46.571617850105774,-23.525970105729687],[-46.57149872344016,-23.525961388931968],[-46.571398550418955,-23.525950010975873],[-46.571336287524986,-23.52594658017729],[-46.57112788056732,-23.525921155911583],[-46.570935700894566,-23.52589092892458],[-46.570707332183304,-23.52585021637043],[-46.570500518172956,-23.52580922472773],[-46.57029851279058,-23.525761809014313],[-46.570070642529885,-23.525700787107578],[-46.569929153928044,-23.52566231912395],[-46.56978231099214,-23.525614728540138],[-46.56962239009719,-23.52556103889849],[-46.5694605508818,-23.525504722117695],[-46.569311928437855,-23.52544728233553],[-46.569194282125665,-23.52539626605539],[-46.569072753667754,-23.525345486429458],[-46.568983478020044,-23.525306386556352],[-46.56877700781306,-23.525212617274363],[-46.568638329294345,-23.52514432973255],[-46.568447973346515,-23.525043256338808],[-46.56823435386401,-23.524927782827586],[-46.56808806252426,-23.52484794222891],[-46.56773584857018,-23.524651217931826],[-46.56760880675857,-23.524580780923824],[-46.56751150054172,-23.52452973565876],[-46.5672048735091,-23.524361593760208],[-46.56705539141347,-23.52427900581915],[-46.56688730124761,-23.52418793723768],[-46.566691274908564,-23.524080841838142],[-46.56654046506112,-23.5239980564951],[-46.56638639320974,-23.523916492337737],[-46.56625187613709,-23.523848594078576],[-46.56605071847386,-23.52375427405356],[-46.56589227054386,-23.52368423876568],[-46.565730846642644,-23.523615161035703],[-46.56557687551955,-23.52355199511002],[-46.5654547946513,-23.523506690856728],[-46.56533503472655,-23.523463315916132],[-46.565206674928106,-23.52341883207511],[-46.565106704335065,-23.523386059636145],[-46.564975705341546,-23.523346111391685],[-46.564881380008906,-23.523318981325854],[-46.56471985873225,-23.523276271687372],[-46.56456272007313,-23.523237864356275],[-46.564429296327894,-23.52320782926392],[-46.56434276678116,-23.523188713528643],[-46.564204211353605,-23.523159804803655],[-46.56403256325889,-23.523127069734766],[-46.563892604110094,-23.523102862517288],[-46.563757597925374,-23.523082677865368],[-46.56367353435479,-23.523071469486347],[-46.5635437450068,-23.523057018329823],[-46.56343959705028,-23.523047737414014],[-46.56331620325239,-23.52303911068428],[-46.56317257997872,-23.523031506574135],[-46.56300061287823,-23.523025005684705],[-46.56282490739925,-23.523020349214033],[-46.56271034626037,-23.523019598685682],[-46.56251203909792,-23.52302086603096],[-46.56239847656007,-23.52302436002111],[-46.562300277136906,-23.523028600636305],[-46.56215823927709,-23.523035087225153],[-46.56199609537313,-23.5230443035202],[-46.561850631762525,-23.523052266391918],[-46.56169535579168,-23.523061598646308],[-46.56162846389192,-23.52306660207764],[-46.56149543997431,-23.523073979006423],[-46.56114225432613,-23.523092416216848],[-46.56098732020496,-23.523098213683948],[-46.56082783391141,-23.52310595543726],[-46.56069761740676,-23.523111500080496],[-46.560614745656025,-23.523113771589884],[-46.56054648596052,-23.52311454591252],[-46.560473618082526,-23.52311392739343],[-46.56038361466659,-23.523111590246668],[-46.56030561017118,-23.523107783750998],[-46.56018030585252,-23.523099936645753],[-46.56001158304325,-23.523086507556812],[-46.55988545364262,-23.523069437285127],[-46.55970511637936,-23.523041001032194],[-46.55950426650836,-23.52299813601567],[-46.55931726245779,-23.522958023256578],[-46.559148325621166,-23.522912000605785],[-46.55883567124714,-23.522807480866206],[-46.55861835239196,-23.522717785208133],[-46.558356822138215,-23.52259065544866],[-46.558259675977034,-23.52253973261493],[-46.55808713586271,-23.522433082972224],[-46.557858985085986,-23.522272864252592],[-46.55773143709516,-23.522175292498904],[-46.55772226025416,-23.522168330929432],[-46.55764866774392,-23.52210984176401],[-46.55760374518387,-23.522072312311217],[-46.557542704202476,-23.52201952238687],[-46.557483632373796,-23.52196586573757],[-46.55741326625883,-23.52189904325058],[-46.557345808423285,-23.521832245969883],[-46.55727700791817,-23.521760602829353],[-46.55720494975694,-23.521684443843178],[-46.55712889710877,-23.521601307052812],[-46.557070232293796,-23.521530754614595],[-46.55700077784687,-23.521445051126104],[-46.55694329402832,-23.521372582833934],[-46.556900124681995,-23.521315192678795],[-46.556858094210575,-23.52125863602279],[-46.55677586352743,-23.521131104996858],[-46.55669631419422,-23.520993633451976],[-46.55660439056955,-23.52082751064851],[-46.556491075405425,-23.52060818292894],[-46.55642860394828,-23.52046285314632],[-46.55637742885883,-23.520330361160713],[-46.556297714579536,-23.520086715743115],[-46.55625661941977,-23.519942254531713],[-46.5562103292571,-23.519746985880264],[-46.55617184376531,-23.5195585521499],[-46.55615496253167,-23.519429646130877],[-46.55614135067312,-23.519265473193116],[-46.556132327541455,-23.519116262325035],[-46.556129699093894,-23.519015478194433],[-46.55613020323702,-23.51889888781734],[-46.55613318733867,-23.518795215478974],[-46.55614194639075,-23.51867930039224],[-46.55615265563159,-23.518561799365205],[-46.55616905600276,-23.518416304388644],[-46.556203496468775,-23.518235041643536],[-46.55623156606604,-23.518093496574608],[-46.556300910654684,-23.517799711994073],[-46.556428273667166,-23.51725692027757],[-46.55643461354726,-23.517229901070444],[-46.556483966720364,-23.517009315001363],[-46.55664468775433,-23.5163154885124],[-46.55666096367876,-23.51624522561494],[-46.55668600900773,-23.51613710521283],[-46.556734347114265,-23.515924923242245],[-46.556775191753076,-23.515732685777607],[-46.55680910411664,-23.515550587756127],[-46.556836422997236,-23.515394004969757],[-46.556857497468215,-23.515240004396617],[-46.55687040571044,-23.515133409209998],[-46.55687532836938,-23.515092758269333],[-46.55689636944333,-23.51483490647202],[-46.556905281519654,-23.514727778599458],[-46.556912987696855,-23.514617760242402],[-46.55691382459722,-23.51447118051969],[-46.556916776182,-23.514362759441386],[-46.55691883997111,-23.514269047440088],[-46.556916177065716,-23.514185696551724],[-46.55690924350817,-23.51402360858453],[-46.55690126058946,-23.51386847562728],[-46.556888065349646,-23.51369993074334],[-46.5568750036542,-23.51362406155298],[-46.55683519546022,-23.513306036637196],[-46.556809889682576,-23.51313296003716],[-46.556779126506925,-23.512931583110213],[-46.55675831614797,-23.512805321694994],[-46.556726291992405,-23.512626450118795],[-46.55669392135645,-23.51245472782558],[-46.556655717250116,-23.512245696346042],[-46.55660590108132,-23.511998027828785],[-46.55656842426495,-23.51181656305365],[-46.556511696186035,-23.511536557809816],[-46.55645789501176,-23.511294179412562],[-46.55640213467274,-23.51106465271723],[-46.55634632571841,-23.510852303932896],[-46.55632091774765,-23.510771075652904],[-46.55628609366021,-23.510660773612248],[-46.55624176066734,-23.51053713099114],[-46.556225149610526,-23.510491205217463],[-46.55612720898901,-23.510233828215394],[-46.55609290211459,-23.51015885677672],[-46.55602216497583,-23.51001806057316],[-46.5559503786738,-23.50987389703664],[-46.555950178685144,-23.509859031206307],[-46.55586076473493,-23.50995318341306],[-46.55577135065858,-23.510047335574015],[-46.55572630272007,-23.510115080706058],[-46.555746306444625,-23.51021001347495],[-46.55576631020197,-23.510304946238634],[-46.55586695719297,-23.510462048352768],[-46.555946982002126,-23.510595238329387],[-46.556066826205665,-23.510902216799604],[-46.55619914361197,-23.511281424853056],[-46.55632665841398,-23.51174643406833],[-46.556400707784476,-23.512112825290814],[-46.55649244333984,-23.512500477970637],[-46.55655398920665,-23.512791959902955],[-46.55662882555127,-23.513111076616866],[-46.556716954591025,-23.51311019550637],[-46.5567122163709,-23.51314754533771],[-46.55664117289349,-23.513169660406135],[-46.556622512205465,-23.51318252428499],[-46.556649096537484,-23.51346631629165],[-46.556660869245576,-23.51372613825482],[-46.556676650321585,-23.514079712788245],[-46.55668248587079,-23.514328874927504],[-46.556676257735305,-23.51454064061618],[-46.556658816474986,-23.51478735568398],[-46.556636067896214,-23.515077000448645],[-46.55660409813181,-23.51532386076244],[-46.55651991297486,-23.515825823147612],[-46.55645103619405,-23.516154566759635],[-46.55634292605381,-23.51659133263494],[-46.556288213811015,-23.516881296869094],[-46.55621843725311,-23.517125855249713],[-46.55618530098917,-23.517273574917727],[-46.55612196550076,-23.517571664665716],[-46.556093339000576,-23.51773683174656],[-46.556031947618344,-23.517993786994563],[-46.55595116399489,-23.518369269391147],[-46.5559055771059,-23.518693979551127],[-46.55588541754606,-23.518956800400748],[-46.55589125239527,-23.519205962486915],[-46.55590288715824,-23.51933045639703],[-46.55591452195026,-23.519454950303203],[-46.55594335120388,-23.51968244422104],[-46.55598642602042,-23.519885677628128],[-46.556032627277204,-23.520107638282376],[-46.55612110143517,-23.52039150375451],[-46.55622502467802,-23.520652391809687],[-46.556326783577205,-23.520903274546317],[-46.55643672466035,-23.521108518979656],[-46.55654944586624,-23.521303016362737],[-46.55671759859816,-23.52151571780099],[-46.55689153200966,-23.52172568142214],[-46.55722338957873,-23.52201981816052],[-46.55735235927731,-23.522121666366868],[-46.557596062602876,-23.5222969804188],[-46.55775891009798,-23.522420357462686],[-46.557940109609916,-23.522545726730826],[-46.55821365879093,-23.522704857506486],[-46.55856261468061,-23.52287864881454],[-46.55882308313463,-23.522991661152307],[-46.559003603459225,-23.52305922555304],[-46.559221690887306,-23.523122559385754],[-46.55947730003219,-23.52317780892341],[-46.55977474628693,-23.523236492801725],[-46.560013321244504,-23.523264933988912],[-46.56025598456824,-23.523285625780055],[-46.560577870046025,-23.523290106815377],[-46.56095385718816,-23.523274774517215],[-46.56121310550404,-23.523267171814155],[-46.56121704474859,-23.523255866309473],[-46.56122098399251,-23.523244560804628],[-46.56208138392352,-23.52322090688319],[-46.56250742286712,-23.52320160925511],[-46.562933698119615,-23.52320233651179],[-46.56328139335388,-23.52321636961544],[-46.56359400386973,-23.523248279257217],[-46.56393659510428,-23.523289901228598],[-46.564333895828206,-23.523366022304167],[-46.564641491655635,-23.523433029927364],[-46.56495493169732,-23.523535027877116],[-46.56520569589635,-23.523617627063782],[-46.56539369521051,-23.523673318045862],[-46.56559284985155,-23.523753932086457],[-46.56593122769326,-23.523898237500333],[-46.56622339597685,-23.524038000053245],[-46.56672339862914,-23.52430335107551],[-46.566755027480916,-23.524222919121645],[-46.56680305547045,-23.524252969832336],[-46.566830134167766,-23.524374879537163],[-46.56696667303417,-23.524441100771025],[-46.567512710795846,-23.524735919034935],[-46.56753923627119,-23.524643129771405],[-46.56757745070312,-23.524660269725693],[-46.56761177759534,-23.524807633330322],[-46.5679533494842,-23.52499195870757],[-46.56830318532151,-23.52518621420633],[-46.56872927366444,-23.525399728681467],[-46.56906506276002,-23.525554067196428],[-46.56929700758197,-23.52565187049673],[-46.56951791539794,-23.52573476346178],[-46.569697745180875,-23.52578802785694],[-46.56994067783828,-23.525856696113088],[-46.57024257581015,-23.525940255227905],[-46.57058293583319,-23.52602194138568],[-46.57087144755053,-23.526081618210384],[-46.5711625851288,-23.526133757344617],[-46.57147511430242,-23.526158140936],[-46.5715894129521,-23.526154920011123],[-46.571607627159096,-23.526075116358705],[-46.571625841347014,-23.525995312704367],[-46.571628211471264,-23.525971064256098],[-46.5716230307885,-23.525970584992933]]]}},{"type":"Feature","id":"perimetro_zona_lei_18177_24.519751","properties":{"cd_identificador":519751,"tx_zoneamento_perimetro":"Zona de Desenvolvimento Econômico 1","tx_observacao_perimetro":null,"cd_zoneamento_perimetro":"ZDE-1","cd_tipo_legislacao_zoneamento":"L","cd_numero_legislacao_zoneamento":18177,"an_legislacao_zoneamento":2024,"dt_atualizacao":"2025-03-28T03:00:00Z","cd_usuario_atualizacao":null},"geometry":{"type":"Polygon","coordinates":[[[-46.562906900502256,-23.521697541073983],[-46.56273615046759,-23.521605807908493],[-46.562273999030275,-23.52136044100474],[-46.56196324745733,-23.52119571512097],[-46.561942450905235,-23.521185269878504],[-46.56193571813678,-23.52118271910025],[-46.56192851261514,-23.521181166228015],[-46.561921240197925,-23.52118078776439],[-46.561903091648425,-23.52118259504667],[-46.56189278499523,-23.52118513622796],[-46.56188119600248,-23.521188502863307],[-46.56186143595754,-23.521197459023945],[-46.56185245318933,-23.5212026955443],[-46.56184997032104,-23.521204435919707],[-46.561845021629416,-23.52120936109972],[-46.56184129583801,-23.52121526717175],[-46.561839028791375,-23.52122161004463],[-46.56183830123524,-23.521228388908014],[-46.56175875222901,-23.521843864430195],[-46.56169487059785,-23.522356796677133],[-46.56166666441851,-23.522553364703864],[-46.561666466069425,-23.52256393033164],[-46.56166791012939,-23.522569965105713],[-46.561670568580084,-23.522576258558225],[-46.561674431833964,-23.522581998197605],[-46.56167933733339,-23.522587095367292],[-46.56168511932466,-23.522591190580208],[-46.561691617380355,-23.522594375733465],[-46.56169858713068,-23.522596472703746],[-46.561705866017775,-23.522597392834474],[-46.56179189684864,-23.522592737555264],[-46.56191882982328,-23.52258460201642],[-46.5620630382207,-23.522575931855098],[-46.56216998123541,-23.52257097621102],[-46.562322320697426,-23.522567009440635],[-46.562443433715856,-23.522565252016232],[-46.56256005264711,-23.522565887087556],[-46.56266456070015,-23.52256673394687],[-46.562767327511,-23.522570577704887],[-46.56289975805237,-23.522576651591447],[-46.563079077939406,-23.52258703973448],[-46.56320880044341,-23.522596300612058],[-46.56335522067392,-23.522610810916827],[-46.56348354416524,-23.522624690274757],[-46.563621276908634,-23.522642086500998],[-46.56375628670786,-23.52266140599617],[-46.56389722728931,-23.522683735555706],[-46.564058021168805,-23.52271182446029],[-46.56420744054685,-23.52274093037838],[-46.56433300140104,-23.52276702559069],[-46.5644481470889,-23.522793315670754],[-46.56456105006305,-23.5228211630929],[-46.56473701177109,-23.52286851060915],[-46.56484583308601,-23.522899468623226],[-46.56495823290969,-23.522932557476842],[-46.565084743515456,-23.52297065074163],[-46.565111241545836,-23.52297832958646],[-46.565118590537786,-23.52297834597667],[-46.56512584597154,-23.522977279858488],[-46.56513284742174,-23.522975223132676],[-46.565139352649034,-23.522972178234898],[-46.56514528197455,-23.52296823625402],[-46.56515047390529,-23.52296339881404],[-46.565154770151594,-23.522957938368783],[-46.56515809103464,-23.52295194600702],[-46.56516035580818,-23.522945422540783],[-46.565161487996676,-23.5229387298887],[-46.56516140898922,-23.522932049416013],[-46.56516105077069,-23.52292907353418],[-46.56515390653235,-23.52290539978964],[-46.56514500189175,-23.522883098057324],[-46.565137366497474,-23.522872520922913],[-46.56512555044418,-23.52286352071216],[-46.565095799769885,-23.52284711669746],[-46.564874551504154,-23.522732960784836],[-46.564526850331454,-23.52255136691142],[-46.564413493352774,-23.522491923419143],[-46.564271383754196,-23.522418503387566],[-46.564105039137196,-23.52233070018761],[-46.563916677080975,-23.522231651515973],[-46.56369801359398,-23.52211737757453],[-46.56351135098867,-23.52201858217266],[-46.56332070118178,-23.52191720824297],[-46.56314176221724,-23.52182275888393],[-46.56298751306553,-23.521740159911065],[-46.562906900502256,-23.521697541073983]]]}},{"type":"Feature","id":"perimetro_zona_lei_18177_24.522483","properties":{"cd_identificador":522483,"tx_zoneamento_perimetro":"Zona Especial de Interesse Social 3","tx_observacao_perimetro":null,"cd_zoneamento_perimetro":"ZEIS-3","cd_tipo_legislacao_zoneamento":"L","cd_numero_legislacao_zoneamento":18177,"an_legislacao_zoneamento":2024,"dt_atualizacao":"2025-03-28T03:00:00Z","cd_usuario_atualizacao":null},"geometry":{"type":"Polygon","coordinates":[[[-46.55677817864602,-23.52417941883127],[-46.55678937518994,-23.524173798193893],[-46.556796932585875,-23.524166859370435],[-46.55686784552864,-23.524050920009255],[-46.55730750915722,-23.523295991087696],[-46.55731145408391,-23.52328168332027],[-46.55731136818769,-23.523266061297544],[-46.55730497584266,-23.52324716106276],[-46.557292252442565,-23.523231213953],[-46.5570191625522,-23.523052521912355],[-46.556908339141984,-23.52297262627887],[-46.55684803627817,-23.522924825604644],[-46.55676584376878,-23.522856112307238],[-46.556653939690115,-23.52275924981344],[-46.5564372262393,-23.52295223296661],[-46.556007762539615,-23.523400560064168],[-46.556456087718246,-23.523964732484348],[-46.556680848041296,-23.5241309951129],[-46.556745834816056,-23.524177304084702],[-46.55675517696413,-23.524180551954483],[-46.556767136523966,-23.52418151600176],[-46.55677817864602,-23.52417941883127]]]}},{"type":"Feature","id":"perimetro_zona_lei_18177_24.503133","properties":{"cd_identificador":503133,"tx_zoneamento_perimetro":null,"tx_observacao_perimetro":null,"cd_zoneamento_perimetro":"Praça/Canteiro","cd_tipo_legislacao_zoneamento":"L","cd_numero_legislacao_zoneamento":18177,"an_legislacao_zoneamento":2024,"dt_atualizacao":"2025-03-28T03:00:00Z","cd_usuario_atualizacao":null},"geometry":{"type":"Polygon","coordinates":[[[-46.56278331002948,-23.5226932343708],[-46.56274343628622,-23.52268211471927],[-46.56272212362856,-23.522676966400777],[-46.562700614340244,-23.522672567408943],[-46.5626789394064,-23.522668924080353],[-46.5626571300509,-23.52266604166385],[-46.56263521769151,-23.522663924311537],[-46.562624205399786,-23.522663151853227],[-46.56260442206147,-23.522662827422817],[-46.56256072905309,-23.52266164042797],[-46.56246023433595,-23.522661075676766],[-46.56238012950295,-23.522661522232426],[-46.562293392120004,-23.522664121426555],[-46.56222720312654,-23.52266541637489],[-46.562168173415095,-23.522667458990213],[-46.56209230724214,-23.522670804989914],[-46.56200784087869,-23.522675597555487],[-46.56184138371389,-23.522686403643778],[-46.56163614569654,-23.52269766668778],[-46.56145382355184,-23.52270879402265],[-46.56127864998138,-23.5227200199253],[-46.560872892056615,-23.522743439436812],[-46.56072012467714,-23.522753582138595],[-46.560651813431484,-23.522757438651283],[-46.56057476916416,-23.522759764248935],[-46.56050202800815,-23.522761085962326],[-46.56040595438709,-23.522760891770332],[-46.56023812931069,-23.522755704343886],[-46.56017131736384,-23.52275222454369],[-46.55998429485343,-23.522745095574116],[-46.55980319472646,-23.522738641750074],[-46.5597628203375,-23.522737644793043],[-46.55975946650067,-23.522737033522862],[-46.55975266189268,-23.522739167245305],[-46.55974903435739,-23.522744882906377],[-46.55975035246054,-23.522751393897448],[-46.55989042168813,-23.522829984519937],[-46.55994723586377,-23.522858220337547],[-46.560018204248856,-23.522887731411902],[-46.56008153734938,-23.52290947111518],[-46.560162870844785,-23.5229348910641],[-46.560228696206856,-23.522952749567647],[-46.56027581802607,-23.52296276951248],[-46.56033285244082,-23.52297430501349],[-46.56037243372014,-23.522980364841246],[-46.560418931624866,-23.522985255740988],[-46.560469117113946,-23.522990316291693],[-46.560513036760234,-23.52299355763749],[-46.560548394632995,-23.52299514975655],[-46.56058363926941,-23.522995198429246],[-46.56064570696552,-23.522994347907314],[-46.56072481329216,-23.522992200128026],[-46.56089493427321,-23.52298453402853],[-46.56117340339513,-23.522971265761814],[-46.56128929273498,-23.52296567836606],[-46.56144440893142,-23.5229562657611],[-46.561586996207524,-23.522947430229994],[-46.561704054179344,-23.522941288968855],[-46.56185633050928,-23.522931904449198],[-46.56200557757341,-23.522923092014665],[-46.56211999261557,-23.52291706727053],[-46.56230312222637,-23.522908004803345],[-46.56238026782005,-23.522905695254718],[-46.56244830332608,-23.52290320620091],[-46.56254170953842,-23.522901184870907],[-46.5626931035008,-23.52290002619685],[-46.56278527294564,-23.52290108752539],[-46.56288119013848,-23.522904368805865],[-46.56303744631624,-23.52290857930553],[-46.5632502373939,-23.52291502132514],[-46.56336018537773,-23.522920509334647],[-46.5634622293006,-23.522928424603684],[-46.56346623242837,-23.522927391032585],[-46.563467299985895,-23.52292656755967],[-46.56346806630599,-23.52292511497417],[-46.56346763834345,-23.522922048885974],[-46.56346604703352,-23.52291998784384],[-46.5634641768874,-23.52291919387962],[-46.56332417603971,-23.522873370317384],[-46.56303866211229,-23.522779339906684],[-46.56281006261132,-23.522703069534458],[-46.56278331002948,-23.5226932343708]]]}},{"type":"Feature","id":"perimetro_zona_lei_18177_24.504452","properties":{"cd_identificador":504452,"tx_zoneamento_perimetro":null,"tx_observacao_perimetro":null,"cd_zoneamento_perimetro":"Praça/Canteiro","cd_tipo_legislacao_zoneamento":"L","cd_numero_legislacao_zoneamento":18177,"an_legislacao_zoneamento":2024,"dt_atualizacao":"2025-03-28T03:00:00Z","cd_usuario_atualizacao":null},"geometry":{"type":"Polygon","coordinates":[[[-46.55881706696455,-23.5221532158538],[-46.55882082515885,-23.522147452534682],[-46.55882838960973,-23.522136867158427],[-46.5588733051593,-23.522074014177043],[-46.55899604892155,-23.521893799066618],[-46.55913185456499,-23.521691779681678],[-46.559228305165924,-23.521549214308013],[-46.5593329194056,-23.52139302125434],[-46.559406536456585,-23.521282472106122],[-46.55948335609982,-23.52116945258916],[-46.55956836707493,-23.521045153069668],[-46.55962463330069,-23.520966474946853],[-46.55970998990607,-23.52083738124439],[-46.55983487429937,-23.520653265584013],[-46.559948905449986,-23.520484668728688],[-46.56007441854267,-23.52029482476558],[-46.56020105785265,-23.520109412766544],[-46.56044095351644,-23.519748282188086],[-46.56053803903881,-23.5196007339145],[-46.56055626844602,-23.519571338555465],[-46.560574777475296,-23.519542092164258],[-46.560593564694955,-23.519512997002593],[-46.56061262865173,-23.519484055320557],[-46.56063196787118,-23.519455269356495],[-46.56065158085754,-23.519426641336715],[-46.560671466093694,-23.519398173475007],[-46.56069162204169,-23.51936986797317],[-46.560712047142495,-23.519341727020112],[-46.56073273981625,-23.519313752792325],[-46.56075369846259,-23.519285947453284],[-46.560774921460435,-23.519258313153163],[-46.560783764546095,-23.519246949010387],[-46.56080337014314,-23.51921831662876],[-46.56082280314305,-23.519189584368213],[-46.560842062947565,-23.519160753113105],[-46.56086114896379,-23.519131823751447],[-46.56088006060413,-23.51910279717374],[-46.56089879728642,-23.519073674274132],[-46.560917358433926,-23.519044455948947],[-46.56093574347513,-23.519015143098116],[-46.560953951844034,-23.518985736624096],[-46.56097198298026,-23.518956237432448],[-46.560981116318665,-23.518941147686753],[-46.56099786117906,-23.518911010660197],[-46.561014431400146,-23.51888079166335],[-46.561030826510134,-23.518850491556744],[-46.56104704604218,-23.518820111203084],[-46.561063089534635,-23.5187896514677],[-46.56107895653061,-23.518759113217854],[-46.56109464657842,-23.51872849732339],[-46.56111015923148,-23.51869780465584],[-46.56112549404816,-23.518667036089415],[-46.56114065059175,-23.518636192500438],[-46.56115562843094,-23.51860527476699],[-46.56117042713923,-23.518574283769635],[-46.56118504629537,-23.51854322039095],[-46.56120141746144,-23.518507884500274],[-46.56121285348985,-23.518482931400573],[-46.561224124121225,-23.51845791439045],[-46.561235228935736,-23.518432834402052],[-46.56124616751957,-23.518407692370143],[-46.561256939465295,-23.518382489231538],[-46.56126754437148,-23.518357225925396],[-46.561277981843205,-23.518331903393147],[-46.56128825149154,-23.518306522578474],[-46.56129835293383,-23.51828108442702],[-46.56130828579385,-23.518255589886827],[-46.56131804970152,-23.518230039908048],[-46.561327644293016,-23.51820443544255],[-46.56133706921115,-23.518178777444504],[-46.56134632410454,-23.5181530668701],[-46.56135540862852,-23.51812730467752],[-46.561364322444696,-23.51810149182643],[-46.56137306522104,-23.51807562927906],[-46.56138163663176,-23.51804971799909],[-46.561390036357615,-23.51802375895196],[-46.56139826408556,-23.517997753104932],[-46.561406319509345,-23.51797170142736],[-46.561414202328805,-23.51794560488973],[-46.561421912250246,-23.5179194644648],[-46.56142944898647,-23.51789328112643],[-46.561437978735015,-23.51786291811562],[-46.56144522686194,-23.517836665573682],[-46.56145230870014,-23.517810374466766],[-46.561459224008274,-23.517784045690416],[-46.56146597255093,-23.51775768014149],[-46.56147255409838,-23.517731278718507],[-46.561478968426385,-23.517704842320736],[-46.561485215316516,-23.51767837184874],[-46.561491294556035,-23.51765186820447],[-46.56149720593807,-23.51762533229073],[-46.56150294926128,-23.517598765011712],[-46.561508524330094,-23.517572167272426],[-46.56151393095455,-23.517545539978872],[-46.561519168950845,-23.51751888403836],[-46.561524238140315,-23.51749220035903],[-46.561529138350544,-23.51746548984983],[-46.561533869414724,-23.51743875342072],[-46.561538431171726,-23.517411991982627],[-46.56154289500389,-23.51738358786638],[-46.56154783790322,-23.517350033509675],[-46.56155252919186,-23.517316448450188],[-46.561556968645874,-23.51728283429241],[-46.56156115605356,-23.517249192642094],[-46.56156509121481,-23.517215525106447],[-46.561568773941964,-23.517181833293634],[-46.5615722040593,-23.51714811881341],[-46.5615753814032,-23.517114383276102],[-46.56157830582197,-23.51708062829359],[-46.56158097717607,-23.51704685547823],[-46.56158339533813,-23.51701306644335],[-46.561585560192846,-23.516979262803343],[-46.56158747163702,-23.516945446172606],[-46.56158912957956,-23.51691161816711],[-46.561590533941285,-23.516877780402478],[-46.56159168465549,-23.516843934495313],[-46.561592581667206,-23.516810082062534],[-46.561593224934015,-23.516776224721312],[-46.56159366186855,-23.51673559170986],[-46.56159379281554,-23.516713918210705],[-46.561593755653234,-23.516680055719046],[-46.56159341648825,-23.51664619465469],[-46.56159277534391,-23.516612337308082],[-46.56159183226364,-23.51657848596954],[-46.56159058731148,-23.516544642928487],[-46.56158904057197,-23.51651081047445],[-46.56158719214979,-23.516476990895715],[-46.561585042170485,-23.51644318647987],[-46.561582590779445,-23.5164093995136],[-46.56157983814284,-23.516375632282216],[-46.561576784447055,-23.516341887069807],[-46.561573429898864,-23.516308166158982],[-46.56156977472545,-23.51627447183047],[-46.56156581917428,-23.51624080636369],[-46.561561563513145,-23.516207172035482],[-46.56155700802999,-23.516173571121275],[-46.56155215303341,-23.51614000589352],[-46.56154535521526,-23.516096185444912],[-46.56153999337014,-23.51606268586514],[-46.56153435896795,-23.516029224348642],[-46.561528452326485,-23.515995802781394],[-46.56152227377879,-23.515962423046926],[-46.56151582367327,-23.51592908702632],[-46.56150910237375,-23.515895796598265],[-46.56150211025901,-23.515862553639014],[-46.56149484772349,-23.51582936002192],[-46.561487315176656,-23.51579621761777],[-46.56147951304312,-23.515763128294452],[-46.56147144176283,-23.51573009391656],[-46.561463101790885,-23.515697116345923],[-46.56145449359751,-23.51566419744105],[-46.561445617667985,-23.51563133905712],[-46.56143647450272,-23.515598543046035],[-46.561427064617256,-23.515565811255797],[-46.56141738854207,-23.515533145531318],[-46.56140744682259,-23.515500547713444],[-46.56139724001937,-23.515468019639282],[-46.561389512782895,-23.5154442765491],[-46.561378720635716,-23.5154119095366],[-46.56136768778574,-23.515379611611767],[-46.56135641475305,-23.515347384296742],[-46.56134490206915,-23.515315229110424],[-46.56133315027679,-23.515283147568493],[-46.56132115993018,-23.51525114118282],[-46.56130893159442,-23.515219211461933],[-46.56129646584616,-23.51518735991089],[-46.56128376327302,-23.515155588030655],[-46.5612708244738,-23.515123897318915],[-46.561257650058636,-23.51509228926913],[-46.56124424064847,-23.515060765371],[-46.561230596875575,-23.51502932711048],[-46.561216719383125,-23.514997975969145],[-46.5612026088252,-23.51496671342471],[-46.56119414251536,-23.51494824118385],[-46.56117607423664,-23.51491117934074],[-46.561157806267495,-23.514874200840772],[-46.561139339060304,-23.5148373065991],[-46.56112067307194,-23.514800497528576],[-46.561104966568195,-23.514769889021604],[-46.56098908745579,-23.51454209157606],[-46.56088373316976,-23.51432758821149],[-46.56080264785286,-23.514161425917052],[-46.56070883032835,-23.513970195914816],[-46.56049524933207,-23.513529929184944],[-46.56037413969418,-23.513282982932786],[-46.560188047599716,-23.512898249087733],[-46.56015445625111,-23.51282327072696],[-46.5600767244282,-23.51264235451157],[-46.56000853105408,-23.512473082420012],[-46.55994988883745,-23.51231653800908],[-46.559882375052055,-23.51211348469295],[-46.55980485100151,-23.511867004253528],[-46.55972659950718,-23.511591994431505],[-46.55966930689236,-23.51139199928932],[-46.55961411747645,-23.5111959565002],[-46.55953694777975,-23.510962837556537],[-46.55951839763169,-23.510906166297367],[-46.55945141654475,-23.510701536598184],[-46.55935829062486,-23.510418998530383],[-46.55935508931205,-23.510405780512126],[-46.55935132437012,-23.510392689421753],[-46.559347001674624,-23.51037974568839],[-46.559342127971334,-23.51036696951108],[-46.55933671086594,-23.510354380827874],[-46.559330758812436,-23.510341999283465],[-46.55932428109914,-23.510329844200058],[-46.55931728783503,-23.51031793454599],[-46.55930978993342,-23.510306288906623],[-46.55930179909519,-23.510294925455486],[-46.55929332779048,-23.51028386192556],[-46.559284389239046,-23.510273115581946],[-46.559274997390006,-23.510262703194595],[-46.55926516689981,-23.510252641012492],[-46.55925491310924,-23.51024294473814],[-46.55924425201978,-23.51023362950249],[-46.559233200268594,-23.51022470984281],[-46.559221775102294,-23.51021619967803],[-46.55920999435035,-23.51020811228881],[-46.559197876396915,-23.510200460295856],[-46.559185440152625,-23.510193255640132],[-46.55917617489151,-23.510188286781784],[-46.55917124763607,-23.510185888304314],[-46.55916464567268,-23.510182922999356],[-46.5591579295885,-23.51018018427249],[-46.559151108523494,-23.510177675850954],[-46.55914419176085,-23.510175401148608],[-46.55913718871364,-23.51017336326115],[-46.55913010891249,-23.510171564961876],[-46.5591229619927,-23.510170008698132],[-46.55911575768065,-23.510168696588156],[-46.559108505780884,-23.510167630417367],[-46.559101216162745,-23.51016681163696],[-46.559093898746845,-23.510166241360928],[-46.55908656349181,-23.510165920365797],[-46.559079220380205,-23.510165849088132],[-46.55907187940564,-23.51016602762499],[-46.55906455055864,-23.510166455733405],[-46.55905724381327,-23.510167132830908],[-46.55904996911347,-23.510168057995713],[-46.559042736359544,-23.51016922996901],[-46.55903555539487,-23.51017064715567],[-46.5590284359921,-23.510172307627034],[-46.55902138784048,-23.51017420912344],[-46.5590144205318,-23.51017634905688],[-46.55900754354834,-23.510178724515267],[-46.55900076624895,-23.510181332265514],[-46.55899409785726,-23.51018416875883],[-46.558987547448396,-23.510187230135116],[-46.55898112393701,-23.510190512227645],[-46.55897483606519,-23.51019401057],[-46.55896869239013,-23.5101977204012],[-46.558962701273195,-23.51020163667228],[-46.55895687086768,-23.510205754053434],[-46.55895120910844,-23.510210066941333],[-46.55894572370079,-23.510214569466342],[-46.558940422110005,-23.51021925550096],[-46.5589353115512,-23.510224118667608],[-46.55892812112914,-23.510233471036607],[-46.55892010476539,-23.510244819493284],[-46.55891262039547,-23.51025647281059],[-46.558905681632126,-23.510268409793294],[-46.55889930109573,-23.510280608730234],[-46.55889349039167,-23.510293047433716],[-46.55888826008854,-23.510305703280245],[-46.55888361969956,-23.510318553251015],[-46.558879577664854,-23.51033157397434],[-46.55887614133646,-23.510344741767966],[-46.55887331696437,-23.510358032681903],[-46.55887110968603,-23.510371422542622],[-46.55886952351614,-23.51038488699626],[-46.55886856133986,-23.510398401553473],[-46.55886822490742,-23.510411941633684],[-46.55886851483091,-23.51042548260994],[-46.55886943058321,-23.51043899985364],[-46.55887097049893,-23.510452468779302],[-46.55887197368717,-23.510459177462792],[-46.55888156510157,-23.510491953685637],[-46.55889806409205,-23.510537573532734],[-46.55891765903645,-23.510588309810743],[-46.558960160946434,-23.510696612435062],[-46.55900812265419,-23.51081118178214],[-46.55904954906715,-23.510906164453548],[-46.55906267121072,-23.510936250931646],[-46.559119743337234,-23.51105939836621],[-46.55918570022163,-23.511188597597663],[-46.55926056945016,-23.511334504414762],[-46.55939443168571,-23.511583671991005],[-46.55964985759264,-23.51208529060316],[-46.55972884241407,-23.512239644648385],[-46.559806715252286,-23.512391029693536],[-46.55989991407707,-23.5125715201987],[-46.55999939145795,-23.512761249215362],[-46.56009860411431,-23.512953419058263],[-46.56020426885714,-23.513161237359174],[-46.56039247836564,-23.513526172987575],[-46.56047452701945,-23.51368275348935],[-46.5605786327074,-23.513882820804376],[-46.56068315380904,-23.51408487059217],[-46.56078661305801,-23.514288195215215],[-46.560961893267375,-23.51461939495792],[-46.561003452031066,-23.514697273292224],[-46.561041846589646,-23.514774699158362],[-46.561058775782655,-23.51481085379689],[-46.56107610271728,-23.51484821572079],[-46.56109613575256,-23.514891875908717],[-46.56111315091692,-23.514929359483105],[-46.561132819631354,-23.514973160307065],[-46.56114952202069,-23.515010763319573],[-46.56116882525289,-23.515054702194302],[-46.56117703769659,-23.515073555611398],[-46.561188802749314,-23.515099826735234],[-46.561199850912594,-23.515124928008138],[-46.56121073756633,-23.515150089218302],[-46.56122146232819,-23.51517530948215],[-46.561234640046706,-23.515206916506596],[-46.56124499918296,-23.515232266399384],[-46.56125519522368,-23.51525767245952],[-46.56126522781062,-23.51528313379488],[-46.56127753815118,-23.515315036832195],[-46.56128959186926,-23.515347023088705],[-46.56130138830317,-23.51537909080906],[-46.56131063977014,-23.51540480245691],[-46.5613197258356,-23.515430564212387],[-46.561328646180144,-23.51545637517072],[-46.56133740049057,-23.515482234425413],[-46.56134598845928,-23.515508141068135],[-46.56135440978448,-23.515534094189054],[-46.5613606162405,-23.515553588982833],[-46.56136928817194,-23.51558190395559],[-46.56137710298338,-23.515608017907994],[-46.56138475488844,-23.5156341728521],[-46.56139409029773,-23.515666922860518],[-46.56140137474675,-23.515693166874623],[-46.561408495487,-23.515719449067262],[-46.56141545228309,-23.515745768569808],[-46.56142391738212,-23.515778719090378],[-46.561430504471566,-23.51580511935921],[-46.56143692688935,-23.5158315541073],[-46.561443184423254,-23.515858022461476],[-46.561449276866405,-23.515884523547047],[-46.561455204017335,-23.51591105648848],[-46.561460965680226,-23.515937620409],[-46.56146793475148,-23.515970867536808],[-46.56147332337806,-23.515997497949737],[-46.561479825580896,-23.51603082541063],[-46.561484840269294,-23.516057517861523],[-46.56149087451546,-23.51609092008098],[-46.56149551442643,-23.51611767010496],[-46.56149954964361,-23.51614273780548],[-46.561503693920784,-23.51616955693671],[-46.56150862814712,-23.51620311237921],[-46.56151237845778,-23.516229980772575],[-46.56151595344735,-23.516256869481023],[-46.561519352986345,-23.51628377753191],[-46.56152257695153,-23.516310703951554],[-46.56152562522634,-23.516337647766008],[-46.56152918833761,-23.516371350510255],[-46.56153247655883,-23.51640507700543],[-46.56153548970405,-23.516438825344906],[-46.561537702050344,-23.51646583846246],[-46.56154021963934,-23.516499621313542],[-46.561542461713934,-23.516533420664423],[-46.56154442814728,-23.51656723460444],[-46.56154580275685,-23.51659429497624],[-46.56154700083458,-23.51662136248279],[-46.561548250118214,-23.516655205407197],[-46.561548970627676,-23.516681511038936],[-46.561549651752046,-23.516715367738637],[-46.561550055901,-23.516749228212852],[-46.56155018305121,-23.516783090534727],[-46.56155008532675,-23.516810180427765],[-46.56154981032145,-23.516837269283595],[-46.56154921727937,-23.516871127391788],[-46.561548543438334,-23.516898210307037],[-46.561547692372194,-23.51692528897915],[-46.5615463793646,-23.51695912985019],[-46.56154478956614,-23.516992960624922],[-46.561543318498096,-23.51702001668165],[-46.561541230714184,-23.51705382443224],[-46.56153886643171,-23.517087616698227],[-46.561536225785076,-23.51712139155646],[-46.561533308924425,-23.51715514708527],[-46.561530776672605,-23.51718213630023],[-46.561527363054815,-23.517215852196287],[-46.56152290279398,-23.51725627849265],[-46.56151996822007,-23.517281163718618],[-46.56151575448206,-23.517314802565163],[-46.561512181687704,-23.51734169151853],[-46.56150746366122,-23.51737527338738],[-46.561503487787135,-23.51740211418634],[-46.56149826637468,-23.517435632649676],[-46.56149276572882,-23.51746911311437],[-46.56148698617416,-23.51750255360254],[-46.56148092805207,-23.517535952138548],[-46.56147588122558,-23.517562639435777],[-46.56146932259446,-23.517595957487007],[-46.56146248643882,-23.517629228067804],[-46.561455373162346,-23.51766244921231],[-46.56144868740107,-23.51769237403967],[-46.561442552416906,-23.51771886678332],[-46.56143463943014,-23.517751933784005],[-46.56142645547015,-23.5177849446543],[-46.56141800100478,-23.5178178975059],[-46.561409276517445,-23.51785079045403],[-46.56140028250694,-23.517883621617283],[-46.56139101948758,-23.517916389117694],[-46.5613814879889,-23.517949091081146],[-46.56137168855589,-23.51798172563723],[-46.56136162174892,-23.518014290919172],[-46.56135337618029,-23.518040292015442],[-46.561342829560886,-23.518072727912823],[-46.56133201721763,-23.518105089330962],[-46.56132093976861,-23.518137374418878],[-46.561311348118466,-23.5181644911293],[-46.5612996990033,-23.518196604672394],[-46.56128778892457,-23.51822863671619],[-46.5612756185526,-23.51826058545757],[-46.56126318857209,-23.518292449097938],[-46.5612504996828,-23.518324225843624],[-46.56123755259872,-23.518355913905772],[-46.56122434804861,-23.518387511500535],[-46.56121088677549,-23.518419016849226],[-46.56119993342515,-23.518444153518946],[-46.56118601196957,-23.518475488358703],[-46.5611718359487,-23.518506725999824],[-46.561157406160255,-23.518537864683847],[-46.56114272341631,-23.518568902657595],[-46.56112778854342,-23.51859983817416],[-46.56111260238201,-23.518630669491706],[-46.56109716578688,-23.518661394874968],[-46.56108147962669,-23.51869201259394],[-46.56106551827104,-23.51872230969511],[-46.5610492271924,-23.518752657644935],[-46.56103272317165,-23.518782907603867],[-46.56101600690184,-23.51881305830136],[-46.56099907908488,-23.518843108471252],[-46.560981940431446,-23.518873056851376],[-46.560964591661396,-23.518902902184003],[-46.56094703350303,-23.518932643215635],[-46.56092926669372,-23.51896227869711],[-46.56091129197944,-23.518991807383888],[-46.56089311011499,-23.51902122803564],[-46.560874721863975,-23.51905053941696],[-46.56085612799838,-23.519079740296657],[-46.560820256637705,-23.519135335756232],[-46.560790140477906,-23.519181857465114],[-46.56075988175676,-23.519228300454408],[-46.56072948071609,-23.519274664352537],[-46.560698937598794,-23.51932094878864],[-46.56066825264906,-23.519367153392626],[-46.56063742611225,-23.519413277795053],[-46.560606458234616,-23.519459321626933],[-46.5605753492636,-23.519505284519756],[-46.56054409944812,-23.51955116610641],[-46.560528421801656,-23.519574076295097],[-46.56044176836305,-23.51970386516095],[-46.55961472995774,-23.520935035107733],[-46.559551692705575,-23.52102635594816],[-46.55944984639979,-23.521176380618535],[-46.559366313643984,-23.521301478021815],[-46.55929328301994,-23.521411930972473],[-46.559194216328265,-23.521556870533228],[-46.55898089760277,-23.521879592220262],[-46.55881192029747,-23.522127996535747],[-46.55879145118525,-23.522158086988487],[-46.55880709090613,-23.52216851447668],[-46.55881706696455,-23.5221532158538]]]}},{"type":"Feature","id":"perimetro_zona_lei_18177_24.507159","properties":{"cd_identificador":507159,"tx_zoneamento_perimetro":null,"tx_observacao_perimetro":null,"cd_zoneamento_perimetro":"Praça/Canteiro","cd_tipo_legislacao_zoneamento":"L","cd_numero_legislacao_zoneamento":18177,"an_legislacao_zoneamento":2024,"dt_atualizacao":"2025-03-28T03:00:00Z","cd_usuario_atualizacao":null},"geometry":{"type":"Polygon","coordinates":[[[-46.55851846141756,-23.521255294644394],[-46.55849674394511,-23.521256730243646],[-46.55848234926566,-23.521258389585995],[-46.558468041491075,-23.521260593953606],[-46.558453845194464,-23.521263339504415],[-46.55843978231586,-23.52126662204399],[-46.558425878723405,-23.521270435587113],[-46.5584121578984,-23.521274773624576],[-46.558398643043994,-23.52127962875485],[-46.55838535582305,-23.521284993210944],[-46.55837231950066,-23.521290857647163],[-46.558359556123676,-23.521297212144688],[-46.558347087324314,-23.521304045934063],[-46.55833493422129,-23.52131134743933],[-46.55832311738812,-23.52131910430014],[-46.55831167786056,-23.521327332165377],[-46.55830040021256,-23.521335745584274],[-46.558289382364265,-23.521344429806256],[-46.55827875417732,-23.521353521998364],[-46.558268533538424,-23.521363006901208],[-46.558258737611936,-23.521372868590422],[-46.55824938260351,-23.521383090746088],[-46.558240484987465,-23.52139365523789],[-46.558232057617296,-23.52140454681919],[-46.55822411483137,-23.521415747253233],[-46.558216671382404,-23.521427235726904],[-46.55820973881285,-23.521438994267413],[-46.55820332858439,-23.521451003458193],[-46.55819745150125,-23.521463243063018],[-46.55819211722683,-23.521475692954255],[-46.5581873347716,-23.521488332078768],[-46.55818311202207,-23.521501139518378],[-46.55817945589633,-23.52151409430049],[-46.558176372531314,-23.521527174733617],[-46.558175170273046,-23.521533774372504],[-46.558170868539044,-23.521560253690996],[-46.55816914176392,-23.52157354261979],[-46.55816806168936,-23.521586889938533],[-46.55816761566682,-23.52160026803279],[-46.558167804529404,-23.521613651581376],[-46.558168627923905,-23.521627014966167],[-46.55817008427468,-23.5216403325516],[-46.55817217082659,-23.521653579031476],[-46.55817488355592,-23.52166672881062],[-46.55817821726593,-23.521679756740077],[-46.55818216563602,-23.521692638089796],[-46.558186721007004,-23.52170534787867],[-46.55819187467064,-23.52171786186973],[-46.55819761683642,-23.521730156291824],[-46.55820393648179,-23.521742207530504],[-46.55821082140926,-23.521753992355617],[-46.558218258489454,-23.521765488330242],[-46.55822260061478,-23.521770839788296],[-46.558231633611,-23.521781312358407],[-46.55823635854382,-23.521786387845623],[-46.55825086803463,-23.521801356478935],[-46.55825586819238,-23.521806193759218],[-46.55827171454884,-23.521819919565605],[-46.55827721121043,-23.521824271593093],[-46.55831098227066,-23.52184956117735],[-46.55837896989633,-23.521899753699614],[-46.55849273167766,-23.521982922029096],[-46.55858991077237,-23.522053036357907],[-46.558642316737746,-23.52208891820377],[-46.558665596258685,-23.52210212121986],[-46.55868488857799,-23.522073164795906],[-46.55873580842407,-23.521999515729537],[-46.558760288870864,-23.521958478853396],[-46.55878451884844,-23.521917304918066],[-46.55880493411858,-23.52188182809758],[-46.558808120889026,-23.521875844966257],[-46.55882604856197,-23.521839552886828],[-46.558861739259214,-23.521773720099556],[-46.55887882703725,-23.521736787779354],[-46.55888391176683,-23.521724253239093],[-46.55889129229316,-23.521705369355814],[-46.55889346773587,-23.521698992126627],[-46.558897428337346,-23.521686130339226],[-46.55890086393633,-23.5216731408002],[-46.55890376990798,-23.52166004099],[-46.558906142083366,-23.521646849598955],[-46.55890797714368,-23.52163358508553],[-46.55890927252138,-23.521620266010597],[-46.55891002640625,-23.521606910958628],[-46.55891023773752,-23.52159353866223],[-46.558909906213316,-23.521580167709942],[-46.55890903230202,-23.521566817043215],[-46.55890761722586,-23.521553505239588],[-46.558905662965074,-23.52154025092674],[-46.558903172333956,-23.521527073029684],[-46.55890014869017,-23.521513989293414],[-46.55889659635174,-23.52150101845566],[-46.55889251243747,-23.521488181293563],[-46.55888452919835,-23.52146956458313],[-46.55887886712952,-23.521457238404],[-46.558872706282585,-23.521445117981706],[-46.55886605535613,-23.52143322047735],[-46.55885892430275,-23.521421563697064],[-46.55885132324907,-23.521410164154045],[-46.55884326316453,-23.521399038298583],[-46.55883475568076,-23.521388202185772],[-46.558825813075494,-23.521377671453433],[-46.55881644825315,-23.521367461296993],[-46.55880667472874,-23.52135758645095],[-46.55879650652772,-23.52134806109405],[-46.5587859586308,-23.521338899244228],[-46.558775045812304,-23.521330113732986],[-46.55876941806552,-23.52132592512164],[-46.5587395864819,-23.521307297847677],[-46.55872722783239,-23.521300373257674],[-46.558714572796916,-23.521293899445816],[-46.558701642404166,-23.521287887184766],[-46.55868845837987,-23.521282346508315],[-46.558675037123216,-23.52127728451771],[-46.558661407040546,-23.521272712027713],[-46.558647592665324,-23.5212686368132],[-46.5586336070524,-23.521265062701676],[-46.55861947761202,-23.521261996949306],[-46.55860522707576,-23.521259444472424],[-46.558590878353655,-23.521257409383207],[-46.55857645434147,-23.521255894971418],[-46.55856197979048,-23.521254903826453],[-46.55854747743178,-23.521254437464194],[-46.55851846141756,-23.521255294644394]]]}},{"type":"Feature","id":"perimetro_zona_lei_18177_24.521036","properties":{"cd_identificador":521036,"tx_zoneamento_perimetro":"Zona Especial de Interesse Social 1","tx_observacao_perimetro":null,"cd_zoneamento_perimetro":"ZEIS-1","cd_tipo_legislacao_zoneamento":"L","cd_numero_legislacao_zoneamento":18177,"an_legislacao_zoneamento":2024,"dt_atualizacao":"2025-03-28T03:00:00Z","cd_usuario_atualizacao":null},"geometry":{"type":"Polygon","coordinates":[[[-46.55786678383954,-23.521637349062395],[-46.559061299375394,-23.5195265052584],[-46.55905596384895,-23.519514186819357],[-46.55915877100084,-23.51931276886573],[-46.55989758342754,-23.517992232733295],[-46.55999088415833,-23.51798154479634],[-46.560013039587666,-23.51799179823417],[-46.56072365645518,-23.516764646311664],[-46.56069697988108,-23.516752993401283],[-46.56074330070221,-23.516669899361037],[-46.560769008718694,-23.51668246503088],[-46.56081364358183,-23.51660588988094],[-46.560846592035894,-23.516543158345044],[-46.560749408737976,-23.516589917628018],[-46.560667923239386,-23.516622522110982],[-46.56046050221665,-23.516680319911124],[-46.56016588294415,-23.51678459569118],[-46.55976904412286,-23.516882309434912],[-46.559604403557394,-23.516905632257735],[-46.55945901465484,-23.5169338191823],[-46.559397847182595,-23.516920524815855],[-46.559300212369145,-23.51689576564362],[-46.559026524563464,-23.516839988588863],[-46.5575751104393,-23.516525171676204],[-46.55676069966967,-23.516348552016147],[-46.55633148931727,-23.51814938635373],[-46.556260827982626,-23.51853642081439],[-46.556223228003084,-23.51893676090265],[-46.55632790240005,-23.519285288004543],[-46.556328198409176,-23.51946038789108],[-46.556374009115586,-23.51976669849151],[-46.556458687668055,-23.520105311106402],[-46.556537249775324,-23.520290194143453],[-46.55667075386457,-23.520591744530968],[-46.556799243528054,-23.52084159974091],[-46.55700299062393,-23.52112014172082],[-46.557113951627436,-23.52121186603985],[-46.557284441359414,-23.521343903207136],[-46.557787117217515,-23.52164175860446],[-46.55786678383954,-23.521637349062395]]]}},{"type":"Feature","id":"perimetro_zona_lei_18177_24.501550","properties":{"cd_identificador":501550,"tx_zoneamento_perimetro":null,"tx_observacao_perimetro":null,"cd_zoneamento_perimetro":"Praça/Canteiro","cd_tipo_legislacao_zoneamento":"L","cd_numero_legislacao_zoneamento":18177,"an_legislacao_zoneamento":2024,"dt_atualizacao":"2025-03-28T03:00:00Z","cd_usuario_atualizacao":null},"geometry":{"type":"Polygon","coordinates":[[[-46.55676737781626,-23.52460246449176],[-46.55676510224487,-23.524606334274534],[-46.55676410847532,-23.52461260239814],[-46.556765057339064,-23.524619167160683],[-46.55676856753696,-23.52463200060993],[-46.55678133230845,-23.524679762033337],[-46.55680332530077,-23.52476603682618],[-46.5568154471939,-23.524814093653568],[-46.55682691216751,-23.52486125399354],[-46.55683105087702,-23.52488005938927],[-46.556834259462896,-23.524887233687238],[-46.55683974073517,-23.52489112521693],[-46.55684556195502,-23.524891446271848],[-46.55685269258157,-23.524888187154534],[-46.5569718227867,-23.52477581111565],[-46.55702117086638,-23.524727347074304],[-46.55703774853241,-23.524707115311166],[-46.55704652981458,-23.52469432145467],[-46.557080991620985,-23.52464670167299],[-46.557124898488965,-23.5245836083355],[-46.55716717666364,-23.52452110020742],[-46.55721400541702,-23.52445413962359],[-46.55723125010871,-23.5244273449768],[-46.55723126400698,-23.524424364750686],[-46.55722868319834,-23.524422268389046],[-46.55722544691376,-23.52442106358099],[-46.55722220662939,-23.52442284793059],[-46.55720303093824,-23.524447837721677],[-46.55718937880193,-23.52446450024859],[-46.557170539530496,-23.52448562158761],[-46.55714946000261,-23.524501961076112],[-46.557129356920626,-23.524514723719133],[-46.55709694638667,-23.524531917069147],[-46.55705093700584,-23.524551160937683],[-46.55701498164138,-23.52456506648546],[-46.55700268530898,-23.524567113006743],[-46.55698359480734,-23.524568550201263],[-46.55695835561016,-23.524568468552864],[-46.556937662206686,-23.52456602057135],[-46.55692022022015,-23.52455940406237],[-46.55690183081459,-23.524548010827594],[-46.55688537713935,-23.52453632731046],[-46.556875046297215,-23.524530623994806],[-46.55686307383217,-23.524529398199867],[-46.556850451460065,-23.524532034957275],[-46.5568436399962,-23.52453827999918],[-46.55683810877989,-23.524545126313512],[-46.556818943398945,-23.52456683786157],[-46.556794617848304,-23.5245861447075],[-46.55677063006834,-23.524599199018443],[-46.55676737781626,-23.52460246449176]]]}},{"type":"Feature","id":"perimetro_zona_lei_18177_24.502031","properties":{"cd_identificador":502031,"tx_zoneamento_perimetro":null,"tx_observacao_perimetro":null,"cd_zoneamento_perimetro":"Praça/Canteiro","cd_tipo_legislacao_zoneamento":"L","cd_numero_legislacao_zoneamento":18177,"an_legislacao_zoneamento":2024,"dt_atualizacao":"2025-03-28T03:00:00Z","cd_usuario_atualizacao":null},"geometry":{"type":"Polygon","coordinates":[[[-46.56022488995991,-23.529286253973304],[-46.560213052413786,-23.529278236128494],[-46.56020080985268,-23.529270755146015],[-46.56018820144778,-23.529263810633026],[-46.56017524721062,-23.529257438510903],[-46.56016197651936,-23.529251638485185],[-46.56014841896553,-23.529246428320214],[-46.56013461382664,-23.5292418166526],[-46.56012340059981,-23.52923856970409],[-46.559997617820414,-23.529214599306087],[-46.55989678433774,-23.529195950568745],[-46.55969048554533,-23.529155385103383],[-46.55935579567499,-23.529088896877543],[-46.559318202330935,-23.529081904639586],[-46.55931292315134,-23.529081054482102],[-46.55930560972569,-23.529080450471543],[-46.55929826457817,-23.529080478917418],[-46.55929095647116,-23.52908115719188],[-46.559283753741674,-23.52908246654892],[-46.559276724939174,-23.529084406301884],[-46.559269918708466,-23.529086948871566],[-46.55926340328006,-23.529090066482855],[-46.559257237304244,-23.5290937495174],[-46.559251479006036,-23.52909795223913],[-46.5592461867165,-23.529102637941413],[-46.55924138938859,-23.52910777021203],[-46.5592371549334,-23.529113294187123],[-46.55923349261198,-23.52911916462121],[-46.559230460542565,-23.529125326748744],[-46.559228077778954,-23.529131735226017],[-46.55922635326282,-23.529138317719024],[-46.5592253255268,-23.529145019658333],[-46.55922498403357,-23.529151777935724],[-46.559225337937356,-23.529158538276032],[-46.55922639628635,-23.52916523737477],[-46.559228129063506,-23.529171821349323],[-46.55926727526505,-23.529260294297764],[-46.55930642152196,-23.5293487672326],[-46.55936526706827,-23.529481161534477],[-46.559369181960264,-23.529487579151713],[-46.5593767718229,-23.5294991705736],[-46.55938489678171,-23.52951045862468],[-46.55938573204616,-23.529511524890783],[-46.55939351745233,-23.529521425638368],[-46.559402633515724,-23.52953204452622],[-46.559412225173276,-23.52954229742531],[-46.55942227273289,-23.52955217550251],[-46.55943276618877,-23.529561660796745],[-46.55944367584316,-23.52957072651388],[-46.55944928054443,-23.529575095320247],[-46.55954376814952,-23.529652768423606],[-46.560003508293356,-23.53005138354107],[-46.56008913248161,-23.53012403384191],[-46.56009146255787,-23.530125617920184],[-46.56009757897998,-23.530129358462567],[-46.56010399376474,-23.530132653516446],[-46.560110657841044,-23.530135494543114],[-46.56011753182433,-23.530137863876426],[-46.56012458612292,-23.530139743751686],[-46.56013177177222,-23.53014113466006],[-46.56013904938755,-23.530142018935056],[-46.56014637969082,-23.530142387939993],[-46.56015372361681,-23.530142251097196],[-46.56016103209451,-23.53014159986792],[-46.56016826605882,-23.53014044367439],[-46.560175376545025,-23.53013878300773],[-46.560182384736244,-23.530136753113695],[-46.56018917088148,-23.530134165551303],[-46.560195676542655,-23.53013104799835],[-46.560201872447664,-23.53012740977878],[-46.56020769047203,-23.530123287697855],[-46.560213101663074,-23.530118718168165],[-46.56021805726924,-23.530113719739532],[-46.56022252855086,-23.530108346883686],[-46.56022646696941,-23.530102636209314],[-46.56022984357216,-23.530096624129097],[-46.56023263941246,-23.530090365016264],[-46.56023483543687,-23.5300839042147],[-46.560236412698764,-23.530077296097716],[-46.56023735203835,-23.530070576979504],[-46.56023765058057,-23.530063503064127],[-46.560266896569594,-23.529757146364553],[-46.560289743412916,-23.529479552910708],[-46.56029071114271,-23.52946776736755],[-46.56029251146871,-23.52945432991573],[-46.560293684200566,-23.529440826512086],[-46.560294180267846,-23.52942724861812],[-46.5602942387911,-23.52942307591615],[-46.560293356443815,-23.529416357001512],[-46.56029224907429,-23.529409658404173],[-46.56029093648119,-23.529402997986686],[-46.56028941855804,-23.5293963667195],[-46.56028768583164,-23.529389791789466],[-46.56028575767447,-23.529383254941006],[-46.560283614714095,-23.529376774429508],[-46.560281266849856,-23.529370359186338],[-46.56027871408158,-23.52936400921148],[-46.56027597599514,-23.529357724308383],[-46.56027303321778,-23.52935152273261],[-46.56026989543587,-23.529345395356337],[-46.560266562862495,-23.529339360238538],[-46.560263045290405,-23.52933341728106],[-46.560259342719604,-23.529327566483772],[-46.560255455363205,-23.529321825905797],[-46.56025138311461,-23.529316186517566],[-46.56024926439029,-23.529313421834832],[-46.560247145666075,-23.529310657152152],[-46.560242723538344,-23.52930524703538],[-46.56022914193065,-23.529290523431673],[-46.56022488995991,-23.529286253973304]]]}},{"type":"Feature","id":"perimetro_zona_lei_18177_24.504451","properties":{"cd_identificador":504451,"tx_zoneamento_perimetro":null,"tx_observacao_perimetro":null,"cd_zoneamento_perimetro":"Praça/Canteiro","cd_tipo_legislacao_zoneamento":"L","cd_numero_legislacao_zoneamento":18177,"an_legislacao_zoneamento":2024,"dt_atualizacao":"2025-03-28T03:00:00Z","cd_usuario_atualizacao":null},"geometry":{"type":"Polygon","coordinates":[[[-46.55781046408555,-23.52361855988532],[-46.55780824020004,-23.52362193683263],[-46.5577829650068,-23.52366031693869],[-46.55776774419218,-23.523683429568145],[-46.557744378584474,-23.523718106007124],[-46.55773007986066,-23.523739326444254],[-46.55769999869351,-23.523787986181084],[-46.55767338961339,-23.523833757505752],[-46.55764201218177,-23.523894603408603],[-46.55759542210719,-23.523981808248685],[-46.55755294277166,-23.524063806455985],[-46.55749336571728,-23.524175930136014],[-46.55744297016917,-23.524271833329927],[-46.557399227212315,-23.52435382608376],[-46.557372290121236,-23.524403366391564],[-46.55734694765754,-23.52444943203245],[-46.55731685433878,-23.524500412681373],[-46.55728583555897,-23.52454848571171],[-46.55725133626464,-23.524602066083933],[-46.55721271890636,-23.524659408244794],[-46.557175386209515,-23.524713567815304],[-46.55713584283664,-23.52476712638588],[-46.557092195093006,-23.52482561154613],[-46.557055821900576,-23.524873096933298],[-46.557015672450646,-23.52492259778471],[-46.5569726831198,-23.524972957848398],[-46.55697013640209,-23.524978753857226],[-46.55696980270796,-23.52498368788502],[-46.5569710373565,-23.524991234118406],[-46.55697668734108,-23.524995313597014],[-46.556984869290375,-23.524996505056446],[-46.5569902252214,-23.52499390485673],[-46.55707121278268,-23.52488184709732],[-46.557121816602375,-23.524815255145036],[-46.55716769726642,-23.52475011017058],[-46.55721546960824,-23.524681767497956],[-46.557255671829566,-23.524620950772125],[-46.55729270803062,-23.524561574483585],[-46.557323747948935,-23.5245103044198],[-46.55735762531899,-23.524453813383293],[-46.55737917826203,-23.524415290059885],[-46.557430525539715,-23.52431619860128],[-46.55748091853045,-23.524221740326954],[-46.55752086117594,-23.524145547083847],[-46.55756363865576,-23.524065577777897],[-46.5575991388106,-23.52399720429158],[-46.55763430948319,-23.523935787631466],[-46.557661239586984,-23.523885669397643],[-46.55769324011587,-23.523830334931176],[-46.55772520124354,-23.52378080750726],[-46.55774437869227,-23.523751845663536],[-46.55775147075698,-23.523741135205142],[-46.557772988328985,-23.523710441688635],[-46.55780128053237,-23.52366832507565],[-46.55782298979676,-23.523636008000164],[-46.55786674379974,-23.52356964634408],[-46.55785076087527,-23.523558116271413],[-46.55781046408555,-23.52361855988532]]]}},{"type":"Feature","id":"perimetro_zona_lei_18177_24.507160","properties":{"cd_identificador":507160,"tx_zoneamento_perimetro":null,"tx_observacao_perimetro":null,"cd_zoneamento_perimetro":"Praça/Canteiro","cd_tipo_legislacao_zoneamento":"L","cd_numero_legislacao_zoneamento":18177,"an_legislacao_zoneamento":2024,"dt_atualizacao":"2025-03-28T03:00:00Z","cd_usuario_atualizacao":null},"geometry":{"type":"Polygon","coordinates":[[[-46.55681437247152,-23.524403069081025],[-46.556821058231336,-23.52434701268463],[-46.55682896264192,-23.52430796671909],[-46.55683751345826,-23.524268923317926],[-46.55684372701158,-23.524250149828937],[-46.55685971921055,-23.524212621372797],[-46.55687176496673,-23.524191775727893],[-46.55688706150982,-23.524165876569004],[-46.556898459622495,-23.524147421470467],[-46.556932951115414,-23.524092342176345],[-46.55698598503444,-23.524008396303483],[-46.55705626922175,-23.523896472726758],[-46.557132417179226,-23.523773518318816],[-46.55721116185217,-23.523648198981245],[-46.55727396069361,-23.523549363254787],[-46.557307481708506,-23.523493399570697],[-46.55732376505061,-23.52346481745257],[-46.55733483966151,-23.523442184409795],[-46.55734528866736,-23.523417155495032],[-46.55735443517285,-23.523392130581417],[-46.55736260934114,-23.523367702383236],[-46.55736853565996,-23.52334117449271],[-46.557370534353204,-23.523326263088435],[-46.55736826848253,-23.523325960659786],[-46.55732725298905,-23.52339503045027],[-46.55721623957049,-23.52358617139359],[-46.557159277081766,-23.523684126927453],[-46.55708537488599,-23.523810662076343],[-46.55702645279738,-23.52391188817574],[-46.55697859493672,-23.523993759434994],[-46.556922609288954,-23.5240890320726],[-46.556885493218125,-23.524152445740608],[-46.55686921320862,-23.524181325793716],[-46.55685097810593,-23.524214677471626],[-46.55683792250896,-23.52424625250044],[-46.556830076294865,-23.524268600363968],[-46.55682056003003,-23.524304664303717],[-46.55681429033604,-23.524338645830138],[-46.55680897639992,-23.524375615945033],[-46.556806932519024,-23.52440334217156],[-46.55681437247152,-23.524403069081025]]]}},{"type":"Feature","id":"perimetro_zona_lei_18177_24.507190","properties":{"cd_identificador":507190,"tx_zoneamento_perimetro":null,"tx_observacao_perimetro":null,"cd_zoneamento_perimetro":"Praça/Canteiro","cd_tipo_legislacao_zoneamento":"L","cd_numero_legislacao_zoneamento":18177,"an_legislacao_zoneamento":2024,"dt_atualizacao":"2025-03-28T03:00:00Z","cd_usuario_atualizacao":null},"geometry":{"type":"Polygon","coordinates":[[[-46.55431777980695,-23.52901292702116],[-46.55442821293231,-23.52884769074782],[-46.55457313045705,-23.528631681390273],[-46.55460605169387,-23.528582609955794],[-46.5548662759151,-23.528189149073466],[-46.55508890747584,-23.52785464723213],[-46.55512676786202,-23.527797762159253],[-46.55526327457052,-23.527595242093053],[-46.555231577720804,-23.527577416441684],[-46.55515431572217,-23.527692569723257],[-46.55515575117464,-23.52769970758979],[-46.55508285047079,-23.527810070212453],[-46.55455099342622,-23.528615229475157],[-46.554405369416976,-23.528835682498816],[-46.55430474974082,-23.528986653086125],[-46.554197512514676,-23.529147552263602],[-46.554174462982836,-23.52918470846643],[-46.554162367986095,-23.529207270228007],[-46.55415809641102,-23.529224660614478],[-46.55415854024516,-23.52923326231567],[-46.554163594281746,-23.529236625396518],[-46.55416648412894,-23.529236677810516],[-46.55416878159437,-23.529234659109534],[-46.554191432037356,-23.529201046876707],[-46.55424869120051,-23.529116301059425],[-46.55431777980695,-23.52901292702116]]]}},{"type":"Feature","id":"perimetro_zona_lei_18177_24.508371","properties":{"cd_identificador":508371,"tx_zoneamento_perimetro":null,"tx_observacao_perimetro":null,"cd_zoneamento_perimetro":"Praça/Canteiro","cd_tipo_legislacao_zoneamento":"L","cd_numero_legislacao_zoneamento":18177,"an_legislacao_zoneamento":2024,"dt_atualizacao":"2025-03-28T03:00:00Z","cd_usuario_atualizacao":null},"geometry":{"type":"Polygon","coordinates":[[[-46.55795650403652,-23.523401494353617],[-46.55780619082236,-23.52333529633129],[-46.55776783083364,-23.523318051994313],[-46.55774437725088,-23.523306408945373],[-46.557707827678236,-23.523288264656443],[-46.557652847245095,-23.523261687063194],[-46.55758185207663,-23.5232257605245],[-46.557554382690554,-23.523210849663084],[-46.55751840567902,-23.52319132070132],[-46.557434536030186,-23.523144912003552],[-46.55735005240666,-23.523097922417026],[-46.55725206790158,-23.52304131484222],[-46.55715345325936,-23.522984415496374],[-46.55706802533767,-23.52293539428477],[-46.55700238266901,-23.522897350153574],[-46.556993615381394,-23.522902149247113],[-46.5569942357995,-23.522911761231327],[-46.55700795601762,-23.522922431272367],[-46.557073249366475,-23.522968204264],[-46.55714796757939,-23.52302009596976],[-46.55722771399972,-23.52307316548847],[-46.557322215073356,-23.523135858410882],[-46.557418298899485,-23.523197388552465],[-46.55751469885898,-23.523257479607775],[-46.55753515140784,-23.523269902621458],[-46.55759634375619,-23.523307071217804],[-46.55767422903607,-23.523352591499428],[-46.557728558981445,-23.523383808273962],[-46.557744258809024,-23.523392682553514],[-46.55776083793597,-23.523402891907168],[-46.557906713081834,-23.523475055120436],[-46.55791540552907,-23.523479168672065],[-46.55792437718896,-23.523483793391353],[-46.558072211023614,-23.523556925298234],[-46.55810187731591,-23.523571600885212],[-46.55823940568635,-23.52363208345976],[-46.558405733380084,-23.523701398424887],[-46.55861811003895,-23.523780637228114],[-46.55887934048877,-23.523866791497113],[-46.55909194027261,-23.52392336068298],[-46.55936635603477,-23.523989785711397],[-46.55963038251468,-23.52403888536833],[-46.55991651987844,-23.524077739045616],[-46.55994662526728,-23.524081049539078],[-46.55998405902701,-23.524082931992236],[-46.56002363541711,-23.524083799599175],[-46.56006584405866,-23.52408364745058],[-46.56011262853766,-23.524081191784482],[-46.56016173978078,-23.524076726058237],[-46.56019879566628,-23.524071478106322],[-46.560228621107356,-23.52406765721006],[-46.560268694546174,-23.52406084379771],[-46.56032106068036,-23.524050024001887],[-46.560356972307105,-23.524039098232482],[-46.56037644286429,-23.524029145527127],[-46.56038259709369,-23.524019978024462],[-46.56038103880016,-23.52400804284371],[-46.56037225084599,-23.523997654744292],[-46.560358925350315,-23.523997086558197],[-46.56034796420583,-23.52399773827873],[-46.56020302331892,-23.523998107593094],[-46.56011647836048,-23.52399238280348],[-46.5599669563064,-23.523977987700356],[-46.559826397555305,-23.523959619483424],[-46.559666300802675,-23.52393711225513],[-46.55956566014982,-23.523915363701136],[-46.55943209250206,-23.523883559841142],[-46.559281292402375,-23.52384380099771],[-46.559071882640154,-23.52379198631206],[-46.55897088138884,-23.523764551723186],[-46.55885484457738,-23.5237327523708],[-46.558714289611856,-23.52368972965472],[-46.558576263745984,-23.523645236592174],[-46.5584280645815,-23.523593440202028],[-46.5582868032558,-23.523540309927053],[-46.55812628322909,-23.523476264942495],[-46.55797460673293,-23.523409466776396],[-46.55795650403652,-23.523401494353617]]]}},{"type":"Feature","id":"perimetro_zona_lei_18177_24.514040","properties":{"cd_identificador":514040,"tx_zoneamento_perimetro":"Zona Centralidade","tx_observacao_perimetro":null,"cd_zoneamento_perimetro":"ZC","cd_tipo_legislacao_zoneamento":"L","cd_numero_legislacao_zoneamento":18177,"an_legislacao_zoneamento":2024,"dt_atualizacao":"2025-03-28T03:00:00Z","cd_usuario_atualizacao":null},"geometry":{"type":"Polygon","coordinates":[[[-46.55772969750164,-23.523497135709977],[-46.55770669095258,-23.523484183969888],[-46.557633670124474,-23.52346216226507],[-46.55760573802949,-23.523456121660068],[-46.557574704617316,-23.52345417502766],[-46.55755171190904,-23.5234561205811],[-46.557509710718975,-23.523469181145735],[-46.557495672426136,-23.523477176644473],[-46.557485695919326,-23.523487208112776],[-46.5570246875721,-23.524176200722856],[-46.5569826742237,-23.524243162987535],[-46.55697070543948,-23.524269195264804],[-46.55696366225069,-23.52429517826831],[-46.55696169553392,-23.524320207613265],[-46.55696569035307,-23.524337141723883],[-46.55697670169152,-23.52436014520246],[-46.556992730029094,-23.524377139508857],[-46.55702068881242,-23.524399160857698],[-46.557061694727146,-23.524418162472685],[-46.55708267954562,-23.52441713994796],[-46.55709869202073,-23.52441219451054],[-46.55711271875067,-23.52440320599511],[-46.557137725056954,-23.524380203339984],[-46.55769168592991,-23.52355412645981],[-46.55772969750164,-23.523497135709977]]]}},{"type":"Feature","id":"perimetro_zona_lei_18177_24.514042","properties":{"cd_identificador":514042,"tx_zoneamento_perimetro":"Zona Centralidade","tx_observacao_perimetro":null,"cd_zoneamento_perimetro":"ZC","cd_tipo_legislacao_zoneamento":"L","cd_numero_legislacao_zoneamento":18177,"an_legislacao_zoneamento":2024,"dt_atualizacao":"2025-03-28T03:00:00Z","cd_usuario_atualizacao":null},"geometry":{"type":"Polygon","coordinates":[[[-46.55674366909425,-23.524857162075325],[-46.55671071427078,-23.52467818047356],[-46.55670170036511,-23.52466021310503],[-46.55669073679654,-23.52464813393169],[-46.55666668041167,-23.524635192543922],[-46.55662469692764,-23.52462920202107],[-46.55627072126425,-23.52460719046375],[-46.556203680454374,-23.524606145331934],[-46.555803704756826,-23.524621159136686],[-46.555783690897066,-23.52462921422174],[-46.55577066804436,-23.524641172079747],[-46.555079287276556,-23.52586976392278],[-46.555307789826756,-23.52600354408289],[-46.5553211395688,-23.526026253449064],[-46.555716980246544,-23.526283362124826],[-46.5563236769892,-23.525388190688926],[-46.55637772456185,-23.525328150674284],[-46.55650768729884,-23.525227173453043],[-46.55669172806526,-23.52504818847448],[-46.55672166875692,-23.525012135108646],[-46.55673372048746,-23.524993144452647],[-46.55674669134151,-23.52495617736608],[-46.55675066408845,-23.52492318264807],[-46.55674366909425,-23.524857162075325]]]}},{"type":"Feature","id":"perimetro_zona_lei_18177_24.519762","properties":{"cd_identificador":519762,"tx_zoneamento_perimetro":"Zona de Desenvolvimento Econômico 1","tx_observacao_perimetro":null,"cd_zoneamento_perimetro":"ZDE-1","cd_tipo_legislacao_zoneamento":"L","cd_numero_legislacao_zoneamento":18177,"an_legislacao_zoneamento":2024,"dt_atualizacao":"2025-03-28T03:00:00Z","cd_usuario_atualizacao":null},"geometry":{"type":"Polygon","coordinates":[[[-46.56203858529467,-23.520593012302378],[-46.561992235876744,-23.52057280156553],[-46.561989237655084,-23.520571928776217],[-46.561982037493586,-23.52057082728876],[-46.561974689691795,-23.520570901020136],[-46.561967434354194,-23.520571966986015],[-46.56196051478113,-23.52057411303249],[-46.56195401171756,-23.52057733834947],[-46.56194824601295,-23.520581459142473],[-46.5619432166019,-23.5205863851347],[-46.5619390839093,-23.520592024429046],[-46.5619360880397,-23.520598194041224],[-46.56193422686261,-23.520604713417697],[-46.56187823421737,-23.520999109384626],[-46.561869624766004,-23.521049666490477],[-46.56187091478086,-23.52105633482232],[-46.56187405554765,-23.52106244285878],[-46.5618787995036,-23.52106754164616],[-46.5618848215367,-23.521071453871393],[-46.56218654817077,-23.521231033831036],[-46.56254119471002,-23.52142005739637],[-46.56264871498341,-23.521477755182843],[-46.56266079297702,-23.521481606579698],[-46.56266791777617,-23.521483160227177],[-46.56267527415333,-23.521483808674688],[-46.562682539125824,-23.521483555164615],[-46.56268979237334,-23.52148230860965],[-46.56269679272468,-23.521480161718426],[-46.562703379754566,-23.52147720638906],[-46.56270947271725,-23.521473443432253],[-46.56271491118744,-23.521468964746244],[-46.56271969623107,-23.521463860607664],[-46.562723666356874,-23.52145813263809],[-46.56272674401725,-23.52145205247841],[-46.56272892814633,-23.521445529852006],[-46.562730141196475,-23.521438836399827],[-46.56274114315521,-23.521146375073936],[-46.562746113162966,-23.520979112754105],[-46.56274603428477,-23.52097243227201],[-46.56274393890635,-23.520965952609593],[-46.56274007459327,-23.520960122718822],[-46.56273835762411,-23.52095833420661],[-46.56273476219517,-23.520954758803345],[-46.56203858529467,-23.520593012302378]]]}},{"type":"Feature","id":"perimetro_zona_lei_18177_24.521687","properties":{"cd_identificador":521687,"tx_zoneamento_perimetro":"Zona Especial de Interesse Social 1","tx_observacao_perimetro":null,"cd_zoneamento_perimetro":"ZEIS-1","cd_tipo_legislacao_zoneamento":"L","cd_numero_legislacao_zoneamento":18177,"an_legislacao_zoneamento":2024,"dt_atualizacao":"2025-03-28T03:00:00Z","cd_usuario_atualizacao":null},"geometry":{"type":"Polygon","coordinates":[[[-46.55976693367403,-23.526592081335824],[-46.55990887260206,-23.52661928559201],[-46.560222672169616,-23.52658661010115],[-46.560453097542265,-23.52646843786118],[-46.5604586393369,-23.52634041932966],[-46.560395119975055,-23.52598687780977],[-46.56039811473423,-23.525867102613972],[-46.560478817325084,-23.525875594937677],[-46.56048610997665,-23.525729949259667],[-46.5604530653677,-23.525726578052083],[-46.56044596717935,-23.52556482165784],[-46.560359793787605,-23.525574084047538],[-46.56024416836283,-23.52525339418561],[-46.560214679982224,-23.525219373682496],[-46.56036971650358,-23.5244388435644],[-46.560280919049205,-23.524458065800967],[-46.560259606568124,-23.524452951424465],[-46.55926688706643,-23.524624366390984],[-46.55898359204866,-23.524677233596584],[-46.55847465528025,-23.526019395585372],[-46.558693215975005,-23.52607455088516],[-46.55882946983678,-23.52615130056865],[-46.55887157342406,-23.526200366320307],[-46.55899631387557,-23.526255828742197],[-46.55911896309068,-23.526266791352317],[-46.55917281718426,-23.52625749219312],[-46.559357917119996,-23.52614094960366],[-46.559422366305256,-23.526133169704078],[-46.559481621078874,-23.526150004945876],[-46.55960744628682,-23.526239320591127],[-46.55958329335737,-23.52640870497503],[-46.559550150527436,-23.526471799471572],[-46.55953425330548,-23.526552240431673],[-46.559544691945185,-23.52659864320054],[-46.559578178458956,-23.526622870751787],[-46.55976693367403,-23.526592081335824]]]}},{"type":"Feature","id":"perimetro_zona_lei_18177_24.559002","properties":{"cd_identificador":559002,"tx_zoneamento_perimetro":"Zona Mista","tx_observacao_perimetro":null,"cd_zoneamento_perimetro":"ZM","cd_tipo_legislacao_zoneamento":"L","cd_numero_legislacao_zoneamento":18177,"an_legislacao_zoneamento":2024,"dt_atualizacao":"2025-03-28T03:00:00Z","cd_usuario_atualizacao":null},"geometry":{"type":"Polygon","coordinates":[[[-46.55354539287181,-23.52956538938489],[-46.55349426876953,-23.529537639718416],[-46.55346200184899,-23.52952017516036],[-46.55342336429064,-23.52949663462805],[-46.55340494076179,-23.5294820113598],[-46.55335869694208,-23.5294503305597],[-46.553350949297986,-23.52944390718375],[-46.55330392787118,-23.529407900319757],[-46.553227985577905,-23.529350513062315],[-46.55320368338594,-23.529330440895144],[-46.55319515262492,-23.52932610194345],[-46.553188434414935,-23.529324814681672],[-46.55318197223511,-23.52932469860398],[-46.55317417756541,-23.529328026756968],[-46.553168213462435,-23.529335941310926],[-46.55316547620988,-23.529343552795535],[-46.55316776520924,-23.529545413195287],[-46.55316894691473,-23.529646072158933],[-46.55316817217803,-23.529758939484044],[-46.55316771714356,-23.529768333943686],[-46.5531775740677,-23.529768687001503],[-46.55317068977299,-23.529849563180022],[-46.55316136830492,-23.52992233779233],[-46.553150022954746,-23.529987819302452],[-46.55313663761875,-23.530051515418734],[-46.55312021784379,-23.5301112691622],[-46.55310195031466,-23.530171853934682],[-46.55307843393518,-23.530232491090977],[-46.55303161708483,-23.530344644184837],[-46.552980343993816,-23.530455577711763],[-46.552927690627754,-23.53056589298485],[-46.552873948199704,-23.530672878466465],[-46.5528119507873,-23.530785273280273],[-46.552750561141984,-23.530894411651452],[-46.552685520615405,-23.53100214182751],[-46.55262050140507,-23.53110481565703],[-46.552536018068395,-23.531228088676542],[-46.552496396660956,-23.531285906946113],[-46.552512873009626,-23.531292875287136],[-46.55251482165187,-23.531293758722125],[-46.55253600704503,-23.531302846982037],[-46.55264541910335,-23.531349336914346],[-46.55265108869697,-23.53135072494587],[-46.55270705575164,-23.531364431947605],[-46.55275664786519,-23.53137170183032],[-46.55282652251631,-23.531379943035486],[-46.55283007772464,-23.53138008813278],[-46.552929544925114,-23.531384332184924],[-46.55302462078434,-23.531386001658607],[-46.55312031086205,-23.5313849563137],[-46.553323166266466,-23.531383473199057],[-46.55342044592638,-23.53138024489826],[-46.553436059312986,-23.531379429944433],[-46.5534375242789,-23.53137932522699],[-46.55345432833387,-23.531374922132315],[-46.55345674424489,-23.531373928607753],[-46.55347214559183,-23.53136753994109],[-46.553484332176794,-23.531360262804814],[-46.55349075077683,-23.531356398039218],[-46.553503145057974,-23.531347764682696],[-46.55350476993806,-23.531346628655733],[-46.553518261179306,-23.531333221681276],[-46.55352795283516,-23.531319491488965],[-46.55353284407862,-23.531302739441976],[-46.553537794869754,-23.531284181047347],[-46.553541435605986,-23.531264100841835],[-46.553553580928444,-23.531197979316488],[-46.55357181762454,-23.53109351501242],[-46.55359473419055,-23.530968057248337],[-46.553615745722205,-23.530879817012096],[-46.55363113801277,-23.530815107665227],[-46.55368106948998,-23.53063123492088],[-46.553725443321525,-23.530469267264838],[-46.55373801223266,-23.530411718823334],[-46.5537441341216,-23.53038285593769],[-46.553747328642785,-23.530359168676927],[-46.553747320847606,-23.53033099900787],[-46.55374732611953,-23.53029018893721],[-46.55374121690382,-23.53023761223517],[-46.55373641934069,-23.530207323486117],[-46.55373187480938,-23.53017107322519],[-46.55371625691928,-23.530085907330008],[-46.55370400144983,-23.530018855678613],[-46.55369045008815,-23.529937732089387],[-46.55368600276624,-23.529882249583526],[-46.55368096156724,-23.529824335239695],[-46.553680701821676,-23.529802217356828],[-46.553680615946625,-23.529794904913928],[-46.553643250904976,-23.529618404440598],[-46.55363211487973,-23.529612285771815],[-46.55354539287181,-23.52956538938489]]]}},{"type":"Feature","id":"perimetro_zona_lei_18177_24.522770","properties":{"cd_identificador":522770,"tx_zoneamento_perimetro":"Zona Especial de Interesse Social 3","tx_observacao_perimetro":null,"cd_zoneamento_perimetro":"ZEIS-3","cd_tipo_legislacao_zoneamento":"L","cd_numero_legislacao_zoneamento":18177,"an_legislacao_zoneamento":2024,"dt_atualizacao":"2025-03-28T03:00:00Z","cd_usuario_atualizacao":null},"geometry":{"type":"Polygon","coordinates":[[[-46.55921978560424,-23.528905142324817],[-46.559232142659795,-23.528898245596388],[-46.559236784679584,-23.528893232279643],[-46.55932894714938,-23.52871883184675],[-46.559721073866946,-23.527994083289773],[-46.55981094981209,-23.52783352227321],[-46.559876345926625,-23.52770661963623],[-46.55987774351122,-23.527700555155732],[-46.55986318426923,-23.52767017780906],[-46.55985852846863,-23.527665709197127],[-46.559528128938645,-23.527511708197533],[-46.559526119313084,-23.527507393668735],[-46.559539748239025,-23.52748377764578],[-46.5595439175937,-23.527480213947324],[-46.55984704647821,-23.527622206699068],[-46.55987985633189,-23.527638855284465],[-46.55990776981684,-23.527638936719278],[-46.55991372314434,-23.52763716124066],[-46.56001541581134,-23.52744884817574],[-46.55954054795031,-23.527285729521836],[-46.55879917730126,-23.528542986304004],[-46.55872970751111,-23.528631820386558],[-46.55891561736842,-23.528791514830484],[-46.558932416208215,-23.52880416993884],[-46.558956873652214,-23.528818464129284],[-46.5589785274064,-23.528827548679818],[-46.55907710350697,-23.528864940990605],[-46.559198747028624,-23.528906707701896],[-46.55920571482012,-23.52890790216707],[-46.55921978560424,-23.528905142324817]]]}},{"type":"Feature","id":"perimetro_zona_lei_18177_24.523395","properties":{"cd_identificador":523395,"tx_zoneamento_perimetro":"Zona Especial de Interesse Social 5","tx_observacao_perimetro":null,"cd_zoneamento_perimetro":"ZEIS-5","cd_tipo_legislacao_zoneamento":"L","cd_numero_legislacao_zoneamento":18177,"an_legislacao_zoneamento":2024,"dt_atualizacao":"2025-03-28T03:00:00Z","cd_usuario_atualizacao":null},"geometry":{"type":"Polygon","coordinates":[[[-46.55609984323266,-23.52858246331156],[-46.55631387258397,-23.52848523117298],[-46.55654012452582,-23.528386341305453],[-46.55655580273518,-23.528378689121823],[-46.556577953934664,-23.528363476823525],[-46.55658303044161,-23.528353763342785],[-46.556585718633535,-23.52833251462815],[-46.556523687486674,-23.52807973742498],[-46.55638983730478,-23.527582950121424],[-46.55637216982756,-23.527504741497722],[-46.55636523952061,-23.52741513728479],[-46.55636817479002,-23.527348281741112],[-46.55637865893543,-23.527282073148715],[-46.556400281678634,-23.52719696958351],[-46.55642747922561,-23.527136192791414],[-46.556451320264195,-23.527089808163993],[-46.55664495174948,-23.526807382149777],[-46.556362671755295,-23.526647293895063],[-46.55614077259083,-23.52652480066814],[-46.555995179679975,-23.526736487990316],[-46.55587579745642,-23.526920099006823],[-46.55577078569358,-23.527068166458275],[-46.55575364323116,-23.527101209093498],[-46.555746120401224,-23.52711943573804],[-46.55573853467747,-23.527140643098456],[-46.55573627017219,-23.527156288618638],[-46.555738877897674,-23.527194823076563],[-46.555769137177165,-23.527411073605382],[-46.55579046538292,-23.527542435761763],[-46.55581064048694,-23.527650691186388],[-46.5558388441239,-23.52777539227985],[-46.55604864881923,-23.528559856962655],[-46.556061473742396,-23.528576074050317],[-46.55607095129041,-23.52858248129086],[-46.556079309152516,-23.528585287500526],[-46.55608793000155,-23.52858547221604],[-46.55609984323266,-23.52858246331156]]]}},{"type":"Feature","id":"perimetro_zona_lei_18177_24.523465","properties":{"cd_identificador":523465,"tx_zoneamento_perimetro":"Zona Especial de Interesse Social 5","tx_observacao_perimetro":null,"cd_zoneamento_perimetro":"ZEIS-5","cd_tipo_legislacao_zoneamento":"L","cd_numero_legislacao_zoneamento":18177,"an_legislacao_zoneamento":2024,"dt_atualizacao":"2025-03-28T03:00:00Z","cd_usuario_atualizacao":null},"geometry":{"type":"Polygon","coordinates":[[[-46.55579875579398,-23.53021305251997],[-46.55667859310496,-23.529292166694535],[-46.5564782634111,-23.52911373984694],[-46.55608465138067,-23.52933928627965],[-46.55501769545463,-23.52998118825823],[-46.55576945701294,-23.530245133031038],[-46.55579875579398,-23.53021305251997]]]}},{"type":"Feature","id":"perimetro_zona_lei_18177_24.552854","properties":{"cd_identificador":552854,"tx_zoneamento_perimetro":"Zona Mista","tx_observacao_perimetro":null,"cd_zoneamento_perimetro":"ZM","cd_tipo_legislacao_zoneamento":"L","cd_numero_legislacao_zoneamento":18177,"an_legislacao_zoneamento":2024,"dt_atualizacao":"2025-03-28T03:00:00Z","cd_usuario_atualizacao":null},"geometry":{"type":"Polygon","coordinates":[[[-46.563268759536356,-23.52606215918622],[-46.56326475943436,-23.526042159108783],[-46.56326075935632,-23.526029159062514],[-46.56324975920248,-23.526011159014327],[-46.56323575903371,-23.52599615898821],[-46.56306075708312,-23.52585515886899],[-46.56254975136949,-23.525438158497288],[-46.562538751253236,-23.525431158498105],[-46.56252575113047,-23.525427158518042],[-46.56251075100124,-23.52542615855716],[-46.56250375094932,-23.525428158586454],[-46.5624907508608,-23.525434158651017],[-46.562480750811055,-23.525444158724675],[-46.562067749965536,-23.52621016333788],[-46.56189274959508,-23.52653116527672],[-46.56180474940049,-23.526690166240936],[-46.561495748771044,-23.527264169696412],[-46.56120674814169,-23.527789172875533],[-46.56098974769252,-23.52819017529287],[-46.56098374770718,-23.52820917539501],[-46.560983747751635,-23.528222175452893],[-46.560988747837975,-23.528235175496278],[-46.56099674794273,-23.52824617552195],[-46.56100774806584,-23.52825517553007],[-46.56169575491955,-23.52857117493694],[-46.561701754983595,-23.528575174937238],[-46.561706755039246,-23.528579174940532],[-46.561709755088366,-23.52858617496306],[-46.561709755108915,-23.528592174989726],[-46.561707755112586,-23.528598175022257],[-46.5616777550456,-23.528652175350068],[-46.56167275501736,-23.528656175382384],[-46.561665754962,-23.52865717540721],[-46.561658754896484,-23.528655175418645],[-46.561255750882125,-23.528470175766532],[-46.560964747975255,-23.52833417600706],[-46.560943747788826,-23.52833117605475],[-46.560922747629675,-23.528336176138062],[-46.56090474751972,-23.52834817624386],[-46.56089574747841,-23.528358176314587],[-46.560678747053096,-23.528766178763135],[-46.56047274661412,-23.52914318104154],[-46.5604717466502,-23.529156181102323],[-46.5604757467282,-23.52916918114857],[-46.56048474684134,-23.52918018117139],[-46.56049574696105,-23.529188181175098],[-46.560509747092155,-23.52919218115217],[-46.56113975246737,-23.529218179435848],[-46.56149575549895,-23.52923117845838],[-46.561581756241175,-23.52923717823505],[-46.561625756630825,-23.52924317813383],[-46.56168975720208,-23.52925317799224],[-46.56175975784419,-23.529269177859877],[-46.56181575836878,-23.52928517776828],[-46.56184875868676,-23.529297177725773],[-46.56188775907549,-23.52931517769257],[-46.56193775959083,-23.529343177671855],[-46.56202376052112,-23.52940417769351],[-46.5621067614433,-23.52947017774612],[-46.562151761968025,-23.529513177806702],[-46.562179762308936,-23.52954417786334],[-46.56220576263661,-23.529576177930327],[-46.56221076269221,-23.52958017793361],[-46.562223762821844,-23.529586177922486],[-46.562238762954536,-23.529588177887813],[-46.56224576300982,-23.529587177862982],[-46.56225876309844,-23.529581177798445],[-46.56226876315151,-23.529572177729246],[-46.56227476315744,-23.52955917765392],[-46.56230576252815,-23.529299176405644],[-46.56231276231658,-23.529220176033412],[-46.56232276221924,-23.529167175768222],[-46.562334762121544,-23.529109175474993],[-46.562361761988946,-23.529004174928826],[-46.56238076191911,-23.528937174575116],[-46.562406761873895,-23.52886017415649],[-46.56243776186037,-23.528780173709972],[-46.562484761854556,-23.528663173052152],[-46.56253876190058,-23.528544172365027],[-46.56263576209195,-23.52836217127228],[-46.56283176251189,-23.52800416910762],[-46.5628337624842,-23.5279911690439],[-46.56282976240625,-23.52797816899759],[-46.5628257623521,-23.527972168982515],[-46.56281476223248,-23.527964168978876],[-46.562801762113146,-23.527961169003305],[-46.56262276062144,-23.527964169537245],[-46.562280757786105,-23.52797417057635],[-46.56207375605953,-23.527977171191665],[-46.562042755590774,-23.527916171010094],[-46.56233475801346,-23.52790817012535],[-46.562341758065386,-23.527906170096035],[-46.562354758150455,-23.527899170027116],[-46.562363758191786,-23.52788916995641],[-46.56236775819456,-23.52788016990468],[-46.56241375774599,-23.527636168683983],[-46.56245875740179,-23.52742516761322],[-46.56250575699244,-23.527190166429804],[-46.56257675643208,-23.526852164717635],[-46.56257875640443,-23.526839164653907],[-46.562577756344666,-23.526824164590042],[-46.562583756323214,-23.526803164479002],[-46.562619756515836,-23.526771164231818],[-46.56263475663148,-23.526768164174793],[-46.5628827588559,-23.526810163640725],[-46.5630777606118,-23.52684516322952],[-46.56308576067893,-23.52684516320631],[-46.56309876077087,-23.526840163146172],[-46.56310976083581,-23.526832163078552],[-46.56311376084887,-23.526826163040262],[-46.56311676085006,-23.526819163000326],[-46.56316876033894,-23.52654216161524],[-46.56322875993605,-23.526277160260236],[-46.563264759643026,-23.52610315938048],[-46.563267759572355,-23.526075159247025],[-46.563268759536356,-23.52606215918622]]]}},{"type":"Feature","id":"perimetro_zona_lei_18177_24.553002","properties":{"cd_identificador":553002,"tx_zoneamento_perimetro":"Zona Mista","tx_observacao_perimetro":null,"cd_zoneamento_perimetro":"ZM","cd_tipo_legislacao_zoneamento":"L","cd_numero_legislacao_zoneamento":18177,"an_legislacao_zoneamento":2024,"dt_atualizacao":"2025-03-28T03:00:00Z","cd_usuario_atualizacao":null},"geometry":{"type":"Polygon","coordinates":[[[-46.564271778131115,-23.52903816952544],[-46.56427077807826,-23.52902516947042],[-46.56426477798689,-23.52901316943441],[-46.564260777932844,-23.529007169419348],[-46.564250777818145,-23.528998169408354],[-46.56423777768851,-23.528992169419443],[-46.56385977428431,-23.52892417021586],[-46.563838774087635,-23.528918170250265],[-46.5638197739008,-23.52891017026985],[-46.5637957736516,-23.52889617027728],[-46.563787773581005,-23.528895170296064],[-46.563584771870914,-23.528893170877534],[-46.56312776806379,-23.52890117224224],[-46.562823765543875,-23.528910173166512],[-46.56279476529362,-23.52890817324191],[-46.562765765036644,-23.528904173308394],[-46.56251976278104,-23.528848173774406],[-46.56250476265176,-23.52884717381358],[-46.562491762559716,-23.52885217387371],[-46.5624807624948,-23.528860173941307],[-46.562475762473404,-23.528866173982532],[-46.56247376247715,-23.5288721740151],[-46.562445762550034,-23.528962174497444],[-46.56242476261667,-23.529033174874733],[-46.56240076275053,-23.529131175381057],[-46.56238776286721,-23.529197175712806],[-46.56238676290328,-23.529210175773635],[-46.562392762994676,-23.529222175809622],[-46.562397763053816,-23.529227175817372],[-46.56241076318333,-23.529233175806265],[-46.56241776324554,-23.529234175790418],[-46.56362077324364,-23.52920617216702],[-46.56369977387914,-23.52919817190161],[-46.56370677393442,-23.52919717187679],[-46.5637117739593,-23.52919217183998],[-46.563712773947174,-23.529186171810352],[-46.56370477355848,-23.529092171414963],[-46.56370977359364,-23.529090171391488],[-46.56379677432698,-23.529091171142962],[-46.56380177437919,-23.529094171141725],[-46.56381277489913,-23.529219171666544],[-46.56355877278845,-23.529225172431943],[-46.56316076948998,-23.529237173642947],[-46.562717765810646,-23.529248174980317],[-46.56240676323532,-23.529258175929286],[-46.56239976317999,-23.52925917595409],[-46.562386763094885,-23.529266176023096],[-46.56237776305353,-23.529276176093845],[-46.56237376303712,-23.52928117612769],[-46.56231576370668,-23.52961917780191],[-46.56231876375233,-23.52962517781994],[-46.562322763803,-23.52963017783052],[-46.56232876386361,-23.529633177826508],[-46.562342763994806,-23.529637177803547],[-46.562919768678825,-23.529591175920604],[-46.56292476868659,-23.529581175861455],[-46.56291776836784,-23.529505175543324],[-46.563092769798644,-23.529494174985345],[-46.563096770081884,-23.529567175298943],[-46.56309777011427,-23.529574175327173],[-46.563102770169856,-23.52957817533041],[-46.563398772581635,-23.529557174376016],[-46.563579774076416,-23.5295501738185],[-46.56358477411146,-23.52954817379499],[-46.563578773766935,-23.529462173429394],[-46.563665774483255,-23.529458173158517],[-46.56367077452861,-23.529459173148492],[-46.563693775679454,-23.529739174328736],[-46.56369277568814,-23.52974417435388],[-46.563645775310924,-23.52974917451289],[-46.56359777491843,-23.529752174665838],[-46.563595774894765,-23.52975017466271],[-46.56358477423123,-23.529583173950897],[-46.563581774185565,-23.529577173932886],[-46.56357577412489,-23.529574173936965],[-46.56290276863198,-23.529619176094723],[-46.56289676859195,-23.52962217612553],[-46.56289176856706,-23.52962717616239],[-46.56288776857451,-23.529639176227445],[-46.562880768526036,-23.529642176261177],[-46.56233276406138,-23.529681178028632],[-46.562318763957556,-23.529685178087206],[-46.5623137639328,-23.529690178123996],[-46.56230976391634,-23.52969517815786],[-46.562306763935595,-23.529708178224542],[-46.562311764022056,-23.529721178267877],[-46.56297077253446,-23.53059318023521],[-46.56297677259513,-23.53059618023113],[-46.56298377265384,-23.530596180210736],[-46.56299777276101,-23.53059318015666],[-46.5630077728107,-23.530583180083084],[-46.56301077281536,-23.5305771800476],[-46.56311277196077,-23.530077177523903],[-46.56311477190909,-23.53005717742908],[-46.56312077166527,-23.529971177028518],[-46.56311577141466,-23.529910176771416],[-46.563110771359014,-23.529906176768147],[-46.563053770904666,-23.529913176965024],[-46.563048770852504,-23.529910176966222],[-46.56304777073123,-23.529877176822136],[-46.56304877072249,-23.529872176797046],[-46.56308477101083,-23.529868176674476],[-46.563085771002186,-23.529863176649297],[-46.56308177080783,-23.529816176451565],[-46.563082770799134,-23.529811176426385],[-46.563140771265196,-23.529805176231026],[-46.563144771459605,-23.52985217642876],[-46.563167772172555,-23.530004177038855],[-46.563173772236546,-23.530008177039253],[-46.56318777236769,-23.530012177016303],[-46.563188772393254,-23.530017177035695],[-46.56318277240784,-23.53003617713772],[-46.563184772441716,-23.530041177154203],[-46.563170772478244,-23.53008617739533],[-46.563166772461756,-23.530091177429266],[-46.56314077228125,-23.530102177553832],[-46.56313377226013,-23.530113177623242],[-46.563028773110126,-23.530619180182267],[-46.56302577315339,-23.53063918028011],[-46.5630267731823,-23.53064518030398],[-46.56339277675272,-23.53079117988971],[-46.563399776818265,-23.530793179878287],[-46.56341377692892,-23.530791179828665],[-46.563419776965624,-23.530787179793354],[-46.56342477699042,-23.530782179756507],[-46.56342677698672,-23.53077617972398],[-46.563509776444725,-23.53041417787032],[-46.563599775722,-23.529982175684374],[-46.56362777546089,-23.529837174957102],[-46.563643775324955,-23.529758174558793],[-46.56364877535659,-23.529755174530873],[-46.56371377587807,-23.52974817431064],[-46.56371977593178,-23.52974917429761],[-46.56370877602419,-23.529803174570095],[-46.56370577601615,-23.529808174601115],[-46.563672775722225,-23.529803174674814],[-46.56353877671543,-23.53042217782157],[-46.563457777263906,-23.530781179656092],[-46.56345777728438,-23.530787179682825],[-46.56346177736247,-23.530800179729116],[-46.56346777745384,-23.530812179765128],[-46.563475777558665,-23.5308231797908],[-46.56348077761428,-23.530827179794088],[-46.56353477813575,-23.53084717972612],[-46.56381478086825,-23.53095917941054],[-46.56382878099599,-23.53096217938318],[-46.56383678105977,-23.53096117935545],[-46.563850781166934,-23.530958179301418],[-46.56386278124713,-23.530952179239755],[-46.56387778132165,-23.530937179129324],[-46.56388278132251,-23.530925179061313],[-46.56393778093212,-23.53067617779237],[-46.564159779083134,-23.52959117231423],[-46.56421377868102,-23.529341171043665],[-46.564271778131115,-23.52903816952544]]]}},{"type":"Feature","id":"perimetro_zona_lei_18177_24.556448","properties":{"cd_identificador":556448,"tx_zoneamento_perimetro":"Zona Predominantemente Industrial 1","tx_observacao_perimetro":null,"cd_zoneamento_perimetro":"ZPI-1","cd_tipo_legislacao_zoneamento":"L","cd_numero_legislacao_zoneamento":18177,"an_legislacao_zoneamento":2024,"dt_atualizacao":"2025-03-28T03:00:00Z","cd_usuario_atualizacao":null},"geometry":{"type":"Polygon","coordinates":[[[-46.5603742799721,-23.52255612349515],[-46.56038070349067,-23.52255298932409],[-46.56038565122245,-23.522547973909056],[-46.56038840070804,-23.522541445642958],[-46.56045321041586,-23.522305416306107],[-46.560560776788634,-23.521915018023886],[-46.560694860980284,-23.521424495775978],[-46.560823016631524,-23.520965452938455],[-46.56092926941221,-23.520593937701314],[-46.56102901219681,-23.520225106023922],[-46.56113057558851,-23.519860048108697],[-46.56123621224308,-23.519470661933262],[-46.56128133527071,-23.519297940733054],[-46.56131094631525,-23.519186228910435],[-46.56131224016848,-23.51917953465487],[-46.56131499042796,-23.519166234800927],[-46.56131927783716,-23.51914632853857],[-46.56132380747784,-23.519126419846614],[-46.561328661159166,-23.519106598192103],[-46.561333838880785,-23.519086863574838],[-46.56133925989842,-23.519067216804743],[-46.56134500389129,-23.519047566795106],[-46.561350991179964,-23.519028004632602],[-46.56135730250851,-23.519008529507314],[-46.5613639378768,-23.51898914141916],[-46.56137050314797,-23.51897065690939],[-46.56141249783901,-23.518827129931267],[-46.56150133277503,-23.518505898647295],[-46.56150335543839,-23.51849937765487],[-46.561511202793575,-23.518473205837957],[-46.56152285323796,-23.518433994465333],[-46.56153418070105,-23.51839478633183],[-46.56154526486184,-23.518355490350586],[-46.561556105720726,-23.518316106521667],[-46.56156670327771,-23.518276634845105],[-46.56157705753311,-23.51823707532094],[-46.56158708880843,-23.518197519036104],[-46.56159457055848,-23.518167739380935],[-46.561596512469386,-23.51816121919753],[-46.56160039629076,-23.51814817883073],[-46.56161042881549,-23.51811557467336],[-46.56162054314429,-23.518083059982413],[-46.561630899699296,-23.51805054286098],[-46.56164133805819,-23.518018115205937],[-46.561652018642995,-23.517985685120337],[-46.5616629425184,-23.517953342881075],[-46.561673714487384,-23.517921814753024],[-46.56167476608334,-23.517915122925046],[-46.56167275262275,-23.517908732707212],[-46.561667848373254,-23.517903725801965],[-46.56166111471535,-23.51790108472479],[-46.56165384993419,-23.517901338176923],[-46.561647426668,-23.51790447238872],[-46.56164439569207,-23.51790766285815],[-46.56164113420061,-23.517911848803074],[-46.561628735245826,-23.517928676379153],[-46.56161698649585,-23.51794585858218],[-46.561605887950755,-23.51796339541231],[-46.56159535780247,-23.51798119740257],[-46.56158555966791,-23.51799944348723],[-46.56157640960904,-23.518017863645465],[-46.561567909755986,-23.51803663843125],[-46.56156013978759,-23.51805567675778],[-46.56150049434996,-23.518195227593292],[-46.56143269067087,-23.518341451229755],[-46.5614252636875,-23.518355339719758],[-46.56140923050625,-23.518385837153076],[-46.56139020040028,-23.518422413910166],[-46.56137133390165,-23.51845916959943],[-46.561352710689356,-23.518496013134175],[-46.56133441150748,-23.5185329437046],[-46.5613162748684,-23.518569962930414],[-46.56129838258114,-23.518607160278844],[-46.561280732516074,-23.518644355196017],[-46.5612079252763,-23.518784037938335],[-46.56119488786781,-23.51880836575417],[-46.56118168683711,-23.51883251463479],[-46.56116832431368,-23.518856665134017],[-46.56115479923276,-23.518880726974974],[-46.56114119233823,-23.518904699347775],[-46.56112734214197,-23.518928583871904],[-46.56111341119673,-23.518952469204745],[-46.56109931662904,-23.51897617560224],[-46.561084979823974,-23.518999884427767],[-46.56107056120523,-23.519023503785064],[-46.56105606077259,-23.519047033674003],[-46.561041317037656,-23.519070475714095],[-46.56097327347411,-23.51917589160578],[-46.56081965965455,-23.519407033170815],[-46.560658930213144,-23.51963743335205],[-46.56047312808644,-23.519926229921897],[-46.56025337479431,-23.52025328737888],[-46.56022706217797,-23.5202886729796],[-46.56020672135402,-23.520316866003224],[-46.56018678637483,-23.520345235531835],[-46.56016717755977,-23.520373872651906],[-46.56014789490906,-23.520402777363294],[-46.560129097784674,-23.520431767494063],[-46.56011062788892,-23.520461115493383],[-46.56009612713841,-23.520484645306155],[-46.5600818707464,-23.520508353243912],[-46.5600678576489,-23.52053214902966],[-46.560054087846105,-23.520556032663567],[-46.56004056240201,-23.520580094422634],[-46.560027281316906,-23.520604334306757],[-46.55993451243895,-23.520784033397106],[-46.55993368169651,-23.520788917251195],[-46.55993442873829,-23.52079748708403],[-46.5599369713287,-23.52080766409919],[-46.55996669165718,-23.520910655235554],[-46.55998460414395,-23.52095733496957],[-46.55998786174614,-23.52096651165445],[-46.559961485927936,-23.521044513581916],[-46.559839439670334,-23.52113828140125],[-46.559835158145184,-23.52114500558626],[-46.55983351994249,-23.521149897531227],[-46.559829674290704,-23.521173049686023],[-46.55982485364958,-23.521216255451446],[-46.559820793990575,-23.52127606650374],[-46.55982086633861,-23.52128220533347],[-46.559821186471375,-23.521302516828527],[-46.55982190938282,-23.521329595855004],[-46.559822955277355,-23.521356671644824],[-46.559824404901086,-23.52138374338872],[-46.55982609676263,-23.521410812705106],[-46.55982811054408,-23.521437788507882],[-46.5598304483734,-23.52146485135073],[-46.55983310812291,-23.521491820679937],[-46.5598360908569,-23.52151878677227],[-46.55985065095821,-23.52160305973826],[-46.55986940052472,-23.52170020183895],[-46.55993840740882,-23.521998362108206],[-46.55995593891949,-23.522060665399028],[-46.559967695603106,-23.522098919785044],[-46.55998694171505,-23.52214910735416],[-46.560009871432605,-23.52220350151661],[-46.56003333859771,-23.52224868095771],[-46.560056327557746,-23.5222875450585],[-46.560081954552736,-23.522324125525746],[-46.56010671131258,-23.522355387745076],[-46.560142815262715,-23.522397009579745],[-46.5601822669455,-23.522434896059405],[-46.56021156243328,-23.522460695512795],[-46.56028007034036,-23.522510930966565],[-46.56031140353688,-23.522531473295473],[-46.56033522080174,-23.522544687383352],[-46.56035138830987,-23.522552922051656],[-46.56035997935373,-23.522555544555217],[-46.56036710312667,-23.522557008029374],[-46.5603742799721,-23.52255612349515]]]}},{"type":"Feature","id":"perimetro_zona_lei_18177_24.560361","properties":{"cd_identificador":560361,"tx_zoneamento_perimetro":"Zona Centralidade","tx_observacao_perimetro":null,"cd_zoneamento_perimetro":"ZC","cd_tipo_legislacao_zoneamento":"L","cd_numero_legislacao_zoneamento":18177,"an_legislacao_zoneamento":2024,"dt_atualizacao":"2025-03-28T03:00:00Z","cd_usuario_atualizacao":null},"geometry":{"type":"Polygon","coordinates":[[[-46.55811988222842,-23.523745637472828],[-46.5580317249117,-23.523810907894134],[-46.55794517456403,-23.523887901918382],[-46.55774437672306,-23.524184949311607],[-46.55768207065809,-23.524279048270255],[-46.55765541367952,-23.524313269979608],[-46.557540305613436,-23.52447606002629],[-46.55743818978857,-23.524621896044714],[-46.557304187884995,-23.524819525279067],[-46.55732603105653,-23.524862247060256],[-46.557440048634554,-23.524821443917762],[-46.55756142516498,-23.52480094903635],[-46.557744375324965,-23.524768883731042],[-46.55781388433135,-23.52475669211698],[-46.5582199804345,-23.524686161995415],[-46.55858482616181,-23.52462236531095],[-46.55884642342529,-23.5245732380674],[-46.5589500863942,-23.524444146417654],[-46.55904487927722,-23.524351897941344],[-46.559211885468585,-23.524187765181665],[-46.559284840477964,-23.52416220026792],[-46.559333694434095,-23.524110959072956],[-46.55933717609445,-23.524107221661495],[-46.5591041831642,-23.524048780082488],[-46.55890236968618,-23.5240016752857],[-46.55887189290923,-23.52399177599725],[-46.55857240159304,-23.52389173657374],[-46.55827017222195,-23.52377537864367],[-46.558146998989315,-23.523728027328048],[-46.55811988222842,-23.523745637472828]]]}},{"type":"Feature","id":"perimetro_zona_lei_18177_24.534293","properties":{"cd_identificador":534293,"tx_zoneamento_perimetro":"Zona Eixo de Estruturação da Transformação Urbana Previsto","tx_observacao_perimetro":null,"cd_zoneamento_perimetro":"ZEUP","cd_tipo_legislacao_zoneamento":"L","cd_numero_legislacao_zoneamento":18177,"an_legislacao_zoneamento":2024,"dt_atualizacao":"2025-03-28T03:00:00Z","cd_usuario_atualizacao":null},"geometry":{"type":"Polygon","coordinates":[[[-46.56029766701882,-23.530736851348788],[-46.56029785450664,-23.530743613351504],[-46.5602991573247,-23.530750273865298],[-46.560301544177285,-23.530756670654025],[-46.56030496428952,-23.530762650707338],[-46.56030932803397,-23.53076808849623],[-46.56031455546978,-23.530772849363935],[-46.560320498211794,-23.53077680837047],[-46.560327028099806,-23.530779894556428],[-46.56033398748813,-23.530782028227698],[-46.560341218944046,-23.53078314774873],[-46.56067191588178,-23.530801342178066],[-46.560714400879476,-23.53080367942107],[-46.56089401604849,-23.530808759113093],[-46.56090124024745,-23.530807602982296],[-46.560907109815716,-23.53080535871232],[-46.560913994103544,-23.53080112657332],[-46.56091892022037,-23.530796119388153],[-46.560922533435196,-23.53079024037872],[-46.560924670677124,-23.53078378015855],[-46.56093973571899,-23.53063036256104],[-46.560971388417,-23.53026249266161],[-46.56101728538358,-23.52975549969754],[-46.56102115019241,-23.52970869171059],[-46.561032957254874,-23.52956553838931],[-46.561035829729555,-23.52953340596916],[-46.56105191435836,-23.529353527640325],[-46.5610517887029,-23.5293486885259],[-46.56105173663127,-23.529346765541046],[-46.561050648916655,-23.529340075784052],[-46.56104864259378,-23.529333557791904],[-46.561045768118454,-23.529327337485938],[-46.561042065514386,-23.529321486709193],[-46.56103759492368,-23.52931612225532],[-46.56103521843597,-23.529313924579153],[-46.561032416062254,-23.529311324800315],[-46.561026637396964,-23.5293071564699],[-46.56102032843637,-23.52930369784151],[-46.56101358785444,-23.529301011139385],[-46.56100654317106,-23.529299113145257],[-46.56099930274633,-23.529298056955568],[-46.560865381485435,-23.529292392557668],[-46.56076215033015,-23.5292880276789],[-46.56063961878265,-23.52928313384626],[-46.56049583413005,-23.52927739646503],[-46.56049075835582,-23.529277185477667],[-46.56048342629545,-23.529277493795867],[-46.56047617130487,-23.529278523785038],[-46.56046908130653,-23.529280256502528],[-46.56046222463704,-23.52928267320192],[-46.56045568921877,-23.529285754940503],[-46.56044955286189,-23.5292894557853],[-46.560443874003845,-23.52929374805872],[-46.56043872034236,-23.52929855883774],[-46.56043416010777,-23.52930386034633],[-46.56043023161947,-23.529309579956056],[-46.56042698298971,-23.52931564494002],[-46.56042445275087,-23.52932200072861],[-46.560422679116016,-23.529328565663647],[-46.560408032855925,-23.529490133643474],[-46.560399556523485,-23.529583585514278],[-46.56036603838642,-23.529943725880408],[-46.560342837291664,-23.530214522873607],[-46.560314187375724,-23.53054898569627],[-46.56029766701882,-23.530736851348788]]]}},{"type":"Feature","id":"perimetro_zona_lei_18177_24.534397","properties":{"cd_identificador":534397,"tx_zoneamento_perimetro":"Zona Eixo de Estruturação da Transformação Urbana Previsto","tx_observacao_perimetro":null,"cd_zoneamento_perimetro":"ZEUP","cd_tipo_legislacao_zoneamento":"L","cd_numero_legislacao_zoneamento":18177,"an_legislacao_zoneamento":2024,"dt_atualizacao":"2025-03-28T03:00:00Z","cd_usuario_atualizacao":null},"geometry":{"type":"Polygon","coordinates":[[[-46.56166834099181,-23.53028800983097],[-46.561668066152755,-23.530281320953545],[-46.56166844488636,-23.530247858974604],[-46.561671814969415,-23.529953393180563],[-46.5616787552036,-23.529404636464935],[-46.56167821617528,-23.529397968299058],[-46.561677060944675,-23.529391369530895],[-46.561675299731036,-23.52938487618012],[-46.56167294296679,-23.529378542325123],[-46.56167001087713,-23.52937242194624],[-46.5616665235807,-23.52936655999439],[-46.56166251077585,-23.529360983263093],[-46.56165799268764,-23.52935574573259],[-46.561653008913915,-23.529350883127766],[-46.561647589259245,-23.529346431271527],[-46.56164178300775,-23.529342416760965],[-46.561635629756914,-23.529338875320878],[-46.5616291688912,-23.52933582461709],[-46.561622449801064,-23.529333300276146],[-46.561615521557,-23.529331310836223],[-46.5616084332298,-23.529329864835216],[-46.56157983884388,-23.529325230126734],[-46.56155828744534,-23.529322348910206],[-46.561536663566486,-23.529319965098225],[-46.56151497710646,-23.529318087621824],[-46.56149325755005,-23.529316725215747],[-46.56147149499758,-23.529315868948792],[-46.56144972798087,-23.529315464250995],[-46.561427974155656,-23.529314517584872],[-46.56127568961471,-23.529308062494795],[-46.56117414623633,-23.52930480074574],[-46.561166961603234,-23.529305152769926],[-46.5611598851269,-23.529306370641503],[-46.56115303400156,-23.52930842609326],[-46.56114652542144,-23.529311290857805],[-46.56114047636751,-23.529314918608833],[-46.56113497422944,-23.52931924525602],[-46.56113012576955,-23.529324188453263],[-46.56112600858447,-23.52932968420857],[-46.56112268994561,-23.529335623480307],[-46.561120227544684,-23.529341915384375],[-46.56111866906725,-23.529348451075876],[-46.56111826228979,-23.529352988492647],[-46.56111450837971,-23.529395081422432],[-46.56110182611716,-23.52953792745892],[-46.561085875773216,-23.52971756061509],[-46.56104465588278,-23.530181819264605],[-46.56100687235362,-23.530595345916293],[-46.56099166363025,-23.53078223217285],[-46.560992035621425,-23.530788856864138],[-46.56099416767818,-23.530795238135596],[-46.560997567277035,-23.5308011371031],[-46.56100212403231,-23.530806329110234],[-46.56100764942738,-23.530810608345398],[-46.561013945579326,-23.53081380521306],[-46.56102074679991,-23.530815814012023],[-46.5610278555254,-23.530816492235026],[-46.5610734223116,-23.530817714798097],[-46.5611725112681,-23.530820378078854],[-46.56117905732122,-23.530820682657104],[-46.56119424639551,-23.530821379140843],[-46.561428687127645,-23.530832942947722],[-46.56143585844941,-23.530833945623563],[-46.56144310895536,-23.53083418893865],[-46.561450350615594,-23.53083368280667],[-46.561457475601024,-23.530832419279143],[-46.561464396094905,-23.530830426328887],[-46.561471033966676,-23.53082772280113],[-46.561477301506144,-23.530824345698207],[-46.561483111003106,-23.530820332022383],[-46.56148838485999,-23.530815745766304],[-46.56149307475163,-23.530810641598276],[-46.56149710297404,-23.530805074481336],[-46.56150019532495,-23.530799047167015],[-46.56150251019666,-23.53079270255477],[-46.561557890252494,-23.530640388473664],[-46.561644095715906,-23.53039876898512],[-46.56165561125114,-23.530367046504615],[-46.561657788582046,-23.53036066714848],[-46.5616597596222,-23.530354235679308],[-46.56166153416474,-23.53034775199882],[-46.56166311220938,-23.53034121610693],[-46.56166448417674,-23.53033464616105],[-46.561665650066544,-23.53032804216099],[-46.56166661977861,-23.530321413038127],[-46.5616673736203,-23.530314749959466],[-46.5616679314974,-23.53030807981684],[-46.561668273717544,-23.530301393777343],[-46.561668410180076,-23.530294700772266],[-46.56166834099181,-23.53028800983097]]]}},{"type":"Feature","id":"perimetro_zona_lei_18177_24.553684","properties":{"cd_identificador":553684,"tx_zoneamento_perimetro":"Zona Mista","tx_observacao_perimetro":null,"cd_zoneamento_perimetro":"ZM","cd_tipo_legislacao_zoneamento":"L","cd_numero_legislacao_zoneamento":18177,"an_legislacao_zoneamento":2024,"dt_atualizacao":"2025-03-28T03:00:00Z","cd_usuario_atualizacao":null},"geometry":{"type":"Polygon","coordinates":[[[-46.562845771489094,-23.530594180603238],[-46.562842771419454,-23.53058118055405],[-46.562838771341355,-23.530568180507718],[-46.56283277125685,-23.530558180480668],[-46.562667769140276,-23.5303441800074],[-46.56210676189146,-23.52960117832958],[-46.56207876155046,-23.529570178272962],[-46.56202376092132,-23.529521178214626],[-46.5619577601862,-23.529468178170482],[-46.56191175968734,-23.52943517815731],[-46.56183675889043,-23.529386178157118],[-46.56182775880467,-23.52938317817001],[-46.56181375868724,-23.529383178210637],[-46.561799758583405,-23.529387178269236],[-46.56178775851006,-23.529395178339733],[-46.56177975848065,-23.529406178411993],[-46.56177775848439,-23.529412178444517],[-46.56177176024018,-23.529940180813824],[-46.56176476147445,-23.530318182517885],[-46.561763761531076,-23.530337182605358],[-46.56175976156594,-23.53035718270614],[-46.56175176158773,-23.530383182845206],[-46.56160376173818,-23.5307901850885],[-46.561603761772375,-23.530800185132982],[-46.56160776185042,-23.530813185179284],[-46.56161476195022,-23.530825185212315],[-46.56162576207335,-23.53083418522049],[-46.56163876220635,-23.530841185213863],[-46.56165276233407,-23.53084418518644],[-46.56183276388209,-23.530855184711914],[-46.56201076539622,-23.530861184220964],[-46.562079765995676,-23.530867184047015],[-46.56212376638534,-23.530873183945797],[-46.56215276664923,-23.530879183888178],[-46.562180766908185,-23.530886183837865],[-46.562221767300066,-23.530900183780993],[-46.562605771059246,-23.531057183363476],[-46.56262677124908,-23.531061183320165],[-46.56264877142002,-23.531057183238396],[-46.56266677152999,-23.531045183132512],[-46.56267777156756,-23.531029183029283],[-46.5628417715479,-23.530621180735075],[-46.56284477152859,-23.530608180668434],[-46.562845771489094,-23.530594180603238]]]}},{"type":"Feature","id":"perimetro_zona_lei_18177_24.507149","properties":{"cd_identificador":507149,"tx_zoneamento_perimetro":null,"tx_observacao_perimetro":null,"cd_zoneamento_perimetro":"Praça/Canteiro","cd_tipo_legislacao_zoneamento":"L","cd_numero_legislacao_zoneamento":18177,"an_legislacao_zoneamento":2024,"dt_atualizacao":"2025-03-28T03:00:00Z","cd_usuario_atualizacao":null},"geometry":{"type":"Polygon","coordinates":[[[-46.55541150237908,-23.52717306206753],[-46.55548916157874,-23.527172945665185],[-46.55549758083132,-23.52717015234467],[-46.555500892170926,-23.52716607355309],[-46.555505866862944,-23.527159359271238],[-46.55554453402953,-23.527100301182216],[-46.555528414966716,-23.527102936671152],[-46.55550464951019,-23.527102460793415],[-46.55548572902161,-23.527100897971884],[-46.55546494935792,-23.527092116822505],[-46.55541150237908,-23.52717306206753]]]}},{"type":"Feature","id":"perimetro_zona_lei_18177_24.507150","properties":{"cd_identificador":507150,"tx_zoneamento_perimetro":null,"tx_observacao_perimetro":null,"cd_zoneamento_perimetro":"Praça/Canteiro","cd_tipo_legislacao_zoneamento":"L","cd_numero_legislacao_zoneamento":18177,"an_legislacao_zoneamento":2024,"dt_atualizacao":"2025-03-28T03:00:00Z","cd_usuario_atualizacao":null},"geometry":{"type":"Polygon","coordinates":[[[-46.555290398049394,-23.527356473698067],[-46.55523663014465,-23.52743816876666],[-46.55525357659658,-23.527435091559354],[-46.5552781563308,-23.52742818136028],[-46.55530112941985,-23.527421233030484],[-46.55532584867036,-23.527408695385144],[-46.55534063677935,-23.527394477966403],[-46.55535225945282,-23.52737842285426],[-46.55536077691078,-23.52735815440789],[-46.55536110937766,-23.527343945999966],[-46.555357915195444,-23.527329664470994],[-46.555345417438076,-23.527314599957133],[-46.55533624709369,-23.527308487604504],[-46.555323569365385,-23.527306236037216],[-46.555290398049394,-23.527356473698067]]]}},{"type":"Feature","id":"perimetro_zona_lei_18177_24.501938","properties":{"cd_identificador":501938,"tx_zoneamento_perimetro":null,"tx_observacao_perimetro":null,"cd_zoneamento_perimetro":"Praça/Canteiro","cd_tipo_legislacao_zoneamento":"L","cd_numero_legislacao_zoneamento":18177,"an_legislacao_zoneamento":2024,"dt_atualizacao":"2025-03-28T03:00:00Z","cd_usuario_atualizacao":null},"geometry":{"type":"Polygon","coordinates":[[[-46.55933455549009,-23.524520797757752],[-46.56059439101697,-23.524295661651376],[-46.56062341474267,-23.524291464096084],[-46.56065251581291,-23.524287749572004],[-46.56066936306878,-23.524285823854466],[-46.56070449728315,-23.524283469123514],[-46.56078132212709,-23.524279395320914],[-46.560787978511684,-23.524279150054564],[-46.560790313516215,-23.524273288555918],[-46.56078679572589,-23.524270222694128],[-46.56070175425975,-23.52425065552869],[-46.56062235085141,-23.524235818502106],[-46.56054357384985,-23.524224705541318],[-46.560481198200215,-23.524217491679465],[-46.56041933469779,-23.52421178232317],[-46.560354466689084,-23.524208816745386],[-46.56025637873511,-23.524204101605413],[-46.560153467466236,-23.524197457240223],[-46.559989157505676,-23.524183120095408],[-46.55986589498419,-23.524169816290037],[-46.55974839300147,-23.524155009768243],[-46.55966074375545,-23.524141731589314],[-46.55933455549009,-23.524520797757752]]]}},{"type":"Feature","id":"perimetro_zona_lei_18177_24.507129","properties":{"cd_identificador":507129,"tx_zoneamento_perimetro":null,"tx_observacao_perimetro":null,"cd_zoneamento_perimetro":"Praça/Canteiro","cd_tipo_legislacao_zoneamento":"L","cd_numero_legislacao_zoneamento":18177,"an_legislacao_zoneamento":2024,"dt_atualizacao":"2025-03-28T03:00:00Z","cd_usuario_atualizacao":null},"geometry":{"type":"Polygon","coordinates":[[[-46.55851873449502,-23.52213319308491],[-46.55837993880596,-23.52205311801387],[-46.55817560288364,-23.52193705287711],[-46.55801839554698,-23.521849458698007],[-46.557921235010205,-23.521794568100297],[-46.55774498987132,-23.521696183002366],[-46.55762039225372,-23.52162331600356],[-46.55745410688879,-23.521527891965604],[-46.55744060476652,-23.52152014366255],[-46.55733470666548,-23.5214667217765],[-46.55722492315521,-23.52141267945303],[-46.557217486259276,-23.52141236553851],[-46.55720776673649,-23.52141531643396],[-46.55720128692825,-23.521419770115447],[-46.557197040920116,-23.521429294691217],[-46.557197321238185,-23.521440634282897],[-46.557199881297294,-23.521449296080338],[-46.557215322744554,-23.52147319904096],[-46.55725904299599,-23.521545818960195],[-46.55727318827353,-23.521569427842067],[-46.55728284614548,-23.521582877073442],[-46.5572953989561,-23.52159932258195],[-46.557313754837196,-23.521622049490478],[-46.557343388760565,-23.521655256417528],[-46.557402355531316,-23.521716887063164],[-46.55749872197582,-23.521810843153638],[-46.557608968306084,-23.521914991254718],[-46.55771375068557,-23.52200837532912],[-46.55774437365638,-23.52203442231817],[-46.557759859605405,-23.522047594200565],[-46.55782049195889,-23.522097603719295],[-46.55789531861185,-23.522155399987522],[-46.55796628647625,-23.52220901756226],[-46.558053383887874,-23.52227341869473],[-46.55811952735079,-23.52231986003425],[-46.55818793320425,-23.52236630578397],[-46.55825796893306,-23.522409773160323],[-46.558336403090735,-23.522455359876588],[-46.558380243582135,-23.522479010656546],[-46.55869698156728,-23.522624938490715],[-46.55870591848652,-23.522629055902538],[-46.558924268483395,-23.522708825657674],[-46.559132242247976,-23.522780166073606],[-46.559286532678094,-23.522825311584622],[-46.55940205542759,-23.522855209719566],[-46.55950909490315,-23.522879705322588],[-46.5597422227122,-23.522925280653148],[-46.55985910174875,-23.52294542733155],[-46.559951202762896,-23.522957573228954],[-46.55995679632365,-23.522953439219105],[-46.55995775315722,-23.522946888591743],[-46.55995553648565,-23.522943077580155],[-46.559947746481704,-23.5229385517824],[-46.55989240688713,-23.52291284993289],[-46.55984728737919,-23.522890446102416],[-46.55975068645491,-23.522837415564087],[-46.55935343807799,-23.522610775960022],[-46.559159386156104,-23.522499195389948],[-46.558996900830756,-23.522406397913105],[-46.558886179998396,-23.522343487813945],[-46.5585848709381,-23.52217377526698],[-46.55851873449502,-23.52213319308491]]]}},{"type":"Feature","id":"perimetro_zona_lei_18177_24.507131","properties":{"cd_identificador":507131,"tx_zoneamento_perimetro":null,"tx_observacao_perimetro":null,"cd_zoneamento_perimetro":"Praça/Canteiro","cd_tipo_legislacao_zoneamento":"L","cd_numero_legislacao_zoneamento":18177,"an_legislacao_zoneamento":2024,"dt_atualizacao":"2025-03-28T03:00:00Z","cd_usuario_atualizacao":null},"geometry":{"type":"Polygon","coordinates":[[[-46.55976353256184,-23.52099443854136],[-46.559756143440275,-23.521005946236645],[-46.55970719300689,-23.52108032058263],[-46.559387781471344,-23.521558957655913],[-46.55918488241559,-23.521860228378937],[-46.55918855604157,-23.521860878676826],[-46.55928878194363,-23.521823402092323],[-46.55934411148965,-23.52180732568022],[-46.5593577813872,-23.52180291536913],[-46.55937162920531,-23.521799001132063],[-46.55938563382215,-23.521795588939007],[-46.559399773876585,-23.521792683994114],[-46.5594140278005,-23.521790290728266],[-46.55942837385531,-23.521788412791157],[-46.55944279015714,-23.521787053047447],[-46.55945725471784,-23.521786213571083],[-46.55947174547562,-23.521785895642644],[-46.55948624032762,-23.521786099746905],[-46.5595007171665,-23.521786825573162],[-46.559515153910695,-23.521788072014655],[-46.55952952854037,-23.521789837170417],[-46.559543819130184,-23.521792118348724],[-46.559558003882934,-23.52179491207069],[-46.5595720611628,-23.521798214075854],[-46.559585969528186,-23.521802019328288],[-46.55959970776434,-23.521806322024418],[-46.559613254916144,-23.52181111560225],[-46.55962661522491,-23.521816278989633],[-46.559633115924136,-23.5218192332655],[-46.559645866203375,-23.521825600978893],[-46.559658315463665,-23.521832459909042],[-46.55967044136327,-23.5218397977575],[-46.55968222227625,-23.52184760143805],[-46.55969363719762,-23.521855857036652],[-46.55970466576866,-23.52186454982961],[-46.55971528833598,-23.5218736643268],[-46.55972548594529,-23.521883184266272],[-46.55973524041655,-23.521893092676486],[-46.55974453436675,-23.521903371903257],[-46.55975335120115,-23.521914003594542],[-46.55976167546168,-23.521924969154558],[-46.55976949178852,-23.521936248354088],[-46.5597767863452,-23.521947821146973],[-46.55978016464216,-23.521953721004067],[-46.55978649499812,-23.52196561350651],[-46.55979203223289,-23.52197790313103],[-46.55979702656398,-23.52199040181845],[-46.559801482531654,-23.522003081969316],[-46.559805393883,-23.522015926204276],[-46.559808752780526,-23.522028908840486],[-46.55981155434274,-23.52204201008549],[-46.559813794562416,-23.522055211253576],[-46.55981546949474,-23.522068489563214],[-46.55981657646326,-23.52208182374935],[-46.55981711367395,-23.522095192297908],[-46.559817080251946,-23.522108573502013],[-46.55981647624451,-23.52212194591778],[-46.559815302622496,-23.522135287826217],[-46.559813561234954,-23.522148577964167],[-46.55981125497935,-23.522161794225752],[-46.55980971054728,-23.522168325732064],[-46.55980374811026,-23.522187615424546],[-46.55979900835398,-23.52220026610198],[-46.55979370522514,-23.522212725344385],[-46.55978784851626,-23.52222497023229],[-46.559781447758986,-23.52223698098054],[-46.55977451318173,-23.52224873815813],[-46.55976705857289,-23.522260218464734],[-46.559759095214154,-23.52227140469273],[-46.55975063703105,-23.522282277180917],[-46.55974169875181,-23.522292817000586],[-46.55973229542864,-23.5223030064041],[-46.559722443296685,-23.52231282778002],[-46.559712159455664,-23.52232226410672],[-46.559701460787224,-23.522331299859776],[-46.55969030352794,-23.52233985711963],[-46.55967898524666,-23.52234822638059],[-46.55967318644126,-23.52235222210985],[-46.55966129750184,-23.52235984790806],[-46.55964904089811,-23.522366972996604],[-46.55963644222572,-23.522373582497472],[-46.55962352779416,-23.522379662609794],[-46.55961032457241,-23.522385200637576],[-46.55959686013202,-23.5223901850173],[-46.5595831632468,-23.522394605144328],[-46.5595692611869,-23.52239845221665],[-46.559555183799226,-23.522401717938028],[-46.55954095925507,-23.522404395711643],[-46.5595266362944,-23.522406568906334],[-46.559362917003,-23.522436587864135],[-46.55934881881376,-23.522439768849594],[-46.55934229753377,-23.522442663374026],[-46.55933661756621,-23.522446720777953],[-46.559332482910825,-23.522452201592422],[-46.559329924135234,-23.522458447771836],[-46.559329096565484,-23.5224650803913],[-46.55933005024345,-23.522471697739277],[-46.55933272737621,-23.52247789892276],[-46.55933755815147,-23.52248281669084],[-46.55934306835733,-23.522487139533435],[-46.55938017612765,-23.522508150650033],[-46.559405165411796,-23.52252175024951],[-46.559411528233376,-23.522524961280673],[-46.55946322599523,-23.522549347970294],[-46.559469781486094,-23.522552218534436],[-46.55948963252874,-23.52256047556976],[-46.559516300552886,-23.522571060730105],[-46.55955687629698,-23.52258564272561],[-46.559590590744996,-23.522598036958385],[-46.55960422086125,-23.52260264149715],[-46.559624750958434,-23.522609329944828],[-46.55968712490472,-23.522627246176718],[-46.55973601781242,-23.52263998213622],[-46.55979266779364,-23.52265164262062],[-46.55982817345279,-23.522658580254237],[-46.559885481414106,-23.52266722700463],[-46.55993589526371,-23.52267309850292],[-46.56002999026865,-23.522679622525228],[-46.56010251154946,-23.52268234336543],[-46.56013091359318,-23.52268307791577],[-46.56029764925403,-23.52269107857119],[-46.560384690985224,-23.52269426619545],[-46.56042094989574,-23.522695375982305],[-46.560457209563985,-23.522696182924417],[-46.56048622872774,-23.522696481315837],[-46.56056600885118,-23.522695933451203],[-46.56056968669221,-23.5226916101303],[-46.56056413934582,-23.522687826241],[-46.56055715966226,-23.522686035416267],[-46.5605077933759,-23.522675021421037],[-46.56047303891253,-23.52266540717971],[-46.560466178798016,-23.522663238121424],[-46.56042543089531,-23.52264913333345],[-46.56033826039494,-23.522615826055826],[-46.56030706158544,-23.522598733325996],[-46.56027652092027,-23.52258066300235],[-46.56023492181512,-23.522553772006113],[-46.56018310480933,-23.52251708122937],[-46.560149386326735,-23.522491669539093],[-46.56012385977996,-23.52246788407884],[-46.56008972743691,-23.522433197831404],[-46.56006187852643,-23.52240234379332],[-46.560057485529,-23.522397018716465],[-46.56003173185983,-23.522364636381322],[-46.560008506327385,-23.522330677930704],[-46.559986141315804,-23.522296238582967],[-46.55997615432372,-23.52227842531618],[-46.5599631097655,-23.522254532601817],[-46.55995350261835,-23.522236515483378],[-46.5599506425956,-23.522230370733265],[-46.55993431584009,-23.522193163769742],[-46.55991046664626,-23.522129971663702],[-46.55989932663208,-23.52209812273983],[-46.55989732588545,-23.5220916945405],[-46.55988417820677,-23.522046476969773],[-46.559879186183046,-23.522026940191964],[-46.55987116505309,-23.521994309977057],[-46.559849530521305,-23.521902768668095],[-46.55980362735072,-23.521699647656728],[-46.5597848280874,-23.52159400018181],[-46.55976905029529,-23.521487895179135],[-46.55976828652333,-23.52148124376344],[-46.55976412620432,-23.521434575622933],[-46.55975831876201,-23.521361140774932],[-46.55975692978361,-23.521280840885055],[-46.5597629461335,-23.521173940808406],[-46.55976815680856,-23.521100473430252],[-46.55977432491694,-23.521047278206098],[-46.559782708259945,-23.521001157578567],[-46.559781653351486,-23.520994622984905],[-46.55977623643765,-23.520990734226622],[-46.55976912333839,-23.520990389335328],[-46.55976353256184,-23.52099443854136]]]}},{"type":"Feature","id":"perimetro_zona_lei_18177_24.507136","properties":{"cd_identificador":507136,"tx_zoneamento_perimetro":null,"tx_observacao_perimetro":null,"cd_zoneamento_perimetro":"Praça/Canteiro","cd_tipo_legislacao_zoneamento":"L","cd_numero_legislacao_zoneamento":18177,"an_legislacao_zoneamento":2024,"dt_atualizacao":"2025-03-28T03:00:00Z","cd_usuario_atualizacao":null},"geometry":{"type":"Polygon","coordinates":[[[-46.55947020185434,-23.52187292189227],[-46.55946297744168,-23.521873403767227],[-46.559455774809926,-23.521874097880808],[-46.55944860132717,-23.521875003522727],[-46.559441464330575,-23.521876119766628],[-46.5594343711244,-23.52187744546995],[-46.559427328963075,-23.52187897927678],[-46.55942034504967,-23.521880719618224],[-46.55941342652971,-23.521882664713605],[-46.55940661823577,-23.521884959130592],[-46.55933892850254,-23.521909003987798],[-46.559267487662055,-23.521938761838523],[-46.55926106904563,-23.521941808033844],[-46.55920994748818,-23.521967205272304],[-46.55918482975261,-23.521980452255224],[-46.55915355738121,-23.521997199981854],[-46.559135153770995,-23.522007935235422],[-46.559116900132025,-23.52201888026874],[-46.55909893510274,-23.522030222042407],[-46.55908719923954,-23.522038103002668],[-46.55908192129645,-23.522042672232164],[-46.559076844774104,-23.522047456115548],[-46.559072137936035,-23.52205251064304],[-46.559058577427386,-23.522068085327618],[-46.558970077990246,-23.522174071268324],[-46.5589369940047,-23.522218018866305],[-46.55891845350135,-23.522245529187533],[-46.55894527507188,-23.522260740995787],[-46.55895818488051,-23.522266843067328],[-46.55897768211021,-23.52227575526346],[-46.55905902547327,-23.52230449469826],[-46.55913383470243,-23.52233020878811],[-46.55917585245111,-23.522340771419753],[-46.55919000316923,-23.52234374861559],[-46.559211426751496,-23.522347355516793],[-46.559233058981214,-23.522349545983673],[-46.55927660982766,-23.522349771755962],[-46.55932737865701,-23.522347808962905],[-46.559349127166904,-23.5223467744639],[-46.55937084488547,-23.52234530112575],[-46.55938527305222,-23.522343881938465],[-46.55939246129358,-23.522342976935217],[-46.55941396519858,-23.522339806074836],[-46.559499554890834,-23.522324886489912],[-46.55951390883067,-23.522322880108128],[-46.5595281287908,-23.522320193339507],[-46.559542180411164,-23.52231683269209],[-46.559556022249865,-23.52231280804157],[-46.55956961952825,-23.522308129515302],[-46.55958293323308,-23.522302810516646],[-46.55959592816772,-23.522296865200925],[-46.559608569881455,-23.522290309289467],[-46.55961461347556,-23.52228662089012],[-46.55962639988377,-23.522278829280204],[-46.559632091301765,-23.5222746945567],[-46.559637653785096,-23.522270412467385],[-46.5596430828753,-23.522265986445728],[-46.55964837422123,-23.522261420039918],[-46.559653523888066,-23.522256716623303],[-46.559658527156394,-23.522251880504616],[-46.5596633803004,-23.522246915308138],[-46.559668079431766,-23.522241825012422],[-46.55967262063509,-23.522236613873087],[-46.559677000599585,-23.52223128568633],[-46.559681215612606,-23.52222584495174],[-46.55968526232502,-23.522220295992316],[-46.55968913748283,-23.522214643268068],[-46.55969283796218,-23.52220889133635],[-46.55969636080351,-23.522203044800523],[-46.55969970319248,-23.522197108330953],[-46.559702862439615,-23.522191086704762],[-46.55970583601505,-23.522184984744875],[-46.55970862153618,-23.522178807341305],[-46.55971121676879,-23.522172559449196],[-46.559713619632745,-23.522166246077248],[-46.559715828201135,-23.522159872288604],[-46.559717840703634,-23.522153443193435],[-46.55971965559357,-23.52214696369395],[-46.55972127125358,-23.522140439581577],[-46.559722686460944,-23.522133875889644],[-46.55972390017863,-23.522127277384225],[-46.5597249113497,-23.5221206497283],[-46.559725719164526,-23.52211399824575],[-46.559726322968395,-23.522107328408417],[-46.55972672231785,-23.522100645006134],[-46.55972691684917,-23.52209395398941],[-46.55972690642168,-23.522087260502392],[-46.559726310700526,-23.52208060160804],[-46.559723279373706,-23.522060729622105],[-46.55972201469603,-23.522054147741603],[-46.55972053434969,-23.52204760446357],[-46.55971883977024,-23.522041106219692],[-46.55971693251731,-23.522034658984673],[-46.55971481434576,-23.52202826868591],[-46.55971248720449,-23.522021941198634],[-46.5597099532343,-23.522015682339735],[-46.55970721476577,-23.522009497863323],[-46.559704274317646,-23.522003393454973],[-46.55970113459403,-23.52199737472653],[-46.559697798482134,-23.521991447211047],[-46.559694269049544,-23.521985616357963],[-46.559690549541635,-23.521979887527895],[-46.55968664337848,-23.52197426598756],[-46.559682554658465,-23.521968757566565],[-46.5596782861364,-23.52196336597782],[-46.559673841669,-23.521958096220633],[-46.55966922641304,-23.521952954413447],[-46.559664444057645,-23.521947944615274],[-46.55965949986144,-23.521943072264328],[-46.55965439683962,-23.52193834032544],[-46.55964914070676,-23.521933754136853],[-46.55964373557959,-23.521929317299843],[-46.559638186998,-23.521925034382157],[-46.55963249991054,-23.521920909191888],[-46.5596266798385,-23.521916945714946],[-46.55962073156497,-23.52191314720831],[-46.55961466083778,-23.521909517359873],[-46.559608473239244,-23.52190605950756],[-46.559602172688415,-23.521902775940703],[-46.55959576846664,-23.521899671497593],[-46.55958926465847,-23.52189674806796],[-46.55956274116261,-23.521885898818937],[-46.5595559039371,-23.521883655768466],[-46.55954899342263,-23.521881614469912],[-46.5595420166934,-23.521879777013037],[-46.559534980886745,-23.521878145277167],[-46.5595278932006,-23.52187672093138],[-46.55952076088591,-23.52187550543271],[-46.5595135912392,-23.521874500024055],[-46.55950639159509,-23.521873705733938],[-46.55949916932732,-23.521873123375162],[-46.55949193180602,-23.521872753541896],[-46.55948468644534,-23.521872596612997],[-46.55947744065724,-23.5218726527491],[-46.55947020185434,-23.52187292189227]]]}},{"type":"Feature","id":"perimetro_zona_lei_18177_24.507137","properties":{"cd_identificador":507137,"tx_zoneamento_perimetro":null,"tx_observacao_perimetro":null,"cd_zoneamento_perimetro":"Praça/Canteiro","cd_tipo_legislacao_zoneamento":"L","cd_numero_legislacao_zoneamento":18177,"an_legislacao_zoneamento":2024,"dt_atualizacao":"2025-03-28T03:00:00Z","cd_usuario_atualizacao":null},"geometry":{"type":"Polygon","coordinates":[[[-46.559876848153415,-23.521032093288206],[-46.55987676339005,-23.52103448709528],[-46.559879859718706,-23.52104047412351],[-46.55988642538154,-23.521043181737124],[-46.55989332687945,-23.52104131771244],[-46.559934740087385,-23.521016665244076],[-46.55994045816184,-23.52101245535374],[-46.55994462903563,-23.52100691116763],[-46.55994690323932,-23.52100049722262],[-46.55994709022191,-23.520993750931346],[-46.55994593610284,-23.520989058256486],[-46.55992618452468,-23.52092662584842],[-46.55992099066228,-23.520921998836908],[-46.55991383476419,-23.52092110842953],[-46.55990749846804,-23.520924300745083],[-46.55990558387759,-23.52092683457091],[-46.55987946224179,-23.521022722190036],[-46.559876848153415,-23.521032093288206]]]}},{"type":"Feature","id":"perimetro_zona_lei_18177_24.507140","properties":{"cd_identificador":507140,"tx_zoneamento_perimetro":null,"tx_observacao_perimetro":null,"cd_zoneamento_perimetro":"Praça/Canteiro","cd_tipo_legislacao_zoneamento":"L","cd_numero_legislacao_zoneamento":18177,"an_legislacao_zoneamento":2024,"dt_atualizacao":"2025-03-28T03:00:00Z","cd_usuario_atualizacao":null},"geometry":{"type":"Polygon","coordinates":[[[-46.55570611072842,-23.52672777355824],[-46.55564103887384,-23.52682425641026],[-46.55550240180644,-23.52703539516575],[-46.55552053359037,-23.527042348084358],[-46.55553240028395,-23.527042888707],[-46.55554402001097,-23.527040749718363],[-46.55555145688025,-23.527038535140203],[-46.55560330612092,-23.52700610285475],[-46.5556933442742,-23.526948084498468],[-46.555767738682604,-23.526899812941878],[-46.555800410829306,-23.526876485470314],[-46.55582075691964,-23.52685852797566],[-46.55583919836711,-23.526839343300992],[-46.55585439520091,-23.52682158176871],[-46.55586459100503,-23.52680629748574],[-46.556048071729435,-23.52653124522306],[-46.556086221758505,-23.526474052480694],[-46.55609762887032,-23.526456968065485],[-46.55620031384351,-23.52630317668607],[-46.55630299857525,-23.52614938525774],[-46.556372537947894,-23.526045167843193],[-46.55647517389987,-23.525891348851808],[-46.55647645588024,-23.525882937603317],[-46.556473649143406,-23.52587828783905],[-46.55646578309673,-23.525875648304986],[-46.556458844712196,-23.525880269099943],[-46.556442437659015,-23.525903370804876],[-46.5564136025462,-23.525943971642906],[-46.5563715360157,-23.525999560059063],[-46.556337078789625,-23.526040957594997],[-46.556297258947,-23.526085226286096],[-46.556229353119974,-23.526148866431768],[-46.55619059340609,-23.52618795378378],[-46.55618574932831,-23.526192838802658],[-46.55612257895233,-23.526253586926472],[-46.55605045411661,-23.52632388962066],[-46.55601960247282,-23.52635396180323],[-46.5559251649719,-23.52644508522238],[-46.555899426799336,-23.526471632644014],[-46.555877856878276,-23.52649388074883],[-46.55584474268182,-23.52653124615588],[-46.5558269291478,-23.52655135470136],[-46.555785394545524,-23.52660300723671],[-46.55576496871484,-23.526628408833638],[-46.555705088324714,-23.52671495134019],[-46.55570418408688,-23.52671634207413],[-46.555702891273995,-23.52671833044323],[-46.555701724375766,-23.526720125175412],[-46.55570008354518,-23.526722648797346],[-46.55569947077633,-23.526723591248803],[-46.55570611072842,-23.52672777355824]]]}},{"type":"Feature","id":"perimetro_zona_lei_18177_24.507148","properties":{"cd_identificador":507148,"tx_zoneamento_perimetro":null,"tx_observacao_perimetro":null,"cd_zoneamento_perimetro":"Praça/Canteiro","cd_tipo_legislacao_zoneamento":"L","cd_numero_legislacao_zoneamento":18177,"an_legislacao_zoneamento":2024,"dt_atualizacao":"2025-03-28T03:00:00Z","cd_usuario_atualizacao":null},"geometry":{"type":"Polygon","coordinates":[[[-46.55559114481981,-23.526661906220085],[-46.55559177650333,-23.526660961765995],[-46.55559336380733,-23.52665858851536],[-46.555595253575326,-23.526655763060916],[-46.555596896519255,-23.526653306624308],[-46.55561636672318,-23.526624195974193],[-46.55567529529879,-23.526536396684868],[-46.5556787476542,-23.526531252923274],[-46.555726315174276,-23.526460366088934],[-46.55576980352346,-23.52639449639517],[-46.555815765253804,-23.526324880304852],[-46.555861513833726,-23.526256398613192],[-46.55588077492821,-23.52622756638654],[-46.5559614958163,-23.52610673388519],[-46.55598349880853,-23.526073797185877],[-46.556075284693385,-23.52593710491183],[-46.55617908862041,-23.525783035006537],[-46.556212320209376,-23.525732357305607],[-46.556216135406025,-23.52572365884201],[-46.55621584189503,-23.5257178551214],[-46.55621175892606,-23.525713778008274],[-46.55620610045021,-23.52571230842165],[-46.55620075295495,-23.525712298677394],[-46.55619791099535,-23.525715478762535],[-46.55615993538065,-23.525771658358455],[-46.55610399651118,-23.525854796708963],[-46.556000738900906,-23.526008261567483],[-46.555966929252534,-23.526060037597745],[-46.555865897558675,-23.526214757063233],[-46.555832585874114,-23.526264082837],[-46.5557290516303,-23.52641738934862],[-46.55565388114607,-23.52653124862898],[-46.55563641651031,-23.526557711187095],[-46.555472480505365,-23.526806191334884],[-46.555371960598656,-23.52695199542463],[-46.555368345659694,-23.52695723888602],[-46.555366596714784,-23.526963424244002],[-46.55537095237703,-23.526971535316882],[-46.55547911704257,-23.52680671199169],[-46.55558009660868,-23.5266555423926],[-46.55559114481981,-23.526661906220085]]]}},{"type":"Feature","id":"perimetro_zona_lei_18177_24.507167","properties":{"cd_identificador":507167,"tx_zoneamento_perimetro":null,"tx_observacao_perimetro":null,"cd_zoneamento_perimetro":"Praça/Canteiro","cd_tipo_legislacao_zoneamento":"L","cd_numero_legislacao_zoneamento":18177,"an_legislacao_zoneamento":2024,"dt_atualizacao":"2025-03-28T03:00:00Z","cd_usuario_atualizacao":null},"geometry":{"type":"Polygon","coordinates":[[[-46.556112235872114,-23.526156909744785],[-46.556157424581905,-23.52610946283882],[-46.55620576508505,-23.52605853472875],[-46.556241163571485,-23.52601888876872],[-46.556291742894324,-23.525960135836726],[-46.556325566888816,-23.525919024590614],[-46.55634453887484,-23.525895003203523],[-46.556361310493486,-23.525871256674254],[-46.55640022415766,-23.525817397537967],[-46.55648816802435,-23.525695499410727],[-46.556599825033,-23.525545522833823],[-46.556661853256166,-23.52545516569797],[-46.55675485906924,-23.525324863531775],[-46.55682604651953,-23.525225546705595],[-46.556891854085656,-23.525133462967435],[-46.55689565354854,-23.525125929589716],[-46.55689630958716,-23.525119258468802],[-46.55689444212547,-23.525112865446953],[-46.55689037534209,-23.52510849921131],[-46.556884725354934,-23.52510441972975],[-46.55687811351779,-23.525102661694653],[-46.55687119593033,-23.525103218542927],[-46.55686425379462,-23.52510668347902],[-46.55676727141923,-23.525204470283413],[-46.55668292836973,-23.525286914108584],[-46.55663110468522,-23.525343918638953],[-46.55658747348297,-23.52539718383769],[-46.55652043475004,-23.525482877099403],[-46.556389465646966,-23.525662098084865],[-46.55627747757587,-23.525816430567378],[-46.556188270082224,-23.52593833218993],[-46.55605509445921,-23.52611987778088],[-46.55598011780087,-23.526223530723463],[-46.555905137736374,-23.526326903719998],[-46.555903869692,-23.52633067311359],[-46.55590384932186,-23.52633560400769],[-46.555906355475884,-23.526339678830954],[-46.5559116912195,-23.526342018588387],[-46.55591861567336,-23.52634203966774],[-46.55592303148147,-23.52633943987018],[-46.55605032802941,-23.52621592037804],[-46.556112235872114,-23.526156909744785]]]}},{"type":"Feature","id":"perimetro_zona_lei_18177_24.507177","properties":{"cd_identificador":507177,"tx_zoneamento_perimetro":null,"tx_observacao_perimetro":null,"cd_zoneamento_perimetro":"Praça/Canteiro","cd_tipo_legislacao_zoneamento":"L","cd_numero_legislacao_zoneamento":18177,"an_legislacao_zoneamento":2024,"dt_atualizacao":"2025-03-28T03:00:00Z","cd_usuario_atualizacao":null},"geometry":{"type":"Polygon","coordinates":[[[-46.55564754267647,-23.5213507167031],[-46.555703525920215,-23.521445213021234],[-46.555761082619654,-23.5215394226711],[-46.555827428865136,-23.52164236731198],[-46.55589754538278,-23.52174445244985],[-46.55595609506358,-23.52182646984364],[-46.55602656588732,-23.521918689985302],[-46.55609454902193,-23.52200422524399],[-46.55619826607484,-23.52212702457518],[-46.55625877243448,-23.522191349443936],[-46.556355965730866,-23.522292359897357],[-46.55648985110474,-23.522427147962805],[-46.556606819786694,-23.52254331245972],[-46.556675824283346,-23.52260738057859],[-46.55671786512178,-23.522643786785306],[-46.556762417055026,-23.522681359899693],[-46.55680729734136,-23.5227160399336],[-46.55687038341369,-23.522761509995686],[-46.5569391461471,-23.522805839579316],[-46.55702394083424,-23.522855156181873],[-46.557136706791034,-23.52291703437849],[-46.5572733370418,-23.522991172033795],[-46.557331453229196,-23.52302124934747],[-46.55733774687857,-23.523020111739253],[-46.55734059463345,-23.5230157666347],[-46.55733998463223,-23.52301053500869],[-46.55733780175975,-23.523006466001934],[-46.55733121075651,-23.523000644017444],[-46.557287866481,-23.5229758372502],[-46.55724075709636,-23.522948991108727],[-46.55719208281003,-23.522919821690603],[-46.55714405052179,-23.522888613955807],[-46.55709444106519,-23.52285653698705],[-46.55703729697137,-23.52281834040351],[-46.55698581466449,-23.522781902306466],[-46.55692178187284,-23.522736712680196],[-46.556862779847705,-23.52269125597268],[-46.55680472402398,-23.522644642894594],[-46.55675735044913,-23.522605309960195],[-46.55670370788451,-23.522557550971516],[-46.55663312073824,-23.52249464557421],[-46.55657792512916,-23.522442233264105],[-46.556548180317535,-23.522413599281908],[-46.55641269912217,-23.522283177450397],[-46.556318935240505,-23.522185645636974],[-46.55624935518292,-23.52210757667673],[-46.55615823532997,-23.521993347881676],[-46.5560890272135,-23.52190274971652],[-46.55601370902779,-23.521801402999206],[-46.5559271337755,-23.521683010675076],[-46.5558676066518,-23.521597815242977],[-46.5558274187058,-23.52153236599258],[-46.55576181968161,-23.52142716526672],[-46.55571842487682,-23.521352166594625],[-46.555702264474206,-23.52132289746638],[-46.55565673496301,-23.521240415700625],[-46.55560533746578,-23.52114361588585],[-46.555584931012255,-23.521095492769962],[-46.55551360660035,-23.520927293067118],[-46.55545033291607,-23.52075741001813],[-46.555432599374846,-23.520707538685063],[-46.55537157693105,-23.52053592740001],[-46.55531436741053,-23.520358686972934],[-46.55526832653434,-23.520205130496905],[-46.55522640610938,-23.520041346341706],[-46.55519484200583,-23.519898797956262],[-46.5551669776514,-23.51973272406407],[-46.55516587838771,-23.519723285621136],[-46.555144964744244,-23.519543717249036],[-46.55514194128693,-23.5195067182005],[-46.55512722481751,-23.51932662779086],[-46.5551233809567,-23.519275363474968],[-46.55512138284365,-23.51919031538638],[-46.55511737766232,-23.519121984887175],[-46.55511824806838,-23.519073536167898],[-46.555116111601926,-23.51906757023732],[-46.555111795154474,-23.51906610525139],[-46.55510783868954,-23.519066939466747],[-46.55510441193736,-23.51907368341946],[-46.55509449102754,-23.5192540525462],[-46.55509249431076,-23.51929035426914],[-46.55508729625644,-23.519384858498356],[-46.55508836017847,-23.51945874509313],[-46.555088627349384,-23.519556507465126],[-46.55509674825315,-23.519645892276444],[-46.5551094179427,-23.51979569136284],[-46.55512909578463,-23.519945158544612],[-46.55516864693789,-23.52012203869847],[-46.55517033822169,-23.520129602438544],[-46.55518775238309,-23.520207044429874],[-46.55519586137242,-23.520243105627415],[-46.555225887521566,-23.520361440330912],[-46.55526030146011,-23.520474800490128],[-46.55530036248941,-23.520593676080203],[-46.55534758887941,-23.52071142348232],[-46.55538944992662,-23.520818450999418],[-46.55541570071322,-23.520884671793784],[-46.55545289991884,-23.52097084008719],[-46.55549046751034,-23.52104981401958],[-46.55550546703049,-23.52108134571816],[-46.55555344223494,-23.52117861323881],[-46.55559782670857,-23.521261169696245],[-46.55563209462698,-23.52132289437015],[-46.55564754267647,-23.5213507167031]]]}},{"type":"Feature","id":"perimetro_zona_lei_18177_24.507178","properties":{"cd_identificador":507178,"tx_zoneamento_perimetro":null,"tx_observacao_perimetro":null,"cd_zoneamento_perimetro":"Praça/Canteiro","cd_tipo_legislacao_zoneamento":"L","cd_numero_legislacao_zoneamento":18177,"an_legislacao_zoneamento":2024,"dt_atualizacao":"2025-03-28T03:00:00Z","cd_usuario_atualizacao":null},"geometry":{"type":"Polygon","coordinates":[[[-46.55566984245954,-23.516685207377062],[-46.55565100334241,-23.516779611666667],[-46.55563584965653,-23.51684439077652],[-46.555594551770376,-23.517020931006645],[-46.5555780194988,-23.517089269373454],[-46.55553537698795,-23.517265537577597],[-46.55551725759219,-23.517340527629518],[-46.555474664426,-23.51751680599978],[-46.55545761958692,-23.517592309967338],[-46.5554177049382,-23.517769120571717],[-46.55540809919973,-23.51780993605107],[-46.55536656239895,-23.517986428665406],[-46.55535813305898,-23.518029813084116],[-46.555323593252226,-23.518207583386044],[-46.555318110732294,-23.518244348648302],[-46.55529143014229,-23.518423265970718],[-46.55528902050509,-23.51844480110061],[-46.55526891917617,-23.51862444834299],[-46.555259572153965,-23.51877994895494],[-46.55525311097024,-23.518953518011998],[-46.55525125925406,-23.519058471832814],[-46.55525248640821,-23.51918875275577],[-46.55525798455886,-23.51929579145055],[-46.5552699766719,-23.519417918572266],[-46.555290483924914,-23.519599625641003],[-46.55531180899264,-23.519730076002883],[-46.55533703213965,-23.519874719599798],[-46.555341678966165,-23.519895521883605],[-46.55538119220396,-23.52007240922396],[-46.55542050674906,-23.520200268641346],[-46.55545365409375,-23.520316675684377],[-46.555497242285476,-23.520443173903928],[-46.55554349403747,-23.52057297777098],[-46.55558470677099,-23.52068316338194],[-46.5556298034625,-23.520790501653387],[-46.5556647983265,-23.520877423398534],[-46.55570798648131,-23.520976517737076],[-46.555751893451415,-23.52106677297322],[-46.55578941547797,-23.521138723821984],[-46.55582829771771,-23.52120724750657],[-46.55589284420232,-23.52132288904345],[-46.555898346497486,-23.521332749614754],[-46.555951710512375,-23.52142269351648],[-46.5560263314555,-23.521538062699694],[-46.556091959842554,-23.521634909727577],[-46.556153422812145,-23.52171981479582],[-46.556217163563566,-23.5218035321187],[-46.55631409120999,-23.521921956215614],[-46.55638849345551,-23.52200868240534],[-46.55646451040964,-23.52209363144653],[-46.55651541510311,-23.52214927450761],[-46.556564710694886,-23.522201330443217],[-46.556629159255344,-23.522267746949936],[-46.55667847792045,-23.522315928499467],[-46.5567258614343,-23.522361113174984],[-46.55679678178446,-23.522424873103827],[-46.55692123155425,-23.522535923470244],[-46.557001857192056,-23.522602990742083],[-46.55706185054784,-23.522650297777435],[-46.557167649873804,-23.522729376639848],[-46.557258310288184,-23.522795286799248],[-46.55733380225838,-23.522848019549393],[-46.55741189997483,-23.522897475182738],[-46.55749901984146,-23.52295710824991],[-46.557585204683605,-23.523007187250556],[-46.55761516628149,-23.523024202829106],[-46.55768397652362,-23.523063281019684],[-46.55774437619298,-23.523096205551102],[-46.5577995472715,-23.523126277525506],[-46.55789413558391,-23.52317638963556],[-46.557907775911744,-23.523183767866406],[-46.55821746487756,-23.52334024758791],[-46.55822238567141,-23.523342733944837],[-46.55839506943985,-23.523419570981567],[-46.55854612086197,-23.52348073063884],[-46.55868401982336,-23.52353109487415],[-46.55880233518981,-23.523573437301632],[-46.55896716454794,-23.523623621870634],[-46.55932192949594,-23.523718591524503],[-46.55956337428414,-23.523771258859988],[-46.55969810417976,-23.523793659181916],[-46.55982399112822,-23.523813619449808],[-46.559869318063384,-23.52381879837238],[-46.55995616513455,-23.52377004196686],[-46.5600799771989,-23.523660655522274],[-46.56007018348956,-23.523657513380083],[-46.560060389780745,-23.523654371237246],[-46.56004080236431,-23.523648086949557],[-46.56000162753652,-23.52363551836655],[-46.559799985537445,-23.523619319527647],[-46.55954155186892,-23.523576845205778],[-46.55923401664244,-23.52351483390132],[-46.55893970162344,-23.523422646896453],[-46.55862358045503,-23.52332316701224],[-46.55834536761592,-23.523202053561402],[-46.55802233404795,-23.523046287539607],[-46.55782170159434,-23.522948531065385],[-46.55771957310499,-23.52287156250316],[-46.55749470159563,-23.522742921257436],[-46.557181041745295,-23.522521589024848],[-46.55693906582643,-23.522301049957235],[-46.55674402247309,-23.52210772327629],[-46.55664779949356,-23.522006039729604],[-46.556557541712685,-23.52191980923472],[-46.55648273681498,-23.52182242708153],[-46.55635877820745,-23.52167094951008],[-46.55626063280817,-23.52154787442992],[-46.556205131331566,-23.52146613340322],[-46.55615959892606,-23.521388864684855],[-46.55606856115374,-23.521236612926984],[-46.55596976472168,-23.521057006682085],[-46.55589093334579,-23.52088863079188],[-46.55584227768717,-23.520756529217195],[-46.555758166672284,-23.52056077402768],[-46.555701510717434,-23.520380746382035],[-46.55565016175332,-23.52023038365109],[-46.555618885002325,-23.520100394294367],[-46.555590194560395,-23.519979523075992],[-46.55555894480486,-23.519851819427373],[-46.555534889705996,-23.519703469883524],[-46.55550787238847,-23.519514001950824],[-46.55549111945461,-23.519354149427244],[-46.55547851830843,-23.519125675440222],[-46.55546885261449,-23.518936034097617],[-46.555473790953044,-23.51872338683344],[-46.55548662219011,-23.518549522684648],[-46.555516213789154,-23.51832519907688],[-46.55556057038137,-23.518091583927323],[-46.55562281377983,-23.517858242802205],[-46.55567022910067,-23.517674930211733],[-46.55574112635457,-23.517504826973703],[-46.55581265538438,-23.517388493504022],[-46.55584926144526,-23.517277886640855],[-46.55588203559522,-23.517089342707077],[-46.55587661748893,-23.517062508801093],[-46.55587119938516,-23.51703567489464],[-46.555860363185204,-23.516982007080713],[-46.55584574120791,-23.51684596942529],[-46.55570296462443,-23.51667537621715],[-46.555676771542224,-23.516657624570918],[-46.55566984245954,-23.516685207377062]]]}},{"type":"Feature","id":"perimetro_zona_lei_18177_24.507191","properties":{"cd_identificador":507191,"tx_zoneamento_perimetro":null,"tx_observacao_perimetro":null,"cd_zoneamento_perimetro":"Praça/Canteiro","cd_tipo_legislacao_zoneamento":"L","cd_numero_legislacao_zoneamento":18177,"an_legislacao_zoneamento":2024,"dt_atualizacao":"2025-03-28T03:00:00Z","cd_usuario_atualizacao":null},"geometry":{"type":"Polygon","coordinates":[[[-46.55442604063589,-23.527014669040593],[-46.55459151761591,-23.52710805390094],[-46.55481156065616,-23.52723097426959],[-46.555040153059615,-23.527358802786917],[-46.55504527366386,-23.527359501158664],[-46.555049129870405,-23.52735928201556],[-46.55505112000241,-23.527356950303954],[-46.55509300638066,-23.527270118239745],[-46.55509274344532,-23.527267745827174],[-46.55508739146863,-23.527263193715438],[-46.5550780626281,-23.527263593971636],[-46.55501026814853,-23.52726430750159],[-46.55495003380212,-23.527257459122485],[-46.55491393885953,-23.5272487350059],[-46.554874697477935,-23.527237287992662],[-46.5548345906798,-23.527221370452285],[-46.55480216823533,-23.527206793930418],[-46.554441713089545,-23.52700402800872],[-46.55442604063589,-23.527014669040593]]]}},{"type":"Feature","id":"perimetro_zona_lei_18177_24.514143","properties":{"cd_identificador":514143,"tx_zoneamento_perimetro":"Zona Centralidade","tx_observacao_perimetro":null,"cd_zoneamento_perimetro":"ZC","cd_tipo_legislacao_zoneamento":"L","cd_numero_legislacao_zoneamento":18177,"an_legislacao_zoneamento":2024,"dt_atualizacao":"2025-03-28T03:00:00Z","cd_usuario_atualizacao":null},"geometry":{"type":"Polygon","coordinates":[[[-46.556494730047994,-23.524503196254745],[-46.55669071426198,-23.52449518691875],[-46.55669672361044,-23.524491154158962],[-46.55670170557778,-23.524482165855186],[-46.55671066886458,-23.524427181328686],[-46.55673366537939,-23.52434316440116],[-46.55673168927852,-23.524326210092223],[-46.55672167134409,-23.5243121351334],[-46.55660771789332,-23.524236169205953],[-46.55668084513462,-23.52413099296281],[-46.55651069441575,-23.52400512693149],[-46.556456094155756,-23.52396474601404],[-46.556007762539615,-23.523400560064168],[-46.556289475276834,-23.523106474076116],[-46.5564372262393,-23.52295223296661],[-46.55665385386903,-23.522759326237217],[-46.55654167138403,-23.52265119815609],[-46.55630371034568,-23.522413141597823],[-46.55617368562987,-23.522275127741803],[-46.5561026616042,-23.522196204080586],[-46.556034669933915,-23.522114180287986],[-46.555920690046584,-23.521960205450704],[-46.555817647231535,-23.521809190977994],[-46.555643651992625,-23.52153717774276],[-46.555566676522794,-23.521412176267134],[-46.555475663779994,-23.521247136994027],[-46.55542268992558,-23.521144196643895],[-46.55531465748649,-23.520905201117397],[-46.55525968167921,-23.520776187551537],[-46.555150700265,-23.520470117584367],[-46.55508267715206,-23.520227200893935],[-46.55507868457841,-23.520224170997466],[-46.55506170264603,-23.520222173741082],[-46.555050709504755,-23.520228152263048],[-46.554821654284346,-23.52044514453296],[-46.55460369272192,-23.52064414872864],[-46.5543786402908,-23.52086516336922],[-46.554368630513466,-23.52088611979031],[-46.55435264241595,-23.520948126539054],[-46.55432464799201,-23.52108112904577],[-46.55431263284253,-23.521165126325773],[-46.554306686021434,-23.521305131691367],[-46.554310675151314,-23.521404137498468],[-46.55431963869769,-23.52145912350787],[-46.55433765673993,-23.521501198243783],[-46.554404661380545,-23.521616187719424],[-46.55435668307411,-23.5216291265362],[-46.554346753613316,-23.521631088770974],[-46.554406575975094,-23.521729827744952],[-46.5543850248495,-23.521741631058852],[-46.55431588688651,-23.521779497125472],[-46.55431510032378,-23.521778595002964],[-46.554310899516494,-23.521780815658598],[-46.55432580176484,-23.521798448945432],[-46.55435766077343,-23.521836146526443],[-46.554506638708084,-23.522144165072064],[-46.554679655625364,-23.522051156185668],[-46.55561656194587,-23.523824930011628],[-46.55541366502515,-23.524224180292947],[-46.55516977193483,-23.524553084150853],[-46.556494730047994,-23.524503196254745]]]}},{"type":"Feature","id":"perimetro_zona_lei_18177_24.514144","properties":{"cd_identificador":514144,"tx_zoneamento_perimetro":"Zona Centralidade","tx_observacao_perimetro":null,"cd_zoneamento_perimetro":"ZC","cd_tipo_legislacao_zoneamento":"L","cd_numero_legislacao_zoneamento":18177,"an_legislacao_zoneamento":2024,"dt_atualizacao":"2025-03-28T03:00:00Z","cd_usuario_atualizacao":null},"geometry":{"type":"Polygon","coordinates":[[[-46.55322015447,-23.519956957057794],[-46.553220779679485,-23.519963209761617],[-46.55323169145577,-23.520068175556013],[-46.5534836638923,-23.52050319566124],[-46.55364063991161,-23.520619183645405],[-46.554345651516584,-23.520779177707826],[-46.554374296155146,-23.520785900669143],[-46.55458067641952,-23.520582170346803],[-46.55501568433524,-23.520168189956525],[-46.55503065441076,-23.520150163441798],[-46.55504166598999,-23.52012513402794],[-46.555045639094935,-23.520092139318926],[-46.554980631267945,-23.519762155065305],[-46.5549396808647,-23.51986458925649],[-46.55489998689142,-23.51988105695034],[-46.55487032781633,-23.51989336149328],[-46.55468365612171,-23.519896128842653],[-46.554383952759984,-23.519873480084446],[-46.55333368867828,-23.51967314938569],[-46.55322015447,-23.519956957057794]]]}},{"type":"Feature","id":"perimetro_zona_lei_18177_24.514953","properties":{"cd_identificador":514953,"tx_zoneamento_perimetro":"Zona Centralidade","tx_observacao_perimetro":null,"cd_zoneamento_perimetro":"ZC","cd_tipo_legislacao_zoneamento":"L","cd_numero_legislacao_zoneamento":18177,"an_legislacao_zoneamento":2024,"dt_atualizacao":"2025-03-28T03:00:00Z","cd_usuario_atualizacao":null},"geometry":{"type":"Polygon","coordinates":[[[-46.55086835674101,-23.51810598778428],[-46.55089730464949,-23.518536252252897],[-46.550891907707815,-23.51872603752038],[-46.55089375358158,-23.51875324408265],[-46.550915935349444,-23.518955353736196],[-46.550920179887974,-23.518993683786956],[-46.55095202072854,-23.519326528732222],[-46.55099024345559,-23.519666442804642],[-46.550866140875065,-23.51982640529668],[-46.55086860795662,-23.519988718266234],[-46.550927074929085,-23.520319582425238],[-46.55096575523195,-23.52048487521833],[-46.55096755420468,-23.520491064516882],[-46.551016755704914,-23.520601027072725],[-46.55106477975476,-23.520797307085257],[-46.55115082051868,-23.520986181149375],[-46.551186733005295,-23.521088949268833],[-46.55124456364741,-23.521211983797023],[-46.55125104972435,-23.52122523371546],[-46.55130683967555,-23.52129381827732],[-46.551311442901294,-23.521345393734542],[-46.551332987042215,-23.52138391345547],[-46.551393837968,-23.521510887196598],[-46.551439753062674,-23.52158060423848],[-46.551472708236396,-23.521663826682076],[-46.551545831828086,-23.521788087171203],[-46.55156049358034,-23.521812589595857],[-46.55168689168504,-23.522025196221893],[-46.551735319612824,-23.52209063544896],[-46.55199138845203,-23.522481599327527],[-46.552208782569146,-23.52282375878456],[-46.55242255274044,-23.5232281386811],[-46.552423973012345,-23.52323045171697],[-46.552535535344965,-23.52339320736347],[-46.55260606167333,-23.5235296504653],[-46.55260896767739,-23.523528617623782],[-46.552614278215515,-23.52353701403917],[-46.55264013527957,-23.5235397327513],[-46.55264224502699,-23.523543180935093],[-46.55264570187313,-23.52354152348802],[-46.55272544552302,-23.52367916414457],[-46.552939232554905,-23.524025131154865],[-46.5529869911338,-23.524121395487203],[-46.553012862925776,-23.52416436709556],[-46.553013523465225,-23.524165558973543],[-46.55304420452498,-23.524203274380923],[-46.55307927770728,-23.524269681696364],[-46.553138365317615,-23.524434228523862],[-46.5531932101407,-23.52456192547718],[-46.553234575779264,-23.52467745952836],[-46.5532804525139,-23.52485267874021],[-46.553300677190755,-23.52496844874365],[-46.55330870759746,-23.52500641769031],[-46.55333778522539,-23.52515131013928],[-46.55333923219906,-23.525162537958],[-46.55334537138254,-23.52518933075833],[-46.553353652230044,-23.525287795432916],[-46.553360328520455,-23.52534729080994],[-46.55344628743977,-23.525346432861816],[-46.55350327263044,-23.52533180990957],[-46.55350827982072,-23.525493642043813],[-46.55352313608164,-23.525743914428052],[-46.55352994971376,-23.525856525471994],[-46.55352844444933,-23.52592091563072],[-46.55349250719572,-23.526319894557933],[-46.55349653603599,-23.52636039352045],[-46.55355783940166,-23.52639544522917],[-46.55367394284796,-23.52646191169645],[-46.55379742955213,-23.52653128385232],[-46.554009364039096,-23.526650243573908],[-46.55425599617137,-23.526787365445458],[-46.554286154535205,-23.526804128625372],[-46.554283653672975,-23.526653102324037],[-46.55428311032594,-23.526531219389305],[-46.554283136088756,-23.52651966230954],[-46.554283759639915,-23.526338990441225],[-46.55428395404853,-23.526293664085454],[-46.554283815015594,-23.52624057631905],[-46.554280799779306,-23.526190135619174],[-46.55427102507409,-23.526045502085527],[-46.55429595537426,-23.52603658549448],[-46.554308086946776,-23.526216859120563],[-46.5543097428125,-23.526240949393415],[-46.55430960639633,-23.52635308805102],[-46.554306874173434,-23.526519244661422],[-46.554307015212956,-23.526531251513617],[-46.55431054153783,-23.526817699082933],[-46.5543863035175,-23.526859829056075],[-46.55439685394018,-23.526864238064498],[-46.554406725493195,-23.52686585493485],[-46.554418407614534,-23.52686348106348],[-46.554424266247885,-23.526860352767077],[-46.554430120638784,-23.526856863362106],[-46.554436414981275,-23.52684957748076],[-46.55451863763689,-23.52670610170395],[-46.55461890390719,-23.526531206117802],[-46.5546642502799,-23.52645220287314],[-46.554674532321634,-23.52643377176562],[-46.55468710940853,-23.526411345073893],[-46.55467573349363,-23.5264054094397],[-46.55450656109463,-23.52631744362659],[-46.55450517987935,-23.526316735121277],[-46.55450581208288,-23.526315555066894],[-46.55457412697613,-23.526198130744326],[-46.554666662952265,-23.526038932118457],[-46.55471579173857,-23.525951945764287],[-46.554806298064356,-23.52579186446382],[-46.55467555059459,-23.525723107351734],[-46.554681776990556,-23.525710043730026],[-46.55458672004841,-23.52566151560172],[-46.55441537378002,-23.52557402279047],[-46.55443528424887,-23.525543396984904],[-46.55460960863514,-23.52563004743897],[-46.5547819836093,-23.525715723996893],[-46.55476544766593,-23.525744871530293],[-46.554822960234276,-23.525773459897792],[-46.55499734150823,-23.52585803270619],[-46.55500667463535,-23.525841326525946],[-46.55502273134805,-23.525812635195464],[-46.55511274953286,-23.525652287748258],[-46.55520284825668,-23.525491939450458],[-46.555292864961636,-23.525331501638767],[-46.55538288251825,-23.525171154060413],[-46.55547289880431,-23.525010716161344],[-46.55551792225604,-23.524931806212635],[-46.55560899537986,-23.524771989695413],[-46.555663709748515,-23.524672487551808],[-46.55566393395022,-23.524670950420628],[-46.55566407952666,-23.524669594650785],[-46.55566414435532,-23.524668239687955],[-46.55566420918388,-23.524666884725207],[-46.555664193264775,-23.524665530569482],[-46.5556640965977,-23.524664177220867],[-46.55566399993073,-23.52466282387225],[-46.5556638225159,-23.524661471330738],[-46.55566356435331,-23.524660119596245],[-46.55566330619072,-23.524658767861844],[-46.555662967280284,-23.52465741693446],[-46.555662629431154,-23.524656156284184],[-46.55566220977297,-23.524654806163902],[-46.55566171042823,-23.524653547127826],[-46.5556612110836,-23.524652288091662],[-46.55566063099103,-23.524651029862618],[-46.55566005089856,-23.524649771633634],[-46.55565931037169,-23.524648605295805],[-46.55565864953149,-23.524647347873838],[-46.555657909004644,-23.524646181535996],[-46.55565708879135,-23.524645106282275],[-46.55565626751678,-23.52464394075152],[-46.55565536655566,-23.52464286630498],[-46.55565446559466,-23.524641791858343],[-46.55565348494701,-23.524640808495818],[-46.555652503238186,-23.52463973485628],[-46.55565144290411,-23.524638842577943],[-46.55565038150875,-23.5246378600225],[-46.555649240426945,-23.524636968551164],[-46.55564810040635,-23.524636167356938],[-46.55564695932448,-23.524635275885576],[-46.55564573961744,-23.524634565775447],[-46.555644518849135,-23.52463376538819],[-46.55564321839428,-23.524633056085126],[-46.555641999748474,-23.52463243625198],[-46.555640619607175,-23.524631818032923],[-46.555639320213636,-23.524631199006937],[-46.555637941133554,-23.524630671064966],[-46.55563656205347,-23.524630143122888],[-46.555635184034685,-23.524629705457997],[-46.55563380707718,-23.52462935807012],[-46.555632349371834,-23.524629011489225],[-46.55563097241434,-23.52462866410132],[-46.55562951577029,-23.524628407797504],[-46.55562805912624,-23.52462815149368],[-46.555626603543466,-23.524627985466857],[-46.5555811584535,-23.52462979399728],[-46.55538549263316,-23.5246374376136],[-46.55534351650487,-23.52463894054504],[-46.555147762464365,-23.524645952731277],[-46.55510028698755,-23.52464678824479],[-46.55516977193483,-23.524553084150853],[-46.55541366502515,-23.524224180292947],[-46.55561656194587,-23.523824930011628],[-46.554679655625364,-23.522051156185668],[-46.554506638708084,-23.522144165072064],[-46.55432580176484,-23.521798448945432],[-46.554315890932095,-23.521779501788107],[-46.55431510032378,-23.521778595002964],[-46.55409469324318,-23.521524606495156],[-46.5540204936335,-23.521494191796364],[-46.55366242572258,-23.521459115317693],[-46.553309306809005,-23.521536961193686],[-46.553063075885795,-23.521619379932766],[-46.55285686085971,-23.521688427580767],[-46.55266787661404,-23.52172146209534],[-46.552661472481795,-23.52171716694527],[-46.552486282263104,-23.52159966942298],[-46.55251608764818,-23.521529640588277],[-46.55258762633983,-23.521361472516368],[-46.55219919383414,-23.52101694643483],[-46.552034726384235,-23.519684182111014],[-46.55199898942976,-23.519394644449562],[-46.55198963240261,-23.519374874418137],[-46.551970752035075,-23.51934869860865],[-46.5519649387153,-23.51934189469158],[-46.55196236546948,-23.519342823224267],[-46.55195448741766,-23.519345881264062],[-46.5519573107656,-23.519359396289335],[-46.551962104041955,-23.519368738435194],[-46.55196388647718,-23.51937612426608],[-46.551963245512205,-23.51938344396981],[-46.55196053194576,-23.519386179657932],[-46.55182342294458,-23.519462936867182],[-46.551665351869474,-23.519542611545024],[-46.55164480289155,-23.519553199473226],[-46.551473830072815,-23.519641399334027],[-46.551461229309176,-23.519648025645026],[-46.55129091383531,-23.519737211928934],[-46.551182944507474,-23.519792279989446],[-46.55116542525619,-23.51976509734969],[-46.55118573313133,-23.519754602172366],[-46.55124970388519,-23.51972128050335],[-46.55128084671783,-23.519705079494887],[-46.55132106293424,-23.51968445424211],[-46.55141224954311,-23.51963749868244],[-46.55158330632171,-23.51954956891446],[-46.5517524183295,-23.519467978501115],[-46.55187729061689,-23.51940822716566],[-46.55189225017154,-23.519396160037985],[-46.55190734732524,-23.51929940155962],[-46.551909127489196,-23.519285930926937],[-46.551923295454856,-23.519178798610454],[-46.551947034798246,-23.518999521186494],[-46.55195934137706,-23.518988473668834],[-46.55196508798551,-23.518941376420752],[-46.551973146530955,-23.518843514365187],[-46.55195746729775,-23.51884240665069],[-46.55192966476106,-23.518840426630327],[-46.551937397324636,-23.518811186573455],[-46.55200501031249,-23.51880617868405],[-46.552016871268606,-23.518805338129628],[-46.55203776818534,-23.518803775470992],[-46.552078334973345,-23.518799308062224],[-46.55206259713679,-23.518782094744235],[-46.55137137427369,-23.518542179950835],[-46.55136271466212,-23.51853918932528],[-46.550867917400275,-23.518094822434477],[-46.55086835674101,-23.51810598778428]]]}},{"type":"Feature","id":"perimetro_zona_lei_18177_24.519773","properties":{"cd_identificador":519773,"tx_zoneamento_perimetro":"Zona de Desenvolvimento Econômico 1","tx_observacao_perimetro":null,"cd_zoneamento_perimetro":"ZDE-1","cd_tipo_legislacao_zoneamento":"L","cd_numero_legislacao_zoneamento":18177,"an_legislacao_zoneamento":2024,"dt_atualizacao":"2025-03-28T03:00:00Z","cd_usuario_atualizacao":null},"geometry":{"type":"Polygon","coordinates":[[[-46.56208938924763,-23.51990270587937],[-46.56208289345062,-23.519899701288733],[-46.562076001388355,-23.519897332687048],[-46.56206887668103,-23.519895779007154],[-46.562061599007706,-23.51989494916212],[-46.56205424911297,-23.519894842341568],[-46.56205158667002,-23.51989504963354],[-46.56204868625469,-23.519895620463462],[-46.56204185065869,-23.51989803653209],[-46.562035839555136,-23.51990188892718],[-46.56203097272651,-23.51990690357747],[-46.562027571020714,-23.519912896688474],[-46.56202579166584,-23.519919505532382],[-46.56195511342331,-23.520444875510556],[-46.56195491699856,-23.52044875984466],[-46.56195539955995,-23.520455436278645],[-46.56195701255145,-23.520462101369596],[-46.56195967096686,-23.520468394820238],[-46.56196329299594,-23.52047422716405],[-46.56196787863867,-23.52047959840089],[-46.561973262143795,-23.52048414904386],[-46.56197928415183,-23.520488061267088],[-46.56269689858429,-23.520859885628767],[-46.562703712093715,-23.520862435563647],[-46.56271083472762,-23.520863808657506],[-46.562718185740735,-23.520864005720888],[-46.56272544215188,-23.52086302999636],[-46.562732360659304,-23.520860793638946],[-46.56273878190425,-23.520857478823718],[-46.56274438397168,-23.52085317906995],[-46.5627491679273,-23.520847984654562],[-46.562752812922334,-23.5208420793738],[-46.562755241409384,-23.520835734868765],[-46.562756234603256,-23.520830939660677],[-46.56277606579505,-23.520301385009752],[-46.56277574361728,-23.520294616682378],[-46.562774615056874,-23.520287946738026],[-46.562772519690014,-23.52028146707503],[-46.5627696200724,-23.52027526634862],[-46.56276583652523,-23.520269435646327],[-46.56276133160421,-23.520264063623557],[-46.56275618711999,-23.520259239746377],[-46.5627495106158,-23.52025461182453],[-46.562743258088155,-23.52025169510824],[-46.56208938924763,-23.51990270587937]]]}},{"type":"Feature","id":"perimetro_zona_lei_18177_24.522097","properties":{"cd_identificador":522097,"tx_zoneamento_perimetro":"Zona Especial de Interesse Social 2","tx_observacao_perimetro":null,"cd_zoneamento_perimetro":"ZEIS-2","cd_tipo_legislacao_zoneamento":"L","cd_numero_legislacao_zoneamento":18177,"an_legislacao_zoneamento":2024,"dt_atualizacao":"2025-03-28T03:00:00Z","cd_usuario_atualizacao":null},"geometry":{"type":"Polygon","coordinates":[[[-46.55201897256144,-23.519369668038088],[-46.551998987615015,-23.51937745298176],[-46.551989653323496,-23.51937483686767],[-46.55199899292983,-23.519394611045065],[-46.55219919383414,-23.52101694643483],[-46.55258762633983,-23.521361472516368],[-46.552486315749874,-23.52159962612486],[-46.55266784629273,-23.52172144415216],[-46.552856863999686,-23.521688403074428],[-46.553309306809005,-23.521536961193686],[-46.55366242572258,-23.521459115317693],[-46.5540204936335,-23.521494191796364],[-46.55409469324318,-23.521524606495156],[-46.55431588436944,-23.521779498504017],[-46.554406575975094,-23.521729827744952],[-46.554346753613316,-23.521631088770974],[-46.5543568163449,-23.521629001559297],[-46.554278798853666,-23.521498656609793],[-46.55425661218635,-23.521444062536084],[-46.554243237945634,-23.521355967324503],[-46.55424108533229,-23.521222697473846],[-46.55424756534481,-23.52114903355226],[-46.55427486943041,-23.52098891967025],[-46.554296066778996,-23.5209092389151],[-46.55431286285893,-23.52085506833864],[-46.554340546657755,-23.520819030811833],[-46.55437472936758,-23.520785998781665],[-46.55364033013309,-23.520619672444557],[-46.55348354454337,-23.520503388133474],[-46.55323124994706,-23.520067922520685],[-46.55322015447,-23.519956957057794],[-46.55333375417655,-23.519672985655763],[-46.553181586337956,-23.519632963322],[-46.553164172647996,-23.519626183518945],[-46.553166584908595,-23.51961810544572],[-46.553016600706535,-23.51956886674726],[-46.55301142479222,-23.519586798941994],[-46.55249151061225,-23.519429163546775],[-46.55225592946469,-23.519508182531712],[-46.552187032905394,-23.51947888798016],[-46.55201897256144,-23.519369668038088]]]}},{"type":"Feature","id":"perimetro_zona_lei_18177_24.522919","properties":{"cd_identificador":522919,"tx_zoneamento_perimetro":"Zona Especial de Interesse Social 3","tx_observacao_perimetro":null,"cd_zoneamento_perimetro":"ZEIS-3","cd_tipo_legislacao_zoneamento":"L","cd_numero_legislacao_zoneamento":18177,"an_legislacao_zoneamento":2024,"dt_atualizacao":"2025-03-28T03:00:00Z","cd_usuario_atualizacao":null},"geometry":{"type":"Polygon","coordinates":[[[-46.55685262471433,-23.526503142100143],[-46.55746679374958,-23.525596198285065],[-46.55747776704417,-23.52557992376274],[-46.55748480949242,-23.525562514603187],[-46.55749093568587,-23.525533826406647],[-46.557491697072386,-23.52551530612942],[-46.55749011674573,-23.52549753173135],[-46.55727259279336,-23.52508096106018],[-46.557262516378415,-23.525065258391052],[-46.55724747871504,-23.525052404836465],[-46.5572387112947,-23.52504806758151],[-46.55722860267272,-23.525046272303754],[-46.55722165953832,-23.52504715452339],[-46.55718638589317,-23.525062407879048],[-46.55714785910644,-23.525092503903117],[-46.55711413064557,-23.525122551912546],[-46.55707681381404,-23.525163924022984],[-46.55701518522689,-23.525236604492825],[-46.55691013582304,-23.525372933270923],[-46.556870268165284,-23.525430585873607],[-46.55678676444216,-23.525558571539452],[-46.556466089087166,-23.52603904433033],[-46.55633324079857,-23.526235071901855],[-46.556157431397764,-23.526500612787753],[-46.55630053689117,-23.52658542372874],[-46.5566593932359,-23.52678619648362],[-46.55685262471433,-23.526503142100143]]]}},{"type":"Feature","id":"perimetro_zona_lei_18177_24.534300","properties":{"cd_identificador":534300,"tx_zoneamento_perimetro":"Zona Eixo de Estruturação da Transformação Urbana Previsto","tx_observacao_perimetro":null,"cd_zoneamento_perimetro":"ZEUP","cd_tipo_legislacao_zoneamento":"L","cd_numero_legislacao_zoneamento":18177,"an_legislacao_zoneamento":2024,"dt_atualizacao":"2025-03-28T03:00:00Z","cd_usuario_atualizacao":null},"geometry":{"type":"Polygon","coordinates":[[[-46.55535949037514,-23.52762946361779],[-46.55517474775276,-23.527904235332347],[-46.55511740612808,-23.52798952050992],[-46.554823109883706,-23.52843798422829],[-46.554695207746356,-23.528629427788886],[-46.554583138169114,-23.5287971974916],[-46.55447105852304,-23.528964967222965],[-46.55433669360149,-23.52916581513383],[-46.55416563876556,-23.529421505908545],[-46.55415661113574,-23.529436722273726],[-46.55415174706562,-23.52945203251548],[-46.55415059039959,-23.529473627130354],[-46.55415308113216,-23.52949056166635],[-46.55416138335262,-23.529506137760187],[-46.55417482224032,-23.529522105050443],[-46.55419332147319,-23.529541137346783],[-46.55421390920038,-23.52955370095487],[-46.55423430332617,-23.529560622387244],[-46.554254428340265,-23.529565478504274],[-46.55427559249006,-23.529567082265277],[-46.55430229890756,-23.529565253233816],[-46.55435264436017,-23.52955560240561],[-46.554594592715944,-23.529472804452215],[-46.55468605881023,-23.529439005853632],[-46.554757279901914,-23.529412688145264],[-46.55477351353521,-23.529405608539808],[-46.55479141695671,-23.529395604406556],[-46.55480929510491,-23.529386783528288],[-46.55482793055974,-23.529373232094247],[-46.55485476672689,-23.529352446510405],[-46.55489910375883,-23.529311573654738],[-46.55499422593279,-23.529201813867974],[-46.55509691818073,-23.52908451010097],[-46.55514500057611,-23.529034831072014],[-46.55516512198041,-23.529012721833855],[-46.55519169507876,-23.52898956378606],[-46.55521398686262,-23.52897045809241],[-46.555251789956685,-23.52894781994481],[-46.555485129845806,-23.528848544643616],[-46.555617120372986,-23.52879119320212],[-46.55566949962799,-23.52876843375913],[-46.55595321192372,-23.528644407152164],[-46.55596208422537,-23.528635992261563],[-46.55596937523566,-23.52862636502399],[-46.55597506309256,-23.528616997640622],[-46.55597621951313,-23.528608732140867],[-46.55597493607332,-23.528595370705236],[-46.555926479796554,-23.528416670693076],[-46.55592423019128,-23.528408625900045],[-46.55585658936305,-23.528166735104435],[-46.555807322109246,-23.527981505009596],[-46.555761448961995,-23.527802553325348],[-46.555726603265434,-23.527646040709644],[-46.55570651847915,-23.52753130042042],[-46.55569519162693,-23.52741258040394],[-46.55568964186523,-23.527321237501145],[-46.55568785155659,-23.527302246051537],[-46.55568262927328,-23.527292066620745],[-46.55567603824515,-23.5272854227936],[-46.55566685520393,-23.527279897574946],[-46.55566015333008,-23.52727798687279],[-46.555645105099934,-23.52727590674443],[-46.55562837743668,-23.52727676027553],[-46.55561282219318,-23.527282370225755],[-46.55560209294733,-23.52728777841585],[-46.555589975977625,-23.52729760739374],[-46.55556114102891,-23.52733493900573],[-46.55535949037514,-23.52762946361779]]]}},{"type":"Feature","id":"perimetro_zona_lei_18177_24.552864","properties":{"cd_identificador":552864,"tx_zoneamento_perimetro":"Zona Mista","tx_observacao_perimetro":null,"cd_zoneamento_perimetro":"ZM","cd_tipo_legislacao_zoneamento":"L","cd_numero_legislacao_zoneamento":18177,"an_legislacao_zoneamento":2024,"dt_atualizacao":"2025-03-28T03:00:00Z","cd_usuario_atualizacao":null},"geometry":{"type":"Polygon","coordinates":[[[-46.560822746664044,-23.52829917626406],[-46.56082274664014,-23.528292176232878],[-46.560821746607786,-23.528285176204644],[-46.56081674652139,-23.528272176161305],[-46.56080874641661,-23.528261176135484],[-46.56079674628853,-23.528253176134797],[-46.55994673778133,-23.52785117681585],[-46.55993173764515,-23.52784817684606],[-46.559917737538015,-23.52785117690011],[-46.55991073748947,-23.527854176933847],[-46.55990073743633,-23.527863177003063],[-46.55933373625975,-23.528910183315926],[-46.5593307362756,-23.528922183378153],[-46.55933073629956,-23.528929183409325],[-46.55933373636919,-23.528942183458465],[-46.559336736414934,-23.528948183476462],[-46.559346736532994,-23.528958183491948],[-46.559352736597035,-23.528962183492297],[-46.55936573672322,-23.5289671834768],[-46.5594877378188,-23.528988183215557],[-46.55963173913316,-23.529019182934874],[-46.56030274521504,-23.52915118157148],[-46.560316745335946,-23.529152181535267],[-46.560331745454945,-23.529150181482755],[-46.560351745595405,-23.52914218138889],[-46.56036374566877,-23.529134181318415],[-46.56037574572837,-23.529122181230026],[-46.56050274600045,-23.528890179827282],[-46.56081874667494,-23.52831217633359],[-46.560822746664044,-23.52829917626406]]]}},{"type":"Feature","id":"perimetro_zona_lei_18177_24.552855","properties":{"cd_identificador":552855,"tx_zoneamento_perimetro":"Zona Mista","tx_observacao_perimetro":null,"cd_zoneamento_perimetro":"ZM","cd_tipo_legislacao_zoneamento":"L","cd_numero_legislacao_zoneamento":18177,"an_legislacao_zoneamento":2024,"dt_atualizacao":"2025-03-28T03:00:00Z","cd_usuario_atualizacao":null},"geometry":{"type":"Polygon","coordinates":[[[-46.562413749906945,-23.525344158473946],[-46.562407749791596,-23.525325158406797],[-46.562403749737534,-23.525319158391653],[-46.56239574964302,-23.52531115837933],[-46.56189674406775,-23.52490515802158],[-46.56168074164662,-23.52472715785669],[-46.56160474080035,-23.52466615780589],[-46.56154674016326,-23.524622157778527],[-46.561498739644215,-23.52458815776666],[-46.561449739123695,-23.524556157766522],[-46.5613927385428,-23.52452615779862],[-46.561329737915,-23.524497157852668],[-46.56126173724872,-23.524469157925605],[-46.56118973655908,-23.524444158023584],[-46.561138736079954,-23.524429158105036],[-46.56107673550158,-23.524412158209582],[-46.56101773496552,-23.524400158327694],[-46.56087673372088,-23.52438215865742],[-46.560814733190426,-23.524379158824342],[-46.56075873271706,-23.524378158982707],[-46.56070973231622,-23.524381159138517],[-46.56064773181648,-23.52438715934552],[-46.56058373131027,-23.524396159571747],[-46.56049573062323,-23.52441115989442],[-46.560379729725085,-23.524433160329714],[-46.56036972966171,-23.524439160385505],[-46.56021473102857,-23.525219164311213],[-46.56021915920187,-23.52522454132305],[-46.56024416836283,-23.52525339418561],[-46.560359793787605,-23.525574084047538],[-46.56044596717935,-23.52556482165784],[-46.56045304865814,-23.52572619726673],[-46.560472734934095,-23.52572816582862],[-46.56048081848054,-23.525729409422254],[-46.56048610997665,-23.525729949259667],[-46.560478817325084,-23.525875594937677],[-46.56044625225114,-23.525872168124184],[-46.560413734921234,-23.525869166628375],[-46.5603981119539,-23.525867213811374],[-46.560395119975055,-23.52598687780977],[-46.56045255928488,-23.526306578552305],[-46.56045873690963,-23.526340168595734],[-46.560457736983246,-23.526364168705655],[-46.560456473690465,-23.52639044697102],[-46.560453097542265,-23.52646843786118],[-46.560222672169616,-23.52658661010115],[-46.55990887260206,-23.52661928559201],[-46.55980435311093,-23.526599253222486],[-46.559766731965006,-23.52659217173062],[-46.55957773048514,-23.526623172418322],[-46.55956619928557,-23.526614203800843],[-46.559544691945185,-23.52659864320054],[-46.55953425330548,-23.526552240431673],[-46.55954683388334,-23.52648858190966],[-46.55954972973372,-23.52647217182704],[-46.55955772974622,-23.526456171732494],[-46.559570218048535,-23.526433596641827],[-46.55958329335737,-23.52640870497503],[-46.55960744628682,-23.526239320591127],[-46.559486842472786,-23.526153711299827],[-46.559481728061996,-23.526150170590217],[-46.559468199364815,-23.526146191621688],[-46.559422477894714,-23.526133201408463],[-46.55935772699074,-23.526141170910712],[-46.55931872674893,-23.526166171135493],[-46.55923239962608,-23.52621997795169],[-46.55917281718426,-23.52625749219312],[-46.55914587619457,-23.52626214418272],[-46.559118725416134,-23.526267172166975],[-46.55899672435488,-23.52625617247272],[-46.55894872388032,-23.526235172518742],[-46.5588979692665,-23.526212102520493],[-46.55887157342406,-23.526200366320307],[-46.55882946983678,-23.52615130056865],[-46.558693215975005,-23.52607455088516],[-46.55847465528025,-23.526019395585372],[-46.558974718825134,-23.524693165573243],[-46.55898171884291,-23.524681165499413],[-46.55898330097307,-23.524678001225414],[-46.5582357130141,-23.52480716822979],[-46.558024711373534,-23.524845169012558],[-46.557838709918876,-23.52487616969155],[-46.557629708295046,-23.524914170468456],[-46.557475707088344,-23.52493917102758],[-46.55744170684405,-23.52495117117999],[-46.55742970677411,-23.52496017125495],[-46.55741870671599,-23.524970171331482],[-46.55740970667811,-23.52498117140663],[-46.55740270666039,-23.524993171480475],[-46.55739670665793,-23.525007171560297],[-46.5573927066757,-23.525022171638746],[-46.55739170671855,-23.52503717170847],[-46.55739270677483,-23.52505117176798],[-46.55740170694266,-23.525078171862045],[-46.55758670971587,-23.525435172914733],[-46.557680711109924,-23.525612173430055],[-46.55781671314021,-23.525872174192983],[-46.55794471503847,-23.526113174894554],[-46.55785671459419,-23.526199175533517],[-46.55777671339965,-23.526046175084456],[-46.55768571202044,-23.52586617454717],[-46.55756671027642,-23.525648173921944],[-46.557557710173576,-23.525640173912407],[-46.557546710071,-23.52563717393108],[-46.55753470997372,-23.5256381739704],[-46.5575247099069,-23.525643174021724],[-46.5575207098836,-23.52564617404677],[-46.556644707002576,-23.526953182416868],[-46.556560706714876,-23.527075183204644],[-46.55652270661149,-23.527138183595863],[-46.55649970657579,-23.527184183867615],[-46.556487706577705,-23.527214184036232],[-46.55647370661417,-23.527259184277433],[-46.55646470665484,-23.527293184455075],[-46.55645870674133,-23.52733318465065],[-46.556453706853254,-23.52737818486573],[-46.55645370693871,-23.52740318497713],[-46.55646770750771,-23.527535185524435],[-46.55651270844272,-23.527698186119824],[-46.55666671175971,-23.528290188309384],[-46.55667271184427,-23.528300188336512],[-46.55667971192699,-23.528307188347398],[-46.556690712036385,-23.52831218833765],[-46.55669871211032,-23.52831418832328],[-46.55670671217399,-23.528313188295595],[-46.556944713812065,-23.52820818713576],[-46.55720271559736,-23.528097185891017],[-46.55724971595077,-23.528085185700892],[-46.55729271628762,-23.528078185544626],[-46.55732571656109,-23.528077185444214],[-46.55736171687006,-23.528079185348425],[-46.55739771719263,-23.528085185270477],[-46.55742771747862,-23.528095185227837],[-46.557650719767146,-23.528217185122855],[-46.557671719987795,-23.528230185119675],[-46.55769592701387,-23.528159474644745],[-46.55770936500828,-23.528119586667096],[-46.55773496931113,-23.528061076089692],[-46.55778271996498,-23.527951183554055],[-46.557824668946004,-23.527919721740076],[-46.55782702616982,-23.527917939875827],[-46.55783018493764,-23.52791587346205],[-46.55783572027638,-23.527912183226167],[-46.55782572017535,-23.527907183232962],[-46.55781172000656,-23.527892183206813],[-46.557805719915166,-23.527880183170804],[-46.55780371985052,-23.52786618311426],[-46.55780571982285,-23.52785318305053],[-46.55783171980499,-23.52778418266753],[-46.557843719881774,-23.52777718260146],[-46.55785871999735,-23.527774182544473],[-46.557894720302876,-23.52777518244424],[-46.55793072062545,-23.52778118236635],[-46.55797172101398,-23.527794182305012],[-46.55800972139444,-23.527812182274737],[-46.55804472177359,-23.52783718228426],[-46.55807472212453,-23.527866182326274],[-46.55818572353478,-23.528006182627184],[-46.55845572704876,-23.528371183468064],[-46.55849472753337,-23.5284171835596],[-46.55854572814256,-23.528470183647386],[-46.55859172867572,-23.528513183705172],[-46.55872994740012,-23.528631513630113],[-46.55878628523284,-23.52855947197098],[-46.55879873051523,-23.528543183236845],[-46.55911404163,-23.52800902537732],[-46.55954054795031,-23.527285729521836],[-46.55983828057655,-23.52738800186783],[-46.55999073674475,-23.52744017485691],[-46.560014736973564,-23.527448174822798],[-46.560425737857116,-23.526698170286533],[-46.56043073788533,-23.526694170254224],[-46.56044473800621,-23.52669517021795],[-46.560478738377036,-23.526720170230476],[-46.56048373841896,-23.526720170215942],[-46.56048873844729,-23.52671617018353],[-46.560516738757464,-23.526738170200133],[-46.560516738771156,-23.52674217021797],[-46.56050673872144,-23.52675217029158],[-46.560494738678834,-23.526769170402236],[-46.56003573773122,-23.527618175519024],[-46.559976737578154,-23.527718176136105],[-46.55997173757721,-23.527730176204113],[-46.559971737625084,-23.527744176266417],[-46.55997673770808,-23.52775617630533],[-46.55998073776218,-23.527762176320426],[-46.55999273789028,-23.527770176321166],[-46.560836746347164,-23.52817217565764],[-46.56085074647826,-23.52817617563469],[-46.56086574660416,-23.52817617559108],[-46.56087974671138,-23.52817317553702],[-46.56089274679654,-23.528166175468073],[-46.5609027468496,-23.528157175398878],[-46.560906746862685,-23.528151175360524],[-46.56094774696382,-23.528080174924977],[-46.56118374744933,-23.527643172292024],[-46.56174174858799,-23.52660716605441],[-46.562028749186894,-23.526078162863318],[-46.56240874995732,-23.52537115860876],[-46.56241274994639,-23.525358158539216],[-46.562413749906945,-23.525344158473946]]]}},{"type":"Feature","id":"perimetro_zona_lei_18177_24.553685","properties":{"cd_identificador":553685,"tx_zoneamento_perimetro":"Zona Mista","tx_observacao_perimetro":null,"cd_zoneamento_perimetro":"ZM","cd_tipo_legislacao_zoneamento":"L","cd_numero_legislacao_zoneamento":18177,"an_legislacao_zoneamento":2024,"dt_atualizacao":"2025-03-28T03:00:00Z","cd_usuario_atualizacao":null},"geometry":{"type":"Polygon","coordinates":[[[-46.55926073758317,-23.529476186049497],[-46.55925873753566,-23.529467186015214],[-46.55908073471486,-23.529079184804477],[-46.55906573450695,-23.529055184741207],[-46.559041734196114,-23.529023184668414],[-46.558967733369876,-23.528963184616373],[-46.558954733236845,-23.528956184622963],[-46.558940733112614,-23.528954184654786],[-46.558933733057216,-23.52895518467959],[-46.558920732965284,-23.528960184739706],[-46.55881673254754,-23.529093185634622],[-46.55881173254998,-23.529106185707036],[-46.55881073256554,-23.52911318574109],[-46.55881273262684,-23.529126185793217],[-46.55881473266407,-23.529132185814106],[-46.558823732777256,-23.529143185836965],[-46.55921673726871,-23.529492186248763],[-46.559222737332774,-23.529496186249112],[-46.55922973739833,-23.52949818623766],[-46.55923673745709,-23.52949818621729],[-46.55924373751244,-23.529497186192483],[-46.55925073755741,-23.529493186154294],[-46.559255737582255,-23.529488186117494],[-46.559258737586994,-23.52948218608208],[-46.55926073758317,-23.529476186049497]]]}},{"type":"Feature","id":"perimetro_zona_lei_18177_24.556478","properties":{"cd_identificador":556478,"tx_zoneamento_perimetro":"Zona Predominantemente Industrial 1","tx_observacao_perimetro":null,"cd_zoneamento_perimetro":"ZPI-1","cd_tipo_legislacao_zoneamento":"L","cd_numero_legislacao_zoneamento":18177,"an_legislacao_zoneamento":2024,"dt_atualizacao":"2025-03-28T03:00:00Z","cd_usuario_atualizacao":null},"geometry":{"type":"Polygon","coordinates":[[[-46.55782310195033,-23.52165586842717],[-46.557978038697506,-23.52174225786492],[-46.55798453237973,-23.521745082072307],[-46.558004094174045,-23.52175355388468],[-46.5580109023392,-23.521755652642284],[-46.55801802073566,-23.521756664842872],[-46.55802529105934,-23.521756862933916],[-46.55803238288723,-23.521755618209376],[-46.55803913685264,-23.521753112839832],[-46.55804506847974,-23.52174935167449],[-46.558050018402106,-23.521744516884105],[-46.558053828316105,-23.521738880916143],[-46.55805617842643,-23.521732717834446],[-46.55805698905007,-23.521726118724363],[-46.558057556373036,-23.52171943176209],[-46.558057639220515,-23.521712749649165],[-46.55805780701707,-23.52169270411868],[-46.55805829779735,-23.521672655355236],[-46.558058623945335,-23.52166606109455],[-46.55806016442219,-23.521646001823925],[-46.55806292135264,-23.521612658097283],[-46.55806608201137,-23.521579310329262],[-46.55807126868155,-23.52152598871786],[-46.55807345514657,-23.521512784839796],[-46.55807806925015,-23.52148628438186],[-46.55807952690098,-23.521479769082674],[-46.55808292667682,-23.521466733634885],[-46.558086813052114,-23.52145387389145],[-46.55809118496407,-23.521441099575412],[-46.55809604347533,-23.52142850096378],[-46.55810138752288,-23.521415987779445],[-46.558107138486406,-23.52140374138474],[-46.55811345679466,-23.521391669885944],[-46.55812018201878,-23.521379865176588],[-46.55812731203298,-23.52136814670263],[-46.558135011517095,-23.521356783678495],[-46.55814303717119,-23.521345688251817],[-46.55815154942356,-23.52133476852921],[-46.55816038890862,-23.52132420668082],[-46.558165175194674,-23.52131919295019],[-46.55817523755365,-23.521309612023746],[-46.55819536120458,-23.52129035989198],[-46.5582060759015,-23.52128131415921],[-46.55822766997075,-23.521263491905835],[-46.558238875514284,-23.52125498298299],[-46.55825032648189,-23.521246742465316],[-46.55826202393637,-23.521238860629886],[-46.558273967877774,-23.521231337476376],[-46.558286156180515,-23.521223992451016],[-46.55829859203317,-23.52121709638467],[-46.55831119256439,-23.52121046953149],[-46.55832403958283,-23.521204201360266],[-46.55833705234289,-23.521198292679145],[-46.55835023084466,-23.521192743488072],[-46.558363574025236,-23.52118746351015],[-46.55837708401065,-23.52118263329921],[-46.558390758675124,-23.52117807230135],[-46.55840460014452,-23.521173961070296],[-46.558418526610524,-23.521170210137566],[-46.558432538073234,-23.521166819503048],[-46.55843962986485,-23.521165574761728],[-46.558468161709825,-23.521160865007467],[-46.558482592843184,-23.521158824480917],[-46.55849694960863,-23.521157326423317],[-46.558511472116955,-23.521156187855304],[-46.5585259191946,-23.521155501479285],[-46.55854045126997,-23.521155175401283],[-46.55855498866045,-23.52115530070677],[-46.55856945062067,-23.521155878204166],[-46.55858391789652,-23.521156907085054],[-46.5585983894248,-23.52115829707241],[-46.558612784460216,-23.521160048974835],[-46.55862710512918,-23.52116234334612],[-46.55864126855995,-23.52116500044094],[-46.558655436243654,-23.52116801864225],[-46.558669447752656,-23.521171489844182],[-46.558683302023816,-23.52117532376974],[-46.55869708086603,-23.521179609887312],[-46.558710702470535,-23.521184258728475],[-46.5587240871553,-23.52118936137896],[-46.55873731460256,-23.52119482675321],[-46.558750226511016,-23.52120092729932],[-46.55876963421695,-23.521210032573542],[-46.55878199047823,-23.521216951269505],[-46.5588066222589,-23.5212307894669],[-46.55881866192099,-23.52123825305586],[-46.55883038391839,-23.52124617126316],[-46.55884186687007,-23.521254362726108],[-46.55885303109389,-23.521262918530596],[-46.558863876589676,-23.521271838676505],[-46.558874402294464,-23.52128103288699],[-46.558884609271274,-23.521290591439115],[-46.5588944157114,-23.521300424864616],[-46.558903902360335,-23.52131053235488],[-46.558913069218065,-23.521320913909967],[-46.55892183553897,-23.52133157033872],[-46.55893020132311,-23.521342501641026],[-46.55893824625261,-23.521353616731513],[-46.558945809899456,-23.521365007504365],[-46.55895297194601,-23.521376582874147],[-46.558959732392125,-23.5213883428409],[-46.558966092301105,-23.521400377681587],[-46.55897196986375,-23.521412597928084],[-46.55898034423527,-23.521431113298945],[-46.5589970133034,-23.52146823512454],[-46.55899950904948,-23.52147443997194],[-46.55900708022527,-23.521493324535818],[-46.55900981820968,-23.521499526956756],[-46.559013998984,-23.52150481205116],[-46.559020647784706,-23.521507092935877],[-46.559026340323946,-23.521503604992137],[-46.559030637853404,-23.521498234980985],[-46.559034121544464,-23.521492331395542],[-46.559044655488435,-23.521474800383864],[-46.55906555974996,-23.52143955942233],[-46.559107531859155,-23.521369256428578],[-46.55911425592739,-23.521357361404085],[-46.5591276233146,-23.521333572163073],[-46.55915776207368,-23.521280181176106],[-46.55921812026711,-23.521173398378732],[-46.55923230039169,-23.52115005242667],[-46.559253693283004,-23.52111516769866],[-46.55929988089212,-23.521039405176477],[-46.55939233670263,-23.52088787928846],[-46.559488355642614,-23.520730358674026],[-46.559506344434425,-23.52070128642475],[-46.55953527289058,-23.520654859642946],[-46.559593129743924,-23.520562006065738],[-46.559607390486605,-23.520538659275733],[-46.559632185018266,-23.520497781439303],[-46.56026286739173,-23.519469225248027],[-46.56032904803639,-23.51935642473177],[-46.560400466963145,-23.51922217352754],[-46.56044480413961,-23.519119704131704],[-46.56047571153217,-23.5190356977275],[-46.560491237623516,-23.51897586200182],[-46.560492289284824,-23.51896917017899],[-46.560495039483165,-23.51894900848084],[-46.560497708795204,-23.51892198573766],[-46.56049908527786,-23.518901747522456],[-46.56049997715434,-23.518874652309446],[-46.56049989917895,-23.51885433838663],[-46.56049925599521,-23.51883403012967],[-46.560498013546464,-23.51881083867754],[-46.56049632175537,-23.518790631219648],[-46.56049406475669,-23.518770429427537],[-46.560491242550775,-23.518750233301162],[-46.56048785726645,-23.518730223394236],[-46.56048382603125,-23.518710219962358],[-46.560479230653876,-23.518690312472955],[-46.56047407219874,-23.518670591202817],[-46.560468349601784,-23.518650965875107],[-46.560462063927616,-23.518631526766434],[-46.56045521411209,-23.51861218360004],[-46.56044780121977,-23.518593026652603],[-46.56043982631493,-23.51857414620104],[-46.56043128726945,-23.518555361691362],[-46.56042408695426,-23.518540536415532],[-46.56041474473147,-23.51852212110587],[-46.56040500092032,-23.51850389039609],[-46.5603946950976,-23.518485936181698],[-46.56038390694298,-23.518468167376348],[-46.560372638584965,-23.518450764533704],[-46.56036088789537,-23.518433547099793],[-46.56034873668238,-23.51841660454223],[-46.56033602452239,-23.518400028756293],[-46.56032299151865,-23.518383636760273],[-46.56030481313241,-23.518362330517924],[-46.56028591444272,-23.518341573218247],[-46.560273569965325,-23.518328785819918],[-46.56026930531511,-23.51832323073315],[-46.560260616656365,-23.518312302731456],[-46.56024702378507,-23.51829636777742],[-46.56023270954378,-23.518280891489905],[-46.56021783648405,-23.518265962527174],[-46.56020224311848,-23.51825158250749],[-46.56018609093445,-23.518237749812158],[-46.56016938099596,-23.518224554718064],[-46.560152112238875,-23.518211906947975],[-46.56013428679125,-23.51819998705568],[-46.56011606401211,-23.5181886128687],[-46.56009728454211,-23.518177966559094],[-46.560080546010234,-23.518169195833305],[-46.56006723488937,-23.518163460536442],[-46.560053766538,-23.518158087964444],[-46.560040062340214,-23.518153259480236],[-46.56002612123201,-23.518148884806866],[-46.56001210470052,-23.518144962326073],[-46.55999785125835,-23.51814149365601],[-46.55998352345653,-23.51813856745538],[-46.55996904055125,-23.518136184533194],[-46.5599545629657,-23.518134252994354],[-46.559939929212575,-23.518132774457026],[-46.559925301842746,-23.51813183757994],[-46.55991060011251,-23.518131443172116],[-46.559895903701346,-23.518131500147735],[-46.559881213673066,-23.518132098783536],[-46.559866609707356,-23.51813314799362],[-46.55985201212408,-23.518134738864003],[-46.5598375016669,-23.518136870585653],[-46.55982307727161,-23.518139452881655],[-46.55981416188362,-23.518141339871928],[-46.55915877100084,-23.51931276886573],[-46.55912554149495,-23.51937787159608],[-46.55905596670517,-23.519514193413762],[-46.559058415172586,-23.519519846332706],[-46.55906133259025,-23.519526484559577],[-46.55828336541105,-23.520901210612056],[-46.55786678383954,-23.521637349062395],[-46.55779778898935,-23.521641167924976],[-46.55782310195033,-23.52165586842717]]]}},{"type":"Feature","id":"perimetro_zona_lei_18177_24.558865","properties":{"cd_identificador":558865,"tx_zoneamento_perimetro":"Zona Mista","tx_observacao_perimetro":null,"cd_zoneamento_perimetro":"ZM","cd_tipo_legislacao_zoneamento":"L","cd_numero_legislacao_zoneamento":18177,"an_legislacao_zoneamento":2024,"dt_atualizacao":"2025-03-28T03:00:00Z","cd_usuario_atualizacao":null},"geometry":{"type":"Polygon","coordinates":[[[-46.55566702866751,-23.5262527751543],[-46.55534389250955,-23.52606496545541],[-46.55530777612417,-23.526003585306075],[-46.555092409644494,-23.52587852208255],[-46.55507907807528,-23.52586963131004],[-46.554992629166506,-23.526022018297983],[-46.5549018446871,-23.526182047382754],[-46.5548335347829,-23.52630448476767],[-46.55474393531767,-23.52646508078317],[-46.55470538092852,-23.526531253649],[-46.55458309181876,-23.526741122009657],[-46.55449981086459,-23.526884045486657],[-46.554498141094726,-23.526900308164286],[-46.554500026632034,-23.5269157496701],[-46.55450556217591,-23.526925926016542],[-46.55451755283008,-23.526935351562027],[-46.55479777556338,-23.527093847311512],[-46.55487872393845,-23.527134877215076],[-46.554909593775385,-23.52714734704979],[-46.55494177844693,-23.52715835884983],[-46.55496511617667,-23.527163273096996],[-46.55498623869572,-23.527166367237875],[-46.555053003712665,-23.527168896951174],[-46.55507900627018,-23.527169720797158],[-46.55510395337244,-23.527160738955764],[-46.55512179335512,-23.527153697456768],[-46.555137741281094,-23.52714483262627],[-46.555154110754344,-23.527131836611233],[-46.555172197515574,-23.52711412753771],[-46.55518847513151,-23.52709165033894],[-46.55530189449059,-23.52691906898346],[-46.555350437972535,-23.52684520399759],[-46.5555521921798,-23.52653125363045],[-46.55557425547396,-23.526496915612885],[-46.555649973725316,-23.52638415316438],[-46.55571745714273,-23.526283654143665],[-46.55566702866751,-23.5262527751543]]]}},{"type":"Feature","id":"perimetro_zona_lei_18177_24.558880","properties":{"cd_identificador":558880,"tx_zoneamento_perimetro":"Zona Mista","tx_observacao_perimetro":null,"cd_zoneamento_perimetro":"ZM","cd_tipo_legislacao_zoneamento":"L","cd_numero_legislacao_zoneamento":18177,"an_legislacao_zoneamento":2024,"dt_atualizacao":"2025-03-28T03:00:00Z","cd_usuario_atualizacao":null},"geometry":{"type":"Polygon","coordinates":[[[-46.55482835276221,-23.525808690159625],[-46.55475182473501,-23.52594318483505],[-46.554660826147526,-23.526103110488712],[-46.55456982734883,-23.52626303610657],[-46.55456296976161,-23.526281210902884],[-46.55455999546015,-23.526297306000785],[-46.55456350281673,-23.526310744581245],[-46.55457058557402,-23.526320905472335],[-46.554700211905036,-23.526388062352776],[-46.55470941123395,-23.526371643180788],[-46.554799337232986,-23.526211202435817],[-46.554889263022645,-23.526050761647248],[-46.554972969794115,-23.525901416139835],[-46.554983109315465,-23.525883334965346],[-46.55482835276221,-23.525808690159625]]]}},{"type":"Feature","id":"perimetro_zona_lei_18177_24.559003","properties":{"cd_identificador":559003,"tx_zoneamento_perimetro":"Zona Mista","tx_observacao_perimetro":null,"cd_zoneamento_perimetro":"ZM","cd_tipo_legislacao_zoneamento":"L","cd_numero_legislacao_zoneamento":18177,"an_legislacao_zoneamento":2024,"dt_atualizacao":"2025-03-28T03:00:00Z","cd_usuario_atualizacao":null},"geometry":{"type":"Polygon","coordinates":[[[-46.553659688442316,-23.529477662441362],[-46.55367352669679,-23.52947319047334],[-46.55367634237401,-23.529472259485033],[-46.55368598158457,-23.529467829439152],[-46.553698855245074,-23.529456866387918],[-46.553712356886535,-23.52944436217548],[-46.55372389400151,-23.529429620384967],[-46.553729653630974,-23.52939742047175],[-46.55376905521189,-23.52933472858346],[-46.553816861533754,-23.529258770768195],[-46.55392651859202,-23.529092449408797],[-46.55404659887814,-23.52891284189471],[-46.55408342342376,-23.52885766954589],[-46.5541937461396,-23.528686194974995],[-46.55420588035798,-23.528667293957046],[-46.554355030703576,-23.528453086592602],[-46.554505428448955,-23.52821448897452],[-46.554676719195896,-23.527946429310795],[-46.55484937009944,-23.527691086448414],[-46.55485063981608,-23.52768917772214],[-46.55496139726017,-23.527520497240943],[-46.55496659941902,-23.527509610745426],[-46.55497060636524,-23.527493228645532],[-46.5549719623675,-23.527478046772487],[-46.554968810304786,-23.527457221820782],[-46.55496323033467,-23.527442831550452],[-46.55495426737313,-23.527429197382475],[-46.554941350869655,-23.527415873578526],[-46.554922804182105,-23.52740450206711],[-46.55480249397155,-23.527337536904454],[-46.55454122991471,-23.52719243624425],[-46.55428362240278,-23.527049194640558],[-46.554279801733735,-23.527047065893996],[-46.55381210436275,-23.526783762278754],[-46.55354271027426,-23.52663386547141],[-46.55352287606457,-23.52662286778523],[-46.553408905930986,-23.526559269122256],[-46.55338581846489,-23.52654631755991],[-46.55337150700997,-23.52653797336055],[-46.55329533117077,-23.526494944123012],[-46.55328329871492,-23.526488112060186],[-46.553250470524766,-23.526470923883636],[-46.55324197704273,-23.526469744622936],[-46.55323398289086,-23.526469824406185],[-46.553218106067355,-23.526472601202546],[-46.55320703688232,-23.526479031813043],[-46.55319391166881,-23.526489184737887],[-46.553185667424216,-23.52650235873231],[-46.55318440193173,-23.526504628554445],[-46.55317981597812,-23.52651298079083],[-46.55317413535258,-23.52653127559953],[-46.55317335753304,-23.52653381141783],[-46.55316452006056,-23.526558367582876],[-46.55315600452171,-23.526582830246927],[-46.55314898379047,-23.526610799213525],[-46.5531479827966,-23.526614962437634],[-46.55314024269203,-23.526746769446394],[-46.553135411901565,-23.526837466513207],[-46.55313508423636,-23.526850832363596],[-46.55313629377137,-23.526871315602065],[-46.553138454283896,-23.52689025445894],[-46.553143231623984,-23.52691196611926],[-46.553155884027696,-23.526971610311197],[-46.553163407485684,-23.52700710858327],[-46.553178721674634,-23.527128392707755],[-46.55318420331576,-23.527189462774256],[-46.55318958388307,-23.527324479474487],[-46.55319589298576,-23.52746291783736],[-46.55320080458929,-23.527647416869332],[-46.55320739864971,-23.52788580085745],[-46.55320799601392,-23.52805363971418],[-46.553202241458784,-23.528196351697893],[-46.55320080705861,-23.52823239080198],[-46.55319166781636,-23.528430753779524],[-46.55319063016081,-23.528452433180718],[-46.553178765739524,-23.528645676954504],[-46.553170066906056,-23.528860919324902],[-46.553164493347374,-23.52902593054764],[-46.55316477884449,-23.529036491356937],[-46.553166176863066,-23.529079905778524],[-46.553169264904994,-23.52910217601515],[-46.553174852183865,-23.529117198293193],[-46.55318120881722,-23.529128962535673],[-46.553189451331626,-23.52914314572277],[-46.55320297231529,-23.529159804280766],[-46.553227155366706,-23.529183489146103],[-46.55330232290906,-23.529243683060333],[-46.55334911898105,-23.5292811367803],[-46.55335686343515,-23.5292872893257],[-46.553402926421235,-23.52932420861946],[-46.55342045424871,-23.529338208816668],[-46.553447589109666,-23.5293587943974],[-46.55355547733054,-23.529440691731903],[-46.553560692026096,-23.52944461232973],[-46.55360430097622,-23.529471985565262],[-46.55361437556592,-23.529477121669345],[-46.55362724781187,-23.529479792075072],[-46.553642434268625,-23.529480091895863],[-46.553659688442316,-23.529477662441362]]]}},{"type":"Feature","id":"perimetro_zona_lei_18177_24.500025","properties":{"cd_identificador":500025,"tx_zoneamento_perimetro":"Clubes Esportivos Sociais","tx_observacao_perimetro":null,"cd_zoneamento_perimetro":"AC-1","cd_tipo_legislacao_zoneamento":"L","cd_numero_legislacao_zoneamento":18177,"an_legislacao_zoneamento":2024,"dt_atualizacao":"2025-03-28T03:00:00Z","cd_usuario_atualizacao":null},"geometry":{"type":"Polygon","coordinates":[[[-46.57075009554772,-23.526943821606523],[-46.570769921626436,-23.526872384912455],[-46.570771938568896,-23.526865412442064],[-46.57077688677945,-23.526846853626296],[-46.57077762497586,-23.52683420596961],[-46.57077711084831,-23.526824911578586],[-46.57077408815764,-23.526815191070636],[-46.57076712272103,-23.52680668409037],[-46.570758734890525,-23.52680080979422],[-46.57074679626877,-23.526795151909717],[-46.57063688402638,-23.52676791102337],[-46.57054680557087,-23.526744713402596],[-46.570436854830746,-23.526714222420534],[-46.57003080476885,-23.526598688729706],[-46.56991101620995,-23.5265626085158],[-46.56981018067301,-23.52653121254285],[-46.56977589343482,-23.526520543345704],[-46.569649303935506,-23.52648299663863],[-46.569546593095204,-23.526450084520043],[-46.569462492970956,-23.526420234992912],[-46.56934237894505,-23.526377115204312],[-46.56921269172663,-23.526330299780827],[-46.569125381539905,-23.526295336058197],[-46.56904315486461,-23.5262668217153],[-46.5689238800898,-23.526219539916113],[-46.56878591188359,-23.526169015538024],[-46.56863994804698,-23.526111619502903],[-46.56851165698758,-23.52605991388689],[-46.56840280977943,-23.526013429451105],[-46.56826331460685,-23.52594305677882],[-46.56808404813093,-23.525848977990485],[-46.56782510655155,-23.525709925977356],[-46.567651973246775,-23.525615423728038],[-46.567457770352966,-23.525507951528446],[-46.56724673000724,-23.525390265583706],[-46.567031422154734,-23.525273615462442],[-46.566701795693824,-23.525091574077816],[-46.56651462087572,-23.524990982004518],[-46.56637658497831,-23.524914092164654],[-46.566244437852674,-23.524843463048065],[-46.56611524050911,-23.52477641562448],[-46.565911158921054,-23.524666512732093],[-46.56577880314592,-23.52459868420358],[-46.565665889242204,-23.52454275848883],[-46.565575363577516,-23.524502046628008],[-46.56546716029519,-23.524455192401607],[-46.565377228810135,-23.524416912202536],[-46.56529056891061,-23.524382120254234],[-46.565201088239185,-23.524347808059364],[-46.565118261983876,-23.52431622780371],[-46.5650220189153,-23.52428369896357],[-46.564917676616204,-23.524249174886194],[-46.564777441671936,-23.524204718830205],[-46.5646758854548,-23.524173597495565],[-46.564605217759215,-23.524152638925873],[-46.56454752619521,-23.524136335117717],[-46.564503306975496,-23.524125674259555],[-46.56445778086651,-23.524113762501187],[-46.56441671400009,-23.52410334079382],[-46.564328282008944,-23.524082560647862],[-46.56418082533564,-23.524048830534547],[-46.564093544142494,-23.524029754147406],[-46.56399445149042,-23.524008900362944],[-46.56390209608018,-23.52399095830347],[-46.563804262692095,-23.523974154676118],[-46.563711785300136,-23.523959554361646],[-46.56361773458388,-23.52394849100679],[-46.56350058701852,-23.523937388749978],[-46.563373022029374,-23.523926300755065],[-46.56326373361864,-23.523917376562167],[-46.563177823773934,-23.523911828993953],[-46.56307852271618,-23.523907499310994],[-46.56294626726115,-23.523902687901707],[-46.56283036429587,-23.523901233394984],[-46.56276252289467,-23.5239007408415],[-46.562671047116766,-23.523902562161155],[-46.562581447703245,-23.523905989763644],[-46.562331004586255,-23.523918254917422],[-46.562236819607364,-23.523923172950845],[-46.562059202838164,-23.523934074664915],[-46.56188045876353,-23.52394525835227],[-46.56169201113832,-23.523955365461376],[-46.561300277449824,-23.52397735302137],[-46.56113524850609,-23.52398740511452],[-46.5609846796648,-23.523997853735963],[-46.560855921056955,-23.524008805792835],[-46.56076127271421,-23.524015533334616],[-46.560647571205955,-23.524022722729818],[-46.560623454399554,-23.524025221736206],[-46.560596523149385,-23.52402874212121],[-46.56055890042092,-23.524036432638198],[-46.56045769600528,-23.52406245697283],[-46.56031519166274,-23.524099368630463],[-46.56028143518449,-23.524106207735063],[-46.560258463716,-23.524109959229527],[-46.56020194819922,-23.52411801962802],[-46.56011680768216,-23.524122936010283],[-46.560111006647055,-23.52412407760827],[-46.56011176104422,-23.524126417522258],[-46.56018357840002,-23.5241284965479],[-46.560282041157016,-23.52412335629021],[-46.56035772784175,-23.524117992869552],[-46.560396956126446,-23.52411633556733],[-46.56044929847132,-23.5241173456899],[-46.56050202022621,-23.524123137229385],[-46.560545679124665,-23.524127394443703],[-46.56062244990568,-23.524138632927745],[-46.56070919413924,-23.524153292577818],[-46.56079575044944,-23.52417255872625],[-46.56090714963213,-23.524202951909608],[-46.560967612892895,-23.524221486476314],[-46.561044316157776,-23.524247532575355],[-46.5611293302312,-23.52427981540103],[-46.561186383187795,-23.52430362076054],[-46.56123778065118,-23.52432721196573],[-46.56131225205563,-23.52436257992668],[-46.56139263104853,-23.52440583388457],[-46.561501442354164,-23.52447011039546],[-46.561588466417895,-23.52452214575131],[-46.56177129543756,-23.52467226509569],[-46.56210228097951,-23.52494269506671],[-46.56236543543673,-23.525158729855722],[-46.562616079596665,-23.525361617508153],[-46.56286233853351,-23.525562381855472],[-46.56308645981357,-23.52574856097451],[-46.56332872511137,-23.525946114274536],[-46.5636400507114,-23.526199312669522],[-46.56392146107523,-23.526428975127864],[-46.564045987023164,-23.52653119307995],[-46.56413104342057,-23.52660103328739],[-46.564350473754544,-23.526779492839164],[-46.564528492499164,-23.526925232901426],[-46.56455638294329,-23.5269481563718],[-46.564573094446175,-23.526961350898517],[-46.56458996638271,-23.526974453523014],[-46.56460699768531,-23.52698737396862],[-46.5646241872865,-23.52700002195869],[-46.56464740034816,-23.527016672319924],[-46.56466034404198,-23.527025390348697],[-46.564678569510846,-23.527036854181993],[-46.56469711157308,-23.527047773105785],[-46.56471613065881,-23.527058055219708],[-46.56473546633757,-23.527067792423708],[-46.56475511860928,-23.52707698471793],[-46.564775085338376,-23.527085451548903],[-46.56479544940888,-23.52709337265789],[-46.56481596750612,-23.527100660203775],[-46.56483680112753,-23.527107312562876],[-46.56485081980879,-23.527111324823096],[-46.56491685335632,-23.527129530894467],[-46.565790144379356,-23.527297439367445],[-46.56613706602582,-23.527364192075797],[-46.56623950698662,-23.52738112831074],[-46.56651929915767,-23.527391674727408],[-46.566958181819054,-23.527429149667594],[-46.566978310787924,-23.52743084302637],[-46.56744012315646,-23.52746781485504],[-46.567496384399846,-23.52747230427836],[-46.567839172271015,-23.527503611870742],[-46.56798162330987,-23.527516622656872],[-46.56816116280541,-23.52753133620104],[-46.568584185038205,-23.527566077135262],[-46.56876346846255,-23.527579618824916],[-46.568848247041245,-23.52758490373356],[-46.56890990462336,-23.527588164506827],[-46.56903332241015,-23.527589719147368],[-46.56906698514213,-23.527588567166998],[-46.56914892083263,-23.527585664436273],[-46.569235361333924,-23.527581271643154],[-46.56934482217621,-23.52757041684584],[-46.569420209038846,-23.527560086172738],[-46.569480581920104,-23.527550358316056],[-46.56956140293284,-23.527535187549592],[-46.570304928813556,-23.527383859448104],[-46.57048022910661,-23.52734760082361],[-46.57062805930269,-23.527317126762096],[-46.57063455816654,-23.52731353997339],[-46.57064047357035,-23.527308424190757],[-46.57064547073075,-23.527300789634097],[-46.570652544160616,-23.52728437626563],[-46.570698346997936,-23.527128981188763],[-46.570701841375154,-23.52711720858705],[-46.57072949411344,-23.527017974739408],[-46.57075009554772,-23.526943821606523]]]}},{"type":"Feature","id":"perimetro_zona_lei_18177_24.503589","properties":{"cd_identificador":503589,"tx_zoneamento_perimetro":null,"tx_observacao_perimetro":null,"cd_zoneamento_perimetro":"Praça/Canteiro","cd_tipo_legislacao_zoneamento":"L","cd_numero_legislacao_zoneamento":18177,"an_legislacao_zoneamento":2024,"dt_atualizacao":"2025-03-28T03:00:00Z","cd_usuario_atualizacao":null},"geometry":{"type":"Polygon","coordinates":[[[-46.58480981060179,-23.528486401320958],[-46.584733615407295,-23.528472156064456],[-46.584684233192014,-23.528476419424194],[-46.58458639315491,-23.52856752696269],[-46.58449846949567,-23.52854980640159],[-46.58454254439969,-23.528458994332578],[-46.58452093324807,-23.528430879808894],[-46.58446940734508,-23.52840224390042],[-46.58416179223427,-23.52833527668135],[-46.583824224385666,-23.528261103083135],[-46.58340732772052,-23.52813766522117],[-46.58275040067597,-23.527967871837827],[-46.581843928841366,-23.5277279634629],[-46.581420878797665,-23.527626386678204],[-46.580618341871165,-23.52741245284684],[-46.58001388910478,-23.52727088212756],[-46.57834415981554,-23.52684868293544],[-46.57786783871177,-23.5267243519709],[-46.57738200269109,-23.52661401042862],[-46.57707825184252,-23.52654725236062],[-46.57673663647231,-23.526480877306042],[-46.576452411622974,-23.526425753482577],[-46.576186626462764,-23.52640497277902],[-46.575968610569014,-23.526383086085566],[-46.575814363487794,-23.526383401272877],[-46.57579228955695,-23.526461962272126],[-46.57576043405465,-23.526462284812204],[-46.57574349579325,-23.526377590689833],[-46.575591180784826,-23.526369340595753],[-46.575300786498964,-23.526359223989633],[-46.57501762661132,-23.526362089878546],[-46.57447293204509,-23.526400241974187],[-46.57362446079789,-23.52649368906944],[-46.57285669565742,-23.52657980104442],[-46.572563764065244,-23.526605293134967],[-46.5722921641219,-23.52659802310241],[-46.57215227879066,-23.526594935346225],[-46.57201239345793,-23.526591847463802],[-46.57169726390855,-23.526573989558777],[-46.57118622564191,-23.526524071666792],[-46.57081620914445,-23.526460211053703],[-46.570622963212,-23.526404191434704],[-46.5703531170698,-23.526332196542928],[-46.56951106456185,-23.526072811295343],[-46.569298916139836,-23.52600586378673],[-46.56908676791652,-23.52593891597686],[-46.56878797974434,-23.52581789338798],[-46.5685103516707,-23.525690128805678],[-46.56808429907871,-23.52545516929524],[-46.5670180412496,-23.52488120816515],[-46.566002016869874,-23.524318364539674],[-46.56568460886517,-23.52416609482551],[-46.56559766155048,-23.524123930211967],[-46.5655107142891,-23.52408176554666],[-46.5651125970242,-23.52394215014535],[-46.56484290406445,-23.523886108519243],[-46.564296208379524,-23.523754512845382],[-46.56387755076693,-23.523673853985585],[-46.56354430298026,-23.523631504930503],[-46.56333855248071,-23.523594402748778],[-46.563116404815275,-23.523572500600338],[-46.562804031196734,-23.523560075134426],[-46.562525499714965,-23.523555090427422],[-46.56184251597384,-23.523600851014624],[-46.56104924936356,-23.523646851919015],[-46.56038179786362,-23.523687133308595],[-46.56011816715155,-23.52379586090796],[-46.56005170275831,-23.523835136209616],[-46.560127918313,-23.523841277190737],[-46.56031513362003,-23.523854662141286],[-46.56043978913892,-23.523861539939954],[-46.56056820514811,-23.523863413126932],[-46.56069344498209,-23.523861705833333],[-46.56082187583865,-23.5238565348275],[-46.56098914639653,-23.523847903801137],[-46.561105625129116,-23.523842400903842],[-46.56120417838498,-23.523836626195497],[-46.56147890147405,-23.52382113724301],[-46.56162688509505,-23.523813060247996],[-46.561751980003784,-23.523807380114672],[-46.56191553884914,-23.523799598090296],[-46.56216326554406,-23.523786997705493],[-46.56229968440191,-23.52377822339566],[-46.56242908148043,-23.523771957703634],[-46.56251833498043,-23.523766546438267],[-46.562621515018186,-23.52376280141526],[-46.562838617035965,-23.5237609828573],[-46.562945781194806,-23.523762886861867],[-46.56304413538284,-23.523765150182122],[-46.563115860615405,-23.523768222705325],[-46.56320886310929,-23.523773429443146],[-46.56333747285436,-23.52378342589381],[-46.56351608470989,-23.523798067366357],[-46.56363178770875,-23.523809818723326],[-46.56370827840223,-23.52381835173154],[-46.563786265706675,-23.523829217607403],[-46.56386908651565,-23.52384301495892],[-46.563967640292866,-23.523862162810218],[-46.56405501046702,-23.523879707177137],[-46.56415024981186,-23.523900152493198],[-46.564272485567166,-23.523926015673823],[-46.56436970053269,-23.523947885884155],[-46.56446133171356,-23.523969631547192],[-46.56454413906871,-23.52399056279839],[-46.564702821515326,-23.524034210659472],[-46.564768758214434,-23.524052963447616],[-46.564892101576426,-23.524089651647373],[-46.56496160524323,-23.524111890400004],[-46.56502660227934,-23.524133993824837],[-46.56511018925554,-23.52416286380515],[-46.56518740798159,-23.524191526863493],[-46.56526916116299,-23.524222672831993],[-46.565344344904354,-23.52425316238338],[-46.5655042827198,-23.524320095574033],[-46.5655926931246,-23.52435930189231],[-46.56570237384308,-23.52440831808844],[-46.56573714202305,-23.524424945746656],[-46.56580078798186,-23.524456996022092],[-46.56587744548037,-23.524496139796813],[-46.56601914994626,-23.524569848167978],[-46.56624335715185,-23.524688330407827],[-46.56636490515681,-23.52475528776749],[-46.566526670586335,-23.52484414567014],[-46.56665056371867,-23.524910627661885],[-46.56672863221583,-23.52495309808867],[-46.566917609278306,-23.525057214158497],[-46.567081536189356,-23.525146591519643],[-46.567283009083106,-23.52525554809533],[-46.567440632902226,-23.52534191814502],[-46.56757608685377,-23.525416952237673],[-46.567743133255725,-23.525505033164237],[-46.56787640429409,-23.52557765072373],[-46.56802013151942,-23.525656574495386],[-46.56813968957918,-23.525720750965778],[-46.56824887783876,-23.525777626793257],[-46.56838476236049,-23.525847598701503],[-46.568486884665575,-23.525894973194283],[-46.56868900989461,-23.525984415316827],[-46.56891714025085,-23.52607820058217],[-46.56900341922854,-23.52611092436291],[-46.56912891938463,-23.526155805097037],[-46.56939483140594,-23.526247673512835],[-46.56951794303477,-23.52628932701646],[-46.56963759306136,-23.52632812556248],[-46.56976775333972,-23.52636952716072],[-46.56989071262202,-23.52640657632633],[-46.57000267428525,-23.526441207788086],[-46.57015109611084,-23.526486398263444],[-46.57027217464249,-23.526521750292343],[-46.57030503646129,-23.526531206845664],[-46.570400421107685,-23.52655865539018],[-46.57050390566124,-23.5265886761446],[-46.57061807060669,-23.526619130873442],[-46.57072689508125,-23.52664521445885],[-46.57081704400119,-23.526665616624324],[-46.57088900590543,-23.526680242166588],[-46.57094239979668,-23.526689998010006],[-46.57103399621976,-23.526708579330844],[-46.57122260758018,-23.526740178483198],[-46.57132594123876,-23.526757467162064],[-46.57147525365552,-23.526778626155643],[-46.57154104667629,-23.526785095905645],[-46.571639480140114,-23.52679385485919],[-46.57181796629704,-23.5268057786864],[-46.57198236646394,-23.52681089108726],[-46.57209240917249,-23.526812533835212],[-46.572136456009794,-23.52681289260484],[-46.57218050942057,-23.52681298037996],[-46.572224569511725,-23.526812806189994],[-46.57226862649053,-23.526812370133968],[-46.57231268024932,-23.526811663182407],[-46.572356721102636,-23.526810694463666],[-46.57240076852809,-23.526809454750566],[-46.57244479314757,-23.52680794433976],[-46.57248881465337,-23.526806172063004],[-46.572532823252544,-23.526804138019255],[-46.57257681883764,-23.52680183317894],[-46.57262079161569,-23.526799257641212],[-46.57266475159376,-23.52679642936591],[-46.57270868865695,-23.526793321363737],[-46.57271927586638,-23.526792509994088],[-46.572752603019744,-23.5267899516936],[-46.57279649468177,-23.526786320355594],[-46.57284036364278,-23.526782427349673],[-46.57288420000272,-23.52677826374542],[-46.57292800376112,-23.526773829542876],[-46.572971775025344,-23.526769133771587],[-46.573015513794864,-23.526764176431517],[-46.57305922006951,-23.52675895752269],[-46.57310288394922,-23.52675346811473],[-46.57314650554098,-23.526747717237185],[-46.573227683981635,-23.526740132783896],[-46.57334455463199,-23.526728746833648],[-46.573369556981845,-23.526726182256812],[-46.573461349622065,-23.52671676554722],[-46.57357806895034,-23.526704188924874],[-46.57369471261518,-23.526691016966957],[-46.573811280507655,-23.52667724064429],[-46.573927753256,-23.526662878213934],[-46.574044150228914,-23.526647911419285],[-46.574137907555986,-23.526635711106316],[-46.57415803198364,-23.526633096406705],[-46.574392348160394,-23.526607644187628],[-46.57461048869279,-23.526584974128298],[-46.57482136821121,-23.526569393948577],[-46.575045829346045,-23.526557739764026],[-46.57528131741384,-23.526551780262096],[-46.57557000336732,-23.52655308420971],[-46.57579247124739,-23.52655828200041],[-46.57602399718743,-23.52657078373053],[-46.57624237514966,-23.526591103241525],[-46.57641383347389,-23.526609956151216],[-46.576662252156005,-23.52664534069681],[-46.57688507534192,-23.52669184788168],[-46.57716975272444,-23.526755337398136],[-46.577478864472056,-23.526831040808233],[-46.57778034156069,-23.526907091903976],[-46.57812247007748,-23.526991941297016],[-46.578433395025755,-23.527071778403155],[-46.578577869551914,-23.527108457855526],[-46.57876965413822,-23.527157137388194],[-46.57935848518015,-23.527307300151],[-46.58004348353618,-23.52748131814299],[-46.580601475616334,-23.527624022943318],[-46.58121535173459,-23.52777979392953],[-46.581587354230614,-23.527872730312314],[-46.58196659542517,-23.52797308750337],[-46.58245916815907,-23.52809938282635],[-46.58299737261379,-23.528233159209723],[-46.58349108764655,-23.528356549798954],[-46.58378628606817,-23.528431180849793],[-46.58402401675526,-23.528491279259303],[-46.58457582121991,-23.52863186507045],[-46.58476256078244,-23.52867928798929],[-46.58478383898073,-23.52868468825803],[-46.58482804595884,-23.528695923500997],[-46.584878314059196,-23.528708686367086],[-46.5848919150616,-23.528712139333997],[-46.58490197945702,-23.528714694440705],[-46.584951324246596,-23.528727231893466],[-46.584994077175025,-23.528738084556032],[-46.585,-23.528739589198224],[-46.585,-23.528531324527545],[-46.58480981060179,-23.528486401320958]]]}},{"type":"Feature","id":"perimetro_zona_lei_18177_24.559115","properties":{"cd_identificador":559115,"tx_zoneamento_perimetro":"Zona Mista","tx_observacao_perimetro":null,"cd_zoneamento_perimetro":"ZM","cd_tipo_legislacao_zoneamento":"L","cd_numero_legislacao_zoneamento":18177,"an_legislacao_zoneamento":2024,"dt_atualizacao":"2025-03-28T03:00:00Z","cd_usuario_atualizacao":null},"geometry":{"type":"Polygon","coordinates":[[[-46.55577192985646,-23.530245999438712],[-46.555956131224924,-23.530310644415483],[-46.556404965976924,-23.530472555897084],[-46.55690833125875,-23.530649540202415],[-46.55710012546329,-23.53071705227731],[-46.55728607173779,-23.530781733429226],[-46.557460180634145,-23.53084246988938],[-46.55761816697599,-23.53089885315516],[-46.55771411167923,-23.530933195161293],[-46.55772436712732,-23.530933092499442],[-46.55773029597054,-23.53092906049747],[-46.557734271893914,-23.53092378401972],[-46.557744438998554,-23.53089560282016],[-46.55777110571382,-23.5308214806709],[-46.55778587237021,-23.53077925885719],[-46.55779247796551,-23.530764114712564],[-46.55780032991152,-23.530751937578835],[-46.557913975912754,-23.530595505293558],[-46.557952364318545,-23.53054293477003],[-46.55808509787454,-23.530361482200746],[-46.55810268260596,-23.530373404658327],[-46.55812116410972,-23.53038604043464],[-46.55808484238785,-23.530435791389753],[-46.55808214894337,-23.53044024244677],[-46.55808093453852,-23.530446845595296],[-46.558082627178685,-23.530453419636586],[-46.55808697078855,-23.530458793396818],[-46.55833638362735,-23.53054992405901],[-46.55823474330448,-23.530793092998593],[-46.55814515571081,-23.531017361391463],[-46.55812271679745,-23.53107329347217],[-46.55814615609477,-23.531081726371525],[-46.55824291601058,-23.53111669188853],[-46.558749597771715,-23.53129372708319],[-46.559095954556035,-23.531414673320945],[-46.559674166950316,-23.531610039332318],[-46.560046481809266,-23.531733702673854],[-46.560109575792346,-23.531694246497626],[-46.5601363082899,-23.531399821962154],[-46.56019349989745,-23.530791433407188],[-46.56023241943164,-23.530462125977575],[-46.56023129087949,-23.53045545602105],[-46.56022959706934,-23.530448791732052],[-46.56022726044406,-23.53044240475049],[-46.560224441441356,-23.530436203180276],[-46.560220978559165,-23.53043018864075],[-46.56021695467784,-23.530424540875757],[-46.560214987903905,-23.530422122833915],[-46.56003590383375,-23.530268262699153],[-46.5597759615008,-23.530044427453547],[-46.55976971494102,-23.530042052303347],[-46.55971902038078,-23.53004400502455],[-46.55971299598965,-23.530046774031426],[-46.55970812765486,-23.53005169835042],[-46.559605494108,-23.530155564449778],[-46.55934529542158,-23.53041693596817],[-46.55933523356443,-23.530426607268687],[-46.55928451411641,-23.53047442614723],[-46.55927882972565,-23.530478636331313],[-46.559272652314796,-23.530482129155416],[-46.559266062635196,-23.530484903810475],[-46.559259222189475,-23.53048695867811],[-46.55925204916241,-23.53048820429065],[-46.55924478580788,-23.53048863822049],[-46.55923759469229,-23.530488349126284],[-46.559230473687926,-23.53048715645436],[-46.55922350567413,-23.530485239949158],[-46.559216851089495,-23.530482507715814],[-46.55921067250048,-23.53047904841279],[-46.55920497097125,-23.53047495231702],[-46.559199827252954,-23.530470218619342],[-46.55919444447341,-23.530465758179346],[-46.559177975259885,-23.530452560648257],[-46.5589855630235,-23.53029838135916],[-46.55896974624322,-23.530285718992474],[-46.558932304897866,-23.530254132311885],[-46.55881296511039,-23.530153393226463],[-46.55873432868536,-23.5300869167347],[-46.55863251763279,-23.530000177054152],[-46.55859507325731,-23.529968319452028],[-46.558454675867935,-23.52984874030604],[-46.55836681606375,-23.5297739592412],[-46.558292015779884,-23.529710875013198],[-46.55827578262166,-23.529697133288423],[-46.55825385544365,-23.529679927365457],[-46.558232565771284,-23.529661992755354],[-46.558211832853694,-23.529643330266964],[-46.55819173850509,-23.529624029368765],[-46.55817718731115,-23.529609097053086],[-46.55817308385347,-23.529603540314106],[-46.558169221585125,-23.529597890872527],[-46.55816544006789,-23.529592240622183],[-46.558164780240055,-23.52959107349115],[-46.55816189867671,-23.52958640739241],[-46.55815851772394,-23.52958048226848],[-46.55815537796053,-23.52957446444201],[-46.55815239863551,-23.52956835472149],[-46.55814958081229,-23.52956224338378],[-46.558147004178174,-23.52955603934348],[-46.55814466873323,-23.529549742600615],[-46.55807427621324,-23.52937402556864],[-46.558061953021934,-23.529342548313952],[-46.55801356239538,-23.529217803987706],[-46.55796908620103,-23.52910313265582],[-46.55789749883548,-23.528921919936035],[-46.55785229929183,-23.528807526662188],[-46.55783007036808,-23.528750958318945],[-46.55781557232613,-23.52871309239266],[-46.55774442320382,-23.528541626244582],[-46.557657749911606,-23.528320566994463],[-46.55765440406533,-23.52831075913992],[-46.557647868608456,-23.52830441413796],[-46.557641244962475,-23.52829743800535],[-46.557633030762744,-23.528292554406207],[-46.557389005256425,-23.52816471172155],[-46.55735617191498,-23.52815402521264],[-46.55734661473898,-23.528151683088822],[-46.55733479337904,-23.528149092759683],[-46.55732550076779,-23.52814864402602],[-46.55731291972582,-23.528150124237907],[-46.55730027280956,-23.52815286913392],[-46.5572266671757,-23.52818430345287],[-46.55711619596786,-23.528232990385114],[-46.556988370857766,-23.528289344736173],[-46.55648292580379,-23.52851145221533],[-46.556359111089265,-23.528565508769496],[-46.556066085732084,-23.528693487353127],[-46.55569858847624,-23.528854894019222],[-46.555656645895596,-23.528873099964425],[-46.555415917030786,-23.52897753123968],[-46.55530095530323,-23.529029060733627],[-46.55527360510135,-23.529045134410747],[-46.55525274899049,-23.529057170526297],[-46.55522688730577,-23.52907620881089],[-46.55510896715619,-23.52921272838834],[-46.55496966977858,-23.529371943111787],[-46.55490741100757,-23.52943441223051],[-46.55487576060753,-23.529455675204392],[-46.55485433489545,-23.52946735581089],[-46.554833478678745,-23.529479391875157],[-46.5548080876826,-23.52949038979343],[-46.5547617789203,-23.529508187695246],[-46.55472550352645,-23.52952073894819],[-46.55458844726073,-23.52956833545271],[-46.55438827509642,-23.529639856504897],[-46.55432644931631,-23.529656725822743],[-46.554315231303164,-23.52965737959633],[-46.554302709608734,-23.52965705322638],[-46.55427320476848,-23.5296547295788],[-46.55423820568509,-23.529652189937423],[-46.55422127783811,-23.529648025199368],[-46.5542139231421,-23.52964755692879],[-46.55421033071213,-23.52965111402634],[-46.55420990135468,-23.529655813271972],[-46.55422203808602,-23.529671492393714],[-46.554240910025115,-23.52968990316216],[-46.55426514228878,-23.529710878731578],[-46.554287063830934,-23.52972077199655],[-46.555017681771716,-23.529981141651366],[-46.55502964227559,-23.52997400088552],[-46.55594658994185,-23.52942234754058],[-46.556142770910704,-23.52930428268797],[-46.55647823869391,-23.529113726874243],[-46.55667859310496,-23.529292166694535],[-46.55579868667199,-23.53021312820466],[-46.55577192985646,-23.530245999438712]]]}},{"type":"Feature","id":"perimetro_zona_lei_18177_24.559116","properties":{"cd_identificador":559116,"tx_zoneamento_perimetro":"Zona Mista","tx_observacao_perimetro":null,"cd_zoneamento_perimetro":"ZM","cd_tipo_legislacao_zoneamento":"L","cd_numero_legislacao_zoneamento":18177,"an_legislacao_zoneamento":2024,"dt_atualizacao":"2025-03-28T03:00:00Z","cd_usuario_atualizacao":null},"geometry":{"type":"Polygon","coordinates":[[[-46.55782702616982,-23.527917939875827],[-46.55778306339975,-23.527951172042563],[-46.55770936500828,-23.528119586667096],[-46.55767220363218,-23.528229892665212],[-46.557681280689394,-23.528235473284244],[-46.55769866788075,-23.528247373109302],[-46.55771323181911,-23.528256555901145],[-46.557728315445786,-23.528270781573347],[-46.557735774822845,-23.52828129072495],[-46.55774439263214,-23.528295497132007],[-46.55777515957754,-23.52835062145121],[-46.55781080444285,-23.528438366793424],[-46.557850938321664,-23.528538872521892],[-46.55790356702183,-23.528670787868496],[-46.557915866885395,-23.528702280726236],[-46.55795901630925,-23.52881599502885],[-46.55798521533774,-23.528885042285978],[-46.55801414373374,-23.528961304720163],[-46.55806838147976,-23.529092598833223],[-46.558105551122516,-23.529182541303772],[-46.558127800565074,-23.529236384488822],[-46.55814637987577,-23.52928712178298],[-46.558209080199454,-23.529458354532036],[-46.558220511632754,-23.529490108907716],[-46.55822565381352,-23.52950260989393],[-46.55823135163569,-23.52951488858278],[-46.558237595094106,-23.529526927013215],[-46.55824306430572,-23.529536426578648],[-46.55824436417759,-23.529538689263248],[-46.55825165867352,-23.52955015727387],[-46.558259448990825,-23.52956131328021],[-46.558263625909575,-23.529566698820084],[-46.55829590120376,-23.52959364791278],[-46.55832797298798,-23.529620779647207],[-46.558357111423966,-23.5296449967875],[-46.558484100569835,-23.529750574602645],[-46.558518244783315,-23.529779031091596],[-46.558659006193416,-23.52989638212185],[-46.55866153827741,-23.52989848797148],[-46.55880122432296,-23.530015154278615],[-46.55883871558873,-23.53004671076542],[-46.55887444128286,-23.530077210293044],[-46.55893989725512,-23.53013309487526],[-46.559047391091234,-23.53022486109737],[-46.55907303532806,-23.530246756122985],[-46.559125653313316,-23.53029282660061],[-46.55919401702356,-23.53035275471175],[-46.559199676465504,-23.530356779816124],[-46.55920588495181,-23.53036002279113],[-46.55921247706715,-23.530362575599874],[-46.5592193641431,-23.530364393977987],[-46.55922646772971,-23.530365469680778],[-46.55923366988621,-23.530365767768032],[-46.559240882582785,-23.5303652981521],[-46.55924799820348,-23.53036407094195],[-46.559254918819164,-23.530362087118984],[-46.55926155671909,-23.53035938368412],[-46.55926781439977,-23.530355997736862],[-46.559273604150505,-23.53035196627815],[-46.55927870988868,-23.530347237290048],[-46.55937286198236,-23.530254317635368],[-46.559476927666694,-23.530151608795094],[-46.559554457642086,-23.53007186864581],[-46.55964165384531,-23.529982125064006],[-46.55964481183612,-23.52997667508082],[-46.559637390305966,-23.529930350478175],[-46.559635641316945,-23.529924055650287],[-46.559599262678766,-23.52989135036109],[-46.559552383437094,-23.529849385614252],[-46.55938860505285,-23.529707079857523],[-46.55923018859534,-23.529569289646684],[-46.55914108420782,-23.529491300520124],[-46.559072276800286,-23.529431078796293],[-46.55899466072439,-23.529363043548916],[-46.558836697264454,-23.529224562035473],[-46.558767532697935,-23.529163928334924],[-46.55876289848898,-23.529158800244808],[-46.55875884716939,-23.529153268971406],[-46.55875541854843,-23.529147388299446],[-46.558752642643185,-23.52914121211159],[-46.55875097672613,-23.529136144594545],[-46.55875053999638,-23.52913482147719],[-46.558749160104135,-23.529128261053227],[-46.55874848433806,-23.529121612301395],[-46.558748542608534,-23.529114920074754],[-46.55874931639345,-23.529108274864573],[-46.55875081612402,-23.529101730749623],[-46.558753003479765,-23.529095360358195],[-46.558755879098996,-23.52908921786715],[-46.55875961169351,-23.5290834912285],[-46.55881001108823,-23.529017785769625],[-46.558814101007236,-23.529012461925486],[-46.558881158582956,-23.528925033642142],[-46.55888554249357,-23.528919724912445],[-46.558888615342454,-23.528913697840856],[-46.55889020351889,-23.52890717993052],[-46.55889022282427,-23.52890050615549],[-46.558888666976884,-23.52889397458704],[-46.55888561825604,-23.52888791853153],[-46.5588812170591,-23.52888261652981],[-46.558824823462295,-23.528834407389567],[-46.55876955777511,-23.5287871622293],[-46.558711423600045,-23.528737516558582],[-46.55864722478919,-23.52868269388197],[-46.55858719453453,-23.52863171256702],[-46.55850348065181,-23.528560613534836],[-46.55849546085299,-23.5285532526705],[-46.558488084605855,-23.52854648137774],[-46.55846810239558,-23.528527139361962],[-46.558448750234184,-23.52850724016972],[-46.55843003833977,-23.528486819821108],[-46.55841199619696,-23.52846588705163],[-46.55839463381133,-23.528444459822623],[-46.55837796118817,-23.528422556095016],[-46.55832893445165,-23.52835617574411],[-46.558266801723505,-23.52827218155815],[-46.55825530678483,-23.528256646698136],[-46.55814711854933,-23.52811404471375],[-46.55802227721007,-23.527949502551806],[-46.55801748777251,-23.52794449338698],[-46.55801220369016,-23.527939895549235],[-46.55800661986087,-23.527935625812443],[-46.55800075587017,-23.527931683980324],[-46.55799463151614,-23.527928087915818],[-46.55798827649584,-23.527924864413322],[-46.55798170060214,-23.52792201337478],[-46.55797495301129,-23.527919552368942],[-46.557968053415024,-23.527917490229186],[-46.55796102150506,-23.527915835789017],[-46.55795388665962,-23.527914588754204],[-46.5579466882621,-23.527913766791556],[-46.55793943610546,-23.52791336980323],[-46.557932179046745,-23.527913388269358],[-46.557924936884085,-23.52791384005304],[-46.55788876025528,-23.527914843375903],[-46.557860024289724,-23.527916449498793],[-46.55785277415286,-23.527916224066818],[-46.55784562142362,-23.52791512169491],[-46.55783868372139,-23.527913150236458],[-46.55783605793659,-23.52791203144277],[-46.55782702616982,-23.527917939875827]]]}},{"type":"Feature","id":"perimetro_zona_lei_18177_24.504304","properties":{"cd_identificador":504304,"tx_zoneamento_perimetro":null,"tx_observacao_perimetro":null,"cd_zoneamento_perimetro":"Praça/Canteiro","cd_tipo_legislacao_zoneamento":"L","cd_numero_legislacao_zoneamento":18177,"an_legislacao_zoneamento":2024,"dt_atualizacao":"2025-03-28T03:00:00Z","cd_usuario_atualizacao":null},"geometry":{"type":"MultiPolygon","coordinates":[[[[-46.58497170974069,-23.521916323204103],[-46.584787307401555,-23.521706290342646],[-46.584470092698325,-23.521353612675647],[-46.58415359172,-23.521002595140434],[-46.58385466716743,-23.52068618984041],[-46.583477663145274,-23.520286529291628],[-46.582716170788835,-23.5194971956223],[-46.58210576014744,-23.51885859884532],[-46.58143453657628,-23.518154016626475],[-46.580797117660275,-23.517493048382452],[-46.58080798724217,-23.517485388064436],[-46.58048971309235,-23.517153484262483],[-46.58047689193882,-23.517139803760372],[-46.5803640306187,-23.517019377639635],[-46.5800897251401,-23.51673237331484],[-46.57974417320291,-23.51637162806429],[-46.57946145528096,-23.516074333045438],[-46.579237818906776,-23.515840316867113],[-46.57909103260426,-23.51568755202765],[-46.578521455931885,-23.51509266372181],[-46.57840696517354,-23.514973084124932],[-46.57818920046429,-23.51474470951664],[-46.577960882863685,-23.51451513163929],[-46.57773906199456,-23.514283940823702],[-46.57773813638068,-23.514282989263723],[-46.57761683318282,-23.51415828563488],[-46.57760158351272,-23.514142608454065],[-46.57753760414251,-23.514076835420646],[-46.577311110629445,-23.513839640815252],[-46.577056165446216,-23.513573294536073],[-46.57696086703748,-23.51346517111063],[-46.576737981361056,-23.513218276363542],[-46.57648800974152,-23.51294176447947],[-46.5762575207998,-23.51268943731656],[-46.57600844940841,-23.512430795881208],[-46.57581429119115,-23.512227677808944],[-46.575694811152395,-23.51210345298469],[-46.57557936518558,-23.5119808127306],[-46.57540723003874,-23.51180140212397],[-46.57521862564077,-23.511604006557164],[-46.575033409970445,-23.511411543244712],[-46.57484172732216,-23.511210475783916],[-46.574549271852995,-23.5109061182981],[-46.57447030027179,-23.510823932471958],[-46.57426508921109,-23.51061324803047],[-46.57417135067451,-23.510520639409428],[-46.5740976486807,-23.510445207042277],[-46.574083371363685,-23.51043059450821],[-46.57390181225528,-23.51024477215991],[-46.5737065974249,-23.510042835772595],[-46.57347268738484,-23.50979839508472],[-46.57336946221325,-23.50968921669161],[-46.57320839631038,-23.509518861245162],[-46.572898652027654,-23.509188402271768],[-46.57228753499936,-23.50854762611654],[-46.57198453014217,-23.50823181682098],[-46.571763159217944,-23.508],[-46.57169247184012,-23.508],[-46.57171660299293,-23.508024922381395],[-46.571958314562146,-23.508275428053526],[-46.57219156585232,-23.50852258711448],[-46.57262130507908,-23.50897194203274],[-46.57288874954638,-23.509253341550153],[-46.57312601017914,-23.50949973608936],[-46.573369462484294,-23.509755398925794],[-46.573398904255484,-23.509786317273782],[-46.573649986282184,-23.510041963012345],[-46.5740475102256,-23.510459718348304],[-46.57406157634411,-23.510474500270963],[-46.57409810818486,-23.51051289114117],[-46.57417661873278,-23.510593101320012],[-46.57432904030734,-23.510753748658868],[-46.574473125817825,-23.510905088369025],[-46.574474107650644,-23.510906117810645],[-46.57463674341337,-23.511076639404337],[-46.574757942977804,-23.511205633930157],[-46.574916164401095,-23.511368028068823],[-46.575342262881556,-23.511814340958992],[-46.575448157185896,-23.511924345011405],[-46.57574624553146,-23.512237035765924],[-46.57594070063382,-23.512440421837606],[-46.576114897871626,-23.51262017211946],[-46.57625948136258,-23.51277186614366],[-46.57643051500374,-23.51294902920304],[-46.57658322828876,-23.51310903896041],[-46.57673732459355,-23.51327002790025],[-46.57688496641582,-23.513423496401558],[-46.576974642759694,-23.513511809677397],[-46.577098080691165,-23.51363102651323],[-46.57727720590559,-23.513821381425462],[-46.57745019305889,-23.51400610906766],[-46.577587333339466,-23.51415394639177],[-46.57760222332608,-23.51416999777969],[-46.57762895560493,-23.514198815131056],[-46.577722272058345,-23.51429561202049],[-46.577784230542456,-23.51435988126389],[-46.57794180959733,-23.51452525851754],[-46.57811393375099,-23.51470679529685],[-46.57819984491441,-23.514796884473174],[-46.57849628209203,-23.515106205078443],[-46.57858218993904,-23.51519584616433],[-46.578873893478224,-23.515499922909317],[-46.579097145261656,-23.515733944656205],[-46.57959354967951,-23.516252171822718],[-46.57983953856216,-23.51650948803441],[-46.58007637036366,-23.516757509094717],[-46.58033061973559,-23.51702420372039],[-46.580456976934784,-23.517155982109294],[-46.58046996480044,-23.517169527180513],[-46.580790958546906,-23.51750379570534],[-46.58099175094394,-23.51771546166409],[-46.58151412544848,-23.51826119782577],[-46.581639003690356,-23.518392008220427],[-46.58176751154229,-23.518524620399585],[-46.581944751071305,-23.518711678572878],[-46.582129033658696,-23.51890372172425],[-46.5823368610921,-23.519121151056712],[-46.58255283774311,-23.519346347757054],[-46.58297390758055,-23.51978788981471],[-46.58311815004379,-23.519937672277916],[-46.58315944443691,-23.51998023428999],[-46.58324431411809,-23.520070872839177],[-46.5833693379148,-23.520199751840902],[-46.58351321586322,-23.520349724749167],[-46.58364941260812,-23.52049142196909],[-46.583763728093004,-23.520611414977004],[-46.583871153143015,-23.520725394659525],[-46.58390732419678,-23.52076195016005],[-46.584274523410556,-23.52115419642441],[-46.584587152931505,-23.521496860508723],[-46.584757292815574,-23.52168821089838],[-46.584770380432545,-23.521702930052324],[-46.58489241154542,-23.52184017366459],[-46.585,-23.521962179430833],[-46.585,-23.521949284793475],[-46.58497170974069,-23.521916323204103]]],[[[-46.57193758006662,-23.50803831474685],[-46.572209150608586,-23.50832111884502],[-46.57246660003726,-23.508585642705246],[-46.572550763767715,-23.508663810011452],[-46.57270112345746,-23.508807863797507],[-46.572912236435585,-23.50901298233519],[-46.57312393325675,-23.5092177334333],[-46.57330511552439,-23.509384412745018],[-46.57332144280705,-23.509398696636193],[-46.57336946124134,-23.509447538295042],[-46.57343335228864,-23.50951252460318],[-46.57348541110298,-23.509567084828877],[-46.573490816708706,-23.509568746007623],[-46.57349325702625,-23.509568089211033],[-46.57349430188395,-23.509565369492524],[-46.573494261114405,-23.50956193830126],[-46.573492555822206,-23.50955852392994],[-46.573369461177535,-23.509431425181585],[-46.5731286096242,-23.509182738015898],[-46.57282923555297,-23.508876105008895],[-46.572548096071976,-23.508595836996648],[-46.57234736625196,-23.508390883977484],[-46.57206866200321,-23.508101108337257],[-46.57197113586381,-23.508],[-46.57190122081114,-23.508],[-46.57193758006662,-23.50803831474685]]],[[[-46.571002885490785,-23.50802905388562],[-46.57099538670716,-23.508057304832352],[-46.57098694048996,-23.50809649229462],[-46.570981794362595,-23.50813320821747],[-46.57098008801299,-23.508170973103887],[-46.57098099870235,-23.508222979847645],[-46.57098282135974,-23.508297209109895],[-46.57098762932171,-23.508493016508346],[-46.57099777263605,-23.508770242155197],[-46.57100653818887,-23.50903863175854],[-46.571028753014495,-23.50964002235934],[-46.571038942060724,-23.50995409210618],[-46.571046680700114,-23.5100888367576],[-46.57105993806053,-23.51046501444619],[-46.5710745381049,-23.510906134610078],[-46.57108327060814,-23.511169972371142],[-46.57109541179308,-23.511496489093147],[-46.571105514078866,-23.511786448409737],[-46.571117430227964,-23.512149352712115],[-46.57112741446129,-23.512417283711954],[-46.571136173740264,-23.51267206410409],[-46.57114068848443,-23.512803383341495],[-46.57115320519892,-23.51316078158269],[-46.571166222333446,-23.513588056298325],[-46.57116684479411,-23.513592860889364],[-46.57116866832579,-23.513599413875916],[-46.57117156212955,-23.513605630159162],[-46.57117545739624,-23.513611361927584],[-46.57118026150394,-23.513616472890476],[-46.57118586021998,-23.513620841518502],[-46.57119212041721,-23.513624363934074],[-46.571198893240194,-23.513626956380577],[-46.571200012144416,-23.513627211575802],[-46.571206948092104,-23.513628793498945],[-46.57121388403994,-23.5136303754217],[-46.571238547867814,-23.513630202295865],[-46.57124215178087,-23.513630176998085],[-46.57124425877834,-23.513629992919487],[-46.571251730301135,-23.513629340167125],[-46.571255041130385,-23.513629050915217],[-46.57125975487065,-23.513628145946097],[-46.571264468610956,-23.513627240976934],[-46.571265477925834,-23.513627047203144],[-46.571268901566086,-23.513625833618303],[-46.571272325206365,-23.51362462003339],[-46.57127554889666,-23.513623006180186],[-46.57127716074188,-23.513622199253643],[-46.57127877258698,-23.513621392326996],[-46.57128471068043,-23.513617418845882],[-46.57129003874001,-23.513612767004645],[-46.57129466636894,-23.51360751572738],[-46.57129851505425,-23.513601754108162],[-46.57130151949862,-23.513595579899466],[-46.571303628728195,-23.513589097854148],[-46.57130466067387,-23.5135830283103],[-46.57130555774319,-23.513574171880244],[-46.57129507274804,-23.513308431071785],[-46.571282903476366,-23.51299411953445],[-46.57127211158292,-23.512721594573886],[-46.57127066053314,-23.512674077685073],[-46.571264930047434,-23.51248642330828],[-46.57125389533333,-23.51218870091091],[-46.57124572666561,-23.511955522784138],[-46.57124037579793,-23.511771620809775],[-46.57122896540239,-23.51146243938292],[-46.57121614151336,-23.511079137425615],[-46.57121002671618,-23.510906133888007],[-46.5712094980673,-23.51089117699314],[-46.57119892559177,-23.51058199311252],[-46.571191070929494,-23.51037418897972],[-46.57118584966366,-23.510207175757692],[-46.57118186896869,-23.51009316197992],[-46.57116647391779,-23.50961849471471],[-46.5711519404665,-23.509210641479058],[-46.571139480475686,-23.508886751342686],[-46.57112434957537,-23.50846978324156],[-46.571114975228035,-23.508174849980644],[-46.57111490284952,-23.508119222564584],[-46.57111728748169,-23.508072600902395],[-46.57112346132814,-23.50803172055778],[-46.571129841182604,-23.508],[-46.571013281303905,-23.508],[-46.571002885490785,-23.50802905388562]]],[[[-46.57155310833164,-23.508044633525305],[-46.57181348542115,-23.50831671466392],[-46.572094769647904,-23.508609354484843],[-46.57237708356964,-23.50890613738325],[-46.57263815911249,-23.50917902266203],[-46.57291052116215,-23.50946217855812],[-46.57317475788513,-23.509737198219312],[-46.57336946326022,-23.509942127769015],[-46.573506366238114,-23.51008621910848],[-46.57386758202595,-23.510462663678563],[-46.57394393483292,-23.510543285947172],[-46.573958247864056,-23.510558399312156],[-46.57406979018093,-23.510676178507023],[-46.57415166960567,-23.5107596959341],[-46.5742920536659,-23.510906116479426],[-46.574343237619715,-23.51095950121501],[-46.57452143211331,-23.511146347195382],[-46.574664212114975,-23.511294900430563],[-46.57482266803156,-23.511460543281874],[-46.57499134165025,-23.51163719014691],[-46.57527403020195,-23.51193143477968],[-46.57550011221782,-23.512167553207625],[-46.57565179812061,-23.512323691252583],[-46.57583783156417,-23.512518854593658],[-46.57594342451642,-23.512628138865267],[-46.57624577547418,-23.512944939411536],[-46.57646324986143,-23.513173377152498],[-46.57665642166777,-23.51337569152983],[-46.57685937915198,-23.513585582471503],[-46.57701576822902,-23.513749889158753],[-46.5771645923753,-23.51390388720396],[-46.57736352185812,-23.514112553935064],[-46.577482476738,-23.51423667043668],[-46.577485876639486,-23.514240217859758],[-46.5774978712616,-23.51425273292574],[-46.57750641266689,-23.51426164493855],[-46.57761864932489,-23.51437806136822],[-46.57767695713143,-23.514438540480043],[-46.57783941908581,-23.51461100246492],[-46.577952736063786,-23.51473373550499],[-46.578005242282316,-23.514787895865272],[-46.57817784795755,-23.514968467499283],[-46.5783546750673,-23.515152626661965],[-46.57846644154447,-23.5152699073378],[-46.57868062020508,-23.51549385478682],[-46.57894525328701,-23.515771652251363],[-46.57920288817107,-23.516041285870095],[-46.57942104920316,-23.516268283019432],[-46.57971648272449,-23.516577639054706],[-46.58002924884006,-23.51690284305723],[-46.580320282034144,-23.51720727268207],[-46.58035239943647,-23.51724093761274],[-46.58036535044074,-23.51725451263469],[-46.58057586094286,-23.51747516558449],[-46.58067753020506,-23.517580594079757],[-46.5810867774999,-23.518009035177233],[-46.5812899165101,-23.51822113134944],[-46.58148254796165,-23.51842050253171],[-46.58165709053451,-23.518602511901076],[-46.581739181469224,-23.51868943119192],[-46.58175155396216,-23.51870253138564],[-46.581834241867476,-23.51879008256723],[-46.581962105382296,-23.518922393748788],[-46.58216488512257,-23.519133840547216],[-46.58237184217034,-23.51935069747155],[-46.58253080679864,-23.51951653164188],[-46.58310617386366,-23.520117001465387],[-46.58360348236229,-23.5206354256274],[-46.58409512096633,-23.521155018638954],[-46.58433290004603,-23.52141201135112],[-46.58456504501563,-23.521668859955824],[-46.584650642040934,-23.521766216217234],[-46.58466350681276,-23.52178084832157],[-46.58478658348278,-23.521920832750844],[-46.585,-23.52216297592408],[-46.585,-23.522100967428813],[-46.584941386352135,-23.52203342327069],[-46.58477624675626,-23.52184561834653],[-46.58469656009064,-23.521756750210276],[-46.58468349908384,-23.521742184302866],[-46.58461595901552,-23.52166686213563],[-46.58443005191959,-23.52146014481799],[-46.5842448312211,-23.521258302642234],[-46.584055863194294,-23.521054517804487],[-46.583738430779874,-23.52072121081855],[-46.58353093263292,-23.52050750448002],[-46.583337136188945,-23.52030658947593],[-46.583166805477624,-23.520128589817176],[-46.582894804714066,-23.51984484727766],[-46.58268644249714,-23.519625747017482],[-46.58223781961544,-23.519155112604484],[-46.5820390516153,-23.51894548789335],[-46.581866498442324,-23.51876719721186],[-46.58168952647718,-23.518579631450788],[-46.58152843484902,-23.518412466328808],[-46.58130591828522,-23.518180079261192],[-46.58105416007157,-23.517915192102443],[-46.580802177214544,-23.517652041173434],[-46.58039816072391,-23.517227858599227],[-46.580385221794025,-23.51721427377013],[-46.58030419084772,-23.51712919774315],[-46.579921906792634,-23.516730479933756],[-46.57919227231862,-23.51596458410761],[-46.578674593920766,-23.51542174392408],[-46.57842705487344,-23.51516252052148],[-46.578358203973536,-23.515090419453944],[-46.57800213724569,-23.514719239138465],[-46.57794534346193,-23.51466564722527],[-46.577703975633625,-23.5144130715472],[-46.57764828974957,-23.51435447743212],[-46.57752863892722,-23.514228577514174],[-46.577513254242575,-23.514212389296507],[-46.57750821075853,-23.514207082393032],[-46.57732198091809,-23.514012284510354],[-46.57709262466178,-23.513773131851067],[-46.57688201730563,-23.513554107594285],[-46.57664575478758,-23.513310508878707],[-46.576407675837444,-23.513062322583917],[-46.576177513782696,-23.512821009237197],[-46.57596224405295,-23.512596702766572],[-46.5758225169597,-23.51244983577249],[-46.57558154894262,-23.51219725233472],[-46.57474968409532,-23.5113263653252],[-46.574552068082546,-23.511120390696515],[-46.57437476232675,-23.510934167902153],[-46.574348182785606,-23.51090611691263],[-46.57421906530612,-23.51076985121984],[-46.57409046194507,-23.51063578366977],[-46.573990581182436,-23.510532143672016],[-46.57397615321926,-23.510517172660823],[-46.57396186635919,-23.510502348058562],[-46.57383067484037,-23.510364694215177],[-46.573598451039004,-23.51012213312926],[-46.57345515820367,-23.50997141664177],[-46.57336946300481,-23.509881104029667],[-46.5732637662844,-23.509769711931497],[-46.57306714479866,-23.509564628181856],[-46.5728650872351,-23.509355264403208],[-46.57265140616456,-23.509131839775208],[-46.57243801312575,-23.508907870075433],[-46.572236612945936,-23.508695970188008],[-46.572038572447916,-23.50848656464112],[-46.57183577599506,-23.508272420628675],[-46.571675141878146,-23.508095869371793],[-46.57159040353587,-23.508],[-46.57151047458452,-23.508],[-46.57155310833164,-23.508044633525305]]]]}},{"type":"Feature","id":"perimetro_zona_lei_18177_24.556467","properties":{"cd_identificador":556467,"tx_zoneamento_perimetro":"Zona Predominantemente Industrial 1","tx_observacao_perimetro":null,"cd_zoneamento_perimetro":"ZPI-1","cd_tipo_legislacao_zoneamento":"L","cd_numero_legislacao_zoneamento":18177,"an_legislacao_zoneamento":2024,"dt_atualizacao":"2025-03-28T03:00:00Z","cd_usuario_atualizacao":null},"geometry":{"type":"Polygon","coordinates":[[[-46.560879064892276,-23.52097951750398],[-46.56086044722012,-23.521044259784663],[-46.56085510468377,-23.521063725177918],[-46.56084441960703,-23.521102655964068],[-46.56082491067563,-23.521173998168468],[-46.560784032578546,-23.52132329221393],[-46.56070235688301,-23.52162187946964],[-46.56053706036445,-23.522225393497216],[-46.56051374679295,-23.52230968492973],[-46.560477725163665,-23.522439428107244],[-46.5604771568983,-23.52244602479457],[-46.56047715598567,-23.522452796369112],[-46.56047771816817,-23.52245938172314],[-46.56047868514673,-23.522466053306516],[-46.56048069863374,-23.522472443535484],[-46.560482873613566,-23.522478832145445],[-46.560485450196225,-23.52248503615398],[-46.56048834869988,-23.52249114664746],[-46.560491569124565,-23.522497163625868],[-46.5604951911522,-23.522502996002885],[-46.56049905329018,-23.522508645397487],[-46.560503236284795,-23.52251411100012],[-46.56050765938979,-23.522519393620286],[-46.560512402286946,-23.522524402171502],[-46.560517466040864,-23.52252922693065],[-46.5605226891589,-23.522533869516916],[-46.560528232069,-23.522538238034063],[-46.56053393327879,-23.52254233410143],[-46.56053987353434,-23.52254615690921],[-46.560552310754865,-23.522553074642417],[-46.560577263816995,-23.52256672874217],[-46.56058376078313,-23.522569823666363],[-46.56060300944409,-23.522579110865813],[-46.56064166720201,-23.52259759336104],[-46.560712406094936,-23.522631554489237],[-46.56071890093787,-23.522634468853592],[-46.56072555301535,-23.522637020491025],[-46.56073244200901,-23.52263911831494],[-46.56073948717245,-23.52264076313498],[-46.560746608823926,-23.522642046037543],[-46.560753805898614,-23.522642876745884],[-46.56076811610792,-23.522644268140684],[-46.56077538754124,-23.522644556377315],[-46.56080438826945,-23.522645349022348],[-46.5608479307998,-23.522646627851834],[-46.56086238759653,-23.522646753742613],[-46.560876587247854,-23.522645618185315],[-46.5608838501633,-23.52264518420205],[-46.56090555922757,-23.522643973336702],[-46.56094179412102,-23.522641894496775],[-46.56102144607069,-23.522637303611855],[-46.56118809360473,-23.522627686913204],[-46.56124603860507,-23.52262448737222],[-46.56137645548009,-23.5226173104909],[-46.56143439833679,-23.52261393032658],[-46.561528573925365,-23.522608290611643],[-46.56153575289283,-23.522607586577692],[-46.561542760780895,-23.522606071672314],[-46.561549430770796,-23.522603296131432],[-46.56155552594933,-23.5225997137695],[-46.56156104738174,-23.52259541486339],[-46.56156591432162,-23.522590400223248],[-46.56156996740679,-23.522584852022916],[-46.56157312695607,-23.522578861349455],[-46.56157539403488,-23.522572518479613],[-46.561576313991125,-23.522568356024998],[-46.56157882502031,-23.522548467582148],[-46.56158303556271,-23.522515199538137],[-46.561591457708055,-23.522448753726493],[-46.561608220168104,-23.522315772634965],[-46.5616232820301,-23.522196080866014],[-46.56166425698262,-23.52187027359532],[-46.56167122073831,-23.52181711467353],[-46.56168425704951,-23.52171739675819],[-46.56171195050602,-23.5215047626848],[-46.56172053404475,-23.521438315244545],[-46.56174013028454,-23.521285442449624],[-46.56174223456696,-23.52127214907256],[-46.561748549542706,-23.521232449494978],[-46.561761097674264,-23.521152960872325],[-46.56178408856035,-23.52100718672491],[-46.56199850751736,-23.519496150261403],[-46.5620742257127,-23.518946261739867],[-46.562169189384555,-23.518275465615545],[-46.56221994763186,-23.517930328737883],[-46.562239440973265,-23.51777565114544],[-46.56223855363367,-23.517768888484937],[-46.56223605675428,-23.51776259341419],[-46.56223203214402,-23.517756855399735],[-46.56222680916866,-23.517752212861247],[-46.56222054931509,-23.517748664178345],[-46.56221365949603,-23.517746476129936],[-46.56221115112542,-23.517746049863923],[-46.56220380135048,-23.51774594304407],[-46.562174404381395,-23.51774569631487],[-46.56214501167346,-23.517745810687565],[-46.562115702904464,-23.51774619507505],[-46.56208631765277,-23.517746941374604],[-46.56205693559633,-23.517747958499186],[-46.562027638543455,-23.517749335915447],[-46.56199826394202,-23.517750984966966],[-46.56197357245417,-23.51775258702493],[-46.561961541694174,-23.51775270773542],[-46.56194685066425,-23.51775321628668],[-46.56193216602527,-23.51775426649771],[-46.56191756639004,-23.51775567700474],[-46.56190305282376,-23.51775753808452],[-46.56188854458294,-23.517759850547233],[-46.56187420315392,-23.517762612772806],[-46.56185994779351,-23.517765825571338],[-46.56184577743622,-23.51776939866593],[-46.56183177495558,-23.51777351180027],[-46.56181785747793,-23.517777985230826],[-46.561804186489915,-23.517782817337498],[-46.56178923532287,-23.5177886554492],[-46.56178273132221,-23.51779179047614],[-46.56177696572783,-23.51779591125803],[-46.56177218183492,-23.51780110564165],[-46.56176853580484,-23.517806920622682],[-46.56176610838112,-23.51781335539109],[-46.56174057119655,-23.51788701536147],[-46.561705463792514,-23.517998240668582],[-46.56165027127491,-23.518179820881116],[-46.56161059707753,-23.518314657032068],[-46.56154814406587,-23.51854479445913],[-46.56150169453962,-23.518714549542942],[-46.56143438201578,-23.518957195356336],[-46.56136324397095,-23.519217846736225],[-46.561295342537946,-23.51946537393125],[-46.561232957583755,-23.51969451740176],[-46.56116227880897,-23.51995308748131],[-46.56110362936015,-23.520156642067963],[-46.561045973526774,-23.520375986990878],[-46.56099745116089,-23.520548110206143],[-46.5608796863683,-23.520977434658654],[-46.560879064892276,-23.52097951750398]]]}},{"type":"Feature","id":"perimetro_zona_lei_18177_24.557594","properties":{"cd_identificador":557594,"tx_zoneamento_perimetro":"Zona Especial de Preservação Ambiental","tx_observacao_perimetro":null,"cd_zoneamento_perimetro":"ZEPAM","cd_tipo_legislacao_zoneamento":"L","cd_numero_legislacao_zoneamento":18177,"an_legislacao_zoneamento":2024,"dt_atualizacao":"2025-03-28T03:00:00Z","cd_usuario_atualizacao":null},"geometry":{"type":"Polygon","coordinates":[[[-46.55945772640778,-23.52410714971447],[-46.55930674969003,-23.524076158821824],[-46.55900173639109,-23.524001205827037],[-46.558741680479,-23.52392417681089],[-46.558596745136086,-23.523878136971074],[-46.55819774668431,-23.523722142347836],[-46.558039677460904,-23.523651133503517],[-46.55799068724268,-23.523626162793203],[-46.557736703332736,-23.52400312761524],[-46.55768167098825,-23.524089180746888],[-46.557501709664145,-23.524436151212043],[-46.55737566682622,-23.52466421493295],[-46.557265670140566,-23.52484218896766],[-46.557204728756034,-23.524927127334646],[-46.55720368114786,-23.524934180249563],[-46.557216670939376,-23.5249331474074],[-46.55739272795713,-23.524858162561515],[-46.55745969449028,-23.52483916407063],[-46.55774474488709,-23.524789181238397],[-46.55811174973221,-23.524731154463343],[-46.559336729216255,-23.524516371432522],[-46.55945750846519,-23.524376479654233],[-46.55965978019364,-23.524141420712827],[-46.55945772640778,-23.52410714971447]],[[-46.55827017222195,-23.52377537864367],[-46.55857240159304,-23.52389173657374],[-46.55887189290923,-23.52399177599725],[-46.55890236968618,-23.5240016752857],[-46.5591041831642,-23.524048780082488],[-46.55933717609445,-23.524107221661495],[-46.559333694434095,-23.524110959072956],[-46.559284840477964,-23.52416220026792],[-46.559211885468585,-23.524187765181665],[-46.55904487927722,-23.524351897941344],[-46.5589500863942,-23.524444146417654],[-46.55884642342529,-23.5245732380674],[-46.55858482616181,-23.52462236531095],[-46.5582199804345,-23.524686161995415],[-46.55781388433135,-23.52475669211698],[-46.557744375324965,-23.524768883731042],[-46.55756142516498,-23.52480094903635],[-46.557440048634554,-23.524821443917762],[-46.55732603105653,-23.524862247060256],[-46.557304187884995,-23.524819525279067],[-46.55743818978857,-23.524621896044714],[-46.557540305613436,-23.52447606002629],[-46.55765541367952,-23.524313269979608],[-46.55768207065809,-23.524279048270255],[-46.55774437672306,-23.524184949311607],[-46.55794517456403,-23.523887901918382],[-46.5580317249117,-23.523810907894134],[-46.55811988222842,-23.523745637472828],[-46.558146998989315,-23.523728027328048],[-46.55827017222195,-23.52377537864367]]]}},{"type":"Feature","id":"perimetro_zona_lei_18177_24.507168","properties":{"cd_identificador":507168,"tx_zoneamento_perimetro":null,"tx_observacao_perimetro":null,"cd_zoneamento_perimetro":"Praça/Canteiro","cd_tipo_legislacao_zoneamento":"L","cd_numero_legislacao_zoneamento":18177,"an_legislacao_zoneamento":2024,"dt_atualizacao":"2025-03-28T03:00:00Z","cd_usuario_atualizacao":null},"geometry":{"type":"Polygon","coordinates":[[[-46.55401065740574,-23.52948147241238],[-46.55404962061398,-23.52940998563209],[-46.554064621582995,-23.52938717812411],[-46.554070062169046,-23.529374255228525],[-46.554089793965815,-23.529287274391464],[-46.55408776595481,-23.529278047339897],[-46.5540845780071,-23.529276796835504],[-46.55407976172335,-23.529276998453184],[-46.55407516700038,-23.529281053911973],[-46.553971589511214,-23.529435651750433],[-46.553881580143845,-23.529569997717164],[-46.55388033218577,-23.529571860388934],[-46.55387995206411,-23.529574519172442],[-46.553881815254876,-23.529577218769713],[-46.55388663504993,-23.529577315131466],[-46.55397330403837,-23.52957995354558],[-46.55401065740574,-23.52948147241238]]]}},{"type":"Feature","id":"perimetro_zona_lei_18177_24.508557","properties":{"cd_identificador":508557,"tx_zoneamento_perimetro":null,"tx_observacao_perimetro":null,"cd_zoneamento_perimetro":"Praça/Canteiro","cd_tipo_legislacao_zoneamento":"L","cd_numero_legislacao_zoneamento":18177,"an_legislacao_zoneamento":2024,"dt_atualizacao":"2025-03-28T03:00:00Z","cd_usuario_atualizacao":null},"geometry":{"type":"Polygon","coordinates":[[[-46.553085920456354,-23.526212813495935],[-46.55313179013908,-23.526260867635195],[-46.55315854099853,-23.526285407668098],[-46.553182411703126,-23.526304874163408],[-46.55321531331611,-23.526329434077315],[-46.55322692301595,-23.526338123023876],[-46.55323827030641,-23.52634531551274],[-46.55337892203069,-23.526427086345915],[-46.55351095804147,-23.526503795775525],[-46.55351671942331,-23.526507299143944],[-46.553520116202925,-23.52650919449868],[-46.553523512982736,-23.526511089853436],[-46.5535596329937,-23.52653124429683],[-46.554052544127444,-23.526806316067752],[-46.554325177052036,-23.52695991265036],[-46.55433007306611,-23.526959454694282],[-46.55435641444644,-23.526956990832787],[-46.55432128834203,-23.526937338510105],[-46.5539049393472,-23.526704398871495],[-46.55359570359631,-23.526531245448197],[-46.55352687133411,-23.526492698774945],[-46.553485923549665,-23.526469156336493],[-46.553370119904855,-23.526401214731333],[-46.553235010726745,-23.526322649045266],[-46.5532324921501,-23.526321135112504],[-46.55320538104727,-23.52630345289613],[-46.55318022309397,-23.526282789153658],[-46.55315055919569,-23.52625705003724],[-46.55311995349695,-23.526225333040593],[-46.5531016765753,-23.526205045664195],[-46.553085920456354,-23.526212813495935]]]}}],"barch_provenance":{"source":"[acervo interno]","crs_original":"urn:ogc:def:crs:EPSG::31983","output":"EPSG:4326","operation":"reproject and clip for visualization only","clipped_bbox":[-46.585,-23.546,-46.531,-23.508],"captured_at":"2026-09-28"}}